Område;FREQUENCY;SUM_Bunn_area;SUM_Busk_area;SUM_Tre_area;SUM_Shape_Area
Grenland;341757.0;15912330.966610167;4443776.848739532;4770514.207666507;49977596.38569116
Porsgrunn;151960.0;6647897.220016988;2109863.966248383;2417344.6139675956;21849859.878770996
Siljan;7300.0;443191.02512732963;68636.19846660794;85634.69657685967;1175024.4292886748
Skien;182746.0;8821242.719547074;2265276.6827504453;2267534.894192583;26952712.073015865
