ULYKKESDATO;ULYKKESKLOKKESLETT;UKEDAG;ULYKKESKODE;ANTALL ENHETER;VEGTYPE;STEDSFORHOLD;TETTSTED;FARTSGRENSE;HISTORISK VEGKATEGORI;HISTORISK VEGNUMMER;UID;UKEDAGSTYPE;ULYKKESTYPE;ULYKKESTYPE UNDERKATEGORI;ÅR;ANTALL ANDRE ENHETER;ANTALL BUSS;ANTALL FOTGJENGERE;ANTALL LASTEBIL;ANTALL LETT MC;ANTALL MC;ANTALL MOPED;ANTALL PERSONBIL;ANTALL SKINNEGÅENDE MATERIELL;ANTALL LITEN ELEKTRISK MOTORVOGN;ANTALL SYKKEL;ANTALL TRAKTOR;ANTALL UKJENTE ENHETER;ANTALL VAREBIL;VEGBELYSNING;FYLKENAVN;FYLKENUMMER;KOMMUNENAVN;KOMMUNENUMMER;VEGSYSTEMREFERANSE;VEGKATEGORI;VEGNUMMER;VEGOBJEKT_ID;Latitude;Longitude;VEGKATEGORI (grupper);ALVORLIGHETSGRAD;MÅNED;ANTALL DREPTE;ANTALL MEGET ALVORLIG SKADET;ANTALL ALVORLIG SKADET;ANTALL LETTERE SKADET;DEKKETYPE;FØREFORHOLD;VÆRFORHOLD;LYSFORHOLD;KJØREFELTTYPE;ANTALL KJØREFELT;ÅRSDØGNTRAFIKK
fredag 1. april 2005;20:28:00;Fredag;Enslig kjøretøy kjørte utfor på høyre side i venstrekurve;1;Vanlig veg/gate;Vegstrekning utenfor kryss/avkjørsel;Ikke tettsted;80;Europaveg;134;UID1000201164;Yrkesdøgn;Utforkjøring;Enslig kjøretøy kjørte utfor vegen;2005;0;0;0;1;0;0;0;0;0;0;0;0;0;0;Ukjent;Telemark;40;Vinje;4036;;;0;107126626;59,72978771;7,622428223;Fylkesveg;;4;;;;;Asfalt, oljegrus;Tørr, bar veg;God sikt, opphold;Mørkt uten vegbelysning;Vanlig kjørefelt;2;
fredag 1. august 2008;20:55:00;Fredag;Enslig kjøretøy kjørte på trafikkøy eller ende av midtdeler;1;Vanlig veg/gate;Vegstrekning utenfor kryss/avkjørsel;Ikke tettsted;80;Riksveg;36;UID1000230349;Yrkesdøgn;Utforkjøring;Enslig kjøretøy kjørte utfor vegen;2008;0;0;0;0;0;1;0;0;0;0;0;0;0;0;Ukjent;Telemark;40;Seljord;4022;;;0;178285372;59,45089896;8,735171581;Fylkesveg;;8;;;;;Asfalt, oljegrus;Tørr, bar veg;God sikt, opphold;Dagslys;Vanlig kjørefelt;2;
fredag 1. februar 2008;07:34:00;Fredag;Møting i kurve;2;Motortrafikkveg;Vegstrekning utenfor kryss/avkjørsel;Ikke tettsted;80;Europaveg;18;UID1000226533;Yrkesdøgn;Motsatt kjøreretning;Ulykke ved møting;2008;0;0;0;0;0;0;0;2;0;0;0;0;0;0;Ukjent;Telemark;40;Porsgrunn;4001;;;0;157082999;59,08396683;9,81478872;Fylkesveg;;2;;;;;Asfalt, oljegrus;Våt, bar veg;Dårlig sikt, nedbør;Mørkt med vegbelysning;Vanlig kjørefelt;2;
fredag 1. juli 2016;15:18:00;Fredag;Enslig kjøretøy kjørte utfor på høyre side i venstrekurve;1;Vanlig veg/gate;Vegstrekning utenfor kryss/avkjørsel;Ikke tettsted;80;Fylkesveg;51;UID1000278368;Yrkesdøgn;Utforkjøring;Enslig kjøretøy kjørte utfor vegen;2016;0;0;0;0;0;0;0;1;0;0;0;0;0;0;Nei;Telemark;40;Skien;4003;;;0;719004167;59,17476817;9,579742799;Fylkesveg;;7;;;;;Asfalt, oljegrus;Våt, bar veg;God sikt, nedbør;Dagslys;Vanlig kjørefelt;2;2800
fredag 1. november 1996;08:00:00;Fredag;Venstresving foran kjørende i motsatt retning;3;Vanlig veg/gate;3-armet kryss (T-kryss, Y-kryss);Ikke tettsted;60;Riksveg;36;UID1000204713;Yrkesdøgn;Kryssende kjøreretning;Ulykke ved kryssende kjøreretning hvor kjøretøy foretar avsvingning;1996;0;0;0;0;0;0;1;1;0;0;0;0;0;1;Ukjent;Telemark;40;Skien;4003;;;0;107147628;59,19063315;9,588974932;Fylkesveg;;11;;;;;Asfalt, oljegrus;Våt, bar veg;God sikt, opphold;Dagslys;Vanlig kjørefelt;2;
fredag 1. oktober 2004;16:30:00;Fredag;Påkjøring bakfra;3;Vanlig veg/gate;3-armet kryss (T-kryss, Y-kryss);Ikke tettsted;60;Riksveg;36;UID1000201378;Yrkesdøgn;Samme kjøreretning;Ulykke mellom kjøretøy med samme kjøreretning;2004;0;0;0;0;0;0;0;3;0;0;0;0;0;0;Ukjent;Telemark;40;Skien;4003;;;0;107128001;59,19075083;9,588991352;Fylkesveg;;10;;;;;Asfalt, oljegrus;Tørr, bar veg;God sikt, opphold;Dagslys;Vanlig kjørefelt;2;
fredag 1. oktober 2004;20:15:00;Fredag;Enslig kjøretøy kjørte utfor på høyre side på rett vegstrekning;1;Vanlig veg/gate;Vegstrekning utenfor kryss/avkjørsel;Ikke tettsted;80;Europaveg;134;UID1000201438;Yrkesdøgn;Utforkjøring;Enslig kjøretøy kjørte utfor vegen;2004;0;0;0;0;0;0;0;1;0;0;0;0;0;0;Ukjent;Telemark;40;Kviteseid;4028;;;0;107128345;59,4781117;8,364579358;Fylkesveg;;10;;;;;Asfalt, oljegrus;Tørr, bar veg;God sikt, opphold;Mørkt uten vegbelysning;Vanlig kjørefelt;2;
fredag 10. august 2007;15:00:00;Fredag;Enslig kjøretøy kjørte utfor på høyre side i venstrekurve;1;Vanlig veg/gate;Vegstrekning utenfor kryss/avkjørsel;Ikke tettsted;60;Europaveg;134;UID1000223199;Yrkesdøgn;Utforkjøring;Enslig kjøretøy kjørte utfor vegen;2007;0;0;0;1;0;0;0;0;0;0;0;0;0;0;Nei;Telemark;40;Vinje;4036;;;0;143356678;59,61747358;7,852032407;Fylkesveg;;8;;;;;Asfalt, oljegrus;Tørr, bar veg;God sikt, opphold;Dagslys;Vanlig kjørefelt;2;1406
fredag 10. august 2007;15:15:00;Fredag;Enslig kjøretøy veltet i kjørebanen;1;Annet (plass m.m.);Annet (P-plass, torv, o. l.);Ikke tettsted;;Kommunal veg;1039;UID1000223594;Yrkesdøgn;Andre ulykker;Andre ulykker(parkering o.l);2007;0;0;0;0;0;1;0;0;0;0;0;0;0;0;Ukjent;Telemark;40;Siljan;4010;;;0;144998522;59,28263838;9,73286487;Fylkesveg;;8;;;;;Grus;Tørr, bar veg;God sikt, opphold;Dagslys;Parkeringsfelt (skiltet / merket);;
fredag 10. februar 2006;20:00:00;Fredag;Venstresving foran kjørende i motsatt retning;2;Vanlig veg/gate;3-armet kryss (T-kryss, Y-kryss);Ikke tettsted;60;Riksveg;36;UID1000200800;Yrkesdøgn;Kryssende kjøreretning;Ulykke ved kryssende kjøreretning hvor kjøretøy foretar avsvingning;2006;0;0;0;0;0;0;0;2;0;0;0;0;0;0;Nei;Telemark;40;Porsgrunn;4001;;;0;107124434;59,12257013;9,707636473;Fylkesveg;;2;;;;;Asfalt, oljegrus;Tørr, bar veg;God sikt, nedbør;Mørkt med vegbelysning;Vanlig kjørefelt;3;11124
fredag 10. juli 2015;02:35:00;Fredag;Enslig kjøretøy kjørte utfor ved avsvinging i kryss o.l.;1;Motortrafikkveg;Annet kryss;Ikke tettsted;80;Europaveg;18;UID1000273475;Yrkesdøgn;Utforkjøring;Enslig kjøretøy kjørte utfor vegen;2015;0;0;0;0;0;0;0;0;0;0;0;0;0;1;Nei;Telemark;40;Porsgrunn;4001;;;0;621371824;59,07469179;9,662608528;Fylkesveg;;7;;;;;Asfalt, oljegrus;Tørr, bar veg;God sikt, opphold;Mørkt med vegbelysning;Retardasjonsfelt;2;19600
fredag 10. september 2021;16:50:00;Fredag;Venstresving foran kjørende i motsatt retning;2;Vanlig veg/gate;3-armet kryss (T-kryss, Y-kryss);Tettsted;60;Fylkesveg;32;UID0589662469;Yrkesdøgn;Kryssende kjøreretning;Ulykke ved kryssende kjøreretning hvor kjøretøy foretar avsvingning;2021;0;0;0;0;0;0;0;2;0;0;0;0;0;0;Ja;Telemark;40;Porsgrunn;4001;;;0;1015562897;59,12262988;9,707557219;Fylkesveg;;9;;;;;Asfalt, oljegrus;Tørr, bar veg;God sikt, opphold;Dagslys;Vanlig kjørefelt;2;16000
fredag 11. desember 1992;16:27:00;Fredag;Fotgjenger krysset kjørebanen på bortsiden av krysset;2;Ukjent;3-armet kryss (T-kryss, Y-kryss);Tettsted;50;Riksveg;36;UID1000206267;Yrkesdøgn;Fotgjenger/akende;Fotgjenger krysset kjørebanen;1992;0;0;1;0;0;0;0;1;0;0;0;0;0;0;Ukjent;Telemark;40;Skien;4003;;;0;107156901;59,19613118;9,605154425;Fylkesveg;;12;;;;;Ukjent;Våt, bar veg;God sikt, opphold;Mørkt med vegbelysning;Ukjent;;
fredag 11. januar 1991;09:20:00;Fredag;Enslig kjøretøy kjørte utfor på høyre side i venstrekurve;1;Ukjent;Vegstrekning utenfor kryss/avkjørsel;Ikke tettsted;80;Europaveg;18;UID1000207141;Yrkesdøgn;Utforkjøring;Enslig kjøretøy kjørte utfor vegen;1991;0;0;0;0;0;0;0;1;0;0;0;0;0;0;Ukjent;Telemark;40;Bamble;4012;;;0;107161963;58,97364791;9,518634815;Fylkesveg;;1;;;;;Ukjent;Våt, bar veg;God sikt, opphold;Dagslys;Ukjent;;
fredag 11. november 1994;13:30:00;Fredag;Venstresving foran kjørende i motsatt retning;2;Ukjent;3-armet kryss (T-kryss, Y-kryss);Tettsted;50;Riksveg;36;UID1000205500;Yrkesdøgn;Kryssende kjøreretning;Ulykke ved kryssende kjøreretning hvor kjøretøy foretar avsvingning;1994;0;0;0;0;0;0;1;1;0;0;0;0;0;0;Ukjent;Telemark;40;Porsgrunn;4001;;;0;107152434;59,1403459;9,660578608;Fylkesveg;;11;;;;;Ukjent;Våt, bar veg;God sikt, opphold;Dagslys;Ukjent;;
fredag 11. oktober 2002;15:00:00;Fredag;Møting på rett vegstrekning;2;Vanlig veg/gate;Vegstrekning utenfor kryss/avkjørsel;Ikke tettsted;80;Europaveg;18;UID1000202308;Yrkesdøgn;Motsatt kjøreretning;Ulykke ved møting;2002;0;0;0;1;0;0;0;1;0;0;0;0;0;0;Ukjent;Telemark;40;Bamble;4012;;;0;107133475;59,0417639;9,676128054;Fylkesveg;;10;;;;;Asfalt, oljegrus;Tørr, bar veg;God sikt, opphold;Dagslys;Vanlig kjørefelt;2;
fredag 12. januar 2007;22:27:00;Fredag;Enslig kjøretøy kjørte utfor på venstre side på rett vegstrekning;1;Vanlig veg/gate;Vegstrekning utenfor kryss/avkjørsel;Ikke tettsted;80;Riksveg;353;UID1000218485;Yrkesdøgn;Utforkjøring;Enslig kjøretøy kjørte utfor vegen;2007;0;0;0;0;0;0;0;1;0;0;0;0;0;0;Ukjent;Telemark;40;Skien;4003;;;0;121824063;59,17519841;9,569383135;Fylkesveg;;1;;;;;Asfalt, oljegrus;Snø / isbelagt veg;God sikt, opphold;Mørkt uten vegbelysning;Vanlig kjørefelt;;
fredag 12. november 1999;13:00:00;Fredag;Venstresving foran kjørende i motsatt retning;2;Vanlig veg/gate;3-armet kryss (T-kryss, Y-kryss);Tettsted;60;Riksveg;36;UID1000203439;Yrkesdøgn;Kryssende kjøreretning;Ulykke ved kryssende kjøreretning hvor kjøretøy foretar avsvingning;1999;0;0;0;0;0;0;0;1;0;0;0;0;0;1;Ukjent;Telemark;40;Skien;4003;;;0;107140146;59,19544336;9,601386359;Fylkesveg;;11;;;;;Asfalt, oljegrus;Tørr, bar veg;God sikt, opphold;Dagslys;Vanlig kjørefelt;2;
fredag 13. april 2007;13:25:00;Fredag;Fotgjenger krysset kjørebanen på bortsiden av krysset;2;Vanlig veg/gate;3-armet kryss (T-kryss, Y-kryss);Tettsted;;Kommunal veg;1920;UID1000220247;Yrkesdøgn;Fotgjenger/akende;Fotgjenger krysset kjørebanen;2007;0;0;1;0;0;0;0;1;0;0;0;0;0;0;Ukjent;Telemark;40;Porsgrunn;4001;;;0;132212331;59,13890765;9,647318602;Fylkesveg;;4;;;;;Asfalt, oljegrus;Tørr, bar veg;God sikt, opphold;Dagslys;Vanlig kjørefelt;2;
fredag 13. september 1996;14:00:00;Fredag;Ulykke med uklart forløp / ulykke som ikke faller inn under noen bestemt ul.kode;2;Vanlig veg/gate;3-armet kryss (T-kryss, Y-kryss);Tettsted;50;Riksveg;354;UID1000204772;Yrkesdøgn;Andre ulykker;Andre ulykker(parkering o.l);1996;0;0;0;0;0;0;0;2;0;0;0;0;0;0;Ukjent;Telemark;40;Porsgrunn;4001;;;0;107148000;59,13640975;9,642841405;Fylkesveg;;9;;;;;Asfalt, oljegrus;Tørr, bar veg;God sikt, opphold;Dagslys;Svingefelt venstre / høyre;3;
fredag 14. august 2009;19:33:00;Fredag;Ulykke med uklart forløp / ulykke som ikke faller inn under noen bestemt ul.kode;1;Annet (plass m.m.);Annet (P-plass, torv, o. l.);Ikke tettsted;;Privat veg;99593;UID1000238427;Yrkesdøgn;Andre ulykker;Andre ulykker(parkering o.l);2009;0;0;0;0;0;0;0;1;0;0;0;0;0;0;Ukjent;Telemark;40;Vinje;4036;;;0;230285444;59,77118389;7,71847828;Fylkesveg;;8;;;;;Betong, betongstein;Tørr, bar veg;God sikt, opphold;Dagslys;Annet;;
fredag 14. januar 2000;15:57:00;Fredag;Fotgjenger krysset kjørebanen forøvrig;2;Vanlig veg/gate;Vegstrekning utenfor kryss/avkjørsel;Tettsted;50;Riksveg;36;UID1000203350;Yrkesdøgn;Fotgjenger/akende;Fotgjenger krysset kjørebanen;2000;0;0;1;0;0;0;0;1;0;0;0;0;0;0;Ukjent;Telemark;40;Porsgrunn;4001;;;0;107139634;59,15070711;9,660659555;Fylkesveg;;1;;;;;Asfalt, oljegrus;Ukjent;God sikt, opphold;Tussmørke, skumring;Vanlig kjørefelt;2;
fredag 14. juli 1995;20:13:00;Fredag;Enslig kjøretøy veltet i kjørebanen;1;Ukjent;Vegstrekning utenfor kryss/avkjørsel;Ikke tettsted;80;Riksveg;36;UID1000205077;Yrkesdøgn;Andre ulykker;Andre ulykker(parkering o.l);1995;0;0;0;0;0;1;0;0;0;0;0;0;0;0;Ukjent;Telemark;40;Seljord;4022;;;0;107149837;59,46081269;8,711036137;Fylkesveg;;7;;;;;Ukjent;Tørr, bar veg;God sikt, opphold;Dagslys;Ukjent;;
fredag 14. juli 2000;18:45:00;Fredag;Enslig kjøretøy kjørte utfor på høyre side på rett vegstrekning;1;Vanlig veg/gate;Vegstrekning utenfor kryss/avkjørsel;Ikke tettsted;60;Riksveg;38;UID1000202840;Yrkesdøgn;Utforkjøring;Enslig kjøretøy kjørte utfor vegen;2000;0;0;0;0;0;0;0;1;0;0;0;0;0;0;Ukjent;Telemark;40;Kragerø;4014;;;0;107136497;58,87978847;9,367783149;Fylkesveg;;7;;;;;Asfalt, oljegrus;Tørr, bar veg;God sikt, opphold;Dagslys;Vanlig kjørefelt;2;
fredag 14. juli 2000;15:10:00;Fredag;Avsvinging til venstre foran kjørende i motsatt retning;2;Vanlig veg/gate;3-armet kryss (T-kryss, Y-kryss);Ikke tettsted;80;Riksveg;36;UID1000203197;Yrkesdøgn;Kryssende kjøreretning;Ulykke ved avsvinging fra motsatte kjøreretning;2000;0;0;0;0;0;0;0;1;0;0;0;0;0;1;Ukjent;Telemark;40;Skien;4003;;;0;107138704;59,1803988;9,569993784;Fylkesveg;;7;;;;;Asfalt, oljegrus;Våt, bar veg;God sikt, nedbør;Dagslys;Vanlig kjørefelt;3;
fredag 14. juli 2017;13:13:00;Fredag;Enslig kjøretøy veltet i kjørebanen;1;Motortrafikkveg;Vegstrekning utenfor kryss/avkjørsel;Ikke tettsted;90;Europaveg;18;UID1000282990;Yrkesdøgn;Andre ulykker;Andre ulykker(parkering o.l);2017;0;0;0;0;0;1;0;0;0;0;0;0;0;0;Nei;Telemark;40;Porsgrunn;4001;;;0;812273555;59,09799981;9,775534652;Fylkesveg;;7;;;;;Asfalt, oljegrus;Ukjent;Ukjent;Ukjent;Vanlig kjørefelt;2;18000
fredag 14. mai 1993;18:00:00;Fredag;Kryssende kjøreretninger (uten avsvinging);2;Ukjent;Annet (P-plass, torv, o. l.);Tettsted;;Privat veg;97240;UID1000206126;Yrkesdøgn;Kryssende kjøreretning;Ulykke ved kryssende kjøreretning uten avsvingning;1993;0;0;0;0;0;0;0;1;0;0;1;0;0;0;Ukjent;Telemark;40;Skien;4003;;;0;107156159;59,19690392;9,604260351;Fylkesveg;;5;;;;;Ukjent;Våt, bar veg;God sikt, opphold;Dagslys;Ukjent;;
fredag 14. mai 1999;09:30:00;Fredag;Enslig kjøretøy kjørte utfor på høyre side på rett vegstrekning;1;Motortrafikkveg;Vegstrekning utenfor kryss/avkjørsel;Ikke tettsted;90;Europaveg;18;UID1000203666;Yrkesdøgn;Utforkjøring;Enslig kjøretøy kjørte utfor vegen;1999;0;0;0;0;0;0;0;1;0;0;0;0;0;0;Ukjent;Telemark;40;Porsgrunn;4001;;;0;107141395;59,09607977;9,781248965;Fylkesveg;;5;;;;;Asfalt, oljegrus;Våt, bar veg;God sikt, nedbør;Dagslys;Vanlig kjørefelt;2;
fredag 15. januar 1993;20:15:00;Fredag;Møting i kurve;2;Ukjent;Vegstrekning utenfor kryss/avkjørsel;Ikke tettsted;80;Riksveg;36;UID1000206272;Yrkesdøgn;Motsatt kjøreretning;Ulykke ved møting;1993;0;0;0;0;0;0;0;2;0;0;0;0;0;0;Ukjent;Telemark;40;Nome;4018;;;0;107156929;59,31856497;9,239246801;Fylkesveg;;1;;;;;Ukjent;Snø / isbelagt veg;God sikt, opphold;Mørkt uten vegbelysning;Ukjent;;
fredag 15. januar 2010;14:11:00;Fredag;Enslig kjøretøy kjørte utfor ved avsvinging i kryss o.l.;1;Motortrafikkveg;3-armet kryss (T-kryss, Y-kryss);Tettsted;80;Europaveg;18;UID1000241104;Yrkesdøgn;Utforkjøring;Enslig kjøretøy kjørte utfor vegen;2010;0;0;0;0;0;0;0;1;0;0;0;0;0;0;Ukjent;Telemark;40;Bamble;4012;;;0;237412204;59,03734596;9,675922571;Fylkesveg;;1;;;;;Asfalt, oljegrus;Delvis snø / isbelagt veg;God sikt, opphold;Tussmørke, skumring;Svingefelt venstre / høyre;2;
fredag 15. juli 2005;23:45:00;Fredag;Møting i kurve;2;Vanlig veg/gate;Vegstrekning utenfor kryss/avkjørsel;Ikke tettsted;60;Europaveg;134;UID1000201047;Yrkesdøgn;Motsatt kjøreretning;Ulykke ved møting;2005;0;0;0;0;0;0;0;2;0;0;0;0;0;0;Ja;Telemark;40;Seljord;4022;;;0;107125935;59,50086659;8,638380849;Fylkesveg;;7;;;;;Asfalt, oljegrus;Tørr, bar veg;God sikt, opphold;Mørkt med vegbelysning;Vanlig kjørefelt;2;2922
fredag 15. juni 2007;03:50:00;Fredag;Enslig kjøretøy kjørte utfor på venstre side i høyrekurve;1;Vanlig veg/gate;3-armet kryss (T-kryss, Y-kryss);Tettsted;;Kommunal veg;4640;UID1000221735;Yrkesdøgn;Utforkjøring;Enslig kjøretøy kjørte utfor vegen;2007;0;0;0;0;0;1;0;0;0;0;0;0;0;0;Ukjent;Telemark;40;Porsgrunn;4001;;;0;140852310;59,13854992;9,645413212;Fylkesveg;;6;;;;;Asfalt, oljegrus;Tørr, bar veg;God sikt, opphold;Mørkt med vegbelysning;Vanlig kjørefelt;;
fredag 15. mars 2002;16:50:00;Fredag;Venstresving foran kjørende i motsatt retning;2;Vanlig veg/gate;3-armet kryss (T-kryss, Y-kryss);Ikke tettsted;60;Riksveg;354;UID1000202539;Yrkesdøgn;Kryssende kjøreretning;Ulykke ved kryssende kjøreretning hvor kjøretøy foretar avsvingning;2002;0;0;0;0;0;0;0;1;0;0;0;0;0;1;Ukjent;Telemark;40;Bamble;4012;;;0;107134807;59,04024597;9,675542729;Fylkesveg;;3;;;;;Asfalt, oljegrus;Tørr, bar veg;God sikt, opphold;Dagslys;Vanlig kjørefelt;3;
fredag 15. november 1991;02:25:00;Fredag;Enslig kjøretøy kjørte utfor på venstre side i venstrekurve;1;Ukjent;Vegstrekning utenfor kryss/avkjørsel;Ikke tettsted;70;Riksveg;36;UID1000206785;Yrkesdøgn;Utforkjøring;Enslig kjøretøy kjørte utfor vegen;1991;0;0;0;0;0;0;0;1;0;0;0;0;0;0;Ukjent;Telemark;40;Skien;4003;;;0;107159727;59,18461942;9,520165021;Fylkesveg;;11;;;;;Ukjent;Våt, bar veg;Dårlig sikt, tåke eller dis;Mørkt med vegbelysning;Ukjent;;
fredag 15. november 2002;18:21:00;Fredag;Påkjøring av parkert kjøretøy på venstre side;2;Vanlig veg/gate;Vegstrekning utenfor kryss/avkjørsel;Ikke tettsted;70;Riksveg;36;UID1000202277;Yrkesdøgn;Andre ulykker;Andre ulykker(parkering o.l);2002;0;0;0;0;0;0;0;2;0;0;0;0;0;0;Ukjent;Telemark;40;Midt-Telemark;4020;;;0;107133278;59,34760326;9,206586436;Fylkesveg;;11;;;;;Asfalt, oljegrus;Delvis snø / isbelagt veg;God sikt, opphold;Mørkt uten vegbelysning;Vanlig kjørefelt;2;
fredag 15. oktober 2004;07:00:00;Fredag;Påkjøring av gjenstand i kjørebanen;2;Vanlig veg/gate;3-armet kryss (T-kryss, Y-kryss);Ikke tettsted;60;Riksveg;36;UID1000201372;Yrkesdøgn;Andre ulykker;Andre ulykker(parkering o.l);2004;0;0;0;0;0;0;0;2;0;0;0;0;0;0;Ukjent;Telemark;40;Skien;4003;;;0;107127954;59,19602992;9,604451195;Fylkesveg;;10;;;;;Asfalt, oljegrus;Våt, bar veg;God sikt, opphold;Tussmørke, skumring;Vanlig kjørefelt;2;
fredag 15. september 1995;17:50:00;Fredag;Møting i kurve;2;Ukjent;Vegstrekning utenfor kryss/avkjørsel;Ikke tettsted;90;Europaveg;18;UID1000205112;Yrkesdøgn;Motsatt kjøreretning;Ulykke ved møting;1995;0;0;0;0;0;0;0;1;0;0;0;0;0;1;Ukjent;Telemark;40;Porsgrunn;4001;;;0;107150043;59,0977829;9,77617987;Fylkesveg;;9;;;;;Ukjent;Våt, bar veg;God sikt, nedbør;Dagslys;Ukjent;;
fredag 16. april 1999;14:10:00;Fredag;Enslig kjøretøy kjørte utfor på høyre side i venstrekurve;1;Vanlig veg/gate;Vegstrekning utenfor kryss/avkjørsel;Ikke tettsted;80;Fylkesveg;30;UID1000203696;Yrkesdøgn;Utforkjøring;Enslig kjøretøy kjørte utfor vegen;1999;0;1;0;0;0;0;0;0;0;0;0;0;0;0;Ukjent;Telemark;40;Porsgrunn;4001;;;0;107141597;59,10521944;9,764252115;Fylkesveg;;4;;;;;Asfalt, oljegrus;Tørr, bar veg;God sikt, opphold;Dagslys;Vanlig kjørefelt;2;
fredag 16. april 2021;16:30:00;Fredag;Øvrige parkeringsuhell;2;Vanlig veg/gate;Vegstrekning utenfor kryss/avkjørsel;Ikke tettsted;80;Fylkesveg;3260;UID0068401196;Yrkesdøgn;Andre ulykker;Andre ulykker(parkering o.l);2021;0;0;0;0;0;0;0;2;0;0;0;0;0;0;Ja;Telemark;40;Porsgrunn;4001;;;0;1015553612;59,11724919;9,71902947;Fylkesveg;;4;;;;;Asfalt, oljegrus;Tørr, bar veg;God sikt, opphold;Dagslys;Skulder;2;897
fredag 16. august 2013;19:22:00;Fredag;Enslig kjøretøy kjørte utfor på venstre side i høyrekurve;1;Vanlig veg/gate;Vegstrekning utenfor kryss/avkjørsel;Tettsted;70;Riksveg;36;UID1000262613;Yrkesdøgn;Utforkjøring;Enslig kjøretøy kjørte utfor vegen;2013;0;0;0;0;0;0;0;1;0;0;0;0;0;0;Ukjent;Telemark;40;Midt-Telemark;4020;;;0;434016849;59,33590745;9,214628333;Fylkesveg;;8;;;;;Asfalt, oljegrus;Våt, bar veg;God sikt, nedbør;Dagslys;Vanlig kjørefelt;2;
fredag 16. august 2013;09:00:00;Fredag;Enslig kjøretøy kjørte utfor på venstre side i høyrekurve;1;Vanlig veg/gate;Vegstrekning utenfor kryss/avkjørsel;Ikke tettsted;70;Europaveg;134;UID1000262959;Yrkesdøgn;Utforkjøring;Enslig kjøretøy kjørte utfor vegen;2013;0;0;0;0;0;1;0;0;0;0;0;0;0;0;Ukjent;Telemark;40;Notodden;4005;;;0;449329197;59,58228241;9,317746804;Fylkesveg;;8;;;;;Asfalt, oljegrus;Tørr, bar veg;God sikt, opphold;Dagslys;Vanlig kjørefelt;2;
fredag 16. juli 1999;15:15:00;Fredag;Fotgjenger krysset kjørebanen forøvrig;2;Motortrafikkveg;Bomstasjon;Ikke tettsted;50;Europaveg;18;UID1000203506;Yrkesdøgn;Fotgjenger/akende;Fotgjenger krysset kjørebanen;1999;0;0;1;0;0;0;0;1;0;0;0;0;0;0;Ukjent;Telemark;40;Porsgrunn;4001;;;0;107140483;59,10211812;9,768556935;Fylkesveg;;7;;;;;Asfalt, oljegrus;Tørr, bar veg;God sikt, opphold;Dagslys;Annet;4;
fredag 16. september 1994;11:30:00;Fredag;Venstresving foran kjørende i motsatt retning;2;Ukjent;3-armet kryss (T-kryss, Y-kryss);Ikke tettsted;80;Riksveg;11;UID1000205553;Yrkesdøgn;Kryssende kjøreretning;Ulykke ved kryssende kjøreretning hvor kjøretøy foretar avsvingning;1994;0;0;0;0;0;0;0;1;0;0;0;0;0;1;Ukjent;Telemark;40;Notodden;4005;;;0;107152757;59,56527363;9,223709179;Fylkesveg;;9;;;;;Ukjent;Våt, bar veg;God sikt, opphold;Dagslys;Ukjent;;
fredag 16. september 2016;15:39:00;Fredag;Enslig kjøretøy veltet i kjørebanen;1;Vanlig veg/gate;Vegstrekning utenfor kryss/avkjørsel;Ikke tettsted;70;Europaveg;134;UID1000279517;Yrkesdøgn;Andre ulykker;Andre ulykker(parkering o.l);2016;0;0;0;0;0;1;0;0;0;0;0;0;0;0;Nei;Telemark;40;Notodden;4005;;;0;745235917;59,58420908;9,300612106;Fylkesveg;;9;;;;;Asfalt, oljegrus;Glatt ellers;God sikt, nedbør;Dagslys;Vanlig kjørefelt;2;5150
fredag 17. desember 1993;15:15:00;Fredag;Påkjøring bakfra ved venstresving;2;Ukjent;3-armet kryss (T-kryss, Y-kryss);Tettsted;60;Riksveg;36;UID1000205593;Yrkesdøgn;Kryssende kjøreretning;Ulykke ved avsvinging fra samme kjøreretning;1993;0;0;0;0;0;0;0;2;0;0;0;0;0;0;Ukjent;Telemark;40;Skien;4003;;;0;107152970;59,19544336;9,601386359;Fylkesveg;;12;;;;;Ukjent;Ukjent;Ukjent;Dagslys;Ukjent;;
fredag 17. januar 1997;07:25:00;Fredag;Møting i kurve;2;Vanlig veg/gate;Vegstrekning utenfor kryss/avkjørsel;Ikke tettsted;80;Riksveg;36;UID1000204629;Yrkesdøgn;Motsatt kjøreretning;Ulykke ved møting;1997;0;0;0;0;0;0;0;1;0;0;0;0;0;1;Ukjent;Telemark;40;Nome;4018;;;0;107147110;59,32533849;9,236088739;Fylkesveg;;1;;;;;Asfalt, oljegrus;Snø / isbelagt veg;God sikt, opphold;Mørkt uten vegbelysning;Vanlig kjørefelt;2;
fredag 17. juli 1998;13:20:00;Fredag;Venstresving foran kjørende i motsatt retning;2;Vanlig veg/gate;3-armet kryss (T-kryss, Y-kryss);Tettsted;50;Kommunal veg;2000;UID1000203989;Yrkesdøgn;Kryssende kjøreretning;Ulykke ved kryssende kjøreretning hvor kjøretøy foretar avsvingning;1998;0;0;0;0;0;0;0;2;0;0;0;0;0;0;Ukjent;Telemark;40;Porsgrunn;4001;;;0;107143309;59,14196064;9,656963803;Fylkesveg;;7;;;;;Asfalt, oljegrus;Tørr, bar veg;God sikt, opphold;Dagslys;Vanlig kjørefelt;2;
fredag 17. november 2000;21:26:00;Fredag;Venstresving foran kjørende i motsatt retning;2;Vanlig veg/gate;3-armet kryss (T-kryss, Y-kryss);Ikke tettsted;50;Kommunal veg;3055;UID1000203037;Yrkesdøgn;Kryssende kjøreretning;Ulykke ved kryssende kjøreretning hvor kjøretøy foretar avsvingning;2000;0;0;0;0;0;0;0;2;0;0;0;0;0;0;Ukjent;Telemark;40;Porsgrunn;4001;;;0;107137769;59,13650652;9,676395036;Fylkesveg;;11;;;;;Asfalt, oljegrus;Våt, bar veg;God sikt, opphold;Mørkt med vegbelysning;Vanlig kjørefelt;2;
fredag 18. desember 1998;17:25:00;Fredag;Ulykke med uklart forløp hvor fotgjenger krysset kjørebanen;2;Vanlig veg/gate;3-armet kryss (T-kryss, Y-kryss);Tettsted;50;Riksveg;36;UID1000203793;Yrkesdøgn;Fotgjenger/akende;Fotgjenger krysset kjørebanen;1998;0;0;1;0;0;0;0;1;0;0;0;0;0;0;Ukjent;Telemark;40;Skien;4003;;;0;107142167;59,19599053;9,604369712;Fylkesveg;;12;;;;;Asfalt, oljegrus;Våt, bar veg;God sikt, opphold;Mørkt med vegbelysning;Vanlig kjørefelt;2;
fredag 18. januar 2008;13:00:00;Fredag;Møting i kurve;2;Vanlig veg/gate;Vegstrekning utenfor kryss/avkjørsel;Tettsted;40;Riksveg;36;UID1000226486;Yrkesdøgn;Motsatt kjøreretning;Ulykke ved møting;2008;0;0;0;1;0;0;0;1;0;0;0;0;0;0;Ukjent;Telemark;40;Porsgrunn;4001;;;0;157062100;59,14065814;9,660512343;Fylkesveg;;1;;;;;Asfalt, oljegrus;Tørr, bar veg;God sikt, opphold;Dagslys;Vanlig kjørefelt;2;
fredag 18. juli 2008;15:27:00;Fredag;Avsvinging til venstre foran kjørende i motsatt retning;2;Vanlig veg/gate;Annet (P-plass, torv, o. l.);Ikke tettsted;60;Riksveg;354;UID1000229646;Yrkesdøgn;Kryssende kjøreretning;Ulykke ved avsvinging fra motsatte kjøreretning;2008;0;0;0;0;0;1;0;1;0;0;0;0;0;0;Ukjent;Telemark;40;Bamble;4012;;;0;172912252;59,03766431;9,6753494;Fylkesveg;;7;;;;;Asfalt, oljegrus;Tørr, bar veg;God sikt, opphold;Dagslys;Vanlig kjørefelt;2;
fredag 18. juni 1993;19:00:00;Fredag;Avsvinging til venstre foran kjørende i motsatt retning;3;Ukjent;3-armet kryss (T-kryss, Y-kryss);Ikke tettsted;80;Riksveg;11;UID1000206091;Yrkesdøgn;Kryssende kjøreretning;Ulykke ved avsvinging fra motsatte kjøreretning;1993;0;0;0;0;0;0;0;2;0;0;0;0;0;1;Ukjent;Telemark;40;Notodden;4005;;;0;107155968;59,56696875;9,2140147;Fylkesveg;;6;;;;;Ukjent;Tørr, bar veg;God sikt, opphold;Dagslys;Ukjent;;
fredag 18. november 2005;22:45:00;Fredag;Kjørende fra fortau eller G/S-veg krysset kjørebanen på bortsiden av krysset;2;Vanlig veg/gate;Annet kryss;Ikke tettsted;;Kommunal veg;3430;UID1000200878;Yrkesdøgn;Kryssende kjøreretning;Ulykke ved kryssende kjøreretning uten avsvingning;2005;0;0;0;0;0;0;1;0;0;0;1;0;0;0;Ukjent;Telemark;40;Tinn;4026;;;0;107124960;59,87827613;8,606056227;Fylkesveg;;11;;;;;Asfalt, oljegrus;Tørr, bar veg;God sikt, opphold;Mørkt med vegbelysning;Vanlig kjørefelt;2;
fredag 18. september 1992;02:20:00;Fredag;Møting i kurve;2;Ukjent;Vegstrekning utenfor kryss/avkjørsel;Ikke tettsted;80;Riksveg;36;UID1000206447;Yrkesdøgn;Motsatt kjøreretning;Ulykke ved møting;1992;0;0;0;0;0;0;0;2;0;0;0;0;0;0;Ukjent;Telemark;40;Skien;4003;;;0;107157897;59,18223402;9,573629887;Fylkesveg;;9;;;;;Ukjent;Tørr, bar veg;God sikt, opphold;Mørkt uten vegbelysning;Ukjent;;
fredag 18. september 1998;10:55:00;Fredag;Enslig kjøretøy kjørte utfor på venstre side i høyrekurve;1;Vanlig veg/gate;Vegstrekning utenfor kryss/avkjørsel;Ikke tettsted;80;Riksveg;36;UID1000203902;Yrkesdøgn;Utforkjøring;Enslig kjøretøy kjørte utfor vegen;1998;0;0;0;1;0;0;0;0;0;0;0;0;0;0;Ukjent;Telemark;40;Midt-Telemark;4020;;;0;107142795;59,33581169;9,21672388;Fylkesveg;;9;;;;;Asfalt, oljegrus;Tørr, bar veg;God sikt, opphold;Dagslys;Vanlig kjørefelt;2;
fredag 19. april 2002;00:01:00;Fredag;Påkjøring bakfra;2;Vanlig veg/gate;3-armet kryss (T-kryss, Y-kryss);Ikke tettsted;50;Riksveg;36;UID1000202489;Yrkesdøgn;Samme kjøreretning;Ulykke mellom kjøretøy med samme kjøreretning;2002;0;0;0;0;0;0;0;2;0;0;0;0;0;0;Ukjent;Telemark;40;Porsgrunn;4001;;;0;107134482;59,13406937;9,674463067;Fylkesveg;;4;;;;;Asfalt, oljegrus;Tørr, bar veg;Ukjent;Dagslys;Vanlig kjørefelt;3;
fredag 19. oktober 2007;15:30:00;Fredag;Enslig kjøretøy kjørte utfor på høyre side i høyrekurve;1;Motorveg;Vegstrekning utenfor kryss/avkjørsel;Ikke tettsted;80;Europaveg;18;UID1000224396;Yrkesdøgn;Utforkjøring;Enslig kjøretøy kjørte utfor vegen;2007;0;0;0;0;0;0;0;1;0;0;0;0;0;0;Ukjent;Telemark;40;Porsgrunn;4001;;;0;148761475;59,08258341;9,818214549;Fylkesveg;;10;;;;;Asfalt, oljegrus;Tørr, bar veg;God sikt, opphold;Dagslys;Vanlig kjørefelt;2;
fredag 19. september 2003;02:47:00;Fredag;Enslig kjøretøy kjørte på trafikkøy eller ende av midtdeler;1;Vanlig veg/gate;Vegstrekning utenfor kryss/avkjørsel;Tettsted;50;Fylkesveg;356;UID1000201910;Yrkesdøgn;Utforkjøring;Enslig kjøretøy kjørte utfor vegen;2003;0;0;0;0;0;0;0;1;0;0;0;0;0;0;Ukjent;Telemark;40;Porsgrunn;4001;;;0;107131149;59,1440162;9,636587766;Fylkesveg;;9;;;;;Asfalt, oljegrus;Tørr, bar veg;God sikt, opphold;Mørkt med vegbelysning;Vanlig kjørefelt;2;
fredag 19. september 2003;01:12:00;Fredag;Enslig kjøretøy kjørte utfor på venstre side i høyrekurve;1;Vanlig veg/gate;Vegstrekning utenfor kryss/avkjørsel;Ikke tettsted;70;Europaveg;134;UID1000201959;Yrkesdøgn;Utforkjøring;Enslig kjøretøy kjørte utfor vegen;2003;0;0;0;0;0;0;0;1;0;0;0;0;0;0;Nei;Telemark;40;Notodden;4005;;;0;107131397;59,58467087;9,30335595;Fylkesveg;;9;;;;;Asfalt, oljegrus;Tørr, bar veg;God sikt, opphold;Mørkt uten vegbelysning;Vanlig kjørefelt;2;3438
fredag 2. august 2002;21:30:00;Fredag;Enslig kjøretøy kjørte utfor på høyre side i venstrekurve;1;Boliggate, boligveg;Vegstrekning utenfor kryss/avkjørsel;Ikke tettsted;;Privat veg;99127;UID1000202428;Yrkesdøgn;Utforkjøring;Enslig kjøretøy kjørte utfor vegen;2002;0;0;0;0;1;0;0;0;0;0;0;0;0;0;Ukjent;Telemark;40;Notodden;4005;;;0;107134126;59,56276859;9,208014502;Fylkesveg;;8;;;;;Grus;Våt, bar veg;God sikt, opphold;Dagslys;Vanlig kjørefelt;1;
fredag 2. januar 2004;16:20:00;Fredag;Påkjøring bakfra;2;Vanlig veg/gate;Vegstrekning utenfor kryss/avkjørsel;Ikke tettsted;80;Riksveg;36;UID1000201434;Yrkesdøgn;Samme kjøreretning;Ulykke mellom kjøretøy med samme kjøreretning;2004;0;0;0;0;0;0;0;2;0;0;0;0;0;0;Ukjent;Telemark;40;Midt-Telemark;4020;;;0;107128326;59,34722929;9,207284903;Fylkesveg;;1;;;;;Asfalt, oljegrus;Ukjent;Ukjent;Dagslys;Vanlig kjørefelt;2;
fredag 2. mai 1997;16:15:00;Fredag;Påkjøring forøvrig ved venstresving;2;Vanlig veg/gate;3-armet kryss (T-kryss, Y-kryss);Ikke tettsted;60;Fylkesveg;44;UID1000204508;Yrkesdøgn;Kryssende kjøreretning;Ulykke ved avsvinging fra samme kjøreretning;1997;0;0;0;0;0;0;0;1;0;0;1;0;0;0;Ukjent;Telemark;40;Skien;4003;;;0;107146378;59,22975013;9,584783587;Fylkesveg;;5;;;;;Asfalt, oljegrus;Tørr, bar veg;God sikt, opphold;Dagslys;Vanlig kjørefelt;2;
fredag 2. mai 2014;20:49:00;Fredag;Påkjøring bakfra;2;Vanlig veg/gate;3-armet kryss (T-kryss, Y-kryss);Tettsted;30;Fylkesveg;43;UID1000267178;Yrkesdøgn;Samme kjøreretning;Ulykke mellom kjøretøy med samme kjøreretning;2014;0;0;0;0;0;0;0;2;0;0;0;0;0;0;Nei;Telemark;40;Skien;4003;;;0;522820399;59,20432483;9,586469571;Fylkesveg;;5;;;;;Ukjent;Tørr, bar veg;God sikt, opphold;Dagslys;Vanlig kjørefelt;2;4000
fredag 2. mai 2014;13:29:00;Fredag;Møting på rett vegstrekning;2;Vanlig veg/gate;Vegstrekning utenfor kryss/avkjørsel;Tettsted;60;Fylkesveg;353;UID1000267185;Yrkesdøgn;Motsatt kjøreretning;Ulykke ved møting;2014;0;0;0;0;0;0;0;2;0;0;0;0;0;0;Ja;Telemark;40;Bamble;4012;;;0;522820442;59,04912184;9,644455457;Fylkesveg;;5;;;;;Asfalt, oljegrus;Tørr, bar veg;God sikt, opphold;Dagslys;Vanlig kjørefelt;2;3700
fredag 2. november 2007;11:47:00;Fredag;Ulykke med uklart forløp / ulykke som ikke faller inn under noen bestemt ul.kode;2;Vanlig veg/gate;Vegstrekning utenfor kryss/avkjørsel;Ikke tettsted;60;Fylkesveg;59;UID1000225150;Yrkesdøgn;Andre ulykker;Andre ulykker(parkering o.l);2007;0;0;0;0;0;0;0;1;0;0;0;0;0;1;Nei;Telemark;40;Skien;4003;;;0;151890919;59,18609497;9,615281405;Fylkesveg;;11;;;;;Asfalt, oljegrus;Tørr, bar veg;God sikt, opphold;Dagslys;Vanlig kjørefelt;2;12176
fredag 2. oktober 1998;14:50:00;Fredag;Møting på rett vegstrekning;2;Vanlig veg/gate;Bru;Ikke tettsted;80;Fylkesveg;44;UID1000203844;Yrkesdøgn;Motsatt kjøreretning;Ulykke ved møting;1998;0;0;0;0;0;0;0;2;0;0;0;0;0;0;Ukjent;Telemark;40;Skien;4003;;;0;107142482;59,25503641;9,5644884;Fylkesveg;;10;;;;;Asfalt, oljegrus;Våt, bar veg;God sikt, opphold;Dagslys;Vanlig kjørefelt;1;
fredag 2. oktober 2015;17:16:00;Fredag;Enslig kjøretøy kjørte utfor på høyre side på rett vegstrekning;1;Vanlig veg/gate;Vegstrekning utenfor kryss/avkjørsel;Ikke tettsted;70;Europaveg;134;UID1000274752;Yrkesdøgn;Utforkjøring;Enslig kjøretøy kjørte utfor vegen;2015;0;0;0;0;0;0;0;1;0;0;0;0;0;0;Ukjent;Telemark;40;Tokke;4034;;;0;642637571;59,48805355;8,268854989;Fylkesveg;;10;;;;;Asfalt, oljegrus;Tørr, bar veg;God sikt, opphold;Dagslys;Vanlig kjørefelt;2;
fredag 2. september 2005;10:30:00;Fredag;Påkjøring bakfra ved venstresving;2;Vanlig veg/gate;3-armet kryss (T-kryss, Y-kryss);Ikke tettsted;50;Riksveg;36;UID1000200985;Yrkesdøgn;Kryssende kjøreretning;Ulykke ved avsvinging fra samme kjøreretning;2005;0;0;0;0;0;0;0;2;0;0;0;0;0;0;Ukjent;Telemark;40;Midt-Telemark;4020;;;0;107125568;59,41088314;9,077861746;Fylkesveg;;9;;;;;Asfalt, oljegrus;Våt, bar veg;God sikt, nedbør;Dagslys;Vanlig kjørefelt;2;
fredag 20. august 1999;14:40:00;Fredag;Forbikjøring;2;Vanlig veg/gate;Annet kryss;Ikke tettsted;30;Kommunal veg;3320;UID1000203565;Yrkesdøgn;Samme kjøreretning;Ulykke mellom kjøretøy med samme kjøreretning;1999;0;0;0;1;0;0;0;0;0;0;1;0;0;0;Ukjent;Telemark;40;Porsgrunn;4001;;;0;107140832;59,15027926;9,667313192;Fylkesveg;;8;;;;;Asfalt, oljegrus;Tørr, bar veg;God sikt, opphold;Dagslys;Vanlig kjørefelt;2;
fredag 20. desember 1996;16:40:00;Fredag;Avsvinging til venstre foran kjørende i motsatt retning;3;Vanlig veg/gate;3-armet kryss (T-kryss, Y-kryss);Ikke tettsted;60;Riksveg;11;UID1000204633;Yrkesdøgn;Kryssende kjøreretning;Ulykke ved avsvinging fra motsatte kjøreretning;1996;0;0;0;0;0;0;0;3;0;0;0;0;0;0;Ukjent;Telemark;40;Notodden;4005;;;0;107147133;59,56697265;9,214102737;Fylkesveg;;12;;;;;Asfalt, oljegrus;Snø / isbelagt veg;God sikt, opphold;Mørkt uten vegbelysning;Vanlig kjørefelt;2;
fredag 20. mai 2022;13:05:00;Fredag;Ulykke med uklart forløp hvor fotgjenger gikk langs eller oppholdt seg i kj.banen;2;Vanlig veg/gate;Annet (P-plass, torv, o. l.);Ikke tettsted;30;Fylkesveg;99999;UID5378988943;Yrkesdøgn;Fotgjenger/akende;Fotgjenger langs vegen eller i kjørebanen;2022;0;0;1;0;0;0;0;1;0;0;0;0;0;0;Ukjent;Telemark;40;Tinn;4026;FF99999 S1D1 m0;Fylkesveg;99999;1017709160;59,99160809;8,743930744;Fylkesveg;;5;;;;;Ukjent;Tørr, bar veg;God sikt, opphold;Dagslys;Annet;2;
fredag 20. november 1998;18:05:00;Fredag;Møting i kurve;2;Motortrafikkveg;Tunnel (primært for motorkjøretøy);Ikke tettsted;80;Europaveg;18;UID1000203829;Yrkesdøgn;Motsatt kjøreretning;Ulykke ved møting;1998;0;0;0;0;0;0;0;2;0;0;0;0;0;0;Ukjent;Telemark;40;Porsgrunn;4001;;;0;107142383;59,06244162;9,671276796;Fylkesveg;;11;;;;;Asfalt, oljegrus;Tørr, bar veg;God sikt, opphold;Mørkt med vegbelysning;Forbikjøringsfelt;3;
fredag 20. november 2009;16:10:00;Fredag;Enslig kjøretøy kjørte utfor på venstre side i venstrekurve;1;Vanlig veg/gate;Vegstrekning utenfor kryss/avkjørsel;Ikke tettsted;70;Riksveg;36;UID1000239514;Yrkesdøgn;Utforkjøring;Enslig kjøretøy kjørte utfor vegen;2009;0;0;0;0;0;0;0;1;0;0;0;0;0;0;Ukjent;Telemark;40;Nome;4018;;;0;234094463;59,32443335;9,23638341;Fylkesveg;;11;;;;;Asfalt, oljegrus;Våt, bar veg;God sikt, opphold;Dagslys;Vanlig kjørefelt;2;
fredag 20. oktober 2006;21:15:00;Fredag;Enslig kjøretøy kjørte utfor på høyre side på rett vegstrekning;1;Vanlig veg/gate;Vegstrekning utenfor kryss/avkjørsel;Ikke tettsted;70;Riksveg;36;UID1000216425;Yrkesdøgn;Utforkjøring;Enslig kjøretøy kjørte utfor vegen;2006;0;0;0;0;0;0;0;1;0;0;0;0;0;0;Ukjent;Telemark;40;Midt-Telemark;4020;;;0;119374225;59,34378653;9,208208003;Fylkesveg;;10;;;;;Asfalt, oljegrus;Tørr, bar veg;God sikt, opphold;Mørkt uten vegbelysning;Vanlig kjørefelt;2;
fredag 20. september 1996;12:25:00;Fredag;Påkjøring bakfra;2;Vanlig veg/gate;Vegstrekning utenfor kryss/avkjørsel;Ikke tettsted;80;Fylkesveg;48;UID1000204799;Yrkesdøgn;Samme kjøreretning;Ulykke mellom kjøretøy med samme kjøreretning;1996;0;0;0;0;0;0;0;2;0;0;0;0;0;0;Ukjent;Telemark;40;Skien;4003;;;0;107148169;59,17195138;9,609517883;Fylkesveg;;9;;;;;Asfalt, oljegrus;Tørr, bar veg;God sikt, opphold;Dagslys;Vanlig kjørefelt;2;
fredag 21. april 2017;15:43:00;Fredag;Enslig kjøretøy kjørte utfor på høyre side i venstrekurve;1;Vanlig veg/gate;Vegstrekning utenfor kryss/avkjørsel;Tettsted;80;Fylkesveg;30;UID1000281860;Yrkesdøgn;Utforkjøring;Enslig kjøretøy kjørte utfor vegen;2017;0;0;0;0;0;0;0;1;0;0;0;0;0;0;Nei;Telemark;40;Porsgrunn;4001;;;0;777329301;59,10526888;9,764139595;Fylkesveg;;4;;;;;Asfalt, oljegrus;Tørr, bar veg;God sikt, opphold;Dagslys;Vanlig kjørefelt;2;800
fredag 21. august 2015;11:49:00;Fredag;Ulykke med uklart forløp hvor enslig kjøretøy kjørte utfor vegen;1;Vanlig veg/gate;Vegstrekning utenfor kryss/avkjørsel;Ikke tettsted;80;Riksveg;41;UID1000273753;Yrkesdøgn;Utforkjøring;Enslig kjøretøy kjørte utfor vegen;2015;0;0;0;0;0;1;0;0;0;0;0;0;0;0;Nei;Telemark;40;Nissedal;4030;;;0;627593581;59,12319721;8,517598012;Fylkesveg;;8;;;;;Asfalt, oljegrus;Tørr, bar veg;Ukjent;Ukjent;Vanlig kjørefelt;2;650
fredag 21. desember 2007;11:39:00;Fredag;Påkjøring bakfra ved venstresving;2;Vanlig veg/gate;3-armet kryss (T-kryss, Y-kryss);Ikke tettsted;50;Riksveg;36;UID1000225850;Yrkesdøgn;Kryssende kjøreretning;Ulykke ved avsvinging fra samme kjøreretning;2007;0;0;0;0;0;0;0;2;0;0;0;0;0;0;Ukjent;Telemark;40;Midt-Telemark;4020;;;0;152194776;59,41085124;9,078149921;Fylkesveg;;12;;;;;Asfalt, oljegrus;Delvis snø / isbelagt veg;God sikt, opphold;Dagslys;Vanlig kjørefelt;2;
fredag 21. juli 2000;12:45:00;Fredag;Enslig kjøretøy kjørte utfor på høyre side i høyrekurve;1;Vanlig veg/gate;Vegstrekning utenfor kryss/avkjørsel;Ikke tettsted;80;Riksveg;361;UID1000203184;Yrkesdøgn;Utforkjøring;Enslig kjøretøy kjørte utfor vegen;2000;0;0;0;1;0;0;0;0;0;0;0;0;0;0;Ukjent;Telemark;40;Notodden;4005;;;0;107138631;59,61625747;9,019146945;Fylkesveg;;7;;;;;Asfalt, oljegrus;Tørr, bar veg;God sikt, opphold;Dagslys;Vanlig kjørefelt;2;
fredag 21. mai 2004;20:30:00;Fredag;Møting i kurve;2;Vanlig veg/gate;Vegstrekning utenfor kryss/avkjørsel;Ikke tettsted;;Skogsbilveg;9;UID1000201606;Yrkesdøgn;Motsatt kjøreretning;Ulykke ved møting;2004;0;0;0;0;0;0;1;1;0;0;0;0;0;0;Ukjent;Telemark;40;Porsgrunn;4001;;;0;107129380;59,17053838;9,815517988;Fylkesveg;;5;;;;;Grus;Tørr, bar veg;God sikt, opphold;Dagslys;Vanlig kjørefelt;1;
fredag 21. mai 2010;17:04:00;Fredag;Møting i kurve;2;Vanlig veg/gate;Vegstrekning utenfor kryss/avkjørsel;Tettsted;70;Europaveg;18;UID1000242860;Yrkesdøgn;Motsatt kjøreretning;Ulykke ved møting;2010;0;0;0;0;0;0;0;2;0;0;0;0;0;0;Ukjent;Telemark;40;Bamble;4012;;;0;249199443;58,9685398;9,492086906;Fylkesveg;;5;;;;;Asfalt, oljegrus;Tørr, bar veg;God sikt, opphold;Dagslys;Vanlig kjørefelt;2;
fredag 21. mars 1997;18:00:00;Fredag;Avsvinging til venstre foran kjørende i motsatt retning;2;Vanlig veg/gate;3-armet kryss (T-kryss, Y-kryss);Ikke tettsted;80;Riksveg;36;UID1000204561;Yrkesdøgn;Kryssende kjøreretning;Ulykke ved avsvinging fra motsatte kjøreretning;1997;0;0;0;0;0;1;0;1;0;0;0;0;0;0;Ukjent;Telemark;40;Skien;4003;;;0;107146679;59,180588;9,56999876;Fylkesveg;;3;;;;;Asfalt, oljegrus;Tørr, bar veg;God sikt, opphold;Dagslys;Svingefelt venstre / høyre;3;
fredag 21. mars 2008;22:49:00;Fredag;Møting på rett vegstrekning;2;Vanlig veg/gate;Vegstrekning utenfor kryss/avkjørsel;Ikke tettsted;70;Europaveg;18;UID1000227684;Helgedøgn;Motsatt kjøreretning;Ulykke ved møting;2008;0;0;0;0;0;0;0;2;0;0;0;0;0;0;Ukjent;Telemark;40;Bamble;4012;;;0;159594246;58,97293459;9,515401924;Fylkesveg;;3;;;;;Asfalt, oljegrus;Snø / isbelagt veg;God sikt, opphold;Mørkt med vegbelysning;Vanlig kjørefelt;2;
fredag 21. mars 2008;13:19:00;Fredag;Møting i kurve;2;Vanlig veg/gate;3-armet kryss (T-kryss, Y-kryss);Ikke tettsted;60;Riksveg;38;UID1000227978;Helgedøgn;Motsatt kjøreretning;Ulykke ved møting;2008;0;0;0;0;0;0;0;2;0;0;0;0;0;0;Ukjent;Telemark;40;Kviteseid;4028;;;0;160071619;59,32620913;8,492758906;Fylkesveg;;3;;;;;Asfalt, oljegrus;Snø / isbelagt veg;God sikt, nedbør;Dagslys;Vanlig kjørefelt;2;
fredag 21. november 2025;08:16:00;Fredag;Påkjøring av parkert kjøretøy på venstre side;3;Vanlig veg/gate;Annet (P-plass, torv, o. l.);Tettsted;30;Kommunal veg;99999;UID0647156261;Yrkesdøgn;Andre ulykker;Andre ulykker(parkering o.l);2025;0;0;0;0;0;0;0;2;0;0;0;0;0;1;Nei;Telemark;40;Porsgrunn;4001;KF99999 S1D1 m0;Kommunal veg;99999;1027206639;59,1401963;9,654770129;Kommunal veg;;11;;;;;Ukjent;Tørr, bar veg;God sikt, opphold;Dagslys;Annet;2;
fredag 22. desember 2006;;Fredag;Påkjøring bakfra;2;;Vegstrekning utenfor kryss/avkjørsel;Tettsted;40;Riksveg;36;UID1000217849;Yrkesdøgn;Samme kjøreretning;Ulykke mellom kjøretøy med samme kjøreretning;2006;0;0;0;1;0;0;0;1;0;0;0;0;0;0;Ukjent;Telemark;40;Porsgrunn;4001;;;0;119596995;59,14029154;9,660569583;Fylkesveg;;12;;;;;Asfalt, oljegrus;;God sikt, opphold;Mørkt med vegbelysning;;2;
fredag 22. juli 1994;17:45:00;Fredag;Enslig kjøretøy kjørte utfor på høyre side i venstrekurve;1;Ukjent;Vegstrekning utenfor kryss/avkjørsel;Ikke tettsted;80;Europaveg;18;UID1000205634;Yrkesdøgn;Utforkjøring;Enslig kjøretøy kjørte utfor vegen;1994;0;0;0;0;0;1;0;0;0;0;0;0;0;0;Ukjent;Telemark;40;Porsgrunn;4001;;;0;107153197;59,0755775;9,664445871;Fylkesveg;;7;;;;;Ukjent;Tørr, bar veg;God sikt, opphold;Dagslys;Ukjent;;
fredag 22. juli 2011;10:00:00;Fredag;Enslig kjøretøy kjørte utfor på høyre side i venstrekurve;1;Vanlig veg/gate;Vegstrekning utenfor kryss/avkjørsel;Tettsted;60;Europaveg;134;UID1000250331;Yrkesdøgn;Utforkjøring;Enslig kjøretøy kjørte utfor vegen;2011;0;0;0;1;0;0;0;0;0;0;0;0;0;0;Nei;Telemark;40;Vinje;4036;;;0;295976998;59,6164783;7,869253579;Fylkesveg;;7;;;;;Asfalt, oljegrus;Våt, bar veg;God sikt, nedbør;Dagslys;Vanlig kjørefelt;2;1700
fredag 22. juni 2001;07:20:00;Fredag;Enslig kjøretøy veltet i kjørebanen;1;Vanlig veg/gate;Vegstrekning utenfor kryss/avkjørsel;Ikke tettsted;50;Riksveg;356;UID1000202860;Yrkesdøgn;Andre ulykker;Andre ulykker(parkering o.l);2001;0;0;0;0;0;0;0;0;0;0;1;0;0;0;Ukjent;Telemark;40;Porsgrunn;4001;;;0;107136604;59,13767478;9,642748322;Fylkesveg;;6;;;;;Asfalt, oljegrus;Tørr, bar veg;God sikt, opphold;Dagslys;Vanlig kjørefelt;2;
fredag 23. april 2004;18:55:00;Fredag;Enslig kjøretøy kjørte utfor på venstre side i høyrekurve;1;Vanlig veg/gate;Vegstrekning utenfor kryss/avkjørsel;Ikke tettsted;80;Europaveg;134;UID1000201630;Yrkesdøgn;Utforkjøring;Enslig kjøretøy kjørte utfor vegen;2004;0;0;0;1;0;0;0;0;0;0;0;0;0;0;Nei;Telemark;40;Seljord;4022;;;0;107129558;59,50422977;8,64380481;Fylkesveg;;4;;;;;Asfalt, oljegrus;Ukjent;God sikt, opphold;Dagslys;Vanlig kjørefelt;2;2922
fredag 23. februar 1996;13:50:00;Fredag;Møting under forbikjøring på rett vegstrekning;3;Vanlig veg/gate;Vegstrekning utenfor kryss/avkjørsel;Ikke tettsted;80;Riksveg;36;UID1000204994;Yrkesdøgn;Motsatt kjøreretning;Ulykke ved møting;1996;0;0;0;0;0;0;0;3;0;0;0;0;0;0;Ukjent;Telemark;40;Midt-Telemark;4020;;;0;107149245;59,34871856;9,204544952;Fylkesveg;;2;;;;;Asfalt, oljegrus;Tørr, bar veg;God sikt, opphold;Dagslys;Vanlig kjørefelt;2;
fredag 23. februar 1996;13:20:00;Fredag;Avsvinging til venstre foran kjørende i motsatt retning;2;Vanlig veg/gate;3-armet kryss (T-kryss, Y-kryss);Tettsted;50;Fylkesveg;2;UID1000204999;Yrkesdøgn;Kryssende kjøreretning;Ulykke ved avsvinging fra motsatte kjøreretning;1996;0;0;0;1;0;0;0;1;0;0;0;0;0;0;Ukjent;Telemark;40;Porsgrunn;4001;;;0;107149294;59,12584345;9,691095547;Fylkesveg;;2;;;;;Asfalt, oljegrus;Våt, bar veg;God sikt, opphold;Dagslys;Vanlig kjørefelt;2;
fredag 23. februar 2001;12:33:00;Fredag;Fotgjenger krysset kjørebanen forøvrig;2;Vanlig veg/gate;Vegstrekning utenfor kryss/avkjørsel;Tettsted;50;Kommunal veg;1730;UID1000202939;Yrkesdøgn;Fotgjenger/akende;Fotgjenger krysset kjørebanen;2001;0;0;1;0;0;0;0;1;0;0;0;0;0;0;Ukjent;Telemark;40;Porsgrunn;4001;;;0;107137162;59,12317021;9,6584801;Fylkesveg;;2;;;;;Asfalt, oljegrus;Tørr, bar veg;God sikt, opphold;Dagslys;Vanlig kjørefelt;2;
fredag 23. november 2018;08:21:00;Fredag;Enslig kjøretøy kjørte utfor på høyre side i venstrekurve;1;Vanlig veg/gate;Vegstrekning utenfor kryss/avkjørsel;Tettsted;60;Fylkesveg;353;UID1000288630;Yrkesdøgn;Utforkjøring;Enslig kjøretøy kjørte utfor vegen;2018;0;0;0;0;0;0;0;1;0;0;0;0;0;0;Nei;Telemark;40;Bamble;4012;;;0;912801174;59,05009393;9,642504649;Fylkesveg;;11;;;;;Asfalt, oljegrus;Tørr, bar veg;God sikt, opphold;Tussmørke, skumring;Vanlig kjørefelt;2;4800
fredag 23. oktober 1992;06:10:00;Fredag;Påkjøring av kjørende fra fortau eller G/S-veg, ved venstresving;2;Ukjent;3-armet kryss (T-kryss, Y-kryss);Tettsted;50;Riksveg;354;UID1000206375;Yrkesdøgn;Kryssende kjøreretning;Ulykke ved avsvinging fra samme kjøreretning;1992;0;0;0;0;0;0;0;1;0;0;1;0;0;0;Ukjent;Telemark;40;Porsgrunn;4001;;;0;107157469;59,13796513;9,643893662;Fylkesveg;;10;;;;;Ukjent;Våt, bar veg;Dårlig sikt forøvrig;Tussmørke, skumring;Ukjent;;
fredag 23. oktober 2009;00:45:00;Fredag;Enslig kjøretøy kjørte utfor på høyre side i venstrekurve;1;Vanlig veg/gate;Vegstrekning utenfor kryss/avkjørsel;Ikke tettsted;60;Riksveg;353;UID1000239387;Yrkesdøgn;Utforkjøring;Enslig kjøretøy kjørte utfor vegen;2009;0;0;0;0;0;0;0;1;0;0;0;0;0;0;Nei;Telemark;40;Bamble;4012;;;0;233992444;59,05013288;9,642358831;Fylkesveg;;10;;;;;Asfalt, oljegrus;Våt, bar veg;God sikt, opphold;Mørkt med vegbelysning;Vanlig kjørefelt;2;3800
fredag 24. august 2001;14:23:00;Fredag;Påkjøring bakfra;3;Vanlig veg/gate;Vegstrekning utenfor kryss/avkjørsel;Tettsted;50;Riksveg;36;UID1000202702;Yrkesdøgn;Samme kjøreretning;Ulykke mellom kjøretøy med samme kjøreretning;2001;0;0;0;1;0;0;0;2;0;0;0;0;0;0;Ukjent;Telemark;40;Porsgrunn;4001;;;0;107135757;59,14031836;9,660565395;Fylkesveg;;8;;;;;Asfalt, oljegrus;Tørr, bar veg;God sikt, opphold;Dagslys;Vanlig kjørefelt;2;
fredag 24. august 2007;14:00:00;Fredag;Kjørende fra fortau eller G/S-veg krysset kjørebanen på bortsiden av krysset;2;Vanlig veg/gate;Rundkjøring;Ikke tettsted;50;Gang/Sykkelveg;;UID1000223190;Yrkesdøgn;Kryssende kjøreretning;Ulykke ved kryssende kjøreretning uten avsvingning;2007;0;0;0;0;0;0;0;1;0;0;1;0;0;0;Ukjent;Telemark;40;Porsgrunn;4001;;;0;143356633;59,10610536;9,659287676;Fylkesveg;;8;;;;;Asfalt, oljegrus;Tørr, bar veg;God sikt, opphold;Dagslys;Vanlig kjørefelt;2;
fredag 24. mai 2002;20:35:00;Fredag;Møting på rett vegstrekning;2;Motortrafikkveg;Vegstrekning utenfor kryss/avkjørsel;Ikke tettsted;80;Europaveg;18;UID1000202466;Yrkesdøgn;Motsatt kjøreretning;Ulykke ved møting;2002;0;0;0;0;0;0;0;2;0;0;0;0;0;0;Ukjent;Telemark;40;Bamble;4012;;;0;107134335;58,97185468;9,509264646;Fylkesveg;;5;;;;;Asfalt, oljegrus;Tørr, bar veg;God sikt, opphold;Dagslys;Vanlig kjørefelt;2;
fredag 24. november 1995;06:00:00;Fredag;Avsvinging til venstre foran kjørende i motsatt retning;2;Ukjent;Annet (P-plass, torv, o. l.);Ikke tettsted;50;Europaveg;18;UID1000205059;Yrkesdøgn;Kryssende kjøreretning;Ulykke ved avsvinging fra motsatte kjøreretning;1995;0;0;0;0;0;0;0;1;0;0;0;1;0;0;Ukjent;Telemark;40;Bamble;4012;;;0;107149691;59,03606158;9,675545539;Fylkesveg;;11;;;;;Ukjent;Våt, bar veg;God sikt, opphold;Mørkt med vegbelysning;Ukjent;;
fredag 24. oktober 2014;15:50:00;Fredag;Fotgjenger krysset kjørebanen foran venstresvingende kjøretøy i kryss;2;Annet (plass m.m.);Annet (P-plass, torv, o. l.);Tettsted;30;Privat veg;94699;UID1000269846;Yrkesdøgn;Fotgjenger/akende;Fotgjenger krysset kjørebanen;2014;0;1;1;0;0;0;0;0;0;0;0;0;0;0;Nei;Telemark;40;Skien;4003;;;0;574027207;59,2090221;9,608924007;Fylkesveg;;10;;;;;Asfalt, oljegrus;Våt, bar veg;God sikt, opphold;Dagslys;Annet;;
fredag 25. februar 2000;11:45:00;Fredag;Høyresving foran kjørende i samme retning;2;Vanlig veg/gate;3-armet kryss (T-kryss, Y-kryss);Ikke tettsted;60;Riksveg;354;UID1000203321;Yrkesdøgn;Kryssende kjøreretning;Ulykke ved kryssende kjøreretning hvor kjøretøy foretar avsvingning;2000;0;0;0;1;0;0;0;1;0;0;0;0;0;0;Ukjent;Telemark;40;Skien;4003;;;0;107139441;59,188564;9,598054832;Fylkesveg;;2;;;;;Asfalt, oljegrus;Delvis snø / isbelagt veg;God sikt, opphold;Dagslys;Vanlig kjørefelt;2;
fredag 25. februar 2022;12:00:00;Fredag;Venstresving foran kjørende i motsatt retning;3;Vanlig veg/gate;3-armet kryss (T-kryss, Y-kryss);Tettsted;60;Fylkesveg;32;UID2982376970;Yrkesdøgn;Kryssende kjøreretning;Ulykke ved kryssende kjøreretning hvor kjøretøy foretar avsvingning;2022;0;0;0;1;0;0;0;2;0;0;0;0;0;0;Ja;Telemark;40;Porsgrunn;4001;;;0;1017700335;59,12258659;9,70759892;Fylkesveg;;2;;;;;Asfalt, oljegrus;Tørr, bar veg;God sikt, opphold;Dagslys;Vanlig kjørefelt;2;16500
fredag 25. oktober 1996;15:45:00;Fredag;Kryssende kjøreretninger (uten avsvinging);2;Vanlig veg/gate;4 armet kryss (X-kryss);Tettsted;60;Fylkesveg;59;UID1000204710;Yrkesdøgn;Kryssende kjøreretning;Ulykke ved kryssende kjøreretning uten avsvingning;1996;0;0;0;0;0;0;0;0;0;0;0;0;0;2;Ukjent;Telemark;40;Skien;4003;;;0;107147611;59,18594949;9,615462188;Fylkesveg;;10;;;;;Asfalt, oljegrus;Tørr, bar veg;God sikt, opphold;Dagslys;Vanlig kjørefelt;2;
fredag 26. desember 1997;10:50:00;Fredag;Møting i kurve;2;Vanlig veg/gate;Vegstrekning utenfor kryss/avkjørsel;Ikke tettsted;80;Riksveg;36;UID1000204160;Helgedøgn;Motsatt kjøreretning;Ulykke ved møting;1997;0;0;0;0;0;0;0;1;0;0;0;0;0;1;Ukjent;Telemark;40;Midt-Telemark;4020;;;0;107144262;59,33348885;9,218740912;Fylkesveg;;12;;;;;Asfalt, oljegrus;Tørr, bar veg;God sikt, opphold;Dagslys;Vanlig kjørefelt;2;
fredag 26. desember 2003;07:35:00;Fredag;Ulykke med uklart forløp hvor enslig kjøretøy kjørte utfor vegen;1;Vanlig veg/gate;Vegstrekning utenfor kryss/avkjørsel;Ikke tettsted;60;Europaveg;134;UID1000201680;Helgedøgn;Utforkjøring;Enslig kjøretøy kjørte utfor vegen;2003;0;0;0;0;0;0;0;1;0;0;0;0;0;0;Nei;Telemark;40;Vinje;4036;;;0;107129844;59,61846886;7,852264691;Fylkesveg;;12;;;;;Asfalt, oljegrus;Delvis snø / isbelagt veg;God sikt, opphold;Dagslys;Vanlig kjørefelt;2;1376
fredag 26. januar 1996;13:30:00;Fredag;Påkjøring bakfra;2;Vanlig veg/gate;Vegstrekning utenfor kryss/avkjørsel;Tettsted;50;Riksveg;36;UID1000205001;Yrkesdøgn;Samme kjøreretning;Ulykke mellom kjøretøy med samme kjøreretning;1996;0;0;0;0;0;0;0;2;0;0;0;0;0;0;Ukjent;Telemark;40;Porsgrunn;4001;;;0;107149311;59,13348602;9,676252293;Fylkesveg;;1;;;;;Asfalt, oljegrus;Delvis snø / isbelagt veg;God sikt, opphold;Dagslys;Vanlig kjørefelt;2;
fredag 26. mai 2000;15:20:00;Fredag;Møting i kurve;2;Boliggate, boligveg;Vegstrekning utenfor kryss/avkjørsel;Tettsted;50;Kommunal veg;1011;UID1000202841;Yrkesdøgn;Motsatt kjøreretning;Ulykke ved møting;2000;0;0;0;0;0;0;0;1;0;0;1;0;0;0;Ukjent;Telemark;40;Kragerø;4014;;;0;107136500;58,86922871;9,396233378;Fylkesveg;;5;;;;;Asfalt, oljegrus;Tørr, bar veg;God sikt, opphold;Dagslys;Ukjent;2;
fredag 26. mai 2000;12:10:00;Fredag;Enslig kjøretøy kjørte utfor på venstre side i venstrekurve;1;Vanlig veg/gate;Vegstrekning utenfor kryss/avkjørsel;Ikke tettsted;80;Skogsbilveg;51;UID1000203249;Yrkesdøgn;Utforkjøring;Enslig kjøretøy kjørte utfor vegen;2000;0;0;0;0;0;0;0;1;0;0;0;0;0;0;Nei;Telemark;40;Skien;4003;;;0;107139009;59,17487154;9,580708177;Fylkesveg;;5;;;;;Grus;Våt, bar veg;God sikt, nedbør;Dagslys;Vanlig kjørefelt;2;700
fredag 26. november 1993;15:58:00;Fredag;Påkjøring bakfra;3;Ukjent;Vegstrekning utenfor kryss/avkjørsel;Ikke tettsted;60;Europaveg;18;UID1000205861;Yrkesdøgn;Samme kjøreretning;Ulykke mellom kjøretøy med samme kjøreretning;1993;0;0;0;1;0;0;0;2;0;0;0;0;0;0;Ukjent;Telemark;40;Bamble;4012;;;0;107154615;59,03556513;9,675727271;Fylkesveg;;11;;;;;Ukjent;Delvis snø / isbelagt veg;Dårlig sikt, nedbør;Mørkt uten vegbelysning;Ukjent;;
fredag 27. juli 2007;16:05:00;Fredag;Venstresving foran kjørende i motsatt retning;2;Vanlig veg/gate;3-armet kryss (T-kryss, Y-kryss);Tettsted;60;Kommunal veg;1021;UID1000222313;Yrkesdøgn;Kryssende kjøreretning;Ulykke ved kryssende kjøreretning hvor kjøretøy foretar avsvingning;2007;0;0;0;0;0;0;1;1;0;0;0;0;0;0;Ukjent;Telemark;40;Siljan;4010;;;0;140855566;59,28782474;9,70638253;Fylkesveg;;7;;;;;Asfalt, oljegrus;Tørr, bar veg;God sikt, opphold;Dagslys;Vanlig kjørefelt;2;
fredag 27. juni 1997;15:10:00;Fredag;Kryssende kjøreretninger (uten avsvinging);2;Vanlig veg/gate;4 armet kryss (X-kryss);Tettsted;50;Kommunal veg;62600;UID1000204442;Yrkesdøgn;Kryssende kjøreretning;Ulykke ved kryssende kjøreretning uten avsvingning;1997;0;0;0;0;0;0;0;0;0;0;1;0;0;1;Ukjent;Telemark;40;Skien;4003;;;0;107145986;59,18811184;9,597354704;Fylkesveg;;6;;;;;Asfalt, oljegrus;Våt, bar veg;God sikt, opphold;Dagslys;Vanlig kjørefelt;2;
fredag 27. juni 2003;11:23:00;Fredag;Venstresving foran kjørende i motsatt retning;2;Vanlig veg/gate;3-armet kryss (T-kryss, Y-kryss);Ikke tettsted;60;Riksveg;354;UID1000202048;Yrkesdøgn;Kryssende kjøreretning;Ulykke ved kryssende kjøreretning hvor kjøretøy foretar avsvingning;2003;0;0;0;1;0;0;0;1;0;0;0;0;0;0;Ukjent;Telemark;40;Bamble;4012;;;0;107131904;59,04015512;9,675521894;Fylkesveg;;6;;;;;Asfalt, oljegrus;Tørr, bar veg;God sikt, opphold;Dagslys;Vanlig kjørefelt;3;
fredag 27. mai 2011;17:30:00;Fredag;Venstresving foran kjørende i samme retning;2;Vanlig veg/gate;3-armet kryss (T-kryss, Y-kryss);Tettsted;70;Riksveg;36;UID1000249166;Yrkesdøgn;Kryssende kjøreretning;Ulykke ved kryssende kjøreretning hvor kjøretøy foretar avsvingning;2011;0;0;0;0;0;0;0;2;0;0;0;0;0;0;Ukjent;Telemark;40;Skien;4003;;;0;285090330;59,18058563;9,570156952;Fylkesveg;;5;;;;;Asfalt, oljegrus;Tørr, bar veg;God sikt, opphold;Dagslys;Vanlig kjørefelt;3;
fredag 28. juni 1996;08:22:00;Fredag;Ulykke med uklart forløp ved avsvinging fra samme kjøreretning;2;Vanlig veg/gate;4 armet kryss (X-kryss);Tettsted;50;Riksveg;36;UID1000204835;Yrkesdøgn;Kryssende kjøreretning;Ulykke ved avsvinging fra samme kjøreretning;1996;0;1;0;0;0;1;0;0;0;0;0;0;0;0;Ukjent;Telemark;40;Porsgrunn;4001;;;0;107148352;59,13860107;9,662567213;Fylkesveg;;6;;;;;Asfalt, oljegrus;Tørr, bar veg;God sikt, opphold;Dagslys;Vanlig kjørefelt;2;
fredag 28. mai 2010;16:20:00;Fredag;Høyresving foran kjørende i samme retning;2;Vanlig veg/gate;3-armet kryss (T-kryss, Y-kryss);Tettsted;70;Riksveg;36;UID1000242877;Yrkesdøgn;Kryssende kjøreretning;Ulykke ved kryssende kjøreretning hvor kjøretøy foretar avsvingning;2010;0;0;0;0;1;0;0;1;0;0;0;0;0;0;Ukjent;Telemark;40;Skien;4003;;;0;249816221;59,18057596;9,570140955;Fylkesveg;;5;;;;;Asfalt, oljegrus;Tørr, bar veg;God sikt, opphold;Dagslys;Vanlig kjørefelt;3;
fredag 28. november 2003;21:20:00;Fredag;Venstresving foran kjørende i motsatt retning;2;Vanlig veg/gate;3-armet kryss (T-kryss, Y-kryss);Tettsted;50;Kommunal veg;4360;UID1000201853;Yrkesdøgn;Kryssende kjøreretning;Ulykke ved kryssende kjøreretning hvor kjøretøy foretar avsvingning;2003;0;0;0;0;0;0;1;1;0;0;0;0;0;0;Nei;Telemark;40;Porsgrunn;4001;;;0;107130834;59,13857889;9,643937636;Fylkesveg;;11;;;;;Asfalt, oljegrus;Våt, bar veg;God sikt, opphold;Mørkt med vegbelysning;Vanlig kjørefelt;2;
fredag 29. januar 1999;00:01:00;Fredag;Påkjøring bakfra ved venstresving;2;Vanlig veg/gate;3-armet kryss (T-kryss, Y-kryss);Ikke tettsted;60;Europaveg;134;UID1000203728;Yrkesdøgn;Kryssende kjøreretning;Ulykke ved avsvinging fra samme kjøreretning;1999;0;0;0;0;0;0;0;2;0;0;0;0;0;0;Ukjent;Telemark;40;Notodden;4005;;;0;107141787;59,56534786;9,223962532;Fylkesveg;;1;;;;;Asfalt, oljegrus;Ukjent;Ukjent;;Vanlig kjørefelt;3;
fredag 29. juni 2007;04:05:00;Fredag;Enslig kjøretøy kjørte utfor på høyre side på rett vegstrekning;1;Motorveg;Vegstrekning utenfor kryss/avkjørsel;Ikke tettsted;80;Europaveg;18;UID1000221739;Yrkesdøgn;Utforkjøring;Enslig kjøretøy kjørte utfor vegen;2007;0;0;0;0;0;0;0;1;0;0;0;0;0;0;Nei;Telemark;40;Porsgrunn;4001;;;0;140852332;59,0970571;9,778039468;Fylkesveg;;6;;;;;Asfalt, oljegrus;Tørr, bar veg;God sikt, opphold;Dagslys;Vanlig kjørefelt;2;14062
fredag 29. juni 2018;15:27:00;Fredag;Påkjøring bakfra;2;Vanlig veg/gate;Vegstrekning utenfor kryss/avkjørsel;Ikke tettsted;60;Fylkesveg;353;UID1000286801;Yrkesdøgn;Samme kjøreretning;Ulykke mellom kjøretøy med samme kjøreretning;2018;0;0;0;0;0;1;0;1;0;0;0;0;0;0;Nei;Telemark;40;Bamble;4012;;;0;875865828;59,04782992;9,646071788;Fylkesveg;;6;;;;;Asfalt, oljegrus;Tørr, bar veg;God sikt, opphold;Dagslys;Vanlig kjørefelt;2;4800
fredag 29. november 2013;19:31:00;Fredag;Avsvinging til venstre foran kjørende i motsatt retning;2;Vanlig veg/gate;Avkjørsel;Tettsted;60;Europaveg;134;UID1000264663;Yrkesdøgn;Kryssende kjøreretning;Ulykke ved avsvinging fra motsatte kjøreretning;2013;0;0;0;1;0;0;0;1;0;0;0;0;0;0;Ukjent;Telemark;40;Tokke;4034;;;0;480763011;59,49443861;8,203592055;Fylkesveg;;11;;;;;Asfalt, oljegrus;Glatt ellers;God sikt, opphold;Mørkt uten vegbelysning;Vanlig kjørefelt;2;
fredag 30. desember 2011;14:30:00;Fredag;Enslig kjøretøy kjørte utfor på høyre side i venstrekurve;1;Vanlig veg/gate;Vegstrekning utenfor kryss/avkjørsel;Ikke tettsted;70;Europaveg;134;UID1000253084;Yrkesdøgn;Utforkjøring;Enslig kjøretøy kjørte utfor vegen;2011;0;0;0;0;0;0;0;1;0;0;0;0;0;0;Ukjent;Telemark;40;Notodden;4005;;;0;317256849;59,58240449;9,31889754;Fylkesveg;;12;;;;;Asfalt, oljegrus;Ukjent;God sikt, opphold;Dagslys;Vanlig kjørefelt;2;
fredag 30. mai 1997;14:45:00;Fredag;Ulykke med uklart forløp / ulykke som ikke faller inn under noen bestemt ul.kode;2;Annet (plass m.m.);Annet (P-plass, torv, o. l.);Tettsted;;;;UID1000204480;Yrkesdøgn;Andre ulykker;Andre ulykker(parkering o.l);1997;0;0;1;0;0;0;0;1;0;0;0;0;0;0;Ukjent;Telemark;40;Skien;4003;PF99999 S1D1 m0;Privat veg;99999;107146199;59,16124536;9,635180298;Privat veg;;5;;;;;Asfalt, oljegrus;Tørr, bar veg;God sikt, opphold;Dagslys;Annet;;
fredag 31. mai 2013;02:41:00;Fredag;Møting på rett vegstrekning;2;Vanlig veg/gate;4 armet kryss (X-kryss);Tettsted;50;Fylkesveg;32;UID1000261261;Yrkesdøgn;Motsatt kjøreretning;Ulykke ved møting;2013;0;0;0;0;0;0;0;1;0;0;1;0;0;0;Ukjent;Telemark;40;Porsgrunn;4001;;;0;403637225;59,14217438;9,658436614;Fylkesveg;;5;;;;;Asfalt, oljegrus;Ukjent;Ukjent;Mørkt med vegbelysning;Vanlig kjørefelt;;
fredag 31. mars 2000;17:10:00;Fredag;Påkjøring av forankjørende ved skifte av felt til venstre;5;Motortrafikkveg;Bomstasjon;Ikke tettsted;50;Europaveg;18;UID1000203291;Yrkesdøgn;Samme kjøreretning;Ulykke mellom kjøretøy med samme kjøreretning;2000;0;1;0;1;0;0;0;3;0;0;0;0;0;0;Nei;Telemark;40;Porsgrunn;4001;;;0;107139266;59,10212636;9,768538185;Fylkesveg;;3;;;;;Asfalt, oljegrus;Våt, bar veg;God sikt, nedbør;Dagslys;Annet;6;10300
fredag 31. oktober 1997;19:45:00;Fredag;Forbikjøring;2;Motortrafikkveg;Vegstrekning utenfor kryss/avkjørsel;Ikke tettsted;90;Europaveg;18;UID1000204281;Yrkesdøgn;Samme kjøreretning;Ulykke mellom kjøretøy med samme kjøreretning;1997;0;0;0;1;0;0;0;0;0;0;0;0;0;1;Ukjent;Telemark;40;Bamble;4012;;;0;107145052;59,03439156;9,676729776;Fylkesveg;;10;;;;;Asfalt, oljegrus;Våt, bar veg;God sikt, opphold;Mørkt med vegbelysning;Vanlig kjørefelt;2;
fredag 4. august 2006;17:54:00;Fredag;Høyresving foran venstresvingende kjøretøy;2;Vanlig veg/gate;3-armet kryss (T-kryss, Y-kryss);Tettsted;50;Riksveg;41;UID1000214998;Yrkesdøgn;Kryssende kjøreretning;Ulykke ved kryssende kjøreretning hvor kjøretøy foretar avsvingning;2006;0;0;0;0;0;0;0;2;0;0;0;0;0;0;Nei;Telemark;40;Kviteseid;4028;;;0;119355573;59,40187348;8,496268264;Fylkesveg;;8;;;;;Asfalt, oljegrus;Tørr, bar veg;God sikt, opphold;Dagslys;Vanlig kjørefelt;2;975
fredag 4. mars 2005;09:30:00;Fredag;Påkjøring av parkert kjøretøy på venstre side;2;Vanlig veg/gate;Avkjørsel;Ikke tettsted;60;Kommunal veg;1021;UID1000201194;Yrkesdøgn;Andre ulykker;Andre ulykker(parkering o.l);2005;0;0;0;0;0;0;0;2;0;0;0;0;0;0;Ukjent;Telemark;40;Siljan;4010;;;0;107126811;59,28553385;9,723060083;Fylkesveg;;3;;;;;Annet dekke;Delvis snø / isbelagt veg;God sikt, opphold;Dagslys;Vanlig kjørefelt;2;
fredag 4. oktober 2002;16:00:00;Fredag;Fotgjenger krysset kjørebanen på bortsiden av krysset;2;Vanlig veg/gate;4 armet kryss (X-kryss);Tettsted;50;Riksveg;36;UID1000202312;Yrkesdøgn;Fotgjenger/akende;Fotgjenger krysset kjørebanen;2002;0;0;1;0;0;0;0;1;0;0;0;0;0;0;Ukjent;Telemark;40;Porsgrunn;4001;;;0;107133503;59,13839829;9,662668909;Fylkesveg;;10;;;;;Asfalt, oljegrus;Ukjent;Ukjent;Dagslys;Vanlig kjørefelt;2;
fredag 5. februar 1993;07:55:00;Fredag;Enslig kjøretøy kjørte utfor på høyre side i venstrekurve;1;Ukjent;Vegstrekning utenfor kryss/avkjørsel;Ikke tettsted;80;Riksveg;36;UID1000206232;Yrkesdøgn;Utforkjøring;Enslig kjøretøy kjørte utfor vegen;1993;0;0;0;0;0;0;0;1;0;0;0;0;0;0;Ukjent;Telemark;40;Midt-Telemark;4020;;;0;107156732;59,37359627;9,176631893;Fylkesveg;;2;;;;;Ukjent;Snø / isbelagt veg;God sikt, opphold;Tussmørke, skumring;Ukjent;;
fredag 5. januar 1996;04:45:00;Fredag;Enslig kjøretøy kjørte utfor på venstre side i høyrekurve;1;Ukjent;Vegstrekning utenfor kryss/avkjørsel;Tettsted;50;Riksveg;356;UID1000205048;Yrkesdøgn;Utforkjøring;Enslig kjøretøy kjørte utfor vegen;1996;0;0;0;1;0;0;0;0;0;0;0;0;0;0;Ukjent;Telemark;40;Skien;4003;;;0;107149609;59,12434225;9,58358411;Fylkesveg;;1;;;;;Ukjent;Delvis snø / isbelagt veg;God sikt, opphold;Mørkt med vegbelysning;Ukjent;;
fredag 5. juli 2013;08:59:00;Fredag;Enslig kjøretøy kjørte utfor på venstre side i høyrekurve;1;Rampe;Vegstrekning utenfor kryss/avkjørsel;Ikke tettsted;80;Europaveg;18;UID1000262359;Yrkesdøgn;Utforkjøring;Enslig kjøretøy kjørte utfor vegen;2013;0;0;0;0;0;0;0;1;0;0;0;0;0;0;Nei;Telemark;40;Porsgrunn;4001;;;0;428443443;59,07718625;9,663741004;Fylkesveg;;7;;;;;Asfalt, oljegrus;Tørr, bar veg;God sikt, opphold;Dagslys;Vanlig kjørefelt;2;5100
fredag 5. mai 2000;16:45:00;Fredag;Påkjøring bakfra;2;Vanlig veg/gate;3-armet kryss (T-kryss, Y-kryss);Tettsted;60;Riksveg;36;UID1000203268;Yrkesdøgn;Samme kjøreretning;Ulykke mellom kjøretøy med samme kjøreretning;2000;0;0;0;0;0;0;0;1;0;0;0;0;0;1;Ukjent;Telemark;40;Midt-Telemark;4020;;;0;107139128;59,4108766;9,077915877;Fylkesveg;;5;;;;;Asfalt, oljegrus;Tørr, bar veg;God sikt, opphold;Dagslys;Ukjent;2;
fredag 6. april 2001;21:00:00;Fredag;Venstresving foran kjørende i motsatt retning;2;Vanlig veg/gate;3-armet kryss (T-kryss, Y-kryss);Ikke tettsted;60;Europaveg;134;UID1000202902;Yrkesdøgn;Kryssende kjøreretning;Ulykke ved kryssende kjøreretning hvor kjøretøy foretar avsvingning;2001;0;0;0;0;0;0;0;2;0;0;0;0;0;0;Ukjent;Telemark;40;Notodden;4005;;;0;107136895;59,56527363;9,223709179;Fylkesveg;;4;;;;;Asfalt, oljegrus;Våt, bar veg;God sikt, nedbør;Mørkt med vegbelysning;Vanlig kjørefelt;2;
fredag 6. desember 1996;11:20:00;Fredag;Venstresving foran kjørende i motsatt retning;2;Vanlig veg/gate;3-armet kryss (T-kryss, Y-kryss);Tettsted;50;Riksveg;36;UID1000204657;Yrkesdøgn;Kryssende kjøreretning;Ulykke ved kryssende kjøreretning hvor kjøretøy foretar avsvingning;1996;0;0;0;0;0;0;0;2;0;0;0;0;0;0;Ukjent;Telemark;40;Skien;4003;;;0;107147315;59,19632523;9,606141212;Fylkesveg;;12;;;;;Asfalt, oljegrus;Delvis snø / isbelagt veg;God sikt, opphold;Dagslys;Vanlig kjørefelt;2;
fredag 6. februar 1998;18:20:00;Fredag;Påkjøring bakfra;3;Vanlig veg/gate;4 armet kryss (X-kryss);Tettsted;50;Riksveg;36;UID1000204168;Yrkesdøgn;Samme kjøreretning;Ulykke mellom kjøretøy med samme kjøreretning;1998;0;0;0;0;0;0;0;3;0;0;0;0;0;0;Ukjent;Telemark;40;Porsgrunn;4001;;;0;107144307;59,14232782;9,658447673;Fylkesveg;;2;;;;;Asfalt, oljegrus;Våt, bar veg;God sikt, nedbør;Mørkt med vegbelysning;Vanlig kjørefelt;3;
fredag 6. mai 2005;15:15:00;Fredag;Enslig kjøretøy kjørte utfor på høyre side i venstrekurve;1;Vanlig veg/gate;Bru;Ikke tettsted;60;Riksveg;363;UID1000201081;Yrkesdøgn;Utforkjøring;Enslig kjøretøy kjørte utfor vegen;2005;0;0;0;0;0;0;1;0;0;0;0;0;0;0;Ukjent;Telemark;40;Kragerø;4014;;;0;107126130;58,89348251;9,337252814;Fylkesveg;;5;;;;;Asfalt, oljegrus;Våt, bar veg;God sikt, nedbør;Dagslys;Vanlig kjørefelt;2;
fredag 7. april 2023;14:06:00;Fredag;Enslig kjøretøy kjørte utfor på høyre side i høyrekurve;1;Vanlig veg/gate;Vegstrekning utenfor kryss/avkjørsel;Tettsted;60;Riksveg;41;UID1940742156;Helgedøgn;Utforkjøring;Enslig kjøretøy kjørte utfor vegen;2023;0;0;0;0;0;1;0;0;0;0;0;0;0;0;Nei;Telemark;40;Kviteseid;4028;;;0;1019217159;59,40290404;8,495080574;Fylkesveg;;4;;;;;Asfalt, oljegrus;Tørr, bar veg;God sikt, opphold;Dagslys;Vanlig kjørefelt;2;1700
fredag 7. februar 1992;16:55:00;Fredag;Venstresving foran kjørende i motsatt retning;2;Ukjent;3-armet kryss (T-kryss, Y-kryss);Ikke tettsted;70;Riksveg;36;UID1000206709;Yrkesdøgn;Kryssende kjøreretning;Ulykke ved kryssende kjøreretning hvor kjøretøy foretar avsvingning;1992;0;0;0;0;0;0;0;2;0;0;0;0;0;0;Ukjent;Telemark;40;Skien;4003;;;0;107159313;59,18400665;9,518018605;Fylkesveg;;2;;;;;Ukjent;Våt, bar veg;God sikt, opphold;Tussmørke, skumring;Ukjent;;
fredag 7. juli 1995;14:48:00;Fredag;Venstresving foran kjørende i motsatt retning;2;Ukjent;3-armet kryss (T-kryss, Y-kryss);Tettsted;60;Riksveg;36;UID1000205225;Yrkesdøgn;Kryssende kjøreretning;Ulykke ved kryssende kjøreretning hvor kjøretøy foretar avsvingning;1995;0;0;0;0;0;0;1;1;0;0;0;0;0;0;Ukjent;Telemark;40;Skien;4003;;;0;107150723;59,19546051;9,601366102;Fylkesveg;;7;;;;;Ukjent;Våt, bar veg;God sikt, nedbør;Dagslys;Ukjent;;
fredag 7. juli 2000;14:45:00;Fredag;Påkjøring bakfra ved venstresving;2;Vanlig veg/gate;Avkjørsel;Ikke tettsted;60;Riksveg;353;UID1000203178;Yrkesdøgn;Kryssende kjøreretning;Ulykke ved avsvinging fra samme kjøreretning;2000;0;0;0;0;0;0;1;1;0;0;0;0;0;0;Nei;Telemark;40;Bamble;4012;;;0;107138588;59,05012744;9,642010337;Fylkesveg;;7;;;;;Asfalt, oljegrus;Tørr, bar veg;God sikt, opphold;Dagslys;Vanlig kjørefelt;2;3600
fredag 7. juli 2006;18:24:00;Fredag;Enslig kjøretøy kjørte utfor på høyre side i venstrekurve;1;Vanlig veg/gate;Vegstrekning utenfor kryss/avkjørsel;Ikke tettsted;70;Riksveg;353;UID1000211708;Yrkesdøgn;Utforkjøring;Enslig kjøretøy kjørte utfor vegen;2006;0;0;0;0;0;0;0;0;0;0;0;0;0;1;Nei;Telemark;40;Bamble;4012;;;0;114338552;59,05392516;9,633765855;Fylkesveg;;7;;;;;Asfalt, oljegrus;Tørr, bar veg;God sikt, opphold;Dagslys;Vanlig kjørefelt;2;4438
fredag 7. mai 2004;14:11:00;Fredag;Avsvinging til venstre foran kjørende i motsatt retning;2;Vanlig veg/gate;4 armet kryss (X-kryss);Ikke tettsted;60;Riksveg;354;UID1000201603;Yrkesdøgn;Kryssende kjøreretning;Ulykke ved avsvinging fra motsatte kjøreretning;2004;0;0;0;0;0;0;1;1;0;0;0;0;0;0;Ukjent;Telemark;40;Skien;4003;;;0;107129360;59,19318729;9,587640229;Fylkesveg;;5;;;;;Asfalt, oljegrus;Tørr, bar veg;God sikt, opphold;Dagslys;Vanlig kjørefelt;3;
fredag 7. november 2003;10:52:00;Fredag;Avsvinging til venstre foran kjørende i motsatt retning;2;Vanlig veg/gate;3-armet kryss (T-kryss, Y-kryss);Ikke tettsted;50;Riksveg;36;UID1000201854;Yrkesdøgn;Kryssende kjøreretning;Ulykke ved avsvinging fra motsatte kjøreretning;2003;0;0;0;0;0;0;0;2;0;0;0;0;0;0;Ukjent;Telemark;40;Skien;4003;;;0;107130839;59,1954523;9,601384944;Fylkesveg;;11;;;;;Asfalt, oljegrus;Tørr, bar veg;God sikt, opphold;Dagslys;Vanlig kjørefelt;2;
fredag 7. november 2008;17:37:00;Fredag;Påkjøring bakfra;2;Vanlig veg/gate;Vegstrekning utenfor kryss/avkjørsel;Tettsted;50;Riksveg;356;UID1000232512;Yrkesdøgn;Samme kjøreretning;Ulykke mellom kjøretøy med samme kjøreretning;2008;0;0;0;0;0;0;0;2;0;0;0;0;0;0;Ja;Telemark;40;Porsgrunn;4001;;;0;198095358;59,13822144;9,643345666;Fylkesveg;;11;;;;;Asfalt, oljegrus;Våt, bar veg;Ukjent;Mørkt med vegbelysning;Vanlig kjørefelt;2;
fredag 7. oktober 2011;11:15:00;Fredag;Møting i kurve;3;Vanlig veg/gate;Vegstrekning utenfor kryss/avkjørsel;Tettsted;70;Europaveg;18;UID1000251919;Yrkesdøgn;Motsatt kjøreretning;Ulykke ved møting;2011;0;0;0;0;0;0;0;3;0;0;0;0;0;0;Ukjent;Telemark;40;Bamble;4012;;;0;301718701;58,9719628;9,510537162;Fylkesveg;;10;;;;;Asfalt, oljegrus;Våt, bar veg;God sikt, opphold;Dagslys;Vanlig kjørefelt;2;
fredag 8. august 2014;16:30:00;Fredag;Påkjøring bakfra;2;Vanlig veg/gate;Vegstrekning utenfor kryss/avkjørsel;Tettsted;70;Riksveg;36;UID1000268590;Yrkesdøgn;Samme kjøreretning;Ulykke mellom kjøretøy med samme kjøreretning;2014;0;0;0;0;0;1;0;1;0;0;0;0;0;0;Ja;Telemark;40;Porsgrunn;4001;;;0;555060577;59,10206019;9,670309549;Fylkesveg;;8;;;;;Asfalt, oljegrus;Ukjent;Ukjent;Dagslys;Vanlig kjørefelt;2;14250
fredag 8. desember 1995;17:20:00;Fredag;Møting i kurve;3;Ukjent;Vegstrekning utenfor kryss/avkjørsel;Ikke tettsted;80;Riksveg;11;UID1000205066;Yrkesdøgn;Motsatt kjøreretning;Ulykke ved møting;1995;0;0;0;1;0;0;0;2;0;0;0;0;0;0;Ukjent;Telemark;40;Notodden;4005;;;0;107149755;59,58476148;9,303163082;Fylkesveg;;12;;;;;Ukjent;Snø / isbelagt veg;God sikt, opphold;Mørkt uten vegbelysning;Ukjent;;
fredag 8. juli 2016;12:09:00;Fredag;Kryssende kjøreretninger (uten avsvinging);2;Vanlig veg/gate;Rundkjøring;Tettsted;50;Fylkesveg;356;UID1000278374;Yrkesdøgn;Kryssende kjøreretning;Ulykke ved kryssende kjøreretning uten avsvingning;2016;0;0;0;0;0;0;1;1;0;0;0;0;0;0;Ja;Telemark;40;Porsgrunn;4001;;;0;719343873;59,13838371;9,642917467;Fylkesveg;;7;;;;;Asfalt, oljegrus;Tørr, bar veg;God sikt, opphold;Dagslys;Vanlig kjørefelt;1;14200
fredag 8. mars 2002;09:30:00;Fredag;Venstresving foran kjørende i samme retning;2;Vanlig veg/gate;3-armet kryss (T-kryss, Y-kryss);Ikke tettsted;60;Riksveg;354;UID1000202494;Yrkesdøgn;Kryssende kjøreretning;Ulykke ved kryssende kjøreretning hvor kjøretøy foretar avsvingning;2002;0;0;0;1;0;0;0;1;0;0;0;0;0;0;Ukjent;Telemark;40;Skien;4003;;;0;107134509;59,18868095;9,598053859;Fylkesveg;;3;;;;;Asfalt, oljegrus;Tørr, bar veg;God sikt, opphold;Dagslys;Vanlig kjørefelt;2;
fredag 8. november 2002;16:30:00;Fredag;Venstresving foran kjørende i motsatt retning;2;Vanlig veg/gate;3-armet kryss (T-kryss, Y-kryss);Ikke tettsted;60;Europaveg;134;UID1000202274;Yrkesdøgn;Kryssende kjøreretning;Ulykke ved kryssende kjøreretning hvor kjøretøy foretar avsvingning;2002;0;0;0;0;0;0;0;2;0;0;0;0;0;0;Ukjent;Telemark;40;Notodden;4005;;;0;107133251;59,56538162;9,223708358;Fylkesveg;;11;;;;;Asfalt, oljegrus;Tørr, bar veg;God sikt, opphold;Tussmørke, skumring;Vanlig kjørefelt;2;
fredag 8. oktober 1999;17:40:00;Fredag;Påkjøring bakfra ved venstresving;2;Vanlig veg/gate;Avkjørsel;Ikke tettsted;70;Riksveg;36;UID1000203376;Yrkesdøgn;Kryssende kjøreretning;Ulykke ved avsvinging fra samme kjøreretning;1999;0;0;0;0;0;0;0;1;0;0;0;1;0;0;Ukjent;Telemark;40;Midt-Telemark;4020;;;0;107139794;59,33589344;9,214313554;Fylkesveg;;10;;;;;Asfalt, oljegrus;Tørr, bar veg;God sikt, opphold;Dagslys;Vanlig kjørefelt;2;
fredag 8. oktober 1999;15:35:00;Fredag;Enslig kjøretøy kjørte utfor på høyre side på rett vegstrekning;1;Motortrafikkveg;Vegstrekning utenfor kryss/avkjørsel;Ikke tettsted;90;Europaveg;18;UID1000203476;Yrkesdøgn;Utforkjøring;Enslig kjøretøy kjørte utfor vegen;1999;0;0;0;0;0;0;0;0;0;0;0;0;0;1;Ukjent;Telemark;40;Porsgrunn;4001;;;0;107140350;59,09698502;9,778260325;Fylkesveg;;10;;;;;Asfalt, oljegrus;Tørr, bar veg;God sikt, opphold;Dagslys;Vanlig kjørefelt;2;
fredag 9. august 2013;17:50:00;Fredag;Møting i kurve;2;Vanlig veg/gate;Vegstrekning utenfor kryss/avkjørsel;Ikke tettsted;70;Riksveg;36;UID1000262965;Yrkesdøgn;Motsatt kjøreretning;Ulykke ved møting;2013;0;0;0;0;0;0;0;2;0;0;0;0;0;0;Ukjent;Telemark;40;Nome;4018;;;0;449329220;59,32791854;9,230735524;Fylkesveg;;8;;;;;Asfalt, oljegrus;Tørr, bar veg;God sikt, opphold;Dagslys;Vanlig kjørefelt;2;
fredag 9. desember 2022;16:39:00;Fredag;Fotgjenger krysset kjørebanen forøvrig;2;Annet (plass m.m.);Annet (P-plass, torv, o. l.);Tettsted;30;Fylkesveg;99999;UID9774759667;Yrkesdøgn;Fotgjenger/akende;Fotgjenger krysset kjørebanen;2022;0;0;1;1;0;0;0;0;0;0;0;0;0;0;Ukjent;Telemark;40;Skien;4003;FF99999 S1D1 m0;Fylkesveg;99999;1017708809;59,17922595;9,633880754;Fylkesveg;;12;;;;;Asfalt, oljegrus;Delvis snø / isbelagt veg;God sikt, opphold;Mørkt uten vegbelysning;Annet;2;
fredag 9. mai 2003;03:56:00;Fredag;Enslig kjøretøy kjørte utfor på venstre side i høyrekurve;1;Vanlig veg/gate;Vegstrekning utenfor kryss/avkjørsel;Ikke tettsted;80;Riksveg;356;UID1000202090;Yrkesdøgn;Utforkjøring;Enslig kjøretøy kjørte utfor vegen;2003;0;0;0;0;0;0;0;1;0;0;0;0;0;0;Ukjent;Telemark;40;Skien;4003;;;0;107132140;59,12378963;9,599654124;Fylkesveg;;5;;;;;Asfalt, oljegrus;Tørr, bar veg;God sikt, opphold;Mørkt uten vegbelysning;Vanlig kjørefelt;2;
fredag 9. mars 2001;10:32:00;Fredag;Påkjøring bakfra;2;Vanlig veg/gate;Vegstrekning utenfor kryss/avkjørsel;Ikke tettsted;50;Riksveg;36;UID1000202932;Yrkesdøgn;Samme kjøreretning;Ulykke mellom kjøretøy med samme kjøreretning;2001;0;0;0;0;0;0;0;2;0;0;0;0;0;0;Ukjent;Telemark;40;Porsgrunn;4001;;;0;107137100;59,14031621;9,660513192;Fylkesveg;;3;;;;;Asfalt, oljegrus;Våt, bar veg;God sikt, nedbør;Dagslys;Vanlig kjørefelt;2;
lørdag 1. august 1998;10:05:00;Lørdag;Enslig kjøretøy kjørte utfor på høyre side i høyrekurve;1;Vanlig veg/gate;Vegstrekning utenfor kryss/avkjørsel;Ikke tettsted;80;Europaveg;134;UID1000203943;Helgedøgn;Utforkjøring;Enslig kjøretøy kjørte utfor vegen;1998;0;0;0;0;0;0;0;1;0;0;0;0;0;0;Ukjent;Telemark;40;Notodden;4005;;;0;107143056;59,58244891;9,318677047;Fylkesveg;;8;;;;;Asfalt, oljegrus;Våt, bar veg;God sikt, nedbør;Dagslys;Vanlig kjørefelt;2;
lørdag 1. desember 2007;;Lørdag;Enslig kjøretøy kjørte utfor på høyre side i venstrekurve;1;Vanlig veg/gate;Vegstrekning utenfor kryss/avkjørsel;Tettsted;60;Kommunal veg;3013;UID1000225268;Helgedøgn;Utforkjøring;Enslig kjøretøy kjørte utfor vegen;2007;0;0;0;0;0;0;0;1;0;0;0;0;0;0;Ukjent;Telemark;40;Notodden;4005;;;0;152085044;59,56618748;9,300191571;Fylkesveg;;12;;;;;Asfalt, oljegrus;Delvis snø / isbelagt veg;Dårlig sikt, nedbør;Tussmørke, skumring;Vanlig kjørefelt;2;
lørdag 1. mai 2004;21:00:00;Lørdag;Påkjøring bakfra;2;Vanlig veg/gate;Vegstrekning utenfor kryss/avkjørsel;Ikke tettsted;;Privat veg;99361;UID1000201624;Helgedøgn;Samme kjøreretning;Ulykke mellom kjøretøy med samme kjøreretning;2004;0;0;0;0;0;0;2;0;0;0;0;0;0;0;Ukjent;Telemark;40;Kragerø;4014;;;0;107129518;58,89060349;9,359862907;Fylkesveg;;5;;;;;Ukjent;Tørr, bar veg;God sikt, opphold;Dagslys;Vanlig kjørefelt;2;
lørdag 1. mars 2014;18:29:00;Lørdag;Møting i kurve;2;Vanlig veg/gate;Vegstrekning utenfor kryss/avkjørsel;Ikke tettsted;80;Europaveg;134;UID1000265742;Helgedøgn;Motsatt kjøreretning;Ulykke ved møting;2014;0;0;0;0;0;0;1;1;0;0;0;0;0;0;Ukjent;Telemark;40;Seljord;4022;;;0;488840587;59,50861304;8,646326159;Fylkesveg;;3;;;;;Asfalt, oljegrus;Våt, bar veg;Dårlig sikt, nedbør;Mørkt uten vegbelysning;Vanlig kjørefelt;2;
lørdag 1. oktober 2005;14:29:00;Lørdag;Enslig kjøretøy kjørte utfor på høyre side i venstrekurve;1;Vanlig veg/gate;Vegstrekning utenfor kryss/avkjørsel;Ikke tettsted;80;Europaveg;134;UID1000200926;Helgedøgn;Utforkjøring;Enslig kjøretøy kjørte utfor vegen;2005;0;0;0;0;0;1;0;0;0;0;0;0;0;0;Ukjent;Telemark;40;Vinje;4036;;;0;107125211;59,72975308;7,622453748;Fylkesveg;;10;;;;;Asfalt, oljegrus;Våt, bar veg;God sikt, opphold;Dagslys;Vanlig kjørefelt;2;
lørdag 1. september 2001;12:50:00;Lørdag;Venstresving foran kjørende i motsatt retning;2;Vanlig veg/gate;3-armet kryss (T-kryss, Y-kryss);Ikke tettsted;50;Riksveg;36;UID1000202694;Helgedøgn;Kryssende kjøreretning;Ulykke ved kryssende kjøreretning hvor kjøretøy foretar avsvingning;2001;0;0;0;0;0;0;0;2;0;0;0;0;0;0;Ukjent;Telemark;40;Porsgrunn;4001;;;0;107135707;59,13524992;9,670129322;Fylkesveg;;9;;;;;Asfalt, oljegrus;Våt, bar veg;God sikt, opphold;Dagslys;Vanlig kjørefelt;2;
lørdag 10. november 2001;00:46:00;Lørdag;Enslig kjøretøy kjørte utfor på høyre side på rett vegstrekning;1;Vanlig veg/gate;Vegstrekning utenfor kryss/avkjørsel;Ikke tettsted;70;Riksveg;36;UID1000202647;Helgedøgn;Utforkjøring;Enslig kjøretøy kjørte utfor vegen;2001;0;0;0;0;0;0;0;1;0;0;0;0;0;0;Ukjent;Telemark;40;Porsgrunn;4001;;;0;107135412;59,13336691;9,676638524;Fylkesveg;;11;;;;;Asfalt, oljegrus;Tørr, bar veg;God sikt, opphold;Mørkt med vegbelysning;Vanlig kjørefelt;2;
lørdag 10. september 2005;16:30:00;Lørdag;Møting etter oppstart fra stanset eller parkert stilling;2;Annet (plass m.m.);Annet (P-plass, torv, o. l.);Tettsted;;Privat veg;99812;UID1000200864;Helgedøgn;Motsatt kjøreretning;Ulykke ved møting;2005;0;0;0;0;0;0;1;1;0;0;0;0;0;0;Ukjent;Telemark;40;Bamble;4012;;;0;107124887;59,0441452;9,695090894;Fylkesveg;;9;;;;;Asfalt, oljegrus;Tørr, bar veg;God sikt, opphold;Dagslys;Annet;;
lørdag 10. september 2016;20:05:00;Lørdag;Påkjøring bakfra;2;Vanlig veg/gate;Vegstrekning utenfor kryss/avkjørsel;Ikke tettsted;80;Fylkesveg;353;UID1000279513;Helgedøgn;Samme kjøreretning;Ulykke mellom kjøretøy med samme kjøreretning;2016;0;0;0;0;0;0;0;2;0;0;0;0;0;0;Ukjent;Telemark;40;Skien;4003;;;0;745235886;59,17216038;9,56625493;Fylkesveg;;9;;;;;Asfalt, oljegrus;Våt, bar veg;God sikt, nedbør;Tussmørke, skumring;Vanlig kjørefelt;2;
lørdag 11. april 2009;14:59:00;Lørdag;Påkjøring forøvrig ved venstresving;2;Vanlig veg/gate;Avkjørsel;Ikke tettsted;60;Riksveg;354;UID1000235288;Helgedøgn;Kryssende kjøreretning;Ulykke ved avsvinging fra samme kjøreretning;2009;0;0;0;0;0;1;0;1;0;0;0;0;0;0;Ukjent;Telemark;40;Skien;4003;;;0;212414963;59,15627885;9,637379219;Fylkesveg;;4;;;;;Asfalt, oljegrus;Tørr, bar veg;God sikt, opphold;Dagslys;Vanlig kjørefelt;2;
lørdag 11. juni 2005;19:20:00;Lørdag;Påkjøring av forankjørende ved skifte av felt til venstre;2;Vanlig veg/gate;Vegstrekning utenfor kryss/avkjørsel;Tettsted;60;Riksveg;354;UID1000201091;Helgedøgn;Samme kjøreretning;Ulykke mellom kjøretøy med samme kjøreretning;2005;0;0;0;0;0;0;0;1;0;0;1;0;0;0;Ukjent;Telemark;40;Skien;4003;;;0;107126191;59,15699833;9,6369334;Fylkesveg;;6;;;;;Asfalt, oljegrus;Tørr, bar veg;God sikt, opphold;Dagslys;Vanlig kjørefelt;2;
lørdag 11. oktober 1997;13:10:00;Lørdag;Venstresving foran kjørende i motsatt retning;2;Vanlig veg/gate;3-armet kryss (T-kryss, Y-kryss);Ikke tettsted;80;Europaveg;134;UID1000204283;Helgedøgn;Kryssende kjøreretning;Ulykke ved kryssende kjøreretning hvor kjøretøy foretar avsvingning;1997;0;0;0;0;0;0;0;2;0;0;0;0;0;0;Ukjent;Telemark;40;Notodden;4005;;;0;107145063;59,56530043;9,223704572;Fylkesveg;;10;;;;;Asfalt, oljegrus;Tørr, bar veg;God sikt, opphold;Dagslys;Vanlig kjørefelt;2;
lørdag 12. desember 1998;15:30:00;Lørdag;Påkjøring bakfra ved venstresving;2;Vanlig veg/gate;3-armet kryss (T-kryss, Y-kryss);Tettsted;50;Riksveg;36;UID1000203803;Helgedøgn;Kryssende kjøreretning;Ulykke ved avsvinging fra samme kjøreretning;1998;0;0;0;0;0;0;0;2;0;0;0;0;0;0;Ukjent;Telemark;40;Skien;4003;;;0;107142219;59,19606907;9,604743226;Fylkesveg;;12;;;;;Asfalt, oljegrus;Snø / isbelagt veg;God sikt, nedbør;Mørkt med vegbelysning;Vanlig kjørefelt;2;
lørdag 12. februar 2005;19:02:00;Lørdag;Høyresving foran kjørende i samme retning;2;Vanlig veg/gate;4 armet kryss (X-kryss);Tettsted;60;Riksveg;36;UID1000201236;Helgedøgn;Kryssende kjøreretning;Ulykke ved kryssende kjøreretning hvor kjøretøy foretar avsvingning;2005;0;0;0;0;0;0;0;2;0;0;0;0;0;0;Ukjent;Telemark;40;Skien;4003;;;0;107127061;59,1931559;9,587750456;Fylkesveg;;2;;;;;Asfalt, oljegrus;Snø / isbelagt veg;God sikt, nedbør;Mørkt med vegbelysning;Vanlig kjørefelt;2;
lørdag 12. juli 2008;21:55:00;Lørdag;Enslig kjøretøy kjørte på trafikkøy eller ende av midtdeler;1;Vanlig veg/gate;Vegstrekning utenfor kryss/avkjørsel;Ikke tettsted;80;Riksveg;36;UID1000230603;Helgedøgn;Utforkjøring;Enslig kjøretøy kjørte utfor vegen;2008;0;0;0;0;0;1;0;0;0;0;0;0;0;0;Ukjent;Telemark;40;Seljord;4022;;;0;178660261;59,45112695;8,734669349;Fylkesveg;;7;;;;;Asfalt, oljegrus;Tørr, bar veg;God sikt, opphold;Dagslys;Vanlig kjørefelt;2;
lørdag 12. mars 2005;05:55:00;Lørdag;Enslig kjøretøy kjørte utfor på høyre side i høyrekurve;1;Vanlig veg/gate;Vegstrekning utenfor kryss/avkjørsel;Ikke tettsted;70;Europaveg;134;UID1000201179;Helgedøgn;Utforkjøring;Enslig kjøretøy kjørte utfor vegen;2005;0;0;0;0;0;0;0;1;0;0;0;0;0;0;Nei;Telemark;40;Notodden;4005;;;0;107126727;59,58446362;9,305414566;Fylkesveg;;3;;;;;Asfalt, oljegrus;Snø / isbelagt veg;Dårlig sikt, nedbør;Tussmørke, skumring;Vanlig kjørefelt;2;3514
lørdag 12. november 2016;21:46:00;Lørdag;Enslig kjøretøy kjørte utfor på venstre side i venstrekurve;1;Vanlig veg/gate;Vegstrekning utenfor kryss/avkjørsel;Tettsted;80;Riksveg;36;UID1000280199;Helgedøgn;Utforkjøring;Enslig kjøretøy kjørte utfor vegen;2016;0;0;0;0;0;0;0;1;0;0;0;0;0;0;Nei;Telemark;40;Seljord;4022;;;0;758985973;59,46143414;8,713273571;Fylkesveg;;11;;;;;Asfalt, oljegrus;Delvis snø / isbelagt veg;Dårlig sikt, nedbør;Mørkt uten vegbelysning;Vanlig kjørefelt;2;2450
lørdag 13. desember 1997;17:05:00;Lørdag;Påkjøring bakfra ved høyresving;2;Vanlig veg/gate;3-armet kryss (T-kryss, Y-kryss);Ikke tettsted;60;Europaveg;134;UID1000204216;Helgedøgn;Kryssende kjøreretning;Ulykke ved avsvinging fra samme kjøreretning;1997;0;0;0;0;0;0;0;2;0;0;0;0;0;0;Ukjent;Telemark;40;Notodden;4005;;;0;107144648;59,56703398;9,213861534;Fylkesveg;;12;;;;;Asfalt, oljegrus;Delvis snø / isbelagt veg;Dårlig sikt, nedbør;Mørkt uten vegbelysning;Vanlig kjørefelt;2;
lørdag 13. januar 2007;13:30:00;Lørdag;Uhell med uklart forløp mellom kjøretøy med samme kjøreretning;2;Vanlig veg/gate;Vegstrekning utenfor kryss/avkjørsel;Tettsted;80;Riksveg;36;UID1000220624;Helgedøgn;Samme kjøreretning;Ulykke mellom kjøretøy med samme kjøreretning;2007;0;0;0;0;0;0;0;2;0;0;0;0;0;0;Nei;Telemark;40;Seljord;4022;;;0;136238935;59,46552593;8,699362266;Fylkesveg;;1;;;;;Asfalt, oljegrus;Delvis snø / isbelagt veg;God sikt, opphold;Dagslys;Vanlig kjørefelt;2;2229
lørdag 13. juli 1996;14:25:00;Lørdag;Enslig kjøretøy veltet i kjørebanen;1;Vanlig veg/gate;Vegstrekning utenfor kryss/avkjørsel;Ikke tettsted;80;Riksveg;36;UID1000204776;Helgedøgn;Andre ulykker;Andre ulykker(parkering o.l);1996;0;0;0;0;0;1;0;0;0;0;0;0;0;0;Ukjent;Telemark;40;Midt-Telemark;4020;;;0;107148025;59,33587616;9,216554303;Fylkesveg;;7;;;;;Asfalt, oljegrus;Våt, bar veg;God sikt, nedbør;Dagslys;Vanlig kjørefelt;2;
lørdag 13. juli 2002;02:06:00;Lørdag;Enslig kjøretøy kjørte utfor på høyre side på rett vegstrekning;1;Vanlig veg/gate;Vegstrekning utenfor kryss/avkjørsel;Ikke tettsted;70;Riksveg;36;UID1000202409;Helgedøgn;Utforkjøring;Enslig kjøretøy kjørte utfor vegen;2002;0;0;0;0;0;0;0;1;0;0;0;0;0;0;Ukjent;Telemark;40;Midt-Telemark;4020;;;0;107134028;59,35535075;9,191580438;Fylkesveg;;7;;;;;Asfalt, oljegrus;Tørr, bar veg;God sikt, opphold;Mørkt uten vegbelysning;Vanlig kjørefelt;2;
lørdag 13. mars 2004;23:45:00;Lørdag;Enslig kjøretøy kjørte utfor på høyre side på rett vegstrekning;1;Motortrafikkveg;Vegstrekning utenfor kryss/avkjørsel;Ikke tettsted;80;Europaveg;18;UID1000201665;Helgedøgn;Utforkjøring;Enslig kjøretøy kjørte utfor vegen;2004;0;0;0;0;0;0;0;1;0;0;0;0;0;0;Ukjent;Telemark;40;Bamble;4012;;;0;107129757;59,03537159;9,676490563;Fylkesveg;;3;;;;;Asfalt, oljegrus;Snø / isbelagt veg;God sikt, opphold;Mørkt med vegbelysning;Vanlig kjørefelt;2;
lørdag 13. november 2010;10:54:00;Lørdag;Enslig kjøretøy kjørte utfor på venstre side på rett vegstrekning;1;Vanlig veg/gate;Vegstrekning utenfor kryss/avkjørsel;Ikke tettsted;80;Europaveg;134;UID1000246795;Helgedøgn;Utforkjøring;Enslig kjøretøy kjørte utfor vegen;2010;0;0;0;0;0;0;0;1;0;0;0;0;0;0;Ukjent;Telemark;40;Kviteseid;4028;;;0;272095653;59,47799986;8,371401549;Fylkesveg;;11;;;;;Asfalt, oljegrus;Delvis snø / isbelagt veg;God sikt, opphold;Dagslys;Vanlig kjørefelt;2;
lørdag 13. oktober 2012;15:25:00;Lørdag;Enslig kjøretøy kjørte utfor på høyre side i venstrekurve;1;Vanlig veg/gate;Vegstrekning utenfor kryss/avkjørsel;Tettsted;80;Fylkesveg;353;UID1000257415;Helgedøgn;Utforkjøring;Enslig kjøretøy kjørte utfor vegen;2012;0;0;0;0;0;0;0;1;0;0;0;0;0;0;Ukjent;Telemark;40;Skien;4003;;;0;362924839;59,18002167;9,570229113;Fylkesveg;;10;;;;;Asfalt, oljegrus;Våt, bar veg;God sikt, opphold;Dagslys;Vanlig kjørefelt;2;
lørdag 13. september 2003;12:16:00;Lørdag;Enslig kjøretøy kjørte utfor på venstre side i høyrekurve;1;Vanlig veg/gate;Vegstrekning utenfor kryss/avkjørsel;Ikke tettsted;80;Riksveg;36;UID1000201729;Helgedøgn;Utforkjøring;Enslig kjøretøy kjørte utfor vegen;2003;0;0;0;0;1;0;0;0;0;0;0;0;0;0;Ukjent;Telemark;40;Seljord;4022;;;0;107130158;59,45098617;8,734925439;Fylkesveg;;9;;;;;Asfalt, oljegrus;Tørr, bar veg;God sikt, opphold;Dagslys;Vanlig kjørefelt;2;
lørdag 14. april 2007;05:00:00;Lørdag;Enslig kjøretøy kjørte utfor på høyre side på rett vegstrekning;1;Vanlig veg/gate;Vegstrekning utenfor kryss/avkjørsel;Ikke tettsted;80;Europaveg;134;UID1000220261;Helgedøgn;Utforkjøring;Enslig kjøretøy kjørte utfor vegen;2007;0;0;0;0;0;0;0;1;0;0;0;0;0;0;Ukjent;Telemark;40;Vinje;4036;;;0;132212397;59,67294105;7,810383985;Fylkesveg;;4;;;;;Asfalt, oljegrus;Tørr, bar veg;God sikt, opphold;Tussmørke, skumring;Vanlig kjørefelt;2;
lørdag 14. august 2010;14:13:00;Lørdag;Venstresving foran kjørende i motsatt retning;2;Vanlig veg/gate;3-armet kryss (T-kryss, Y-kryss);Tettsted;70;Riksveg;36;UID1000244580;Helgedøgn;Kryssende kjøreretning;Ulykke ved kryssende kjøreretning hvor kjøretøy foretar avsvingning;2010;0;0;0;0;0;0;0;2;0;0;0;0;0;0;Ukjent;Telemark;40;Skien;4003;;;0;262614035;59,18059311;9,570120693;Fylkesveg;;8;;;;;Asfalt, oljegrus;Tørr, bar veg;God sikt, opphold;Dagslys;Vanlig kjørefelt;3;
lørdag 14. desember 2019;15:39:00;Lørdag;Fotgjenger krysset kjørebanen i gangfelt utenfor kryss;2;Vanlig veg/gate;Vegstrekning utenfor kryss/avkjørsel;Tettsted;50;Riksveg;36;UID1000293272;Helgedøgn;Fotgjenger/akende;Fotgjenger krysset kjørebanen;2019;0;0;1;0;0;0;0;1;0;0;0;0;0;0;Ja;Telemark;40;Skien;4003;;;0;1006508205;59,17629257;9,626504952;Fylkesveg;;12;;;;;Asfalt, oljegrus;Våt, bar veg;God sikt, nedbør;Mørkt med vegbelysning;Vanlig kjørefelt;3;
lørdag 14. mai 2005;17:04:00;Lørdag;Møting i kurve;2;Vanlig veg/gate;Vegstrekning utenfor kryss/avkjørsel;Ikke tettsted;80;Riksveg;41;UID1000201009;Helgedøgn;Motsatt kjøreretning;Ulykke ved møting;2005;0;0;0;0;0;1;0;1;0;0;0;0;0;0;Nei;Telemark;40;Nissedal;4030;;;0;107125707;59,12359483;8,517084541;Fylkesveg;;5;;;;;Asfalt, oljegrus;Tørr, bar veg;God sikt, opphold;Dagslys;Vanlig kjørefelt;2;866
lørdag 14. mai 2005;03:26:00;Lørdag;Enslig kjøretøy kjørte utfor på venstre side i høyrekurve;1;Vanlig veg/gate;Vegstrekning utenfor kryss/avkjørsel;Ikke tettsted;60;Riksveg;353;UID1000201122;Helgedøgn;Utforkjøring;Enslig kjøretøy kjørte utfor vegen;2005;0;0;0;0;0;0;0;1;0;0;0;0;0;0;Nei;Telemark;40;Bamble;4012;;;0;107126385;59,05072598;9,638213778;Fylkesveg;;5;;;;;Asfalt, oljegrus;Tørr, bar veg;God sikt, opphold;Tussmørke, skumring;Vanlig kjørefelt;2;4438
lørdag 14. november 1992;14:40:00;Lørdag;Enslig kjøretøy kjørte utfor på venstre side i høyrekurve;1;Ukjent;Vegstrekning utenfor kryss/avkjørsel;Ikke tettsted;80;Fylkesveg;30;UID1000206271;Helgedøgn;Utforkjøring;Enslig kjøretøy kjørte utfor vegen;1992;0;0;0;0;0;0;0;1;0;0;0;0;0;0;Ukjent;Telemark;40;Porsgrunn;4001;;;0;107156924;59,10589168;9,761962593;Fylkesveg;;11;;;;;Ukjent;Snø / isbelagt veg;God sikt, opphold;Dagslys;Ukjent;;
lørdag 14. november 1992;20:30:00;Lørdag;Enslig kjøretøy kjørte på trafikkøy eller ende av midtdeler;1;Ukjent;Vegstrekning utenfor kryss/avkjørsel;Ikke tettsted;80;Riksveg;11;UID1000206331;Helgedøgn;Utforkjøring;Enslig kjøretøy kjørte utfor vegen;1992;0;0;0;0;0;0;0;1;0;0;0;0;0;0;Ukjent;Telemark;40;Notodden;4005;;;0;107157238;59,5670554;9,214141714;Fylkesveg;;11;;;;;Ukjent;Tørr, bar veg;God sikt, opphold;Mørkt uten vegbelysning;Ukjent;;
lørdag 14. oktober 1995;18:15:00;Lørdag;Fotgjenger krysset kjørebanen på hitsiden av krysset;3;Ukjent;4 armet kryss (X-kryss);Tettsted;60;Riksveg;36;UID1000205085;Helgedøgn;Fotgjenger/akende;Fotgjenger krysset kjørebanen;1995;0;0;1;0;0;0;0;2;0;0;0;0;0;0;Ukjent;Telemark;40;Porsgrunn;4001;;;0;107149890;59,12268862;9,707233075;Fylkesveg;;10;;;;;Ukjent;Tørr, bar veg;God sikt, opphold;Mørkt uten vegbelysning;Ukjent;;
lørdag 14. september 2013;13:35:00;Lørdag;Enslig kjøretøy kjørte utfor på høyre side i venstrekurve;1;Vanlig veg/gate;Vegstrekning utenfor kryss/avkjørsel;Ikke tettsted;70;Riksveg;36;UID1000263256;Helgedøgn;Utforkjøring;Enslig kjøretøy kjørte utfor vegen;2013;0;0;0;0;0;0;0;1;0;0;0;0;0;0;Ukjent;Telemark;40;Midt-Telemark;4020;;;0;454449740;59,32998365;9,22575099;Fylkesveg;;9;;;;;Asfalt, oljegrus;Glatt ellers;God sikt, nedbør;Dagslys;Vanlig kjørefelt;2;
lørdag 15. desember 2018;17:56:00;Lørdag;Møting på rett vegstrekning;2;Vanlig veg/gate;Vegstrekning utenfor kryss/avkjørsel;Ikke tettsted;80;Europaveg;134;UID1000288920;Helgedøgn;Motsatt kjøreretning;Ulykke ved møting;2018;0;0;0;0;0;0;0;2;0;0;0;0;0;0;Ukjent;Telemark;40;Tokke;4034;;;0;913772605;59,48743111;8,276685631;Fylkesveg;;12;;;;;Asfalt, oljegrus;Snø / isbelagt veg;God sikt, nedbør;Mørkt uten vegbelysning;Vanlig kjørefelt;2;
lørdag 15. mai 1999;11:35:00;Lørdag;Påkjøring bakfra;2;Vanlig veg/gate;Vegstrekning utenfor kryss/avkjørsel;Ikke tettsted;60;Fylkesveg;59;UID1000203663;Helgedøgn;Samme kjøreretning;Ulykke mellom kjøretøy med samme kjøreretning;1999;0;0;0;0;0;0;0;2;0;0;0;0;0;0;Ukjent;Telemark;40;Skien;4003;;;0;107141372;59,18580111;9,615573279;Fylkesveg;;5;;;;;Asfalt, oljegrus;Tørr, bar veg;God sikt, opphold;Dagslys;Vanlig kjørefelt;2;
lørdag 15. september 2012;13:28:00;Lørdag;Venstresving foran kjørende i motsatt retning;2;Vanlig veg/gate;3-armet kryss (T-kryss, Y-kryss);Tettsted;70;Riksveg;36;UID1000256817;Helgedøgn;Kryssende kjøreretning;Ulykke ved kryssende kjøreretning hvor kjøretøy foretar avsvingning;2012;0;0;0;0;0;0;0;2;0;0;0;0;0;0;Ukjent;Telemark;40;Skien;4003;;;0;358767509;59,18057523;9,570123537;Fylkesveg;;9;;;;;Asfalt, oljegrus;Tørr, bar veg;God sikt, opphold;Dagslys;Vanlig kjørefelt;2;
lørdag 16. mai 2009;16:05:00;Lørdag;Høyresving foran kjørende i samme retning;3;Vanlig veg/gate;3-armet kryss (T-kryss, Y-kryss);Tettsted;50;Kommunal veg;3430;UID1000236237;Helgedøgn;Kryssende kjøreretning;Ulykke ved kryssende kjøreretning hvor kjøretøy foretar avsvingning;2009;0;0;0;0;0;0;0;2;0;0;1;0;0;0;Ukjent;Telemark;40;Tinn;4026;;;0;218260915;59,87862624;8,655209864;Fylkesveg;;5;;;;;Asfalt, oljegrus;Tørr, bar veg;God sikt, opphold;Dagslys;Vanlig kjørefelt;2;
lørdag 17. april 1999;18:10:00;Lørdag;Kryssende kjøreretninger (uten avsvinging);2;Vanlig veg/gate;4 armet kryss (X-kryss);Tettsted;50;Kommunal veg;33000;UID1000203701;Helgedøgn;Kryssende kjøreretning;Ulykke ved kryssende kjøreretning uten avsvingning;1999;0;0;0;0;1;0;0;1;0;0;0;0;0;0;Ukjent;Telemark;40;Skien;4003;;;0;107141629;59,21860424;9,60065037;Fylkesveg;;4;;;;;Asfalt, oljegrus;Tørr, bar veg;God sikt, opphold;Dagslys;Vanlig kjørefelt;2;
lørdag 17. mai 2003;14:25:00;Lørdag;Enslig kjøretøy kjørte utfor på høyre side på rett vegstrekning;1;Motortrafikkveg;Vegstrekning utenfor kryss/avkjørsel;Ikke tettsted;80;Europaveg;18;UID1000202077;Helgedøgn;Utforkjøring;Enslig kjøretøy kjørte utfor vegen;2003;0;0;0;0;0;0;0;1;0;0;0;0;0;0;Ukjent;Telemark;40;Bamble;4012;;;0;107132059;59,03478286;9,676616745;Fylkesveg;;5;;;;;Asfalt, oljegrus;Tørr, bar veg;God sikt, opphold;Dagslys;Vanlig kjørefelt;;
lørdag 17. mai 2008;01:53:00;Lørdag;Ulykke med dyr innblandet;1;Vanlig veg/gate;Vegstrekning utenfor kryss/avkjørsel;Ikke tettsted;70;Riksveg;36;UID1000228368;Helgedøgn;Andre ulykker;Andre ulykker(parkering o.l);2008;0;0;0;0;0;0;0;1;0;0;0;0;0;0;Ukjent;Telemark;40;Midt-Telemark;4020;;;0;163542951;59,35189458;9,198854202;Fylkesveg;;5;;;;;Asfalt, oljegrus;Tørr, bar veg;God sikt, opphold;Dagslys;Vanlig kjørefelt;2;
lørdag 17. mars 2001;03:20:00;Lørdag;Fotgjenger stod stille eller oppholdt seg forøvrig i kjørebanen;2;Vanlig veg/gate;Vegstrekning utenfor kryss/avkjørsel;Tettsted;50;Kommunal veg;4640;UID1000202929;Helgedøgn;Fotgjenger/akende;Fotgjenger langs vegen eller i kjørebanen;2001;0;1;1;0;0;0;0;0;0;0;0;0;0;0;Ukjent;Telemark;40;Porsgrunn;4001;;;0;107137082;59,1387806;9,648599383;Fylkesveg;;3;;;;;Asfalt, oljegrus;Delvis snø / isbelagt veg;God sikt, nedbør;Mørkt med vegbelysning;Vanlig kjørefelt;2;
lørdag 17. mars 2007;15:33:00;Lørdag;Enslig kjøretøy kjørte utfor på høyre side i venstrekurve;1;Vanlig veg/gate;Vegstrekning utenfor kryss/avkjørsel;Ikke tettsted;80;Europaveg;134;UID1000219993;Helgedøgn;Utforkjøring;Enslig kjøretøy kjørte utfor vegen;2007;0;0;0;1;0;0;0;0;0;0;0;0;0;0;Ukjent;Telemark;40;Vinje;4036;;;0;132210996;59,7311054;7,637636591;Fylkesveg;;3;;;;;Asfalt, oljegrus;Delvis snø / isbelagt veg;God sikt, opphold;Dagslys;Vanlig kjørefelt;2;
lørdag 17. november 2001;14:29:00;Lørdag;Avsvinging til venstre foran kjørende i motsatt retning;2;Vanlig veg/gate;4 armet kryss (X-kryss);Ikke tettsted;60;Riksveg;36;UID1000202623;Helgedøgn;Kryssende kjøreretning;Ulykke ved avsvinging fra motsatte kjøreretning;2001;0;0;0;0;0;0;0;2;0;0;0;0;0;0;Ukjent;Telemark;40;Skien;4003;;;0;107135307;59,19306795;9,587799488;Fylkesveg;;11;;;;;Asfalt, oljegrus;Tørr, bar veg;God sikt, opphold;Dagslys;Vanlig kjørefelt;4;
lørdag 18. april 2015;12:46:00;Lørdag;Møting på rett vegstrekning;2;Vanlig veg/gate;Vegstrekning utenfor kryss/avkjørsel;Tettsted;30;Fylkesveg;43;UID1000272173;Helgedøgn;Motsatt kjøreretning;Ulykke ved møting;2015;0;0;0;0;0;0;0;1;0;0;1;0;0;0;Nei;Telemark;40;Skien;4003;;;0;594630416;59,20465499;9,58553981;Fylkesveg;;4;;;;;Asfalt, oljegrus;Tørr, bar veg;God sikt, opphold;Dagslys;Vanlig kjørefelt;2;4000
lørdag 18. august 2001;19:00:00;Lørdag;Venstresving foran kjørende i motsatt retning;2;Vanlig veg/gate;Avkjørsel;Ikke tettsted;70;Riksveg;36;UID1000202715;Helgedøgn;Kryssende kjøreretning;Ulykke ved kryssende kjøreretning hvor kjøretøy foretar avsvingning;2001;0;0;0;0;0;0;0;2;0;0;0;0;0;0;Ukjent;Telemark;40;Midt-Telemark;4020;;;0;107135844;59,36242642;9,184124652;Fylkesveg;;8;;;;;Asfalt, oljegrus;Tørr, bar veg;God sikt, opphold;Dagslys;Vanlig kjørefelt;2;
lørdag 18. desember 1993;11:20:00;Lørdag;Påkjøring bakfra;2;Ukjent;Vegstrekning utenfor kryss/avkjørsel;Tettsted;50;Riksveg;36;UID1000205849;Helgedøgn;Samme kjøreretning;Ulykke mellom kjøretøy med samme kjøreretning;1993;0;0;0;0;0;0;0;2;0;0;0;0;0;0;Ukjent;Telemark;40;Skien;4003;;;0;107154532;59,19598763;9,604300001;Fylkesveg;;12;;;;;Ukjent;Ukjent;Ukjent;Dagslys;Ukjent;;
lørdag 18. februar 2006;15:20:00;Lørdag;Venstresving foran kjørende i motsatt retning;2;Vanlig veg/gate;3-armet kryss (T-kryss, Y-kryss);Tettsted;60;Fylkesveg;59;UID1000200789;Helgedøgn;Kryssende kjøreretning;Ulykke ved kryssende kjøreretning hvor kjøretøy foretar avsvingning;2006;0;0;0;0;0;0;0;2;0;0;0;0;0;0;Nei;Telemark;40;Skien;4003;;;0;107124338;59,18584292;9,615496536;Fylkesveg;;2;;;;;Asfalt, oljegrus;Delvis snø / isbelagt veg;God sikt, opphold;Dagslys;Vanlig kjørefelt;2;12176
lørdag 18. november 1995;11:45:00;Lørdag;Enslig kjøretøy kjørte utfor på venstre side på rett vegstrekning;1;Ukjent;Vegstrekning utenfor kryss/avkjørsel;Ikke tettsted;80;Europaveg;18;UID1000205060;Helgedøgn;Utforkjøring;Enslig kjøretøy kjørte utfor vegen;1995;0;0;0;0;0;0;0;1;0;0;0;0;0;0;Ukjent;Telemark;40;Bamble;4012;;;0;107149696;58,97251934;9,513254551;Fylkesveg;;11;;;;;Ukjent;Tørr, bar veg;God sikt, opphold;Mørkt uten vegbelysning;Ukjent;;
lørdag 18. september 1993;18:45:00;Lørdag;Påkjøring av gjenstand i kjørebanen;1;Ukjent;Vegstrekning utenfor kryss/avkjørsel;Ikke tettsted;80;;621;UID1000205951;Helgedøgn;Andre ulykker;Andre ulykker(parkering o.l);1993;0;0;0;0;0;0;1;0;0;0;0;0;0;0;Ukjent;Telemark;40;Skien;4003;PF99999 S1D1 m0;Privat veg;99999;107155221;59,45997599;9,566410923;Privat veg;;9;;;;;Ukjent;Tørr, bar veg;God sikt, opphold;Dagslys;Ukjent;;
lørdag 19. april 2008;02:55:00;Lørdag;Enslig kjøretøy kjørte utfor på venstre side i høyrekurve;1;Vanlig veg/gate;Vegstrekning utenfor kryss/avkjørsel;Ikke tettsted;70;Riksveg;353;UID1000227835;Helgedøgn;Utforkjøring;Enslig kjøretøy kjørte utfor vegen;2008;0;0;0;0;0;0;0;1;0;0;0;0;0;0;Nei;Telemark;40;Bamble;4012;;;0;160026048;59,05297914;9,636341948;Fylkesveg;;4;;;;;Asfalt, oljegrus;Tørr, bar veg;God sikt, opphold;Mørkt uten vegbelysning;Vanlig kjørefelt;2;3800
lørdag 19. august 2006;00:10:00;Lørdag;Uhell med uklart forløp mellom kjøretøy med samme kjøreretning;2;Vanlig veg/gate;Vegstrekning utenfor kryss/avkjørsel;Tettsted;50;Gang/Sykkelveg;;UID1000214989;Helgedøgn;Samme kjøreretning;Ulykke mellom kjøretøy med samme kjøreretning;2006;0;0;0;0;0;0;1;1;0;0;0;0;0;0;Ukjent;Telemark;40;Skien;4003;;;0;119355527;59,19310226;9,587758965;Fylkesveg;;8;;;;;Asfalt, oljegrus;Våt, bar veg;God sikt, opphold;Mørkt med vegbelysning;Vanlig kjørefelt;2;
lørdag 19. desember 1992;23:30:00;Lørdag;Enslig kjøretøy kjørte utfor på høyre side i venstrekurve;1;Ukjent;Vegstrekning utenfor kryss/avkjørsel;Ikke tettsted;80;Riksveg;36;UID1000206291;Helgedøgn;Utforkjøring;Enslig kjøretøy kjørte utfor vegen;1992;0;0;0;0;0;0;0;0;0;0;0;0;0;1;Ukjent;Telemark;40;Nome;4018;;;0;107157018;59,32815011;9,22865266;Fylkesveg;;12;;;;;Ukjent;Delvis snø / isbelagt veg;God sikt, opphold;Mørkt uten vegbelysning;Ukjent;;
lørdag 19. juli 1997;09:30:00;Lørdag;Fotgjenger krysset kjørebanen forøvrig;2;Vanlig veg/gate;Vegstrekning utenfor kryss/avkjørsel;Ikke tettsted;80;Riksveg;36;UID1000204387;Helgedøgn;Fotgjenger/akende;Fotgjenger krysset kjørebanen;1997;0;0;1;0;0;0;0;1;0;0;0;0;0;0;Ukjent;Telemark;40;Midt-Telemark;4020;;;0;107145647;59,34290359;9,208394078;Fylkesveg;;7;;;;;Asfalt, oljegrus;Tørr, bar veg;God sikt, opphold;Tussmørke, skumring;Vanlig kjørefelt;2;
lørdag 19. juni 2004;05:59:00;Lørdag;Enslig kjøretøy kjørte utfor på høyre side i venstrekurve;1;Motortrafikkveg;Vegstrekning utenfor kryss/avkjørsel;Ikke tettsted;80;Europaveg;18;UID1000201521;Helgedøgn;Utforkjøring;Enslig kjøretøy kjørte utfor vegen;2004;0;0;0;0;0;0;0;1;0;0;0;0;0;0;Ukjent;Telemark;40;Porsgrunn;4001;;;0;107128851;59,08996661;9,809579622;Fylkesveg;;6;;;;;Asfalt, oljegrus;Våt, bar veg;God sikt, opphold;Dagslys;Vanlig kjørefelt;2;
lørdag 19. november 1994;15:10:00;Lørdag;Møting i kurve;2;Ukjent;Vegstrekning utenfor kryss/avkjørsel;Ikke tettsted;80;Riksveg;11;UID1000205356;Helgedøgn;Motsatt kjøreretning;Ulykke ved møting;1994;0;0;0;0;0;0;0;2;0;0;0;0;0;0;Ukjent;Telemark;40;Notodden;4005;;;0;107151452;59,58329889;9,320627621;Fylkesveg;;11;;;;;Ukjent;Snø / isbelagt veg;Dårlig sikt, nedbør;Dagslys;Ukjent;;
lørdag 2. januar 1999;02:57:00;Lørdag;Enslig kjøretøy kjørte på trafikkøy eller ende av midtdeler;1;Vanlig veg/gate;4 armet kryss (X-kryss);Ikke tettsted;50;Riksveg;36;UID1000203788;Helgedøgn;Utforkjøring;Enslig kjøretøy kjørte utfor vegen;1999;0;0;0;0;0;0;0;1;0;0;0;0;0;0;Ukjent;Telemark;40;Porsgrunn;4001;;;0;107142144;59,14217079;9,658349604;Fylkesveg;;1;;;;;Asfalt, oljegrus;Våt, bar veg;God sikt, nedbør;Mørkt med vegbelysning;Vanlig kjørefelt;2;
lørdag 2. juli 2005;14:48:00;Lørdag;Venstresving foran kjørende i motsatt retning;2;Vanlig veg/gate;3-armet kryss (T-kryss, Y-kryss);Ikke tettsted;60;Riksveg;36;UID1000201052;Helgedøgn;Kryssende kjøreretning;Ulykke ved kryssende kjøreretning hvor kjøretøy foretar avsvingning;2005;0;0;0;0;0;0;0;2;0;0;0;0;0;0;Nei;Telemark;40;Porsgrunn;4001;;;0;107125974;59,12257013;9,707636473;Fylkesveg;;7;;;;;Asfalt, oljegrus;Tørr, bar veg;God sikt, opphold;Dagslys;Vanlig kjørefelt;3;11124
lørdag 2. juli 2022;15:55:00;Lørdag;Påkjøring bakfra;2;Vanlig veg/gate;Vegstrekning utenfor kryss/avkjørsel;Ikke tettsted;70;Riksveg;36;UID1335876981;Helgedøgn;Samme kjøreretning;Ulykke mellom kjøretøy med samme kjøreretning;2022;0;0;0;0;0;0;0;2;0;0;0;0;0;0;Ja;Telemark;40;Porsgrunn;4001;;;0;1017697224;59,10125155;9,672744442;Fylkesveg;;7;;;;;Asfalt, oljegrus;Tørr, bar veg;God sikt, opphold;Dagslys;Vanlig kjørefelt;2;12000
lørdag 2. mai 1998;19:26:00;Lørdag;Kjørende fra fortau eller G/S-veg krysset kjørebanen på hitsiden av krysset;2;Vanlig veg/gate;3-armet kryss (T-kryss, Y-kryss);Tettsted;50;Riksveg;356;UID1000204096;Helgedøgn;Kryssende kjøreretning;Ulykke ved kryssende kjøreretning uten avsvingning;1998;0;0;0;0;0;0;0;1;0;0;1;0;0;0;Ukjent;Telemark;40;Porsgrunn;4001;;;0;107143896;59,13777654;9,643467886;Fylkesveg;;5;;;;;Asfalt, oljegrus;Tørr, bar veg;God sikt, opphold;Dagslys;Vanlig kjørefelt;2;
lørdag 2. oktober 2004;15:25:00;Lørdag;Enslig kjøretøy kjørte utfor på venstre side i høyrekurve;1;Vanlig veg/gate;Vegstrekning utenfor kryss/avkjørsel;Ikke tettsted;80;Europaveg;134;UID1000201437;Helgedøgn;Utforkjøring;Enslig kjøretøy kjørte utfor vegen;2004;0;0;0;0;0;0;0;1;0;0;0;0;0;0;Ukjent;Telemark;40;Tokke;4034;;;0;107128342;59,49274133;8,206291456;Fylkesveg;;10;;;;;Asfalt, oljegrus;Våt, bar veg;God sikt, nedbør;Dagslys;Vanlig kjørefelt;2;
lørdag 2. oktober 2021;01:42:00;Lørdag;Møting i kurve;2;Vanlig veg/gate;Vegstrekning utenfor kryss/avkjørsel;Ikke tettsted;70;Europaveg;134;UID8267256757;Helgedøgn;Motsatt kjøreretning;Ulykke ved møting;2021;0;0;0;0;0;0;0;1;0;0;0;0;0;1;Ukjent;Telemark;40;Notodden;4005;;;0;1015564087;59,58472429;9,303755133;Fylkesveg;;10;;;;;Asfalt, oljegrus;Våt, bar veg;Dårlig sikt, nedbør;Mørkt uten vegbelysning;Vanlig kjørefelt;2;4876
lørdag 20. mars 1999;17:55:00;Lørdag;Påkjøring av gjenstand i kjørebanen;1;Annet (plass m.m.);Annet (P-plass, torv, o. l.);Tettsted;;Kommunal veg;4640;UID1000203719;Helgedøgn;Andre ulykker;Andre ulykker(parkering o.l);1999;0;0;0;0;0;0;0;1;0;0;0;0;0;0;Ukjent;Telemark;40;Porsgrunn;4001;;;0;107141740;59,14153758;9,654998313;Fylkesveg;;3;;;;;Asfalt, oljegrus;Ukjent;God sikt, opphold;Dagslys;Annet;;
lørdag 21. juni 2014;14:52:00;Lørdag;Høyresving foran kjørende i motsatt retning;2;Vanlig veg/gate;Rundkjøring;Ikke tettsted;80;Kommunal veg;1096;UID1000267748;Helgedøgn;Kryssende kjøreretning;Ulykke ved kryssende kjøreretning hvor kjøretøy foretar avsvingning;2014;0;0;0;0;0;0;0;2;0;0;0;0;0;0;Ukjent;Telemark;40;Bamble;4012;;;0;530090034;59,03597065;9,67727067;Fylkesveg;;6;;;;;Asfalt, oljegrus;Tørr, bar veg;God sikt, opphold;Dagslys;Vanlig kjørefelt;2;
lørdag 21. november 2009;21:31:00;Lørdag;Høyresving foran kjørende i samme retning;2;Vanlig veg/gate;Rundkjøring;Tettsted;50;Riksveg;356;UID1000239521;Helgedøgn;Kryssende kjøreretning;Ulykke ved kryssende kjøreretning hvor kjøretøy foretar avsvingning;2009;0;1;0;0;0;0;0;1;0;0;0;0;0;0;Nei;Telemark;40;Porsgrunn;4001;;;0;234117097;59,13843489;9,64306706;Fylkesveg;;11;;;;;Asfalt, oljegrus;Våt, bar veg;God sikt, opphold;Mørkt med vegbelysning;Vanlig kjørefelt;2;
lørdag 22. februar 2020;23:00:00;Lørdag;Ulykke med uklart forløp / ulykke som ikke faller inn under noen bestemt ul.kode;1;Annet (plass m.m.);Annet (P-plass, torv, o. l.);Ikke tettsted;;Privat veg;99999;UID1000293954;Helgedøgn;Andre ulykker;Andre ulykker(parkering o.l);2020;1;0;0;0;0;0;0;0;0;0;0;0;0;0;Ukjent;Telemark;40;Hjartdal;4024;PF99999 S1D1 m0;Privat veg;99999;1013600488;59,77425731;8,546711822;Privat veg;;2;;;;;Ukjent;Ukjent;Dårlig sikt, nedbør;Tussmørke, skumring;Annet;;
lørdag 22. januar 2000;09:30:00;Lørdag;Enslig kjøretøy kjørte utfor på høyre side i venstrekurve;1;Vanlig veg/gate;Vegstrekning utenfor kryss/avkjørsel;Tettsted;50;Riksveg;36;UID1000203362;Helgedøgn;Utforkjøring;Enslig kjøretøy kjørte utfor vegen;2000;0;0;0;0;0;0;0;0;0;0;0;0;0;1;Ukjent;Telemark;40;Porsgrunn;4001;;;0;107139709;59,1407311;9,660535977;Fylkesveg;;1;;;;;Asfalt, oljegrus;Snø / isbelagt veg;God sikt, nedbør;Dagslys;Vanlig kjørefelt;2;
lørdag 22. juni 2002;14:32:00;Lørdag;Enslig kjøretøy kjørte utfor på venstre side i høyrekurve;1;Vanlig veg/gate;Vegstrekning utenfor kryss/avkjørsel;Ikke tettsted;70;Riksveg;36;UID1000201782;Helgedøgn;Utforkjøring;Enslig kjøretøy kjørte utfor vegen;2002;0;0;0;0;0;0;0;1;0;0;0;0;0;0;Ukjent;Telemark;40;Midt-Telemark;4020;;;0;107130422;59,33604716;9,213318197;Fylkesveg;;6;;;;;Asfalt, oljegrus;Tørr, bar veg;God sikt, opphold;Dagslys;Vanlig kjørefelt;2;
lørdag 22. november 2003;21:40:00;Lørdag;Enslig kjøretøy kjørte utfor på venstre side i høyrekurve;1;Vanlig veg/gate;Vegstrekning utenfor kryss/avkjørsel;Ikke tettsted;;Privat veg;98670;UID1000201844;Helgedøgn;Utforkjøring;Enslig kjøretøy kjørte utfor vegen;2003;0;0;0;0;0;0;0;1;0;0;0;0;0;0;Ukjent;Telemark;40;Tinn;4026;;;0;107130782;59,85904614;9,040519463;Fylkesveg;;11;;;;;Ukjent;Snø / isbelagt veg;Ukjent;;Vanlig kjørefelt;;
lørdag 23. april 2005;20:30:00;Lørdag;Enslig kjøretøy kjørte utfor på høyre side i høyrekurve;1;Vanlig veg/gate;Vegstrekning utenfor kryss/avkjørsel;Ikke tettsted;80;Europaveg;134;UID1000201139;Helgedøgn;Utforkjøring;Enslig kjøretøy kjørte utfor vegen;2005;0;0;0;0;0;0;0;1;0;0;0;0;0;0;Ukjent;Telemark;40;Vinje;4036;;;0;107126479;59,73342636;7,612621409;Fylkesveg;;4;;;;;Asfalt, oljegrus;Tørr, bar veg;God sikt, opphold;Dagslys;Vanlig kjørefelt;2;
lørdag 23. april 2011;17:00:00;Lørdag;Enslig kjøretøy kjørte utfor på venstre side på rett vegstrekning;1;Vanlig veg/gate;Vegstrekning utenfor kryss/avkjørsel;Tettsted;50;Kommunal veg;5633;UID1000248758;Helgedøgn;Utforkjøring;Enslig kjøretøy kjørte utfor vegen;2011;0;0;0;0;0;0;0;1;0;0;0;0;0;0;Ukjent;Telemark;40;Porsgrunn;4001;;;0;276821016;59,12484908;9,705271005;Fylkesveg;;4;;;;;Asfalt, oljegrus;Tørr, bar veg;God sikt, opphold;Dagslys;Vanlig kjørefelt;2;
lørdag 23. juni 2007;22:30:00;Lørdag;Enslig kjøretøy kjørte utfor på venstre side på rett vegstrekning;1;Vanlig veg/gate;Vegstrekning utenfor kryss/avkjørsel;Ikke tettsted;60;Riksveg;36;UID1000221743;Helgedøgn;Utforkjøring;Enslig kjøretøy kjørte utfor vegen;2007;0;0;0;0;0;0;0;1;0;0;0;0;0;0;Ukjent;Telemark;40;Midt-Telemark;4020;;;0;140852353;59,36606383;9,180713528;Fylkesveg;;6;;;;;Asfalt, oljegrus;Våt, bar veg;God sikt, opphold;Tussmørke, skumring;Vanlig kjørefelt;2;
lørdag 24. april 2004;12:15:00;Lørdag;Påkjøring bakfra;2;Motortrafikkveg;Vegstrekning utenfor kryss/avkjørsel;Ikke tettsted;80;Europaveg;18;UID1000201632;Helgedøgn;Samme kjøreretning;Ulykke mellom kjøretøy med samme kjøreretning;2004;0;0;0;0;0;0;0;2;0;0;0;0;0;0;Ukjent;Telemark;40;Porsgrunn;4001;;;0;107129564;59,07307579;9,661828838;Fylkesveg;;4;;;;;Asfalt, oljegrus;Tørr, bar veg;God sikt, opphold;Tussmørke, skumring;Vanlig kjørefelt;2;
lørdag 24. januar 2004;16:14:00;Lørdag;Møting i kurve;2;Vanlig veg/gate;Vegstrekning utenfor kryss/avkjørsel;Ikke tettsted;80;Riksveg;36;UID1000201719;Helgedøgn;Motsatt kjøreretning;Ulykke ved møting;2004;0;0;0;0;0;0;0;1;0;0;0;0;0;1;Ukjent;Telemark;40;Seljord;4022;;;0;107130092;59,4480567;8,744047387;Fylkesveg;;1;;;;;Asfalt, oljegrus;Snø / isbelagt veg;God sikt, nedbør;Dagslys;Vanlig kjørefelt;2;
lørdag 24. juni 2006;01:56:00;Lørdag;Enslig kjøretøy kjørte på trafikkøy eller ende av midtdeler;1;Vanlig veg/gate;3-armet kryss (T-kryss, Y-kryss);Ikke tettsted;70;Riksveg;36;UID1000214132;Helgedøgn;Utforkjøring;Enslig kjøretøy kjørte utfor vegen;2006;0;0;0;0;0;1;0;0;0;0;0;0;0;0;Ukjent;Telemark;40;Skien;4003;;;0;114369568;59,18064146;9,570200678;Fylkesveg;;6;;;;;Asfalt, oljegrus;Tørr, bar veg;God sikt, opphold;Mørkt med vegbelysning;Vanlig kjørefelt;3;
lørdag 24. november 2007;22:45:00;Lørdag;Enslig kjøretøy kjørte utfor på høyre side på rett vegstrekning;1;Motortrafikkveg;Vegstrekning utenfor kryss/avkjørsel;Ikke tettsted;80;Europaveg;18;UID1000225306;Helgedøgn;Utforkjøring;Enslig kjøretøy kjørte utfor vegen;2007;0;0;0;0;0;0;0;1;0;0;0;0;0;0;Nei;Telemark;40;Porsgrunn;4001;;;0;152125274;59,07349284;9,661903741;Fylkesveg;;11;;;;;Asfalt, oljegrus;Delvis snø / isbelagt veg;God sikt, opphold;Mørkt med vegbelysning;Vanlig kjørefelt;2;10000
lørdag 25. juli 1992;00:45:00;Lørdag;Påkjøring forøvrig ved høyresving;2;Ukjent;Avkjørsel;Ikke tettsted;80;Europaveg;18;UID1000206391;Helgedøgn;Kryssende kjøreretning;Ulykke ved avsvinging fra samme kjøreretning;1992;0;0;0;0;0;0;0;2;0;0;0;0;0;0;Ukjent;Telemark;40;Bamble;4012;;;0;107157564;59,03282351;9,677112486;Fylkesveg;;7;;;;;Ukjent;Våt, bar veg;God sikt, opphold;Mørkt uten vegbelysning;Ukjent;;
lørdag 25. juni 2005;00:27:00;Lørdag;Enslig kjøretøy kjørte utfor på høyre side i venstrekurve;1;Vanlig veg/gate;Vegstrekning utenfor kryss/avkjørsel;Ikke tettsted;70;Riksveg;36;UID1000201008;Helgedøgn;Utforkjøring;Enslig kjøretøy kjørte utfor vegen;2005;0;0;0;0;0;0;0;1;0;0;0;0;0;0;Ukjent;Telemark;40;Midt-Telemark;4020;;;0;107125703;59,33030795;9,22271844;Fylkesveg;;6;;;;;Asfalt, oljegrus;Tørr, bar veg;God sikt, opphold;Mørkt uten vegbelysning;Vanlig kjørefelt;2;
lørdag 25. oktober 1997;13:53:00;Lørdag;Møting på rett vegstrekning;2;Vanlig veg/gate;Vegstrekning utenfor kryss/avkjørsel;Ikke tettsted;50;Riksveg;36;UID1000204273;Helgedøgn;Motsatt kjøreretning;Ulykke ved møting;1997;0;0;0;0;0;0;0;1;0;0;0;0;0;1;Ukjent;Telemark;40;Porsgrunn;4001;;;0;107145004;59,13463661;9,672938936;Fylkesveg;;10;;;;;Asfalt, oljegrus;Tørr, bar veg;God sikt, opphold;Dagslys;Vanlig kjørefelt;2;
lørdag 27. januar 2007;16:08:00;Lørdag;Venstresving foran kjørende i motsatt retning;2;;Annet kryss;Ikke tettsted;;Riksveg;36;UID1000218498;Helgedøgn;Kryssende kjøreretning;Ulykke ved kryssende kjøreretning hvor kjøretøy foretar avsvingning;2007;0;0;0;0;0;0;0;2;0;0;0;0;0;0;Nei;Telemark;40;Porsgrunn;4001;;;0;121824129;59,122568;9,707584293;Fylkesveg;;1;;;;;Asfalt, oljegrus;Delvis snø / isbelagt veg;God sikt, opphold;Dagslys;;;11124
lørdag 27. mai 1995;12:05:00;Lørdag;Enslig kjøretøy kjørte utfor på høyre side i venstrekurve;1;Ukjent;Vegstrekning utenfor kryss/avkjørsel;Ikke tettsted;80;Riksveg;354;UID1000205323;Helgedøgn;Utforkjøring;Enslig kjøretøy kjørte utfor vegen;1995;0;0;0;0;0;0;0;1;0;0;0;0;0;0;Ukjent;Telemark;40;Porsgrunn;4001;;;0;107151266;59,10204983;9,670713508;Fylkesveg;;5;;;;;Ukjent;Våt, bar veg;God sikt, opphold;Dagslys;Ukjent;;
lørdag 27. september 2025;21:40:00;Lørdag;Fotgjenger stod stille eller oppholdt seg forøvrig i kjørebanen;2;Vanlig veg/gate;Annet (P-plass, torv, o. l.);Tettsted;30;Privat veg;99999;UID6041268755;Helgedøgn;Fotgjenger/akende;Fotgjenger langs vegen eller i kjørebanen;2025;0;0;1;0;0;0;0;1;0;0;0;0;0;0;Nei;Telemark;40;Kragerø;4014;PF99999 S1D1 m0;Privat veg;99999;1027209457;58,8731914;9,386361413;Privat veg;;9;;;;;Ukjent;Tørr, bar veg;God sikt, opphold;Mørkt med vegbelysning;Annet;2;
lørdag 28. juni 1997;17:57:00;Lørdag;Møting på rett vegstrekning;2;Vanlig veg/gate;Annet (P-plass, torv, o. l.);Ikke tettsted;70;Riksveg;36;UID1000204437;Helgedøgn;Motsatt kjøreretning;Ulykke ved møting;1997;0;0;0;0;0;0;0;1;0;0;0;0;0;1;Ukjent;Telemark;40;Midt-Telemark;4020;;;0;107145960;59,36661977;9,179859623;Fylkesveg;;6;;;;;Asfalt, oljegrus;Våt, bar veg;God sikt, nedbør;Dagslys;Vanlig kjørefelt;2;
lørdag 28. mai 2005;23:30:00;Lørdag;Enslig kjøretøy kjørte utfor på høyre side i venstrekurve;1;Vanlig veg/gate;Vegstrekning utenfor kryss/avkjørsel;Ikke tettsted;80;Fylkesveg;551;UID1000201100;Helgedøgn;Utforkjøring;Enslig kjøretøy kjørte utfor vegen;2005;0;0;0;0;0;0;0;1;0;0;0;0;0;0;Ukjent;Telemark;40;Midt-Telemark;4020;;;0;107126234;59,41136899;9,078447794;Fylkesveg;;5;;;;;Asfalt, oljegrus;Tørr, bar veg;God sikt, opphold;Mørkt uten vegbelysning;Vanlig kjørefelt;2;
lørdag 29. desember 2018;14:22:00;Lørdag;Møting i kurve;2;Vanlig veg/gate;Vegstrekning utenfor kryss/avkjørsel;Ikke tettsted;60;Europaveg;134;UID1000289083;Helgedøgn;Motsatt kjøreretning;Ulykke ved møting;2018;0;0;0;0;0;0;0;2;0;0;0;0;0;0;Ukjent;Telemark;40;Tokke;4034;;;0;914767580;59,48933977;8,25784386;Fylkesveg;;12;;;;;Asfalt, oljegrus;Delvis snø / isbelagt veg;God sikt, opphold;Dagslys;Vanlig kjørefelt;2;
lørdag 29. januar 2000;00:09:00;Lørdag;Enslig kjøretøy kjørte utfor på venstre side på rett vegstrekning;1;Vanlig veg/gate;Tunnel (primært for motorkjøretøy);Ikke tettsted;80;Europaveg;18;UID1000203353;Helgedøgn;Utforkjøring;Enslig kjøretøy kjørte utfor vegen;2000;0;0;0;0;0;0;0;1;0;0;0;0;0;0;Ukjent;Telemark;40;Porsgrunn;4001;;;0;107139649;59,05697818;9,674309107;Fylkesveg;;1;;;;;Asfalt, oljegrus;Ukjent;Ukjent;Mørkt med vegbelysning;Vanlig kjørefelt;3;
lørdag 29. januar 2022;11:20:00;Lørdag;Møting i kurve;2;Vanlig veg/gate;Vegstrekning utenfor kryss/avkjørsel;Tettsted;50;Riksveg;41;UID0266836163;Helgedøgn;Motsatt kjøreretning;Ulykke ved møting;2022;0;0;0;0;0;0;0;1;0;0;0;0;0;1;Ja;Telemark;40;Kviteseid;4028;;;0;1017701695;59,40089845;8,495325273;Fylkesveg;;1;;;;;Asfalt, oljegrus;Snø / isbelagt veg;God sikt, nedbør;Dagslys;Vanlig kjørefelt;2;1000
lørdag 29. juni 1996;12:10:00;Lørdag;Påkjøring bakfra;3;Vanlig veg/gate;Vegstrekning utenfor kryss/avkjørsel;Ikke tettsted;60;Europaveg;18;UID1000204870;Helgedøgn;Samme kjøreretning;Ulykke mellom kjøretøy med samme kjøreretning;1996;0;0;0;0;0;0;0;3;0;0;0;0;0;0;Ukjent;Telemark;40;Bamble;4012;;;0;107148560;59,04107716;9,676496477;Fylkesveg;;6;;;;;Asfalt, oljegrus;Våt, bar veg;Dårlig sikt, nedbør;Dagslys;Vanlig kjørefelt;2;
lørdag 29. mai 1993;03:30:00;Lørdag;Enslig kjøretøy kjørte utfor på venstre side i høyrekurve;1;Ukjent;Vegstrekning utenfor kryss/avkjørsel;Ikke tettsted;80;Riksveg;32;UID1000206010;Helgedøgn;Utforkjøring;Enslig kjøretøy kjørte utfor vegen;1993;0;0;0;0;0;0;0;1;0;0;0;0;0;0;Ukjent;Telemark;40;Siljan;4010;;;0;107155518;59,28619762;9,738979089;Fylkesveg;;5;;;;;Ukjent;Tørr, bar veg;God sikt, opphold;Dagslys;Ukjent;;
lørdag 29. mai 2004;16:25:00;Lørdag;Enslig kjøretøy kjørte utfor på høyre side i venstrekurve;1;Vanlig veg/gate;Vegstrekning utenfor kryss/avkjørsel;Ikke tettsted;80;Europaveg;134;UID1000201604;Helgedøgn;Utforkjøring;Enslig kjøretøy kjørte utfor vegen;2004;0;0;0;0;1;0;0;0;0;0;0;0;0;0;Ukjent;Telemark;40;Vinje;4036;;;0;107129365;59,72692136;7,68466149;Fylkesveg;;5;;;;;Asfalt, oljegrus;Tørr, bar veg;God sikt, opphold;Dagslys;Vanlig kjørefelt;2;
lørdag 29. mai 2010;20:42:00;Lørdag;Enslig kjøretøy kjørte utfor på høyre side i høyrekurve;1;Vanlig veg/gate;Vegstrekning utenfor kryss/avkjørsel;Ikke tettsted;50;Privat veg;99649;UID1000242865;Helgedøgn;Utforkjøring;Enslig kjøretøy kjørte utfor vegen;2010;0;0;0;0;0;0;0;1;0;0;0;0;0;0;Ukjent;Telemark;40;Porsgrunn;4001;;;0;249298772;59,1014103;9,659564984;Fylkesveg;;5;;;;;Grus;Tørr, bar veg;God sikt, opphold;Dagslys;Vanlig kjørefelt;2;
lørdag 29. november 1997;15:45:00;Lørdag;Møting på rett vegstrekning;2;Motortrafikkveg;Vegstrekning utenfor kryss/avkjørsel;Ikke tettsted;90;Europaveg;18;UID1000204224;Helgedøgn;Motsatt kjøreretning;Ulykke ved møting;1997;0;0;0;0;0;0;0;2;0;0;0;0;0;0;Ukjent;Telemark;40;Bamble;4012;;;0;107144710;59,03795292;9,676020526;Fylkesveg;;11;;;;;Asfalt, oljegrus;Våt, bar veg;God sikt, nedbør;Dagslys;Vanlig kjørefelt;2;
lørdag 29. november 2008;10:35:00;Lørdag;Møting i kurve;2;Vanlig veg/gate;Vegstrekning utenfor kryss/avkjørsel;Tettsted;70;Europaveg;134;UID1000233111;Helgedøgn;Motsatt kjøreretning;Ulykke ved møting;2008;0;0;0;0;0;0;0;2;0;0;0;0;0;0;Nei;Telemark;40;Notodden;4005;;;0;203048557;59,58478261;9,30282225;Fylkesveg;;11;;;;;Asfalt, oljegrus;Snø / isbelagt veg;God sikt, opphold;Dagslys;Vanlig kjørefelt;2;5000
lørdag 3. august 1996;14:05:00;Lørdag;Avsvinging til venstre foran kjørende i motsatt retning;2;Vanlig veg/gate;3-armet kryss (T-kryss, Y-kryss);Tettsted;60;Riksveg;354;UID1000204771;Helgedøgn;Kryssende kjøreretning;Ulykke ved avsvinging fra motsatte kjøreretning;1996;0;0;0;0;0;1;0;1;0;0;0;0;0;0;Ukjent;Telemark;40;Skien;4003;;;0;107147991;59,18529945;9,615845317;Fylkesveg;;8;;;;;Asfalt, oljegrus;Tørr, bar veg;God sikt, opphold;Dagslys;Vanlig kjørefelt;3;
lørdag 3. desember 1994;23:20:00;Lørdag;Enslig kjøretøy kjørte utfor på venstre side i venstrekurve;1;Ukjent;Vegstrekning utenfor kryss/avkjørsel;Ikke tettsted;60;Fylkesveg;30;UID1000205482;Helgedøgn;Utforkjøring;Enslig kjøretøy kjørte utfor vegen;1994;0;0;0;0;0;0;0;0;0;0;0;0;0;1;Ukjent;Telemark;40;Porsgrunn;4001;;;0;107152322;59,10531863;9,763589685;Fylkesveg;;12;;;;;Ukjent;Snø / isbelagt veg;God sikt, nedbør;Mørkt uten vegbelysning;Ukjent;;
lørdag 3. februar 2001;22:19:00;Lørdag;Ulykke med uklart forløp hvor fotgjenger gikk langs eller oppholdt seg i kj.banen;2;Motortrafikkveg;Bomstasjon;Ikke tettsted;50;Europaveg;18;UID1000202964;Helgedøgn;Fotgjenger/akende;Fotgjenger langs vegen eller i kjørebanen;2001;0;1;1;0;0;0;0;0;0;0;0;0;0;0;Nei;Telemark;40;Porsgrunn;4001;;;0;107137301;59,10222646;9,768120579;Fylkesveg;;2;;;;;Asfalt, oljegrus;Tørr, bar veg;God sikt, opphold;Mørkt med vegbelysning;Vanlig kjørefelt;8;10300
lørdag 3. juli 2004;20:38:00;Lørdag;Enslig kjøretøy kjørte utfor på venstre side i høyrekurve;1;Vanlig veg/gate;Vegstrekning utenfor kryss/avkjørsel;Ikke tettsted;80;Europaveg;134;UID1000201230;Helgedøgn;Utforkjøring;Enslig kjøretøy kjørte utfor vegen;2004;0;0;0;0;0;0;0;1;0;0;0;0;0;0;Ukjent;Telemark;40;Tokke;4034;;;0;107127024;59,49053542;8,237122965;Fylkesveg;;7;;;;;Asfalt, oljegrus;Våt, bar veg;God sikt, nedbør;Dagslys;Vanlig kjørefelt;2;
lørdag 30. januar 2010;06:09:00;Lørdag;Ulykke med uklart forløp ved kryssende kj.retn hvor ett el. begge kj.tøy svinger av;2;Vanlig veg/gate;3-armet kryss (T-kryss, Y-kryss);Tettsted;60;Riksveg;36;UID1000241142;Helgedøgn;Kryssende kjøreretning;Ulykke ved kryssende kjøreretning hvor kjøretøy foretar avsvingning;2010;0;0;0;0;0;0;0;2;0;0;0;0;0;0;Nei;Telemark;40;Porsgrunn;4001;;;0;237415691;59,12257552;9,707548123;Fylkesveg;;1;;;;;Asfalt, oljegrus;Delvis snø / isbelagt veg;Dårlig sikt, tåke eller dis;Mørkt med vegbelysning;Vanlig kjørefelt;2;15100
lørdag 30. januar 2010;16:40:00;Lørdag;Møting i kurve;2;Vanlig veg/gate;Vegstrekning utenfor kryss/avkjørsel;Ikke tettsted;70;Fylkesveg;360;UID1000241521;Helgedøgn;Motsatt kjøreretning;Ulykke ved møting;2010;0;0;0;0;0;0;0;2;0;0;0;0;0;0;Ukjent;Telemark;40;Notodden;4005;;;0;240037545;59,51349439;9,314885969;Fylkesveg;;1;;;;;Asfalt, oljegrus;Snø / isbelagt veg;God sikt, nedbør;Mørkt uten vegbelysning;Vanlig kjørefelt;2;
lørdag 30. september 2006;23:01:00;Lørdag;Enslig kjøretøy kjørte utfor på høyre side i venstrekurve;1;Vanlig veg/gate;Annet (P-plass, torv, o. l.);Ikke tettsted;80;Riksveg;41;UID1000215671;Helgedøgn;Utforkjøring;Enslig kjøretøy kjørte utfor vegen;2006;0;0;0;0;0;0;0;1;0;0;0;0;0;0;Ukjent;Telemark;40;Nissedal;4030;;;0;119359110;59,20494122;8,495268128;Fylkesveg;;9;;;;;Asfalt, oljegrus;Våt, bar veg;God sikt, opphold;Mørkt uten vegbelysning;Vanlig kjørefelt;2;
lørdag 31. mai 1997;19:20:00;Lørdag;Påkjøring bakfra ved venstresving;2;Vanlig veg/gate;Avkjørsel;Tettsted;50;;;UID1000204475;Helgedøgn;Kryssende kjøreretning;Ulykke ved avsvinging fra samme kjøreretning;1997;0;0;0;0;0;0;0;2;0;0;0;0;0;0;Ukjent;Telemark;40;Skien;4003;KF99999 S1D1 m0;Kommunal veg;99999;107146171;59,19268713;9,542866519;Kommunal veg;;5;;;;;Asfalt, oljegrus;Tørr, bar veg;God sikt, opphold;Dagslys;Vanlig kjørefelt;2;
lørdag 31. oktober 2009;15:00:00;Lørdag;Ulykke med uklart forløp / ulykke som ikke faller inn under noen bestemt ul.kode;1;Annet (plass m.m.);Annet (P-plass, torv, o. l.);Tettsted;;Privat veg;99864;UID1000240101;Helgedøgn;Andre ulykker;Andre ulykker(parkering o.l);2009;0;0;0;0;0;1;0;0;0;0;0;0;0;0;Ukjent;Telemark;40;Kviteseid;4028;;;0;237034238;59,38900347;8,493622595;Fylkesveg;;10;;;;;;Våt, bar veg;God sikt, opphold;Dagslys;Annet;;
lørdag 4. januar 1992;13:00:00;Lørdag;Påkjøring bakfra ved høyresving;2;Ukjent;4 armet kryss (X-kryss);Tettsted;50;Riksveg;36;UID1000206749;Helgedøgn;Kryssende kjøreretning;Ulykke ved avsvinging fra samme kjøreretning;1992;0;0;0;0;0;0;0;1;0;0;0;0;0;1;Ukjent;Telemark;40;Porsgrunn;4001;;;0;107159523;59,13849445;9,662163564;Fylkesveg;;1;;;;;Ukjent;Snø / isbelagt veg;God sikt, opphold;Dagslys;Ukjent;;
lørdag 4. juli 2015;13:20:00;Lørdag;Påkjøring forøvrig ved venstresving;2;Vanlig veg/gate;Annet (P-plass, torv, o. l.);Tettsted;60;Fylkesveg;59;UID1000273478;Helgedøgn;Kryssende kjøreretning;Ulykke ved avsvinging fra samme kjøreretning;2015;0;0;0;0;0;1;0;1;0;0;0;0;0;0;Nei;Telemark;40;Skien;4003;;;0;621371848;59,18604954;9,615271034;Fylkesveg;;7;;;;;Asfalt, oljegrus;Tørr, bar veg;God sikt, opphold;Dagslys;Vanlig kjørefelt;2;12300
lørdag 5. april 2003;20:00:00;Lørdag;Enslig kjøretøy kjørte utfor på høyre side i høyrekurve;1;Vanlig veg/gate;3-armet kryss (T-kryss, Y-kryss);Ikke tettsted;70;Riksveg;36;UID1000202109;Helgedøgn;Utforkjøring;Enslig kjøretøy kjørte utfor vegen;2003;0;0;0;0;0;0;0;1;0;0;0;0;0;0;Ukjent;Telemark;40;Skien;4003;;;0;107132273;59,18087955;9,568795068;Fylkesveg;;4;;;;;Asfalt, oljegrus;Tørr, bar veg;God sikt, opphold;Tussmørke, skumring;Vanlig kjørefelt;3;
lørdag 5. mai 2001;16:50:00;Lørdag;Møting på rett vegstrekning;2;Motortrafikkveg;Tunnel (primært for motorkjøretøy);Ikke tettsted;90;Europaveg;18;UID1000202894;Helgedøgn;Motsatt kjøreretning;Ulykke ved møting;2001;0;0;0;0;0;0;0;2;0;0;0;0;0;0;Ukjent;Telemark;40;Porsgrunn;4001;;;0;107136846;59,05663517;9,674502108;Fylkesveg;;5;;;;;Asfalt, oljegrus;Tørr, bar veg;God sikt, opphold;Mørkt med vegbelysning;Vanlig kjørefelt;3;
lørdag 5. september 1992;16:20:00;Lørdag;Påkjøring forøvrig ved venstresving;2;Ukjent;3-armet kryss (T-kryss, Y-kryss);Ikke tettsted;60;Riksveg;353;UID1000206432;Helgedøgn;Kryssende kjøreretning;Ulykke ved avsvinging fra samme kjøreretning;1992;0;0;0;0;0;1;0;1;0;0;0;0;0;0;Ukjent;Telemark;40;Bamble;4012;;;0;107157819;59,04674857;9,647340779;Fylkesveg;;9;;;;;Ukjent;Tørr, bar veg;God sikt, opphold;Dagslys;Ukjent;;
lørdag 6. august 2005;00:20:00;Lørdag;Enslig kjøretøy kjørte utfor på høyre side på rett vegstrekning;1;Vanlig veg/gate;Vegstrekning utenfor kryss/avkjørsel;Ikke tettsted;60;Kommunal veg;2615;UID1000201024;Helgedøgn;Utforkjøring;Enslig kjøretøy kjørte utfor vegen;2005;0;0;0;0;0;0;0;1;0;0;0;0;0;0;Ukjent;Telemark;40;Tinn;4026;;;0;107125815;59,92625999;8,7581511;Fylkesveg;;8;;;;;Asfalt, oljegrus;Tørr, bar veg;God sikt, opphold;Mørkt med vegbelysning;Vanlig kjørefelt;2;
lørdag 6. august 2011;18:08:00;Lørdag;Møting i kurve;2;Vanlig veg/gate;Vegstrekning utenfor kryss/avkjørsel;Ikke tettsted;60;Europaveg;134;UID1000250245;Helgedøgn;Motsatt kjøreretning;Ulykke ved møting;2011;0;0;0;0;0;0;0;2;0;0;0;0;0;0;Nei;Telemark;40;Vinje;4036;;;0;292048580;59,61649709;7,86926737;Fylkesveg;;8;;;;;Asfalt, oljegrus;Tørr, bar veg;God sikt, opphold;Dagslys;Vanlig kjørefelt;2;1700
lørdag 6. juli 1991;04:20:00;Lørdag;Ulykke med dyr innblandet;1;Ukjent;Vegstrekning utenfor kryss/avkjørsel;Ikke tettsted;80;Europaveg;18;UID1000206963;Helgedøgn;Andre ulykker;Andre ulykker(parkering o.l);1991;0;0;0;0;0;0;0;1;0;0;0;0;0;0;Ukjent;Telemark;40;Bamble;4012;;;0;107160760;58,9705958;9,497666271;Fylkesveg;;7;;;;;Ukjent;Tørr, bar veg;God sikt, opphold;Dagslys;Ukjent;;
lørdag 6. november 1993;20:05:00;Lørdag;Påkjøring av parkert kjøretøy på høyre side;2;Ukjent;Vegstrekning utenfor kryss/avkjørsel;Ikke tettsted;90;Europaveg;18;UID1000205907;Helgedøgn;Andre ulykker;Andre ulykker(parkering o.l);1993;0;0;0;0;0;0;0;2;0;0;0;0;0;0;Ukjent;Telemark;40;Porsgrunn;4001;;;0;107154910;59,09696468;9,778648189;Fylkesveg;;11;;;;;Ukjent;Tørr, bar veg;God sikt, opphold;Mørkt uten vegbelysning;Ukjent;;
lørdag 7. august 2004;17:04:00;Lørdag;Enslig kjøretøy kjørte utfor på høyre side i venstrekurve;1;Motortrafikkveg;Vegstrekning utenfor kryss/avkjørsel;Ikke tettsted;80;Europaveg;18;UID1000201454;Helgedøgn;Utforkjøring;Enslig kjøretøy kjørte utfor vegen;2004;0;0;0;0;0;1;0;0;0;0;0;0;0;0;Ukjent;Telemark;40;Porsgrunn;4001;;;0;107128435;59,08259235;9,818213197;Fylkesveg;;8;;;;;Asfalt, oljegrus;Tørr, bar veg;God sikt, opphold;Dagslys;Vanlig kjørefelt;2;
lørdag 7. februar 2004;21:08:00;Lørdag;Høyresving foran kjørende i samme retning;2;Vanlig veg/gate;3-armet kryss (T-kryss, Y-kryss);Ikke tettsted;60;Riksveg;36;UID1000201710;Helgedøgn;Kryssende kjøreretning;Ulykke ved kryssende kjøreretning hvor kjøretøy foretar avsvingning;2004;0;0;0;0;0;0;0;2;0;0;0;0;0;0;Nei;Telemark;40;Porsgrunn;4001;;;0;107130034;59,12260987;9,707507805;Fylkesveg;;2;;;;;Asfalt, oljegrus;Delvis snø / isbelagt veg;God sikt, nedbør;Mørkt med vegbelysning;Vanlig kjørefelt;3;11124
lørdag 7. november 2009;06:00:00;Lørdag;Enslig kjøretøy kjørte utfor på venstre side i venstrekurve;1;Vanlig veg/gate;Vegstrekning utenfor kryss/avkjørsel;Ikke tettsted;80;Europaveg;134;UID1000240270;Helgedøgn;Utforkjøring;Enslig kjøretøy kjørte utfor vegen;2009;0;0;0;0;0;0;0;1;0;0;0;0;0;0;Ukjent;Telemark;40;Tokke;4034;;;0;237149525;59,4900923;8,297538079;Fylkesveg;;11;;;;;Asfalt, oljegrus;Snø / isbelagt veg;God sikt, nedbør;Mørkt uten vegbelysning;Vanlig kjørefelt;;
lørdag 8. august 1998;18:15:00;Lørdag;Venstresving foran kjørende i motsatt retning;2;Vanlig veg/gate;3-armet kryss (T-kryss, Y-kryss);Ikke tettsted;50;Kommunal veg;4350;UID1000203958;Helgedøgn;Kryssende kjøreretning;Ulykke ved kryssende kjøreretning hvor kjøretøy foretar avsvingning;1998;0;0;0;0;0;0;1;1;0;0;0;0;0;0;Ukjent;Telemark;40;Tinn;4026;;;0;107143136;59,87854882;8,618134421;Fylkesveg;;8;;;;;Asfalt, oljegrus;Tørr, bar veg;God sikt, opphold;Dagslys;Vanlig kjørefelt;2;
lørdag 9. april 2005;07:26:00;Lørdag;Enslig kjøretøy kjørte utfor på venstre side i venstrekurve;1;Vanlig veg/gate;Vegstrekning utenfor kryss/avkjørsel;Ikke tettsted;60;Riksveg;353;UID1000201170;Helgedøgn;Utforkjøring;Enslig kjøretøy kjørte utfor vegen;2005;0;0;0;0;0;0;0;1;0;0;0;0;0;0;Nei;Telemark;40;Bamble;4012;;;0;107126666;59,05039558;9,640012133;Fylkesveg;;4;;;;;Asfalt, oljegrus;Delvis snø / isbelagt veg;God sikt, opphold;Dagslys;Vanlig kjørefelt;2;4438
lørdag 9. august 1997;18:15:00;Lørdag;Kjørende fra fortau / G/S-veg krysset kjørebanen utenfor kryss;2;Vanlig veg/gate;Annet (P-plass, torv, o. l.);Tettsted;30;Kommunal veg;1375;UID1000204381;Helgedøgn;Kryssende kjøreretning;Ulykke ved kryssende kjøreretning uten avsvingning;1997;0;0;0;0;0;0;1;1;0;0;0;0;0;0;Ukjent;Telemark;40;Porsgrunn;4001;;;0;107145612;59,11004303;9,673826262;Fylkesveg;;8;;;;;Asfalt, oljegrus;Tørr, bar veg;God sikt, opphold;Dagslys;Vanlig kjørefelt;2;
lørdag 9. august 2008;11:20:00;Lørdag;Ulykke med uklart forløp hvor enslig kjøretøy kjørte utfor vegen;1;Vanlig veg/gate;Vegstrekning utenfor kryss/avkjørsel;Ikke tettsted;70;Europaveg;134;UID1000230964;Helgedøgn;Utforkjøring;Enslig kjøretøy kjørte utfor vegen;2008;0;0;0;0;0;0;0;1;0;0;0;0;0;0;Ukjent;Telemark;40;Notodden;4005;;;0;178851395;59,58233171;9,318466143;Fylkesveg;;8;;;;;Asfalt, oljegrus;Våt, bar veg;God sikt, nedbør;Dagslys;Vanlig kjørefelt;2;
lørdag 9. juli 1994;08:40:00;Lørdag;Enslig kjøretøy kjørte utfor på høyre side i venstrekurve;1;Ukjent;Vegstrekning utenfor kryss/avkjørsel;Ikke tettsted;90;Europaveg;18;UID1000205631;Helgedøgn;Utforkjøring;Enslig kjøretøy kjørte utfor vegen;1994;0;0;0;0;0;0;0;0;0;0;0;0;0;1;Ukjent;Telemark;40;Bamble;4012;;;0;107153187;58,9619675;9,463011086;Fylkesveg;;7;;;;;Ukjent;Tørr, bar veg;God sikt, opphold;Dagslys;Ukjent;;
lørdag 9. juni 2001;16:40:00;Lørdag;Påkjøring bakfra ved venstresving;2;Vanlig veg/gate;3-armet kryss (T-kryss, Y-kryss);Ikke tettsted;70;Europaveg;18;UID1000202858;Helgedøgn;Kryssende kjøreretning;Ulykke ved avsvinging fra samme kjøreretning;2001;0;0;0;0;0;0;0;2;0;0;0;0;0;0;Ja;Telemark;40;Porsgrunn;4001;;;0;107136590;59,10462408;9,763993261;Fylkesveg;;6;;;;;Asfalt, oljegrus;Tørr, bar veg;God sikt, opphold;Dagslys;Vanlig kjørefelt;2;10300
lørdag 9. oktober 1999;09:05:00;Lørdag;Fotgjenger krysset kjørebanen på bortsiden av krysset;2;Vanlig veg/gate;3-armet kryss (T-kryss, Y-kryss);Tettsted;50;Riksveg;36;UID1000203365;Helgedøgn;Fotgjenger/akende;Fotgjenger krysset kjørebanen;1999;0;0;1;0;0;0;0;1;0;0;0;0;0;0;Ukjent;Telemark;40;Skien;4003;;;0;107139726;59,19603451;9,604345215;Fylkesveg;;10;;;;;Asfalt, oljegrus;Tørr, bar veg;God sikt, opphold;Dagslys;Vanlig kjørefelt;2;
lørdag 9. september 2006;12:30:00;Lørdag;Øvrige parkeringsuhell;4;Vanlig veg/gate;3-armet kryss (T-kryss, Y-kryss);Tettsted;50;Kommunal veg;4644;UID1000215676;Helgedøgn;Andre ulykker;Andre ulykker(parkering o.l);2006;0;0;0;0;0;0;0;4;0;0;0;0;0;0;Ukjent;Telemark;40;Porsgrunn;4001;;;0;119359131;59,05287216;9,699873124;Fylkesveg;;9;;;;;Asfalt, oljegrus;Tørr, bar veg;God sikt, opphold;Dagslys;Vanlig kjørefelt;;
mandag 1. november 2004;17:10:00;Mandag;Avsvinging til venstre foran kjørende i motsatt retning;2;Vanlig veg/gate;3-armet kryss (T-kryss, Y-kryss);Ikke tettsted;60;Riksveg;38;UID1000201350;Yrkesdøgn;Kryssende kjøreretning;Ulykke ved avsvinging fra motsatte kjøreretning;2004;0;0;0;0;0;0;0;2;0;0;0;0;0;0;Ukjent;Telemark;40;Kragerø;4014;;;0;107127840;58,87214055;9,373826951;Fylkesveg;;11;;;;;Asfalt, oljegrus;Tørr, bar veg;God sikt, opphold;Tussmørke, skumring;Vanlig kjørefelt;3;
mandag 1. september 2008;11:45:00;Mandag;Kjørende fra fortau eller G/S-veg krysset kjørebanen på hitsiden av krysset;2;Vanlig veg/gate;3-armet kryss (T-kryss, Y-kryss);Ikke tettsted;60;Fylkesveg;2;UID1000231665;Yrkesdøgn;Kryssende kjøreretning;Ulykke ved kryssende kjøreretning uten avsvingning;2008;0;0;0;0;0;0;0;0;0;0;1;0;0;1;Ukjent;Telemark;40;Porsgrunn;4001;;;0;184996796;59,1259908;9,691177718;Fylkesveg;;9;;;;;Asfalt, oljegrus;Ukjent;Ukjent;Dagslys;Vanlig kjørefelt;2;
mandag 10. august 1998;12:30:00;Mandag;Påkjøring bakfra;2;Motortrafikkveg;Bomstasjon;Ikke tettsted;50;Europaveg;18;UID1000203940;Yrkesdøgn;Samme kjøreretning;Ulykke mellom kjøretøy med samme kjøreretning;1998;0;0;0;0;0;0;0;1;0;0;0;0;0;1;Ukjent;Telemark;40;Porsgrunn;4001;;;0;107143039;59,10193453;9,768689926;Fylkesveg;;8;;;;;Asfalt, oljegrus;Tørr, bar veg;God sikt, opphold;Dagslys;Vanlig kjørefelt;4;
mandag 10. august 2015;17:57:00;Mandag;Enslig kjøretøy kjørte utfor på høyre side i venstrekurve;1;Vanlig veg/gate;Vegstrekning utenfor kryss/avkjørsel;Ikke tettsted;80;Europaveg;134;UID1000273744;Yrkesdøgn;Utforkjøring;Enslig kjøretøy kjørte utfor vegen;2015;0;0;0;0;0;1;0;0;0;0;0;0;0;0;Nei;Telemark;40;Tokke;4034;;;0;627368245;59,49031969;8,221716457;Fylkesveg;;8;;;;;Asfalt, oljegrus;Tørr, bar veg;God sikt, opphold;Dagslys;Vanlig kjørefelt;2;2400
mandag 10. juli 2017;19:05:00;Mandag;Påkjøring bakfra ved venstresving;2;Vanlig veg/gate;Avkjørsel;Tettsted;80;Europaveg;134;UID1000282985;Yrkesdøgn;Kryssende kjøreretning;Ulykke ved avsvinging fra samme kjøreretning;2017;0;1;0;0;0;0;0;1;0;0;0;0;0;0;Ukjent;Telemark;40;Kviteseid;4028;;;0;811640001;59,47797489;8,371441881;Fylkesveg;;7;;;;;Asfalt, oljegrus;Våt, bar veg;God sikt, nedbør;Dagslys;Vanlig kjørefelt;2;
mandag 11. august 2003;20:12:00;Mandag;Kryssende kjøreretninger (uten avsvinging);2;Vanlig veg/gate;4 armet kryss (X-kryss);Ikke tettsted;80;Fylkesveg;30;UID1000201953;Yrkesdøgn;Kryssende kjøreretning;Ulykke ved kryssende kjøreretning uten avsvingning;2003;0;0;0;0;0;1;0;1;0;0;0;0;0;0;Nei;Telemark;40;Porsgrunn;4001;;;0;107131362;59,11733522;9,718491184;Fylkesveg;;8;;;;;Asfalt, oljegrus;Tørr, bar veg;God sikt, opphold;Dagslys;Vanlig kjørefelt;2;1906
mandag 11. august 2014;18:56:00;Mandag;Påkjøring bakfra;3;Vanlig veg/gate;Vegstrekning utenfor kryss/avkjørsel;Tettsted;60;Riksveg;354;UID1000268592;Yrkesdøgn;Samme kjøreretning;Ulykke mellom kjøretøy med samme kjøreretning;2014;0;0;0;0;0;0;0;3;0;0;0;0;0;0;Ukjent;Telemark;40;Bamble;4012;;;0;555125016;59,03752482;9,675458332;Fylkesveg;;8;;;;;Asfalt, oljegrus;Tørr, bar veg;God sikt, opphold;Dagslys;Vanlig kjørefelt;2;
mandag 11. januar 1993;21:30:00;Mandag;Enslig kjøretøy kjørte utfor på venstre side i høyrekurve;1;Ukjent;Vegstrekning utenfor kryss/avkjørsel;Ikke tettsted;70;Riksveg;36;UID1000206278;Yrkesdøgn;Utforkjøring;Enslig kjøretøy kjørte utfor vegen;1993;0;0;0;0;0;0;0;1;0;0;0;0;0;0;Ukjent;Telemark;40;Skien;4003;;;0;107156957;59,1838174;9,514822119;Fylkesveg;;1;;;;;Ukjent;Snø / isbelagt veg;God sikt, opphold;Mørkt uten vegbelysning;Ukjent;;
mandag 11. januar 2010;12:15:00;Mandag;Møting i kurve;2;Vanlig veg/gate;Vegstrekning utenfor kryss/avkjørsel;Ikke tettsted;70;Riksveg;36;UID1000240670;Yrkesdøgn;Motsatt kjøreretning;Ulykke ved møting;2010;0;0;0;1;0;0;0;1;0;0;0;0;0;0;Ukjent;Telemark;40;Midt-Telemark;4020;;;0;237342719;59,35770954;9,190576606;Fylkesveg;;1;;;;;Asfalt, oljegrus;Delvis snø / isbelagt veg;God sikt, opphold;Dagslys;Vanlig kjørefelt;2;
mandag 11. juli 2011;10:34:00;Mandag;Enslig kjøretøy kjørte utfor på høyre side i venstrekurve;1;Vanlig veg/gate;Vegstrekning utenfor kryss/avkjørsel;Tettsted;80;Europaveg;134;UID1000253067;Yrkesdøgn;Utforkjøring;Enslig kjøretøy kjørte utfor vegen;2011;0;0;0;0;0;1;0;0;0;0;0;0;0;0;Ukjent;Telemark;40;Vinje;4036;;;0;317127241;59,72977488;7,622520349;Fylkesveg;;7;;;;;Asfalt, oljegrus;Våt, bar veg;God sikt, nedbør;Dagslys;Vanlig kjørefelt;2;
mandag 11. juni 2012;18:30:00;Mandag;Påkjøring forøvrig ved høyresving;2;Vanlig veg/gate;Rundkjøring;Tettsted;50;Fylkesveg;356;UID1000255196;Yrkesdøgn;Kryssende kjøreretning;Ulykke ved avsvinging fra samme kjøreretning;2012;0;0;0;0;0;0;0;1;0;0;1;0;0;0;Nei;Telemark;40;Porsgrunn;4001;;;0;339119362;59,13838371;9,642917467;Fylkesveg;;6;;;;;Asfalt, oljegrus;Tørr, bar veg;God sikt, opphold;Dagslys;Vanlig kjørefelt;1;12000
mandag 11. oktober 2004;13:00:00;Mandag;Påkjøring bakfra;3;Vanlig veg/gate;Vegstrekning utenfor kryss/avkjørsel;Ikke tettsted;;Riksveg;354;UID1000201325;Yrkesdøgn;Samme kjøreretning;Ulykke mellom kjøretøy med samme kjøreretning;2004;0;0;0;0;0;0;0;3;0;0;0;0;0;0;Ukjent;Telemark;40;Skien;4003;;;0;107127654;59,15712063;9,63684412;Fylkesveg;;10;;;;;Asfalt, oljegrus;Tørr, bar veg;God sikt, opphold;Dagslys;Vanlig kjørefelt;2;
mandag 12. desember 1994;14:03:00;Mandag;Venstresving foran kjørende i samme retning;3;Ukjent;3-armet kryss (T-kryss, Y-kryss);Tettsted;50;Riksveg;36;UID1000205469;Yrkesdøgn;Kryssende kjøreretning;Ulykke ved kryssende kjøreretning hvor kjøretøy foretar avsvingning;1994;0;0;0;0;0;0;0;3;0;0;0;0;0;0;Ukjent;Telemark;40;Skien;4003;;;0;107152259;59,19608309;9,604863807;Fylkesveg;;12;;;;;Ukjent;Våt, bar veg;God sikt, opphold;Dagslys;Ukjent;;
mandag 12. desember 2011;21:15:00;Mandag;Avsvinging til venstre foran kjørende i motsatt retning;2;Vanlig veg/gate;3-armet kryss (T-kryss, Y-kryss);Tettsted;70;Riksveg;36;UID1000252968;Yrkesdøgn;Kryssende kjøreretning;Ulykke ved avsvinging fra motsatte kjøreretning;2011;0;0;0;0;0;0;0;2;0;0;0;0;0;0;Nei;Telemark;40;Porsgrunn;4001;;;0;305889192;59,1003334;9,675143759;Fylkesveg;;12;;;;;Asfalt, oljegrus;Våt, bar veg;God sikt, opphold;Mørkt med vegbelysning;Vanlig kjørefelt;2;13800
mandag 12. februar 1996;06:40:00;Mandag;Avsvinging til venstre foran kjørende i motsatt retning;2;Vanlig veg/gate;3-armet kryss (T-kryss, Y-kryss);Tettsted;50;Riksveg;36;UID1000204997;Yrkesdøgn;Kryssende kjøreretning;Ulykke ved avsvinging fra motsatte kjøreretning;1996;0;0;0;0;0;0;0;2;0;0;0;0;0;0;Ukjent;Telemark;40;Porsgrunn;4001;;;0;107149265;59,13526781;9,670126535;Fylkesveg;;2;;;;;Asfalt, oljegrus;Delvis snø / isbelagt veg;God sikt, opphold;Mørkt med vegbelysning;Vanlig kjørefelt;2;
mandag 12. januar 2004;08:10:00;Mandag;Fotgjenger krysset kjørebanen i gangfelt utenfor kryss;2;Vanlig veg/gate;Vegstrekning utenfor kryss/avkjørsel;Ikke tettsted;;Kommunal veg;1730;UID1000201703;Yrkesdøgn;Fotgjenger/akende;Fotgjenger krysset kjørebanen;2004;0;0;1;0;0;0;0;1;0;0;0;0;0;0;Ukjent;Telemark;40;Porsgrunn;4001;;;0;107129995;59,12049279;9,662293542;Fylkesveg;;1;;;;;Asfalt, oljegrus;Ukjent;Ukjent;Dagslys;Vanlig kjørefelt;;
mandag 12. oktober 1998;08:00:00;Mandag;Enslig kjøretøy kjørte utfor på høyre side i venstrekurve;1;Vanlig veg/gate;Vegstrekning utenfor kryss/avkjørsel;Ikke tettsted;80;;;UID1000203842;Yrkesdøgn;Utforkjøring;Enslig kjøretøy kjørte utfor vegen;1998;0;0;0;0;0;0;0;1;0;0;0;0;0;0;Ukjent;Telemark;40;Skien;4003;KF99999 S1D1 m0;Kommunal veg;99999;107142474;59,11532712;9,411106069;Kommunal veg;;10;;;;;Grus;Tørr, bar veg;God sikt, opphold;Dagslys;Vanlig kjørefelt;2;
mandag 12. oktober 1998;14:00:00;Mandag;Fotgjenger gikk på vegens høyre side;2;Boliggate, boligveg;4 armet kryss (X-kryss);Tettsted;50;Kommunal veg;4250;UID1000203864;Yrkesdøgn;Fotgjenger/akende;Fotgjenger langs vegen eller i kjørebanen;1998;0;0;1;0;0;0;0;0;0;0;1;0;0;0;Ukjent;Telemark;40;Tinn;4026;;;0;107142590;59,88016978;8,631476786;Fylkesveg;;10;;;;;Asfalt, oljegrus;Tørr, bar veg;God sikt, opphold;Dagslys;Vanlig kjørefelt;2;
mandag 12. oktober 2015;15:15:00;Mandag;Avsvinging til venstre foran kjørende i motsatt retning;2;Vanlig veg/gate;3-armet kryss (T-kryss, Y-kryss);Ikke tettsted;70;Riksveg;36;UID1000274749;Yrkesdøgn;Kryssende kjøreretning;Ulykke ved avsvinging fra motsatte kjøreretning;2015;0;0;0;0;0;0;0;2;0;0;0;0;0;0;Ukjent;Telemark;40;Skien;4003;;;0;642520181;59,18057833;9,569982763;Fylkesveg;;10;;;;;Asfalt, oljegrus;Våt, bar veg;God sikt, opphold;Dagslys;Vanlig kjørefelt;3;
mandag 12. september 2011;18:15:00;Mandag;Påkjøring forøvrig ved venstresving;2;Vanlig veg/gate;4 armet kryss (X-kryss);Tettsted;30;Fylkesveg;43;UID1000251334;Yrkesdøgn;Kryssende kjøreretning;Ulykke ved avsvinging fra samme kjøreretning;2011;0;0;0;0;0;0;1;1;0;0;0;0;0;0;Nei;Telemark;40;Skien;4003;;;0;299125402;59,20504554;9,584547799;Fylkesveg;;9;;;;;Asfalt, oljegrus;Våt, bar veg;Dårlig sikt, nedbør;Tussmørke, skumring;Vanlig kjørefelt;2;3500
mandag 12. september 2011;23:44:00;Mandag;Enslig kjøretøy kjørte utfor på venstre side i høyrekurve;1;Vanlig veg/gate;Vegstrekning utenfor kryss/avkjørsel;Tettsted;80;Europaveg;134;UID1000251391;Yrkesdøgn;Utforkjøring;Enslig kjøretøy kjørte utfor vegen;2011;0;0;0;0;0;0;0;1;0;0;0;0;0;0;Nei;Telemark;40;Seljord;4022;;;0;300661224;59,50351322;8,643886949;Fylkesveg;;9;;;;;Asfalt, oljegrus;Våt, bar veg;God sikt, nedbør;Mørkt uten vegbelysning;Vanlig kjørefelt;2;2800
mandag 13. februar 2012;13:54:00;Mandag;Møting i kurve;2;Vanlig veg/gate;Vegstrekning utenfor kryss/avkjørsel;Tettsted;70;Riksveg;36;UID1000253613;Yrkesdøgn;Motsatt kjøreretning;Ulykke ved møting;2012;0;0;0;1;0;0;0;1;0;0;0;0;0;0;Ukjent;Telemark;40;Midt-Telemark;4020;;;0;323111848;59,33034567;9,224174267;Fylkesveg;;2;;;;;Asfalt, oljegrus;Delvis snø / isbelagt veg;God sikt, opphold;Dagslys;Vanlig kjørefelt;2;
mandag 13. mars 2006;14:39:00;Mandag;Venstresving foran kjørende i motsatt retning;2;Vanlig veg/gate;3-armet kryss (T-kryss, Y-kryss);Ikke tettsted;60;Riksveg;354;UID1000212505;Yrkesdøgn;Kryssende kjøreretning;Ulykke ved kryssende kjøreretning hvor kjøretøy foretar avsvingning;2006;0;0;0;0;0;0;0;2;0;0;0;0;0;0;Ukjent;Telemark;40;Bamble;4012;;;0;114361019;59,04021772;9,675512187;Fylkesveg;;3;;;;;Asfalt, oljegrus;Tørr, bar veg;God sikt, opphold;Dagslys;Vanlig kjørefelt;2;
mandag 14. juli 1997;00:12:00;Mandag;Møting i kurve;2;Motortrafikkveg;Vegstrekning utenfor kryss/avkjørsel;Ikke tettsted;90;Europaveg;18;UID1000204400;Yrkesdøgn;Motsatt kjøreretning;Ulykke ved møting;1997;0;0;0;1;0;0;0;1;0;0;0;0;0;0;Ukjent;Telemark;40;Porsgrunn;4001;;;0;107145756;59,08451812;9,813726314;Fylkesveg;;7;;;;;Asfalt, oljegrus;Tørr, bar veg;God sikt, opphold;Mørkt uten vegbelysning;Vanlig kjørefelt;2;
mandag 14. juli 2003;15:37:00;Mandag;Påkjøring bakfra ved venstresving;2;Vanlig veg/gate;Annet (P-plass, torv, o. l.);Ikke tettsted;50;Riksveg;354;UID1000201987;Yrkesdøgn;Kryssende kjøreretning;Ulykke ved avsvinging fra samme kjøreretning;2003;0;0;0;0;1;0;0;1;0;0;0;0;0;0;Ukjent;Telemark;40;Bamble;4012;;;0;107131556;59,03747725;9,675395867;Fylkesveg;;7;;;;;Asfalt, oljegrus;Tørr, bar veg;God sikt, opphold;Dagslys;Vanlig kjørefelt;2;
mandag 14. mai 2012;15:30:00;Mandag;Ulykke med uklart forløp hvor enslig kjøretøy kjørte utfor vegen;1;Vanlig veg/gate;Vegstrekning utenfor kryss/avkjørsel;Tettsted;60;Fylkesveg;51;UID1000255143;Yrkesdøgn;Utforkjøring;Enslig kjøretøy kjørte utfor vegen;2012;0;0;0;0;0;0;0;1;0;0;0;0;0;0;Nei;Telemark;40;Skien;4003;;;0;335869699;59,17485928;9,581060759;Fylkesveg;;5;;;;;Grus;Tørr, bar veg;God sikt, opphold;Dagslys;Vanlig kjørefelt;2;1000
mandag 14. september 1992;12:25:00;Mandag;Avsvinging til venstre foran kjørende i motsatt retning;2;Ukjent;3-armet kryss (T-kryss, Y-kryss);Ikke tettsted;80;Riksveg;36;UID1000206441;Yrkesdøgn;Kryssende kjøreretning;Ulykke ved avsvinging fra motsatte kjøreretning;1992;0;0;0;1;0;0;0;1;0;0;0;0;0;0;Ukjent;Telemark;40;Skien;4003;;;0;107157866;59,18057906;9,570000182;Fylkesveg;;9;;;;;Ukjent;Våt, bar veg;God sikt, nedbør;Dagslys;Ukjent;;
mandag 15. februar 1993;13:05:00;Mandag;Påkjøring bakfra ved venstresving;2;Ukjent;3-armet kryss (T-kryss, Y-kryss);Tettsted;70;Riksveg;36;UID1000206218;Yrkesdøgn;Kryssende kjøreretning;Ulykke ved avsvinging fra samme kjøreretning;1993;0;0;0;0;0;0;0;2;0;0;0;0;0;0;Ukjent;Telemark;40;Midt-Telemark;4020;;;0;107156636;59,36387499;9,183099995;Fylkesveg;;2;;;;;Ukjent;Våt, bar veg;God sikt, nedbør;Dagslys;Ukjent;;
mandag 15. februar 2010;19:36:00;Mandag;Påkjøring bakfra;2;Vanlig veg/gate;Rundkjøring;Tettsted;50;Riksveg;36;UID1000241208;Yrkesdøgn;Samme kjøreretning;Ulykke mellom kjøretøy med samme kjøreretning;2010;0;0;0;0;0;0;0;2;0;0;0;0;0;0;Ukjent;Telemark;40;Porsgrunn;4001;;;0;237808136;59,14960129;9,661340291;Fylkesveg;;2;;;;;Asfalt, oljegrus;Våt, bar veg;God sikt, opphold;Mørkt med vegbelysning;Vanlig kjørefelt;2;
mandag 15. juni 2009;11:17:00;Mandag;Enslig kjøretøy kjørte utfor på høyre side i venstrekurve;1;Vanlig veg/gate;Vegstrekning utenfor kryss/avkjørsel;Ikke tettsted;80;Europaveg;134;UID1000236776;Yrkesdøgn;Utforkjøring;Enslig kjøretøy kjørte utfor vegen;2009;0;0;0;0;0;1;0;0;0;0;0;0;0;0;Nei;Telemark;40;Vinje;4036;EV134 S17D1 m5937;Europaveg;134;218651012;59,77545745;7,321404644;Europa- og riksveg;;6;;;;;Asfalt, oljegrus;Tørr, bar veg;God sikt, opphold;Dagslys;Vanlig kjørefelt;2;1350
mandag 15. juni 2015;06:54:00;Mandag;Høyresving foran kjørende i motsatt retning;2;Vanlig veg/gate;3-armet kryss (T-kryss, Y-kryss);Ikke tettsted;70;Riksveg;36;UID1000273022;Yrkesdøgn;Kryssende kjøreretning;Ulykke ved kryssende kjøreretning hvor kjøretøy foretar avsvingning;2015;0;0;0;1;0;0;0;0;0;0;1;0;0;0;Nei;Telemark;40;Porsgrunn;4001;;;0;609955059;59,10197793;9,670497282;Fylkesveg;;6;;;;;Asfalt, oljegrus;Tørr, bar veg;God sikt, opphold;Dagslys;Vanlig kjørefelt;3;14250
mandag 15. mai 2000;12:00:00;Mandag;Fotgjenger krysset kjørebanen foran høyresvingende kjøretøy i kryss;2;Vanlig veg/gate;Rundkjøring;Ikke tettsted;50;Kommunal veg;2710;UID1000203262;Yrkesdøgn;Fotgjenger/akende;Fotgjenger krysset kjørebanen;2000;0;0;1;0;0;0;0;1;0;0;0;0;0;0;Ukjent;Telemark;40;Porsgrunn;4001;;;0;107139089;59,1501111;9,662574526;Fylkesveg;;5;;;;;Asfalt, oljegrus;Tørr, bar veg;God sikt, opphold;Dagslys;Vanlig kjørefelt;;
mandag 15. september 2014;08:55:00;Mandag;Venstresving foran kjørende i motsatt retning;2;Vanlig veg/gate;3-armet kryss (T-kryss, Y-kryss);Tettsted;60;Riksveg;354;UID1000269082;Yrkesdøgn;Kryssende kjøreretning;Ulykke ved kryssende kjøreretning hvor kjøretøy foretar avsvingning;2014;0;0;0;0;0;1;0;1;0;0;0;0;0;0;Ukjent;Telemark;40;Bamble;4012;;;0;565275159;59,04022737;9,675528151;Fylkesveg;;9;;;;;Asfalt, oljegrus;Tørr, bar veg;God sikt, opphold;Dagslys;Vanlig kjørefelt;3;
mandag 16. august 2004;10:51:00;Mandag;Venstresving foran kjørende i motsatt retning;2;Vanlig veg/gate;3-armet kryss (T-kryss, Y-kryss);Tettsted;60;Fylkesveg;51;UID1000201484;Yrkesdøgn;Kryssende kjøreretning;Ulykke ved kryssende kjøreretning hvor kjøretøy foretar avsvingning;2004;0;0;0;0;0;0;0;2;0;0;0;0;0;0;Ukjent;Telemark;40;Skien;4003;;;0;107128615;59,1735881;9,569183407;Fylkesveg;;8;;;;;Asfalt, oljegrus;Tørr, bar veg;God sikt, nedbør;Dagslys;Vanlig kjørefelt;2;
mandag 16. juni 1997;19:40:00;Mandag;Enslig kjøretøy veltet i kjørebanen;1;Vanlig veg/gate;Rundkjøring;Tettsted;50;Riksveg;36;UID1000204434;Yrkesdøgn;Andre ulykker;Andre ulykker(parkering o.l);1997;0;0;0;0;0;1;0;0;0;0;0;0;0;0;Ukjent;Telemark;40;Porsgrunn;4001;;;0;107145948;59,14947401;9,661745559;Fylkesveg;;6;;;;;Asfalt, oljegrus;Tørr, bar veg;God sikt, opphold;Dagslys;Vanlig kjørefelt;2;
mandag 16. juni 2003;11:44:00;Mandag;Påkjøring bakfra;3;Vanlig veg/gate;Vegstrekning utenfor kryss/avkjørsel;Ikke tettsted;60;Fylkesveg;59;UID1000202055;Yrkesdøgn;Samme kjøreretning;Ulykke mellom kjøretøy med samme kjøreretning;2003;0;0;0;0;0;0;0;3;0;0;0;0;0;0;Nei;Telemark;40;Skien;4003;;;0;107131941;59,18571098;9,61556996;Fylkesveg;;6;;;;;Asfalt, oljegrus;Tørr, bar veg;God sikt, opphold;Dagslys;Vanlig kjørefelt;2;12176
mandag 16. juni 2008;08:53:00;Mandag;Enslig kjøretøy kjørte utfor på høyre side i høyrekurve;1;Vanlig veg/gate;Vegstrekning utenfor kryss/avkjørsel;Ikke tettsted;70;Europaveg;134;UID1000229490;Yrkesdøgn;Utforkjøring;Enslig kjøretøy kjørte utfor vegen;2008;0;0;0;0;0;0;0;1;0;0;0;0;0;0;Ukjent;Telemark;40;Notodden;4005;;;0;169543228;59,58233959;9,317612892;Fylkesveg;;6;;;;;Asfalt, oljegrus;Våt, bar veg;God sikt, nedbør;Dagslys;Vanlig kjørefelt;2;
mandag 16. mai 1994;22:30:00;Mandag;Påkjøring bakfra;2;Ukjent;3-armet kryss (T-kryss, Y-kryss);Tettsted;50;Riksveg;354;UID1000205682;Yrkesdøgn;Samme kjøreretning;Ulykke mellom kjøretøy med samme kjøreretning;1994;0;0;0;0;0;0;0;1;0;0;0;0;0;1;Ukjent;Telemark;40;Porsgrunn;4001;;;0;107153476;59,13770963;9,643373293;Fylkesveg;;5;;;;;Ukjent;Tørr, bar veg;God sikt, opphold;Mørkt med vegbelysning;Ukjent;;
mandag 16. mai 1994;15:54:00;Mandag;Kryssende kjøreretninger (uten avsvinging);2;Ukjent;4 armet kryss (X-kryss);Tettsted;60;Riksveg;36;UID1000205698;Yrkesdøgn;Kryssende kjøreretning;Ulykke ved kryssende kjøreretning uten avsvingning;1994;0;0;0;0;0;0;0;2;0;0;0;0;0;0;Ukjent;Telemark;40;Skien;4003;;;0;107153584;59,19318948;9,587692507;Fylkesveg;;5;;;;;Ukjent;Tørr, bar veg;God sikt, opphold;Dagslys;Ukjent;;
mandag 16. november 2009;21:20:00;Mandag;Påkjøring bakfra;2;Motortrafikkveg;Vegstrekning utenfor kryss/avkjørsel;Ikke tettsted;80;Europaveg;18;UID1000239995;Yrkesdøgn;Samme kjøreretning;Ulykke mellom kjøretøy med samme kjøreretning;2009;0;0;0;0;0;0;0;2;0;0;0;0;0;0;Nei;Telemark;40;Porsgrunn;4001;;;0;234203624;59,07745524;9,664153636;Fylkesveg;;11;;;;;Asfalt, oljegrus;Våt, bar veg;God sikt, nedbør;Mørkt med vegbelysning;Vanlig kjørefelt;3;11000
mandag 16. november 2020;16:50:00;Mandag;Venstresving foran kjørende i motsatt retning;2;Vanlig veg/gate;3-armet kryss (T-kryss, Y-kryss);Tettsted;60;Fylkesveg;59;UID0730124674;Yrkesdøgn;Kryssende kjøreretning;Ulykke ved kryssende kjøreretning hvor kjøretøy foretar avsvingning;2020;0;0;0;0;0;0;0;1;0;0;0;0;0;1;Nei;Telemark;40;Skien;4003;;;0;1013593056;59,18712319;9,614470295;Fylkesveg;;11;;;;;Asfalt, oljegrus;Våt, bar veg;God sikt, opphold;Mørkt med vegbelysning;Vanlig kjørefelt;2;12100
mandag 17. februar 1992;14:15:00;Mandag;Fotgjenger krysset kjørebanen på hitsiden av krysset;2;Ukjent;3-armet kryss (T-kryss, Y-kryss);Tettsted;50;Riksveg;36;UID1000206702;Yrkesdøgn;Fotgjenger/akende;Fotgjenger krysset kjørebanen;1992;0;0;1;0;0;0;0;1;0;0;0;0;0;0;Ukjent;Telemark;40;Skien;4003;;;0;107159286;59,19599053;9,604369712;Fylkesveg;;2;;;;;Ukjent;Tørr, bar veg;God sikt, opphold;Dagslys;Ukjent;;
mandag 17. januar 1994;15:15:00;Mandag;Påkjøring bakfra ved venstresving;2;Ukjent;3-armet kryss (T-kryss, Y-kryss);Tettsted;60;Riksveg;36;UID1000205799;Yrkesdøgn;Kryssende kjøreretning;Ulykke ved avsvinging fra samme kjøreretning;1994;0;0;0;0;0;0;0;2;0;0;0;0;0;0;Ukjent;Telemark;40;Skien;4003;;;0;107154236;59,19544336;9,601386359;Fylkesveg;;1;;;;;Ukjent;Ukjent;Ukjent;Dagslys;Ukjent;;
mandag 17. januar 2005;14:30:00;Mandag;Påkjøring bakfra;2;Vanlig veg/gate;Vegstrekning utenfor kryss/avkjørsel;Ikke tettsted;60;Riksveg;38;UID1000200911;Yrkesdøgn;Samme kjøreretning;Ulykke mellom kjøretøy med samme kjøreretning;2005;0;0;0;0;0;0;0;0;0;0;0;0;0;2;Ukjent;Telemark;40;Kragerø;4014;;;0;107125127;58,87390623;9,368915922;Fylkesveg;;1;;;;;Asfalt, oljegrus;Våt, bar veg;God sikt, nedbør;Dagslys;Vanlig kjørefelt;2;
mandag 17. juli 2017;14:39:00;Mandag;Avsvinging til venstre foran kjørende i motsatt retning;3;Vanlig veg/gate;3-armet kryss (T-kryss, Y-kryss);Ikke tettsted;60;Fylkesveg;32;UID1000283004;Yrkesdøgn;Kryssende kjøreretning;Ulykke ved avsvinging fra motsatte kjøreretning;2017;0;0;0;0;0;0;0;3;0;0;0;0;0;0;Nei;Telemark;40;Porsgrunn;4001;;;0;813312623;59,1225741;9,707513336;Fylkesveg;;7;;;;;Asfalt, oljegrus;Tørr, bar veg;God sikt, opphold;Dagslys;Vanlig kjørefelt;2;16100
mandag 17. juni 1996;16:00:00;Mandag;Venstresving foran kjørende i motsatt retning;2;Vanlig veg/gate;3-armet kryss (T-kryss, Y-kryss);Ikke tettsted;80;Riksveg;11;UID1000204845;Yrkesdøgn;Kryssende kjøreretning;Ulykke ved kryssende kjøreretning hvor kjøretøy foretar avsvingning;1996;0;0;0;0;0;1;0;1;0;0;0;0;0;0;Ukjent;Telemark;40;Notodden;4005;;;0;107148408;59,56697265;9,214102737;Fylkesveg;;6;;;;;Asfalt, oljegrus;Våt, bar veg;God sikt, opphold;Dagslys;Vanlig kjørefelt;2;
mandag 17. mai 2004;19:00:00;Mandag;Enslig kjøretøy kjørte utfor på venstre side i høyrekurve;1;Vanlig veg/gate;Vegstrekning utenfor kryss/avkjørsel;Ikke tettsted;80;Riksveg;41;UID1000201268;Helgedøgn;Utforkjøring;Enslig kjøretøy kjørte utfor vegen;2004;0;0;0;0;0;0;0;1;0;0;0;0;0;0;Nei;Telemark;40;Nissedal;4030;;;0;107127277;59,12045344;8,519467482;Fylkesveg;;5;;;;;Asfalt, oljegrus;Tørr, bar veg;God sikt, opphold;Dagslys;Vanlig kjørefelt;2;866
mandag 17. mai 2004;00:01:00;Mandag;Enslig kjøretøy kjørte utfor på venstre side i høyrekurve;1;Vanlig veg/gate;Vegstrekning utenfor kryss/avkjørsel;Ikke tettsted;80;Riksveg;41;UID1000201607;Helgedøgn;Utforkjøring;Enslig kjøretøy kjørte utfor vegen;2004;0;0;0;0;0;0;0;1;0;0;0;0;0;0;Nei;Telemark;40;Nissedal;4030;;;0;107129385;59,12044278;8,519434463;Fylkesveg;;5;;;;;Asfalt, oljegrus;Tørr, bar veg;God sikt, opphold;Dagslys;Vanlig kjørefelt;2;866
mandag 17. mars 2008;20:12:00;Mandag;Avsvinging til venstre foran kjørende i motsatt retning;2;Vanlig veg/gate;3-armet kryss (T-kryss, Y-kryss);Ikke tettsted;70;Riksveg;36;UID1000227681;Yrkesdøgn;Kryssende kjøreretning;Ulykke ved avsvinging fra motsatte kjøreretning;2008;0;0;0;0;0;0;0;2;0;0;0;0;0;0;Ukjent;Telemark;40;Skien;4003;;;0;159594223;59,18062887;9,570115005;Fylkesveg;;3;;;;;Asfalt, oljegrus;Tørr, bar veg;God sikt, opphold;Mørkt med vegbelysning;Vanlig kjørefelt;2;
mandag 18. august 1997;13:10:00;Mandag;Møting i kurve;2;Vanlig veg/gate;Vegstrekning utenfor kryss/avkjørsel;Ikke tettsted;80;Europaveg;18;UID1000204266;Yrkesdøgn;Motsatt kjøreretning;Ulykke ved møting;1997;0;0;0;0;0;0;0;2;0;0;0;0;0;0;Ukjent;Telemark;40;Bamble;4012;;;0;107144962;58,96912283;9,492673312;Fylkesveg;;8;;;;;Asfalt, oljegrus;Tørr, bar veg;God sikt, opphold;Dagslys;Vanlig kjørefelt;2;
mandag 18. juli 2005;14:00:00;Mandag;Påkjøring bakfra;2;Vanlig veg/gate;Rundkjøring;Tettsted;50;;354;UID1000201041;Yrkesdøgn;Samme kjøreretning;Ulykke mellom kjøretøy med samme kjøreretning;2005;0;0;0;0;0;0;0;2;0;0;0;0;0;0;Ukjent;Telemark;40;Porsgrunn;4001;;;0;107125896;59,10602847;9,659387145;Fylkesveg;;7;;;;;Asfalt, oljegrus;Tørr, bar veg;God sikt, opphold;Dagslys;Vanlig kjørefelt;;
mandag 18. juni 2012;07:13:00;Mandag;Enslig kjøretøy kjørte utfor på høyre side i venstrekurve;1;Vanlig veg/gate;Vegstrekning utenfor kryss/avkjørsel;Tettsted;70;Europaveg;18;UID1000255680;Yrkesdøgn;Utforkjøring;Enslig kjøretøy kjørte utfor vegen;2012;0;0;0;0;0;0;0;1;0;0;0;0;0;0;Ukjent;Telemark;40;Bamble;4012;;;0;340505384;58,9738752;9,523566181;Fylkesveg;;6;;;;;Asfalt, oljegrus;Tørr, bar veg;God sikt, opphold;Dagslys;Busslomme / -holdeplass;2;
mandag 18. mars 1996;08:00:00;Mandag;Påkjøring bakfra;3;Vanlig veg/gate;3-armet kryss (T-kryss, Y-kryss);Tettsted;50;Riksveg;36;UID1000204971;Yrkesdøgn;Samme kjøreretning;Ulykke mellom kjøretøy med samme kjøreretning;1996;0;0;0;0;0;0;0;3;0;0;0;0;0;0;Ukjent;Telemark;40;Porsgrunn;4001;;;0;107149118;59,13531573;9,669978985;Fylkesveg;;3;;;;;Asfalt, oljegrus;Tørr, bar veg;God sikt, opphold;Dagslys;Vanlig kjørefelt;2;
mandag 19. august 1996;11:55:00;Mandag;Påkjøring bakfra;3;Motortrafikkveg;Vegstrekning utenfor kryss/avkjørsel;Ikke tettsted;80;Europaveg;18;UID1000204794;Yrkesdøgn;Samme kjøreretning;Ulykke mellom kjøretøy med samme kjøreretning;1996;0;0;0;0;0;0;0;3;0;0;0;0;0;0;Ukjent;Telemark;40;Porsgrunn;4001;;;0;107148130;59,07822639;9,664523083;Fylkesveg;;8;;;;;Asfalt, oljegrus;Tørr, bar veg;God sikt, opphold;Dagslys;Forbikjøringsfelt;4;
mandag 19. januar 1998;13:00:00;Mandag;Enslig kjøretøy kjørte utfor på høyre side i venstrekurve;1;Vanlig veg/gate;Vegstrekning utenfor kryss/avkjørsel;Ikke tettsted;80;Riksveg;36;UID1000204161;Yrkesdøgn;Utforkjøring;Enslig kjøretøy kjørte utfor vegen;1998;0;0;0;0;0;0;0;1;0;0;0;0;0;0;Ukjent;Telemark;40;Midt-Telemark;4020;;;0;107144267;59,3369428;9,212002383;Fylkesveg;;1;;;;;Asfalt, oljegrus;Delvis snø / isbelagt veg;Dårlig sikt, nedbør;Dagslys;Vanlig kjørefelt;2;
mandag 19. juli 2004;15:15:00;Mandag;Enslig kjøretøy kjørte utfor på høyre side på rett vegstrekning;1;Vanlig veg/gate;Vegstrekning utenfor kryss/avkjørsel;Tettsted;;Privat veg;99649;UID1000201408;Yrkesdøgn;Utforkjøring;Enslig kjøretøy kjørte utfor vegen;2004;0;0;0;0;0;0;0;0;0;0;1;0;0;0;Ukjent;Telemark;40;Porsgrunn;4001;;;0;107128175;59,10203124;9,659783045;Fylkesveg;;7;;;;;Grus;Tørr, bar veg;God sikt, opphold;Dagslys;Vanlig kjørefelt;2;
mandag 19. mai 2014;08:11:00;Mandag;Avsvinging til venstre foran kjørende i motsatt retning;2;Vanlig veg/gate;3-armet kryss (T-kryss, Y-kryss);Tettsted;60;Fylkesveg;32;UID1000267176;Yrkesdøgn;Kryssende kjøreretning;Ulykke ved avsvinging fra motsatte kjøreretning;2014;0;0;0;0;0;0;1;1;0;0;0;0;0;0;Ja;Telemark;40;Porsgrunn;4001;;;0;522820388;59,1232523;9,705833122;Fylkesveg;;5;;;;;Asfalt, oljegrus;Tørr, bar veg;God sikt, opphold;Dagslys;Vanlig kjørefelt;3;14550
mandag 19. mars 2007;16:56:00;Mandag;Møting på rett vegstrekning;2;Vanlig veg/gate;Vegstrekning utenfor kryss/avkjørsel;Ikke tettsted;50;Riksveg;363;UID1000219685;Yrkesdøgn;Motsatt kjøreretning;Ulykke ved møting;2007;0;0;0;0;0;0;0;2;0;0;0;0;0;0;Ukjent;Telemark;40;Kragerø;4014;;;0;132024569;58,89222664;9,342884887;Fylkesveg;;3;;;;;Asfalt, oljegrus;Tørr, bar veg;God sikt, opphold;Dagslys;Vanlig kjørefelt;;
mandag 19. november 2012;16:00:00;Mandag;Enslig kjøretøy kjørte på trafikkøy eller ende av midtdeler;1;Vanlig veg/gate;Vegstrekning utenfor kryss/avkjørsel;Ikke tettsted;80;Europaveg;134;UID1000259048;Yrkesdøgn;Utforkjøring;Enslig kjøretøy kjørte utfor vegen;2012;0;0;0;1;0;0;0;0;0;0;0;0;0;0;Ukjent;Telemark;40;Vinje;4036;;;0;373924824;59,73342636;7,612621409;Fylkesveg;;11;;;;;Asfalt, oljegrus;Snø / isbelagt veg;God sikt, nedbør;Tussmørke, skumring;Vanlig kjørefelt;2;
mandag 2. april 2007;05:56:00;Mandag;Samtidig venstresving;2;Vanlig veg/gate;3-armet kryss (T-kryss, Y-kryss);Ikke tettsted;50;Kommunal veg;5300;UID1000220244;Yrkesdøgn;Kryssende kjøreretning;Ulykke ved kryssende kjøreretning hvor kjøretøy foretar avsvingning;2007;0;0;0;0;0;0;1;1;0;0;0;0;0;0;Ukjent;Telemark;40;Porsgrunn;4001;;;0;132212316;59,13596625;9,668511778;Fylkesveg;;4;;;;;Asfalt, oljegrus;Tørr, bar veg;God sikt, opphold;Dagslys;Vanlig kjørefelt;;
mandag 2. januar 2006;13:18:00;Mandag;Enslig kjøretøy kjørte utfor på høyre side i venstrekurve;1;Vanlig veg/gate;Vegstrekning utenfor kryss/avkjørsel;Ikke tettsted;80;Europaveg;134;UID1000200770;Yrkesdøgn;Utforkjøring;Enslig kjøretøy kjørte utfor vegen;2006;0;0;0;0;0;0;0;1;0;0;0;0;0;0;Ukjent;Telemark;40;Vinje;4036;;;0;107124225;59,72859131;7,658654772;Fylkesveg;;1;;;;;Asfalt, oljegrus;Delvis snø / isbelagt veg;God sikt, opphold;Dagslys;Vanlig kjørefelt;2;
mandag 2. juli 2012;23:55:00;Mandag;Enslig kjøretøy kjørte utfor på høyre side i venstrekurve;1;Vanlig veg/gate;Vegstrekning utenfor kryss/avkjørsel;Tettsted;70;Riksveg;36;UID1000256261;Yrkesdøgn;Utforkjøring;Enslig kjøretøy kjørte utfor vegen;2012;0;0;0;0;0;0;0;1;0;0;0;0;0;0;Ukjent;Telemark;40;Midt-Telemark;4020;;;0;347146895;59,33410565;9,217631466;Fylkesveg;;7;;;;;Asfalt, oljegrus;Våt, bar veg;God sikt, opphold;Mørkt uten vegbelysning;Vanlig kjørefelt;2;
mandag 2. juni 1997;00:25:00;Mandag;Enslig kjøretøy kjørte utfor på venstre side i høyrekurve;1;Vanlig veg/gate;Vegstrekning utenfor kryss/avkjørsel;Tettsted;50;Kommunal veg;5390;UID1000204413;Yrkesdøgn;Utforkjøring;Enslig kjøretøy kjørte utfor vegen;1997;0;0;0;0;0;0;0;1;0;0;0;0;0;0;Ukjent;Telemark;40;Bamble;4012;;;0;107145832;59,04708159;9,691650585;Fylkesveg;;6;;;;;Asfalt, oljegrus;Tørr, bar veg;God sikt, opphold;Mørkt med vegbelysning;Vanlig kjørefelt;1;
mandag 2. juni 1997;15:30:00;Mandag;Forbikjøring;2;Vanlig veg/gate;Vegstrekning utenfor kryss/avkjørsel;Ikke tettsted;80;Riksveg;356;UID1000204473;Yrkesdøgn;Samme kjøreretning;Ulykke mellom kjøretøy med samme kjøreretning;1997;0;0;0;0;0;0;0;0;0;0;1;0;0;1;Ukjent;Telemark;40;Skien;4003;;;0;107146161;59,1229002;9,602280193;Fylkesveg;;6;;;;;Asfalt, oljegrus;Tørr, bar veg;God sikt, opphold;Dagslys;Vanlig kjørefelt;2;
mandag 2. mai 2011;01:58:00;Mandag;Påkjøring bakfra;2;Vanlig veg/gate;Vegstrekning utenfor kryss/avkjørsel;Tettsted;60;Riksveg;36;UID1000249119;Yrkesdøgn;Samme kjøreretning;Ulykke mellom kjøretøy med samme kjøreretning;2011;0;0;0;0;0;0;0;2;0;0;0;0;0;0;Ja;Telemark;40;Porsgrunn;4001;;;0;277487579;59,12209005;9,709320993;Fylkesveg;;5;;;;;Asfalt, oljegrus;Tørr, bar veg;God sikt, opphold;Mørkt med vegbelysning;Vanlig kjørefelt;3;15100
mandag 2. oktober 2006;20:30:00;Mandag;Ulykke med uklart forløp / ulykke som ikke faller inn under noen bestemt ul.kode;2;Vanlig veg/gate;3-armet kryss (T-kryss, Y-kryss);Ikke tettsted;50;Riksveg;36;UID1000216415;Yrkesdøgn;Andre ulykker;Andre ulykker(parkering o.l);2006;0;0;0;0;0;0;1;1;0;0;0;0;0;0;Ukjent;Telemark;40;Porsgrunn;4001;;;0;119374181;59,13439412;9,673607054;Fylkesveg;;10;;;;;;Tørr, bar veg;God sikt, opphold;Tussmørke, skumring;Vanlig kjørefelt;2;
mandag 20. august 2012;12:15:00;Mandag;Enslig kjøretøy kjørte utfor på høyre side i venstrekurve;1;Vanlig veg/gate;Vegstrekning utenfor kryss/avkjørsel;Ikke tettsted;80;Europaveg;134;UID1000257061;Yrkesdøgn;Utforkjøring;Enslig kjøretøy kjørte utfor vegen;2012;0;0;0;0;0;1;0;0;0;0;0;0;0;0;Ukjent;Telemark;40;Vinje;4036;;;0;358833535;59,73101576;7,614798926;Fylkesveg;;8;;;;;Asfalt, oljegrus;Våt, bar veg;God sikt, nedbør;Dagslys;Vanlig kjørefelt;2;
mandag 20. desember 2004;16:43:00;Mandag;Påkjøring bakfra;3;Vanlig veg/gate;Vegstrekning utenfor kryss/avkjørsel;Ikke tettsted;80;Europaveg;134;UID1000201217;Yrkesdøgn;Samme kjøreretning;Ulykke mellom kjøretøy med samme kjøreretning;2004;0;0;0;2;0;0;0;1;0;0;0;0;0;0;Ukjent;Telemark;40;Tokke;4034;;;0;107126957;59,48749019;8,276957279;Fylkesveg;;12;;;;;Asfalt, oljegrus;Snø / isbelagt veg;God sikt, opphold;Mørkt uten vegbelysning;Vanlig kjørefelt;2;
mandag 20. februar 2006;13:08:00;Mandag;Møting i kurve;2;Vanlig veg/gate;Vegstrekning utenfor kryss/avkjørsel;Ikke tettsted;50;Kommunal veg;35800;UID1000200790;Yrkesdøgn;Motsatt kjøreretning;Ulykke ved møting;2006;0;0;0;0;0;0;0;2;0;0;0;0;0;0;Ukjent;Telemark;40;Skien;4003;;;0;107124347;59,21613494;9,568884198;Fylkesveg;;2;;;;;Asfalt, oljegrus;Snø / isbelagt veg;God sikt, opphold;Dagslys;Vanlig kjørefelt;2;
mandag 20. juli 1992;05:52:00;Mandag;Høyresving foran kjørende i samme retning;2;Ukjent;3-armet kryss (T-kryss, Y-kryss);Tettsted;60;Riksveg;354;UID1000206509;Yrkesdøgn;Kryssende kjøreretning;Ulykke ved kryssende kjøreretning hvor kjøretøy foretar avsvingning;1992;0;0;0;0;0;0;1;1;0;0;0;0;0;0;Ukjent;Telemark;40;Skien;4003;;;0;107158223;59,18517935;9,615987018;Fylkesveg;;7;;;;;Ukjent;Tørr, bar veg;God sikt, opphold;Dagslys;Ukjent;;
mandag 20. juli 2020;13:00:00;Mandag;Ulykke med uklart forløp / ulykke som ikke faller inn under noen bestemt ul.kode;1;Annet (plass m.m.);Annet (P-plass, torv, o. l.);Ikke tettsted;;Privat veg;99999;UID1000295654;Yrkesdøgn;Andre ulykker;Andre ulykker(parkering o.l);2020;0;0;0;0;0;0;0;0;0;0;0;0;0;1;Ukjent;Telemark;40;Notodden;4005;PF99999 S1D1 m0;Privat veg;99999;1013602075;59,62311005;9,259597442;Privat veg;;7;;;;;Grus;Tørr, bar veg;God sikt, opphold;Dagslys;Annet;;
mandag 20. mai 2024;15:53:00;Mandag;Møting på rett vegstrekning;2;Motortrafikkveg;Vegstrekning utenfor kryss/avkjørsel;Ikke tettsted;70;Europaveg;18;UID5164373087;Helgedøgn;Motsatt kjøreretning;Ulykke ved møting;2024;0;0;0;0;0;0;0;2;0;0;0;0;0;0;Ja;Telemark;40;Porsgrunn;4001;;;0;1024071711;59,10096068;9,769975593;Fylkesveg;;5;;;;;Asfalt, oljegrus;Tørr, bar veg;God sikt, opphold;Dagslys;Vanlig kjørefelt;2;22000
mandag 20. september 1999;15:15:00;Mandag;Påkjøring bakfra;2;Vanlig veg/gate;4 armet kryss (X-kryss);Ikke tettsted;50;Riksveg;354;UID1000203520;Yrkesdøgn;Samme kjøreretning;Ulykke mellom kjøretøy med samme kjøreretning;1999;0;0;0;0;0;0;1;1;0;0;0;0;0;0;Ukjent;Telemark;40;Porsgrunn;4001;;;0;107140555;59,10613146;9,659266109;Fylkesveg;;9;;;;;Asfalt, oljegrus;Tørr, bar veg;God sikt, opphold;Dagslys;Vanlig kjørefelt;2;
mandag 21. oktober 2013;14:23:00;Mandag;Fotgjenger krysset kjørebanen på hitsiden av krysset;2;Vanlig veg/gate;3-armet kryss (T-kryss, Y-kryss);Tettsted;50;Riksveg;36;UID1000264116;Yrkesdøgn;Fotgjenger/akende;Fotgjenger krysset kjørebanen;2013;0;0;1;0;0;0;0;1;0;0;0;0;0;0;Ukjent;Telemark;40;Midt-Telemark;4020;;;0;469144624;59,41084262;9,076773817;Fylkesveg;;10;;;;;Asfalt, oljegrus;Våt, bar veg;God sikt, opphold;Dagslys;Vanlig kjørefelt;2;
mandag 21. september 2015;00:18:00;Mandag;Enslig kjøretøy kjørte utfor på venstre side i høyrekurve;1;Vanlig veg/gate;Vegstrekning utenfor kryss/avkjørsel;Ikke tettsted;80;Europaveg;134;UID1000274246;Yrkesdøgn;Utforkjøring;Enslig kjøretøy kjørte utfor vegen;2015;0;0;0;0;0;0;0;1;0;0;0;0;0;0;Ukjent;Telemark;40;Tokke;4034;;;0;636252629;59,48965675;8,290307994;Fylkesveg;;9;;;;;Asfalt, oljegrus;Tørr, bar veg;God sikt, opphold;Mørkt uten vegbelysning;Vanlig kjørefelt;2;
mandag 22. april 2002;08:00:00;Mandag;Venstresving foran kjørende i motsatt retning;2;Vanlig veg/gate;3-armet kryss (T-kryss, Y-kryss);Ikke tettsted;60;Riksveg;36;UID1000202416;Yrkesdøgn;Kryssende kjøreretning;Ulykke ved kryssende kjøreretning hvor kjøretøy foretar avsvingning;2002;0;0;0;0;0;0;0;1;0;0;0;0;0;1;Ukjent;Telemark;40;Skien;4003;;;0;107134061;59,19068607;9,588949002;Fylkesveg;;4;;;;;Asfalt, oljegrus;Tørr, bar veg;God sikt, opphold;Dagslys;Vanlig kjørefelt;2;
mandag 22. juni 1998;11:20:00;Mandag;Fotgjenger krysset kjørebanen på bortsiden av krysset;2;Vanlig veg/gate;3-armet kryss (T-kryss, Y-kryss);Tettsted;50;Riksveg;36;UID1000204018;Yrkesdøgn;Fotgjenger/akende;Fotgjenger krysset kjørebanen;1998;0;0;1;0;0;0;0;1;0;0;0;0;0;0;Ukjent;Telemark;40;Skien;4003;;;0;107143472;59,19603378;9,604327787;Fylkesveg;;6;;;;;Asfalt, oljegrus;Våt, bar veg;Dårlig sikt, nedbør;Dagslys;Vanlig kjørefelt;2;
mandag 22. mai 1995;11:45:00;Mandag;Påkjøring bakfra ved høyresving;2;Ukjent;3-armet kryss (T-kryss, Y-kryss);Ikke tettsted;80;Riksveg;354;UID1000205321;Yrkesdøgn;Kryssende kjøreretning;Ulykke ved avsvinging fra samme kjøreretning;1995;0;0;0;0;0;0;0;2;0;0;0;0;0;0;Ukjent;Telemark;40;Porsgrunn;4001;;;0;107151256;59,10065031;9,674097418;Fylkesveg;;5;;;;;Ukjent;Tørr, bar veg;God sikt, opphold;Dagslys;Ukjent;;
mandag 22. oktober 2001;10:10:00;Mandag;Ulykke med uklart forløp / ulykke som ikke faller inn under noen bestemt ul.kode;2;Vanlig veg/gate;Vegstrekning utenfor kryss/avkjørsel;Tettsted;;Kommunal veg;5618;UID1000201765;Yrkesdøgn;Andre ulykker;Andre ulykker(parkering o.l);2001;0;0;0;0;0;0;0;2;0;0;0;0;0;0;Nei;Telemark;40;Porsgrunn;4001;;;0;107130334;59,14277345;9,65834303;Fylkesveg;;10;;;;;Asfalt, oljegrus;Tørr, bar veg;God sikt, opphold;Dagslys;Vanlig kjørefelt;2;
mandag 22. oktober 2018;14:58:00;Mandag;Fotgjenger krysset kjørebanen foran venstresvingende kjøretøy i kryss;2;Vanlig veg/gate;3-armet kryss (T-kryss, Y-kryss);Tettsted;30;Kommunal veg;4640;UID1000288476;Yrkesdøgn;Fotgjenger/akende;Fotgjenger krysset kjørebanen;2018;0;1;1;0;0;0;0;0;0;0;0;0;0;0;Nei;Telemark;40;Porsgrunn;4001;;;0;911008925;59,1382271;9,644570633;Fylkesveg;;10;;;;;Asfalt, oljegrus;Tørr, bar veg;God sikt, opphold;Dagslys;Vanlig kjørefelt;1;
mandag 23. august 2010;10:18:00;Mandag;Påkjøring bakfra;3;Vanlig veg/gate;Vegstrekning utenfor kryss/avkjørsel;Tettsted;40;Riksveg;36;UID1000244590;Yrkesdøgn;Samme kjøreretning;Ulykke mellom kjøretøy med samme kjøreretning;2010;0;0;0;0;0;0;0;2;0;0;0;0;0;1;Ukjent;Telemark;40;Porsgrunn;4001;;;0;263013771;59,14027437;9,660589776;Fylkesveg;;8;;;;;Asfalt, oljegrus;Tørr, bar veg;God sikt, opphold;Dagslys;Vanlig kjørefelt;2;
mandag 23. januar 2012;13:57:00;Mandag;Påkjøring bakfra;2;Vanlig veg/gate;3-armet kryss (T-kryss, Y-kryss);Tettsted;50;Kommunal veg;4360;UID1000253737;Yrkesdøgn;Samme kjøreretning;Ulykke mellom kjøretøy med samme kjøreretning;2012;0;0;0;0;0;0;0;2;0;0;0;0;0;0;Nei;Telemark;40;Porsgrunn;4001;;;0;323115120;59,13820275;9,644416838;Fylkesveg;;1;;;;;Asfalt, oljegrus;Delvis snø / isbelagt veg;God sikt, nedbør;Dagslys;Vanlig kjørefelt;2;
mandag 23. juni 1997;10:42:00;Mandag;Venstresving foran kjørende i motsatt retning;2;Vanlig veg/gate;3-armet kryss (T-kryss, Y-kryss);Tettsted;60;Riksveg;36;UID1000204435;Yrkesdøgn;Kryssende kjøreretning;Ulykke ved kryssende kjøreretning hvor kjøretøy foretar avsvingning;1997;0;0;0;2;0;0;0;0;0;0;0;0;0;0;Ukjent;Telemark;40;Porsgrunn;4001;;;0;107145952;59,12326947;9,705812961;Fylkesveg;;6;;;;;Asfalt, oljegrus;Våt, bar veg;God sikt, nedbør;Dagslys;Vanlig kjørefelt;2;
mandag 23. november 1992;11:28:00;Mandag;Enslig kjøretøy kjørte utfor på høyre side i høyrekurve;1;Ukjent;Vegstrekning utenfor kryss/avkjørsel;Ikke tettsted;60;Europaveg;18;UID1000206269;Yrkesdøgn;Utforkjøring;Enslig kjøretøy kjørte utfor vegen;1992;0;0;0;0;0;0;0;1;0;0;0;0;0;0;Ukjent;Telemark;40;Porsgrunn;4001;;;0;107156916;59,07530253;9,665852079;Fylkesveg;;11;;;;;Ukjent;Snø / isbelagt veg;Dårlig sikt, nedbør;Dagslys;Ukjent;;
mandag 23. oktober 2000;20:25:00;Mandag;Venstresving foran kjørende i motsatt retning;2;Vanlig veg/gate;3-armet kryss (T-kryss, Y-kryss);Ikke tettsted;50;Riksveg;36;UID1000203061;Yrkesdøgn;Kryssende kjøreretning;Ulykke ved kryssende kjøreretning hvor kjøretøy foretar avsvingning;2000;0;0;0;0;0;0;0;1;0;0;0;0;0;1;Ukjent;Telemark;40;Porsgrunn;4001;;;0;107137883;59,13402037;9,674803378;Fylkesveg;;10;;;;;Asfalt, oljegrus;Våt, bar veg;God sikt, nedbør;Mørkt med vegbelysning;Vanlig kjørefelt;3;
mandag 23. oktober 2017;16:08:00;Mandag;Påkjøring bakfra;2;Vanlig veg/gate;Tunnel (primært for motorkjøretøy);Tettsted;80;Europaveg;18;UID1000284298;Yrkesdøgn;Samme kjøreretning;Ulykke mellom kjøretøy med samme kjøreretning;2017;0;0;0;0;0;0;0;2;0;0;0;0;0;0;Ukjent;Telemark;40;Bamble;4012;;;0;843779306;59,04578446;9,676517439;Fylkesveg;;10;;;;;Asfalt, oljegrus;Tørr, bar veg;God sikt, opphold;Mørkt med vegbelysning;Vanlig kjørefelt;2;
mandag 24. april 2006;19:45:00;Mandag;Enslig kjøretøy kjørte utfor på høyre side i venstrekurve;1;Vanlig veg/gate;4 armet kryss (X-kryss);Ikke tettsted;80;Fylkesveg;30;UID1000212870;Yrkesdøgn;Utforkjøring;Enslig kjøretøy kjørte utfor vegen;2006;0;0;0;0;0;0;0;1;0;0;0;0;0;0;Nei;Telemark;40;Porsgrunn;4001;;;0;114363028;59,1175189;9,717920325;Fylkesveg;;4;;;;;Asfalt, oljegrus;Tørr, bar veg;God sikt, opphold;Tussmørke, skumring;Vanlig kjørefelt;2;1588
mandag 24. august 1998;15:00:00;Mandag;Påkjøring bakfra;3;Vanlig veg/gate;4 armet kryss (X-kryss);Tettsted;50;Riksveg;36;UID1000203929;Yrkesdøgn;Samme kjøreretning;Ulykke mellom kjøretøy med samme kjøreretning;1998;0;0;0;0;0;0;0;3;0;0;0;0;0;0;Ukjent;Telemark;40;Porsgrunn;4001;;;0;107142965;59,14226771;9,658299436;Fylkesveg;;8;;;;;Asfalt, oljegrus;Tørr, bar veg;God sikt, nedbør;Dagslys;Vanlig kjørefelt;3;
mandag 24. februar 1997;17:15:00;Mandag;Venstresving foran kjørende i motsatt retning;2;Vanlig veg/gate;3-armet kryss (T-kryss, Y-kryss);Ikke tettsted;60;Riksveg;36;UID1000204581;Yrkesdøgn;Kryssende kjøreretning;Ulykke ved kryssende kjøreretning hvor kjøretøy foretar avsvingning;1997;0;0;0;0;0;0;0;2;0;0;0;0;0;0;Ukjent;Telemark;40;Skien;4003;;;0;107146805;59,19068607;9,588949002;Fylkesveg;;2;;;;;Asfalt, oljegrus;Våt, bar veg;God sikt, opphold;Dagslys;Vanlig kjørefelt;2;
mandag 24. februar 1997;22:10:00;Mandag;Påkjøring bakfra;2;Vanlig veg/gate;4 armet kryss (X-kryss);Tettsted;50;Riksveg;36;UID1000204582;Yrkesdøgn;Samme kjøreretning;Ulykke mellom kjøretøy med samme kjøreretning;1997;0;0;0;0;0;0;0;1;0;0;0;0;0;1;Ukjent;Telemark;40;Porsgrunn;4001;;;0;107146811;59,14232782;9,658447673;Fylkesveg;;2;;;;;Asfalt, oljegrus;Våt, bar veg;God sikt, opphold;Mørkt med vegbelysning;Vanlig kjørefelt;3;
mandag 24. juli 2000;17:25:00;Mandag;Møting i kurve;2;Vanlig veg/gate;Vegstrekning utenfor kryss/avkjørsel;Ikke tettsted;80;Riksveg;36;UID1000203204;Yrkesdøgn;Motsatt kjøreretning;Ulykke ved møting;2000;0;0;0;0;0;0;0;2;0;0;0;0;0;0;Ukjent;Telemark;40;Midt-Telemark;4020;;;0;107138743;59,3359515;9,216224287;Fylkesveg;;7;;;;;Asfalt, oljegrus;Våt, bar veg;God sikt, opphold;Dagslys;Vanlig kjørefelt;2;
mandag 24. juni 2019;15:39:00;Mandag;Enslig kjøretøy kjørte på trafikkøy eller ende av midtdeler;1;Motortrafikkveg;Vegstrekning utenfor kryss/avkjørsel;Ikke tettsted;90;Europaveg;18;UID1000290703;Yrkesdøgn;Utforkjøring;Enslig kjøretøy kjørte utfor vegen;2019;0;0;0;0;0;0;0;0;0;0;0;0;0;1;Nei;Telemark;40;Porsgrunn;4001;;;0;950912988;59,10420576;9,764774431;Fylkesveg;;6;;;;;Asfalt, oljegrus;Tørr, bar veg;God sikt, opphold;Dagslys;Vanlig kjørefelt;2;19100
mandag 24. mai 2004;00:28:00;Mandag;Enslig kjøretøy kjørte utfor på venstre side i venstrekurve;1;Vanlig veg/gate;Vegstrekning utenfor kryss/avkjørsel;Ikke tettsted;60;Riksveg;38;UID1000201605;Yrkesdøgn;Utforkjøring;Enslig kjøretøy kjørte utfor vegen;2004;0;0;0;0;0;0;0;1;0;0;0;0;0;0;Ukjent;Telemark;40;Kragerø;4014;;;0;107129376;58,87465413;9,367698954;Fylkesveg;;5;;;;;Asfalt, oljegrus;Tørr, bar veg;Dårlig sikt forøvrig;Mørkt uten vegbelysning;Vanlig kjørefelt;2;
mandag 24. mai 2010;15:54:00;Mandag;Enslig kjøretøy kjørte utfor på venstre side på rett vegstrekning;1;Vanlig veg/gate;Vegstrekning utenfor kryss/avkjørsel;Tettsted;80;Europaveg;134;UID1000242878;Helgedøgn;Utforkjøring;Enslig kjøretøy kjørte utfor vegen;2010;0;0;0;0;0;0;0;1;0;0;0;0;0;0;Ukjent;Telemark;40;Vinje;4036;;;0;249826702;59,72501389;7,688597282;Fylkesveg;;5;;;;;Asfalt, oljegrus;Tørr, bar veg;God sikt, opphold;Dagslys;Vanlig kjørefelt;2;
mandag 25. april 2005;09:08:00;Mandag;Enslig kjøretøy kjørte utfor på venstre side på rett vegstrekning;1;Vanlig veg/gate;Vegstrekning utenfor kryss/avkjørsel;Ikke tettsted;80;Europaveg;134;UID1000200902;Yrkesdøgn;Utforkjøring;Enslig kjøretøy kjørte utfor vegen;2005;0;0;0;0;0;0;0;1;0;0;0;0;0;0;Ukjent;Telemark;40;Kviteseid;4028;;;0;107125084;59,48821987;8,331250609;Fylkesveg;;4;;;;;Asfalt, oljegrus;Våt, bar veg;God sikt, opphold;Dagslys;Vanlig kjørefelt;2;
mandag 25. desember 2000;11:00:00;Mandag;Enslig kjøretøy kjørte utfor på høyre side i venstrekurve;1;Vanlig veg/gate;Vegstrekning utenfor kryss/avkjørsel;Tettsted;50;Riksveg;36;UID1000203003;Helgedøgn;Utforkjøring;Enslig kjøretøy kjørte utfor vegen;2000;0;0;0;0;0;0;1;0;0;0;0;0;0;0;Ukjent;Telemark;40;Porsgrunn;4001;;;0;107137560;59,1407311;9,660535977;Fylkesveg;;12;;;;;Asfalt, oljegrus;Delvis snø / isbelagt veg;God sikt, opphold;Dagslys;Vanlig kjørefelt;2;
mandag 25. februar 2008;20:00:00;Mandag;Påkjøring bakfra;2;Vanlig veg/gate;Rundkjøring;Ikke tettsted;60;Riksveg;354;UID1000227145;Yrkesdøgn;Samme kjøreretning;Ulykke mellom kjøretøy med samme kjøreretning;2008;0;0;0;0;0;0;0;2;0;0;0;0;0;0;Ukjent;Telemark;40;Skien;4003;;;0;159509496;59,18864323;9,597796748;Fylkesveg;;2;;;;;Asfalt, oljegrus;;;Mørkt med vegbelysning;Vanlig kjørefelt;2;
mandag 25. februar 2008;08:13:00;Mandag;Enslig kjøretøy veltet i kjørebanen;1;Vanlig veg/gate;Vegstrekning utenfor kryss/avkjørsel;Tettsted;30;Kommunal veg;1800;UID1000227689;Yrkesdøgn;Andre ulykker;Andre ulykker(parkering o.l);2008;0;0;0;0;0;0;0;1;0;0;0;0;0;0;Ukjent;Telemark;40;Tinn;4026;;;0;159597534;59,88036467;8,562000586;Fylkesveg;;2;;;;;Ukjent;Snø / isbelagt veg;God sikt, opphold;Dagslys;Vanlig kjørefelt;1;
mandag 25. juli 2005;20:12:00;Mandag;Møting i kurve;2;Vanlig veg/gate;Vegstrekning utenfor kryss/avkjørsel;Ikke tettsted;60;Kommunal veg;1023;UID1000201038;Yrkesdøgn;Motsatt kjøreretning;Ulykke ved møting;2005;0;0;0;0;1;0;0;1;0;0;0;0;0;0;Ukjent;Telemark;40;Siljan;4010;;;0;107125879;59,2766998;9,735982265;Fylkesveg;;7;;;;;Asfalt, oljegrus;Tørr, bar veg;God sikt, opphold;Dagslys;Vanlig kjørefelt;2;
mandag 25. mai 2015;14:50:00;Mandag;Enslig kjøretøy kjørte utfor på høyre side i venstrekurve;1;Vanlig veg/gate;Vegstrekning utenfor kryss/avkjørsel;Ikke tettsted;80;Fylkesveg;109;UID1000272583;Helgedøgn;Utforkjøring;Enslig kjøretøy kjørte utfor vegen;2015;0;0;0;0;0;1;0;0;0;0;0;0;0;0;Nei;Telemark;40;Nome;4018;;;0;601816203;59,25387732;9,057660898;Fylkesveg;;5;;;;;Asfalt, oljegrus;Tørr, bar veg;God sikt, opphold;Dagslys;Vanlig kjørefelt;2;400
mandag 25. oktober 1999;19:45:00;Mandag;Påkjøring bakfra;2;Vanlig veg/gate;4 armet kryss (X-kryss);Ikke tettsted;60;Riksveg;36;UID1000203452;Yrkesdøgn;Samme kjøreretning;Ulykke mellom kjøretøy med samme kjøreretning;1999;0;0;0;0;0;0;0;2;0;0;0;0;0;0;Ukjent;Telemark;40;Skien;4003;;;0;107140217;59,19325372;9,587506904;Fylkesveg;;10;;;;;Asfalt, oljegrus;Våt, bar veg;God sikt, nedbør;Mørkt med vegbelysning;Vanlig kjørefelt;2;
mandag 25. oktober 2010;21:31:00;Mandag;Påkjøring bakfra;4;Motortrafikkveg;Vegstrekning utenfor kryss/avkjørsel;Ikke tettsted;60;Europaveg;18;UID1000246220;Yrkesdøgn;Samme kjøreretning;Ulykke mellom kjøretøy med samme kjøreretning;2010;0;0;0;0;0;0;0;4;0;0;0;0;0;0;Ukjent;Telemark;40;Porsgrunn;4001;;;0;271343416;59,08430299;9,814195919;Fylkesveg;;10;;;;;Asfalt, oljegrus;Tørr, bar veg;God sikt, opphold;Mørkt med vegbelysning;Vanlig kjørefelt;1;
mandag 25. september 2000;13:45:00;Mandag;Venstresving foran kjørende i motsatt retning;2;Vanlig veg/gate;Avkjørsel;Ikke tettsted;80;Riksveg;353;UID1000203095;Yrkesdøgn;Kryssende kjøreretning;Ulykke ved kryssende kjøreretning hvor kjøretøy foretar avsvingning;2000;0;0;0;0;0;1;0;0;0;0;0;0;0;1;Ukjent;Telemark;40;Skien;4003;;;0;107138084;59,17341294;9,568439885;Fylkesveg;;9;;;;;Asfalt, oljegrus;Tørr, bar veg;God sikt, opphold;Dagslys;Vanlig kjørefelt;2;
mandag 25. september 2017;18:35:00;Mandag;Enslig kjøretøy kjørte utfor på høyre side i venstrekurve;1;Vanlig veg/gate;Vegstrekning utenfor kryss/avkjørsel;Tettsted;80;Fylkesveg;51;UID1000283852;Yrkesdøgn;Utforkjøring;Enslig kjøretøy kjørte utfor vegen;2017;0;0;0;0;1;0;0;0;0;0;0;0;0;0;Nei;Telemark;40;Skien;4003;;;0;837982839;59,1748177;9,5785603;Fylkesveg;;9;;;;;Asfalt, oljegrus;Tørr, bar veg;God sikt, opphold;Dagslys;Vanlig kjørefelt;2;3300
mandag 26. april 2004;09:00:00;Mandag;Ulykke med uklart forløp / ulykke som ikke faller inn under noen bestemt ul.kode;3;Annet (plass m.m.);Annet (P-plass, torv, o. l.);Tettsted;;Privat veg;99708;UID1000201596;Yrkesdøgn;Andre ulykker;Andre ulykker(parkering o.l);2004;0;0;2;0;0;0;0;0;0;0;0;0;0;1;Ukjent;Telemark;40;Bamble;4012;;;0;107129319;59,04176764;9,693729509;Fylkesveg;;4;;;;;Ukjent;Våt, bar veg;God sikt, opphold;Dagslys;Annet;;
mandag 26. desember 1994;23:23:00;Mandag;Avsvinging til venstre foran kjørende i motsatt retning;2;Ukjent;3-armet kryss (T-kryss, Y-kryss);Tettsted;60;Riksveg;354;UID1000205462;Helgedøgn;Kryssende kjøreretning;Ulykke ved avsvinging fra motsatte kjøreretning;1994;0;0;0;0;0;0;0;1;0;0;0;0;0;1;Ukjent;Telemark;40;Skien;4003;;;0;107152206;59,18529123;9,61586415;Fylkesveg;;12;;;;;Ukjent;Våt, bar veg;God sikt, opphold;Mørkt med vegbelysning;Ukjent;;
mandag 26. februar 2007;20:38:00;Mandag;Møting i kurve;4;Vanlig veg/gate;Vegstrekning utenfor kryss/avkjørsel;Ikke tettsted;80;Europaveg;18;UID1000219193;Yrkesdøgn;Motsatt kjøreretning;Ulykke ved møting;2007;0;0;0;1;0;0;0;1;0;0;0;0;0;2;Ja;Telemark;40;Porsgrunn;4001;;;0;130459944;59,10494939;9,753359898;Fylkesveg;;2;;;;;;Snø / isbelagt veg;God sikt, nedbør;Mørkt med vegbelysning;Vanlig kjørefelt;;14062
mandag 26. januar 2004;03:10:00;Mandag;Enslig kjøretøy kjørte utfor på venstre side i venstrekurve;1;Motortrafikkveg;Vegstrekning utenfor kryss/avkjørsel;Ikke tettsted;80;Europaveg;18;UID1000201704;Yrkesdøgn;Utforkjøring;Enslig kjøretøy kjørte utfor vegen;2004;0;0;0;0;0;0;0;0;0;0;0;0;0;1;Nei;Telemark;40;Porsgrunn;4001;;;0;107130000;59,10509567;9,754527062;Fylkesveg;;1;;;;;Asfalt, oljegrus;Delvis snø / isbelagt veg;God sikt, opphold;Mørkt med vegbelysning;Vanlig kjørefelt;2;13500
mandag 26. januar 2015;13:16:00;Mandag;Påkjøring bakfra;2;Ukjent;Rundkjøring;Tettsted;50;Fylkesveg;356;UID1000271125;Yrkesdøgn;Samme kjøreretning;Ulykke mellom kjøretøy med samme kjøreretning;2015;0;0;0;0;0;0;0;2;0;0;0;0;0;0;Ja;Telemark;40;Porsgrunn;4001;;;0;587812004;59,13826399;9,643286466;Fylkesveg;;1;;;;;Asfalt, oljegrus;Våt, bar veg;God sikt, opphold;Dagslys;Ukjent;2;
mandag 26. juli 1993;13:00:00;Mandag;Påkjøring bakfra ved høyresving;2;Ukjent;3-armet kryss (T-kryss, Y-kryss);Tettsted;50;Riksveg;354;UID1000206044;Yrkesdøgn;Kryssende kjøreretning;Ulykke ved avsvinging fra samme kjøreretning;1993;0;0;0;0;0;0;0;2;0;0;0;0;0;0;Ukjent;Telemark;40;Porsgrunn;4001;;;0;107155714;59,13849532;9,643005058;Fylkesveg;;7;;;;;Ukjent;Tørr, bar veg;God sikt, opphold;Dagslys;Ukjent;;
mandag 26. juni 1995;14:00:00;Mandag;Enslig kjøretøy kjørte utfor på høyre side i høyrekurve;1;Ukjent;Vegstrekning utenfor kryss/avkjørsel;Ikke tettsted;80;Riksveg;11;UID1000205251;Yrkesdøgn;Utforkjøring;Enslig kjøretøy kjørte utfor vegen;1995;0;0;0;0;0;0;0;0;0;0;0;0;0;1;Ukjent;Telemark;40;Notodden;4005;;;0;107150883;59,58309208;9,320218876;Fylkesveg;;6;;;;;Ukjent;Tørr, bar veg;God sikt, opphold;Dagslys;Ukjent;;
mandag 26. oktober 2015;18:00:00;Mandag;Påkjøring bakfra ved høyresving;3;Vanlig veg/gate;3-armet kryss (T-kryss, Y-kryss);Tettsted;60;Fylkesveg;59;UID1000275027;Yrkesdøgn;Kryssende kjøreretning;Ulykke ved avsvinging fra samme kjøreretning;2015;0;0;0;0;0;0;0;3;0;0;0;0;0;0;Nei;Telemark;40;Skien;4003;;;0;645418966;59,18705094;9,614464158;Fylkesveg;;10;;;;;Asfalt, oljegrus;Tørr, bar veg;God sikt, opphold;Mørkt med vegbelysning;Vanlig kjørefelt;2;12300
mandag 27. april 1992;15:15:00;Mandag;Kjørende fra fortau eller G/S-veg krysset kjørebanen på bortsiden av krysset;2;Ukjent;3-armet kryss (T-kryss, Y-kryss);Tettsted;60;Riksveg;354;UID1000206620;Yrkesdøgn;Kryssende kjøreretning;Ulykke ved kryssende kjøreretning uten avsvingning;1992;0;0;0;0;0;0;0;1;0;0;1;0;0;0;Ukjent;Telemark;40;Skien;4003;;;0;107158804;59,185284;9,615689924;Fylkesveg;;4;;;;;Ukjent;Ukjent;Ukjent;Dagslys;Ukjent;;
mandag 27. april 1992;16:20:00;Mandag;Påkjøring bakfra;2;Ukjent;3-armet kryss (T-kryss, Y-kryss);Ikke tettsted;80;Riksveg;36;UID1000206629;Yrkesdøgn;Samme kjøreretning;Ulykke mellom kjøretøy med samme kjøreretning;1992;0;0;0;0;0;0;0;2;0;0;0;0;0;0;Ukjent;Telemark;40;Skien;4003;;;0;107158854;59,190645;9,589043212;Fylkesveg;;4;;;;;Ukjent;Våt, bar veg;God sikt, opphold;Dagslys;Ukjent;;
mandag 27. juni 2011;17:43:00;Mandag;Enslig kjøretøy kjørte utfor på venstre side i høyrekurve;1;Vanlig veg/gate;Vegstrekning utenfor kryss/avkjørsel;Tettsted;80;Europaveg;134;UID1000249683;Yrkesdøgn;Utforkjøring;Enslig kjøretøy kjørte utfor vegen;2011;0;0;0;0;0;0;0;1;0;0;0;0;0;0;Ukjent;Telemark;40;Kviteseid;4028;;;0;287661348;59,47940338;8,353167834;Fylkesveg;;6;;;;;Asfalt, oljegrus;Tørr, bar veg;God sikt, opphold;Dagslys;Vanlig kjørefelt;2;
mandag 28. februar 2005;15:45:00;Mandag;Påkjøring bakfra;2;Vanlig veg/gate;Vegstrekning utenfor kryss/avkjørsel;Ikke tettsted;60;Riksveg;354;UID1000201203;Yrkesdøgn;Samme kjøreretning;Ulykke mellom kjøretøy med samme kjøreretning;2005;0;0;0;0;0;0;0;2;0;0;0;0;0;0;Ukjent;Telemark;40;Skien;4003;;;0;107126857;59,18905613;9,59690706;Fylkesveg;;2;;;;;Asfalt, oljegrus;Delvis snø / isbelagt veg;God sikt, nedbør;Dagslys;Vanlig kjørefelt;2;
mandag 29. mai 2000;15:54:00;Mandag;Påkjøring bakfra;3;Vanlig veg/gate;Vegstrekning utenfor kryss/avkjørsel;Tettsted;60;Riksveg;36;UID1000203236;Yrkesdøgn;Samme kjøreretning;Ulykke mellom kjøretøy med samme kjøreretning;2000;0;0;0;0;0;0;0;3;0;0;0;0;0;0;Ukjent;Telemark;40;Skien;4003;;;0;107138931;59,19532202;9,600633704;Fylkesveg;;5;;;;;Asfalt, oljegrus;Våt, bar veg;God sikt, nedbør;Dagslys;Vanlig kjørefelt;2;
mandag 3. april 1995;08:00:00;Mandag;Venstresving foran kjørende i motsatt retning;2;Ukjent;3-armet kryss (T-kryss, Y-kryss);Tettsted;60;Riksveg;354;UID1000205328;Yrkesdøgn;Kryssende kjøreretning;Ulykke ved kryssende kjøreretning hvor kjøretøy foretar avsvingning;1995;0;0;0;0;0;0;0;2;0;0;0;0;0;0;Ukjent;Telemark;40;Skien;4003;;;0;107151293;59,18529123;9,61586415;Fylkesveg;;4;;;;;Ukjent;Tørr, bar veg;God sikt, opphold;Dagslys;Ukjent;;
mandag 3. november 1997;16:05:00;Mandag;Påkjøring bakfra;2;Vanlig veg/gate;3-armet kryss (T-kryss, Y-kryss);Tettsted;50;Riksveg;36;UID1000204237;Yrkesdøgn;Samme kjøreretning;Ulykke mellom kjøretøy med samme kjøreretning;1997;0;0;0;0;0;0;0;2;0;0;0;0;0;0;Ukjent;Telemark;40;Porsgrunn;4001;;;0;107144781;59,13390735;9,675118635;Fylkesveg;;11;;;;;Asfalt, oljegrus;Tørr, bar veg;God sikt, opphold;Dagslys;Vanlig kjørefelt;2;
mandag 3. september 2018;10:44:00;Mandag;Venstresving foran kjørende i samme retning;2;Vanlig veg/gate;3-armet kryss (T-kryss, Y-kryss);Tettsted;60;Fylkesveg;59;UID1000287934;Yrkesdøgn;Kryssende kjøreretning;Ulykke ved kryssende kjøreretning hvor kjøretøy foretar avsvingning;2018;0;0;0;0;0;0;0;2;0;0;0;0;0;0;Nei;Telemark;40;Skien;4003;;;0;905934254;59,18589512;9,615453228;Fylkesveg;;9;;;;;Asfalt, oljegrus;Tørr, bar veg;God sikt, opphold;Dagslys;Vanlig kjørefelt;2;12100
mandag 30. mai 2011;08:14:00;Mandag;Påkjøring forøvrig ved høyresving;2;Vanlig veg/gate;3-armet kryss (T-kryss, Y-kryss);Tettsted;60;Riksveg;36;UID1000249168;Yrkesdøgn;Kryssende kjøreretning;Ulykke ved avsvinging fra samme kjøreretning;2011;0;0;0;0;0;0;1;1;0;0;0;0;0;0;Nei;Telemark;40;Porsgrunn;4001;;;0;285143944;59,12322974;9,705941634;Fylkesveg;;5;;;;;Asfalt, oljegrus;Tørr, bar veg;God sikt, opphold;Dagslys;Vanlig kjørefelt;2;15100
mandag 30. november 2015;10:59:00;Mandag;Venstresving foran kjørende i samme retning;2;Vanlig veg/gate;Annet (P-plass, torv, o. l.);Ikke tettsted;60;Fylkesveg;59;UID1000275268;Yrkesdøgn;Kryssende kjøreretning;Ulykke ved kryssende kjøreretning hvor kjøretøy foretar avsvingning;2015;0;0;0;0;0;0;0;2;0;0;0;0;0;0;Nei;Telemark;40;Skien;4003;;;0;655468541;59,18610391;9,615279994;Fylkesveg;;11;;;;;Asfalt, oljegrus;Tørr, bar veg;Ukjent;Dagslys;Vanlig kjørefelt;2;12300
mandag 31. desember 2001;12:35:00;Mandag;Venstresving foran kjørende i motsatt retning;4;Vanlig veg/gate;3-armet kryss (T-kryss, Y-kryss);Tettsted;50;Riksveg;36;UID1000202584;Helgedøgn;Kryssende kjøreretning;Ulykke ved kryssende kjøreretning hvor kjøretøy foretar avsvingning;2001;0;0;0;0;0;0;0;4;0;0;0;0;0;0;Ukjent;Telemark;40;Skien;4003;;;0;107135073;59,19614422;9,604819055;Fylkesveg;;12;;;;;Asfalt, oljegrus;Delvis snø / isbelagt veg;God sikt, opphold;Dagslys;Vanlig kjørefelt;2;
mandag 31. juli 2006;15:25:00;Mandag;Enslig kjøretøy kjørte utfor på høyre side på rett vegstrekning;1;Vanlig veg/gate;Vegstrekning utenfor kryss/avkjørsel;Ikke tettsted;80;Europaveg;134;UID1000211727;Yrkesdøgn;Utforkjøring;Enslig kjøretøy kjørte utfor vegen;2006;0;0;0;0;0;0;0;1;0;0;0;0;0;0;Nei;Telemark;40;Tokke;4034;;;0;114338659;59,49034923;8,221072664;Fylkesveg;;7;;;;;Asfalt, oljegrus;Tørr, bar veg;God sikt, opphold;Dagslys;Vanlig kjørefelt;1;1948
mandag 4. juli 2011;14:44:00;Mandag;Uhell med uklart forløp mellom kjøretøy med samme kjøreretning;2;Vanlig veg/gate;Vegstrekning utenfor kryss/avkjørsel;Tettsted;50;Riksveg;36;UID1000250247;Yrkesdøgn;Samme kjøreretning;Ulykke mellom kjøretøy med samme kjøreretning;2011;0;0;0;0;0;0;0;1;0;0;1;0;0;0;Ukjent;Telemark;40;Porsgrunn;4001;;;0;292134427;59,14917464;9,661687202;Fylkesveg;;7;;;;;Asfalt, oljegrus;Tørr, bar veg;God sikt, opphold;Dagslys;Vanlig kjørefelt;2;
mandag 4. juli 2016;19:34:00;Mandag;Enslig kjøretøy kjørte utfor på høyre side i venstrekurve;1;Vanlig veg/gate;Vegstrekning utenfor kryss/avkjørsel;Tettsted;80;Fylkesveg;51;UID1000278369;Yrkesdøgn;Utforkjøring;Enslig kjøretøy kjørte utfor vegen;2016;0;0;0;0;0;0;0;1;0;0;0;0;0;0;Nei;Telemark;40;Skien;4003;;;0;719073684;59,1748432;9,579169869;Fylkesveg;;7;;;;;Asfalt, oljegrus;Tørr, bar veg;God sikt, opphold;Dagslys;Vanlig kjørefelt;2;2800
mandag 4. juni 2001;01:55:00;Mandag;Enslig kjøretøy kjørte utfor på høyre side i venstrekurve;1;Vanlig veg/gate;Vegstrekning utenfor kryss/avkjørsel;Tettsted;50;Kommunal veg;1021;UID1000202828;Helgedøgn;Utforkjøring;Enslig kjøretøy kjørte utfor vegen;2001;0;0;0;0;0;0;0;1;0;0;0;0;0;0;Ukjent;Telemark;40;Siljan;4010;;;0;107136432;59,28584145;9,724208275;Fylkesveg;;6;;;;;Asfalt, oljegrus;Tørr, bar veg;God sikt, opphold;Mørkt med vegbelysning;Vanlig kjørefelt;2;
mandag 4. november 1996;15:10:00;Mandag;Kjørende fra fortau eller G/S-veg krysset kjørebanen på bortsiden av krysset;2;Vanlig veg/gate;4 armet kryss (X-kryss);Tettsted;50;Riksveg;36;UID1000204712;Yrkesdøgn;Kryssende kjøreretning;Ulykke ved kryssende kjøreretning uten avsvingning;1996;0;0;0;0;0;0;0;1;0;0;1;0;0;0;Ukjent;Telemark;40;Porsgrunn;4001;;;0;107147623;59,13873945;9,662212884;Fylkesveg;;11;;;;;Asfalt, oljegrus;Våt, bar veg;God sikt, nedbør;Dagslys;Vanlig kjørefelt;2;
mandag 4. oktober 2004;18:23:00;Mandag;Venstresving foran kjørende i motsatt retning;2;Vanlig veg/gate;3-armet kryss (T-kryss, Y-kryss);Ikke tettsted;70;Riksveg;354;UID1000201457;Yrkesdøgn;Kryssende kjøreretning;Ulykke ved kryssende kjøreretning hvor kjøretøy foretar avsvingning;2004;0;0;0;0;0;0;0;2;0;0;0;0;0;0;Nei;Telemark;40;Porsgrunn;4001;;;0;107128446;59,102018;9,670596008;Fylkesveg;;10;;;;;Asfalt, oljegrus;Våt, bar veg;Dårlig sikt, nedbør;Dagslys;Vanlig kjørefelt;3;13712
mandag 5. desember 2016;21:50:00;Mandag;Enslig kjøretøy kjørte utfor på høyre side på rett vegstrekning;1;Vanlig veg/gate;Vegstrekning utenfor kryss/avkjørsel;Ikke tettsted;80;Europaveg;134;UID1000280698;Yrkesdøgn;Utforkjøring;Enslig kjøretøy kjørte utfor vegen;2016;0;0;0;1;0;0;0;0;0;0;0;0;0;0;Ukjent;Telemark;40;Kviteseid;4028;;;0;761036563;59,47781226;8,367365479;Fylkesveg;;12;;;;;Asfalt, oljegrus;Glatt ellers;God sikt, opphold;Mørkt uten vegbelysning;Vanlig kjørefelt;2;
mandag 5. mai 1997;15:40:00;Mandag;Avsvinging til venstre foran kjørende i motsatt retning;2;Vanlig veg/gate;3-armet kryss (T-kryss, Y-kryss);Tettsted;60;Fylkesveg;59;UID1000204509;Yrkesdøgn;Kryssende kjøreretning;Ulykke ved avsvinging fra motsatte kjøreretning;1997;0;0;0;0;0;0;0;2;0;0;0;0;0;0;Ukjent;Telemark;40;Skien;4003;;;0;107146383;59,18587145;9,615316665;Fylkesveg;;5;;;;;Asfalt, oljegrus;Våt, bar veg;God sikt, nedbør;Dagslys;Vanlig kjørefelt;2;
mandag 5. november 2007;17:19:00;Mandag;Avsvinging til venstre foran kjørende i motsatt retning;2;Vanlig veg/gate;3-armet kryss (T-kryss, Y-kryss);Ikke tettsted;70;Riksveg;36;UID1000225180;Yrkesdøgn;Kryssende kjøreretning;Ulykke ved avsvinging fra motsatte kjøreretning;2007;0;0;0;0;0;0;0;2;0;0;0;0;0;0;Ukjent;Telemark;40;Skien;4003;;;0;151907930;59,18061336;9,569959657;Fylkesveg;;11;;;;;Asfalt, oljegrus;Våt, bar veg;God sikt, opphold;Mørkt med vegbelysning;Vanlig kjørefelt;3;
mandag 6. desember 2010;13:35:00;Mandag;Høyresving foran kjørende i motsatt retning;2;Vanlig veg/gate;3-armet kryss (T-kryss, Y-kryss);Tettsted;70;Riksveg;36;UID1000246559;Yrkesdøgn;Kryssende kjøreretning;Ulykke ved kryssende kjøreretning hvor kjøretøy foretar avsvingning;2010;0;0;0;0;0;0;0;2;0;0;0;0;0;0;Ukjent;Telemark;40;Skien;4003;;;0;272036233;59,18056921;9,570194634;Fylkesveg;;12;;;;;Asfalt, oljegrus;Delvis snø / isbelagt veg;God sikt, opphold;Dagslys;Vanlig kjørefelt;3;
mandag 6. januar 1997;12:46:00;Mandag;Påkjøring bakfra ved venstresving;2;Vanlig veg/gate;Avkjørsel;Ikke tettsted;60;Riksveg;354;UID1000204636;Yrkesdøgn;Kryssende kjøreretning;Ulykke ved avsvinging fra samme kjøreretning;1997;0;0;0;1;0;0;0;1;0;0;0;0;0;0;Ukjent;Telemark;40;Skien;4003;;;0;107147151;59,15713779;9,636823905;Fylkesveg;;1;;;;;Asfalt, oljegrus;Delvis snø / isbelagt veg;God sikt, opphold;Dagslys;Vanlig kjørefelt;2;
mandag 6. juni 2011;15:00:00;Mandag;Avsvinging til venstre foran kjørende i motsatt retning;2;Vanlig veg/gate;3-armet kryss (T-kryss, Y-kryss);Tettsted;70;Riksveg;36;UID1000249675;Yrkesdøgn;Kryssende kjøreretning;Ulykke ved avsvinging fra motsatte kjøreretning;2011;0;0;0;0;0;0;0;2;0;0;0;0;0;0;Ukjent;Telemark;40;Skien;4003;;;0;287641952;59,18057906;9,570000182;Fylkesveg;;6;;;;;Asfalt, oljegrus;Ukjent;Ukjent;Dagslys;Vanlig kjørefelt;3;
mandag 6. mars 1995;08:30:00;Mandag;Påkjøring bakfra ved venstresving;2;Ukjent;3-armet kryss (T-kryss, Y-kryss);Ikke tettsted;80;Europaveg;18;UID1000205388;Yrkesdøgn;Kryssende kjøreretning;Ulykke ved avsvinging fra samme kjøreretning;1995;0;0;0;0;0;0;0;2;0;0;0;0;0;0;Ukjent;Telemark;40;Porsgrunn;4001;;;0;107151644;59,07760045;9,664183477;Fylkesveg;;3;;;;;Ukjent;Snø / isbelagt veg;God sikt, nedbør;Dagslys;Ukjent;;
mandag 6. mars 2006;08:50:00;Mandag;Påkjøring bakfra;2;Vanlig veg/gate;3-armet kryss (T-kryss, Y-kryss);Ikke tettsted;60;Riksveg;354;UID1000200782;Yrkesdøgn;Samme kjøreretning;Ulykke mellom kjøretøy med samme kjøreretning;2006;0;0;0;0;0;0;0;2;0;0;0;0;0;0;Ukjent;Telemark;40;Skien;4003;;;0;107124294;59,1887261;9,597625781;Fylkesveg;;3;;;;;Asfalt, oljegrus;Snø / isbelagt veg;God sikt, opphold;Dagslys;Vanlig kjørefelt;2;
mandag 6. oktober 2008;10:30:00;Mandag;Møting i kurve;2;Vanlig veg/gate;Vegstrekning utenfor kryss/avkjørsel;Ikke tettsted;80;Europaveg;134;UID1000232485;Yrkesdøgn;Motsatt kjøreretning;Ulykke ved møting;2008;0;0;0;1;0;0;0;0;0;0;0;0;0;1;Ukjent;Telemark;40;Kviteseid;4028;;;0;198037462;59,47747167;8,369345052;Fylkesveg;;10;;;;;Asfalt, oljegrus;Delvis snø / isbelagt veg;God sikt, opphold;Dagslys;Vanlig kjørefelt;2;
mandag 6. september 1993;11:00:00;Mandag;Påkjøring bakfra ved høyresving;2;Ukjent;3-armet kryss (T-kryss, Y-kryss);Ikke tettsted;50;Riksveg;11;UID1000205939;Yrkesdøgn;Kryssende kjøreretning;Ulykke ved avsvinging fra samme kjøreretning;1993;0;0;0;0;0;0;0;2;0;0;0;0;0;0;Ukjent;Telemark;40;Notodden;4005;;;0;107155136;59,56685885;9,214175557;Fylkesveg;;9;;;;;Ukjent;Tørr, bar veg;God sikt, opphold;Dagslys;Ukjent;;
mandag 7. februar 2000;07:55:00;Mandag;Påkjøring bakfra;3;Vanlig veg/gate;Vegstrekning utenfor kryss/avkjørsel;Ikke tettsted;60;Riksveg;36;UID1000203329;Yrkesdøgn;Samme kjøreretning;Ulykke mellom kjøretøy med samme kjøreretning;2000;0;0;0;0;0;0;0;3;0;0;0;0;0;0;Nei;Telemark;40;Porsgrunn;4001;;;0;107139492;59,12302894;9,70653281;Fylkesveg;;2;;;;;Asfalt, oljegrus;Våt, bar veg;God sikt, opphold;Dagslys;Vanlig kjørefelt;2;11200
mandag 7. januar 2013;17:30:00;Mandag;Ulykke med dyr innblandet;2;Vanlig veg/gate;Vegstrekning utenfor kryss/avkjørsel;Tettsted;80;Riksveg;36;UID1000258981;Yrkesdøgn;Andre ulykker;Andre ulykker(parkering o.l);2013;0;0;0;0;0;0;0;2;0;0;0;0;0;0;Nei;Telemark;40;Seljord;4022;;;0;371086795;59,46084319;8,711667429;Fylkesveg;;1;;;;;Asfalt, oljegrus;Tørr, bar veg;God sikt, opphold;Dagslys;Vanlig kjørefelt;2;2500
mandag 7. juli 1997;18:57:00;Mandag;Enslig kjøretøy kjørte utfor på venstre side i høyrekurve;1;Vanlig veg/gate;Vegstrekning utenfor kryss/avkjørsel;Ikke tettsted;;T;;UID1000204422;Yrkesdøgn;Utforkjøring;Enslig kjøretøy kjørte utfor vegen;1997;0;0;0;0;0;0;0;1;0;0;0;0;0;0;Ukjent;Telemark;40;Drangedal;4016;KF99999 S1D1 m0;Kommunal veg;99999;107145884;58,93128716;9,122770947;Kommunal veg;;7;;;;;Grus;Tørr, bar veg;God sikt, opphold;Dagslys;Vanlig kjørefelt;1;
mandag 7. juli 2014;17:34:00;Mandag;Påkjøring bakfra;2;Vanlig veg/gate;Vegstrekning utenfor kryss/avkjørsel;Tettsted;60;Riksveg;354;UID1000268271;Yrkesdøgn;Samme kjøreretning;Ulykke mellom kjøretøy med samme kjøreretning;2014;0;0;0;0;0;0;1;1;0;0;0;0;0;0;Ukjent;Telemark;40;Bamble;4012;;;0;540957518;59,04141904;9,677368964;Fylkesveg;;7;;;;;Asfalt, oljegrus;Tørr, bar veg;God sikt, opphold;Dagslys;Vanlig kjørefelt;2;
mandag 7. mai 2007;14:15:00;Mandag;Møting på rett vegstrekning;2;Vanlig veg/gate;Annet (P-plass, torv, o. l.);Ikke tettsted;;Gang/Sykkelveg;;UID1000220988;Yrkesdøgn;Motsatt kjøreretning;Ulykke ved møting;2007;0;1;0;0;0;0;0;1;0;0;0;0;0;0;Ukjent;Telemark;40;Porsgrunn;4001;;;0;137448568;59,13860212;9,643846437;Fylkesveg;;5;;;;;Asfalt, oljegrus;Tørr, bar veg;God sikt, opphold;Dagslys;Annet;;
mandag 7. mars 2005;17:53:00;Mandag;Enslig kjøretøy kjørte utfor på høyre side i venstrekurve;1;Vanlig veg/gate;Vegstrekning utenfor kryss/avkjørsel;Ikke tettsted;70;Europaveg;18;UID1000201195;Yrkesdøgn;Utforkjøring;Enslig kjøretøy kjørte utfor vegen;2005;0;0;0;0;0;0;0;1;0;0;0;0;0;0;Ukjent;Telemark;40;Bamble;4012;;;0;107126821;58,97389016;9,522221689;Fylkesveg;;3;;;;;Asfalt, oljegrus;Tørr, bar veg;God sikt, opphold;Dagslys;Vanlig kjørefelt;2;
mandag 8. april 2002;19:15:00;Mandag;Påkjøring bakfra;3;Vanlig veg/gate;4 armet kryss (X-kryss);Tettsted;50;Riksveg;354;UID1000202535;Yrkesdøgn;Samme kjøreretning;Ulykke mellom kjøretøy med samme kjøreretning;2002;0;0;0;0;0;0;0;3;0;0;0;0;0;0;Ukjent;Telemark;40;Porsgrunn;4001;;;0;107134782;59,10581426;9,659647993;Fylkesveg;;4;;;;;Asfalt, oljegrus;Tørr, bar veg;God sikt, opphold;Dagslys;Vanlig kjørefelt;2;
mandag 8. februar 2010;21:42:00;Mandag;Enslig kjøretøy kjørte utfor på venstre side på rett vegstrekning;1;Vanlig veg/gate;Vegstrekning utenfor kryss/avkjørsel;Tettsted;80;Europaveg;134;UID1000241550;Yrkesdøgn;Utforkjøring;Enslig kjøretøy kjørte utfor vegen;2010;0;0;0;0;0;0;0;1;0;0;0;0;0;0;Ukjent;Telemark;40;Kviteseid;4028;;;0;240121073;59,47764461;8,367965161;Fylkesveg;;2;;;;;Asfalt, oljegrus;Snø / isbelagt veg;God sikt, opphold;Mørkt uten vegbelysning;Vanlig kjørefelt;2;
mandag 8. juni 1992;17:13:00;Mandag;Møting i kurve;2;Vanlig veg/gate;Vegstrekning utenfor kryss/avkjørsel;Ikke tettsted;80;Skogsbilveg;54;UID1000206355;Helgedøgn;Motsatt kjøreretning;Ulykke ved møting;1992;0;0;0;0;0;0;1;1;0;0;0;0;0;0;Ukjent;Telemark;40;Skien;4003;;;0;107157358;59,18296825;9,516449217;Fylkesveg;;6;;;;;Asfalt, oljegrus;Tørr, bar veg;God sikt, opphold;Dagslys;Vanlig kjørefelt;2;
mandag 8. juni 1992;00:20:00;Mandag;Ulykke med dyr innblandet;1;Ukjent;Vegstrekning utenfor kryss/avkjørsel;Ikke tettsted;80;Europaveg;76;UID1000206550;Helgedøgn;Andre ulykker;Andre ulykker(parkering o.l);1992;0;0;0;0;0;0;0;1;0;0;0;0;0;0;Ukjent;Telemark;40;Notodden;4005;;;0;107158445;59,58452867;9,305048542;Fylkesveg;;6;;;;;Ukjent;Tørr, bar veg;God sikt, opphold;Mørkt uten vegbelysning;Ukjent;;
mandag 9. april 2012;10:35:00;Mandag;Enslig kjøretøy kjørte utfor på venstre side på rett vegstrekning;1;Vanlig veg/gate;Vegstrekning utenfor kryss/avkjørsel;Ikke tettsted;80;Europaveg;134;UID1000254956;Helgedøgn;Utforkjøring;Enslig kjøretøy kjørte utfor vegen;2012;0;0;0;1;0;0;0;0;0;0;0;0;0;0;Ukjent;Telemark;40;Tokke;4034;;;0;334802712;59,48988157;8,289076189;Fylkesveg;;4;;;;;Asfalt, oljegrus;Delvis snø / isbelagt veg;God sikt, nedbør;Dagslys;Vanlig kjørefelt;2;
mandag 9. august 1999;06:30:00;Mandag;Venstresving foran kjørende i motsatt retning;2;Vanlig veg/gate;Avkjørsel;Ikke tettsted;70;Riksveg;36;UID1000203463;Yrkesdøgn;Kryssende kjøreretning;Ulykke ved kryssende kjøreretning hvor kjøretøy foretar avsvingning;1999;0;0;0;0;0;0;0;2;0;0;0;0;0;0;Ukjent;Telemark;40;Midt-Telemark;4020;;;0;107140270;59,36619894;9,180513948;Fylkesveg;;8;;;;;Asfalt, oljegrus;Tørr, bar veg;God sikt, opphold;Dagslys;Vanlig kjørefelt;2;
mandag 9. mai 2005;15:30:00;Mandag;Påkjøring bakfra;2;Vanlig veg/gate;Avkjørsel;Ikke tettsted;60;Riksveg;363;UID1000201082;Yrkesdøgn;Samme kjøreretning;Ulykke mellom kjøretøy med samme kjøreretning;2005;0;0;0;0;0;0;0;2;0;0;0;0;0;0;Ukjent;Telemark;40;Kragerø;4014;;;0;107126133;58,89196813;9,344788093;Fylkesveg;;5;;;;;Asfalt, oljegrus;Tørr, bar veg;God sikt, opphold;Dagslys;Vanlig kjørefelt;2;
mandag 9. mai 2005;11:00:00;Mandag;Kjørende fra fortau eller G/S-veg krysset kjørebanen på bortsiden av krysset;2;Vanlig veg/gate;4 armet kryss (X-kryss);Ikke tettsted;50;Riksveg;36;UID1000201132;Yrkesdøgn;Kryssende kjøreretning;Ulykke ved kryssende kjøreretning uten avsvingning;2005;0;0;0;0;0;0;0;1;0;0;1;0;0;0;Ukjent;Telemark;40;Porsgrunn;4001;;;0;107126443;59,13846767;9,662605545;Fylkesveg;;5;;;;;Asfalt, oljegrus;Tørr, bar veg;God sikt, opphold;Dagslys;Vanlig kjørefelt;3;
mandag 9. mai 2005;15:28:00;Mandag;Avsvinging til venstre foran kjørende i motsatt retning;2;Vanlig veg/gate;3-armet kryss (T-kryss, Y-kryss);Ikke tettsted;50;Kommunal veg;35800;UID1000201133;Yrkesdøgn;Kryssende kjøreretning;Ulykke ved avsvinging fra motsatte kjøreretning;2005;0;0;0;0;0;0;0;2;0;0;0;0;0;0;Nei;Telemark;40;Skien;4003;KV35800 S1D1 m811;Kommunal veg;35800;107126448;59,21597566;9,568734041;Kommunal veg;;5;;;;;Asfalt, oljegrus;Tørr, bar veg;God sikt, opphold;Dagslys;Vanlig kjørefelt;2;
mandag 9. mai 2011;19:58:00;Mandag;Enslig kjøretøy veltet i kjørebanen;1;Vanlig veg/gate;Vegstrekning utenfor kryss/avkjørsel;Ikke tettsted;80;Europaveg;134;UID1000249187;Yrkesdøgn;Andre ulykker;Andre ulykker(parkering o.l);2011;0;0;0;1;0;0;0;0;0;0;0;0;0;0;Ukjent;Telemark;40;Vinje;4036;;;0;285579547;59,67442966;7,810241749;Fylkesveg;;5;;;;;Asfalt, oljegrus;Tørr, bar veg;God sikt, opphold;Dagslys;Vanlig kjørefelt;2;
mandag 9. november 1998;19:00:00;Mandag;Møting på rett vegstrekning;2;Motortrafikkveg;Vegstrekning utenfor kryss/avkjørsel;Ikke tettsted;90;Europaveg;18;UID1000203828;Yrkesdøgn;Motsatt kjøreretning;Ulykke ved møting;1998;0;0;0;0;0;0;0;2;0;0;0;0;0;0;Ukjent;Telemark;40;Porsgrunn;4001;;;0;107142376;59,07496898;9,662565377;Fylkesveg;;11;;;;;Asfalt, oljegrus;Snø / isbelagt veg;Dårlig sikt, nedbør;Mørkt med vegbelysning;Vanlig kjørefelt;3;
onsdag 1. desember 1993;16:05:00;Onsdag;Fotgjenger krysset kjørebanen på bortsiden av krysset;2;Ukjent;4 armet kryss (X-kryss);Tettsted;50;Riksveg;354;UID1000205870;Yrkesdøgn;Fotgjenger/akende;Fotgjenger krysset kjørebanen;1993;0;0;1;0;0;0;0;1;0;0;0;0;0;0;Ukjent;Telemark;40;Porsgrunn;4001;;;0;107154688;59,10613146;9,659266109;Fylkesveg;;12;;;;;Ukjent;Snø / isbelagt veg;Dårlig sikt, nedbør;Tussmørke, skumring;Ukjent;;
onsdag 1. januar 1992;14:40:00;Onsdag;Enslig kjøretøy kjørte utfor på venstre side i venstrekurve;1;Ukjent;Vegstrekning utenfor kryss/avkjørsel;Ikke tettsted;70;Riksveg;36;UID1000206728;Helgedøgn;Utforkjøring;Enslig kjøretøy kjørte utfor vegen;1992;0;0;0;0;0;0;0;0;0;0;0;0;0;1;Ukjent;Telemark;40;Midt-Telemark;4020;;;0;107159417;59,36236121;9,184276925;Fylkesveg;;1;;;;;Ukjent;Snø / isbelagt veg;God sikt, opphold;Dagslys;Ukjent;;
onsdag 1. oktober 2003;13:10:00;Onsdag;Fotgjenger krysset kjørebanen i gangfelt utenfor kryss;2;Vanlig veg/gate;Vegstrekning utenfor kryss/avkjørsel;Tettsted;50;Kommunal veg;4360;UID1000201872;Yrkesdøgn;Fotgjenger/akende;Fotgjenger krysset kjørebanen;2003;0;1;1;0;0;0;0;0;0;0;0;0;0;0;Nei;Telemark;40;Porsgrunn;4001;;;0;107130948;59,13849975;9,643547247;Fylkesveg;;10;;;;;Asfalt, oljegrus;Tørr, bar veg;God sikt, opphold;Dagslys;Vanlig kjørefelt;2;
onsdag 1. oktober 2008;14:54:00;Onsdag;Samtidig venstresving;2;Vanlig veg/gate;3-armet kryss (T-kryss, Y-kryss);Ikke tettsted;60;Riksveg;354;UID1000231845;Yrkesdøgn;Kryssende kjøreretning;Ulykke ved kryssende kjøreretning hvor kjøretøy foretar avsvingning;2008;0;0;0;0;0;0;1;1;0;0;0;0;0;0;Ukjent;Telemark;40;Bamble;4012;;;0;197781647;59,04022737;9,675528151;Fylkesveg;;10;;;;;Asfalt, oljegrus;Våt, bar veg;God sikt, nedbør;Dagslys;Vanlig kjørefelt;3;
onsdag 1. oktober 2008;16:20:00;Onsdag;Enslig kjøretøy kjørte utfor på høyre side i høyrekurve;1;Vanlig veg/gate;Vegstrekning utenfor kryss/avkjørsel;Ikke tettsted;80;Riksveg;356;UID1000231846;Yrkesdøgn;Utforkjøring;Enslig kjøretøy kjørte utfor vegen;2008;0;0;0;0;0;0;0;1;0;0;0;0;0;0;Ukjent;Telemark;40;Skien;4003;;;0;197781654;59,12259718;9,604726141;Fylkesveg;;10;;;;;Asfalt, oljegrus;Våt, bar veg;God sikt, opphold;Dagslys;Vanlig kjørefelt;2;
onsdag 1. oktober 2014;15:00:00;Onsdag;Påkjøring bakfra;3;Vanlig veg/gate;3-armet kryss (T-kryss, Y-kryss);Ikke tettsted;70;Riksveg;36;UID1000269584;Yrkesdøgn;Samme kjøreretning;Ulykke mellom kjøretøy med samme kjøreretning;2014;0;0;0;1;0;0;0;2;0;0;0;0;0;0;Ukjent;Telemark;40;Skien;4003;;;0;572664144;59,18155315;9,57198457;Fylkesveg;;10;;;;;Asfalt, oljegrus;Våt, bar veg;God sikt, nedbør;Dagslys;Vanlig kjørefelt;3;
onsdag 10. april 2024;13:37:00;Onsdag;Ulykke med uklart forløp hvor fotgjenger gikk langs eller oppholdt seg i kj.banen;2;Vanlig veg/gate;Ukjent;Tettsted;;Privat veg;99999;UID2040749285;Yrkesdøgn;Fotgjenger/akende;Fotgjenger langs vegen eller i kjørebanen;2024;0;0;1;0;0;0;0;1;0;0;0;0;0;0;Nei;Telemark;40;Skien;4003;PF99999 S1D1 m0;Privat veg;99999;1024082168;59,17425836;9,640621815;Privat veg;;4;;;;;Ukjent;Tørr, bar veg;God sikt, opphold;Dagslys;Ukjent;2;
onsdag 10. august 2005;08:00:00;Onsdag;Påkjøring bakfra;2;Vanlig veg/gate;Vegstrekning utenfor kryss/avkjørsel;Ikke tettsted;60;Riksveg;38;UID1000200899;Yrkesdøgn;Samme kjøreretning;Ulykke mellom kjøretøy med samme kjøreretning;2005;0;0;0;0;0;0;0;2;0;0;0;0;0;0;Ukjent;Telemark;40;Kragerø;4014;;;0;107125070;58,873607;9,369277559;Fylkesveg;;8;;;;;Asfalt, oljegrus;Tørr, bar veg;God sikt, opphold;Dagslys;Vanlig kjørefelt;2;
onsdag 10. august 2005;08:40:00;Onsdag;Venstresving foran kjørende i motsatt retning;2;Annet (plass m.m.);Annet (P-plass, torv, o. l.);Ikke tettsted;;Kommunal veg;1019;UID1000200906;Yrkesdøgn;Kryssende kjøreretning;Ulykke ved kryssende kjøreretning hvor kjøretøy foretar avsvingning;2005;0;0;0;0;0;0;1;0;0;0;0;0;0;1;Ukjent;Telemark;40;Kragerø;4014;;;0;107125101;58,87087487;9,373494257;Fylkesveg;;8;;;;;Asfalt, oljegrus;Tørr, bar veg;God sikt, opphold;Dagslys;Vanlig kjørefelt;2;
onsdag 10. august 2005;08:39:00;Onsdag;Enslig kjøretøy kjørte på trafikkøy eller ende av midtdeler;1;Vanlig veg/gate;Vegstrekning utenfor kryss/avkjørsel;Ikke tettsted;60;Europaveg;134;UID1000200980;Yrkesdøgn;Utforkjøring;Enslig kjøretøy kjørte utfor vegen;2005;0;0;0;0;0;1;0;0;0;0;0;0;0;0;Ukjent;Telemark;40;Notodden;4005;;;0;107125529;59,56498555;9,224929571;Fylkesveg;;8;;;;;Asfalt, oljegrus;Ukjent;Ukjent;Dagslys;Vanlig kjørefelt;2;
onsdag 10. juli 1996;07:20:00;Onsdag;Påkjøring forøvrig ved venstresving;2;Vanlig veg/gate;Avkjørsel;Ikke tettsted;80;Riksveg;36;UID1000204775;Yrkesdøgn;Kryssende kjøreretning;Ulykke ved avsvinging fra samme kjøreretning;1996;0;0;0;0;0;0;0;1;0;0;0;1;0;0;Ukjent;Telemark;40;Midt-Telemark;4020;;;0;107148020;59,34941485;9,203403496;Fylkesveg;;7;;;;;Asfalt, oljegrus;Tørr, bar veg;God sikt, opphold;Dagslys;Vanlig kjørefelt;2;
onsdag 10. mai 2006;13:00:00;Onsdag;Venstresving foran kjørende i samme retning;2;;Vegstrekning utenfor kryss/avkjørsel;Tettsted;30;Fylkesveg;43;UID1000213413;Yrkesdøgn;Kryssende kjøreretning;Ulykke ved kryssende kjøreretning hvor kjøretøy foretar avsvingning;2006;0;0;0;0;0;0;0;0;0;0;2;0;0;0;Nei;Telemark;40;Skien;4003;;;0;114365916;59,20457214;9,585710887;Fylkesveg;;5;;;;;Asfalt, oljegrus;Tørr, bar veg;God sikt, opphold;Dagslys;;2;3706
onsdag 10. september 1997;08:15:00;Onsdag;Enslig kjøretøy kjørte utfor på venstre side i venstrekurve;1;Vanlig veg/gate;Vegstrekning utenfor kryss/avkjørsel;Ikke tettsted;60;Riksveg;357;UID1000204298;Yrkesdøgn;Utforkjøring;Enslig kjøretøy kjørte utfor vegen;1997;0;0;0;0;0;0;0;1;0;0;0;0;0;0;Ukjent;Telemark;40;Skien;4003;;;0;107145157;59,21167531;9,53791461;Fylkesveg;;9;;;;;Asfalt, oljegrus;Tørr, bar veg;God sikt, opphold;Dagslys;Vanlig kjørefelt;2;
onsdag 11. februar 2004;16:22:00;Onsdag;Påkjøring bakfra;2;Vanlig veg/gate;3-armet kryss (T-kryss, Y-kryss);Ikke tettsted;50;Riksveg;36;UID1000201708;Yrkesdøgn;Samme kjøreretning;Ulykke mellom kjøretøy med samme kjøreretning;2004;0;0;0;0;0;0;0;2;0;0;0;0;0;0;Ukjent;Telemark;40;Midt-Telemark;4020;;;0;107130017;59,41087325;9,078040095;Fylkesveg;;2;;;;;Asfalt, oljegrus;Våt, bar veg;God sikt, opphold;Dagslys;Vanlig kjørefelt;2;
onsdag 11. februar 2009;17:09:00;Onsdag;Enslig kjøretøy kjørte utfor på venstre side i høyrekurve;1;Vanlig veg/gate;Vegstrekning utenfor kryss/avkjørsel;Tettsted;60;Fylkesveg;2;UID1000234350;Yrkesdøgn;Utforkjøring;Enslig kjøretøy kjørte utfor vegen;2009;0;0;0;0;0;0;0;1;0;0;0;0;0;0;Ukjent;Telemark;40;Porsgrunn;4001;;;0;209971179;59,12492939;9,692725261;Fylkesveg;;2;;;;;Asfalt, oljegrus;Snø / isbelagt veg;God sikt, opphold;Mørkt med vegbelysning;Vanlig kjørefelt;2;
onsdag 11. november 1992;21:05:00;Onsdag;Enslig kjøretøy kjørte utfor på høyre side i høyrekurve;1;Ukjent;Vegstrekning utenfor kryss/avkjørsel;Ikke tettsted;80;Riksveg;356;UID1000206349;Yrkesdøgn;Utforkjøring;Enslig kjøretøy kjørte utfor vegen;1992;0;0;0;0;0;0;0;1;0;0;0;0;0;0;Ukjent;Telemark;40;Skien;4003;;;0;107157325;59,12259501;9,60467397;Fylkesveg;;11;;;;;Ukjent;Våt, bar veg;Dårlig sikt, nedbør;Mørkt uten vegbelysning;Ukjent;;
onsdag 11. september 2013;13:30:00;Onsdag;Møting i kurve;2;Vanlig veg/gate;Vegstrekning utenfor kryss/avkjørsel;Ikke tettsted;70;Europaveg;134;UID1000263562;Yrkesdøgn;Motsatt kjøreretning;Ulykke ved møting;2013;0;0;0;0;0;1;0;0;0;0;0;0;0;1;Ukjent;Telemark;40;Notodden;4005;;;0;457597307;59,58225816;9,31801713;Fylkesveg;;9;;;;;Asfalt, oljegrus;Våt, bar veg;God sikt, opphold;Dagslys;Vanlig kjørefelt;2;
onsdag 11. september 2013;08:02:00;Onsdag;Ulykke med uklart forløp hvor enslig kjøretøy kjørte utfor vegen;1;Vanlig veg/gate;Vegstrekning utenfor kryss/avkjørsel;Ikke tettsted;70;Riksveg;36;UID1000263565;Yrkesdøgn;Utforkjøring;Enslig kjøretøy kjørte utfor vegen;2013;0;0;0;0;0;0;0;1;0;0;0;0;0;0;Ukjent;Telemark;40;Nome;4018;;;0;457597333;59,32814738;9,229199228;Fylkesveg;;9;;;;;Asfalt, oljegrus;Våt, bar veg;God sikt, opphold;Dagslys;Vanlig kjørefelt;2;
onsdag 12. desember 2012;10:06:00;Onsdag;Møting i kurve;2;Vanlig veg/gate;Vegstrekning utenfor kryss/avkjørsel;Tettsted;70;Riksveg;36;UID1000258532;Yrkesdøgn;Motsatt kjøreretning;Ulykke ved møting;2012;0;0;0;0;0;0;0;2;0;0;0;0;0;0;Ukjent;Telemark;40;Midt-Telemark;4020;;;0;370739865;59,32828258;9,227379364;Fylkesveg;;12;;;;;Asfalt, oljegrus;Snø / isbelagt veg;God sikt, opphold;Dagslys;Vanlig kjørefelt;2;
onsdag 12. mars 1997;13:40:00;Onsdag;Venstresving foran kjørende i motsatt retning;2;Vanlig veg/gate;3-armet kryss (T-kryss, Y-kryss);Tettsted;50;Riksveg;36;UID1000204566;Yrkesdøgn;Kryssende kjøreretning;Ulykke ved kryssende kjøreretning hvor kjøretøy foretar avsvingning;1997;0;0;0;0;0;0;0;2;0;0;0;0;0;0;Ukjent;Telemark;40;Porsgrunn;4001;;;0;107146703;59,13525887;9,670127928;Fylkesveg;;3;;;;;Asfalt, oljegrus;Tørr, bar veg;God sikt, opphold;Dagslys;Vanlig kjørefelt;2;
onsdag 12. november 2008;08:25:00;Onsdag;Enslig kjøretøy kjørte utfor på høyre side i venstrekurve;1;Vanlig veg/gate;Vegstrekning utenfor kryss/avkjørsel;Tettsted;70;Riksveg;36;UID1000232540;Yrkesdøgn;Utforkjøring;Enslig kjøretøy kjørte utfor vegen;2008;0;0;0;0;0;0;0;1;0;0;0;0;0;0;Ukjent;Telemark;40;Midt-Telemark;4020;;;0;200424690;59,35345862;9,194566858;Fylkesveg;;11;;;;;Asfalt, oljegrus;Snø / isbelagt veg;God sikt, opphold;Tussmørke, skumring;Vanlig kjørefelt;2;
onsdag 13. april 1994;17:20:00;Onsdag;Kjøring i parallelle kjørefelter forøvrig;2;Ukjent;Vegstrekning utenfor kryss/avkjørsel;Tettsted;50;Riksveg;36;UID1000205734;Yrkesdøgn;Samme kjøreretning;Ulykke mellom kjøretøy med samme kjøreretning;1994;0;0;0;0;0;0;0;1;0;0;1;0;0;0;Ukjent;Telemark;40;Skien;4003;;;0;107153816;59,19604707;9,60443094;Fylkesveg;;4;;;;;Ukjent;Tørr, bar veg;God sikt, opphold;Dagslys;Ukjent;;
onsdag 13. desember 2017;22:52:00;Onsdag;Ulykke med uklart forløp ved møting;2;Vanlig veg/gate;Vegstrekning utenfor kryss/avkjørsel;Ikke tettsted;60;Europaveg;134;UID1000285256;Yrkesdøgn;Motsatt kjøreretning;Ulykke ved møting;2017;0;0;0;1;0;0;0;0;0;0;0;0;0;1;Nei;Telemark;40;Vinje;4036;;;0;845822333;59,6170267;7,868567434;Fylkesveg;;12;;;;;Asfalt, oljegrus;Snø / isbelagt veg;God sikt, nedbør;Mørkt uten vegbelysning;Vanlig kjørefelt;2;1700
onsdag 13. mai 2009;21:00:00;Onsdag;Enslig kjøretøy kjørte utfor på høyre side på rett vegstrekning;1;Vanlig veg/gate;Vegstrekning utenfor kryss/avkjørsel;Ikke tettsted;80;Europaveg;134;UID1000236241;Yrkesdøgn;Utforkjøring;Enslig kjøretøy kjørte utfor vegen;2009;0;0;0;0;0;0;0;1;0;0;0;0;0;0;Ukjent;Telemark;40;Kviteseid;4028;;;0;218272642;59,47862088;8,376875384;Fylkesveg;;5;;;;;Asfalt, oljegrus;Tørr, bar veg;God sikt, opphold;Dagslys;Vanlig kjørefelt;2;
onsdag 14. april 2004;15:34:00;Onsdag;Møting i kurve;2;Vanlig veg/gate;Vegstrekning utenfor kryss/avkjørsel;Ikke tettsted;70;Riksveg;353;UID1000201634;Yrkesdøgn;Motsatt kjøreretning;Ulykke ved møting;2004;0;0;0;0;0;0;0;2;0;0;0;0;0;0;Nei;Telemark;40;Bamble;4012;;;0;107129576;59,0509194;9,637886609;Fylkesveg;;4;;;;;Asfalt, oljegrus;Tørr, bar veg;God sikt, opphold;Dagslys;Vanlig kjørefelt;2;4438
onsdag 14. august 2002;19:45:00;Onsdag;Ulykke med uklart forløp / ulykke som ikke faller inn under noen bestemt ul.kode;2;Vanlig veg/gate;Vegstrekning utenfor kryss/avkjørsel;Ikke tettsted;50;Riksveg;356;UID1000202198;Yrkesdøgn;Andre ulykker;Andre ulykker(parkering o.l);2002;0;0;0;0;0;1;0;1;0;0;0;0;0;0;Ukjent;Telemark;40;Skien;4003;;;0;107132781;59,12430981;9,583239126;Fylkesveg;;8;;;;;Asfalt, oljegrus;Tørr, bar veg;God sikt, opphold;Dagslys;Vanlig kjørefelt;2;
onsdag 14. januar 2009;07:35:00;Onsdag;Møting i kurve;2;Vanlig veg/gate;Vegstrekning utenfor kryss/avkjørsel;Ikke tettsted;80;Fylkesveg;54;UID1000233901;Yrkesdøgn;Motsatt kjøreretning;Ulykke ved møting;2009;0;0;0;1;0;0;0;1;0;0;0;0;0;0;Ukjent;Telemark;40;Skien;4003;;;0;204583331;59,18385359;9,517166317;Fylkesveg;;1;;;;;Asfalt, oljegrus;Snø / isbelagt veg;God sikt, opphold;Tussmørke, skumring;Vanlig kjørefelt;2;
onsdag 14. juni 2006;16:00:00;Onsdag;Påkjøring bakfra;5;Vanlig veg/gate;Vegstrekning utenfor kryss/avkjørsel;Ikke tettsted;60;Riksveg;354;UID1000214123;Yrkesdøgn;Samme kjøreretning;Ulykke mellom kjøretøy med samme kjøreretning;2006;0;0;0;0;0;0;0;5;0;0;0;0;0;0;Ukjent;Telemark;40;Skien;4003;;;0;114369526;59,1883821;9,598872859;Fylkesveg;;6;;;;;Asfalt, oljegrus;Tørr, bar veg;God sikt, opphold;Dagslys;Vanlig kjørefelt;2;
onsdag 14. mars 2001;20:25:00;Onsdag;Påkjøring bakfra;2;Vanlig veg/gate;4 armet kryss (X-kryss);Ikke tettsted;60;Riksveg;36;UID1000202926;Yrkesdøgn;Samme kjøreretning;Ulykke mellom kjøretøy med samme kjøreretning;2001;0;0;0;0;0;0;0;2;0;0;0;0;0;0;Ukjent;Telemark;40;Skien;4003;;;0;107137061;59,19298749;9,58781225;Fylkesveg;;3;;;;;Asfalt, oljegrus;Våt, bar veg;God sikt, opphold;Mørkt med vegbelysning;Vanlig kjørefelt;2;
onsdag 15. juni 2005;00:01:00;Onsdag;Kryssende kjøreretninger (uten avsvinging);2;Vanlig veg/gate;4 armet kryss (X-kryss);Ikke tettsted;;Kommunal veg;1220;UID1000201095;Yrkesdøgn;Kryssende kjøreretning;Ulykke ved kryssende kjøreretning uten avsvingning;2005;0;0;0;0;0;0;0;1;0;0;1;0;0;0;Nei;Telemark;40;Porsgrunn;4001;;;0;107126212;59,11202778;9,652991741;Fylkesveg;;6;;;;;Asfalt, oljegrus;Ukjent;Ukjent;Mørkt med vegbelysning;Vanlig kjørefelt;;
onsdag 15. juni 2011;15:00:00;Onsdag;Enslig kjøretøy kjørte utfor på venstre side i høyrekurve;1;Vanlig veg/gate;Vegstrekning utenfor kryss/avkjørsel;Ikke tettsted;80;Europaveg;134;UID1000249951;Yrkesdøgn;Utforkjøring;Enslig kjøretøy kjørte utfor vegen;2011;0;0;0;0;0;0;0;1;0;0;0;0;0;0;Ukjent;Telemark;40;Kviteseid;4028;;;0;289027221;59,48950733;8,32525578;Fylkesveg;;6;;;;;Asfalt, oljegrus;Tørr, bar veg;God sikt, opphold;Dagslys;Vanlig kjørefelt;2;
onsdag 15. mai 1996;13:25:00;Onsdag;Venstresving foran kjørende i motsatt retning;2;Vanlig veg/gate;3-armet kryss (T-kryss, Y-kryss);Ikke tettsted;80;Riksveg;11;UID1000204904;Yrkesdøgn;Kryssende kjøreretning;Ulykke ved kryssende kjøreretning hvor kjøretøy foretar avsvingning;1996;0;0;0;0;0;0;0;2;0;0;0;0;0;0;Ukjent;Telemark;40;Notodden;4005;;;0;107148749;59,56527363;9,223709179;Fylkesveg;;5;;;;;Asfalt, oljegrus;Tørr, bar veg;God sikt, opphold;Dagslys;Vanlig kjørefelt;2;
onsdag 16. april 2014;12:37:00;Onsdag;Kryssende kjøreretninger (uten avsvinging);2;Vanlig veg/gate;4 armet kryss (X-kryss);Tettsted;30;Fylkesveg;30;UID1000266708;Yrkesdøgn;Kryssende kjøreretning;Ulykke ved kryssende kjøreretning uten avsvingning;2014;0;0;0;0;0;0;1;1;0;0;0;0;0;0;Nei;Telemark;40;Porsgrunn;4001;;;0;499338768;59,11724977;9,718381864;Fylkesveg;;4;;;;;Asfalt, oljegrus;Tørr, bar veg;God sikt, opphold;Dagslys;Vanlig kjørefelt;2;800
onsdag 16. august 2000;19:00:00;Onsdag;Enslig kjøretøy kjørte utfor på høyre side i venstrekurve;1;Vanlig veg/gate;Vegstrekning utenfor kryss/avkjørsel;Ikke tettsted;80;Europaveg;134;UID1000203157;Yrkesdøgn;Utforkjøring;Enslig kjøretøy kjørte utfor vegen;2000;0;0;0;0;0;1;0;0;0;0;0;0;0;0;Nei;Telemark;40;Notodden;4005;;;0;107138455;59,58335632;9,299017408;Fylkesveg;;8;;;;;Asfalt, oljegrus;Tørr, bar veg;God sikt, opphold;Dagslys;Vanlig kjørefelt;2;3250
onsdag 16. mai 2018;15:07:00;Onsdag;Venstresving foran kjørende i motsatt retning;2;Vanlig veg/gate;3-armet kryss (T-kryss, Y-kryss);Tettsted;60;Fylkesveg;32;UID1000286442;Yrkesdøgn;Kryssende kjøreretning;Ulykke ved kryssende kjøreretning hvor kjøretøy foretar avsvingning;2018;0;0;0;1;0;0;0;1;0;0;0;0;0;0;Nei;Telemark;40;Porsgrunn;4001;;;0;860884862;59,12262023;9,707541209;Fylkesveg;;5;;;;;Asfalt, oljegrus;Tørr, bar veg;God sikt, opphold;Dagslys;Vanlig kjørefelt;2;16000
onsdag 16. november 1994;10:20:00;Onsdag;Enslig kjøretøy kjørte utfor på høyre side i venstrekurve;1;Ukjent;Vegstrekning utenfor kryss/avkjørsel;Ikke tettsted;80;Fylkesveg;30;UID1000205498;Yrkesdøgn;Utforkjøring;Enslig kjøretøy kjørte utfor vegen;1994;0;0;0;0;0;0;0;1;0;0;0;0;0;0;Ukjent;Telemark;40;Porsgrunn;4001;;;0;107152418;59,10534495;9,763795585;Fylkesveg;;11;;;;;Ukjent;Snø / isbelagt veg;God sikt, opphold;Dagslys;Ukjent;;
onsdag 16. september 1998;06:45:00;Onsdag;Enslig kjøretøy kjørte utfor på høyre side i venstrekurve;1;Vanlig veg/gate;Vegstrekning utenfor kryss/avkjørsel;Ikke tettsted;80;Riksveg;361;UID1000203814;Yrkesdøgn;Utforkjøring;Enslig kjøretøy kjørte utfor vegen;1998;0;0;0;0;0;0;0;1;0;0;0;0;0;0;Ukjent;Telemark;40;Notodden;4005;;;0;107142290;59,65080816;9,00466864;Fylkesveg;;9;;;;;Asfalt, oljegrus;Våt, bar veg;Dårlig sikt, nedbør;Tussmørke, skumring;Vanlig kjørefelt;2;
onsdag 16. september 2009;15:30:00;Onsdag;Påkjøring bakfra;2;Vanlig veg/gate;Vegstrekning utenfor kryss/avkjørsel;Ikke tettsted;60;Riksveg;354;UID1000238705;Yrkesdøgn;Samme kjøreretning;Ulykke mellom kjøretøy med samme kjøreretning;2009;0;0;0;0;0;0;0;2;0;0;0;0;0;0;Ukjent;Telemark;40;Skien;4003;;;0;230287267;59,1570416;9,636891567;Fylkesveg;;9;;;;;Asfalt, oljegrus;Tørr, bar veg;God sikt, opphold;Dagslys;Vanlig kjørefelt;2;
onsdag 17. august 2005;10:50:00;Onsdag;Enslig kjøretøy kjørte på trafikkøy eller ende av midtdeler;1;Vanlig veg/gate;Vegstrekning utenfor kryss/avkjørsel;Ikke tettsted;80;Riksveg;36;UID1000200994;Yrkesdøgn;Utforkjøring;Enslig kjøretøy kjørte utfor vegen;2005;0;0;0;0;0;0;0;0;0;0;0;1;0;0;Ukjent;Telemark;40;Seljord;4022;;;0;107125622;59,45115626;8,734716971;Fylkesveg;;8;;;;;Asfalt, oljegrus;Tørr, bar veg;God sikt, opphold;Dagslys;Vanlig kjørefelt;2;
onsdag 17. august 2011;12:13:00;Onsdag;Påkjøring ved vending foran kjørende i samme retning;2;Vanlig veg/gate;Vegstrekning utenfor kryss/avkjørsel;Tettsted;80;Europaveg;18;UID1000250351;Yrkesdøgn;Kryssende kjøreretning;Ulykke ved avsvinging fra samme kjøreretning;2011;0;0;0;0;0;0;0;2;0;0;0;0;0;0;Nei;Telemark;40;Porsgrunn;4001;;;0;296422106;59,07432372;9,662193885;Fylkesveg;;8;;;;;Asfalt, oljegrus;Våt, bar veg;God sikt, opphold;Dagslys;Vanlig kjørefelt;1;5000
onsdag 17. januar 1990;07:45:00;Onsdag;Enslig kjøretøy kjørte utfor på venstre side på rett vegstrekning;1;Ukjent;Vegstrekning utenfor kryss/avkjørsel;Ikke tettsted;80;Europaveg;18;UID1000207576;Yrkesdøgn;Utforkjøring;Enslig kjøretøy kjørte utfor vegen;1990;0;0;0;0;0;0;0;1;0;0;0;0;0;0;Ukjent;Telemark;40;Bamble;4012;;;0;107164535;58,97201234;9,51127872;Fylkesveg;;1;;;;;Ukjent;Våt, bar veg;God sikt, opphold;Mørkt med vegbelysning;Ukjent;;
onsdag 18. desember 2002;19:30:00;Onsdag;Avsvinging til venstre foran kjørende i motsatt retning;2;Vanlig veg/gate;4 armet kryss (X-kryss);Ikke tettsted;60;Riksveg;36;UID1000202241;Yrkesdøgn;Kryssende kjøreretning;Ulykke ved avsvinging fra motsatte kjøreretning;2002;0;0;0;0;0;0;1;1;0;0;0;0;0;0;Ukjent;Telemark;40;Skien;4003;;;0;107133055;59,1931716;9,587695343;Fylkesveg;;12;;;;;Asfalt, oljegrus;Snø / isbelagt veg;God sikt, opphold;Mørkt med vegbelysning;Vanlig kjørefelt;2;
onsdag 18. januar 1995;11:30:00;Onsdag;Fotgjenger stod stille eller oppholdt seg forøvrig i kjørebanen;2;Ukjent;Annet (P-plass, torv, o. l.);Ikke tettsted;;;;UID1000205442;Yrkesdøgn;Fotgjenger/akende;Fotgjenger langs vegen eller i kjørebanen;1995;0;0;1;0;0;0;0;1;0;0;0;0;0;0;Ukjent;Telemark;40;Skien;4003;PF99999 S1D1 m0;Privat veg;99999;107152030;59,19725909;9,603063879;Privat veg;;1;;;;;Ukjent;Våt, bar veg;God sikt, nedbør;Dagslys;Ukjent;;
onsdag 18. juli 2012;21:15:00;Onsdag;Ulykke med uklart forløp hvor enslig kjøretøy kjørte utfor vegen;1;Annet (plass m.m.);Annet (P-plass, torv, o. l.);Tettsted;50;Kommunal veg;3280;UID1000256245;Yrkesdøgn;Utforkjøring;Enslig kjøretøy kjørte utfor vegen;2012;0;0;0;0;0;0;0;0;0;0;0;0;0;1;Nei;Telemark;40;Porsgrunn;4001;;;0;345690833;59,13478574;9,671970169;Fylkesveg;;7;;;;;Asfalt, oljegrus;Tørr, bar veg;God sikt, opphold;Dagslys;;2;
onsdag 18. mai 2005;14:00:00;Onsdag;Påkjøring bakfra;2;Vanlig veg/gate;3-armet kryss (T-kryss, Y-kryss);Ikke tettsted;50;Fylkesveg;152;UID1000200961;Yrkesdøgn;Samme kjøreretning;Ulykke mellom kjøretøy med samme kjøreretning;2005;0;0;0;0;0;0;0;2;0;0;0;0;0;0;Ukjent;Telemark;40;Notodden;4005;;;0;107125428;59,56693344;9,21423368;Fylkesveg;;5;;;;;Asfalt, oljegrus;Tørr, bar veg;God sikt, opphold;Dagslys;Vanlig kjørefelt;2;
onsdag 18. mars 2015;14:16:00;Onsdag;Fotgjenger krysset kjørebanen i gangfelt utenfor kryss;2;Vanlig veg/gate;Vegstrekning utenfor kryss/avkjørsel;Tettsted;40;Fylkesveg;356;UID1000271419;Yrkesdøgn;Fotgjenger/akende;Fotgjenger krysset kjørebanen;2015;0;0;1;0;0;0;0;0;0;0;0;0;0;1;Ja;Telemark;40;Porsgrunn;4001;;;0;590441386;59,13797468;9,643471876;Fylkesveg;;3;;;;;Asfalt, oljegrus;Våt, bar veg;God sikt, opphold;Dagslys;Vanlig kjørefelt;2;14200
onsdag 19. november 1997;14:10:00;Onsdag;Venstresving foran kjørende i motsatt retning;2;Vanlig veg/gate;3-armet kryss (T-kryss, Y-kryss);Ikke tettsted;60;Europaveg;134;UID1000204232;Yrkesdøgn;Kryssende kjøreretning;Ulykke ved kryssende kjøreretning hvor kjøretøy foretar avsvingning;1997;0;0;0;0;0;0;0;2;0;0;0;0;0;0;Ukjent;Telemark;40;Notodden;4005;;;0;107144750;59,56694316;9,214249749;Fylkesveg;;11;;;;;Asfalt, oljegrus;Våt, bar veg;God sikt, nedbør;Dagslys;Vanlig kjørefelt;3;
onsdag 2. juli 2003;13:21:00;Onsdag;Enslig kjøretøy kjørte utfor på høyre side på rett vegstrekning;1;Vanlig veg/gate;Vegstrekning utenfor kryss/avkjørsel;Tettsted;30;Fylkesveg;43;UID1000202005;Yrkesdøgn;Utforkjøring;Enslig kjøretøy kjørte utfor vegen;2003;0;0;0;0;0;0;1;0;0;0;0;0;0;0;Nei;Telemark;40;Skien;4003;;;0;107131668;59,20743235;9,580501125;Fylkesveg;;7;;;;;Asfalt, oljegrus;Tørr, bar veg;God sikt, opphold;Dagslys;Vanlig kjørefelt;2;3706
onsdag 2. november 2005;17:29:00;Onsdag;Venstresving foran kjørende i motsatt retning;2;Vanlig veg/gate;3-armet kryss (T-kryss, Y-kryss);Ikke tettsted;60;Riksveg;36;UID1000200887;Yrkesdøgn;Kryssende kjøreretning;Ulykke ved kryssende kjøreretning hvor kjøretøy foretar avsvingning;2005;0;0;0;0;0;0;0;2;0;0;0;0;0;0;Ukjent;Telemark;40;Skien;4003;;;0;107125006;59,18059311;9,570120693;Fylkesveg;;11;;;;;Asfalt, oljegrus;Tørr, bar veg;God sikt, opphold;Mørkt med vegbelysning;Vanlig kjørefelt;3;
onsdag 2. november 2011;22:15:00;Onsdag;Uhell med uklart forløp mellom kjøretøy med samme kjøreretning;2;Vanlig veg/gate;Rundkjøring;Ikke tettsted;50;Fylkesveg;32;UID1000252411;Yrkesdøgn;Samme kjøreretning;Ulykke mellom kjøretøy med samme kjøreretning;2011;0;0;0;0;0;0;1;1;0;0;0;0;0;0;Ukjent;Telemark;40;Porsgrunn;4001;;;0;305464767;59,14957375;9,661327074;Fylkesveg;;11;;;;;Asfalt, oljegrus;Våt, bar veg;God sikt, opphold;Mørkt med vegbelysning;Vanlig kjørefelt;1;
onsdag 20. august 1997;15:45:00;Onsdag;Påkjøring av parkert kjøretøy på høyre side;2;Vanlig veg/gate;Vegstrekning utenfor kryss/avkjørsel;Ikke tettsted;50;Riksveg;36;UID1000204306;Yrkesdøgn;Andre ulykker;Andre ulykker(parkering o.l);1997;1;1;0;0;0;0;0;0;0;0;0;0;0;0;Ukjent;Telemark;40;Midt-Telemark;4020;;;0;107145199;59,32995607;9,225738068;Fylkesveg;;8;;;;;Asfalt, oljegrus;Tørr, bar veg;God sikt, opphold;Dagslys;Vanlig kjørefelt;2;
onsdag 20. august 2003;11:49:00;Onsdag;Fotgjenger krysset kjørebanen på hitsiden av krysset;2;Vanlig veg/gate;3-armet kryss (T-kryss, Y-kryss);Ikke tettsted;50;Riksveg;36;UID1000201921;Yrkesdøgn;Fotgjenger/akende;Fotgjenger krysset kjørebanen;2003;0;1;1;0;0;0;0;0;0;0;0;0;0;0;Ukjent;Telemark;40;Porsgrunn;4001;;;0;107131209;59,13406937;9,674463067;Fylkesveg;;8;;;;;Asfalt, oljegrus;Tørr, bar veg;God sikt, opphold;Dagslys;Vanlig kjørefelt;3;
onsdag 20. august 2008;00:01:00;Onsdag;Påkjøring bakfra;4;Vanlig veg/gate;Tunnel (primært for motorkjøretøy);Ikke tettsted;70;Europaveg;18;UID1000231005;Yrkesdøgn;Samme kjøreretning;Ulykke mellom kjøretøy med samme kjøreretning;2008;0;0;0;0;0;0;0;4;0;0;0;0;0;0;Ukjent;Telemark;40;Bamble;4012;;;0;180997357;59,04567573;9,676499372;Fylkesveg;;8;;;;;Asfalt, oljegrus;Våt, bar veg;God sikt, nedbør;Mørkt med vegbelysning;Vanlig kjørefelt;2;
onsdag 20. januar 1999;20:30:00;Onsdag;Ulykke med uklart forløp hvor fotgjenger gikk langs eller oppholdt seg i kj.banen;4;Vanlig veg/gate;Vegstrekning utenfor kryss/avkjørsel;Ikke tettsted;80;Riksveg;361;UID1000203387;Yrkesdøgn;Fotgjenger/akende;Fotgjenger langs vegen eller i kjørebanen;1999;0;1;1;1;0;0;0;1;0;0;0;0;0;0;Ukjent;Telemark;40;Notodden;4005;;;0;107139844;59,61794737;9,017512592;Fylkesveg;;1;;;;;Asfalt, oljegrus;Snø / isbelagt veg;Dårlig sikt, nedbør;Mørkt uten vegbelysning;Vanlig kjørefelt;2;
onsdag 20. november 2002;20:00:00;Onsdag;Venstresving foran kjørende i motsatt retning;2;Vanlig veg/gate;3-armet kryss (T-kryss, Y-kryss);Tettsted;50;Riksveg;36;UID1000202281;Yrkesdøgn;Kryssende kjøreretning;Ulykke ved kryssende kjøreretning hvor kjøretøy foretar avsvingning;2002;0;0;0;0;0;0;1;1;0;0;0;0;0;0;Ukjent;Telemark;40;Porsgrunn;4001;;;0;107133300;59,13525887;9,670127928;Fylkesveg;;11;;;;;Asfalt, oljegrus;Ukjent;Ukjent;Mørkt med vegbelysning;Vanlig kjørefelt;2;
onsdag 21. april 2004;19:20:00;Onsdag;Kryssende kjøreretninger (uten avsvinging);2;Vanlig veg/gate;Annet kryss;Ikke tettsted;80;Fylkesveg;30;UID1000201628;Yrkesdøgn;Kryssende kjøreretning;Ulykke ved kryssende kjøreretning uten avsvingning;2004;0;0;0;0;0;0;0;1;0;0;1;0;0;0;Nei;Telemark;40;Porsgrunn;4001;;;0;107129547;59,11720605;9,718633616;Fylkesveg;;4;;;;;Asfalt, oljegrus;Tørr, bar veg;God sikt, opphold;Dagslys;Vanlig kjørefelt;3;1906
onsdag 22. juni 2022;15:07:00;Onsdag;Fotgjenger påkjørt på fortau;2;Annet (plass m.m.);Annet (P-plass, torv, o. l.);Ikke tettsted;30;Privat veg;99999;UID0560267067;Yrkesdøgn;Fotgjenger/akende;Fotgjenger langs vegen eller i kjørebanen;2022;0;0;1;0;0;0;0;1;0;0;0;0;0;0;Ukjent;Telemark;40;Bamble;4012;PF99999 S1D1 m0;Privat veg;99999;1017700102;58,97164126;9,518431493;Privat veg;;6;;;;;Ukjent;Ukjent;Ukjent;Ukjent;Annet;2;
onsdag 22. mars 1995;15:40:00;Onsdag;Påkjøring ved vending foran kjørende i samme retning;2;Ukjent;Vegstrekning utenfor kryss/avkjørsel;Ikke tettsted;60;Riksveg;354;UID1000205376;Yrkesdøgn;Kryssende kjøreretning;Ulykke ved avsvinging fra samme kjøreretning;1995;0;0;0;0;0;0;0;1;0;0;0;0;0;1;Ukjent;Telemark;40;Skien;4003;;;0;107151558;59,19410617;9,587231352;Fylkesveg;;3;;;;;Ukjent;Tørr, bar veg;God sikt, opphold;Dagslys;Ukjent;;
onsdag 22. mars 2006;09:00:00;Onsdag;Møting i kurve;2;Motortrafikkveg;Vegstrekning utenfor kryss/avkjørsel;Ikke tettsted;80;Europaveg;18;UID1000200765;Yrkesdøgn;Motsatt kjøreretning;Ulykke ved møting;2006;0;0;0;1;0;0;0;1;0;0;0;0;0;0;Ukjent;Telemark;40;Porsgrunn;4001;;;0;107124189;59,08374822;9,815171428;Fylkesveg;;3;;;;;Asfalt, oljegrus;Tørr, bar veg;God sikt, opphold;Dagslys;Vanlig kjørefelt;2;
onsdag 22. november 2017;22:00:00;Onsdag;Enslig kjøretøy kjørte utfor på høyre side i venstrekurve;1;Ukjent;Vegstrekning utenfor kryss/avkjørsel;Ikke tettsted;70;Privat veg;;UID1000284895;Yrkesdøgn;Utforkjøring;Enslig kjøretøy kjørte utfor vegen;2017;0;0;0;0;0;0;0;1;0;0;0;0;0;0;Ukjent;Telemark;40;Siljan;4010;PF99999 S1D1 m0;Privat veg;99999;844972282;59,29110864;9,795665902;Privat veg;;11;;;;;Asfalt, oljegrus;Delvis snø / isbelagt veg;God sikt, nedbør;Mørkt uten vegbelysning;Ukjent;2;
onsdag 22. september 1993;08:45:00;Onsdag;Kryssende kjøreretninger (uten avsvinging);2;Ukjent;4 armet kryss (X-kryss);Tettsted;50;T;621;UID1000205948;Yrkesdøgn;Kryssende kjøreretning;Ulykke ved kryssende kjøreretning uten avsvingning;1993;0;0;0;0;0;0;1;0;0;0;0;0;0;1;Ukjent;Telemark;40;Skien;4003;KF99999 S1D1 m0;Kommunal veg;99999;107155205;59,2457584;9,647643509;Kommunal veg;;9;;;;;Ukjent;Våt, bar veg;God sikt, opphold;Dagslys;Ukjent;;
onsdag 23. april 2014;11:12:00;Onsdag;Avsvinging til venstre foran kjørende i motsatt retning;4;Vanlig veg/gate;3-armet kryss (T-kryss, Y-kryss);Ikke tettsted;60;Riksveg;354;UID1000266716;Yrkesdøgn;Kryssende kjøreretning;Ulykke ved avsvinging fra motsatte kjøreretning;2014;0;0;0;1;0;0;0;3;0;0;0;0;0;0;Ukjent;Telemark;40;Bamble;4012;;;0;499338805;59,03753484;9,675264715;Fylkesveg;;4;;;;;Asfalt, oljegrus;Tørr, bar veg;God sikt, opphold;Dagslys;Vanlig kjørefelt;2;
onsdag 23. februar 2005;12:57:00;Onsdag;Venstresving foran kjørende i motsatt retning;2;Vanlig veg/gate;Annet (P-plass, torv, o. l.);Ikke tettsted;60;Fylkesveg;59;UID1000201207;Yrkesdøgn;Kryssende kjøreretning;Ulykke ved kryssende kjøreretning hvor kjøretøy foretar avsvingning;2005;0;0;0;0;0;0;0;2;0;0;0;0;0;0;Nei;Telemark;40;Skien;4003;;;0;107126892;59,18626944;9,615148657;Fylkesveg;;2;;;;;Asfalt, oljegrus;Tørr, bar veg;God sikt, opphold;Dagslys;Vanlig kjørefelt;2;12176
onsdag 23. januar 2002;22:21:00;Onsdag;Avsvinging til venstre foran kjørende i motsatt retning;2;Vanlig veg/gate;3-armet kryss (T-kryss, Y-kryss);Tettsted;50;Riksveg;36;UID1000202569;Yrkesdøgn;Kryssende kjøreretning;Ulykke ved avsvinging fra motsatte kjøreretning;2002;0;0;0;0;0;0;0;2;0;0;0;0;0;0;Ukjent;Telemark;40;Porsgrunn;4001;;;0;107134982;59,13525887;9,670127928;Fylkesveg;;1;;;;;Asfalt, oljegrus;Snø / isbelagt veg;God sikt, nedbør;Mørkt med vegbelysning;Vanlig kjørefelt;3;
onsdag 23. januar 2002;16:30:00;Onsdag;Fotgjenger krysset kjørebanen utenfor kryss bak parkert eller stanset kjøretøy;2;Vanlig veg/gate;Vegstrekning utenfor kryss/avkjørsel;Tettsted;;Kommunal veg;1730;UID1000202571;Yrkesdøgn;Fotgjenger/akende;Fotgjenger krysset kjørebanen;2002;0;0;1;0;0;0;0;1;0;0;0;0;0;0;Ukjent;Telemark;40;Porsgrunn;4001;;;0;107134993;59,12434489;9,656633769;Fylkesveg;;1;;;;;Asfalt, oljegrus;Tørr, bar veg;God sikt, opphold;Tussmørke, skumring;Vanlig kjørefelt;1;
onsdag 23. juni 1999;12:28:00;Onsdag;Uhell med uklart forløp ved kryssende kj.retn uten at noen kj.tøy svinger av;2;Vanlig veg/gate;4 armet kryss (X-kryss);Ikke tettsted;60;Fylkesveg;30;UID1000203639;Yrkesdøgn;Kryssende kjøreretning;Ulykke ved kryssende kjøreretning uten avsvingning;1999;0;0;0;1;0;0;0;1;0;0;0;0;0;0;Ukjent;Telemark;40;Porsgrunn;4001;;;0;107141235;59,11724977;9,718381864;Fylkesveg;;6;;;;;Asfalt, oljegrus;Tørr, bar veg;God sikt, opphold;Dagslys;Vanlig kjørefelt;2;
onsdag 23. mai 2007;16:30:00;Onsdag;Møting i kurve;2;Vanlig veg/gate;Vegstrekning utenfor kryss/avkjørsel;Ikke tettsted;60;Riksveg;36;UID1000220993;Yrkesdøgn;Motsatt kjøreretning;Ulykke ved møting;2007;0;0;0;1;0;0;0;1;0;0;0;0;0;0;Ukjent;Telemark;40;Porsgrunn;4001;;;0;137448592;59,14903157;9,661709543;Fylkesveg;;5;;;;;Asfalt, oljegrus;Tørr, bar veg;God sikt, opphold;Dagslys;Vanlig kjørefelt;2;
onsdag 23. november 2005;18:10:00;Onsdag;Enslig kjøretøy kjørte utfor på høyre side i høyrekurve;1;Vanlig veg/gate;Vegstrekning utenfor kryss/avkjørsel;Ikke tettsted;50;Kommunal veg;4580;UID1000200870;Yrkesdøgn;Utforkjøring;Enslig kjøretøy kjørte utfor vegen;2005;0;0;0;0;0;0;0;1;0;0;0;0;0;0;Ukjent;Telemark;40;Tinn;4026;;;0;107124920;59,88037829;8,67247061;Fylkesveg;;11;;;;;Asfalt, oljegrus;Våt, bar veg;Dårlig sikt, tåke eller dis;Mørkt uten vegbelysning;Vanlig kjørefelt;2;
onsdag 23. september 1998;13:40:00;Onsdag;Venstresving foran kjørende i motsatt retning;2;Vanlig veg/gate;3-armet kryss (T-kryss, Y-kryss);Ikke tettsted;60;Europaveg;134;UID1000203839;Yrkesdøgn;Kryssende kjøreretning;Ulykke ved kryssende kjøreretning hvor kjøretøy foretar avsvingning;1998;0;0;0;0;0;0;0;2;0;0;0;0;0;0;Ukjent;Telemark;40;Notodden;4005;;;0;107142449;59,56527363;9,223709179;Fylkesveg;;9;;;;;Asfalt, oljegrus;Tørr, bar veg;God sikt, opphold;Dagslys;Vanlig kjørefelt;2;
onsdag 24. mai 2000;15:00:00;Onsdag;Påkjøring bakfra;2;Vanlig veg/gate;Vegstrekning utenfor kryss/avkjørsel;Tettsted;50;Riksveg;36;UID1000203256;Yrkesdøgn;Samme kjøreretning;Ulykke mellom kjøretøy med samme kjøreretning;2000;0;0;0;1;0;0;0;1;0;0;0;0;0;0;Ukjent;Telemark;40;Porsgrunn;4001;;;0;107139054;59,14031765;9,660547994;Fylkesveg;;5;;;;;Asfalt, oljegrus;Ukjent;Ukjent;Dagslys;Vanlig kjørefelt;2;
onsdag 25. april 2001;07:55:00;Onsdag;Ulykke med uklart forløp hvor enslig kjøretøy kjørte utfor vegen;1;Vanlig veg/gate;Vegstrekning utenfor kryss/avkjørsel;Ikke tettsted;80;Fylkesveg;51;UID1000202891;Yrkesdøgn;Utforkjøring;Enslig kjøretøy kjørte utfor vegen;2001;0;0;0;0;0;0;0;1;0;0;0;0;0;0;Ukjent;Telemark;40;Skien;4003;;;0;107136832;59,17002407;9,597166063;Fylkesveg;;4;;;;;Grus;Tørr, bar veg;God sikt, opphold;Dagslys;Vanlig kjørefelt;1;
onsdag 25. august 1999;11:45:00;Onsdag;Påkjøring av parkert kjøretøy på venstre side;2;Vanlig veg/gate;Vegstrekning utenfor kryss/avkjørsel;Tettsted;50;Privat veg;3059;UID1000203500;Yrkesdøgn;Andre ulykker;Andre ulykker(parkering o.l);1999;0;0;0;0;0;0;0;2;0;0;0;0;0;0;Ukjent;Telemark;40;Notodden;4005;;;0;107140451;59,55108139;9,215879837;Fylkesveg;;8;;;;;Asfalt, oljegrus;Tørr, bar veg;God sikt, opphold;Dagslys;Vanlig kjørefelt;1;
onsdag 25. november 1998;16:00:00;Onsdag;Påkjøring bakfra;2;Vanlig veg/gate;Vegstrekning utenfor kryss/avkjørsel;Tettsted;50;Riksveg;36;UID1000203808;Yrkesdøgn;Samme kjøreretning;Ulykke mellom kjøretøy med samme kjøreretning;1998;0;0;0;0;0;0;0;2;0;0;0;0;0;0;Ukjent;Telemark;40;Porsgrunn;4001;;;0;107142254;59,1403273;9,660563999;Fylkesveg;;11;;;;;Asfalt, oljegrus;Våt, bar veg;Dårlig sikt, nedbør;Tussmørke, skumring;Vanlig kjørefelt;2;
onsdag 26. mai 1999;16:04:00;Onsdag;Påkjøring bakfra;2;Vanlig veg/gate;3-armet kryss (T-kryss, Y-kryss);Tettsted;50;Riksveg;36;UID1000203671;Yrkesdøgn;Samme kjøreretning;Ulykke mellom kjøretøy med samme kjøreretning;1999;0;0;0;0;0;0;0;2;0;0;0;0;0;0;Ukjent;Telemark;40;Skien;4003;;;0;107141433;59,19606907;9,604743226;Fylkesveg;;5;;;;;Asfalt, oljegrus;Våt, bar veg;God sikt, nedbør;Dagslys;Vanlig kjørefelt;2;
onsdag 27. august 2014;15:55:00;Onsdag;Avsvinging til venstre foran kjørende i motsatt retning;2;Vanlig veg/gate;Annet (P-plass, torv, o. l.);Ikke tettsted;60;Riksveg;354;UID1000268834;Yrkesdøgn;Kryssende kjøreretning;Ulykke ved avsvinging fra motsatte kjøreretning;2014;0;0;0;0;0;0;0;2;0;0;0;0;0;0;Ukjent;Telemark;40;Bamble;4012;;;0;561628352;59,03764643;9,675352173;Fylkesveg;;8;;;;;Asfalt, oljegrus;Tørr, bar veg;God sikt, opphold;Dagslys;Vanlig kjørefelt;2;
onsdag 27. februar 2002;11:30:00;Onsdag;Høyresving foran kjørende i motsatt retning;2;Boliggate, boligveg;3-armet kryss (T-kryss, Y-kryss);Ikke tettsted;30;Kommunal veg;5420;UID1000202512;Yrkesdøgn;Kryssende kjøreretning;Ulykke ved kryssende kjøreretning hvor kjøretøy foretar avsvingning;2002;0;0;0;0;0;0;0;2;0;0;0;0;0;0;Ukjent;Telemark;40;Porsgrunn;4001;;;0;107134635;59,13121199;9,636844535;Fylkesveg;;2;;;;;Asfalt, oljegrus;Snø / isbelagt veg;God sikt, nedbør;Dagslys;Vanlig kjørefelt;2;
onsdag 27. juni 2001;12:45:00;Onsdag;Møting på rett vegstrekning;2;Vanlig veg/gate;Vegstrekning utenfor kryss/avkjørsel;Ikke tettsted;80;Europaveg;18;UID1000202817;Yrkesdøgn;Motsatt kjøreretning;Ulykke ved møting;2001;0;0;0;1;0;0;0;1;0;0;0;0;0;0;Ukjent;Telemark;40;Bamble;4012;;;0;107136367;58,97167239;9,507306807;Fylkesveg;;6;;;;;Asfalt, oljegrus;Tørr, bar veg;God sikt, opphold;Dagslys;Vanlig kjørefelt;2;
onsdag 27. oktober 2010;22:45:00;Onsdag;Påkjøring av parkert kjøretøy på høyre side;2;Boliggate, boligveg;Vegstrekning utenfor kryss/avkjørsel;Tettsted;50;Privat veg;98338;UID1000245887;Yrkesdøgn;Andre ulykker;Andre ulykker(parkering o.l);2010;0;0;0;0;1;0;0;1;0;0;0;0;0;0;Nei;Telemark;40;Porsgrunn;4001;;;0;268370086;59,11572742;9,719666721;Fylkesveg;;10;;;;;Asfalt, oljegrus;Våt, bar veg;Dårlig sikt, tåke eller dis;Mørkt uten vegbelysning;Vanlig kjørefelt;2;
onsdag 27. september 2006;17:30:00;Onsdag;Enslig kjøretøy kjørte utfor på høyre side i venstrekurve;1;Vanlig veg/gate;Vegstrekning utenfor kryss/avkjørsel;Ikke tettsted;60;Europaveg;134;UID1000215682;Yrkesdøgn;Utforkjøring;Enslig kjøretøy kjørte utfor vegen;2006;0;0;0;1;0;0;0;0;0;0;0;0;0;0;Nei;Telemark;40;Vinje;4036;;;0;119359167;59,61737112;7,867942515;Fylkesveg;;9;;;;;Asfalt, oljegrus;Tørr, bar veg;God sikt, opphold;Dagslys;Vanlig kjørefelt;2;1406
onsdag 28. februar 2007;09:11:00;Onsdag;Påkjøring av parkert kjøretøy på høyre side;2;Vanlig veg/gate;Annet (P-plass, torv, o. l.);Ikke tettsted;70;Riksveg;36;UID1000219469;Yrkesdøgn;Andre ulykker;Andre ulykker(parkering o.l);2007;0;0;0;1;0;0;0;1;0;0;0;0;0;0;Ukjent;Telemark;40;Midt-Telemark;4020;;;0;132023359;59,34716327;9,20741957;Fylkesveg;;2;;;;;Asfalt, oljegrus;Snø / isbelagt veg;God sikt, opphold;Dagslys;Vanlig kjørefelt;2;
onsdag 28. juli 2010;12:10:00;Onsdag;Enslig kjøretøy kjørte utfor på høyre side i venstrekurve;1;Vanlig veg/gate;Vegstrekning utenfor kryss/avkjørsel;Ikke tettsted;80;Europaveg;134;UID1000244303;Yrkesdøgn;Utforkjøring;Enslig kjøretøy kjørte utfor vegen;2010;0;0;0;0;0;0;0;1;0;0;0;0;0;0;Ukjent;Telemark;40;Kviteseid;4028;;;0;261379429;59,48762119;8,33328234;Fylkesveg;;7;;;;;Asfalt, oljegrus;Tørr, bar veg;God sikt, opphold;Dagslys;Vanlig kjørefelt;2;
onsdag 28. oktober 1992;18:16:00;Onsdag;Venstresving foran kjørende i motsatt retning;2;Ukjent;3-armet kryss (T-kryss, Y-kryss);Ikke tettsted;80;Riksveg;11;UID1000206356;Yrkesdøgn;Kryssende kjøreretning;Ulykke ved kryssende kjøreretning hvor kjøretøy foretar avsvingning;1992;0;0;0;0;0;0;0;2;0;0;0;0;0;0;Ukjent;Telemark;40;Notodden;4005;;;0;107157363;59,56528257;9,223707643;Fylkesveg;;10;;;;;Ukjent;Snø / isbelagt veg;Dårlig sikt, nedbør;Mørkt uten vegbelysning;Ukjent;;
onsdag 28. september 1994;13:40:00;Onsdag;Forbikjøring;3;Ukjent;Vegstrekning utenfor kryss/avkjørsel;Ikke tettsted;90;Europaveg;18;UID1000205544;Yrkesdøgn;Samme kjøreretning;Ulykke mellom kjøretøy med samme kjøreretning;1994;0;0;0;0;0;0;0;2;0;0;0;0;0;1;Ukjent;Telemark;40;Porsgrunn;4001;;;0;107152698;59,09585179;9,781843327;Fylkesveg;;9;;;;;Ukjent;Tørr, bar veg;God sikt, opphold;Dagslys;Ukjent;;
onsdag 29. mai 1996;01:05:00;Onsdag;Enslig kjøretøy kjørte utfor på venstre side i høyrekurve;1;Vanlig veg/gate;Vegstrekning utenfor kryss/avkjørsel;Ikke tettsted;80;Europaveg;18;UID1000204895;Yrkesdøgn;Utforkjøring;Enslig kjøretøy kjørte utfor vegen;1996;0;0;0;0;0;1;0;0;0;0;0;0;0;0;Ukjent;Telemark;40;Porsgrunn;4001;;;0;107148705;59,0758704;9,663910849;Fylkesveg;;5;;;;;Asfalt, oljegrus;Tørr, bar veg;God sikt, opphold;Dagslys;Vanlig kjørefelt;2;
onsdag 29. november 2000;12:20:00;Onsdag;Høyresving foran kjørende i samme retning;2;Annet (plass m.m.);Annet (P-plass, torv, o. l.);Ikke tettsted;50;Kommunal veg;39400;UID1000203010;Yrkesdøgn;Kryssende kjøreretning;Ulykke ved kryssende kjøreretning hvor kjøretøy foretar avsvingning;2000;0;0;0;0;0;0;1;1;0;0;0;0;0;0;Ukjent;Telemark;40;Skien;4003;;;0;107137596;59,19720813;9,604001723;Fylkesveg;;11;;;;;Asfalt, oljegrus;Ukjent;Ukjent;Dagslys;Annet;2;
onsdag 29. september 2004;09:00:00;Onsdag;Påkjøring bakfra;2;Vanlig veg/gate;Vegstrekning utenfor kryss/avkjørsel;Tettsted;;Kommunal veg;3280;UID1000201467;Yrkesdøgn;Samme kjøreretning;Ulykke mellom kjøretøy med samme kjøreretning;2004;0;0;0;1;0;0;0;0;0;0;1;0;0;0;Ukjent;Telemark;40;Porsgrunn;4001;;;0;107128498;59,13557452;9,667084445;Fylkesveg;;9;;;;;Asfalt, oljegrus;Tørr, bar veg;God sikt, opphold;Dagslys;Vanlig kjørefelt;2;
onsdag 29. september 2010;08:18:00;Onsdag;Påkjøring bakfra;2;Vanlig veg/gate;Vegstrekning utenfor kryss/avkjørsel;Ikke tettsted;60;Fylkesveg;354;UID1000245560;Yrkesdøgn;Samme kjøreretning;Ulykke mellom kjøretøy med samme kjøreretning;2010;0;0;0;0;0;0;1;1;0;0;0;0;0;0;Ukjent;Telemark;40;Skien;4003;;;0;267613892;59,15662251;9,63720264;Fylkesveg;;9;;;;;Asfalt, oljegrus;Tørr, bar veg;God sikt, opphold;Dagslys;Vanlig kjørefelt;2;
onsdag 3. desember 2003;10:30:00;Onsdag;Fotgjenger gikk langs vegen og ble påkjørt av ryggende kjøretøy;2;Annet (plass m.m.);Annet (P-plass, torv, o. l.);Ikke tettsted;;Privat veg;99812;UID1000201858;Yrkesdøgn;Fotgjenger/akende;Fotgjenger langs vegen eller i kjørebanen;2003;0;0;1;0;0;0;0;1;0;0;0;0;0;0;Ukjent;Telemark;40;Bamble;4012;;;0;107130863;59,04461913;9,695017656;Fylkesveg;;12;;;;;Asfalt, oljegrus;Våt, bar veg;God sikt, opphold;Dagslys;Annet;;
onsdag 3. desember 2008;16:00:00;Onsdag;Påkjøring bakfra;5;Vanlig veg/gate;Vegstrekning utenfor kryss/avkjørsel;Ikke tettsted;40;Riksveg;36;UID1000233187;Yrkesdøgn;Samme kjøreretning;Ulykke mellom kjøretøy med samme kjøreretning;2008;0;0;0;1;0;0;0;4;0;0;0;0;0;0;Ukjent;Telemark;40;Porsgrunn;4001;;;0;203163766;59,13874696;9,662176688;Fylkesveg;;12;;;;;Asfalt, oljegrus;Våt, bar veg;Dårlig sikt forøvrig;Mørkt med vegbelysning;Vanlig kjørefelt;2;
onsdag 3. januar 2007;19:55:00;Onsdag;Enslig kjøretøy kjørte utfor på høyre side i venstrekurve;1;Vanlig veg/gate;Vegstrekning utenfor kryss/avkjørsel;Ikke tettsted;80;Riksveg;41;UID1000218494;Yrkesdøgn;Utforkjøring;Enslig kjøretøy kjørte utfor vegen;2007;0;0;0;0;0;0;0;1;0;0;0;0;0;0;Nei;Telemark;40;Nissedal;4030;;;0;121824107;58,97925037;8,519905181;Fylkesveg;;1;;;;;Asfalt, oljegrus;Delvis snø / isbelagt veg;Ukjent;Mørkt uten vegbelysning;Vanlig kjørefelt;2;866
onsdag 3. november 1999;15:44:00;Onsdag;Enslig kjøretøy kjørte utfor på høyre side i høyrekurve;1;Vanlig veg/gate;Vegstrekning utenfor kryss/avkjørsel;Ikke tettsted;80;Europaveg;134;UID1000203432;Yrkesdøgn;Utforkjøring;Enslig kjøretøy kjørte utfor vegen;1999;0;0;0;0;0;0;0;1;0;0;0;0;0;0;Ukjent;Telemark;40;Notodden;4005;;;0;107140109;59,583838;9,299947356;Fylkesveg;;11;;;;;Asfalt, oljegrus;Tørr, bar veg;God sikt, opphold;Dagslys;Vanlig kjørefelt;2;
onsdag 3. november 2010;13:52:00;Onsdag;Høyresving foran kjørende i samme retning;2;Vanlig veg/gate;Rundkjøring;Tettsted;50;Fylkesveg;356;UID1000245930;Yrkesdøgn;Kryssende kjøreretning;Ulykke ved kryssende kjøreretning hvor kjøretøy foretar avsvingning;2010;0;0;0;0;0;0;0;1;0;0;1;0;0;0;Nei;Telemark;40;Porsgrunn;4001;;;0;268694969;59,13832873;9,643328861;Fylkesveg;;11;;;;;Asfalt, oljegrus;Våt, bar veg;God sikt, opphold;Dagslys;Vanlig kjørefelt;1;12000
onsdag 3. oktober 2012;15:00:00;Onsdag;Enslig kjøretøy veltet i kjørebanen;1;Vanlig veg/gate;Vegstrekning utenfor kryss/avkjørsel;Tettsted;50;Kommunal veg;5594;UID1000257399;Yrkesdøgn;Andre ulykker;Andre ulykker(parkering o.l);2012;0;0;0;0;0;0;1;0;0;0;0;0;0;0;Nei;Telemark;40;Porsgrunn;4001;;;0;362077228;59,12206308;9,707119779;Fylkesveg;;10;;;;;Asfalt, oljegrus;Våt, bar veg;God sikt, nedbør;Dagslys;Vanlig kjørefelt;2;
onsdag 30. desember 1992;08:05:00;Onsdag;Møting i kurve;2;Ukjent;Vegstrekning utenfor kryss/avkjørsel;Ikke tettsted;80;Riksveg;36;UID1000206261;Yrkesdøgn;Motsatt kjøreretning;Ulykke ved møting;1992;0;0;0;0;0;0;0;1;0;0;0;0;0;1;Ukjent;Telemark;40;Midt-Telemark;4020;;;0;107156867;59,33592469;9,216228858;Fylkesveg;;12;;;;;Ukjent;Snø / isbelagt veg;God sikt, opphold;Tussmørke, skumring;Ukjent;;
onsdag 30. desember 1998;04:20:00;Onsdag;Enslig kjøretøy kjørte utfor ved avsvinging i kryss o.l.;1;Vanlig veg/gate;3-armet kryss (T-kryss, Y-kryss);Tettsted;50;Riksveg;356;UID1000203798;Yrkesdøgn;Utforkjøring;Enslig kjøretøy kjørte utfor vegen;1998;0;0;0;0;0;0;0;1;0;0;0;0;0;0;Ukjent;Telemark;40;Porsgrunn;4001;;;0;107142194;59,13713592;9,641904611;Fylkesveg;;12;;;;;Asfalt, oljegrus;Delvis snø / isbelagt veg;God sikt, opphold;Mørkt med vegbelysning;Vanlig kjørefelt;1;
onsdag 30. juni 1999;14:00:00;Onsdag;Enslig kjøretøy kjørte utfor på høyre side i venstrekurve;1;Vanlig veg/gate;Vegstrekning utenfor kryss/avkjørsel;Tettsted;80;Riksveg;36;UID1000203555;Yrkesdøgn;Utforkjøring;Enslig kjøretøy kjørte utfor vegen;1999;0;0;0;0;0;0;0;1;0;0;0;0;0;0;Ukjent;Telemark;40;Midt-Telemark;4020;;;0;107140780;59,33024577;9,222130035;Fylkesveg;;6;;;;;Asfalt, oljegrus;Tørr, bar veg;God sikt, opphold;Dagslys;Vanlig kjørefelt;2;
onsdag 31. mai 2006;16:00:00;Onsdag;Ulykke med uklart forløp ved avsvinging fra samme kjøreretning;2;Vanlig veg/gate;Annet (P-plass, torv, o. l.);Ikke tettsted;60;Fylkesveg;59;UID1000213422;Yrkesdøgn;Kryssende kjøreretning;Ulykke ved avsvinging fra samme kjøreretning;2006;0;0;0;0;0;0;0;1;0;0;1;0;0;0;Nei;Telemark;40;Skien;4003;;;0;114365966;59,18601667;9,615346367;Fylkesveg;;5;;;;;Asfalt, oljegrus;Tørr, bar veg;God sikt, opphold;Mørkt med vegbelysning;Vanlig kjørefelt;2;12176
onsdag 4. august 1999;16:45:00;Onsdag;Møting i kurve;2;Vanlig veg/gate;Vegstrekning utenfor kryss/avkjørsel;Ikke tettsted;;Kommunal veg;3730;UID1000203570;Yrkesdøgn;Motsatt kjøreretning;Ulykke ved møting;1999;0;0;1;0;0;0;0;1;0;0;0;0;0;0;Ukjent;Telemark;40;Bamble;4012;;;0;107140865;59,04703506;9,69183243;Fylkesveg;;8;;;;;Asfalt, oljegrus;Tørr, bar veg;God sikt, opphold;Dagslys;Vanlig kjørefelt;;
onsdag 4. desember 1996;13:26:00;Onsdag;Kryssende kjøreretninger (uten avsvinging);2;Vanlig veg/gate;4 armet kryss (X-kryss);Tettsted;60;Fylkesveg;59;UID1000204666;Yrkesdøgn;Kryssende kjøreretning;Ulykke ved kryssende kjøreretning uten avsvingning;1996;0;1;0;0;0;0;0;1;0;0;0;0;0;0;Ukjent;Telemark;40;Skien;4003;;;0;107147366;59,18597946;9,615317163;Fylkesveg;;12;;;;;Asfalt, oljegrus;Våt, bar veg;God sikt, opphold;Dagslys;Vanlig kjørefelt;2;
onsdag 4. juli 2007;19:10:00;Onsdag;Enslig kjøretøy kjørte utfor på venstre side i høyrekurve;1;Vanlig veg/gate;Vegstrekning utenfor kryss/avkjørsel;Ikke tettsted;80;Europaveg;134;UID1000222323;Yrkesdøgn;Utforkjøring;Enslig kjøretøy kjørte utfor vegen;2007;0;0;0;0;0;0;0;1;0;0;0;0;0;0;Ukjent;Telemark;40;Kviteseid;4028;;;0;140855614;59,48184813;8,34811591;Fylkesveg;;7;;;;;Asfalt, oljegrus;Våt, bar veg;God sikt, nedbør;Dagslys;Vanlig kjørefelt;2;
onsdag 5. august 2009;18:12:00;Onsdag;Avsvinging til venstre foran kjørende i motsatt retning;2;Vanlig veg/gate;3-armet kryss (T-kryss, Y-kryss);Ikke tettsted;70;Riksveg;353;UID1000237506;Yrkesdøgn;Kryssende kjøreretning;Ulykke ved avsvinging fra motsatte kjøreretning;2009;0;0;0;1;0;0;1;0;0;0;0;0;0;0;Ukjent;Telemark;40;Skien;4003;;;0;220043244;59,17206441;9,566112424;Fylkesveg;;8;;;;;Asfalt, oljegrus;Tørr, bar veg;God sikt, opphold;Dagslys;Vanlig kjørefelt;2;
onsdag 5. mai 1999;18:30:00;Onsdag;Påkjøring av parkert kjøretøy på høyre side;2;Vanlig veg/gate;Vegstrekning utenfor kryss/avkjørsel;Tettsted;50;Kommunal veg;4640;UID1000203682;Yrkesdøgn;Andre ulykker;Andre ulykker(parkering o.l);1999;0;0;0;0;0;0;0;2;0;0;0;0;0;0;Ukjent;Telemark;40;Porsgrunn;4001;;;0;107141503;59,13883631;9,648205392;Fylkesveg;;5;;;;;Asfalt, oljegrus;Tørr, bar veg;God sikt, opphold;Dagslys;Vanlig kjørefelt;2;
onsdag 5. mars 2003;14:20:00;Onsdag;Venstresving foran kjørende i motsatt retning;2;Vanlig veg/gate;3-armet kryss (T-kryss, Y-kryss);Ikke tettsted;50;Riksveg;36;UID1000202177;Yrkesdøgn;Kryssende kjøreretning;Ulykke ved kryssende kjøreretning hvor kjøretøy foretar avsvingning;2003;0;1;0;0;0;0;0;1;0;0;0;0;0;0;Ukjent;Telemark;40;Porsgrunn;4001;;;0;107132638;59,13525887;9,670127928;Fylkesveg;;3;;;;;Asfalt, oljegrus;Snø / isbelagt veg;Dårlig sikt, nedbør;Dagslys;Vanlig kjørefelt;2;
onsdag 5. november 1997;21:00:00;Onsdag;Enslig kjøretøy kjørte utfor ved avsvinging i kryss o.l.;1;Vanlig veg/gate;3-armet kryss (T-kryss, Y-kryss);Ikke tettsted;90;Europaveg;18;UID1000204242;Yrkesdøgn;Utforkjøring;Enslig kjøretøy kjørte utfor vegen;1997;0;0;0;0;0;0;0;1;0;0;0;0;0;0;Ukjent;Telemark;40;Porsgrunn;4001;;;0;107144818;59,07443426;9,662473824;Fylkesveg;;11;;;;;Asfalt, oljegrus;Delvis snø / isbelagt veg;God sikt, nedbør;Mørkt med vegbelysning;Vanlig kjørefelt;3;
onsdag 5. september 2001;15:15:00;Onsdag;Påkjøring bakfra;2;Vanlig veg/gate;Vegstrekning utenfor kryss/avkjørsel;Tettsted;50;Riksveg;356;UID1000202655;Yrkesdøgn;Samme kjøreretning;Ulykke mellom kjøretøy med samme kjøreretning;2001;0;0;0;0;0;0;0;2;0;0;0;0;0;0;Ukjent;Telemark;40;Porsgrunn;4001;;;0;107135454;59,13848957;9,642865861;Fylkesveg;;9;;;;;Asfalt, oljegrus;Ukjent;Ukjent;Dagslys;Vanlig kjørefelt;2;
onsdag 6. november 2002;13:03:00;Onsdag;Påkjøring bakfra;2;Vanlig veg/gate;3-armet kryss (T-kryss, Y-kryss);Tettsted;50;Riksveg;36;UID1000202280;Yrkesdøgn;Samme kjøreretning;Ulykke mellom kjøretøy med samme kjøreretning;2002;0;0;0;1;0;0;0;1;0;0;0;0;0;0;Ukjent;Telemark;40;Porsgrunn;4001;;;0;107133295;59,13389841;9,675120027;Fylkesveg;;11;;;;;Asfalt, oljegrus;Våt, bar veg;God sikt, nedbør;Dagslys;Vanlig kjørefelt;2;
onsdag 7. august 1996;14:40:00;Onsdag;Påkjøring bakfra;2;Vanlig veg/gate;3-armet kryss (T-kryss, Y-kryss);Ikke tettsted;50;Europaveg;18;UID1000204795;Yrkesdøgn;Samme kjøreretning;Ulykke mellom kjøretøy med samme kjøreretning;1996;0;0;0;0;0;0;0;2;0;0;0;0;0;0;Ukjent;Telemark;40;Bamble;4012;;;0;107148137;59,04001099;9,675299783;Fylkesveg;;8;;;;;Asfalt, oljegrus;Tørr, bar veg;God sikt, opphold;Dagslys;Vanlig kjørefelt;2;
onsdag 7. august 2002;11:28:00;Onsdag;Kjørende fra fortau eller G/S-veg krysset kjørebanen på bortsiden av krysset;2;Vanlig veg/gate;3-armet kryss (T-kryss, Y-kryss);Ikke tettsted;50;Riksveg;36;UID1000202303;Yrkesdøgn;Kryssende kjøreretning;Ulykke ved kryssende kjøreretning uten avsvingning;2002;0;0;0;0;0;0;0;1;0;0;1;0;0;0;Ukjent;Telemark;40;Skien;4003;;;0;107133444;59,19546583;9,601277551;Fylkesveg;;8;;;;;Asfalt, oljegrus;Tørr, bar veg;God sikt, opphold;Dagslys;Vanlig kjørefelt;2;
onsdag 7. februar 1996;15:25:00;Onsdag;Møting under forbikjøring på rett vegstrekning;2;Vanlig veg/gate;Vegstrekning utenfor kryss/avkjørsel;Ikke tettsted;80;Riksveg;36;UID1000204995;Yrkesdøgn;Motsatt kjøreretning;Ulykke ved møting;1996;0;0;0;0;0;0;0;2;0;0;0;0;0;0;Ukjent;Telemark;40;Midt-Telemark;4020;;;0;107149252;59,35073861;9,200991183;Fylkesveg;;2;;;;;Asfalt, oljegrus;Delvis snø / isbelagt veg;God sikt, opphold;Dagslys;Vanlig kjørefelt;2;
onsdag 7. februar 2001;14:20:00;Onsdag;Høyresving foran kjørende i samme retning;2;Vanlig veg/gate;3-armet kryss (T-kryss, Y-kryss);Tettsted;50;Riksveg;36;UID1000202952;Yrkesdøgn;Kryssende kjøreretning;Ulykke ved kryssende kjøreretning hvor kjøretøy foretar avsvingning;2001;0;1;0;0;0;0;0;1;0;0;0;0;0;0;Ukjent;Telemark;40;Porsgrunn;4001;;;0;107137236;59,13410263;9,674615475;Fylkesveg;;2;;;;;Asfalt, oljegrus;Snø / isbelagt veg;God sikt, opphold;Dagslys;Vanlig kjørefelt;3;
onsdag 8. desember 1999;09:25:00;Onsdag;Enslig kjøretøy kjørte utfor på høyre side i høyrekurve;1;Vanlig veg/gate;Vegstrekning utenfor kryss/avkjørsel;Ikke tettsted;80;Fylkesveg;44;UID1000203411;Yrkesdøgn;Utforkjøring;Enslig kjøretøy kjørte utfor vegen;1999;0;0;0;0;0;0;0;1;0;0;0;0;0;0;Ukjent;Telemark;40;Skien;4003;;;0;107139984;59,32797006;9,338726376;Fylkesveg;;12;;;;;Asfalt, oljegrus;Delvis snø / isbelagt veg;God sikt, opphold;Dagslys;Vanlig kjørefelt;2;
onsdag 8. mars 2000;14:10:00;Onsdag;Ulykke med uklart forløp ved kryssende kj.retn hvor ett el. begge kj.tøy svinger av;2;Annet (plass m.m.);Avkjørsel;Ikke tettsted;50;Privat veg;98244;UID1000203318;Yrkesdøgn;Kryssende kjøreretning;Ulykke ved kryssende kjøreretning hvor kjøretøy foretar avsvingning;2000;0;0;0;0;0;0;0;2;0;0;0;0;0;0;Ukjent;Telemark;40;Porsgrunn;4001;;;0;107139425;59,06576102;9,677366543;Fylkesveg;;3;;;;;Grus;Våt, bar veg;God sikt, opphold;Dagslys;Vanlig kjørefelt;2;
onsdag 8. oktober 1997;12:10:00;Onsdag;Møting i kurve;2;Vanlig veg/gate;Vegstrekning utenfor kryss/avkjørsel;Ikke tettsted;50;Riksveg;36;UID1000204275;Yrkesdøgn;Motsatt kjøreretning;Ulykke ved møting;1997;0;0;0;0;0;0;0;2;0;0;0;0;0;0;Ukjent;Telemark;40;Midt-Telemark;4020;;;0;107145019;59,33106687;9,219946501;Fylkesveg;;10;;;;;Asfalt, oljegrus;Tørr, bar veg;God sikt, opphold;Dagslys;Vanlig kjørefelt;2;
onsdag 8. oktober 1997;15:10:00;Onsdag;Barn lekte i kjørebanen;2;Boliggate, boligveg;Vegstrekning utenfor kryss/avkjørsel;Tettsted;;Kommunal veg;2100;UID1000204286;Yrkesdøgn;Fotgjenger/akende;Fotgjenger langs vegen eller i kjørebanen;1997;0;0;1;0;0;0;0;1;0;0;0;0;0;0;Ukjent;Telemark;40;Tinn;4026;;;0;107145083;59,87969198;8,628128154;Fylkesveg;;10;;;;;Asfalt, oljegrus;Tørr, bar veg;God sikt, opphold;Dagslys;Vanlig kjørefelt;1;
onsdag 8. oktober 2008;11:52:00;Onsdag;Påkjøring bakfra;2;Vanlig veg/gate;Vegstrekning utenfor kryss/avkjørsel;Ikke tettsted;60;Europaveg;134;UID1000232494;Yrkesdøgn;Samme kjøreretning;Ulykke mellom kjøretøy med samme kjøreretning;2008;0;0;0;0;0;0;0;2;0;0;0;0;0;0;Ukjent;Telemark;40;Vinje;4036;;;0;198044225;59,56671906;8,00524405;Fylkesveg;;10;;;;;Asfalt, oljegrus;Våt, bar veg;God sikt, nedbør;Dagslys;Vanlig kjørefelt;2;
onsdag 9. august 2000;19:25:00;Onsdag;Ulykke med uklart forløp ved møting;2;Vanlig veg/gate;Vegstrekning utenfor kryss/avkjørsel;Ikke tettsted;;Kommunal veg;7340;UID1000203164;Yrkesdøgn;Motsatt kjøreretning;Ulykke ved møting;2000;0;0;0;0;0;0;2;0;0;0;0;0;0;0;Ukjent;Telemark;40;Bamble;4012;;;0;107138490;58,97298604;9,572195767;Fylkesveg;;8;;;;;Asfalt, oljegrus;Tørr, bar veg;God sikt, opphold;Dagslys;Fortau;;
onsdag 9. august 2000;17:07:00;Onsdag;Påkjøring bakfra;2;Motortrafikkveg;Tunnel (primært for motorkjøretøy);Ikke tettsted;90;Europaveg;18;UID1000203172;Yrkesdøgn;Samme kjøreretning;Ulykke mellom kjøretøy med samme kjøreretning;2000;0;0;0;0;0;0;0;2;0;0;0;0;0;0;Ukjent;Telemark;40;Porsgrunn;4001;;;0;107138546;59,06662049;9,665682066;Fylkesveg;;8;;;;;Asfalt, oljegrus;Tørr, bar veg;God sikt, opphold;Mørkt med vegbelysning;Vanlig kjørefelt;3;
onsdag 9. februar 2005;15:40:00;Onsdag;Påkjøring bakfra;2;Vanlig veg/gate;Vegstrekning utenfor kryss/avkjørsel;Ikke tettsted;60;Fylkesveg;59;UID1000200910;Yrkesdøgn;Samme kjøreretning;Ulykke mellom kjøretøy med samme kjøreretning;2005;0;0;0;0;0;0;0;2;0;0;0;0;0;0;Nei;Telemark;40;Skien;4003;;;0;107125122;59,18677352;9,61471838;Fylkesveg;;2;;;;;Asfalt, oljegrus;Våt, bar veg;God sikt, nedbør;Tussmørke, skumring;Vanlig kjørefelt;2;12176
onsdag 9. juni 2004;12:59:00;Onsdag;Påkjøring bakfra;2;Vanlig veg/gate;Vegstrekning utenfor kryss/avkjørsel;Tettsted;60;Fylkesveg;2;UID1000201402;Yrkesdøgn;Samme kjøreretning;Ulykke mellom kjøretøy med samme kjøreretning;2004;0;0;0;0;0;0;1;1;0;0;0;0;0;0;Ukjent;Telemark;40;Porsgrunn;4001;;;0;107128144;59,12462892;9,692859383;Fylkesveg;;6;;;;;Asfalt, oljegrus;Tørr, bar veg;God sikt, opphold;Dagslys;Vanlig kjørefelt;2;
onsdag 9. mai 2001;13:00:00;Onsdag;Påkjøring bakfra;2;Vanlig veg/gate;Vegstrekning utenfor kryss/avkjørsel;Ikke tettsted;70;Riksveg;354;UID1000202657;Yrkesdøgn;Samme kjøreretning;Ulykke mellom kjøretøy med samme kjøreretning;2001;0;0;0;0;0;0;0;2;0;0;0;0;0;0;Nei;Telemark;40;Porsgrunn;4001;;;0;107135467;59,10198438;9,670653719;Fylkesveg;;5;;;;;Asfalt, oljegrus;Tørr, bar veg;God sikt, opphold;Dagslys;Vanlig kjørefelt;3;11700
søndag 1. april 2001;18:50:00;Søndag;Påkjøring bakfra;2;Vanlig veg/gate;Vegstrekning utenfor kryss/avkjørsel;Tettsted;;Kommunal veg;3055;UID1000202916;Helgedøgn;Samme kjøreretning;Ulykke mellom kjøretøy med samme kjøreretning;2001;0;0;0;0;0;0;0;2;0;0;0;0;0;0;Ukjent;Telemark;40;Porsgrunn;4001;;;0;107137002;59,13449035;9,675290527;Fylkesveg;;4;;;;;Asfalt, oljegrus;Ukjent;Ukjent;Dagslys;Vanlig kjørefelt;2;
søndag 1. august 2010;15:39:00;Søndag;Hull i vegen o.l.;3;Vanlig veg/gate;Vegstrekning utenfor kryss/avkjørsel;Ikke tettsted;80;Riksveg;36;UID1000244920;Helgedøgn;Andre ulykker;Andre ulykker(parkering o.l);2010;0;0;0;0;0;1;0;0;0;0;0;0;0;2;Nei;Telemark;40;Seljord;4022;;;0;264592778;59,46311892;8,704713573;Fylkesveg;;8;;;;;Asfalt, oljegrus;Tørr, bar veg;God sikt, opphold;Dagslys;Vanlig kjørefelt;2;2250
søndag 1. november 1998;18:00:00;Søndag;Ulykke med dyr innblandet;1;Vanlig veg/gate;Vegstrekning utenfor kryss/avkjørsel;Ikke tettsted;80;Europaveg;18;UID1000203826;Helgedøgn;Andre ulykker;Andre ulykker(parkering o.l);1998;0;0;0;0;0;0;0;1;0;0;0;0;0;0;Ukjent;Telemark;40;Bamble;4012;;;0;107142369;59,03457111;9,676719403;Fylkesveg;;11;;;;;Asfalt, oljegrus;Tørr, bar veg;God sikt, opphold;Mørkt uten vegbelysning;Vanlig kjørefelt;2;
søndag 10. april 2005;13:05:00;Søndag;Påkjøring bakfra;2;Vanlig veg/gate;3-armet kryss (T-kryss, Y-kryss);Tettsted;50;Riksveg;36;UID1000201157;Helgedøgn;Samme kjøreretning;Ulykke mellom kjøretøy med samme kjøreretning;2005;0;0;0;0;0;0;0;2;0;0;0;0;0;0;Ukjent;Telemark;40;Porsgrunn;4001;;;0;107126583;59,13405292;9,674500647;Fylkesveg;;4;;;;;Asfalt, oljegrus;Tørr, bar veg;God sikt, opphold;Dagslys;Vanlig kjørefelt;3;
søndag 10. desember 2000;19:35:00;Søndag;Møting under forbikjøring på rett vegstrekning;2;Vanlig veg/gate;Vegstrekning utenfor kryss/avkjørsel;Ikke tettsted;80;Europaveg;18;UID1000202986;Helgedøgn;Motsatt kjøreretning;Ulykke ved møting;2000;0;0;0;0;0;0;0;2;0;0;0;0;0;0;Ukjent;Telemark;40;Bamble;4012;;;0;107137437;58,97325856;9,516884123;Fylkesveg;;12;;;;;Asfalt, oljegrus;Våt, bar veg;Dårlig sikt, nedbør;Mørkt uten vegbelysning;Vanlig kjørefelt;2;
søndag 10. juli 2022;14:45:00;Søndag;Kryssende kjøreretninger (uten avsvinging);2;Vanlig veg/gate;4 armet kryss (X-kryss);Ikke tettsted;60;Fylkesveg;3264;UID6337397222;Helgedøgn;Kryssende kjøreretning;Ulykke ved kryssende kjøreretning uten avsvingning;2022;0;0;0;0;0;0;0;2;0;0;0;0;0;0;Ukjent;Telemark;40;Porsgrunn;4001;;;0;1017706716;59,11719754;9,718424925;Fylkesveg;;7;;;;;Asfalt, oljegrus;Tørr, bar veg;God sikt, opphold;Dagslys;Vanlig kjørefelt;2;1500
søndag 10. mai 1998;18:25:00;Søndag;Påkjøring ved vending foran kjørende i samme retning;2;Rampe;Avkjørsel;Ikke tettsted;90;Europaveg;18;UID1000204091;Helgedøgn;Kryssende kjøreretning;Ulykke ved avsvinging fra samme kjøreretning;1998;0;0;0;0;0;0;0;2;0;0;0;0;0;0;Ukjent;Telemark;40;Porsgrunn;4001;;;0;107143869;59,07724815;9,664150906;Fylkesveg;;5;;;;;Asfalt, oljegrus;Tørr, bar veg;God sikt, opphold;Dagslys;Vanlig kjørefelt;4;
søndag 10. mai 2015;17:00:00;Søndag;Enslig kjøretøy kjørte utfor på høyre side på rett vegstrekning;1;Vanlig veg/gate;Vegstrekning utenfor kryss/avkjørsel;Ikke tettsted;70;Fylkesveg;353;UID1000272382;Helgedøgn;Utforkjøring;Enslig kjøretøy kjørte utfor vegen;2015;0;0;0;0;0;0;0;1;0;0;0;0;0;0;Nei;Telemark;40;Bamble;4012;;;0;600014895;59,05426136;9,632542826;Fylkesveg;;5;;;;;Asfalt, oljegrus;Tørr, bar veg;God sikt, opphold;Dagslys;Vanlig kjørefelt;2;3700
søndag 11. desember 1994;15:03:00;Søndag;Enslig kjøretøy kjørte på trafikkøy eller ende av midtdeler;1;Ukjent;Vegstrekning utenfor kryss/avkjørsel;Ikke tettsted;50;Europaveg;18;UID1000205471;Helgedøgn;Utforkjøring;Enslig kjøretøy kjørte utfor vegen;1994;0;0;0;0;0;0;0;1;0;0;0;0;0;0;Ukjent;Telemark;40;Porsgrunn;4001;;;0;107152272;59,10197905;9,76845573;Fylkesveg;;12;;;;;Ukjent;Delvis snø / isbelagt veg;God sikt, opphold;Dagslys;Ukjent;;
søndag 11. juli 1999;20:27:00;Søndag;Avsvinging til venstre foran kjørende i motsatt retning;2;Vanlig veg/gate;3-armet kryss (T-kryss, Y-kryss);Ikke tettsted;60;Riksveg;36;UID1000203602;Helgedøgn;Kryssende kjøreretning;Ulykke ved avsvinging fra motsatte kjøreretning;1999;0;1;0;0;0;1;0;0;0;0;0;0;0;0;Ukjent;Telemark;40;Porsgrunn;4001;;;0;107141046;59,12260915;9,707490412;Fylkesveg;;7;;;;;Asfalt, oljegrus;Tørr, bar veg;God sikt, opphold;Dagslys;Svingefelt venstre / høyre;3;
søndag 11. juli 2004;15:08:00;Søndag;Påkjøring bakfra;2;Motortrafikkveg;Vegstrekning utenfor kryss/avkjørsel;Ikke tettsted;70;Europaveg;18;UID1000201510;Helgedøgn;Samme kjøreretning;Ulykke mellom kjøretøy med samme kjøreretning;2004;0;0;0;0;0;0;0;2;0;0;0;0;0;0;Nei;Telemark;40;Porsgrunn;4001;;;0;107128793;59,09579813;9,7818515;Fylkesveg;;7;;;;;Asfalt, oljegrus;Tørr, bar veg;God sikt, opphold;Dagslys;Vanlig kjørefelt;2;13500
søndag 11. mars 2012;11:15:00;Søndag;Fotgjenger krysset kjørebanen på hitsiden av krysset;2;Vanlig veg/gate;3-armet kryss (T-kryss, Y-kryss);Tettsted;50;Kommunal veg;4360;UID1000253972;Helgedøgn;Fotgjenger/akende;Fotgjenger krysset kjørebanen;2012;0;0;1;0;0;0;0;1;0;0;0;0;0;0;Nei;Telemark;40;Porsgrunn;4001;;;0;323658298;59,13828856;9,644315838;Fylkesveg;;3;;;;;Asfalt, oljegrus;Tørr, bar veg;God sikt, opphold;Ukjent;Vanlig kjørefelt;2;
søndag 12. januar 2014;16:16:00;Søndag;Møting i kurve;3;Vanlig veg/gate;Vegstrekning utenfor kryss/avkjørsel;Ikke tettsted;70;Riksveg;36;UID1000265549;Helgedøgn;Motsatt kjøreretning;Ulykke ved møting;2014;0;0;0;0;0;0;0;3;0;0;0;0;0;0;Ukjent;Telemark;40;Nome;4018;;;0;486181748;59,31752288;9,241325615;Fylkesveg;;1;;;;;Asfalt, oljegrus;Våt, bar veg;God sikt, opphold;Dagslys;Vanlig kjørefelt;2;
søndag 12. november 2000;21:55:00;Søndag;Møting i kurve;2;Motortrafikkveg;Tunnel (primært for motorkjøretøy);Ikke tettsted;90;Europaveg;18;UID1000203047;Helgedøgn;Motsatt kjøreretning;Ulykke ved møting;2000;0;0;0;0;0;0;0;2;0;0;0;0;0;0;Ukjent;Telemark;40;Porsgrunn;4001;;;0;107137816;59,06046728;9,672719152;Fylkesveg;;11;;;;;Asfalt, oljegrus;Våt, bar veg;God sikt, nedbør;Mørkt med vegbelysning;Vanlig kjørefelt;3;
søndag 12. september 1993;07:15:00;Søndag;Enslig kjøretøy kjørte utfor på venstre side i venstrekurve;1;Ukjent;Vegstrekning utenfor kryss/avkjørsel;Ikke tettsted;80;Riksveg;36;UID1000205944;Helgedøgn;Utforkjøring;Enslig kjøretøy kjørte utfor vegen;1993;0;0;0;0;0;0;0;0;0;0;0;0;0;1;Ukjent;Telemark;40;Nome;4018;;;0;107155178;59,32183451;9,236648685;Fylkesveg;;9;;;;;Ukjent;Tørr, bar veg;God sikt, opphold;Dagslys;Ukjent;;
søndag 13. juni 2010;16:49:00;Søndag;Enslig kjøretøy kjørte utfor på høyre side i venstrekurve;1;Vanlig veg/gate;3-armet kryss (T-kryss, Y-kryss);Ikke tettsted;70;Riksveg;36;UID1000245273;Helgedøgn;Utforkjøring;Enslig kjøretøy kjørte utfor vegen;2010;0;0;0;0;0;1;0;0;0;0;0;0;0;0;Ukjent;Telemark;40;Skien;4003;;;0;266161456;59,18067831;9,570650727;Fylkesveg;;6;;;;;Asfalt, oljegrus;Tørr, bar veg;God sikt, opphold;Dagslys;Vanlig kjørefelt;3;
søndag 13. mai 2001;05:00:00;Søndag;Enslig kjøretøy kjørte utfor på venstre side i venstrekurve;1;Vanlig veg/gate;Vegstrekning utenfor kryss/avkjørsel;Ikke tettsted;60;Kommunal veg;3013;UID1000202843;Helgedøgn;Utforkjøring;Enslig kjøretøy kjørte utfor vegen;2001;0;0;0;0;0;0;0;1;0;0;0;0;0;0;Ukjent;Telemark;40;Notodden;4005;;;0;107136510;59,5652364;9,301293064;Fylkesveg;;5;;;;;Asfalt, oljegrus;Tørr, bar veg;God sikt, opphold;Dagslys;Vanlig kjørefelt;2;
søndag 14. juli 2019;16:10:00;Søndag;Ulykke med uklart forløp hvor enslig kjøretøy kjørte utfor vegen;1;Skogsveg;Annet (P-plass, torv, o. l.);Ikke tettsted;80;Skogsbilveg;422;UID1000291044;Helgedøgn;Utforkjøring;Enslig kjøretøy kjørte utfor vegen;2019;1;0;0;0;0;0;0;0;0;0;0;0;0;0;Nei;Telemark;40;Nissedal;4030;;;0;962046712;59,12337393;8,517529446;Fylkesveg;;7;;;;;Grus;Tørr, bar veg;God sikt, opphold;Dagslys;Annet;2;
søndag 14. mars 1999;17:10:00;Søndag;Påkjøring bakfra;2;Motortrafikkveg;Bomstasjon;Ikke tettsted;50;Europaveg;18;UID1000203723;Helgedøgn;Samme kjøreretning;Ulykke mellom kjøretøy med samme kjøreretning;1999;0;0;0;0;0;0;0;1;0;0;0;0;0;1;Ukjent;Telemark;40;Porsgrunn;4001;;;0;107141761;59,10219279;9,768178197;Fylkesveg;;3;;;;;Asfalt, oljegrus;Ukjent;Ukjent;;Vanlig kjørefelt;;
søndag 15. februar 2009;17:51:00;Søndag;Møting i kurve;2;Vanlig veg/gate;Vegstrekning utenfor kryss/avkjørsel;Tettsted;70;Riksveg;36;UID1000234338;Helgedøgn;Motsatt kjøreretning;Ulykke ved møting;2009;0;0;0;0;0;0;0;2;0;0;0;0;0;0;Ukjent;Telemark;40;Nome;4018;;;0;209024420;59,32039631;9,237914433;Fylkesveg;;2;;;;;Asfalt, oljegrus;Snø / isbelagt veg;God sikt, nedbør;Mørkt uten vegbelysning;Vanlig kjørefelt;2;
søndag 15. juni 1997;06:12:00;Søndag;Enslig kjøretøy kjørte utfor på venstre side i høyrekurve;1;Vanlig veg/gate;Vegstrekning utenfor kryss/avkjørsel;Tettsted;30;Fylkesveg;43;UID1000204424;Helgedøgn;Utforkjøring;Enslig kjøretøy kjørte utfor vegen;1997;0;0;0;0;0;1;0;0;0;0;0;0;0;0;Ukjent;Telemark;40;Skien;4003;;;0;107145891;59,20771717;9,580210179;Fylkesveg;;6;;;;;Asfalt, oljegrus;Tørr, bar veg;God sikt, opphold;Dagslys;Vanlig kjørefelt;2;
søndag 15. juni 2003;16:01:00;Søndag;Kjøring i parallelle kjørefelter forøvrig;2;Vanlig veg/gate;Vegstrekning utenfor kryss/avkjørsel;Tettsted;50;Riksveg;356;UID1000202033;Helgedøgn;Samme kjøreretning;Ulykke mellom kjøretøy med samme kjøreretning;2003;0;0;0;0;0;0;1;1;0;0;0;0;0;0;Ukjent;Telemark;40;Porsgrunn;4001;;;0;107131824;59,13739533;9,642301766;Fylkesveg;;6;;;;;Asfalt, oljegrus;Ukjent;God sikt, opphold;Dagslys;Vanlig kjørefelt;3;
søndag 15. november 1998;18:10:00;Søndag;Ulykke med dyr innblandet;1;Vanlig veg/gate;Vegstrekning utenfor kryss/avkjørsel;Ikke tettsted;80;Riksveg;36;UID1000203758;Helgedøgn;Andre ulykker;Andre ulykker(parkering o.l);1998;0;0;0;0;0;0;0;1;0;0;0;0;0;0;Ukjent;Telemark;40;Midt-Telemark;4020;;;0;107141977;59,34851896;9,204913995;Fylkesveg;;11;;;;;Asfalt, oljegrus;Tørr, bar veg;God sikt, opphold;Mørkt uten vegbelysning;Vanlig kjørefelt;2;
søndag 15. oktober 2006;22:45:00;Søndag;Venstresving foran kjørende i motsatt retning;2;Vanlig veg/gate;3-armet kryss (T-kryss, Y-kryss);Ikke tettsted;70;Riksveg;36;UID1000216405;Helgedøgn;Kryssende kjøreretning;Ulykke ved kryssende kjøreretning hvor kjøretøy foretar avsvingning;2006;0;0;0;0;0;0;0;2;0;0;0;0;0;0;Ukjent;Telemark;40;Skien;4003;;;0;119374126;59,18062668;9,570062748;Fylkesveg;;10;;;;;Asfalt, oljegrus;Våt, bar veg;God sikt, nedbør;Mørkt med vegbelysning;Vanlig kjørefelt;2;
søndag 16. september 2001;04:00:00;Søndag;Fotgjenger krysset kjørebanen forøvrig;2;Vanlig veg/gate;Vegstrekning utenfor kryss/avkjørsel;Ikke tettsted;;Kommunal veg;4640;UID1000202554;Helgedøgn;Fotgjenger/akende;Fotgjenger krysset kjørebanen;2001;0;0;1;0;0;0;0;1;0;0;0;0;0;0;Ukjent;Telemark;40;Porsgrunn;4001;;;0;107134893;59,13881762;9,647752994;Fylkesveg;;9;;;;;Asfalt, oljegrus;Våt, bar veg;God sikt, nedbør;Mørkt med vegbelysning;Vanlig kjørefelt;2;
søndag 17. desember 2000;15:11:00;Søndag;Fotgjenger påkjørt på fortau;3;Vanlig veg/gate;3-armet kryss (T-kryss, Y-kryss);Ikke tettsted;50;Kommunal veg;4640;UID1000203007;Helgedøgn;Fotgjenger/akende;Fotgjenger langs vegen eller i kjørebanen;2000;0;0;1;0;0;0;0;2;0;0;0;0;0;0;Ukjent;Telemark;40;Porsgrunn;4001;;;0;107137579;59,13855423;9,645517611;Fylkesveg;;12;;;;;Asfalt, oljegrus;Tørr, bar veg;God sikt, opphold;Dagslys;Vanlig kjørefelt;2;
søndag 17. februar 2002;13:10:00;Søndag;Enslig kjøretøy kjørte utfor på høyre side i venstrekurve;1;Vanlig veg/gate;3-armet kryss (T-kryss, Y-kryss);Ikke tettsted;50;Riksveg;356;UID1000202552;Helgedøgn;Utforkjøring;Enslig kjøretøy kjørte utfor vegen;2002;0;0;0;0;0;0;0;1;0;0;0;0;0;0;Ukjent;Telemark;40;Porsgrunn;4001;;;0;107134884;59,13640862;9,642596425;Fylkesveg;;2;;;;;Asfalt, oljegrus;Tørr, bar veg;God sikt, opphold;Dagslys;Vanlig kjørefelt;4;
søndag 17. juli 2005;08:20:00;Søndag;Enslig kjøretøy kjørte utfor på høyre side i venstrekurve;1;Vanlig veg/gate;Vegstrekning utenfor kryss/avkjørsel;Ikke tettsted;80;Riksveg;37;UID1000201006;Helgedøgn;Utforkjøring;Enslig kjøretøy kjørte utfor vegen;2005;0;0;0;0;0;0;0;1;0;0;0;0;0;0;Ukjent;Telemark;40;Notodden;4005;;;0;107125682;59,69373982;9,084586115;Fylkesveg;;7;;;;;Asfalt, oljegrus;Tørr, bar veg;God sikt, opphold;Dagslys;Vanlig kjørefelt;2;
søndag 18. juli 1999;18:05:00;Søndag;Avsvinging til venstre foran kjørende i motsatt retning;2;Vanlig veg/gate;3-armet kryss (T-kryss, Y-kryss);Ikke tettsted;60;Riksveg;36;UID1000203601;Helgedøgn;Kryssende kjøreretning;Ulykke ved avsvinging fra motsatte kjøreretning;1999;0;0;0;0;0;0;0;2;0;0;0;0;0;0;Ukjent;Telemark;40;Porsgrunn;4001;;;0;107141037;59,12260915;9,707490412;Fylkesveg;;7;;;;;Asfalt, oljegrus;Tørr, bar veg;God sikt, opphold;Dagslys;Vanlig kjørefelt;3;
søndag 18. juni 2006;03:30:00;Søndag;Enslig kjøretøy kjørte utfor på høyre side i venstrekurve;1;Vanlig veg/gate;Rundkjøring;Tettsted;60;Fylkesveg;59;UID1000214127;Helgedøgn;Utforkjøring;Enslig kjøretøy kjørte utfor vegen;2006;0;0;0;0;0;1;0;0;0;0;0;0;0;0;Nei;Telemark;40;Skien;4003;;;0;114369550;59,18515444;9,616253997;Fylkesveg;;6;;;;;Asfalt, oljegrus;Tørr, bar veg;God sikt, opphold;Tussmørke, skumring;Vanlig kjørefelt;2;12176
søndag 18. mai 2008;17:10:00;Søndag;Enslig kjøretøy kjørte utfor på venstre side i venstrekurve;1;Vanlig veg/gate;Vegstrekning utenfor kryss/avkjørsel;Ikke tettsted;70;Europaveg;18;UID1000228388;Helgedøgn;Utforkjøring;Enslig kjøretøy kjørte utfor vegen;2008;0;0;0;0;0;0;0;1;0;0;0;0;0;0;Ukjent;Telemark;40;Bamble;4012;;;0;163849747;58,97365538;9,518598766;Fylkesveg;;5;;;;;Asfalt, oljegrus;Våt, bar veg;God sikt, nedbør;Dagslys;Vanlig kjørefelt;2;
søndag 19. august 2012;18:40:00;Søndag;Fotgjenger stod stille eller oppholdt seg forøvrig i kjørebanen;2;Annet (plass m.m.);Annet (P-plass, torv, o. l.);Tettsted;50;Privat veg;94917;UID1000256761;Helgedøgn;Fotgjenger/akende;Fotgjenger langs vegen eller i kjørebanen;2012;0;0;1;0;0;0;0;1;0;0;0;0;0;0;Ukjent;Telemark;40;Skien;4003;;;0;356360768;59,18395369;9,516553965;Fylkesveg;;8;;;;;Grus;Tørr, bar veg;God sikt, opphold;Dagslys;;2;
søndag 2. januar 2000;06:00:00;Søndag;Enslig kjøretøy kjørte utfor på høyre side i venstrekurve;1;Motortrafikkveg;Tunnel (primært for motorkjøretøy);Ikke tettsted;80;Europaveg;18;UID1000203369;Helgedøgn;Utforkjøring;Enslig kjøretøy kjørte utfor vegen;2000;0;0;0;0;0;0;0;1;0;0;0;0;0;0;Ukjent;Telemark;40;Porsgrunn;4001;;;0;107139757;59,06658366;9,665880022;Fylkesveg;;1;;;;;Asfalt, oljegrus;Tørr, bar veg;God sikt, opphold;Mørkt med vegbelysning;Vanlig kjørefelt;3;
søndag 2. september 2012;14:09:00;Søndag;Påkjøring bakfra;2;Vanlig veg/gate;4 armet kryss (X-kryss);Tettsted;40;Fylkesveg;32;UID1000256780;Helgedøgn;Samme kjøreretning;Ulykke mellom kjøretøy med samme kjøreretning;2012;0;0;0;0;0;0;1;1;0;0;0;0;0;0;Ukjent;Telemark;40;Porsgrunn;4001;;;0;357121185;59,13855742;9,662381393;Fylkesveg;;9;;;;;Asfalt, oljegrus;Tørr, bar veg;God sikt, opphold;Dagslys;Vanlig kjørefelt;2;
søndag 2. september 2018;19:52:00;Søndag;Påkjøring bakfra;2;Motortrafikkveg;Bru;Tettsted;80;Europaveg;18;UID1000287933;Helgedøgn;Samme kjøreretning;Ulykke mellom kjøretøy med samme kjøreretning;2018;0;0;0;0;0;0;0;2;0;0;0;0;0;0;Ukjent;Telemark;40;Porsgrunn;4001;;;0;905934146;59,05320366;9,675523762;Fylkesveg;;9;;;;;Asfalt, oljegrus;Tørr, bar veg;God sikt, opphold;Dagslys;Vanlig kjørefelt;2;
søndag 20. april 1986;03:48:00;Søndag;Ulykke med uklart forløp hvor enslig kjøretøy kjørte utfor vegen;1;Ukjent;Vegstrekning utenfor kryss/avkjørsel;Ikke tettsted;50;Europaveg;18;UID1000209413;Helgedøgn;Utforkjøring;Enslig kjøretøy kjørte utfor vegen;1986;0;0;0;0;0;0;0;1;0;0;0;0;0;0;Ukjent;Telemark;40;Porsgrunn;4001;;;0;107174975;59,10237446;9,768220417;Fylkesveg;;4;;;;;Ukjent;Tørr, bar veg;God sikt, opphold;Mørkt uten vegbelysning;Ukjent;;
søndag 20. april 2003;03:30:00;Søndag;Ulykke med uklart forløp hvor fotgjenger gikk langs eller oppholdt seg i kj.banen;2;Annet (plass m.m.);Annet (P-plass, torv, o. l.);Tettsted;50;Privat veg;98607;UID1000202113;Helgedøgn;Fotgjenger/akende;Fotgjenger langs vegen eller i kjørebanen;2003;0;0;1;0;0;0;0;1;0;0;0;0;0;0;Ukjent;Telemark;40;Porsgrunn;4001;;;0;107132299;59,13863263;9,65089914;Fylkesveg;;4;;;;;Asfalt, oljegrus;Ukjent;Ukjent;;Annet;2;
søndag 20. april 2014;15:11:00;Søndag;Enslig kjøretøy kjørte utfor på høyre side i høyrekurve;1;Vanlig veg/gate;Vegstrekning utenfor kryss/avkjørsel;Ikke tettsted;80;Fylkesveg;353;UID1000266715;Helgedøgn;Utforkjøring;Enslig kjøretøy kjørte utfor vegen;2014;0;0;0;0;0;0;0;1;0;0;0;0;0;0;Nei;Telemark;40;Bamble;4012;;;0;499338801;59,051346;9,637540467;Fylkesveg;;4;;;;;Asfalt, oljegrus;Tørr, bar veg;God sikt, opphold;Dagslys;Vanlig kjørefelt;2;3700
søndag 20. juli 2025;13:35:00;Søndag;Fotgjenger krysset kjørebanen forøvrig;2;Annet (plass m.m.);Annet (P-plass, torv, o. l.);Ikke tettsted;;Fylkesveg;99999;UID3466082389;Helgedøgn;Fotgjenger/akende;Fotgjenger krysset kjørebanen;2025;0;0;1;0;0;0;0;1;0;0;0;0;0;0;Nei;Telemark;40;Vinje;4036;FF99999 S1D1 m0;Fylkesveg;99999;1027204615;59,73692235;7,564566935;Fylkesveg;;7;;;;;Asfalt, oljegrus;Tørr, bar veg;God sikt, opphold;Dagslys;Annet;2;
søndag 20. mai 2007;14:40:00;Søndag;Enslig kjøretøy kjørte utfor på høyre side på rett vegstrekning;1;Vanlig veg/gate;Vegstrekning utenfor kryss/avkjørsel;Ikke tettsted;80;Europaveg;18;UID1000220991;Helgedøgn;Utforkjøring;Enslig kjøretøy kjørte utfor vegen;2007;0;0;0;0;0;0;0;1;0;0;0;0;0;0;Nei;Telemark;40;Porsgrunn;4001;;;0;137448584;59,09684385;9,778998898;Fylkesveg;;5;;;;;Asfalt, oljegrus;Tørr, bar veg;God sikt, opphold;Dagslys;Vanlig kjørefelt;2;14062
søndag 21. april 1996;07:10:00;Søndag;Enslig kjøretøy kjørte utfor på høyre side i venstrekurve;1;Vanlig veg/gate;Vegstrekning utenfor kryss/avkjørsel;Ikke tettsted;60;Riksveg;353;UID1000204955;Helgedøgn;Utforkjøring;Enslig kjøretøy kjørte utfor vegen;1996;0;0;0;0;0;0;0;1;0;0;0;0;0;0;Ukjent;Telemark;40;Bamble;4012;;;0;107149040;59,04647074;9,64780327;Fylkesveg;;4;;;;;Asfalt, oljegrus;Tørr, bar veg;God sikt, opphold;Dagslys;Vanlig kjørefelt;2;
søndag 22. august 2010;11:30:00;Søndag;Enslig kjøretøy kjørte utfor på høyre side på rett vegstrekning;1;Vanlig veg/gate;Vegstrekning utenfor kryss/avkjørsel;Tettsted;50;Kommunal veg;3960;UID1000244575;Helgedøgn;Utforkjøring;Enslig kjøretøy kjørte utfor vegen;2010;0;0;0;0;0;0;0;1;0;0;0;0;0;0;Ukjent;Telemark;40;Porsgrunn;4001;;;0;262453849;59,11014007;9,702506588;Fylkesveg;;8;;;;;Asfalt, oljegrus;Tørr, bar veg;God sikt, opphold;Dagslys;Vanlig kjørefelt;2;
søndag 22. juni 2008;04:23:00;Søndag;Enslig kjøretøy kjørte utfor på venstre side i høyrekurve;1;Vanlig veg/gate;Vegstrekning utenfor kryss/avkjørsel;Ikke tettsted;80;Europaveg;134;UID1000230011;Helgedøgn;Utforkjøring;Enslig kjøretøy kjørte utfor vegen;2008;0;0;0;0;0;0;0;1;0;0;0;0;0;0;Ukjent;Telemark;40;Kviteseid;4028;;;0;177226434;59,48768978;8,33303847;Fylkesveg;;6;;;;;Asfalt, oljegrus;Tørr, bar veg;God sikt, opphold;Tussmørke, skumring;Vanlig kjørefelt;2;
søndag 22. mai 2011;14:57:00;Søndag;Enslig kjøretøy kjørte på trafikkøy eller ende av midtdeler;1;Vanlig veg/gate;Vegstrekning utenfor kryss/avkjørsel;Tettsted;80;Riksveg;36;UID1000249143;Helgedøgn;Utforkjøring;Enslig kjøretøy kjørte utfor vegen;2011;0;0;0;0;0;1;0;0;0;0;0;0;0;0;Ukjent;Telemark;40;Seljord;4022;;;0;284370196;59,45113841;8,734720286;Fylkesveg;;5;;;;;Asfalt, oljegrus;Våt, bar veg;God sikt, nedbør;Dagslys;Vanlig kjørefelt;2;
søndag 22. mars 2015;21:23:00;Søndag;Kryssende kjøreretninger (uten avsvinging);2;Vanlig veg/gate;3-armet kryss (T-kryss, Y-kryss);Tettsted;70;Riksveg;36;UID1000271826;Helgedøgn;Kryssende kjøreretning;Ulykke ved kryssende kjøreretning uten avsvingning;2015;0;0;0;0;0;0;0;2;0;0;0;0;0;0;Nei;Telemark;40;Porsgrunn;4001;;;0;591340786;59,10207916;9,670551505;Fylkesveg;;3;;;;;Asfalt, oljegrus;Våt, bar veg;God sikt, opphold;Mørkt med vegbelysning;Vanlig kjørefelt;3;14250
søndag 23. april 2000;09:15:00;Søndag;Enslig kjøretøy kjørte utfor på høyre side i venstrekurve;1;Vanlig veg/gate;Vegstrekning utenfor kryss/avkjørsel;Ikke tettsted;80;Kommunal veg;1021;UID1000203274;Helgedøgn;Utforkjøring;Enslig kjøretøy kjørte utfor vegen;2000;0;0;0;0;0;0;0;1;0;0;0;0;0;0;Ukjent;Telemark;40;Siljan;4010;;;0;107139161;59,28586163;9,720054556;Fylkesveg;;4;;;;;Asfalt, oljegrus;Våt, bar veg;God sikt, opphold;Dagslys;Vanlig kjørefelt;2;
søndag 23. august 2015;16:20:00;Søndag;Kryssende kjøreretninger (uten avsvinging);2;Vanlig veg/gate;4 armet kryss (X-kryss);Tettsted;50;Fylkesveg;32;UID1000273754;Helgedøgn;Kryssende kjøreretning;Ulykke ved kryssende kjøreretning uten avsvingning;2015;0;0;0;0;0;0;1;1;0;0;0;0;0;0;Ukjent;Telemark;40;Porsgrunn;4001;;;0;627653665;59,14229597;9,65833005;Fylkesveg;;8;;;;;Asfalt, oljegrus;Tørr, bar veg;God sikt, opphold;Dagslys;Vanlig kjørefelt;3;
søndag 23. desember 2007;15:47:00;Søndag;Møting i kurve;2;Vanlig veg/gate;Vegstrekning utenfor kryss/avkjørsel;Ikke tettsted;80;Europaveg;134;UID1000225950;Helgedøgn;Motsatt kjøreretning;Ulykke ved møting;2007;0;0;0;0;0;0;0;2;0;0;0;0;0;0;Ukjent;Telemark;40;Vinje;4036;;;0;154769578;59,72988285;7,622835717;Fylkesveg;;12;;;;;Asfalt, oljegrus;Snø / isbelagt veg;God sikt, opphold;Mørkt uten vegbelysning;Vanlig kjørefelt;2;
søndag 23. desember 2012;18:59:00;Søndag;Møting i kurve;2;Vanlig veg/gate;Vegstrekning utenfor kryss/avkjørsel;Tettsted;80;Europaveg;134;UID1000258936;Helgedøgn;Motsatt kjøreretning;Ulykke ved møting;2012;0;0;0;0;0;0;0;2;0;0;0;0;0;0;Ukjent;Telemark;40;Tokke;4034;;;0;370822335;59,48948614;8,238432215;Fylkesveg;;12;;;;;Asfalt, oljegrus;Snø / isbelagt veg;Dårlig sikt, nedbør;Mørkt uten vegbelysning;Vanlig kjørefelt;2;
søndag 23. september 2007;02:20:00;Søndag;Fotgjenger krysset kjørebanen forøvrig;2;Annet (plass m.m.);Annet (P-plass, torv, o. l.);Tettsted;;Privat veg;99536;UID1000224303;Helgedøgn;Fotgjenger/akende;Fotgjenger krysset kjørebanen;2007;0;0;1;0;0;0;0;1;0;0;0;0;0;0;Ukjent;Telemark;40;Porsgrunn;4001;;;0;147137688;59,14010762;9,657200785;Fylkesveg;;9;;;;;Asfalt, oljegrus;;;Mørkt med vegbelysning;Annet;;
søndag 24. juni 2007;17:07:00;Søndag;Påkjøring bakfra;2;Vanlig veg/gate;Vegstrekning utenfor kryss/avkjørsel;Ikke tettsted;50;Riksveg;354;UID1000221733;Helgedøgn;Samme kjøreretning;Ulykke mellom kjøretøy med samme kjøreretning;2007;0;0;0;0;0;0;1;1;0;0;0;0;0;0;Ukjent;Telemark;40;Bamble;4012;;;0;140852300;59,03757847;9,675450013;Fylkesveg;;6;;;;;Asfalt, oljegrus;Tørr, bar veg;God sikt, opphold;Dagslys;Vanlig kjørefelt;2;
søndag 25. februar 2001;05:45:00;Søndag;Enslig kjøretøy kjørte utfor på venstre side i venstrekurve;1;Vanlig veg/gate;Vegstrekning utenfor kryss/avkjørsel;Ikke tettsted;80;Fylkesveg;30;UID1000202945;Helgedøgn;Utforkjøring;Enslig kjøretøy kjørte utfor vegen;2001;0;0;0;0;0;0;0;1;0;0;0;0;0;0;Nei;Telemark;40;Porsgrunn;4001;;;0;107137194;59,10659964;9,759667508;Fylkesveg;;2;;;;;Asfalt, oljegrus;Snø / isbelagt veg;God sikt, opphold;Mørkt uten vegbelysning;Vanlig kjørefelt;2;1800
søndag 25. september 2005;14:47:00;Søndag;Enslig kjøretøy kjørte utfor på høyre side i venstrekurve;1;Vanlig veg/gate;Vegstrekning utenfor kryss/avkjørsel;Ikke tettsted;60;Europaveg;134;UID1000200958;Helgedøgn;Utforkjøring;Enslig kjøretøy kjørte utfor vegen;2005;0;0;0;0;0;0;0;1;0;0;0;0;0;0;Ukjent;Telemark;40;Hjartdal;4024;;;0;107125417;59,60530888;8,721094217;Fylkesveg;;9;;;;;Asfalt, oljegrus;Tørr, bar veg;God sikt, opphold;Dagslys;Vanlig kjørefelt;2;
søndag 25. september 2016;20:30:00;Søndag;Påkjøring av gjenstand i kjørebanen;1;Annet (plass m.m.);Annet (P-plass, torv, o. l.);Tettsted;30;Privat veg;94854;UID1000279515;Helgedøgn;Andre ulykker;Andre ulykker(parkering o.l);2016;0;0;0;0;1;0;0;0;0;0;0;0;0;0;Ukjent;Telemark;40;Skien;4003;;;0;745235907;59,17401576;9,628458514;Fylkesveg;;9;;;;;Asfalt, oljegrus;Tørr, bar veg;God sikt, opphold;Mørkt uten vegbelysning;Annet;2;
søndag 26. april 1998;14:00:00;Søndag;Avsvinging til venstre foran kjørende i motsatt retning;2;Vanlig veg/gate;Annet (P-plass, torv, o. l.);Ikke tettsted;70;Riksveg;36;UID1000204079;Helgedøgn;Kryssende kjøreretning;Ulykke ved avsvinging fra motsatte kjøreretning;1998;0;0;0;0;0;1;0;1;0;0;0;0;0;0;Ukjent;Telemark;40;Midt-Telemark;4020;;;0;107143815;59,36705424;9,179308762;Fylkesveg;;4;;;;;Asfalt, oljegrus;Tørr, bar veg;God sikt, opphold;Dagslys;Vanlig kjørefelt;2;
søndag 26. oktober 2008;20:50:00;Søndag;Enslig kjøretøy kjørte utfor på venstre side i høyrekurve;1;Vanlig veg/gate;Vegstrekning utenfor kryss/avkjørsel;Ikke tettsted;80;Europaveg;134;UID1000232497;Helgedøgn;Utforkjøring;Enslig kjøretøy kjørte utfor vegen;2008;0;0;0;0;0;0;0;1;0;0;0;0;0;0;Ukjent;Telemark;40;Tokke;4034;;;0;198044369;59,48964704;8,290469373;Fylkesveg;;10;;;;;Asfalt, oljegrus;Våt, bar veg;God sikt, nedbør;Mørkt uten vegbelysning;Vanlig kjørefelt;2;
søndag 26. september 1999;02:58:00;Søndag;Påkjøring av parkert kjøretøy på høyre side;3;Vanlig veg/gate;Vegstrekning utenfor kryss/avkjørsel;Tettsted;50;Kommunal veg;1350;UID1000203407;Helgedøgn;Andre ulykker;Andre ulykker(parkering o.l);1999;0;0;0;0;0;0;1;2;0;0;0;0;0;0;Ukjent;Telemark;40;Tinn;4026;;;0;107139953;59,87869344;8,605008154;Fylkesveg;;9;;;;;Asfalt, oljegrus;Tørr, bar veg;God sikt, opphold;Mørkt med vegbelysning;Vanlig kjørefelt;2;
søndag 27. april 1997;17:25:00;Søndag;Enslig kjøretøy kjørte utfor på venstre side i høyrekurve;1;Vanlig veg/gate;Vegstrekning utenfor kryss/avkjørsel;Ikke tettsted;80;Riksveg;11;UID1000204513;Helgedøgn;Utforkjøring;Enslig kjøretøy kjørte utfor vegen;1997;0;0;0;0;0;0;0;1;0;0;0;0;0;0;Ukjent;Telemark;40;Notodden;4005;;;0;107146404;59,58428007;9,309670069;Fylkesveg;;4;;;;;Asfalt, oljegrus;Tørr, bar veg;God sikt, opphold;Dagslys;Vanlig kjørefelt;2;
søndag 27. februar 1994;02:46:00;Søndag;Møting i kurve;2;Ukjent;Vegstrekning utenfor kryss/avkjørsel;Ikke tettsted;80;Riksveg;356;UID1000205776;Helgedøgn;Motsatt kjøreretning;Ulykke ved møting;1994;0;0;0;0;0;0;0;2;0;0;0;0;0;0;Ukjent;Telemark;40;Skien;4003;;;0;107154068;59,12282409;9,602397229;Fylkesveg;;2;;;;;Ukjent;Tørr, bar veg;God sikt, opphold;Mørkt uten vegbelysning;Ukjent;;
søndag 27. juli 2008;03:15:00;Søndag;Enslig kjøretøy kjørte utfor på høyre side i venstrekurve;1;Vanlig veg/gate;3-armet kryss (T-kryss, Y-kryss);Ikke tettsted;60;Riksveg;354;UID1000230338;Helgedøgn;Utforkjøring;Enslig kjøretøy kjørte utfor vegen;2008;0;0;0;0;0;0;0;1;0;0;0;0;0;0;Ukjent;Telemark;40;Bamble;4012;;;0;177603590;59,04020163;9,675340065;Fylkesveg;;7;;;;;Asfalt, oljegrus;Tørr, bar veg;God sikt, opphold;Mørkt med vegbelysning;Vanlig kjørefelt;2;
søndag 27. juli 2008;03:14:00;Søndag;Enslig kjøretøy kjørte utfor på høyre side i høyrekurve;1;Vanlig veg/gate;Vegstrekning utenfor kryss/avkjørsel;Ikke tettsted;80;Riksveg;41;UID1000230605;Helgedøgn;Utforkjøring;Enslig kjøretøy kjørte utfor vegen;2008;0;0;0;0;0;0;0;1;0;0;0;0;0;0;Nei;Telemark;40;Nissedal;4030;;;0;178660267;58,97908778;8,520075419;Fylkesveg;;7;;;;;Asfalt, oljegrus;Tørr, bar veg;God sikt, opphold;Mørkt uten vegbelysning;Vanlig kjørefelt;2;1100
søndag 27. mai 2007;17:10:00;Søndag;Møting i kurve;2;Annet (plass m.m.);Vegstrekning utenfor kryss/avkjørsel;Ikke tettsted;;Kommunal veg;3140;UID1000220995;Helgedøgn;Motsatt kjøreretning;Ulykke ved møting;2007;0;0;0;0;0;1;0;1;0;0;0;0;0;0;Ukjent;Telemark;40;Porsgrunn;4001;;;0;137448600;59,05215018;9,702237922;Fylkesveg;;5;;;;;Grus;Tørr, bar veg;God sikt, opphold;Dagslys;Annet;1;
søndag 27. mai 2007;14:20:00;Søndag;Enslig kjøretøy kjørte utfor på venstre side på rett vegstrekning;1;Skogsveg;Vegstrekning utenfor kryss/avkjørsel;Ikke tettsted;;Privat veg;99535;UID1000221453;Helgedøgn;Utforkjøring;Enslig kjøretøy kjørte utfor vegen;2007;0;0;0;0;0;1;0;0;0;0;0;0;0;0;Ukjent;Telemark;40;Kragerø;4014;;;0;140850702;58,89602945;9,322920327;Fylkesveg;;5;;;;;Grus;Tørr, bar veg;God sikt, opphold;Dagslys;Vanlig kjørefelt;;
søndag 27. november 2011;03:38:00;Søndag;Enslig kjøretøy kjørte utfor på høyre side i venstrekurve;1;Vanlig veg/gate;3-armet kryss (T-kryss, Y-kryss);Tettsted;60;Fylkesveg;354;UID1000252469;Helgedøgn;Utforkjøring;Enslig kjøretøy kjørte utfor vegen;2011;0;0;0;0;0;0;0;1;0;0;0;0;0;0;Ukjent;Telemark;40;Bamble;4012;;;0;305814535;59,04018375;9,675342839;Fylkesveg;;11;;;;;Asfalt, oljegrus;Våt, bar veg;God sikt, opphold;Mørkt med vegbelysning;Vanlig kjørefelt;3;
søndag 27. november 2011;09:00:00;Søndag;Enslig kjøretøy kjørte utfor på høyre side i venstrekurve;1;Vanlig veg/gate;Vegstrekning utenfor kryss/avkjørsel;Ikke tettsted;80;Europaveg;134;UID1000252721;Helgedøgn;Utforkjøring;Enslig kjøretøy kjørte utfor vegen;2011;0;0;0;0;0;0;0;1;0;0;0;0;0;0;Ukjent;Telemark;40;Vinje;4036;;;0;305883372;59,67358286;7,809925006;Fylkesveg;;11;;;;;Asfalt, oljegrus;Delvis snø / isbelagt veg;God sikt, nedbør;Dagslys;Vanlig kjørefelt;2;
søndag 28. april 2019;00:17:00;Søndag;Enslig kjøretøy kjørte utfor på venstre side i venstrekurve;1;Vanlig veg/gate;Vegstrekning utenfor kryss/avkjørsel;Ikke tettsted;70;Europaveg;134;UID1000290128;Helgedøgn;Utforkjøring;Enslig kjøretøy kjørte utfor vegen;2019;0;0;0;0;0;0;0;1;0;0;0;0;0;0;Nei;Telemark;40;Notodden;4005;;;0;923689061;59,58438453;9,300919574;Fylkesveg;;4;;;;;Asfalt, oljegrus;Våt, bar veg;God sikt, nedbør;Mørkt uten vegbelysning;Vanlig kjørefelt;2;5300
søndag 28. august 2005;17:24:00;Søndag;Påkjøring bakfra;2;Vanlig veg/gate;Vegstrekning utenfor kryss/avkjørsel;Ikke tettsted;60;Riksveg;354;UID1000200981;Helgedøgn;Samme kjøreretning;Ulykke mellom kjøretøy med samme kjøreretning;2005;0;0;0;0;0;0;0;2;0;0;0;0;0;0;Ukjent;Telemark;40;Skien;4003;;;0;107125532;59,19072486;9,591819397;Fylkesveg;;8;;;;;Asfalt, oljegrus;Våt, bar veg;God sikt, nedbør;Dagslys;Vanlig kjørefelt;2;
søndag 28. desember 1997;14:45:00;Søndag;Ulykke med uklart forløp ved kryssende kj.retn hvor ett el. begge kj.tøy svinger av;2;Vanlig veg/gate;3-armet kryss (T-kryss, Y-kryss);Tettsted;60;Riksveg;354;UID1000204201;Helgedøgn;Kryssende kjøreretning;Ulykke ved kryssende kjøreretning hvor kjøretøy foretar avsvingning;1997;0;0;0;0;0;0;0;2;0;0;0;0;0;0;Ukjent;Telemark;40;Skien;4003;;;0;107144558;59,18861473;9,597976646;Fylkesveg;;12;;;;;Asfalt, oljegrus;Våt, bar veg;God sikt, opphold;Dagslys;Vanlig kjørefelt;2;
søndag 28. juni 2015;15:20:00;Søndag;Påkjøring forøvrig ved venstresving;2;Vanlig veg/gate;3-armet kryss (T-kryss, Y-kryss);Ikke tettsted;60;Riksveg;354;UID1000273034;Helgedøgn;Kryssende kjøreretning;Ulykke ved avsvinging fra samme kjøreretning;2015;0;0;0;0;0;1;0;1;0;0;0;0;0;0;Ukjent;Telemark;40;Bamble;4012;;;0;609955125;59,04025134;9,675454588;Fylkesveg;;6;;;;;Asfalt, oljegrus;Tørr, bar veg;God sikt, opphold;Dagslys;Vanlig kjørefelt;2;
søndag 28. mars 1999;22:45:00;Søndag;Enslig kjøretøy kjørte utfor på venstre side i høyrekurve;1;Vanlig veg/gate;Vegstrekning utenfor kryss/avkjørsel;Ikke tettsted;80;Fylkesveg;30;UID1000203715;Helgedøgn;Utforkjøring;Enslig kjøretøy kjørte utfor vegen;1999;0;0;0;0;0;0;0;1;0;0;0;0;0;0;Ukjent;Telemark;40;Porsgrunn;4001;;;0;107141717;59,10596181;9,761916878;Fylkesveg;;3;;;;;Asfalt, oljegrus;Snø / isbelagt veg;God sikt, opphold;Mørkt uten vegbelysning;Vanlig kjørefelt;2;
søndag 28. november 2004;16:02:00;Søndag;Enslig kjøretøy kjørte utfor på høyre side i venstrekurve;1;Vanlig veg/gate;Vegstrekning utenfor kryss/avkjørsel;Tettsted;60;Riksveg;353;UID1000201330;Helgedøgn;Utforkjøring;Enslig kjøretøy kjørte utfor vegen;2004;0;0;0;1;0;0;0;0;0;0;0;0;0;0;Ja;Telemark;40;Bamble;4012;;;0;107127695;59,04549427;9,649649604;Fylkesveg;;11;;;;;Asfalt, oljegrus;Våt, bar veg;God sikt, opphold;Mørkt med vegbelysning;Vanlig kjørefelt;2;4438
søndag 30. april 2023;16:05:00;Søndag;Påkjøring av parkert kjøretøy på høyre side;2;Vanlig veg/gate;Annet (P-plass, torv, o. l.);Tettsted;30;Kommunal veg;99999;UID3783489355;Helgedøgn;Andre ulykker;Andre ulykker(parkering o.l);2023;0;0;0;0;0;1;0;1;0;0;0;0;0;0;Nei;Telemark;40;Skien;4003;KF99999 S1D1 m0;Kommunal veg;99999;1019217409;59,16507385;9,63657707;Kommunal veg;;4;;;;;Ukjent;Tørr, bar veg;God sikt, opphold;Dagslys;Vanlig kjørefelt;2;
søndag 30. mai 1993;14:40:00;Søndag;Møting på rett vegstrekning;2;Ukjent;Vegstrekning utenfor kryss/avkjørsel;Ikke tettsted;80;Riksveg;36;UID1000206025;Helgedøgn;Motsatt kjøreretning;Ulykke ved møting;1993;0;0;0;0;0;0;0;2;0;0;0;0;0;0;Ukjent;Telemark;40;Midt-Telemark;4020;;;0;107155602;59,34198966;9,209096527;Fylkesveg;;5;;;;;Ukjent;Tørr, bar veg;God sikt, opphold;Dagslys;Ukjent;;
søndag 30. mai 1999;19:10:00;Søndag;Påkjøring bakfra;2;Motortrafikkveg;Vegstrekning utenfor kryss/avkjørsel;Ikke tettsted;90;Europaveg;18;UID1000203510;Helgedøgn;Samme kjøreretning;Ulykke mellom kjøretøy med samme kjøreretning;1999;0;0;0;0;0;0;0;2;0;0;0;0;0;0;Ukjent;Telemark;40;Porsgrunn;4001;;;0;107140506;59,08344107;9,81603953;Fylkesveg;;5;;;;;Asfalt, oljegrus;Tørr, bar veg;God sikt, opphold;Dagslys;Vanlig kjørefelt;2;
søndag 30. oktober 2005;18:25:00;Søndag;Enslig kjøretøy kjørte utfor på venstre side på rett vegstrekning;1;Vanlig veg/gate;Vegstrekning utenfor kryss/avkjørsel;Tettsted;80;Europaveg;134;UID1000200915;Helgedøgn;Utforkjøring;Enslig kjøretøy kjørte utfor vegen;2005;0;0;0;0;0;0;0;1;0;0;0;0;0;0;Ukjent;Telemark;40;Vinje;4036;;;0;107125149;59,74803358;7,446668878;Fylkesveg;;10;;;;;Asfalt, oljegrus;Våt, bar veg;God sikt, opphold;Mørkt uten vegbelysning;Vanlig kjørefelt;2;
søndag 31. august 2008;17:20:00;Søndag;Enslig kjøretøy kjørte utfor på venstre side i høyrekurve;1;Vanlig veg/gate;Vegstrekning utenfor kryss/avkjørsel;Ikke tettsted;80;Europaveg;134;UID1000231910;Helgedøgn;Utforkjøring;Enslig kjøretøy kjørte utfor vegen;2008;0;0;0;0;0;1;0;0;0;0;0;0;0;0;Ukjent;Telemark;40;Vinje;4036;;;0;197873893;59,72585737;7,686109115;Fylkesveg;;8;;;;;Asfalt, oljegrus;Tørr, bar veg;God sikt, opphold;Dagslys;Vanlig kjørefelt;;
søndag 4. mai 1997;01:24:00;Søndag;Enslig kjøretøy kjørte utfor på høyre side i venstrekurve;1;Vanlig veg/gate;Vegstrekning utenfor kryss/avkjørsel;Tettsted;50;Kommunal veg;1920;UID1000204510;Helgedøgn;Utforkjøring;Enslig kjøretøy kjørte utfor vegen;1997;0;0;0;0;0;0;0;1;0;0;0;0;0;0;Ukjent;Telemark;40;Porsgrunn;4001;;;0;107146389;59,13961125;9,646052625;Fylkesveg;;5;;;;;Asfalt, oljegrus;Tørr, bar veg;God sikt, opphold;Mørkt med vegbelysning;Vanlig kjørefelt;2;
søndag 5. desember 1999;18:20:00;Søndag;Enslig kjøretøy kjørte utfor på høyre side i høyrekurve;1;Vanlig veg/gate;Vegstrekning utenfor kryss/avkjørsel;Ikke tettsted;80;Riksveg;356;UID1000203409;Helgedøgn;Utforkjøring;Enslig kjøretøy kjørte utfor vegen;1999;0;0;0;0;0;0;0;1;0;0;0;0;0;0;Ukjent;Telemark;40;Skien;4003;;;0;107139970;59,12323535;9,601684668;Fylkesveg;;12;;;;;Asfalt, oljegrus;Snø / isbelagt veg;God sikt, opphold;Mørkt uten vegbelysning;Vanlig kjørefelt;2;
søndag 5. juli 2020;23:43:00;Søndag;Ulykke med uklart forløp / ulykke som ikke faller inn under noen bestemt ul.kode;1;Annet (plass m.m.);Annet (P-plass, torv, o. l.);Tettsted;;Privat veg;99999;UID1000295659;Helgedøgn;Andre ulykker;Andre ulykker(parkering o.l);2020;0;0;0;0;0;0;0;0;0;0;0;0;0;1;Ukjent;Telemark;40;Kragerø;4014;PF99999 S1D1 m0;Privat veg;99999;1013602053;58,87194231;9,373615903;Privat veg;;7;;;;;Asfalt, oljegrus;Tørr, bar veg;God sikt, opphold;Mørkt med vegbelysning;;;
søndag 5. juni 2005;14:40:00;Søndag;Påkjøring bakfra ved venstresving;2;Vanlig veg/gate;Avkjørsel;Ikke tettsted;80;Europaveg;18;UID1000201071;Helgedøgn;Kryssende kjøreretning;Ulykke ved avsvinging fra samme kjøreretning;2005;0;1;0;0;0;0;0;1;0;0;0;0;0;0;Ukjent;Telemark;40;Bamble;4012;;;0;107126070;58,97101538;9,500753832;Fylkesveg;;6;;;;;Asfalt, oljegrus;Tørr, bar veg;God sikt, opphold;Dagslys;Vanlig kjørefelt;2;
søndag 5. november 2000;03:30:00;Søndag;Enslig kjøretøy kjørte utfor på høyre side i venstrekurve;1;Vanlig veg/gate;Vegstrekning utenfor kryss/avkjørsel;Ikke tettsted;50;Riksveg;36;UID1000203043;Helgedøgn;Utforkjøring;Enslig kjøretøy kjørte utfor vegen;2000;0;0;0;0;0;0;0;1;0;0;0;0;0;0;Ukjent;Telemark;40;Porsgrunn;4001;;;0;107137799;59,14060736;9,660590324;Fylkesveg;;11;;;;;Asfalt, oljegrus;Våt, bar veg;God sikt, nedbør;Mørkt med vegbelysning;Vanlig kjørefelt;2;
søndag 6. august 1995;22:52:00;Søndag;Venstresving foran kjørende i motsatt retning;2;Ukjent;3-armet kryss (T-kryss, Y-kryss);Tettsted;60;Fylkesveg;59;UID1000205222;Helgedøgn;Kryssende kjøreretning;Ulykke ved kryssende kjøreretning hvor kjøretøy foretar avsvingning;1995;0;0;0;0;0;0;0;2;0;0;0;0;0;0;Ukjent;Telemark;40;Skien;4003;;;0;107150706;59,18587047;9,615509728;Fylkesveg;;8;;;;;Ukjent;Tørr, bar veg;God sikt, opphold;Mørkt med vegbelysning;Ukjent;;
søndag 6. august 1995;14:55:00;Søndag;Enslig kjøretøy kjørte utfor på høyre side i venstrekurve;1;Ukjent;Vegstrekning utenfor kryss/avkjørsel;Tettsted;30;Fylkesveg;43;UID1000205263;Helgedøgn;Utforkjøring;Enslig kjøretøy kjørte utfor vegen;1995;0;0;0;0;0;0;1;0;0;0;0;0;0;0;Ukjent;Telemark;40;Skien;4003;;;0;107150944;59,20768214;9,580233295;Fylkesveg;;8;;;;;Ukjent;Tørr, bar veg;God sikt, opphold;Dagslys;Ukjent;;
søndag 6. mars 2022;20:10:00;Søndag;Enslig kjøretøy kjørte utfor på venstre side i venstrekurve;1;Vanlig veg/gate;Vegstrekning utenfor kryss/avkjørsel;Ikke tettsted;80;Fylkesveg;3260;UID0793896228;Helgedøgn;Utforkjøring;Enslig kjøretøy kjørte utfor vegen;2022;0;0;0;0;0;0;0;0;0;0;0;0;0;1;Ukjent;Telemark;40;Porsgrunn;4001;;;0;1017700610;59,10653354;9,75736836;Fylkesveg;;3;;;;;Asfalt, oljegrus;Ukjent;Ukjent;Ukjent;Vanlig kjørefelt;2;995
søndag 7. oktober 2001;01:42:00;Søndag;Fotgjenger stod stille eller oppholdt seg forøvrig i kjørebanen;2;Vanlig veg/gate;Vegstrekning utenfor kryss/avkjørsel;Ikke tettsted;;Kommunal veg;4640;UID1000202688;Helgedøgn;Fotgjenger/akende;Fotgjenger langs vegen eller i kjørebanen;2001;0;0;1;0;0;0;0;1;0;0;0;0;0;0;Ukjent;Telemark;40;Porsgrunn;4001;;;0;107135670;59,13886807;9,647885196;Fylkesveg;;10;;;;;Asfalt, oljegrus;Våt, bar veg;God sikt, nedbør;Mørkt med vegbelysning;Vanlig kjørefelt;2;
søndag 7. september 2003;14:15:00;Søndag;Enslig kjøretøy kjørte utfor på høyre side i høyrekurve;1;Vanlig veg/gate;Vegstrekning utenfor kryss/avkjørsel;Ikke tettsted;70;Riksveg;36;UID1000201951;Helgedøgn;Utforkjøring;Enslig kjøretøy kjørte utfor vegen;2003;0;0;0;0;0;0;0;1;0;0;0;0;0;0;Ukjent;Telemark;40;Skien;4003;;;0;107131354;59,1806701;9,569810351;Fylkesveg;;9;;;;;Asfalt, oljegrus;Våt, bar veg;God sikt, nedbør;Dagslys;Vanlig kjørefelt;2;
søndag 8. juli 2018;17:05:00;Søndag;Påkjøring bakfra;2;Motortrafikkveg;Rundkjøring;Ikke tettsted;80;Europaveg;18;UID1000286811;Helgedøgn;Samme kjøreretning;Ulykke mellom kjøretøy med samme kjøreretning;2018;0;0;0;0;0;0;0;2;0;0;0;0;0;0;Ukjent;Telemark;40;Bamble;4012;;;0;878174848;59,03452855;9,676778378;Fylkesveg;;7;;;;;Asfalt, oljegrus;Tørr, bar veg;God sikt, opphold;Dagslys;Vanlig kjørefelt;2;
søndag 9. mai 2004;03:50:00;Søndag;Enslig kjøretøy kjørte utfor ved avsvinging i kryss o.l.;1;Vanlig veg/gate;4 armet kryss (X-kryss);Ikke tettsted;60;Riksveg;354;UID1000201617;Helgedøgn;Utforkjøring;Enslig kjøretøy kjørte utfor vegen;2004;0;0;0;0;0;0;0;1;0;0;0;0;0;0;Ukjent;Telemark;40;Skien;4003;;;0;107129466;59,19316941;9,587643065;Fylkesveg;;5;;;;;Asfalt, oljegrus;Våt, bar veg;God sikt, opphold;Mørkt med vegbelysning;Vanlig kjørefelt;4;
søndag 9. mars 1997;01:55:00;Søndag;Påkjøring bakfra ved venstresving;2;Vanlig veg/gate;3-armet kryss (T-kryss, Y-kryss);Tettsted;60;Riksveg;354;UID1000204573;Helgedøgn;Kryssende kjøreretning;Ulykke ved avsvinging fra samme kjøreretning;1997;0;0;0;0;0;0;0;2;0;0;0;0;0;0;Ukjent;Telemark;40;Skien;4003;;;0;107146748;59,18522648;9,615821754;Fylkesveg;;3;;;;;Asfalt, oljegrus;Tørr, bar veg;God sikt, opphold;Mørkt med vegbelysning;Vanlig kjørefelt;2;
søndag 9. oktober 2005;20:30:00;Søndag;Enslig kjøretøy veltet i kjørebanen;1;Vanlig veg/gate;Vegstrekning utenfor kryss/avkjørsel;Ikke tettsted;;Kommunal veg;1031;UID1000200940;Helgedøgn;Andre ulykker;Andre ulykker(parkering o.l);2005;0;0;0;0;1;0;0;0;0;0;0;0;0;0;Ukjent;Telemark;40;Siljan;4010;;;0;107125285;59,2900069;9,716438156;Fylkesveg;;10;;;;;Asfalt, oljegrus;Tørr, bar veg;Dårlig sikt forøvrig;Mørkt med vegbelysning;Vanlig kjørefelt;;
søndag 9. oktober 2005;17:30:00;Søndag;Påkjøring bakfra;2;Vanlig veg/gate;4 armet kryss (X-kryss);Tettsted;50;Riksveg;36;UID1000200944;Helgedøgn;Samme kjøreretning;Ulykke mellom kjøretøy med samme kjøreretning;2005;0;0;0;0;0;0;0;2;0;0;0;0;0;0;Ukjent;Telemark;40;Porsgrunn;4001;;;0;107125317;59,138399;9,662686309;Fylkesveg;;10;;;;;Asfalt, oljegrus;Tørr, bar veg;God sikt, opphold;Dagslys;Vanlig kjørefelt;3;
tirsdag 1. august 2000;15:30:00;Tirsdag;Påkjøring bakfra;2;Vanlig veg/gate;Vegstrekning utenfor kryss/avkjørsel;Ikke tettsted;60;Riksveg;354;UID1000203166;Yrkesdøgn;Samme kjøreretning;Ulykke mellom kjøretøy med samme kjøreretning;2000;0;0;0;0;0;0;0;2;0;0;0;0;0;0;Ukjent;Telemark;40;Skien;4003;;;0;107138504;59,18848766;9,59838261;Fylkesveg;;8;;;;;Asfalt, oljegrus;Tørr, bar veg;God sikt, opphold;Dagslys;Vanlig kjørefelt;2;
tirsdag 1. august 2017;07:16:00;Tirsdag;Ulykke med dyr innblandet;1;Motortrafikkveg;Vegstrekning utenfor kryss/avkjørsel;Tettsted;80;Europaveg;18;UID1000283001;Yrkesdøgn;Andre ulykker;Andre ulykker(parkering o.l);2017;0;0;0;0;0;0;0;1;0;0;0;0;0;0;Ukjent;Telemark;40;Bamble;4012;;;0;812470120;59,03690959;9,67625213;Fylkesveg;;8;;;;;Asfalt, oljegrus;Tørr, bar veg;God sikt, opphold;Dagslys;Vanlig kjørefelt;2;
tirsdag 1. oktober 2002;03:30:00;Tirsdag;Enslig kjøretøy kjørte utfor på høyre side på rett vegstrekning;1;Vanlig veg/gate;Vegstrekning utenfor kryss/avkjørsel;Ikke tettsted;70;Riksveg;36;UID1000202336;Yrkesdøgn;Utforkjøring;Enslig kjøretøy kjørte utfor vegen;2002;0;0;0;0;0;0;0;1;0;0;0;0;0;0;Ukjent;Telemark;40;Nome;4018;;;0;107133638;59,32814427;9,229129292;Fylkesveg;;10;;;;;Asfalt, oljegrus;Tørr, bar veg;God sikt, opphold;Mørkt uten vegbelysning;Vanlig kjørefelt;2;
tirsdag 10. april 2018;14:47:00;Tirsdag;Påkjøring bakfra;2;Motortrafikkveg;Vegstrekning utenfor kryss/avkjørsel;Ikke tettsted;50;Europaveg;18;UID1000291891;Yrkesdøgn;Samme kjøreretning;Ulykke mellom kjøretøy med samme kjøreretning;2018;0;0;0;0;0;0;0;2;0;0;0;0;0;0;Ukjent;Telemark;40;Bamble;4012;;;0;980983803;59,07762585;9,664144563;Fylkesveg;;4;;;;;Asfalt, oljegrus;Tørr, bar veg;God sikt, opphold;Dagslys;Vanlig kjørefelt;1;
tirsdag 10. august 2004;11:30:00;Tirsdag;Påkjøring bakfra;4;Vanlig veg/gate;3-armet kryss (T-kryss, Y-kryss);Ikke tettsted;60;Riksveg;354;UID1000201516;Yrkesdøgn;Samme kjøreretning;Ulykke mellom kjøretøy med samme kjøreretning;2004;0;0;0;0;0;0;0;3;0;0;0;0;0;1;Ukjent;Telemark;40;Skien;4003;;;0;107128824;59,1914019;9,589712511;Fylkesveg;;8;;;;;Asfalt, oljegrus;Ukjent;God sikt, opphold;Dagslys;Vanlig kjørefelt;3;
tirsdag 10. desember 1996;21:30:00;Tirsdag;Enslig kjøretøy kjørte utfor på venstre side i venstrekurve;1;Vanlig veg/gate;Vegstrekning utenfor kryss/avkjørsel;Ikke tettsted;80;Riksveg;354;UID1000204637;Yrkesdøgn;Utforkjøring;Enslig kjøretøy kjørte utfor vegen;1996;0;0;0;0;0;0;0;1;0;0;0;0;0;0;Ukjent;Telemark;40;Skien;4003;;;0;107147156;59,19461182;9,586624879;Fylkesveg;;12;;;;;Asfalt, oljegrus;Våt, bar veg;God sikt, opphold;Mørkt med vegbelysning;Vanlig kjørefelt;2;
tirsdag 10. januar 1995;18:35:00;Tirsdag;Fotgjenger krysset kjørebanen på hitsiden av krysset;2;Ukjent;3-armet kryss (T-kryss, Y-kryss);Tettsted;50;Riksveg;36;UID1000205447;Yrkesdøgn;Fotgjenger/akende;Fotgjenger krysset kjørebanen;1995;0;0;1;0;0;0;0;1;0;0;0;0;0;0;Ukjent;Telemark;40;Skien;4003;;;0;107152086;59,19540928;9,601216329;Fylkesveg;;1;;;;;Ukjent;Våt, bar veg;God sikt, opphold;Mørkt med vegbelysning;Ukjent;;
tirsdag 10. mai 1994;20:00:00;Tirsdag;Påkjøring bakfra;2;Ukjent;3-armet kryss (T-kryss, Y-kryss);Tettsted;50;Riksveg;36;UID1000205705;Yrkesdøgn;Samme kjøreretning;Ulykke mellom kjøretøy med samme kjøreretning;1994;0;0;0;0;0;0;0;2;0;0;0;0;0;0;Ukjent;Telemark;40;Porsgrunn;4001;;;0;107153630;59,13407009;9,674480465;Fylkesveg;;5;;;;;Ukjent;Tørr, bar veg;God sikt, opphold;Dagslys;Ukjent;;
tirsdag 11. august 1998;15:43:00;Tirsdag;Påkjøring bakfra;2;Vanlig veg/gate;Vegstrekning utenfor kryss/avkjørsel;Ikke tettsted;60;Europaveg;134;UID1000203942;Yrkesdøgn;Samme kjøreretning;Ulykke mellom kjøretøy med samme kjøreretning;1998;0;0;0;0;0;0;0;2;0;0;0;0;0;0;Ukjent;Telemark;40;Notodden;4005;;;0;107143051;59,56577821;9,220872591;Fylkesveg;;8;;;;;Asfalt, oljegrus;Tørr, bar veg;God sikt, opphold;Dagslys;Vanlig kjørefelt;2;
tirsdag 11. august 2015;14:04:00;Tirsdag;Møting i kurve;2;Vanlig veg/gate;Vegstrekning utenfor kryss/avkjørsel;Ikke tettsted;70;Riksveg;36;UID1000273745;Yrkesdøgn;Motsatt kjøreretning;Ulykke ved møting;2015;0;0;0;0;0;0;0;2;0;0;0;0;0;0;Ukjent;Telemark;40;Nome;4018;;;0;627524085;59,32818663;9,227853714;Fylkesveg;;8;;;;;Asfalt, oljegrus;Tørr, bar veg;God sikt, opphold;Dagslys;Vanlig kjørefelt;2;
tirsdag 11. juli 2006;16:28:00;Tirsdag;Avsvinging til venstre foran kjørende i motsatt retning;2;Vanlig veg/gate;3-armet kryss (T-kryss, Y-kryss);Ikke tettsted;60;Riksveg;36;UID1000211717;Yrkesdøgn;Kryssende kjøreretning;Ulykke ved avsvinging fra motsatte kjøreretning;2006;0;0;0;0;0;0;0;2;0;0;0;0;0;0;Nei;Telemark;40;Porsgrunn;4001;;;0;114338611;59,12265458;9,707500891;Fylkesveg;;7;;;;;Asfalt, oljegrus;Våt, bar veg;God sikt, nedbør;Dagslys;Vanlig kjørefelt;;11124
tirsdag 11. mai 2004;11:15:00;Tirsdag;Påkjøring forøvrig ved høyresving;2;Vanlig veg/gate;3-armet kryss (T-kryss, Y-kryss);Ikke tettsted;60;Riksveg;38;UID1000201618;Yrkesdøgn;Kryssende kjøreretning;Ulykke ved avsvinging fra samme kjøreretning;2004;0;0;0;0;0;0;0;1;0;0;1;0;0;0;Ukjent;Telemark;40;Kragerø;4014;;;0;107129471;58,87212784;9,373742117;Fylkesveg;;5;;;;;Asfalt, oljegrus;Tørr, bar veg;God sikt, opphold;Dagslys;Vanlig kjørefelt;3;
tirsdag 12. august 2003;13:25:00;Tirsdag;Enslig kjøretøy kjørte utfor på høyre side på rett vegstrekning;1;Motortrafikkveg;Vegstrekning utenfor kryss/avkjørsel;Ikke tettsted;80;Europaveg;18;UID1000201970;Yrkesdøgn;Utforkjøring;Enslig kjøretøy kjørte utfor vegen;2003;0;0;0;0;0;0;0;1;0;0;0;0;0;0;Ukjent;Telemark;40;Porsgrunn;4001;;;0;107131460;59,08717699;9,811593101;Fylkesveg;;8;;;;;Asfalt, oljegrus;Tørr, bar veg;God sikt, opphold;Dagslys;Vanlig kjørefelt;2;
tirsdag 12. august 2025;20:34:00;Tirsdag;Øvrige parkeringsuhell;2;Annet (plass m.m.);Annet (P-plass, torv, o. l.);Tettsted;30;Kommunal veg;99999;UID1838083032;Yrkesdøgn;Andre ulykker;Andre ulykker(parkering o.l);2025;0;0;0;0;0;0;0;1;0;1;0;0;0;0;Nei;Telemark;40;Skien;4003;KF99999 S1D1 m0;Kommunal veg;99999;1027201387;59,16387764;9,634854585;Kommunal veg;;8;;;;;Ukjent;Våt, bar veg;God sikt, nedbør;Ukjent;Annet;2;
tirsdag 12. juli 2016;18:19:00;Tirsdag;Møting i kurve;2;Vanlig veg/gate;Vegstrekning utenfor kryss/avkjørsel;Tettsted;70;Riksveg;36;UID1000281850;Yrkesdøgn;Motsatt kjøreretning;Ulykke ved møting;2016;0;0;0;0;0;0;0;2;0;0;0;0;0;0;Ukjent;Telemark;40;Midt-Telemark;4020;;;0;775613002;59,33925699;9,213228638;Fylkesveg;;7;;;;;Asfalt, oljegrus;Ukjent;Ukjent;Dagslys;Vanlig kjørefelt;2;
tirsdag 12. mai 1998;19:50:00;Tirsdag;Møting i kurve;2;Vanlig veg/gate;3-armet kryss (T-kryss, Y-kryss);Tettsted;30;Kommunal veg;1112;UID1000204080;Yrkesdøgn;Motsatt kjøreretning;Ulykke ved møting;1998;0;0;0;0;0;0;0;1;0;0;1;0;0;0;Ukjent;Telemark;40;Kragerø;4014;;;0;107143820;58,87143222;9,385030866;Fylkesveg;;5;;;;;Asfalt, oljegrus;Tørr, bar veg;God sikt, opphold;Dagslys;Vanlig kjørefelt;2;
tirsdag 12. mai 2009;14:25:00;Tirsdag;Enslig kjøretøy kjørte utfor på høyre side i høyrekurve;1;Vanlig veg/gate;Vegstrekning utenfor kryss/avkjørsel;Ikke tettsted;70;Europaveg;18;UID1000236190;Yrkesdøgn;Utforkjøring;Enslig kjøretøy kjørte utfor vegen;2009;0;0;0;0;0;0;0;0;0;0;0;0;0;1;Ukjent;Telemark;40;Porsgrunn;4001;;;0;218097381;59,0900133;9,809397697;Fylkesveg;;5;;;;;Asfalt, oljegrus;Tørr, bar veg;God sikt, opphold;Dagslys;Vanlig kjørefelt;2;
tirsdag 12. mars 2019;20:25:00;Tirsdag;Møting i kurve;2;Vanlig veg/gate;Vegstrekning utenfor kryss/avkjørsel;Ikke tettsted;80;Europaveg;134;UID1000289530;Yrkesdøgn;Motsatt kjøreretning;Ulykke ved møting;2019;0;0;0;1;0;0;0;1;0;0;0;0;0;0;Ukjent;Telemark;40;Tokke;4034;;;0;917821438;59,48848779;8,265579279;Fylkesveg;;3;;;;;Asfalt, oljegrus;Snø / isbelagt veg;Dårlig sikt, nedbør;Mørkt uten vegbelysning;Vanlig kjørefelt;2;
tirsdag 12. oktober 2004;15:39:00;Tirsdag;Høyresving foran kjørende i motsatt retning;2;Vanlig veg/gate;3-armet kryss (T-kryss, Y-kryss);Ikke tettsted;70;Riksveg;354;UID1000201370;Yrkesdøgn;Kryssende kjøreretning;Ulykke ved kryssende kjøreretning hvor kjøretøy foretar avsvingning;2004;0;0;0;0;0;0;0;1;0;0;1;0;0;0;Nei;Telemark;40;Porsgrunn;4001;;;0;107127943;59,10199475;9,670687092;Fylkesveg;;10;;;;;Asfalt, oljegrus;Tørr, bar veg;God sikt, opphold;Dagslys;Vanlig kjørefelt;3;13712
tirsdag 13. januar 2015;10:04:00;Tirsdag;Enslig kjøretøy kjørte utfor på høyre side på rett vegstrekning;1;Vanlig veg/gate;Vegstrekning utenfor kryss/avkjørsel;Ikke tettsted;80;Europaveg;134;UID1000270986;Yrkesdøgn;Utforkjøring;Enslig kjøretøy kjørte utfor vegen;2015;0;0;0;1;0;0;0;0;0;0;0;0;0;0;Ukjent;Telemark;40;Kviteseid;4028;;;0;587468997;59,47836931;8,375472723;Fylkesveg;;1;;;;;Asfalt, oljegrus;Snø / isbelagt veg;God sikt, nedbør;Dagslys;Vanlig kjørefelt;2;
tirsdag 13. november 2001;16:30:00;Tirsdag;Enslig kjøretøy kjørte på trafikkøy eller ende av midtdeler;1;Vanlig veg/gate;3-armet kryss (T-kryss, Y-kryss);Tettsted;50;Riksveg;356;UID1000202659;Yrkesdøgn;Utforkjøring;Enslig kjøretøy kjørte utfor vegen;2001;0;0;0;0;0;0;0;1;0;0;0;0;0;0;Ukjent;Telemark;40;Porsgrunn;4001;;;0;107135481;59,13839595;9,64321326;Fylkesveg;;11;;;;;Asfalt, oljegrus;Tørr, bar veg;God sikt, opphold;Mørkt med vegbelysning;Vanlig kjørefelt;2;
tirsdag 13. oktober 2015;12:06:00;Tirsdag;Enslig kjøretøy kjørte utfor på venstre side i høyrekurve;1;Vanlig veg/gate;Vegstrekning utenfor kryss/avkjørsel;Ikke tettsted;70;Riksveg;36;UID1000275032;Yrkesdøgn;Utforkjøring;Enslig kjøretøy kjørte utfor vegen;2015;0;0;0;1;0;0;0;0;0;0;0;0;0;0;Ukjent;Telemark;40;Midt-Telemark;4020;;;0;645418995;59,33901965;9,213357249;Fylkesveg;;10;;;;;Asfalt, oljegrus;Tørr, bar veg;God sikt, opphold;Dagslys;Vanlig kjørefelt;2;
tirsdag 14. juli 1992;15:00:00;Tirsdag;Kjørende fra fortau eller G/S-veg krysset kjørebanen på hitsiden av krysset;2;Ukjent;3-armet kryss (T-kryss, Y-kryss);Tettsted;60;Riksveg;354;UID1000206160;Yrkesdøgn;Kryssende kjøreretning;Ulykke ved kryssende kjøreretning uten avsvingning;1992;0;0;0;0;0;0;0;1;0;0;1;0;0;0;Ukjent;Telemark;40;Skien;4003;;;0;107156327;59,18522358;9,615752063;Fylkesveg;;7;;;;;Ukjent;Tørr, bar veg;God sikt, opphold;Dagslys;Ukjent;;
tirsdag 14. mars 1995;16:30:00;Tirsdag;Avsvinging til venstre foran kjørende i motsatt retning;3;Ukjent;4 armet kryss (X-kryss);Ikke tettsted;60;Riksveg;36;UID1000205390;Yrkesdøgn;Kryssende kjøreretning;Ulykke ved avsvinging fra motsatte kjøreretning;1995;0;0;0;0;0;0;0;2;0;0;0;0;0;1;Ukjent;Telemark;40;Skien;4003;;;0;107151657;59,19316338;9,587714187;Fylkesveg;;3;;;;;Ukjent;Våt, bar veg;God sikt, nedbør;Dagslys;Ukjent;;
tirsdag 15. april 1997;18:00:00;Tirsdag;Avsvinging til venstre foran kjørende i motsatt retning;2;Vanlig veg/gate;Avkjørsel;Tettsted;50;Kommunal veg;1032;UID1000204531;Yrkesdøgn;Kryssende kjøreretning;Ulykke ved avsvinging fra motsatte kjøreretning;1997;0;0;0;0;0;0;0;1;0;0;1;0;0;0;Ukjent;Telemark;40;Skien;4003;;;0;107146512;59,21137082;9,60827187;Fylkesveg;;4;;;;;Asfalt, oljegrus;Tørr, bar veg;God sikt, opphold;Dagslys;Vanlig kjørefelt;2;
tirsdag 15. februar 1994;13:08:00;Tirsdag;Venstresving foran kjørende i motsatt retning;2;Ukjent;3-armet kryss (T-kryss, Y-kryss);Tettsted;60;Riksveg;36;UID1000205765;Yrkesdøgn;Kryssende kjøreretning;Ulykke ved kryssende kjøreretning hvor kjøretøy foretar avsvingning;1994;0;0;0;0;0;0;0;2;0;0;0;0;0;0;Ukjent;Telemark;40;Skien;4003;;;0;107154011;59,190645;9,589043212;Fylkesveg;;2;;;;;Ukjent;Delvis snø / isbelagt veg;God sikt, opphold;Dagslys;Ukjent;;
tirsdag 15. januar 2008;16:10:00;Tirsdag;Påkjøring bakfra;4;Vanlig veg/gate;Vegstrekning utenfor kryss/avkjørsel;Ikke tettsted;50;Riksveg;36;UID1000226444;Yrkesdøgn;Samme kjøreretning;Ulykke mellom kjøretøy med samme kjøreretning;2008;0;0;0;0;0;0;0;4;0;0;0;0;0;0;Ukjent;Telemark;40;Porsgrunn;4001;;;0;157032634;59,13435049;9,673858985;Fylkesveg;;1;;;;;Asfalt, oljegrus;Våt, bar veg;God sikt, nedbør;Mørkt med vegbelysning;Vanlig kjørefelt;2;
tirsdag 15. juni 1999;07:50:00;Tirsdag;Påkjøring bakfra;2;Vanlig veg/gate;Vegstrekning utenfor kryss/avkjørsel;Ikke tettsted;50;Riksveg;36;UID1000203652;Yrkesdøgn;Samme kjøreretning;Ulykke mellom kjøretøy med samme kjøreretning;1999;0;0;0;0;0;0;0;2;0;0;0;0;0;0;Ukjent;Telemark;40;Porsgrunn;4001;;;0;107141309;59,1403273;9,660563999;Fylkesveg;;6;;;;;Asfalt, oljegrus;Tørr, bar veg;God sikt, opphold;Dagslys;Vanlig kjørefelt;2;
tirsdag 15. juni 1999;12:15:00;Tirsdag;Påkjøring bakfra;2;Vanlig veg/gate;3-armet kryss (T-kryss, Y-kryss);Ikke tettsted;50;Riksveg;36;UID1000203653;Yrkesdøgn;Samme kjøreretning;Ulykke mellom kjøretøy med samme kjøreretning;1999;0;0;0;0;0;0;0;2;0;0;0;0;0;0;Ukjent;Telemark;40;Porsgrunn;4001;;;0;107141314;59,13389769;9,675102629;Fylkesveg;;6;;;;;Asfalt, oljegrus;Tørr, bar veg;God sikt, opphold;Dagslys;Vanlig kjørefelt;2;
tirsdag 16. august 2011;16:08:00;Tirsdag;Fotgjenger stod stille eller oppholdt seg forøvrig i kjørebanen;2;Vanlig veg/gate;Vegstrekning utenfor kryss/avkjørsel;Ikke tettsted;60;Fylkesveg;32;UID1000251079;Yrkesdøgn;Fotgjenger/akende;Fotgjenger langs vegen eller i kjørebanen;2011;0;0;1;0;0;0;0;1;0;0;0;0;0;0;Nei;Telemark;40;Porsgrunn;4001;;;0;298872894;59,12821901;9,688678697;Fylkesveg;;8;;;;;Asfalt, oljegrus;Tørr, bar veg;God sikt, opphold;Dagslys;Vanlig kjørefelt;2;16700
tirsdag 16. juli 2002;14:32:00;Tirsdag;Enslig kjøretøy kjørte utfor på høyre side i venstrekurve;1;Motortrafikkveg;Vegstrekning utenfor kryss/avkjørsel;Ikke tettsted;80;Europaveg;18;UID1000202386;Yrkesdøgn;Utforkjøring;Enslig kjøretøy kjørte utfor vegen;2002;0;0;0;0;0;0;0;1;0;0;0;0;0;0;Ukjent;Telemark;40;Porsgrunn;4001;;;0;107133925;59,0900629;9,809512583;Fylkesveg;;7;;;;;Asfalt, oljegrus;Tørr, bar veg;God sikt, opphold;Dagslys;Vanlig kjørefelt;2;
tirsdag 16. juli 2013;11:19:00;Tirsdag;Påkjøring bakfra ved venstresving;2;Vanlig veg/gate;Avkjørsel;Tettsted;70;Riksveg;36;UID1000262110;Yrkesdøgn;Kryssende kjøreretning;Ulykke ved avsvinging fra samme kjøreretning;2013;0;0;0;0;0;0;0;2;0;0;0;0;0;0;Ukjent;Telemark;40;Midt-Telemark;4020;;;0;420438605;59,35222852;9,198268166;Fylkesveg;;7;;;;;Asfalt, oljegrus;Tørr, bar veg;God sikt, opphold;Dagslys;Vanlig kjørefelt;2;
tirsdag 16. oktober 2012;07:31:00;Tirsdag;Enslig kjøretøy kjørte utfor på venstre side i høyrekurve;1;Vanlig veg/gate;Vegstrekning utenfor kryss/avkjørsel;Ikke tettsted;80;Fylkesveg;38;UID1000257972;Yrkesdøgn;Utforkjøring;Enslig kjøretøy kjørte utfor vegen;2012;0;0;0;0;0;0;0;1;0;0;0;0;0;0;Ukjent;Telemark;40;Drangedal;4016;;;0;366483897;58,98107322;9,243607326;Fylkesveg;;10;;;;;Asfalt, oljegrus;Våt, bar veg;God sikt, opphold;Dagslys;Vanlig kjørefelt;2;
tirsdag 17. august 2004;20:11:00;Tirsdag;Møting i kurve;2;Vanlig veg/gate;Vegstrekning utenfor kryss/avkjørsel;Ikke tettsted;80;Europaveg;134;UID1000201494;Yrkesdøgn;Motsatt kjøreretning;Ulykke ved møting;2004;0;0;0;1;0;0;0;1;0;0;0;0;0;0;Nei;Telemark;40;Tokke;4034;;;0;107128672;59,4899112;8,223216116;Fylkesveg;;8;;;;;Asfalt, oljegrus;Våt, bar veg;God sikt, nedbør;Dagslys;Vanlig kjørefelt;2;1948
tirsdag 17. juli 2007;07:56:00;Tirsdag;Enslig kjøretøy kjørte utfor på høyre side på rett vegstrekning;1;Vanlig veg/gate;Vegstrekning utenfor kryss/avkjørsel;Ikke tettsted;80;Riksveg;356;UID1000222317;Yrkesdøgn;Utforkjøring;Enslig kjøretøy kjørte utfor vegen;2007;0;0;0;0;0;0;0;1;0;0;0;0;0;0;Ukjent;Telemark;40;Skien;4003;;;0;140855586;59,12315511;9,606021068;Fylkesveg;;7;;;;;Asfalt, oljegrus;Våt, bar veg;God sikt, opphold;Dagslys;Vanlig kjørefelt;2;
tirsdag 17. juli 2012;08:30:00;Tirsdag;Enslig kjøretøy kjørte utfor på høyre side i høyrekurve;1;Vanlig veg/gate;Vegstrekning utenfor kryss/avkjørsel;Tettsted;80;Europaveg;134;UID1000256284;Yrkesdøgn;Utforkjøring;Enslig kjøretøy kjørte utfor vegen;2012;0;0;0;0;0;0;0;0;0;0;0;0;0;1;Ukjent;Telemark;40;Tokke;4034;;;0;347795724;59,4887922;8,245197627;Fylkesveg;;7;;;;;Asfalt, oljegrus;Tørr, bar veg;God sikt, opphold;Dagslys;Vanlig kjørefelt;2;
tirsdag 17. oktober 1995;13:30:00;Tirsdag;Kryssende kjøreretninger (uten avsvinging);2;Ukjent;4 armet kryss (X-kryss);Ikke tettsted;;Privat veg;97240;UID1000205168;Yrkesdøgn;Kryssende kjøreretning;Ulykke ved kryssende kjøreretning uten avsvingning;1995;0;0;0;0;0;0;0;2;0;0;0;0;0;0;Ukjent;Telemark;40;Skien;4003;;;0;107150378;59,19732073;9,603896198;Fylkesveg;;10;;;;;Ukjent;Tørr, bar veg;God sikt, opphold;Dagslys;Ukjent;;
tirsdag 18. april 2017;07:48:00;Tirsdag;Ulykke med uklart forløp / ulykke som ikke faller inn under noen bestemt ul.kode;1;Vanlig veg/gate;3-armet kryss (T-kryss, Y-kryss);Ikke tettsted;60;Riksveg;354;UID1000281858;Yrkesdøgn;Andre ulykker;Andre ulykker(parkering o.l);2017;0;0;0;0;0;0;1;0;0;0;0;0;0;0;Ukjent;Telemark;40;Bamble;4012;;;0;776764039;59,04034933;9,675648931;Fylkesveg;;4;;;;;Asfalt, oljegrus;Tørr, bar veg;God sikt, opphold;Dagslys;Vanlig kjørefelt;2;
tirsdag 18. desember 2012;18:42:00;Tirsdag;Enslig kjøretøy kjørte utfor på høyre side i venstrekurve;1;Vanlig veg/gate;Vegstrekning utenfor kryss/avkjørsel;Tettsted;80;Europaveg;134;UID1000258926;Yrkesdøgn;Utforkjøring;Enslig kjøretøy kjørte utfor vegen;2012;0;0;0;1;0;0;0;0;0;0;0;0;0;0;Ukjent;Telemark;40;Vinje;4036;;;0;370801857;59,72971635;7,622122604;Fylkesveg;;12;;;;;Asfalt, oljegrus;Snø / isbelagt veg;God sikt, opphold;Mørkt uten vegbelysning;Vanlig kjørefelt;2;
tirsdag 18. november 2014;13:29:00;Tirsdag;Enslig kjøretøy kjørte utfor på venstre side i høyrekurve;1;Vanlig veg/gate;Vegstrekning utenfor kryss/avkjørsel;Ikke tettsted;80;Riksveg;36;UID1000270078;Yrkesdøgn;Utforkjøring;Enslig kjøretøy kjørte utfor vegen;2014;0;0;0;0;0;0;0;1;0;0;0;0;0;0;Ukjent;Telemark;40;Seljord;4022;;;0;577664533;59,45253478;8,734354836;Fylkesveg;;11;;;;;Asfalt, oljegrus;Våt, bar veg;God sikt, opphold;Dagslys;Vanlig kjørefelt;2;
tirsdag 19. august 2008;21:58:00;Tirsdag;Ulykke med dyr innblandet;1;Vanlig veg/gate;Vegstrekning utenfor kryss/avkjørsel;Ikke tettsted;70;Riksveg;36;UID1000230992;Yrkesdøgn;Andre ulykker;Andre ulykker(parkering o.l);2008;0;0;0;0;0;0;0;1;0;0;0;0;0;0;Ukjent;Telemark;40;Midt-Telemark;4020;;;0;180262861;59,3502703;9,201794062;Fylkesveg;;8;;;;;Asfalt, oljegrus;Tørr, bar veg;God sikt, opphold;Dagslys;Vanlig kjørefelt;2;
tirsdag 19. desember 1995;14:43:00;Tirsdag;Avsvinging til venstre foran kjørende i motsatt retning;3;Ukjent;3-armet kryss (T-kryss, Y-kryss);Tettsted;60;Riksveg;354;UID1000205054;Yrkesdøgn;Kryssende kjøreretning;Ulykke ved avsvinging fra motsatte kjøreretning;1995;0;0;0;1;0;0;0;2;0;0;0;0;0;0;Ukjent;Telemark;40;Skien;4003;;;0;107149656;59,18529123;9,61586415;Fylkesveg;;12;;;;;Ukjent;Tørr, bar veg;God sikt, opphold;Dagslys;Ukjent;;
tirsdag 19. februar 2013;19:30:00;Tirsdag;Påkjøring bakfra;3;Motortrafikkveg;Vegstrekning utenfor kryss/avkjørsel;Ikke tettsted;80;Europaveg;18;UID1000260008;Yrkesdøgn;Samme kjøreretning;Ulykke mellom kjøretøy med samme kjøreretning;2013;0;0;0;1;0;0;0;1;0;0;0;0;0;1;Nei;Telemark;40;Porsgrunn;4001;;;0;376342383;59,1020697;9,768249474;Fylkesveg;;2;;;;;Asfalt, oljegrus;Tørr, bar veg;God sikt, opphold;Mørkt med vegbelysning;Vanlig kjørefelt;2;15700
tirsdag 19. januar 2016;10:11:00;Tirsdag;Enslig kjøretøy kjørte utfor på høyre side i høyrekurve;1;Vanlig veg/gate;Vegstrekning utenfor kryss/avkjørsel;Ikke tettsted;70;Riksveg;36;UID1000276091;Yrkesdøgn;Utforkjøring;Enslig kjøretøy kjørte utfor vegen;2016;0;0;0;0;0;0;0;1;0;0;0;0;0;0;Ukjent;Telemark;40;Midt-Telemark;4020;;;0;667810316;59,33904994;9,213228726;Fylkesveg;;1;;;;;Asfalt, oljegrus;Snø / isbelagt veg;God sikt, opphold;Dagslys;Vanlig kjørefelt;2;
tirsdag 2. januar 1996;10:30:00;Tirsdag;Møting i kurve;2;Ukjent;Vegstrekning utenfor kryss/avkjørsel;Tettsted;50;Kommunal veg;1039;UID1000205042;Yrkesdøgn;Motsatt kjøreretning;Ulykke ved møting;1996;0;1;0;1;0;0;0;0;0;0;0;0;0;0;Ukjent;Telemark;40;Siljan;4010;;;0;107149578;59,27915181;9,731875046;Fylkesveg;;1;;;;;Ukjent;Delvis snø / isbelagt veg;God sikt, opphold;Dagslys;Ukjent;;
tirsdag 2. november 1999;13:40:00;Tirsdag;Fotgjenger krysset kjørebanen i gangfelt utenfor kryss;2;Vanlig veg/gate;Vegstrekning utenfor kryss/avkjørsel;Tettsted;50;Kommunal veg;1730;UID1000203445;Yrkesdøgn;Fotgjenger/akende;Fotgjenger krysset kjørebanen;1999;0;0;1;0;0;0;0;1;0;0;0;0;0;0;Ukjent;Telemark;40;Porsgrunn;4001;;;0;107140173;59,1204159;9,662393048;Fylkesveg;;11;;;;;Asfalt, oljegrus;Tørr, bar veg;Ukjent;Dagslys;Vanlig kjørefelt;2;
tirsdag 2. november 2004;15:25:00;Tirsdag;Venstresving foran kjørende i motsatt retning;2;Vanlig veg/gate;3-armet kryss (T-kryss, Y-kryss);Ikke tettsted;60;Riksveg;36;UID1000201287;Yrkesdøgn;Kryssende kjøreretning;Ulykke ved kryssende kjøreretning hvor kjøretøy foretar avsvingning;2004;0;0;0;0;0;0;0;1;0;0;1;0;0;0;Ukjent;Telemark;40;Midt-Telemark;4020;;;0;107127380;59,410949;9,076737516;Fylkesveg;;11;;;;;Asfalt, oljegrus;Ukjent;Ukjent;Dagslys;Vanlig kjørefelt;2;
tirsdag 20. januar 2004;11:45:00;Tirsdag;Venstresving foran kjørende i motsatt retning;2;Vanlig veg/gate;3-armet kryss (T-kryss, Y-kryss);Ikke tettsted;60;Europaveg;134;UID1000201720;Yrkesdøgn;Kryssende kjøreretning;Ulykke ved kryssende kjøreretning hvor kjøretøy foretar avsvingning;2004;0;0;0;0;0;0;0;2;0;0;0;0;0;0;Ukjent;Telemark;40;Notodden;4005;;;0;107130099;59,56526314;9,223675501;Fylkesveg;;1;;;;;Asfalt, oljegrus;Delvis snø / isbelagt veg;God sikt, opphold;Dagslys;Vanlig kjørefelt;3;
tirsdag 20. januar 2009;21:25:00;Tirsdag;Møting i kurve;2;Vanlig veg/gate;Vegstrekning utenfor kryss/avkjørsel;Ikke tettsted;60;Riksveg;353;UID1000234252;Yrkesdøgn;Motsatt kjøreretning;Ulykke ved møting;2009;0;0;0;0;0;0;0;2;0;0;0;0;0;0;Nei;Telemark;40;Bamble;4012;;;0;206843093;59,05486595;9,6306314;Fylkesveg;;1;;;;;Asfalt, oljegrus;Delvis snø / isbelagt veg;God sikt, opphold;Mørkt uten vegbelysning;Vanlig kjørefelt;2;3800
tirsdag 20. juli 1999;17:35:00;Tirsdag;Avsvinging til venstre foran kjørende i motsatt retning;2;Vanlig veg/gate;3-armet kryss (T-kryss, Y-kryss);Ikke tettsted;60;Riksveg;354;UID1000203572;Yrkesdøgn;Kryssende kjøreretning;Ulykke ved avsvinging fra motsatte kjøreretning;1999;0;0;0;0;0;1;0;1;0;0;0;0;0;0;Ukjent;Telemark;40;Bamble;4012;;;0;107140875;59,03755916;9,675418087;Fylkesveg;;7;;;;;Asfalt, oljegrus;Tørr, bar veg;God sikt, opphold;Dagslys;Vanlig kjørefelt;2;
tirsdag 20. juni 2000;14:45:00;Tirsdag;Påkjøring forøvrig ved venstresving;2;Vanlig veg/gate;Avkjørsel;Ikke tettsted;30;Kommunal veg;5000;UID1000203228;Yrkesdøgn;Kryssende kjøreretning;Ulykke ved avsvinging fra samme kjøreretning;2000;0;0;0;0;0;0;0;1;0;0;1;0;0;0;Ukjent;Telemark;40;Porsgrunn;4001;;;0;107138883;59,12474822;9,694013691;Fylkesveg;;6;;;;;Asfalt, oljegrus;Tørr, bar veg;God sikt, opphold;Dagslys;Vanlig kjørefelt;1;
tirsdag 20. november 2001;18:00:00;Tirsdag;Påkjøring bakfra;2;Vanlig veg/gate;Vegstrekning utenfor kryss/avkjørsel;Tettsted;50;Riksveg;36;UID1000202646;Yrkesdøgn;Samme kjøreretning;Ulykke mellom kjøretøy med samme kjøreretning;2001;0;0;0;0;0;0;0;2;0;0;0;0;0;0;Ukjent;Telemark;40;Porsgrunn;4001;;;0;107135407;59,14036986;9,660504815;Fylkesveg;;11;;;;;Asfalt, oljegrus;Delvis snø / isbelagt veg;God sikt, opphold;Mørkt med vegbelysning;Vanlig kjørefelt;2;
tirsdag 20. september 2005;20:34:00;Tirsdag;Kryssende kjøreretninger (uten avsvinging);2;Vanlig veg/gate;4 armet kryss (X-kryss);Tettsted;50;Riksveg;36;UID1000200967;Yrkesdøgn;Kryssende kjøreretning;Ulykke ved kryssende kjøreretning uten avsvingning;2005;0;0;0;0;0;0;0;2;0;0;0;0;0;0;Ukjent;Telemark;40;Porsgrunn;4001;;;0;107125459;59,14229956;9,658417059;Fylkesveg;;9;;;;;Asfalt, oljegrus;Tørr, bar veg;God sikt, opphold;Mørkt med vegbelysning;Vanlig kjørefelt;;
tirsdag 21. august 2001;13:50:00;Tirsdag;Enslig kjøretøy kjørte utfor på venstre side i høyrekurve;1;Vanlig veg/gate;Vegstrekning utenfor kryss/avkjørsel;Tettsted;50;Riksveg;356;UID1000202713;Yrkesdøgn;Utforkjøring;Enslig kjøretøy kjørte utfor vegen;2001;0;0;0;0;0;1;0;0;0;0;0;0;0;0;Ukjent;Telemark;40;Skien;4003;;;0;107135832;59,12433694;9,583672479;Fylkesveg;;8;;;;;Asfalt, oljegrus;Tørr, bar veg;God sikt, opphold;Dagslys;Vanlig kjørefelt;2;
tirsdag 21. desember 1999;16:00:00;Tirsdag;Påkjøring bakfra;2;Vanlig veg/gate;Vegstrekning utenfor kryss/avkjørsel;Ikke tettsted;70;Riksveg;36;UID1000203394;Yrkesdøgn;Samme kjøreretning;Ulykke mellom kjøretøy med samme kjøreretning;1999;0;0;0;0;0;0;0;2;0;0;0;0;0;0;Ukjent;Telemark;40;Midt-Telemark;4020;;;0;107139886;59,36124051;9,185386281;Fylkesveg;;12;;;;;Asfalt, oljegrus;Våt, bar veg;God sikt, opphold;Tussmørke, skumring;Vanlig kjørefelt;2;
tirsdag 21. oktober 1997;17:55:00;Tirsdag;Venstresving foran kjørende i motsatt retning;2;Vanlig veg/gate;3-armet kryss (T-kryss, Y-kryss);Ikke tettsted;60;Europaveg;134;UID1000204240;Yrkesdøgn;Kryssende kjøreretning;Ulykke ved kryssende kjøreretning hvor kjøretøy foretar avsvingning;1997;0;0;0;0;0;0;0;2;0;0;0;0;0;0;Ukjent;Telemark;40;Notodden;4005;;;0;107144807;59,56694316;9,214249749;Fylkesveg;;10;;;;;Asfalt, oljegrus;Tørr, bar veg;God sikt, opphold;Tussmørke, skumring;Vanlig kjørefelt;3;
tirsdag 22. januar 2008;13:00:00;Tirsdag;Venstresving foran kjørende i motsatt retning;2;Vanlig veg/gate;3-armet kryss (T-kryss, Y-kryss);Ikke tettsted;60;Riksveg;36;UID1000226460;Yrkesdøgn;Kryssende kjøreretning;Ulykke ved kryssende kjøreretning hvor kjøretøy foretar avsvingning;2008;0;0;0;0;0;0;0;2;0;0;0;0;0;0;Nei;Telemark;40;Porsgrunn;4001;;;0;157049675;59,12257694;9,70758291;Fylkesveg;;1;;;;;Asfalt, oljegrus;Tørr, bar veg;God sikt, opphold;Dagslys;Vanlig kjørefelt;2;11124
tirsdag 22. juli 2003;17:15:00;Tirsdag;Enslig kjøretøy kjørte utfor ved avsvinging i kryss o.l.;1;Vanlig veg/gate;3-armet kryss (T-kryss, Y-kryss);Ikke tettsted;80;Skogsbilveg;101;UID1000202016;Yrkesdøgn;Utforkjøring;Enslig kjøretøy kjørte utfor vegen;2003;0;0;0;0;0;0;0;1;0;0;0;0;0;0;Ukjent;Telemark;40;Bamble;4012;;;0;107131733;58,9916384;9,634557831;Fylkesveg;;7;;;;;Grus;Tørr, bar veg;God sikt, opphold;Dagslys;Vanlig kjørefelt;1;
tirsdag 22. juni 1999;18:13:00;Tirsdag;Venstresving foran kjørende i motsatt retning;2;Vanlig veg/gate;3-armet kryss (T-kryss, Y-kryss);Ikke tettsted;80;Fylkesveg;30;UID1000203626;Yrkesdøgn;Kryssende kjøreretning;Ulykke ved kryssende kjøreretning hvor kjøretøy foretar avsvingning;1999;0;0;0;0;0;0;0;2;0;0;0;0;0;0;Ukjent;Telemark;40;Porsgrunn;4001;;;0;107141174;59,1045681;9,765278833;Fylkesveg;;6;;;;;Asfalt, oljegrus;Tørr, bar veg;God sikt, opphold;Dagslys;Vanlig kjørefelt;2;
tirsdag 22. juni 1999;13:29:00;Tirsdag;Påkjøring bakfra ved venstresving;3;Vanlig veg/gate;3-armet kryss (T-kryss, Y-kryss);Tettsted;60;Riksveg;36;UID1000203637;Yrkesdøgn;Kryssende kjøreretning;Ulykke ved avsvinging fra samme kjøreretning;1999;0;0;0;0;0;0;0;3;0;0;0;0;0;0;Ukjent;Telemark;40;Skien;4003;;;0;107141225;59,19544336;9,601386359;Fylkesveg;;6;;;;;Asfalt, oljegrus;Tørr, bar veg;God sikt, opphold;Dagslys;Vanlig kjørefelt;2;
tirsdag 23. april 2002;13:15:00;Tirsdag;Enslig kjøretøy kjørte utfor ved avsvinging i kryss o.l.;1;Vanlig veg/gate;3-armet kryss (T-kryss, Y-kryss);Ikke tettsted;50;Kommunal veg;4640;UID1000202531;Yrkesdøgn;Utforkjøring;Enslig kjøretøy kjørte utfor vegen;2002;0;0;0;0;0;0;0;0;0;0;1;0;0;0;Ukjent;Telemark;40;Porsgrunn;4001;;;0;107134758;59,13851518;9,645226016;Fylkesveg;;4;;;;;Asfalt, oljegrus;Tørr, bar veg;God sikt, opphold;Dagslys;Vanlig kjørefelt;2;
tirsdag 23. august 1994;21:55:00;Tirsdag;Ulykke med uklart forløp / ulykke som ikke faller inn under noen bestemt ul.kode;1;Ukjent;Annet (P-plass, torv, o. l.);Tettsted;;;621;UID1000205583;Yrkesdøgn;Andre ulykker;Andre ulykker(parkering o.l);1994;0;0;0;0;0;0;0;1;0;0;0;0;0;0;Ukjent;Telemark;40;Skien;4003;PF99999 S1D1 m0;Privat veg;99999;107152923;59,19480562;9,596663241;Privat veg;;8;;;;;Ukjent;Våt, bar veg;God sikt, nedbør;Mørkt med vegbelysning;Ukjent;;
tirsdag 23. desember 1997;02:00:00;Tirsdag;Enslig kjøretøy kjørte utfor på høyre side i venstrekurve;1;Vanlig veg/gate;3-armet kryss (T-kryss, Y-kryss);Ikke tettsted;60;Riksveg;360;UID1000204206;Yrkesdøgn;Utforkjøring;Enslig kjøretøy kjørte utfor vegen;1997;0;0;0;0;0;0;0;1;0;0;0;0;0;0;Ukjent;Telemark;40;Notodden;4005;;;0;107144586;59,51292561;9,316292645;Fylkesveg;;12;;;;;Asfalt, oljegrus;Våt, bar veg;God sikt, opphold;Mørkt uten vegbelysning;Vanlig kjørefelt;2;
tirsdag 23. januar 2001;07:14:00;Tirsdag;Venstresving foran kjørende i motsatt retning;2;Vanlig veg/gate;3-armet kryss (T-kryss, Y-kryss);Ikke tettsted;80;Riksveg;36;UID1000202959;Yrkesdøgn;Kryssende kjøreretning;Ulykke ved kryssende kjøreretning hvor kjøretøy foretar avsvingning;2001;0;0;0;0;0;0;0;2;0;0;0;0;0;0;Ukjent;Telemark;40;Skien;4003;;;0;107137275;59,18057906;9,570000182;Fylkesveg;;1;;;;;Asfalt, oljegrus;Delvis snø / isbelagt veg;God sikt, opphold;Tussmørke, skumring;Vanlig kjørefelt;2;
tirsdag 23. mars 2004;16:05:00;Tirsdag;Påkjøring bakfra;3;Vanlig veg/gate;Vegstrekning utenfor kryss/avkjørsel;Tettsted;60;Riksveg;36;UID1000201426;Yrkesdøgn;Samme kjøreretning;Ulykke mellom kjøretøy med samme kjøreretning;2004;0;0;0;0;0;0;0;3;0;0;0;0;0;0;Nei;Telemark;40;Porsgrunn;4001;;;0;107128270;59,12278699;9,707217862;Fylkesveg;;3;;;;;Asfalt, oljegrus;Ukjent;Ukjent;;Vanlig kjørefelt;3;11124
tirsdag 23. november 1993;16:30:00;Tirsdag;Påkjøring bakfra;2;Ukjent;3-armet kryss (T-kryss, Y-kryss);Tettsted;60;Riksveg;36;UID1000205880;Yrkesdøgn;Samme kjøreretning;Ulykke mellom kjøretøy med samme kjøreretning;1993;0;0;0;0;0;0;0;2;0;0;0;0;0;0;Ukjent;Telemark;40;Skien;4003;;;0;107154745;59,19144193;9,589162414;Fylkesveg;;11;;;;;Ukjent;Snø / isbelagt veg;God sikt, nedbør;Mørkt med vegbelysning;Ukjent;;
tirsdag 23. oktober 2007;15:33:00;Tirsdag;Påkjøring bakfra;3;Vanlig veg/gate;Vegstrekning utenfor kryss/avkjørsel;Tettsted;40;Riksveg;36;UID1000224363;Yrkesdøgn;Samme kjøreretning;Ulykke mellom kjøretøy med samme kjøreretning;2007;0;0;0;0;0;0;0;3;0;0;0;0;0;0;Ukjent;Telemark;40;Porsgrunn;4001;;;0;148448644;59,13881347;9,662043721;Fylkesveg;;10;;;;;Asfalt, oljegrus;Tørr, bar veg;God sikt, opphold;Dagslys;Vanlig kjørefelt;2;
tirsdag 23. oktober 2012;10:15:00;Tirsdag;Enslig kjøretøy kjørte utfor på høyre side i venstrekurve;1;Vanlig veg/gate;Vegstrekning utenfor kryss/avkjørsel;Ikke tettsted;80;Europaveg;134;UID1000258219;Yrkesdøgn;Utforkjøring;Enslig kjøretøy kjørte utfor vegen;2012;0;0;0;1;0;0;0;0;0;0;0;0;0;0;Ukjent;Telemark;40;Kviteseid;4028;;;0;369560546;59,4821601;8,347168731;Fylkesveg;;10;;;;;Asfalt, oljegrus;Tørr, bar veg;God sikt, opphold;Dagslys;Vanlig kjørefelt;2;
tirsdag 24. oktober 1995;14:35:00;Tirsdag;Påkjøring bakfra;2;Ukjent;4 armet kryss (X-kryss);Tettsted;50;Riksveg;36;UID1000205075;Yrkesdøgn;Samme kjøreretning;Ulykke mellom kjøretøy med samme kjøreretning;1995;0;0;0;0;0;0;0;2;0;0;0;0;0;0;Ukjent;Telemark;40;Porsgrunn;4001;;;0;107149826;59,13848412;9,662567954;Fylkesveg;;10;;;;;Ukjent;Tørr, bar veg;God sikt, opphold;Dagslys;Ukjent;;
tirsdag 24. oktober 2006;13:32:00;Tirsdag;Høyresving foran kjørende i motsatt retning;2;Vanlig veg/gate;Rundkjøring;Ikke tettsted;50;Skogsbilveg;;UID1000216420;Yrkesdøgn;Kryssende kjøreretning;Ulykke ved kryssende kjøreretning hvor kjøretøy foretar avsvingning;2006;0;0;0;0;0;0;1;1;0;0;0;0;0;0;Ukjent;Telemark;40;Porsgrunn;4001;;;0;119374202;59,13840591;9,643019063;Fylkesveg;;10;;;;;Asfalt, oljegrus;Tørr, bar veg;God sikt, opphold;Dagslys;Vanlig kjørefelt;2;
tirsdag 24. september 2002;15:10:00;Tirsdag;Påkjøring bakfra;2;Vanlig veg/gate;4 armet kryss (X-kryss);Tettsted;50;Riksveg;354;UID1000202328;Yrkesdøgn;Samme kjøreretning;Ulykke mellom kjøretøy med samme kjøreretning;2002;0;0;0;0;0;0;0;2;0;0;0;0;0;0;Ukjent;Telemark;40;Porsgrunn;4001;;;0;107133595;59,10605458;9,659365578;Fylkesveg;;9;;;;;Asfalt, oljegrus;Ukjent;Ukjent;Dagslys;Vanlig kjørefelt;2;
tirsdag 25. juli 2000;22:20:00;Tirsdag;Enslig kjøretøy kjørte utfor på venstre side på rett vegstrekning;1;Vanlig veg/gate;Vegstrekning utenfor kryss/avkjørsel;Ikke tettsted;80;Riksveg;37;UID1000203185;Yrkesdøgn;Utforkjøring;Enslig kjøretøy kjørte utfor vegen;2000;0;0;0;0;0;0;0;1;0;0;0;0;0;0;Ukjent;Telemark;40;Notodden;4005;;;0;107138634;59,70681087;9,013081832;Fylkesveg;;7;;;;;Asfalt, oljegrus;Våt, bar veg;Dårlig sikt, nedbør;Mørkt uten vegbelysning;Vanlig kjørefelt;2;
tirsdag 25. mai 1993;14:00:00;Tirsdag;Venstresving foran kjørende i motsatt retning;2;Ukjent;3-armet kryss (T-kryss, Y-kryss);Ikke tettsted;80;Riksveg;11;UID1000206117;Yrkesdøgn;Kryssende kjøreretning;Ulykke ved kryssende kjøreretning hvor kjøretøy foretar avsvingning;1993;0;0;0;1;0;0;0;1;0;0;0;0;0;0;Ukjent;Telemark;40;Notodden;4005;;;0;107156109;59,56527363;9,223709179;Fylkesveg;;5;;;;;Ukjent;Tørr, bar veg;God sikt, opphold;Dagslys;Ukjent;;
tirsdag 25. mars 2008;10:55:00;Tirsdag;Fotgjenger krysset kjørebanen i gangfelt utenfor kryss;2;Vanlig veg/gate;Vegstrekning utenfor kryss/avkjørsel;Tettsted;50;Kommunal veg;4360;UID1000227692;Yrkesdøgn;Fotgjenger/akende;Fotgjenger krysset kjørebanen;2008;0;0;1;0;0;0;0;1;0;0;0;0;0;0;Ukjent;Telemark;40;Porsgrunn;4001;;;0;159604349;59,13847149;9,643516649;Fylkesveg;;3;;;;;Asfalt, oljegrus;Delvis snø / isbelagt veg;God sikt, opphold;Dagslys;Vanlig kjørefelt;2;
tirsdag 25. september 2007;12:35:00;Tirsdag;Enslig kjøretøy kjørte utfor på venstre side i høyrekurve;1;Vanlig veg/gate;Vegstrekning utenfor kryss/avkjørsel;Ikke tettsted;70;Riksveg;36;UID1000224292;Yrkesdøgn;Utforkjøring;Enslig kjøretøy kjørte utfor vegen;2007;0;0;0;1;0;0;0;0;0;0;0;0;0;0;Ukjent;Telemark;40;Nome;4018;;;0;147110199;59,32815905;9,22784079;Fylkesveg;;9;;;;;Asfalt, oljegrus;Tørr, bar veg;God sikt, opphold;Dagslys;Vanlig kjørefelt;2;
tirsdag 26. august 2003;09:10:00;Tirsdag;Kjørende fra fortau eller G/S-veg krysset kjørebanen på hitsiden av krysset;2;Vanlig veg/gate;3-armet kryss (T-kryss, Y-kryss);Tettsted;50;Kommunal veg;4140;UID1000201981;Yrkesdøgn;Kryssende kjøreretning;Ulykke ved kryssende kjøreretning uten avsvingning;2003;0;0;0;0;0;0;0;1;0;0;1;0;0;0;Ukjent;Telemark;40;Porsgrunn;4001;;;0;107131515;59,15176402;9,660757245;Fylkesveg;;8;;;;;Asfalt, oljegrus;Tørr, bar veg;God sikt, opphold;Dagslys;Vanlig kjørefelt;2;
tirsdag 26. august 2008;13:28:00;Tirsdag;Enslig kjøretøy kjørte utfor på høyre side i venstrekurve;1;Vanlig veg/gate;Vegstrekning utenfor kryss/avkjørsel;Tettsted;80;Europaveg;134;UID1000231688;Yrkesdøgn;Utforkjøring;Enslig kjøretøy kjørte utfor vegen;2008;0;0;0;0;0;0;0;1;0;0;0;0;0;0;Ukjent;Telemark;40;Kviteseid;4028;;;0;187241305;59,48234396;8,344068335;Fylkesveg;;8;;;;;Asfalt, oljegrus;Tørr, bar veg;God sikt, opphold;Dagslys;Vanlig kjørefelt;2;
tirsdag 26. februar 2002;16:50:00;Tirsdag;Møting i kurve;2;Vanlig veg/gate;Vegstrekning utenfor kryss/avkjørsel;Ikke tettsted;;Kommunal veg;35800;UID1000201788;Yrkesdøgn;Motsatt kjøreretning;Ulykke ved møting;2002;0;0;0;0;0;0;0;2;0;0;0;0;0;0;Nei;Telemark;40;Skien;4003;KV35800 S1D1 m811;Kommunal veg;35800;107130450;59,215995;9,568766066;Kommunal veg;;2;;;;;Asfalt, oljegrus;Ukjent;Ukjent;;Vanlig kjørefelt;2;
tirsdag 26. juni 1990;07:00:00;Tirsdag;Enslig kjøretøy kjørte utfor på venstre side i høyrekurve;1;Ukjent;Vegstrekning utenfor kryss/avkjørsel;Ikke tettsted;80;Riksveg;38;UID1000207380;Yrkesdøgn;Utforkjøring;Enslig kjøretøy kjørte utfor vegen;1990;0;0;0;0;0;0;0;1;0;0;0;0;0;0;Ukjent;Telemark;40;Kragerø;4014;;;0;107163425;58,87897655;9,367741693;Fylkesveg;;6;;;;;Ukjent;Tørr, bar veg;God sikt, opphold;Dagslys;Ukjent;;
tirsdag 27. august 1996;13:45:00;Tirsdag;Venstresving foran kjørende i motsatt retning;2;Vanlig veg/gate;3-armet kryss (T-kryss, Y-kryss);Ikke tettsted;80;Riksveg;353;UID1000204779;Yrkesdøgn;Kryssende kjøreretning;Ulykke ved kryssende kjøreretning hvor kjøretøy foretar avsvingning;1996;0;1;0;0;0;0;0;1;0;0;0;0;0;0;Ukjent;Telemark;40;Skien;4003;;;0;107148038;59,17364283;9,568771479;Fylkesveg;;8;;;;;Asfalt, oljegrus;Tørr, bar veg;God sikt, opphold;Dagslys;Vanlig kjørefelt;2;
tirsdag 27. februar 2007;10:01:00;Tirsdag;Møting på rett vegstrekning;2;;Vegstrekning utenfor kryss/avkjørsel;Ikke tettsted;60;Riksveg;36;UID1000219194;Yrkesdøgn;Motsatt kjøreretning;Ulykke ved møting;2007;0;0;0;1;0;0;0;1;0;0;0;0;0;0;Nei;Telemark;40;Porsgrunn;4001;;;0;130459956;59,12876812;9,68780565;Fylkesveg;;2;;;;;Asfalt, oljegrus;Delvis snø / isbelagt veg;God sikt, opphold;Dagslys;;2;15800
tirsdag 27. januar 2004;15:15:00;Tirsdag;Påkjøring bakfra;3;Vanlig veg/gate;3-armet kryss (T-kryss, Y-kryss);Tettsted;50;Kommunal veg;4640;UID1000201700;Yrkesdøgn;Samme kjøreretning;Ulykke mellom kjøretøy med samme kjøreretning;2004;0;0;0;0;0;0;0;1;0;0;0;0;0;2;Ukjent;Telemark;40;Porsgrunn;4001;;;0;107129973;59,13794365;9,643809465;Fylkesveg;;1;;;;;Asfalt, oljegrus;Delvis snø / isbelagt veg;God sikt, opphold;Tussmørke, skumring;Vanlig kjørefelt;2;
tirsdag 27. september 1994;19:27:00;Tirsdag;Avsvinging til venstre foran kjørende i motsatt retning;2;Ukjent;3-armet kryss (T-kryss, Y-kryss);Tettsted;50;Riksveg;36;UID1000205488;Yrkesdøgn;Kryssende kjøreretning;Ulykke ved avsvinging fra motsatte kjøreretning;1994;0;0;0;0;0;0;1;1;0;0;0;0;0;0;Ukjent;Telemark;40;Porsgrunn;4001;;;0;107152353;59,13526781;9,670126535;Fylkesveg;;9;;;;;Ukjent;Tørr, bar veg;God sikt, opphold;Mørkt med vegbelysning;Ukjent;;
tirsdag 28. desember 2010;15:00:00;Tirsdag;Møting i kurve;2;Vanlig veg/gate;Vegstrekning utenfor kryss/avkjørsel;Tettsted;80;Europaveg;134;UID1000247535;Yrkesdøgn;Motsatt kjøreretning;Ulykke ved møting;2010;0;0;0;1;0;0;0;1;0;0;0;0;0;0;Ukjent;Telemark;40;Kviteseid;4028;;;0;275558393;59,48195065;8,347829997;Fylkesveg;;12;;;;;Asfalt, oljegrus;Ukjent;Ukjent;Dagslys;Vanlig kjørefelt;2;
tirsdag 28. februar 2017;07:33:00;Tirsdag;Enslig kjøretøy kjørte utfor på høyre side på rett vegstrekning;2;Vanlig veg/gate;Vegstrekning utenfor kryss/avkjørsel;Ikke tettsted;50;Europaveg;134;UID1000281214;Yrkesdøgn;Utforkjøring;Enslig kjøretøy kjørte utfor vegen;2017;0;0;0;1;0;0;0;1;0;0;0;0;0;0;Ukjent;Telemark;40;Hjartdal;4024;;;0;764113886;59,61113028;9,005509105;Fylkesveg;;2;;;;;Asfalt, oljegrus;Delvis snø / isbelagt veg;God sikt, nedbør;Dagslys;Vanlig kjørefelt;2;
tirsdag 28. februar 2017;07:25:00;Tirsdag;Møting i kurve;2;Ukjent;Vegstrekning utenfor kryss/avkjørsel;Ikke tettsted;80;Riksveg;36;UID1000281544;Yrkesdøgn;Motsatt kjøreretning;Ulykke ved møting;2017;0;0;0;0;0;0;0;2;0;0;0;0;0;0;Nei;Telemark;40;Seljord;4022;;;0;768477947;59,46561392;8,699133464;Fylkesveg;;2;;;;;Asfalt, oljegrus;Snø / isbelagt veg;God sikt, nedbør;Dagslys;Ukjent;2;2450
tirsdag 28. juli 1998;15:00:00;Tirsdag;Påkjøring bakfra;2;Vanlig veg/gate;3-armet kryss (T-kryss, Y-kryss);Tettsted;60;Riksveg;36;UID1000203983;Yrkesdøgn;Samme kjøreretning;Ulykke mellom kjøretøy med samme kjøreretning;1998;0;0;0;0;0;0;0;2;0;0;0;0;0;0;Ukjent;Telemark;40;Skien;4003;;;0;107143275;59,1906107;9,589083732;Fylkesveg;;7;;;;;Asfalt, oljegrus;Tørr, bar veg;God sikt, opphold;Dagslys;Vanlig kjørefelt;2;
tirsdag 28. juli 2009;17:10:00;Tirsdag;Enslig kjøretøy kjørte utfor på høyre side i høyrekurve;1;Vanlig veg/gate;Vegstrekning utenfor kryss/avkjørsel;Ikke tettsted;80;Europaveg;134;UID1000237510;Yrkesdøgn;Utforkjøring;Enslig kjøretøy kjørte utfor vegen;2009;0;0;0;0;0;0;0;1;0;0;0;0;0;0;Ukjent;Telemark;40;Tokke;4034;;;0;220111314;59,48978732;8,238159116;Fylkesveg;;7;;;;;Asfalt, oljegrus;Tørr, bar veg;God sikt, opphold;Dagslys;Vanlig kjørefelt;2;
tirsdag 28. juni 2011;15:30:00;Tirsdag;Påkjøring bakfra ved venstresving;2;Vanlig veg/gate;3-armet kryss (T-kryss, Y-kryss);Tettsted;80;Fylkesveg;353;UID1000249679;Yrkesdøgn;Kryssende kjøreretning;Ulykke ved avsvinging fra samme kjøreretning;2011;0;0;0;0;0;0;0;2;0;0;0;0;0;0;Ukjent;Telemark;40;Skien;4003;;;0;287646575;59,17372767;9,568863175;Fylkesveg;;6;;;;;Asfalt, oljegrus;Tørr, bar veg;God sikt, opphold;Dagslys;Vanlig kjørefelt;2;
tirsdag 28. november 2006;16:56:00;Tirsdag;Fotgjenger gikk på vegens venstre side;2;;Vegstrekning utenfor kryss/avkjørsel;Ikke tettsted;50;Kommunal veg;1750;UID1000217232;Yrkesdøgn;Fotgjenger/akende;Fotgjenger langs vegen eller i kjørebanen;2006;0;0;1;0;0;0;0;0;0;0;0;1;0;0;Ukjent;Telemark;40;Porsgrunn;4001;;;0;119584371;59,14325513;9,660422074;Fylkesveg;;11;;;;;Grus;Tørr, bar veg;Dårlig sikt forøvrig;Mørkt uten vegbelysning;;1;
tirsdag 28. oktober 1997;14:55:00;Tirsdag;Kjørende fra fortau eller G/S-veg krysset kjørebanen på hitsiden av krysset;2;Vanlig veg/gate;3-armet kryss (T-kryss, Y-kryss);Tettsted;50;Riksveg;356;UID1000204261;Yrkesdøgn;Kryssende kjøreretning;Ulykke ved kryssende kjøreretning uten avsvingning;1997;0;0;0;0;0;0;0;1;0;0;1;0;0;0;Ukjent;Telemark;40;Porsgrunn;4001;;;0;107144933;59,13844815;9,643170057;Fylkesveg;;10;;;;;Asfalt, oljegrus;Tørr, bar veg;God sikt, opphold;Dagslys;Vanlig kjørefelt;2;
tirsdag 28. september 2004;12:29:00;Tirsdag;Enslig kjøretøy kjørte utfor på høyre side i venstrekurve;1;Vanlig veg/gate;Vegstrekning utenfor kryss/avkjørsel;Ikke tettsted;70;Riksveg;353;UID1000201395;Yrkesdøgn;Utforkjøring;Enslig kjøretøy kjørte utfor vegen;2004;0;0;0;1;0;0;0;0;0;0;0;0;0;0;Nei;Telemark;40;Bamble;4012;;;0;107128103;59,05526989;9,629956739;Fylkesveg;;9;;;;;Asfalt, oljegrus;Tørr, bar veg;God sikt, opphold;Dagslys;Vanlig kjørefelt;2;4438
tirsdag 28. september 2004;14:58:00;Tirsdag;Påkjøring bakfra;5;Vanlig veg/gate;Vegstrekning utenfor kryss/avkjørsel;Ikke tettsted;50;Riksveg;36;UID1000201453;Yrkesdøgn;Samme kjøreretning;Ulykke mellom kjøretøy med samme kjøreretning;2004;0;0;0;0;0;0;0;5;0;0;0;0;0;0;Ukjent;Telemark;40;Porsgrunn;4001;;;0;107128423;59,13586389;9,667337009;Fylkesveg;;9;;;;;Asfalt, oljegrus;Tørr, bar veg;God sikt, opphold;Dagslys;Vanlig kjørefelt;3;
tirsdag 29. juli 1997;12:30:00;Tirsdag;Påkjøring bakfra ved venstresving;2;Vanlig veg/gate;3-armet kryss (T-kryss, Y-kryss);Tettsted;70;Riksveg;36;UID1000204318;Yrkesdøgn;Kryssende kjøreretning;Ulykke ved avsvinging fra samme kjøreretning;1997;0;1;0;0;0;0;0;1;0;0;0;0;0;0;Ukjent;Telemark;40;Midt-Telemark;4020;;;0;107145263;59,36405523;9,183104316;Fylkesveg;;7;;;;;Asfalt, oljegrus;Tørr, bar veg;God sikt, opphold;Dagslys;Vanlig kjørefelt;2;
tirsdag 29. mai 2001;00:05:00;Tirsdag;Ulykke med dyr innblandet;1;Vanlig veg/gate;Vegstrekning utenfor kryss/avkjørsel;Ikke tettsted;80;Riksveg;36;UID1000202756;Yrkesdøgn;Andre ulykker;Andre ulykker(parkering o.l);2001;0;0;0;0;0;0;0;1;0;0;0;0;0;0;Ukjent;Telemark;40;Midt-Telemark;4020;;;0;107136051;59,35619891;9,190817956;Fylkesveg;;5;;;;;Asfalt, oljegrus;Tørr, bar veg;God sikt, opphold;Mørkt uten vegbelysning;Vanlig kjørefelt;2;
tirsdag 29. november 1994;22:48:00;Tirsdag;Påkjøring bakfra;2;Ukjent;Vegstrekning utenfor kryss/avkjørsel;Tettsted;50;T;723;UID1000205479;Yrkesdøgn;Samme kjøreretning;Ulykke mellom kjøretøy med samme kjøreretning;1994;0;0;0;0;0;0;0;1;0;0;1;0;0;0;Ukjent;Telemark;40;Notodden;4005;KF99999 S1D1 m0;Kommunal veg;99999;107152307;59,56712731;9,238967651;Kommunal veg;;11;;;;;Ukjent;Tørr, bar veg;God sikt, opphold;Mørkt uten vegbelysning;Ukjent;;
tirsdag 29. oktober 2002;12:55:00;Tirsdag;Enslig kjøretøy kjørte utfor på høyre side i venstrekurve;1;Vanlig veg/gate;Vegstrekning utenfor kryss/avkjørsel;Ikke tettsted;70;Riksveg;36;UID1000202298;Yrkesdøgn;Utforkjøring;Enslig kjøretøy kjørte utfor vegen;2002;0;0;0;0;0;0;0;1;0;0;0;0;0;0;Ukjent;Telemark;40;Nome;4018;;;0;107133420;59,32815011;9,227842311;Fylkesveg;;10;;;;;Asfalt, oljegrus;Tørr, bar veg;God sikt, opphold;Dagslys;Vanlig kjørefelt;2;
tirsdag 3. august 2004;15:50:00;Tirsdag;Kjørende fra fortau eller G/S-veg krysset kjørebanen på hitsiden av krysset;2;Vanlig veg/gate;3-armet kryss (T-kryss, Y-kryss);Ikke tettsted;60;Riksveg;354;UID1000201555;Yrkesdøgn;Kryssende kjøreretning;Ulykke ved kryssende kjøreretning uten avsvingning;2004;0;0;0;0;0;0;0;1;0;0;1;0;0;0;Ukjent;Telemark;40;Skien;4003;;;0;107129051;59,15674337;9,637078544;Fylkesveg;;8;;;;;Asfalt, oljegrus;Tørr, bar veg;God sikt, opphold;Dagslys;Vanlig kjørefelt;2;
tirsdag 3. august 2010;07:57:00;Tirsdag;Enslig kjøretøy kjørte utfor på venstre side på rett vegstrekning;1;Vanlig veg/gate;Vegstrekning utenfor kryss/avkjørsel;Ikke tettsted;80;Riksveg;41;UID1000244922;Yrkesdøgn;Utforkjøring;Enslig kjøretøy kjørte utfor vegen;2010;0;0;0;0;0;0;0;1;0;0;0;0;0;0;Nei;Telemark;40;Nissedal;4030;;;0;264592788;59,12215515;8,518373867;Fylkesveg;;8;;;;;Asfalt, oljegrus;Ukjent;Ukjent;Dagslys;Vanlig kjørefelt;2;600
tirsdag 3. desember 2002;21:00:00;Tirsdag;Avsvinging til venstre foran kjørende i motsatt retning;2;Vanlig veg/gate;3-armet kryss (T-kryss, Y-kryss);Ikke tettsted;60;Riksveg;36;UID1000202265;Yrkesdøgn;Kryssende kjøreretning;Ulykke ved avsvinging fra motsatte kjøreretning;2002;0;0;0;0;0;0;0;2;0;0;0;0;0;0;Ja;Telemark;40;Porsgrunn;4001;;;0;107133190;59,12202379;9,709681297;Fylkesveg;;12;;;;;Asfalt, oljegrus;Våt, bar veg;God sikt, opphold;Mørkt med vegbelysning;Vanlig kjørefelt;2;11859
tirsdag 3. juli 2007;15:49:00;Tirsdag;Enslig kjøretøy kjørte på trafikkøy eller ende av midtdeler;1;Vanlig veg/gate;Vegstrekning utenfor kryss/avkjørsel;Ikke tettsted;80;Riksveg;36;UID1000222329;Yrkesdøgn;Utforkjøring;Enslig kjøretøy kjørte utfor vegen;2007;0;0;0;0;0;0;0;1;0;0;0;0;0;0;Ukjent;Telemark;40;Seljord;4022;;;0;140855639;59,45095469;8,735019726;Fylkesveg;;7;;;;;Asfalt, oljegrus;Våt, bar veg;God sikt, nedbør;Dagslys;Vanlig kjørefelt;2;
tirsdag 3. mai 2005;16:00:00;Tirsdag;Enslig kjøretøy kjørte utfor på høyre side i venstrekurve;1;Vanlig veg/gate;Vegstrekning utenfor kryss/avkjørsel;Ikke tettsted;80;Riksveg;41;UID1000201113;Yrkesdøgn;Utforkjøring;Enslig kjøretøy kjørte utfor vegen;2005;0;0;0;0;0;0;0;1;0;0;0;0;0;0;Nei;Telemark;40;Nissedal;4030;;;0;107126310;59,05991272;8,507295246;Fylkesveg;;5;;;;;Asfalt, oljegrus;Tørr, bar veg;God sikt, opphold;Dagslys;Vanlig kjørefelt;2;866
tirsdag 3. oktober 2017;13:45:00;Tirsdag;Høyresving foran kjørende i samme retning;2;Vanlig veg/gate;3-armet kryss (T-kryss, Y-kryss);Ikke tettsted;60;Fylkesveg;32;UID1000283868;Yrkesdøgn;Kryssende kjøreretning;Ulykke ved kryssende kjøreretning hvor kjøretøy foretar avsvingning;2017;0;0;0;0;0;0;1;1;0;0;0;0;0;0;Nei;Telemark;40;Porsgrunn;4001;;;0;840161148;59,12254117;9,707588441;Fylkesveg;;10;;;;;Asfalt, oljegrus;Tørr, bar veg;God sikt, opphold;Dagslys;Vanlig kjørefelt;2;16100
tirsdag 30. april 2002;17:36:00;Tirsdag;Påkjøring bakfra;2;Vanlig veg/gate;Vegstrekning utenfor kryss/avkjørsel;Tettsted;60;Riksveg;354;UID1000201743;Yrkesdøgn;Samme kjøreretning;Ulykke mellom kjøretøy med samme kjøreretning;2002;0;0;0;0;0;0;0;2;0;0;0;0;0;0;Ukjent;Telemark;40;Skien;4003;;;0;107130227;59,15626991;9,637380622;Fylkesveg;;4;;;;;Asfalt, oljegrus;Tørr, bar veg;God sikt, opphold;Dagslys;Vanlig kjørefelt;2;
tirsdag 30. mai 2000;08:03:00;Tirsdag;Påkjøring bakfra;2;Vanlig veg/gate;Vegstrekning utenfor kryss/avkjørsel;Ikke tettsted;;Kommunal veg;1011;UID1000203214;Yrkesdøgn;Samme kjøreretning;Ulykke mellom kjøretøy med samme kjøreretning;2000;0;0;0;0;0;0;0;1;0;0;0;0;0;1;Ukjent;Telemark;40;Kragerø;4014;;;0;107138791;58,87067881;9,400395247;Fylkesveg;;5;;;;;Asfalt, oljegrus;Tørr, bar veg;God sikt, opphold;Dagslys;Vanlig kjørefelt;;
tirsdag 30. mai 2000;15:40:00;Tirsdag;Påkjøring bakfra ved høyresving;2;Vanlig veg/gate;3-armet kryss (T-kryss, Y-kryss);Ikke tettsted;50;Europaveg;134;UID1000203238;Yrkesdøgn;Kryssende kjøreretning;Ulykke ved avsvinging fra samme kjøreretning;2000;0;1;0;0;0;0;0;0;0;0;0;0;0;1;Ukjent;Telemark;40;Notodden;4005;;;0;107138950;59,56534786;9,223962532;Fylkesveg;;5;;;;;Asfalt, oljegrus;Tørr, bar veg;God sikt, opphold;Dagslys;Vanlig kjørefelt;2;
tirsdag 30. mai 2006;12:29:00;Tirsdag;Enslig kjøretøy kjørte utfor på høyre side i venstrekurve;1;Vanlig veg/gate;Vegstrekning utenfor kryss/avkjørsel;Ikke tettsted;80;Riksveg;41;UID1000213426;Yrkesdøgn;Utforkjøring;Enslig kjøretøy kjørte utfor vegen;2006;0;0;0;0;0;1;0;0;0;0;0;0;0;0;Nei;Telemark;40;Nissedal;4030;;;0;114365983;59,05575008;8,511039351;Fylkesveg;;5;;;;;Asfalt, oljegrus;Tørr, bar veg;God sikt, opphold;Dagslys;Vanlig kjørefelt;2;866
tirsdag 30. mai 2006;21:45:00;Tirsdag;Møting i kurve;2;Vanlig veg/gate;Vegstrekning utenfor kryss/avkjørsel;Ikke tettsted;80;Riksveg;36;UID1000213432;Yrkesdøgn;Motsatt kjøreretning;Ulykke ved møting;2006;0;0;0;0;0;0;0;2;0;0;0;0;0;0;Ukjent;Telemark;40;Midt-Telemark;4020;;;0;114366011;59,3470289;9,207636421;Fylkesveg;;5;;;;;Asfalt, oljegrus;Tørr, bar veg;God sikt, opphold;Dagslys;Vanlig kjørefelt;2;
tirsdag 30. november 1999;14:35:00;Tirsdag;Påkjøring bakfra;2;Vanlig veg/gate;Vegstrekning utenfor kryss/avkjørsel;Ikke tettsted;60;Europaveg;134;UID1000203400;Yrkesdøgn;Samme kjøreretning;Ulykke mellom kjøretøy med samme kjøreretning;1999;0;0;0;1;0;0;0;1;0;0;0;0;0;0;Ukjent;Telemark;40;Notodden;4005;;;0;107139919;59,56484032;9,225309339;Fylkesveg;;11;;;;;Asfalt, oljegrus;Våt, bar veg;God sikt, opphold;Dagslys;Vanlig kjørefelt;2;
tirsdag 30. september 1997;13:45:00;Tirsdag;Påkjøring bakfra;3;Vanlig veg/gate;3-armet kryss (T-kryss, Y-kryss);Tettsted;60;Riksveg;354;UID1000204289;Yrkesdøgn;Samme kjøreretning;Ulykke mellom kjøretøy med samme kjøreretning;1997;0;0;0;0;0;0;0;2;0;0;0;0;0;1;Ukjent;Telemark;40;Skien;4003;;;0;107145103;59,18532312;9,615981877;Fylkesveg;;9;;;;;Asfalt, oljegrus;Tørr, bar veg;God sikt, opphold;Dagslys;Vanlig kjørefelt;2;
tirsdag 31. oktober 2017;20:41:00;Tirsdag;Høyresving foran kjørende i samme retning;2;Rampe;Rundkjøring;Ikke tettsted;80;Europaveg;18;UID1000284309;Yrkesdøgn;Kryssende kjøreretning;Ulykke ved kryssende kjøreretning hvor kjøretøy foretar avsvingning;2017;0;0;0;0;0;0;0;1;0;0;0;0;0;1;Nei;Telemark;40;Porsgrunn;4001;;;0;843810509;59,07629271;9,662586543;Fylkesveg;;10;;;;;Asfalt, oljegrus;Tørr, bar veg;God sikt, opphold;Mørkt med vegbelysning;Vanlig kjørefelt;1;5000
tirsdag 4. oktober 1994;12:00:00;Tirsdag;Påkjøring bakfra;3;Ukjent;Vegstrekning utenfor kryss/avkjørsel;Tettsted;60;Riksveg;354;UID1000205520;Yrkesdøgn;Samme kjøreretning;Ulykke mellom kjøretøy med samme kjøreretning;1994;0;0;0;0;0;0;0;3;0;0;0;0;0;0;Ukjent;Telemark;40;Skien;4003;;;0;107152546;59,15712813;9,636807899;Fylkesveg;;10;;;;;Ukjent;Tørr, bar veg;God sikt, opphold;Dagslys;Ukjent;;
tirsdag 5. desember 2000;00:05:00;Tirsdag;Enslig kjøretøy kjørte utfor på høyre side i venstrekurve;1;Vanlig veg/gate;Vegstrekning utenfor kryss/avkjørsel;Ikke tettsted;60;Riksveg;357;UID1000203014;Yrkesdøgn;Utforkjøring;Enslig kjøretøy kjørte utfor vegen;2000;0;0;0;0;1;0;0;0;0;0;0;0;0;0;Ukjent;Telemark;40;Skien;4003;;;0;107137630;59,21025837;9,540598688;Fylkesveg;;12;;;;;Asfalt, oljegrus;Våt, bar veg;Ukjent;Mørkt uten vegbelysning;Vanlig kjørefelt;2;
tirsdag 5. november 2002;21:45:00;Tirsdag;Avsvinging til venstre foran kjørende i motsatt retning;2;Vanlig veg/gate;3-armet kryss (T-kryss, Y-kryss);Ikke tettsted;60;Riksveg;36;UID1000202199;Yrkesdøgn;Kryssende kjøreretning;Ulykke ved avsvinging fra motsatte kjøreretning;2002;0;0;0;0;0;0;0;1;0;0;0;0;0;1;Ukjent;Telemark;40;Skien;4003;;;0;107132794;59,19158934;9,589244283;Fylkesveg;;11;;;;;Asfalt, oljegrus;Våt, bar veg;God sikt, opphold;Mørkt med vegbelysning;Vanlig kjørefelt;2;
tirsdag 5. oktober 1993;11:55:00;Tirsdag;Påkjøring bakfra ved venstresving;3;Ukjent;Annet (P-plass, torv, o. l.);Tettsted;60;Riksveg;36;UID1000205933;Yrkesdøgn;Kryssende kjøreretning;Ulykke ved avsvinging fra samme kjøreretning;1993;0;0;0;0;0;0;0;3;0;0;0;0;0;0;Ukjent;Telemark;40;Skien;4003;;;0;107155089;59,19556034;9,602034455;Fylkesveg;;10;;;;;Ukjent;Tørr, bar veg;God sikt, opphold;Dagslys;Ukjent;;
tirsdag 5. september 2006;12:00:00;Tirsdag;Påkjøring bakfra;2;Vanlig veg/gate;Vegstrekning utenfor kryss/avkjørsel;Tettsted;60;Europaveg;134;UID1000215679;Yrkesdøgn;Samme kjøreretning;Ulykke mellom kjøretøy med samme kjøreretning;2006;0;0;0;0;0;0;0;2;0;0;0;0;0;0;Ukjent;Telemark;40;Notodden;4005;;;0;119359154;59,57643675;9,189437054;Fylkesveg;;9;;;;;Asfalt, oljegrus;Tørr, bar veg;God sikt, opphold;Dagslys;Vanlig kjørefelt;2;
tirsdag 6. april 2010;07:55:00;Tirsdag;Enslig kjøretøy kjørte utfor på venstre side på rett vegstrekning;1;Vanlig veg/gate;Vegstrekning utenfor kryss/avkjørsel;Tettsted;80;Europaveg;134;UID1000242027;Yrkesdøgn;Utforkjøring;Enslig kjøretøy kjørte utfor vegen;2010;0;0;0;0;0;0;0;1;0;0;0;0;0;0;Ukjent;Telemark;40;Kviteseid;4028;;;0;245651618;59,48225334;8,345467733;Fylkesveg;;4;;;;;Asfalt, oljegrus;Delvis snø / isbelagt veg;God sikt, nedbør;Dagslys;Vanlig kjørefelt;2;
tirsdag 6. oktober 1992;17:30:00;Tirsdag;Påkjøring bakfra ved høyresving;2;Ukjent;4 armet kryss (X-kryss);Tettsted;50;Riksveg;11;UID1000206406;Yrkesdøgn;Kryssende kjøreretning;Ulykke ved avsvinging fra samme kjøreretning;1992;0;0;0;0;0;0;0;2;0;0;0;0;0;0;Ukjent;Telemark;40;Notodden;4005;;;0;107157676;59,56694316;9,214249749;Fylkesveg;;10;;;;;Ukjent;Tørr, bar veg;God sikt, opphold;Tussmørke, skumring;Ukjent;;
tirsdag 7. august 2007;20:05:00;Tirsdag;Enslig kjøretøy kjørte utfor på venstre side i høyrekurve;1;Vanlig veg/gate;Vegstrekning utenfor kryss/avkjørsel;Ikke tettsted;80;Europaveg;134;UID1000222823;Yrkesdøgn;Utforkjøring;Enslig kjøretøy kjørte utfor vegen;2007;0;0;0;0;0;0;0;1;0;0;0;0;0;0;Ukjent;Telemark;40;Tokke;4034;;;0;143244584;59,4893633;8,23866949;Fylkesveg;;8;;;;;Asfalt, oljegrus;Tørr, bar veg;God sikt, nedbør;Dagslys;Vanlig kjørefelt;2;
tirsdag 7. januar 2014;07:55:00;Tirsdag;Avsvinging til høyre foran kjørende i motsatt retning fra fortau eller G/S-veg;2;Vanlig veg/gate;3-armet kryss (T-kryss, Y-kryss);Ikke tettsted;50;Riksveg;36;UID1000265540;Yrkesdøgn;Kryssende kjøreretning;Ulykke ved avsvinging fra motsatte kjøreretning;2014;0;0;0;0;0;0;0;1;0;0;1;0;0;0;Nei;Telemark;40;Porsgrunn;4001;;;0;486181705;59,10199009;9,670355444;Fylkesveg;;1;;;;;Asfalt, oljegrus;Våt, bar veg;God sikt, opphold;Mørkt med vegbelysning;Vanlig kjørefelt;3;14300
tirsdag 7. mars 2006;16:02:00;Tirsdag;Kjørende fra fortau / G/S-veg krysset kjørebanen utenfor kryss;2;Vanlig veg/gate;Vegstrekning utenfor kryss/avkjørsel;Tettsted;50;Riksveg;36;UID1000200783;Yrkesdøgn;Kryssende kjøreretning;Ulykke ved kryssende kjøreretning uten avsvingning;2006;0;0;1;0;0;0;0;1;0;0;0;0;0;0;Ukjent;Telemark;40;Skien;4003;;;0;107124299;59,19601735;9,60436547;Fylkesveg;;3;;;;;Asfalt, oljegrus;Våt, bar veg;God sikt, opphold;Dagslys;Vanlig kjørefelt;2;
tirsdag 8. august 2017;14:30:00;Tirsdag;Ulykke med uklart forløp ved kryssende kj.retn hvor ett el. begge kj.tøy svinger av;2;Vanlig veg/gate;4 armet kryss (X-kryss);Ikke tettsted;80;Fylkesveg;30;UID1000283473;Yrkesdøgn;Kryssende kjøreretning;Ulykke ved kryssende kjøreretning hvor kjøretøy foretar avsvingning;2017;0;0;0;0;0;0;0;2;0;0;0;0;0;0;Nei;Telemark;40;Porsgrunn;4001;;;0;824147847;59,11718788;9,718408914;Fylkesveg;;8;;;;;Asfalt, oljegrus;Ukjent;Ukjent;Dagslys;Vanlig kjørefelt;2;700
tirsdag 8. desember 2015;08:05:00;Tirsdag;Påkjøring bakfra;3;Vanlig veg/gate;Annet (P-plass, torv, o. l.);Ikke tettsted;60;Fylkesveg;59;UID1000275874;Yrkesdøgn;Samme kjøreretning;Ulykke mellom kjøretøy med samme kjøreretning;2015;0;0;0;0;0;0;0;3;0;0;0;0;0;0;Nei;Telemark;40;Skien;4003;;;0;657518757;59,18650964;9,614865238;Fylkesveg;;12;;;;;Asfalt, oljegrus;Våt, bar veg;God sikt, nedbør;Mørkt med vegbelysning;Vanlig kjørefelt;2;12300
tirsdag 8. juni 2004;15:17:00;Tirsdag;Enslig kjøretøy kjørte utfor på høyre side på rett vegstrekning;1;Vanlig veg/gate;4 armet kryss (X-kryss);Ikke tettsted;50;Riksveg;36;UID1000201513;Yrkesdøgn;Utforkjøring;Enslig kjøretøy kjørte utfor vegen;2004;0;0;0;0;0;0;0;1;0;0;0;0;0;0;Ukjent;Telemark;40;Skien;4003;;;0;107128811;59,1932167;9,588775745;Fylkesveg;;6;;;;;Asfalt, oljegrus;Tørr, bar veg;God sikt, opphold;Dagslys;Svingefelt venstre / høyre;3;
tirsdag 9. februar 1999;08:00:00;Tirsdag;Enslig kjøretøy kjørte utfor på høyre side på rett vegstrekning;1;Vanlig veg/gate;Vegstrekning utenfor kryss/avkjørsel;Ikke tettsted;70;Riksveg;36;UID1000203110;Yrkesdøgn;Utforkjøring;Enslig kjøretøy kjørte utfor vegen;1999;0;0;0;0;0;0;0;0;0;0;0;0;0;1;Ukjent;Telemark;40;Midt-Telemark;4020;;;0;107138178;59,35871526;9,189310939;Fylkesveg;;2;;;;;Asfalt, oljegrus;Delvis snø / isbelagt veg;God sikt, opphold;Mørkt uten vegbelysning;Vanlig kjørefelt;2;
tirsdag 9. juli 2002;12:15:00;Tirsdag;Påkjøring bakfra ved venstresving;2;Vanlig veg/gate;3-armet kryss (T-kryss, Y-kryss);Ikke tettsted;60;Riksveg;36;UID1000202410;Yrkesdøgn;Kryssende kjøreretning;Ulykke ved avsvinging fra samme kjøreretning;2002;0;0;0;0;0;0;0;2;0;0;0;0;0;0;Ukjent;Telemark;40;Skien;4003;;;0;107134031;59,19145088;9,589160996;Fylkesveg;;7;;;;;Asfalt, oljegrus;Våt, bar veg;God sikt, nedbør;Dagslys;Vanlig kjørefelt;2;
tirsdag 9. mai 2006;14:00:00;Tirsdag;Venstresving foran kjørende i samme retning;2;Vanlig veg/gate;3-armet kryss (T-kryss, Y-kryss);Tettsted;50;Kommunal veg;2250;UID1000213443;Yrkesdøgn;Kryssende kjøreretning;Ulykke ved kryssende kjøreretning hvor kjøretøy foretar avsvingning;2006;0;0;0;0;0;0;1;1;0;0;0;0;0;0;Ukjent;Telemark;40;Tinn;4026;;;0;114366051;59,87891106;8,589161725;Fylkesveg;;5;;;;;Asfalt, oljegrus;Tørr, bar veg;God sikt, opphold;Dagslys;Vanlig kjørefelt;2;
tirsdag 9. mai 2006;13:15:00;Tirsdag;Fotgjenger gikk langs vegen og ble påkjørt av ryggende kjøretøy;2;;Annet (P-plass, torv, o. l.);Ikke tettsted;30;Kommunal veg;1119;UID1000213444;Yrkesdøgn;Fotgjenger/akende;Fotgjenger langs vegen eller i kjørebanen;2006;0;0;1;0;0;0;0;1;0;0;0;0;0;0;Ukjent;Telemark;40;Kragerø;4014;;;0;114366056;58,86954118;9,414413175;Fylkesveg;;5;;;;;Asfalt, oljegrus;Tørr, bar veg;God sikt, opphold;Dagslys;;2;
tirsdag 9. oktober 2001;17:40:00;Tirsdag;Fotgjenger krysset kjørebanen på bortsiden av krysset;3;Vanlig veg/gate;3-armet kryss (T-kryss, Y-kryss);Ikke tettsted;50;Riksveg;36;UID1000202663;Yrkesdøgn;Fotgjenger/akende;Fotgjenger krysset kjørebanen;2001;0;0;1;0;0;0;0;2;0;0;0;0;0;0;Ukjent;Telemark;40;Skien;4003;;;0;107135515;59,19541822;9,601214915;Fylkesveg;;10;;;;;Asfalt, oljegrus;Våt, bar veg;God sikt, opphold;Dagslys;Vanlig kjørefelt;2;
tirsdag 9. september 1997;21:45:00;Tirsdag;Påkjøring bakfra;3;Vanlig veg/gate;Vegstrekning utenfor kryss/avkjørsel;Ikke tettsted;80;Europaveg;18;UID1000204263;Yrkesdøgn;Samme kjøreretning;Ulykke mellom kjøretøy med samme kjøreretning;1997;0;0;0;0;0;0;0;2;0;0;0;1;0;0;Ukjent;Telemark;40;Bamble;4012;;;0;107144941;59,03264502;9,677367101;Fylkesveg;;9;;;;;Asfalt, oljegrus;Tørr, bar veg;Ukjent;Mørkt uten vegbelysning;Vanlig kjørefelt;2;
torsdag 1. april 2004;11:16:00;Torsdag;Fotgjenger stod stille eller oppholdt seg forøvrig i kjørebanen;3;Vanlig veg/gate;Vegstrekning utenfor kryss/avkjørsel;Ikke tettsted;60;Riksveg;38;UID1000201644;Yrkesdøgn;Fotgjenger/akende;Fotgjenger langs vegen eller i kjørebanen;2004;0;0;2;0;0;0;0;1;0;0;0;0;0;0;Ukjent;Telemark;40;Kragerø;4014;;;0;107129631;58,88351339;9,366306365;Fylkesveg;;4;;;;;Asfalt, oljegrus;Tørr, bar veg;God sikt, opphold;Dagslys;Vanlig kjørefelt;2;
torsdag 1. desember 2011;08:53:00;Torsdag;Enslig kjøretøy veltet i kjørebanen;1;Vanlig veg/gate;4 armet kryss (X-kryss);Tettsted;50;Fylkesveg;32;UID1000252451;Yrkesdøgn;Andre ulykker;Andre ulykker(parkering o.l);2011;0;0;0;0;0;0;1;0;0;0;0;0;0;0;Ukjent;Telemark;40;Porsgrunn;4001;;;0;305796800;59,14225557;9,658441445;Fylkesveg;;12;;;;;Asfalt, oljegrus;Våt, bar veg;Dårlig sikt, nedbør;Tussmørke, skumring;Vanlig kjørefelt;3;
torsdag 1. juli 1993;15:45:00;Torsdag;Enslig kjøretøy veltet i kjørebanen;1;Ukjent;3-armet kryss (T-kryss, Y-kryss);Tettsted;50;Riksveg;36;UID1000206064;Yrkesdøgn;Andre ulykker;Andre ulykker(parkering o.l);1993;0;0;0;0;0;0;0;0;0;0;1;0;0;0;Ukjent;Telemark;40;Porsgrunn;4001;;;0;107155830;59,14223161;9,658515243;Fylkesveg;;7;;;;;Ukjent;Tørr, bar veg;God sikt, opphold;Dagslys;Ukjent;;
torsdag 1. november 2001;11:15:00;Torsdag;Venstresving foran kjørende i motsatt retning;2;Vanlig veg/gate;3-armet kryss (T-kryss, Y-kryss);Ikke tettsted;60;Europaveg;134;UID1000202667;Yrkesdøgn;Kryssende kjøreretning;Ulykke ved kryssende kjøreretning hvor kjøretøy foretar avsvingning;2001;0;0;0;0;0;0;0;2;0;0;0;0;0;0;Ukjent;Telemark;40;Notodden;4005;;;0;107135545;59,56527363;9,223709179;Fylkesveg;;11;;;;;Asfalt, oljegrus;Tørr, bar veg;God sikt, opphold;Dagslys;Vanlig kjørefelt;2;
torsdag 10. august 2017;17:20:00;Torsdag;Avsvinging til venstre foran kjørende i motsatt retning;2;Vanlig veg/gate;3-armet kryss (T-kryss, Y-kryss);Tettsted;60;Fylkesveg;32;UID1000283379;Yrkesdøgn;Kryssende kjøreretning;Ulykke ved avsvinging fra motsatte kjøreretning;2017;0;0;0;0;0;0;1;1;0;0;0;0;0;0;Nei;Telemark;40;Porsgrunn;4001;;;0;814670868;59,12264706;9,70753706;Fylkesveg;;8;;;;;Asfalt, oljegrus;Tørr, bar veg;God sikt, opphold;Dagslys;Vanlig kjørefelt;2;16100
torsdag 10. februar 2005;11:00:00;Torsdag;Påkjøring bakfra;2;Vanlig veg/gate;Vegstrekning utenfor kryss/avkjørsel;Ikke tettsted;60;Fylkesveg;59;UID1000201233;Yrkesdøgn;Samme kjøreretning;Ulykke mellom kjøretøy med samme kjøreretning;2005;0;0;0;1;0;0;0;0;0;0;0;0;0;1;Nei;Telemark;40;Skien;4003;;;0;107127047;59,18577357;9,615560088;Fylkesveg;;2;;;;;Asfalt, oljegrus;Våt, bar veg;God sikt, opphold;Dagslys;Vanlig kjørefelt;2;12176
torsdag 10. januar 2008;23:00:00;Torsdag;Møting i kurve;2;Vanlig veg/gate;Vegstrekning utenfor kryss/avkjørsel;Ikke tettsted;60;Riksveg;38;UID1000226483;Yrkesdøgn;Motsatt kjøreretning;Ulykke ved møting;2008;0;0;0;0;0;0;0;2;0;0;0;0;0;0;Ukjent;Telemark;40;Kragerø;4014;;;0;157061523;58,88620886;9,361050177;Fylkesveg;;1;;;;;Asfalt, oljegrus;Våt, bar veg;Dårlig sikt, nedbør;Mørkt med vegbelysning;Vanlig kjørefelt;2;
torsdag 10. mai 2012;15:08:00;Torsdag;Enslig kjøretøy kjørte utfor på høyre side på rett vegstrekning;1;Vanlig veg/gate;Vegstrekning utenfor kryss/avkjørsel;Tettsted;80;Fylkesveg;356;UID1000255138;Yrkesdøgn;Utforkjøring;Enslig kjøretøy kjørte utfor vegen;2012;0;0;0;1;0;0;0;0;0;0;0;0;0;0;Ukjent;Telemark;40;Skien;4003;;;0;334843987;59,12308964;9,60207526;Fylkesveg;;5;;;;;Asfalt, oljegrus;Våt, bar veg;God sikt, nedbør;Dagslys;Vanlig kjørefelt;2;
torsdag 11. desember 2008;20:26:00;Torsdag;Møting på rett vegstrekning;2;Vanlig veg/gate;Bru;Ikke tettsted;70;Europaveg;134;UID1000233819;Yrkesdøgn;Motsatt kjøreretning;Ulykke ved møting;2008;0;0;0;1;0;0;0;1;0;0;0;0;0;0;Ukjent;Telemark;40;Hjartdal;4024;;;0;204397319;59,61105492;9,004651924;Fylkesveg;;12;;;;;Asfalt, oljegrus;Snø / isbelagt veg;God sikt, nedbør;Mørkt med vegbelysning;Vanlig kjørefelt;1;
torsdag 11. februar 2010;15:17:00;Torsdag;Kjørende fra fortau eller G/S-veg krysset kjørebanen på bortsiden av krysset;2;Vanlig veg/gate;3-armet kryss (T-kryss, Y-kryss);Tettsted;60;Fylkesveg;354;UID1000241523;Yrkesdøgn;Kryssende kjøreretning;Ulykke ved kryssende kjøreretning uten avsvingning;2010;0;0;0;0;0;0;0;1;0;0;1;0;0;0;Nei;Telemark;40;Porsgrunn;4001;;;0;240038741;59,10197937;9,670532046;Fylkesveg;;2;;;;;Asfalt, oljegrus;Snø / isbelagt veg;God sikt, opphold;Dagslys;Vanlig kjørefelt;2;13800
torsdag 11. juni 2009;20:30:00;Torsdag;Påkjøring bakfra;2;Vanlig veg/gate;Vegstrekning utenfor kryss/avkjørsel;Tettsted;40;Riksveg;36;UID1000236316;Yrkesdøgn;Samme kjøreretning;Ulykke mellom kjøretøy med samme kjøreretning;2009;0;0;0;0;0;0;0;2;0;0;0;0;0;0;Ukjent;Telemark;40;Porsgrunn;4001;;;0;218382076;59,14171809;9,6591559;Fylkesveg;;6;;;;;Asfalt, oljegrus;Tørr, bar veg;God sikt, opphold;Dagslys;Vanlig kjørefelt;2;
torsdag 11. juni 2015;10:52:00;Torsdag;Høyresving foran kjørende i motsatt retning;2;Vanlig veg/gate;3-armet kryss (T-kryss, Y-kryss);Ikke tettsted;70;Riksveg;36;UID1000272770;Yrkesdøgn;Kryssende kjøreretning;Ulykke ved kryssende kjøreretning hvor kjøretøy foretar avsvingning;2015;0;0;0;0;0;0;0;1;0;0;1;0;0;0;Nei;Telemark;40;Porsgrunn;4001;;;0;603182456;59,10193323;9,670504239;Fylkesveg;;6;;;;;Asfalt, oljegrus;Tørr, bar veg;God sikt, nedbør;Dagslys;Vanlig kjørefelt;3;14250
torsdag 12. august 1993;15:25:00;Torsdag;Venstresving foran kjørende i motsatt retning;2;Ukjent;3-armet kryss (T-kryss, Y-kryss);Ikke tettsted;80;Riksveg;11;UID1000206013;Yrkesdøgn;Kryssende kjøreretning;Ulykke ved kryssende kjøreretning hvor kjøretøy foretar avsvingning;1993;0;0;0;0;0;0;0;2;0;0;0;0;0;0;Ukjent;Telemark;40;Notodden;4005;;;0;107155534;59,56692763;9,214305648;Fylkesveg;;8;;;;;Ukjent;Tørr, bar veg;God sikt, opphold;Dagslys;Ukjent;;
torsdag 12. mars 1998;15:07:00;Torsdag;Møting i kurve;2;Vanlig veg/gate;Vegstrekning utenfor kryss/avkjørsel;Ikke tettsted;80;Europaveg;134;UID1000203930;Yrkesdøgn;Motsatt kjøreretning;Ulykke ved møting;1998;0;0;0;0;0;0;0;2;0;0;0;0;0;0;Ukjent;Telemark;40;Notodden;4005;;;0;107142972;59,58478107;9,302787011;Fylkesveg;;3;;;;;Asfalt, oljegrus;Delvis snø / isbelagt veg;God sikt, opphold;Dagslys;Vanlig kjørefelt;2;
torsdag 12. mars 1998;14:35:00;Torsdag;Enslig kjøretøy kjørte utfor på venstre side i høyrekurve;1;Vanlig veg/gate;Vegstrekning utenfor kryss/avkjørsel;Ikke tettsted;80;Europaveg;134;UID1000204105;Yrkesdøgn;Utforkjøring;Enslig kjøretøy kjørte utfor vegen;1998;0;0;0;0;0;0;0;1;0;0;0;0;0;0;Ukjent;Telemark;40;Notodden;4005;;;0;107143955;59,5822408;9,317824837;Fylkesveg;;3;;;;;Asfalt, oljegrus;Delvis snø / isbelagt veg;God sikt, opphold;Dagslys;Vanlig kjørefelt;2;
torsdag 12. september 1996;18:14:00;Torsdag;Avsvinging til venstre foran kjørende i motsatt retning;2;Vanlig veg/gate;3-armet kryss (T-kryss, Y-kryss);Ikke tettsted;80;Riksveg;36;UID1000204774;Yrkesdøgn;Kryssende kjøreretning;Ulykke ved avsvinging fra motsatte kjøreretning;1996;0;0;0;0;0;1;0;1;0;0;0;0;0;0;Ukjent;Telemark;40;Skien;4003;;;0;107148012;59,18057906;9,570000182;Fylkesveg;;9;;;;;Asfalt, oljegrus;Våt, bar veg;God sikt, nedbør;Dagslys;Vanlig kjørefelt;2;
torsdag 13. april 2000;08:30:00;Torsdag;Enslig kjøretøy veltet i kjørebanen;1;Motortrafikkveg;Bomstasjon;Ikke tettsted;50;Europaveg;18;UID1000203292;Yrkesdøgn;Andre ulykker;Andre ulykker(parkering o.l);2000;0;0;0;0;0;1;0;0;0;0;0;0;0;0;Ja;Telemark;40;Porsgrunn;4001;;;0;107139280;59,10095998;9,769958209;Fylkesveg;;4;;;;;Asfalt, oljegrus;Våt, bar veg;God sikt, nedbør;Dagslys;Vanlig kjørefelt;;10300
torsdag 13. august 1992;13:05:00;Torsdag;Venstresving foran kjørende i motsatt retning;2;Ukjent;3-armet kryss (T-kryss, Y-kryss);Ikke tettsted;80;Riksveg;11;UID1000206405;Yrkesdøgn;Kryssende kjøreretning;Ulykke ved kryssende kjøreretning hvor kjøretøy foretar avsvingning;1992;0;0;0;0;0;0;0;2;0;0;0;0;0;0;Ukjent;Telemark;40;Notodden;4005;;;0;107157661;59,56528257;9,223707643;Fylkesveg;;8;;;;;Ukjent;Våt, bar veg;God sikt, nedbør;Dagslys;Ukjent;;
torsdag 13. januar 2011;18:26:00;Torsdag;Påkjøring bakfra etter oppstart fra stanset eller parkert stilling;2;Vanlig veg/gate;Vegstrekning utenfor kryss/avkjørsel;Tettsted;50;Kommunal veg;4360;UID1000247508;Yrkesdøgn;Samme kjøreretning;Ulykke mellom kjøretøy med samme kjøreretning;2011;0;1;0;1;0;0;0;0;0;0;0;0;0;0;Nei;Telemark;40;Porsgrunn;4001;;;0;275145425;59,13852051;9,643614045;Fylkesveg;;1;;;;;Asfalt, oljegrus;Delvis snø / isbelagt veg;God sikt, opphold;Mørkt med vegbelysning;Vanlig kjørefelt;2;
torsdag 13. juli 1995;00:01:00;Torsdag;Møting i kurve;2;Ukjent;Vegstrekning utenfor kryss/avkjørsel;Ikke tettsted;80;Riksveg;11;UID1000205250;Yrkesdøgn;Motsatt kjøreretning;Ulykke ved møting;1995;0;0;0;1;0;0;0;1;0;0;0;0;0;0;Ukjent;Telemark;40;Notodden;4005;;;0;107150877;59,58269633;9,319398379;Fylkesveg;;7;;;;;Ukjent;Tørr, bar veg;God sikt, opphold;Mørkt uten vegbelysning;Ukjent;;
torsdag 13. juli 2006;07:45:00;Torsdag;Enslig kjøretøy kjørte utfor på høyre side på rett vegstrekning;1;Vanlig veg/gate;Vegstrekning utenfor kryss/avkjørsel;Ikke tettsted;70;Riksveg;359;UID1000211694;Yrkesdøgn;Utforkjøring;Enslig kjøretøy kjørte utfor vegen;2006;0;0;0;0;0;0;0;1;0;0;0;0;0;0;Nei;Telemark;40;Nome;4018;;;0;114338490;59,28999829;9,212663558;Fylkesveg;;7;;;;;Asfalt, oljegrus;Tørr, bar veg;God sikt, opphold;Dagslys;Vanlig kjørefelt;2;1906
torsdag 14. august 2008;15:13:00;Torsdag;Påkjøring bakfra ved venstresving;2;Vanlig veg/gate;3-armet kryss (T-kryss, Y-kryss);Tettsted;;Riksveg;36;UID1000230979;Yrkesdøgn;Kryssende kjøreretning;Ulykke ved avsvinging fra samme kjøreretning;2008;0;0;0;0;0;0;0;2;0;0;0;0;0;0;Ukjent;Telemark;40;Midt-Telemark;4020;;;0;179288617;59,41088808;9,077772571;Fylkesveg;;8;;;;;Asfalt, oljegrus;Tørr, bar veg;God sikt, opphold;Dagslys;Vanlig kjørefelt;;
torsdag 14. desember 2000;11:50:00;Torsdag;Enslig kjøretøy kjørte utfor på høyre side på rett vegstrekning;1;Vanlig veg/gate;Vegstrekning utenfor kryss/avkjørsel;Tettsted;30;Fylkesveg;43;UID1000203008;Yrkesdøgn;Utforkjøring;Enslig kjøretøy kjørte utfor vegen;2000;0;0;0;0;0;0;1;0;0;0;0;0;0;0;Nei;Telemark;40;Skien;4003;;;0;107137587;59,20853676;9,580009725;Fylkesveg;;12;;;;;Asfalt, oljegrus;Ukjent;God sikt, nedbør;Dagslys;Vanlig kjørefelt;2;3500
torsdag 14. oktober 1993;18:55:00;Torsdag;Kryssende kjøreretninger (uten avsvinging);2;Vanlig veg/gate;4 armet kryss (X-kryss);Ikke tettsted;80;Riksveg;353;UID1000205926;Yrkesdøgn;Kryssende kjøreretning;Ulykke ved kryssende kjøreretning uten avsvingning;1993;0;0;0;0;0;0;0;0;0;0;1;0;0;1;Ukjent;Telemark;40;Skien;4003;;;0;107155042;59,17205985;9,566218333;Fylkesveg;;10;;;;;Asfalt, oljegrus;Tørr, bar veg;Dårlig sikt forøvrig;Mørkt uten vegbelysning;Vanlig kjørefelt;2;
torsdag 16. januar 1992;06:55:00;Torsdag;Påkjøring bakfra;2;Ukjent;Vegstrekning utenfor kryss/avkjørsel;Ikke tettsted;80;Fylkesveg;48;UID1000206679;Yrkesdøgn;Samme kjøreretning;Ulykke mellom kjøretøy med samme kjøreretning;1992;0;0;0;0;0;0;0;1;0;0;1;0;0;0;Ukjent;Telemark;40;Skien;4003;;;0;107159134;59,17210337;9,609493893;Fylkesveg;;1;;;;;Ukjent;Snø / isbelagt veg;God sikt, opphold;Mørkt uten vegbelysning;Ukjent;;
torsdag 16. januar 2014;05:59:00;Torsdag;Møting i kurve;2;Vanlig veg/gate;Vegstrekning utenfor kryss/avkjørsel;Ikke tettsted;70;Riksveg;36;UID1000265551;Yrkesdøgn;Motsatt kjøreretning;Ulykke ved møting;2014;0;0;0;1;0;0;0;1;0;0;0;0;0;0;Ukjent;Telemark;40;Midt-Telemark;4020;;;0;486181763;59,32979214;9,226100696;Fylkesveg;;1;;;;;Asfalt, oljegrus;Snø / isbelagt veg;Dårlig sikt, nedbør;Mørkt uten vegbelysning;Vanlig kjørefelt;2;
torsdag 16. mai 1996;01:15:00;Torsdag;Enslig kjøretøy veltet i kjørebanen;1;Gang- / sykkelveg;Vegstrekning utenfor kryss/avkjørsel;Ikke tettsted;30;Fylkesveg;43;UID1000204948;Helgedøgn;Andre ulykker;Andre ulykker(parkering o.l);1996;0;0;0;0;0;0;0;0;0;0;1;0;0;0;Ukjent;Telemark;40;Skien;4003;;;0;107148998;59,20445384;9,586326265;Fylkesveg;;5;;;;;Asfalt, oljegrus;Tørr, bar veg;God sikt, opphold;Mørkt med vegbelysning;Sykkelfelt;;
torsdag 16. mars 2006;15:29:00;Torsdag;Påkjøring bakfra;3;Vanlig veg/gate;3-armet kryss (T-kryss, Y-kryss);Ikke tettsted;50;Riksveg;36;UID1000200767;Yrkesdøgn;Samme kjøreretning;Ulykke mellom kjøretøy med samme kjøreretning;2006;0;0;0;0;0;0;0;3;0;0;0;0;0;0;Ukjent;Telemark;40;Porsgrunn;4001;;;0;107124207;59,13412481;9,674279339;Fylkesveg;;3;;;;;Asfalt, oljegrus;Våt, bar veg;Ukjent;Dagslys;Vanlig kjørefelt;3;
torsdag 16. november 2006;07:17:00;Torsdag;Enslig kjøretøy kjørte utfor på venstre side i høyrekurve;1;Vanlig veg/gate;Vegstrekning utenfor kryss/avkjørsel;Ikke tettsted;;Riksveg;38;UID1000217231;Yrkesdøgn;Utforkjøring;Enslig kjøretøy kjørte utfor vegen;2006;0;0;0;0;0;0;0;1;0;0;0;0;0;0;Ukjent;Telemark;40;Drangedal;4016;;;0;119584368;58,98087373;9,245593711;Fylkesveg;;11;;;;;Asfalt, oljegrus;Våt, bar veg;God sikt, nedbør;Mørkt uten vegbelysning;Vanlig kjørefelt;;
torsdag 16. september 2004;16:20:00;Torsdag;Kjørende fra fortau eller G/S-veg krysset kjørebanen på bortsiden av krysset;2;Vanlig veg/gate;4 armet kryss (X-kryss);Ikke tettsted;50;Riksveg;36;UID1000201224;Yrkesdøgn;Kryssende kjøreretning;Ulykke ved kryssende kjøreretning uten avsvingning;2004;0;0;0;0;0;0;0;1;0;0;1;0;0;0;Ukjent;Telemark;40;Porsgrunn;4001;;;0;107126993;59,13846767;9,662605545;Fylkesveg;;9;;;;;Asfalt, oljegrus;Tørr, bar veg;God sikt, opphold;Dagslys;Vanlig kjørefelt;3;
torsdag 17. august 2006;10:15:00;Torsdag;Enslig kjøretøy kjørte utfor på høyre side i venstrekurve;1;Vanlig veg/gate;Vegstrekning utenfor kryss/avkjørsel;Ikke tettsted;80;Riksveg;41;UID1000215000;Yrkesdøgn;Utforkjøring;Enslig kjøretøy kjørte utfor vegen;2006;0;0;0;0;0;0;0;1;0;0;0;0;0;0;Nei;Telemark;40;Nissedal;4030;;;0;119355584;59,05571395;8,511395934;Fylkesveg;;8;;;;;Asfalt, oljegrus;Tørr, bar veg;God sikt, opphold;Dagslys;Vanlig kjørefelt;2;866
torsdag 17. desember 1992;17:00:00;Torsdag;Fotgjenger krysset kjørebanen på hitsiden av krysset;2;Ukjent;3-armet kryss (T-kryss, Y-kryss);Tettsted;50;Riksveg;36;UID1000206303;Yrkesdøgn;Fotgjenger/akende;Fotgjenger krysset kjørebanen;1992;0;0;1;0;0;0;0;1;0;0;0;0;0;0;Ukjent;Telemark;40;Skien;4003;;;0;107157090;59,19619231;9,605109673;Fylkesveg;;12;;;;;Ukjent;Tørr, bar veg;God sikt, opphold;Mørkt med vegbelysning;Ukjent;;
torsdag 17. mai 2012;00:04:00;Torsdag;Enslig kjøretøy kjørte utfor på høyre side i venstrekurve;1;Vanlig veg/gate;Vegstrekning utenfor kryss/avkjørsel;Tettsted;60;Fylkesveg;1;UID1000255146;Helgedøgn;Utforkjøring;Enslig kjøretøy kjørte utfor vegen;2012;0;0;0;0;0;0;1;0;0;0;0;0;0;0;Nei;Telemark;40;Porsgrunn;4001;;;0;335884359;59,12410625;9,710654669;Fylkesveg;;5;;;;;Asfalt, oljegrus;Våt, bar veg;God sikt, nedbør;Mørkt med vegbelysning;Vanlig kjørefelt;2;1100
torsdag 17. mars 2005;15:30:00;Torsdag;Ulykke med uklart forløp ved kryssende kj.retn hvor ett el. begge kj.tøy svinger av;3;Vanlig veg/gate;3-armet kryss (T-kryss, Y-kryss);Ikke tettsted;60;Europaveg;134;UID1000201161;Yrkesdøgn;Kryssende kjøreretning;Ulykke ved kryssende kjøreretning hvor kjøretøy foretar avsvingning;2005;0;0;0;0;0;0;0;3;0;0;0;0;0;0;Ukjent;Telemark;40;Notodden;4005;;;0;107126604;59,56526236;9,223657894;Fylkesveg;;3;;;;;Asfalt, oljegrus;Tørr, bar veg;God sikt, opphold;Dagslys;Vanlig kjørefelt;3;
torsdag 17. november 1994;22:15:00;Torsdag;Avsvinging til venstre foran kjørende i motsatt retning;2;Ukjent;Annet (P-plass, torv, o. l.);Tettsted;60;Fylkesveg;59;UID1000205490;Yrkesdøgn;Kryssende kjøreretning;Ulykke ved avsvinging fra motsatte kjøreretning;1994;0;0;0;0;0;0;0;2;0;0;0;0;0;0;Ukjent;Telemark;40;Skien;4003;;;0;107152363;59,18598018;9,615334586;Fylkesveg;;11;;;;;Ukjent;Snø / isbelagt veg;Dårlig sikt forøvrig;Mørkt med vegbelysning;Ukjent;;
torsdag 17. november 2005;10:51:00;Torsdag;Enslig kjøretøy kjørte utfor på venstre side på rett vegstrekning;1;Motortrafikkveg;Vegstrekning utenfor kryss/avkjørsel;Ikke tettsted;80;Europaveg;18;UID1000200873;Yrkesdøgn;Utforkjøring;Enslig kjøretøy kjørte utfor vegen;2005;0;0;0;0;0;0;0;1;0;0;0;0;0;0;Ja;Telemark;40;Porsgrunn;4001;;;0;107124937;59,07800033;9,664278568;Fylkesveg;;11;;;;;Asfalt, oljegrus;Ukjent;God sikt, nedbør;Dagslys;Vanlig kjørefelt;5;15394
torsdag 18. januar 2007;15:35:00;Torsdag;Påkjøring bakfra;3;Vanlig veg/gate;Vegstrekning utenfor kryss/avkjørsel;Ikke tettsted;60;Fylkesveg;59;UID1000218488;Yrkesdøgn;Samme kjøreretning;Ulykke mellom kjøretøy med samme kjøreretning;2007;0;0;0;0;0;0;0;3;0;0;0;0;0;0;Nei;Telemark;40;Skien;4003;;;0;121824075;59,18601667;9,615346367;Fylkesveg;;1;;;;;Asfalt, oljegrus;Glatt ellers;God sikt, opphold;Dagslys;Vanlig kjørefelt;2;12176
torsdag 18. juni 2015;19:48:00;Torsdag;Enslig kjøretøy kjørte utfor på høyre side i venstrekurve;1;Vanlig veg/gate;Vegstrekning utenfor kryss/avkjørsel;Tettsted;60;Fylkesveg;353;UID1000272772;Yrkesdøgn;Utforkjøring;Enslig kjøretøy kjørte utfor vegen;2015;0;0;0;0;0;0;0;1;0;0;0;0;0;0;Nei;Telemark;40;Bamble;4012;;;0;603268947;59,05487878;9,630507103;Fylkesveg;;6;;;;;Asfalt, oljegrus;Tørr, bar veg;God sikt, opphold;Dagslys;Vanlig kjørefelt;2;3700
torsdag 18. mars 1999;19:00:00;Torsdag;Møting på rett vegstrekning;2;Vanlig veg/gate;Vegstrekning utenfor kryss/avkjørsel;Ikke tettsted;;Kommunal veg;3430;UID1000203714;Yrkesdøgn;Motsatt kjøreretning;Ulykke ved møting;1999;0;0;0;0;0;0;0;2;0;0;0;0;0;0;Ukjent;Telemark;40;Tinn;4026;;;0;107141712;59,87927357;8,641414432;Fylkesveg;;3;;;;;Asfalt, oljegrus;Delvis snø / isbelagt veg;God sikt, nedbør;Mørkt med vegbelysning;Vanlig kjørefelt;2;
torsdag 18. november 2004;20:10:00;Torsdag;Enslig kjøretøy kjørte utfor på høyre side i høyrekurve;1;Vanlig veg/gate;Vegstrekning utenfor kryss/avkjørsel;Ikke tettsted;60;Riksveg;353;UID1000201317;Yrkesdøgn;Utforkjøring;Enslig kjøretøy kjørte utfor vegen;2004;0;0;0;1;0;0;0;0;0;0;0;0;0;0;Nei;Telemark;40;Bamble;4012;;;0;107127615;59,05062126;9,638509619;Fylkesveg;;11;;;;;Asfalt, oljegrus;Tørr, bar veg;God sikt, opphold;Mørkt uten vegbelysning;Vanlig kjørefelt;2;4438
torsdag 18. oktober 2012;15:57:00;Torsdag;Venstresving foran kjørende i motsatt retning;2;Vanlig veg/gate;3-armet kryss (T-kryss, Y-kryss);Tettsted;60;Riksveg;354;UID1000257900;Yrkesdøgn;Kryssende kjøreretning;Ulykke ved kryssende kjøreretning hvor kjøretøy foretar avsvingning;2012;0;0;0;0;0;0;0;2;0;0;0;0;0;0;Ukjent;Telemark;40;Bamble;4012;;;0;363877976;59,04022201;9,675616292;Fylkesveg;;10;;;;;Asfalt, oljegrus;Våt, bar veg;God sikt, nedbør;Mørkt med vegbelysning;Vanlig kjørefelt;2;
torsdag 19. april 2001;01:30:00;Torsdag;Møting i kurve;2;Vanlig veg/gate;Vegstrekning utenfor kryss/avkjørsel;Ikke tettsted;70;Europaveg;134;UID1000202805;Yrkesdøgn;Motsatt kjøreretning;Ulykke ved møting;2001;0;0;0;2;0;0;0;0;0;0;0;0;0;0;Nei;Telemark;40;Notodden;4005;;;0;107136301;59,58478367;9,303052818;Fylkesveg;;4;;;;;Asfalt, oljegrus;Snø / isbelagt veg;Dårlig sikt, nedbør;Mørkt uten vegbelysning;Vanlig kjørefelt;2;3250
torsdag 19. oktober 2000;07:30:00;Torsdag;Fotgjenger krysset kjørebanen på hitsiden av krysset;2;Vanlig veg/gate;3-armet kryss (T-kryss, Y-kryss);Ikke tettsted;60;Riksveg;36;UID1000203067;Yrkesdøgn;Fotgjenger/akende;Fotgjenger krysset kjørebanen;2000;0;0;1;0;0;0;0;1;0;0;0;0;0;0;Nei;Telemark;40;Porsgrunn;4001;;;0;107137914;59,12268862;9,707233075;Fylkesveg;;10;;;;;Asfalt, oljegrus;Tørr, bar veg;God sikt, opphold;Dagslys;Vanlig kjørefelt;2;11200
torsdag 2. juli 1998;23:37:00;Torsdag;Ulykke med dyr innblandet;1;Vanlig veg/gate;Vegstrekning utenfor kryss/avkjørsel;Ikke tettsted;80;Riksveg;353;UID1000203975;Yrkesdøgn;Andre ulykker;Andre ulykker(parkering o.l);1998;0;0;0;0;0;0;0;1;0;0;0;0;0;0;Ukjent;Telemark;40;Skien;4003;;;0;107143235;59,17922363;9,569654662;Fylkesveg;;7;;;;;Asfalt, oljegrus;Tørr, bar veg;God sikt, opphold;Mørkt uten vegbelysning;Vanlig kjørefelt;2;
torsdag 2. juni 2005;10:52:00;Torsdag;Avsvinging til venstre foran kjørende i motsatt retning;3;Vanlig veg/gate;3-armet kryss (T-kryss, Y-kryss);Ikke tettsted;60;Riksveg;354;UID1000201105;Yrkesdøgn;Kryssende kjøreretning;Ulykke ved avsvinging fra motsatte kjøreretning;2005;0;0;0;0;0;0;0;3;0;0;0;0;0;0;Ukjent;Telemark;40;Bamble;4012;;;0;107126258;59,04033539;9,675528862;Fylkesveg;;6;;;;;Asfalt, oljegrus;Våt, bar veg;God sikt, nedbør;Dagslys;Vanlig kjørefelt;3;
torsdag 2. mai 2024;13:55:00;Torsdag;Ulykke med uklart forløp hvor fotgjenger gikk langs eller oppholdt seg i kj.banen;2;Vanlig veg/gate;Ukjent;Tettsted;;Kommunal veg;99999;UID8457942946;Yrkesdøgn;Fotgjenger/akende;Fotgjenger langs vegen eller i kjørebanen;2024;0;0;1;0;0;0;0;1;0;0;0;0;0;0;Nei;Telemark;40;Notodden;4005;KF99999 S1D1 m0;Kommunal veg;99999;1024072053;59,55719348;9,253156325;Kommunal veg;;5;;;;;Ukjent;Tørr, bar veg;God sikt, opphold;Dagslys;Ukjent;2;
torsdag 2. mars 2000;19:10:00;Torsdag;Påkjøring bakfra ved høyresving;2;Vanlig veg/gate;4 armet kryss (X-kryss);Tettsted;50;Riksveg;36;UID1000203315;Yrkesdøgn;Kryssende kjøreretning;Ulykke ved avsvinging fra samme kjøreretning;2000;0;0;0;0;0;0;0;2;0;0;0;0;0;0;Ukjent;Telemark;40;Porsgrunn;4001;;;0;107139401;59,14225877;9,658300833;Fylkesveg;;3;;;;;Asfalt, oljegrus;Våt, bar veg;God sikt, nedbør;Mørkt med vegbelysning;Vanlig kjørefelt;2;
torsdag 2. september 1999;15:40:00;Torsdag;Påkjøring bakfra;3;Vanlig veg/gate;Vegstrekning utenfor kryss/avkjørsel;Tettsted;50;Riksveg;36;UID1000203526;Yrkesdøgn;Samme kjøreretning;Ulykke mellom kjøretøy med samme kjøreretning;1999;0;0;0;0;0;0;0;3;0;0;0;0;0;0;Ukjent;Telemark;40;Porsgrunn;4001;;;0;107140594;59,13525673;9,670513487;Fylkesveg;;9;;;;;Asfalt, oljegrus;Tørr, bar veg;God sikt, opphold;Dagslys;Vanlig kjørefelt;2;
torsdag 20. august 2015;09:38:00;Torsdag;Enslig kjøretøy kjørte utfor på høyre side i venstrekurve;1;Vanlig veg/gate;Vegstrekning utenfor kryss/avkjørsel;Ikke tettsted;80;Fylkesveg;356;UID1000273751;Yrkesdøgn;Utforkjøring;Enslig kjøretøy kjørte utfor vegen;2015;0;0;0;0;0;1;0;0;0;0;0;0;0;0;Ukjent;Telemark;40;Skien;4003;;;0;627524605;59,12353786;9,600306544;Fylkesveg;;8;;;;;Asfalt, oljegrus;Glatt ellers;God sikt, opphold;Dagslys;Vanlig kjørefelt;2;
torsdag 20. januar 2005;14:00:00;Torsdag;Møting i kurve;2;Vanlig veg/gate;Vegstrekning utenfor kryss/avkjørsel;Ikke tettsted;60;Fylkesveg;152;UID1000201248;Yrkesdøgn;Motsatt kjøreretning;Ulykke ved møting;2005;0;0;0;0;0;0;0;2;0;0;0;0;0;0;Ukjent;Telemark;40;Midt-Telemark;4020;;;0;107127139;59,43142507;9,075603951;Fylkesveg;;1;;;;;Asfalt, oljegrus;Snø / isbelagt veg;God sikt, nedbør;Dagslys;Vanlig kjørefelt;2;
torsdag 20. juni 1996;11:10:00;Torsdag;Kjørende fra fortau eller G/S-veg krysset kjørebanen på hitsiden av krysset;2;Vanlig veg/gate;3-armet kryss (T-kryss, Y-kryss);Tettsted;50;Kommunal veg;2030;UID1000204834;Yrkesdøgn;Kryssende kjøreretning;Ulykke ved kryssende kjøreretning uten avsvingning;1996;0;0;0;0;0;0;0;1;0;0;1;0;0;0;Ukjent;Telemark;40;Porsgrunn;4001;;;0;107148347;59,12195207;9,659055313;Fylkesveg;;6;;;;;Asfalt, oljegrus;Tørr, bar veg;God sikt, opphold;Dagslys;Vanlig kjørefelt;2;
torsdag 20. juni 2013;09:51:00;Torsdag;Venstresving foran kjørende i motsatt retning;2;Vanlig veg/gate;3-armet kryss (T-kryss, Y-kryss);Tettsted;60;Fylkesveg;32;UID1000261867;Yrkesdøgn;Kryssende kjøreretning;Ulykke ved kryssende kjøreretning hvor kjøretøy foretar avsvingning;2013;0;0;0;1;0;1;0;0;0;0;0;0;0;0;Nei;Telemark;40;Porsgrunn;4001;;;0;418963129;59,12258517;9,707564134;Fylkesveg;;6;;;;;Asfalt, oljegrus;Tørr, bar veg;God sikt, opphold;Dagslys;Vanlig kjørefelt;3;14550
torsdag 20. mai 1999;13:50:00;Torsdag;Påkjøring bakfra ved venstresving;3;Vanlig veg/gate;Avkjørsel;Ikke tettsted;70;Riksveg;36;UID1000203416;Yrkesdøgn;Kryssende kjøreretning;Ulykke ved avsvinging fra samme kjøreretning;1999;0;0;0;0;0;0;0;3;0;0;0;0;0;0;Ukjent;Telemark;40;Midt-Telemark;4020;;;0;107140012;59,36378063;9,183204375;Fylkesveg;;5;;;;;Asfalt, oljegrus;Tørr, bar veg;God sikt, opphold;Dagslys;Vanlig kjørefelt;2;
torsdag 20. mars 2008;17:10:00;Torsdag;Møting i kurve;3;Vanlig veg/gate;Vegstrekning utenfor kryss/avkjørsel;Ikke tettsted;70;Europaveg;134;UID1000227974;Helgedøgn;Motsatt kjøreretning;Ulykke ved møting;2008;0;0;0;0;0;0;0;3;0;0;0;0;0;0;Ukjent;Telemark;40;Notodden;4005;;;0;160071595;59,58248568;9,318901555;Fylkesveg;;3;;;;;Asfalt, oljegrus;Snø / isbelagt veg;God sikt, nedbør;Dagslys;Vanlig kjørefelt;2;
torsdag 21. januar 2010;10:11:00;Torsdag;Venstresving foran kjørende i motsatt retning;2;Vanlig veg/gate;3-armet kryss (T-kryss, Y-kryss);Ikke tettsted;60;Riksveg;36;UID1000241097;Yrkesdøgn;Kryssende kjøreretning;Ulykke ved kryssende kjøreretning hvor kjøretøy foretar avsvingning;2010;0;0;0;1;0;0;0;1;0;0;0;0;0;0;Nei;Telemark;40;Porsgrunn;4001;;;0;237411678;59,12264777;9,707554454;Fylkesveg;;1;;;;;Asfalt, oljegrus;Delvis snø / isbelagt veg;God sikt, opphold;Dagslys;Vanlig kjørefelt;2;15100
torsdag 21. juli 2005;15:41:00;Torsdag;Enslig kjøretøy kjørte utfor på høyre side i venstrekurve;1;Vanlig veg/gate;Vegstrekning utenfor kryss/avkjørsel;Ikke tettsted;80;Europaveg;134;UID1000201044;Yrkesdøgn;Utforkjøring;Enslig kjøretøy kjørte utfor vegen;2005;0;0;0;0;0;1;0;0;0;0;0;0;0;0;Ukjent;Telemark;40;Vinje;4036;;;0;107125920;59,73207791;7,640975328;Fylkesveg;;7;;;;;Asfalt, oljegrus;Tørr, bar veg;God sikt, opphold;Dagslys;Vanlig kjørefelt;2;
torsdag 21. juli 2022;16:45:00;Torsdag;Avsvinging til venstre foran kjørende i motsatt retning;2;Vanlig veg/gate;4 armet kryss (X-kryss);Ikke tettsted;50;Fylkesveg;3260;UID8169619650;Yrkesdøgn;Kryssende kjøreretning;Ulykke ved avsvinging fra motsatte kjøreretning;2022;0;0;0;0;0;0;0;1;0;0;1;0;0;0;Ja;Telemark;40;Porsgrunn;4001;;;0;1017697365;59,11725048;9,718399255;Fylkesveg;;7;;;;;Asfalt, oljegrus;Tørr, bar veg;God sikt, opphold;Dagslys;Vanlig kjørefelt;2;4600
torsdag 22. januar 2004;13:11:00;Torsdag;Enslig kjøretøy kjørte utfor på høyre side på rett vegstrekning;1;Vanlig veg/gate;Vegstrekning utenfor kryss/avkjørsel;Ikke tettsted;60;Riksveg;38;UID1000201724;Yrkesdøgn;Utforkjøring;Enslig kjøretøy kjørte utfor vegen;2004;0;0;0;0;0;0;0;1;0;0;0;0;0;0;Ukjent;Telemark;40;Kragerø;4014;;;0;107130121;58,88325873;9,366452224;Fylkesveg;;1;;;;;Asfalt, oljegrus;Snø / isbelagt veg;Dårlig sikt, nedbør;Dagslys;Vanlig kjørefelt;2;
torsdag 22. juli 1999;06:30:00;Torsdag;Enslig kjøretøy kjørte utfor på høyre side i venstrekurve;1;Vanlig veg/gate;Vegstrekning utenfor kryss/avkjørsel;Ikke tettsted;80;Riksveg;356;UID1000203580;Yrkesdøgn;Utforkjøring;Enslig kjøretøy kjørte utfor vegen;1999;0;0;0;0;0;0;0;1;0;0;0;0;0;0;Ukjent;Telemark;40;Drangedal;4016;;;0;107140926;59,05338177;9,319999627;Fylkesveg;;7;;;;;Asfalt, oljegrus;Tørr, bar veg;God sikt, opphold;Dagslys;Vanlig kjørefelt;2;
torsdag 23. januar 2014;12:53:00;Torsdag;Avsvinging til venstre foran kjørende i motsatt retning;2;Vanlig veg/gate;3-armet kryss (T-kryss, Y-kryss);Tettsted;60;Fylkesveg;32;UID1000265541;Yrkesdøgn;Kryssende kjøreretning;Ulykke ved avsvinging fra motsatte kjøreretning;2014;0;0;0;0;0;0;0;2;0;0;0;0;0;0;Nei;Telemark;40;Porsgrunn;4001;;;0;486181710;59,12256729;9,707566899;Fylkesveg;;1;;;;;Asfalt, oljegrus;Delvis snø / isbelagt veg;God sikt, nedbør;Dagslys;Vanlig kjørefelt;3;14550
torsdag 23. juli 1998;05:56:00;Torsdag;Enslig kjøretøy kjørte utfor på høyre side i venstrekurve;1;Vanlig veg/gate;Vegstrekning utenfor kryss/avkjørsel;Tettsted;60;Riksveg;357;UID1000203976;Yrkesdøgn;Utforkjøring;Enslig kjøretøy kjørte utfor vegen;1998;0;0;0;0;0;0;0;1;0;0;0;0;0;0;Ukjent;Telemark;40;Skien;4003;;;0;107143239;59,21161934;9,538081539;Fylkesveg;;7;;;;;Asfalt, oljegrus;Ukjent;God sikt, opphold;Dagslys;Vanlig kjørefelt;2;
torsdag 23. november 2000;14:15:00;Torsdag;Avsvinging til venstre foran kjørende i motsatt retning fra fortau eller G/S-veg;2;Vanlig veg/gate;3-armet kryss (T-kryss, Y-kryss);Tettsted;50;Riksveg;356;UID1000203026;Yrkesdøgn;Kryssende kjøreretning;Ulykke ved avsvinging fra motsatte kjøreretning;2000;0;0;0;0;0;0;0;1;0;0;1;0;0;0;Ukjent;Telemark;40;Porsgrunn;4001;;;0;107137716;59,13806913;9,643579667;Fylkesveg;;11;;;;;Asfalt, oljegrus;Våt, bar veg;God sikt, nedbør;Dagslys;Vanlig kjørefelt;3;
torsdag 23. september 2010;06:07:00;Torsdag;Møting på rett vegstrekning;2;Vanlig veg/gate;Vegstrekning utenfor kryss/avkjørsel;Tettsted;70;Europaveg;134;UID1000245879;Yrkesdøgn;Motsatt kjøreretning;Ulykke ved møting;2010;0;0;0;1;0;0;0;0;0;0;0;0;0;1;Ukjent;Telemark;40;Notodden;4005;;;0;268365778;59,58237734;9,316825578;Fylkesveg;;9;;;;;Asfalt, oljegrus;Våt, bar veg;God sikt, opphold;Tussmørke, skumring;Vanlig kjørefelt;2;
torsdag 24. august 2000;13:30:00;Torsdag;Ulykke med uklart forløp ved møting;3;Motortrafikkveg;Vegstrekning utenfor kryss/avkjørsel;Ikke tettsted;90;Europaveg;18;UID1000203152;Yrkesdøgn;Motsatt kjøreretning;Ulykke ved møting;2000;0;0;0;1;0;0;0;2;0;0;0;0;0;0;Nei;Telemark;40;Porsgrunn;4001;;;0;107138429;59,07962383;9,66502234;Fylkesveg;;8;;;;;Asfalt, oljegrus;Våt, bar veg;God sikt, nedbør;Dagslys;Vanlig kjørefelt;3;12300
torsdag 24. februar 2000;09:20:00;Torsdag;Enslig kjøretøy kjørte utfor på høyre side i høyrekurve;1;Vanlig veg/gate;Vegstrekning utenfor kryss/avkjørsel;Ikke tettsted;80;Europaveg;18;UID1000203320;Yrkesdøgn;Utforkjøring;Enslig kjøretøy kjørte utfor vegen;2000;0;0;0;0;0;0;0;1;0;0;0;0;0;0;Ukjent;Telemark;40;Bamble;4012;;;0;107139438;58,97200382;9,510443474;Fylkesveg;;2;;;;;Asfalt, oljegrus;Våt, bar veg;God sikt, opphold;Dagslys;Vanlig kjørefelt;2;
torsdag 24. juli 1997;12:50:00;Torsdag;Avsvinging til venstre foran kjørende i motsatt retning;2;Vanlig veg/gate;3-armet kryss (T-kryss, Y-kryss);Tettsted;50;Riksveg;36;UID1000204394;Yrkesdøgn;Kryssende kjøreretning;Ulykke ved avsvinging fra motsatte kjøreretning;1997;0;0;0;0;0;0;0;1;0;0;0;0;0;1;Ukjent;Telemark;40;Porsgrunn;4001;;;0;107145703;59,13525887;9,670127928;Fylkesveg;;7;;;;;Asfalt, oljegrus;Tørr, bar veg;God sikt, opphold;Dagslys;Svingefelt venstre / høyre;2;
torsdag 24. juli 2014;14:58:00;Torsdag;Enslig kjøretøy kjørte utfor på høyre side på rett vegstrekning;1;Vanlig veg/gate;Vegstrekning utenfor kryss/avkjørsel;Ikke tettsted;60;Europaveg;134;UID1000268277;Yrkesdøgn;Utforkjøring;Enslig kjøretøy kjørte utfor vegen;2014;0;0;0;0;0;0;0;1;0;0;0;0;0;0;Ukjent;Telemark;40;Tokke;4034;;;0;540957585;59,49332022;8,205643021;Fylkesveg;;7;;;;;Asfalt, oljegrus;Tørr, bar veg;God sikt, opphold;Dagslys;Vanlig kjørefelt;2;
torsdag 24. november 2005;17:50:00;Torsdag;Fotgjenger krysset kjørebanen på hitsiden av krysset;2;Vanlig veg/gate;3-armet kryss (T-kryss, Y-kryss);Tettsted;50;Riksveg;36;UID1000200861;Yrkesdøgn;Fotgjenger/akende;Fotgjenger krysset kjørebanen;2005;0;0;1;0;0;0;0;1;0;0;0;0;0;0;Ukjent;Telemark;40;Skien;4003;;;0;107124869;59,19601808;9,604382898;Fylkesveg;;11;;;;;Asfalt, oljegrus;Våt, bar veg;Dårlig sikt, nedbør;Mørkt med vegbelysning;Vanlig kjørefelt;2;
torsdag 25. november 1999;16:35:00;Torsdag;Påkjøring bakfra;3;Vanlig veg/gate;3-armet kryss (T-kryss, Y-kryss);Tettsted;50;Riksveg;354;UID1000203419;Yrkesdøgn;Samme kjøreretning;Ulykke mellom kjøretøy med samme kjøreretning;1999;0;0;0;0;0;0;0;3;0;0;0;0;0;0;Ukjent;Telemark;40;Porsgrunn;4001;;;0;107140041;59,10600164;9,659391328;Fylkesveg;;11;;;;;Asfalt, oljegrus;Våt, bar veg;God sikt, opphold;Mørkt med vegbelysning;Vanlig kjørefelt;2;
torsdag 25. november 1999;16:25:00;Torsdag;Venstresving foran kjørende i motsatt retning;2;Vanlig veg/gate;3-armet kryss (T-kryss, Y-kryss);Ikke tettsted;50;Fylkesveg;2;UID1000203423;Yrkesdøgn;Kryssende kjøreretning;Ulykke ved kryssende kjøreretning hvor kjøretøy foretar avsvingning;1999;0;0;0;0;0;0;1;1;0;0;0;0;0;0;Ukjent;Telemark;40;Porsgrunn;4001;;;0;107140058;59,12584345;9,691095547;Fylkesveg;;11;;;;;Asfalt, oljegrus;Ukjent;Ukjent;Mørkt med vegbelysning;Vanlig kjørefelt;2;
torsdag 25. september 2003;17:24:00;Torsdag;Avsvinging til venstre foran kjørende i motsatt retning;2;Vanlig veg/gate;3-armet kryss (T-kryss, Y-kryss);Ikke tettsted;60;Riksveg;36;UID1000201885;Yrkesdøgn;Kryssende kjøreretning;Ulykke ved avsvinging fra motsatte kjøreretning;2003;0;0;0;0;0;0;0;2;0;0;0;0;0;0;Ukjent;Telemark;40;Skien;4003;;;0;107131008;59,19155722;9,589337078;Fylkesveg;;9;;;;;Asfalt, oljegrus;Tørr, bar veg;God sikt, opphold;Dagslys;Vanlig kjørefelt;3;
torsdag 26. februar 2004;07:13:00;Torsdag;Møting på rett vegstrekning;2;Vanlig veg/gate;Vegstrekning utenfor kryss/avkjørsel;Ikke tettsted;60;Riksveg;353;UID1000201675;Yrkesdøgn;Motsatt kjøreretning;Ulykke ved møting;2004;0;1;0;1;0;0;0;0;0;0;0;0;0;0;Nei;Telemark;40;Bamble;4012;;;0;107129816;59,05316823;9,635910609;Fylkesveg;;2;;;;;Asfalt, oljegrus;Våt, bar veg;God sikt, opphold;Dagslys;Vanlig kjørefelt;2;4438
torsdag 27. desember 2001;19:25:00;Torsdag;Enslig kjøretøy kjørte utfor på høyre side i høyrekurve;1;Motortrafikkveg;Vegstrekning utenfor kryss/avkjørsel;Ikke tettsted;80;Europaveg;18;UID1000202602;Yrkesdøgn;Utforkjøring;Enslig kjøretøy kjørte utfor vegen;2001;0;0;0;0;0;0;0;1;0;0;0;0;0;0;Ukjent;Telemark;40;Porsgrunn;4001;;;0;107135185;59,09048429;9,808801796;Fylkesveg;;12;;;;;Asfalt, oljegrus;Delvis snø / isbelagt veg;God sikt, opphold;Mørkt med vegbelysning;Vanlig kjørefelt;2;
torsdag 27. desember 2007;12:57:00;Torsdag;Enslig kjøretøy kjørte utfor på høyre side i venstrekurve;1;Vanlig veg/gate;Vegstrekning utenfor kryss/avkjørsel;Ikke tettsted;80;Fylkesveg;51;UID1000225893;Yrkesdøgn;Utforkjøring;Enslig kjøretøy kjørte utfor vegen;2007;0;0;0;0;0;0;0;1;0;0;0;0;0;0;Nei;Telemark;40;Skien;4003;;;0;154486524;59,17483174;9,578680795;Fylkesveg;;12;;;;;Grus;Snø / isbelagt veg;God sikt, nedbør;Dagslys;Vanlig kjørefelt;2;741
torsdag 27. februar 1997;13:50:00;Torsdag;Enslig kjøretøy kjørte utfor på venstre side i venstrekurve;1;Motortrafikkveg;Tunnel (primært for motorkjøretøy);Ikke tettsted;90;Europaveg;18;UID1000204430;Yrkesdøgn;Utforkjøring;Enslig kjøretøy kjørte utfor vegen;1997;0;0;0;1;0;0;0;0;0;0;0;0;0;0;Ukjent;Telemark;40;Porsgrunn;4001;;;0;107145927;59,06924596;9,662792008;Fylkesveg;;2;;;;;Asfalt, oljegrus;Tørr, bar veg;Ukjent;Mørkt med vegbelysning;Vanlig kjørefelt;3;
torsdag 27. mai 2004;13:30:00;Torsdag;Enslig kjøretøy veltet i kjørebanen;1;Annet (plass m.m.);Annet (P-plass, torv, o. l.);Ikke tettsted;;Riksveg;36;UID1000201593;Yrkesdøgn;Andre ulykker;Andre ulykker(parkering o.l);2004;0;0;0;0;1;0;0;0;0;0;0;0;0;0;Ukjent;Telemark;40;Midt-Telemark;4020;;;0;107129306;59,36572638;9,181018413;Fylkesveg;;5;;;;;Grus;Ukjent;God sikt, opphold;Dagslys;Annet;;
torsdag 27. november 2008;14:40:00;Torsdag;Påkjøring bakfra ved venstresving;2;Vanlig veg/gate;3-armet kryss (T-kryss, Y-kryss);Ikke tettsted;60;Riksveg;353;UID1000233142;Yrkesdøgn;Kryssende kjøreretning;Ulykke ved avsvinging fra samme kjøreretning;2008;0;0;0;0;0;0;0;2;0;0;0;0;0;0;Nei;Telemark;40;Bamble;4012;;;0;203058349;59,04675216;9,647427546;Fylkesveg;;11;;;;;Asfalt, oljegrus;Våt, bar veg;God sikt, opphold;Dagslys;Vanlig kjørefelt;2;3800
torsdag 28. mars 2019;16:00:00;Torsdag;Påkjøring bakfra;3;Vanlig veg/gate;Vegstrekning utenfor kryss/avkjørsel;Ikke tettsted;60;Fylkesveg;32;UID1000289719;Yrkesdøgn;Samme kjøreretning;Ulykke mellom kjøretøy med samme kjøreretning;2019;0;0;1;0;0;0;0;1;0;0;0;0;0;1;Ja;Telemark;40;Porsgrunn;4001;;;0;919448150;59,12580784;9,692641528;Fylkesveg;;3;;;;;Asfalt, oljegrus;Tørr, bar veg;God sikt, opphold;Dagslys;Vanlig kjørefelt;2;
torsdag 29. juli 2004;14:16:00;Torsdag;Møting i kurve;4;Vanlig veg/gate;Vegstrekning utenfor kryss/avkjørsel;Tettsted;70;Europaveg;134;UID1000201534;Yrkesdøgn;Motsatt kjøreretning;Ulykke ved møting;2004;0;0;0;1;0;0;0;3;0;0;0;0;0;0;Ukjent;Telemark;40;Hjartdal;4024;;;0;107128922;59,61123493;9,006023455;Fylkesveg;;7;;;;;Asfalt, oljegrus;Tørr, bar veg;God sikt, opphold;Dagslys;Vanlig kjørefelt;2;
torsdag 29. mai 2003;23:45:00;Torsdag;Møting på rett vegstrekning;2;Motortrafikkveg;Vegstrekning utenfor kryss/avkjørsel;Ikke tettsted;80;Europaveg;18;UID1000202076;Helgedøgn;Motsatt kjøreretning;Ulykke ved møting;2003;0;0;0;1;0;0;0;1;0;0;0;0;0;0;Ukjent;Telemark;40;Porsgrunn;4001;;;0;107132053;59,08847697;9,810801835;Fylkesveg;;5;;;;;Asfalt, oljegrus;Tørr, bar veg;God sikt, opphold;Mørkt med vegbelysning;Vanlig kjørefelt;2;
torsdag 29. mai 2008;07:15:00;Torsdag;Ulykke med uklart forløp hvor enslig kjøretøy kjørte utfor vegen;1;Boliggate, boligveg;;Ikke tettsted;;Privat veg;99375;UID1000229803;Yrkesdøgn;Utforkjøring;Enslig kjøretøy kjørte utfor vegen;2008;0;0;0;0;0;0;0;1;0;0;0;0;0;0;Ukjent;Telemark;40;Kragerø;4014;;;0;177225309;58,95395644;9,331371651;Fylkesveg;;5;;;;;;;God sikt, opphold;Dagslys;Vanlig kjørefelt;;
torsdag 3. august 2000;16:00:00;Torsdag;Påkjøring bakfra;4;Vanlig veg/gate;Vegstrekning utenfor kryss/avkjørsel;Tettsted;50;Riksveg;36;UID1000203183;Yrkesdøgn;Samme kjøreretning;Ulykke mellom kjøretøy med samme kjøreretning;2000;0;0;0;0;0;0;0;3;0;0;0;0;0;1;Ukjent;Telemark;40;Porsgrunn;4001;;;0;107138619;59,13426107;9,673872908;Fylkesveg;;8;;;;;Asfalt, oljegrus;Tørr, bar veg;God sikt, opphold;Dagslys;Vanlig kjørefelt;3;
torsdag 3. juli 2008;09:31:00;Torsdag;Enslig kjøretøy kjørte utfor på høyre side i venstrekurve;1;Vanlig veg/gate;Vegstrekning utenfor kryss/avkjørsel;Ikke tettsted;80;Europaveg;134;UID1000229566;Yrkesdøgn;Utforkjøring;Enslig kjøretøy kjørte utfor vegen;2008;0;0;0;1;0;0;0;0;0;0;0;0;0;0;Ukjent;Telemark;40;Vinje;4036;;;0;171685956;59,72883085;7,659387634;Fylkesveg;;7;;;;;Asfalt, oljegrus;Tørr, bar veg;God sikt, opphold;Dagslys;Vanlig kjørefelt;2;
torsdag 3. november 2005;07:12:00;Torsdag;Fotgjenger krysset kjørebanen på hitsiden av krysset;2;Vanlig veg/gate;4 armet kryss (X-kryss);Tettsted;;Kommunal veg;2350;UID1000200882;Yrkesdøgn;Fotgjenger/akende;Fotgjenger krysset kjørebanen;2005;0;0;1;0;0;0;0;1;0;0;0;0;0;0;Ukjent;Telemark;40;Tinn;4026;;;0;107124983;59,87877169;8,624201701;Fylkesveg;;11;;;;;Asfalt, oljegrus;Våt, bar veg;God sikt, nedbør;Mørkt uten vegbelysning;Vanlig kjørefelt;2;
torsdag 30. august 2012;16:39:00;Torsdag;Møting i kurve;2;Vanlig veg/gate;Vegstrekning utenfor kryss/avkjørsel;Ikke tettsted;70;Europaveg;134;UID1000257057;Yrkesdøgn;Motsatt kjøreretning;Ulykke ved møting;2012;0;0;0;1;0;0;0;0;0;0;0;0;0;1;Nei;Telemark;40;Notodden;4005;;;0;358833517;59,58460725;9,301485269;Fylkesveg;;8;;;;;Asfalt, oljegrus;Glatt ellers;God sikt, nedbør;Dagslys;Vanlig kjørefelt;2;5000
torsdag 30. august 2012;16:39:00;Torsdag;Møting i kurve;2;Vanlig veg/gate;Vegstrekning utenfor kryss/avkjørsel;Ikke tettsted;70;Europaveg;134;UID1000257347;Yrkesdøgn;Motsatt kjøreretning;Ulykke ved møting;2012;0;0;0;1;0;0;0;0;0;0;0;0;0;1;Nei;Telemark;40;Notodden;4005;;;0;360867094;59,58461619;9,301483753;Fylkesveg;;8;;;;;Asfalt, oljegrus;Våt, bar veg;God sikt, nedbør;Dagslys;Vanlig kjørefelt;2;5000
torsdag 30. juni 2011;13:32:00;Torsdag;Møting i kurve;2;Motortrafikkveg;Tunnel (primært for motorkjøretøy);Ikke tettsted;80;Europaveg;18;UID1000250296;Yrkesdøgn;Motsatt kjøreretning;Ulykke ved møting;2011;0;0;0;0;0;0;0;2;0;0;0;0;0;0;Ukjent;Telemark;40;Porsgrunn;4001;;;0;294827621;59,06396206;9,669520374;Fylkesveg;;6;;;;;Asfalt, oljegrus;Tørr, bar veg;God sikt, opphold;Mørkt med vegbelysning;Vanlig kjørefelt;3;
torsdag 30. mai 1996;19:42:00;Torsdag;Påkjøring bakfra ved høyresving;2;Vanlig veg/gate;3-armet kryss (T-kryss, Y-kryss);Tettsted;60;Riksveg;354;UID1000204901;Yrkesdøgn;Kryssende kjøreretning;Ulykke ved avsvinging fra samme kjøreretning;1996;0;0;0;0;0;0;0;2;0;0;0;0;0;0;Ukjent;Telemark;40;Skien;4003;;;0;107148727;59,18521681;9,615805741;Fylkesveg;;5;;;;;Asfalt, oljegrus;Tørr, bar veg;God sikt, opphold;Dagslys;Svingefelt venstre / høyre;4;
torsdag 30. oktober 2003;04:07:00;Torsdag;Møting på rett vegstrekning;2;Motortrafikkveg;Vegstrekning utenfor kryss/avkjørsel;Ikke tettsted;80;Europaveg;18;UID1000201374;Yrkesdøgn;Motsatt kjøreretning;Ulykke ved møting;2003;0;0;0;1;0;0;0;1;0;0;0;0;0;0;Ja;Telemark;40;Porsgrunn;4001;;;0;107127964;59,10266198;9,767319378;Fylkesveg;;10;;;;;Asfalt, oljegrus;Våt, bar veg;God sikt, nedbør;Mørkt med vegbelysning;Vanlig kjørefelt;2;11800
torsdag 30. september 1999;17:35:00;Torsdag;Påkjøring bakfra ved venstresving;2;Vanlig veg/gate;4 armet kryss (X-kryss);Tettsted;50;Riksveg;354;UID1000203480;Yrkesdøgn;Kryssende kjøreretning;Ulykke ved avsvinging fra samme kjøreretning;1999;0;0;0;0;0;0;0;2;0;0;0;0;0;0;Ukjent;Telemark;40;Porsgrunn;4001;;;0;107140369;59,10599878;9,659321794;Fylkesveg;;9;;;;;Asfalt, oljegrus;Tørr, bar veg;God sikt, opphold;Dagslys;Vanlig kjørefelt;2;
torsdag 31. desember 1992;06:05:00;Torsdag;Forbikjøring;2;Ukjent;Vegstrekning utenfor kryss/avkjørsel;Tettsted;60;Europaveg;18;UID1000206281;Helgedøgn;Samme kjøreretning;Ulykke mellom kjøretøy med samme kjøreretning;1992;0;0;0;1;0;0;0;1;0;0;0;0;0;0;Ukjent;Telemark;40;Bamble;4012;;;0;107156969;59,03531296;9,675940959;Fylkesveg;;12;;;;;Ukjent;Våt, bar veg;God sikt, opphold;Mørkt uten vegbelysning;Ukjent;;
torsdag 31. oktober 2019;15:02:00;Torsdag;Påkjøring bakfra;2;Vanlig veg/gate;Vegstrekning utenfor kryss/avkjørsel;Ikke tettsted;60;Fylkesveg;32;UID1000292629;Yrkesdøgn;Samme kjøreretning;Ulykke mellom kjøretøy med samme kjøreretning;2019;0;0;0;0;0;0;0;2;0;0;0;0;0;0;Nei;Telemark;40;Porsgrunn;4001;;;0;1004712610;59,12823261;9,688571546;Fylkesveg;;10;;;;;Asfalt, oljegrus;Tørr, bar veg;God sikt, opphold;Dagslys;Vanlig kjørefelt;2;16150
torsdag 4. august 1994;19:30:00;Torsdag;Enslig kjøretøy kjørte utfor på høyre side på rett vegstrekning;1;Ukjent;Vegstrekning utenfor kryss/avkjørsel;Ikke tettsted;80;Europaveg;18;UID1000205613;Yrkesdøgn;Utforkjøring;Enslig kjøretøy kjørte utfor vegen;1994;0;0;0;0;0;0;0;1;0;0;0;0;0;0;Ukjent;Telemark;40;Bamble;4012;;;0;107153084;59,03121392;9,67823479;Fylkesveg;;8;;;;;Ukjent;Tørr, bar veg;God sikt, opphold;Dagslys;Ukjent;;
torsdag 4. februar 1993;21:00:00;Torsdag;Enslig kjøretøy kjørte utfor på høyre side i venstrekurve;1;Ukjent;Vegstrekning utenfor kryss/avkjørsel;Ikke tettsted;80;Riksveg;36;UID1000206217;Yrkesdøgn;Utforkjøring;Enslig kjøretøy kjørte utfor vegen;1993;0;0;0;0;0;0;0;1;0;0;0;0;0;0;Ukjent;Telemark;40;Midt-Telemark;4020;;;0;107156633;59,33024771;9,221971148;Fylkesveg;;2;;;;;Ukjent;Snø / isbelagt veg;God sikt, opphold;Mørkt uten vegbelysning;Ukjent;;
torsdag 4. mai 2000;10:15:00;Torsdag;Påkjøring bakfra ved venstresving;3;Vanlig veg/gate;4 armet kryss (X-kryss);Tettsted;50;Riksveg;354;UID1000203279;Yrkesdøgn;Kryssende kjøreretning;Ulykke ved avsvinging fra samme kjøreretning;2000;0;0;0;1;0;0;0;2;0;0;0;0;0;0;Ukjent;Telemark;40;Porsgrunn;4001;;;0;107139185;59,10599878;9,659321794;Fylkesveg;;5;;;;;Asfalt, oljegrus;Tørr, bar veg;God sikt, opphold;Dagslys;Vanlig kjørefelt;2;
torsdag 4. oktober 2001;10:25:00;Torsdag;Påkjøring forøvrig ved høyresving;2;Vanlig veg/gate;3-armet kryss (T-kryss, Y-kryss);Tettsted;50;Riksveg;36;UID1000202661;Yrkesdøgn;Kryssende kjøreretning;Ulykke ved avsvinging fra samme kjøreretning;2001;0;0;0;0;0;0;0;2;0;0;0;0;0;0;Ukjent;Telemark;40;Porsgrunn;4001;;;0;107135504;59,13418097;9,674988493;Fylkesveg;;10;;;;;Asfalt, oljegrus;Tørr, bar veg;God sikt, opphold;Dagslys;Vanlig kjørefelt;;
torsdag 5. august 1993;12:20:00;Torsdag;Påkjøring bakfra ved venstresving;2;Ukjent;4 armet kryss (X-kryss);Tettsted;50;Riksveg;354;UID1000206042;Yrkesdøgn;Kryssende kjøreretning;Ulykke ved avsvinging fra samme kjøreretning;1993;0;0;0;0;0;0;0;1;0;0;0;0;0;1;Ukjent;Telemark;40;Porsgrunn;4001;;;0;107155702;59,10595479;9,65934615;Fylkesveg;;8;;;;;Ukjent;Tørr, bar veg;God sikt, opphold;Dagslys;Ukjent;;
torsdag 5. august 1999;16:31:00;Torsdag;Uhell med uklart forløp mellom kjøretøy med samme kjøreretning;2;Vanlig veg/gate;Vegstrekning utenfor kryss/avkjørsel;Ikke tettsted;50;Riksveg;36;UID1000203540;Yrkesdøgn;Samme kjøreretning;Ulykke mellom kjøretøy med samme kjøreretning;1999;0;0;0;0;0;1;0;1;0;0;0;0;0;0;Ukjent;Telemark;40;Porsgrunn;4001;;;0;107140677;59,14081335;9,660348002;Fylkesveg;;8;;;;;Asfalt, oljegrus;Ukjent;Ukjent;Dagslys;Vanlig kjørefelt;2;
torsdag 5. august 1999;16:30:00;Torsdag;Påkjøring bakfra;4;Vanlig veg/gate;4 armet kryss (X-kryss);Tettsted;50;Riksveg;36;UID1000203578;Yrkesdøgn;Samme kjøreretning;Ulykke mellom kjøretøy med samme kjøreretning;1999;0;0;0;0;0;0;0;4;0;0;0;0;0;0;Ukjent;Telemark;40;Porsgrunn;4001;;;0;107140909;59,14232782;9,658447673;Fylkesveg;;8;;;;;Asfalt, oljegrus;Tørr, bar veg;God sikt, opphold;Dagslys;Vanlig kjørefelt;3;
torsdag 5. august 2004;14:02:00;Torsdag;Ulykke med uklart forløp / ulykke som ikke faller inn under noen bestemt ul.kode;4;Vanlig veg/gate;Vegstrekning utenfor kryss/avkjørsel;Ikke tettsted;70;Europaveg;134;UID1000201535;Yrkesdøgn;Andre ulykker;Andre ulykker(parkering o.l);2004;0;0;0;0;0;4;0;0;0;0;0;0;0;0;Ukjent;Telemark;40;Hjartdal;4024;;;0;107128940;59,61097487;9,002516261;Fylkesveg;;8;;;;;Asfalt, oljegrus;Våt, bar veg;God sikt, nedbør;Dagslys;Vanlig kjørefelt;2;
torsdag 5. august 2010;11:55:00;Torsdag;Påkjøring bakfra;3;Motortrafikkveg;Tunnel (primært for motorkjøretøy);Tettsted;80;Europaveg;18;UID1000244093;Yrkesdøgn;Samme kjøreretning;Ulykke mellom kjøretøy med samme kjøreretning;2010;0;0;0;2;0;0;0;1;0;0;0;0;0;0;Ukjent;Telemark;40;Bamble;4012;;;0;261081605;59,04747301;9,676657259;Fylkesveg;;8;;;;;Asfalt, oljegrus;Våt, bar veg;God sikt, nedbør;Tussmørke, skumring;Vanlig kjørefelt;2;
torsdag 5. februar 1998;18:45:00;Torsdag;Avsvinging til venstre foran kjørende i motsatt retning;2;Vanlig veg/gate;3-armet kryss (T-kryss, Y-kryss);Ikke tettsted;60;Europaveg;134;UID1000204159;Yrkesdøgn;Kryssende kjøreretning;Ulykke ved avsvinging fra motsatte kjøreretning;1998;0;0;0;0;0;0;0;1;0;0;0;0;0;1;Ukjent;Telemark;40;Notodden;4005;;;0;107144257;59,56697187;9,21408513;Fylkesveg;;2;;;;;Asfalt, oljegrus;Våt, bar veg;God sikt, opphold;Mørkt uten vegbelysning;Vanlig kjørefelt;2;
torsdag 5. februar 2009;14:13:00;Torsdag;Møting i kurve;3;Vanlig veg/gate;Vegstrekning utenfor kryss/avkjørsel;Tettsted;70;Fylkesveg;51;UID1000234321;Yrkesdøgn;Motsatt kjøreretning;Ulykke ved møting;2009;0;0;0;0;0;0;0;3;0;0;0;0;0;0;Nei;Telemark;40;Skien;4003;;;0;208915162;59,17478989;9,579616628;Fylkesveg;;2;;;;;Grus;Snø / isbelagt veg;God sikt, opphold;Dagslys;Vanlig kjørefelt;2;900
torsdag 5. juni 2008;20:35:00;Torsdag;Påkjøring bakfra;2;Vanlig veg/gate;3-armet kryss (T-kryss, Y-kryss);Ikke tettsted;80;Europaveg;134;UID1000229470;Yrkesdøgn;Samme kjøreretning;Ulykke mellom kjøretøy med samme kjøreretning;2008;0;0;0;0;0;1;0;1;0;0;0;0;0;0;Ukjent;Telemark;40;Hjartdal;4024;;;0;168740606;59,60395335;8,712392272;Fylkesveg;;6;;;;;Asfalt, oljegrus;Tørr, bar veg;God sikt, opphold;Dagslys;Vanlig kjørefelt;2;
torsdag 5. mars 2015;16:05:00;Torsdag;Møting i kurve;2;Vanlig veg/gate;Vegstrekning utenfor kryss/avkjørsel;Tettsted;60;Fylkesveg;51;UID1000271364;Yrkesdøgn;Motsatt kjøreretning;Ulykke ved møting;2015;0;0;0;0;0;0;0;2;0;0;0;0;0;0;Ukjent;Telemark;40;Skien;4003;;;0;588560243;59,17626069;9,548385085;Fylkesveg;;3;;;;;Asfalt, oljegrus;Tørr, bar veg;God sikt, opphold;Dagslys;Vanlig kjørefelt;2;
torsdag 5. oktober 2000;15:05:00;Torsdag;Avsvinging til venstre foran kjørende i motsatt retning;2;Vanlig veg/gate;4 armet kryss (X-kryss);Ikke tettsted;50;Riksveg;354;UID1000203083;Yrkesdøgn;Kryssende kjøreretning;Ulykke ved avsvinging fra motsatte kjøreretning;2000;0;0;0;0;0;0;0;1;0;0;0;0;0;1;Ukjent;Telemark;40;Porsgrunn;4001;;;0;107138014;59,10595694;9,659398301;Fylkesveg;;10;;;;;Asfalt, oljegrus;Tørr, bar veg;God sikt, opphold;Dagslys;Vanlig kjørefelt;2;
torsdag 5. september 2013;19:47:00;Torsdag;Enslig kjøretøy kjørte utfor på venstre side i venstrekurve;1;Vanlig veg/gate;Vegstrekning utenfor kryss/avkjørsel;Tettsted;80;Europaveg;134;UID1000263291;Yrkesdøgn;Utforkjøring;Enslig kjøretøy kjørte utfor vegen;2013;0;0;0;0;0;0;0;1;0;0;0;0;0;0;Ukjent;Telemark;40;Kviteseid;4028;;;0;457363964;59,47754485;8,369897319;Fylkesveg;;9;;;;;Asfalt, oljegrus;Våt, bar veg;God sikt, nedbør;Tussmørke, skumring;Vanlig kjørefelt;2;
torsdag 6. mars 1997;08:30:00;Torsdag;Påkjøring bakfra;2;Vanlig veg/gate;Vegstrekning utenfor kryss/avkjørsel;Tettsted;50;Riksveg;36;UID1000204572;Yrkesdøgn;Samme kjøreretning;Ulykke mellom kjøretøy med samme kjøreretning;1997;0;0;0;0;0;0;0;1;0;0;0;0;0;1;Ukjent;Telemark;40;Porsgrunn;4001;;;0;107146742;59,13407009;9,674480465;Fylkesveg;;3;;;;;Asfalt, oljegrus;Våt, bar veg;God sikt, opphold;Dagslys;Vanlig kjørefelt;3;
torsdag 6. mars 2003;11:40:00;Torsdag;Enslig kjøretøy kjørte utfor på høyre side i venstrekurve;1;Vanlig veg/gate;Vegstrekning utenfor kryss/avkjørsel;Ikke tettsted;80;Riksveg;36;UID1000202202;Yrkesdøgn;Utforkjøring;Enslig kjøretøy kjørte utfor vegen;2003;0;0;0;1;0;0;0;0;0;0;0;0;0;0;Ukjent;Telemark;40;Nome;4018;;;0;107132820;59,32023818;9,238205462;Fylkesveg;;3;;;;;Asfalt, oljegrus;Snø / isbelagt veg;God sikt, nedbør;Dagslys;Vanlig kjørefelt;2;
torsdag 7. februar 1991;13:40:00;Torsdag;Møting på rett vegstrekning;3;Ukjent;Vegstrekning utenfor kryss/avkjørsel;Ikke tettsted;60;Europaveg;76;UID1000207134;Yrkesdøgn;Motsatt kjøreretning;Ulykke ved møting;1991;0;1;0;0;0;0;0;0;0;0;0;0;0;2;Ukjent;Telemark;40;Vinje;4036;;;0;107161923;59,56292219;8,008220046;Fylkesveg;;2;;;;;Asfalt, oljegrus;Delvis snø / isbelagt veg;God sikt, opphold;Dagslys;Ukjent;2;
torsdag 7. januar 2010;11:40:00;Torsdag;Møting i kurve;2;Vanlig veg/gate;Vegstrekning utenfor kryss/avkjørsel;Tettsted;80;Fylkesveg;51;UID1000241084;Yrkesdøgn;Motsatt kjøreretning;Ulykke ved møting;2010;0;0;0;0;0;0;0;2;0;0;0;0;0;0;Nei;Telemark;40;Skien;4003;;;0;237400143;59,17480486;9,579544125;Fylkesveg;;1;;;;;Grus;Snø / isbelagt veg;God sikt, opphold;Dagslys;Vanlig kjørefelt;2;900
torsdag 7. juni 2001;08:05:00;Torsdag;Ulykke med dyr innblandet;1;Vanlig veg/gate;Vegstrekning utenfor kryss/avkjørsel;Ikke tettsted;70;Riksveg;353;UID1000202733;Yrkesdøgn;Andre ulykker;Andre ulykker(parkering o.l);2001;0;0;0;0;0;0;0;1;0;0;0;0;0;0;Nei;Telemark;40;Bamble;4012;;;0;107135940;59,05548549;9,629730825;Fylkesveg;;6;;;;;Asfalt, oljegrus;Våt, bar veg;God sikt, nedbør;Dagslys;Vanlig kjørefelt;2;3600
torsdag 7. mai 2009;18:13:00;Torsdag;Avsvinging til venstre foran kjørende i motsatt retning;3;Vanlig veg/gate;Avkjørsel;Ikke tettsted;70;Riksveg;36;UID1000236528;Yrkesdøgn;Kryssende kjøreretning;Ulykke ved avsvinging fra motsatte kjøreretning;2009;0;0;0;0;0;0;0;3;0;0;0;0;0;0;Ukjent;Telemark;40;Midt-Telemark;4020;;;0;218647980;59,35057901;9,201247658;Fylkesveg;;5;;;;;Asfalt, oljegrus;Tørr, bar veg;God sikt, opphold;Dagslys;Vanlig kjørefelt;2;
torsdag 9. april 1998;10:15:00;Torsdag;Møting under forbikjøring på rett vegstrekning;3;Vanlig veg/gate;Vegstrekning utenfor kryss/avkjørsel;Ikke tettsted;80;Europaveg;18;UID1000204102;Helgedøgn;Motsatt kjøreretning;Ulykke ved møting;1998;0;0;0;0;0;0;0;3;0;0;0;0;0;0;Ukjent;Telemark;40;Bamble;4012;;;0;107143932;58,97304679;9,515924366;Fylkesveg;;4;;;;;Asfalt, oljegrus;Snø / isbelagt veg;Dårlig sikt, nedbør;Dagslys;Vanlig kjørefelt;2;
torsdag 9. august 2007;20:00:00;Torsdag;Påkjøring bakfra;2;Vanlig veg/gate;3-armet kryss (T-kryss, Y-kryss);Ikke tettsted;60;Riksveg;36;UID1000223183;Yrkesdøgn;Samme kjøreretning;Ulykke mellom kjøretøy med samme kjøreretning;2007;0;0;0;0;0;0;0;2;0;0;0;0;0;0;Nei;Telemark;40;Porsgrunn;4001;;;0;143356595;59,12262307;9,707610782;Fylkesveg;;8;;;;;Asfalt, oljegrus;;;Mørkt med vegbelysning;Vanlig kjørefelt;3;11124
torsdag 9. januar 1992;20:10:00;Torsdag;Enslig kjøretøy kjørte utfor på høyre side på rett vegstrekning;1;Ukjent;Vegstrekning utenfor kryss/avkjørsel;Ikke tettsted;80;Riksveg;36;UID1000206729;Yrkesdøgn;Utforkjøring;Enslig kjøretøy kjørte utfor vegen;1992;0;0;0;0;0;0;0;1;0;0;0;0;0;0;Ukjent;Telemark;40;Midt-Telemark;4020;;;0;107159421;59,36312312;9,183599436;Fylkesveg;;1;;;;;Ukjent;Delvis snø / isbelagt veg;God sikt, opphold;Mørkt uten vegbelysning;Ukjent;;
torsdag 9. juli 2009;08:35:00;Torsdag;Enslig kjøretøy kjørte utfor på høyre side i venstrekurve;1;Vanlig veg/gate;Vegstrekning utenfor kryss/avkjørsel;Ikke tettsted;80;Fylkesveg;37;UID1000240104;Yrkesdøgn;Utforkjøring;Enslig kjøretøy kjørte utfor vegen;2009;0;0;0;0;0;0;0;1;0;0;0;0;0;0;Ukjent;Telemark;40;Notodden;4005;;;0;237148644;59,69369276;9,084541009;Fylkesveg;;7;;;;;Asfalt, oljegrus;Våt, bar veg;God sikt, nedbør;Dagslys;Vanlig kjørefelt;2;
torsdag 9. november 2006;18:45:00;Torsdag;Enslig kjøretøy kjørte utfor på venstre side på rett vegstrekning;1;Vanlig veg/gate;Vegstrekning utenfor kryss/avkjørsel;Ikke tettsted;80;Europaveg;134;UID1000217584;Yrkesdøgn;Utforkjøring;Enslig kjøretøy kjørte utfor vegen;2006;0;0;0;0;0;0;0;1;0;0;0;0;0;0;Ukjent;Telemark;40;Vinje;4036;;;0;119595570;59,74763497;7,446169639;Fylkesveg;;11;;;;;;Glatt ellers;God sikt, opphold;Mørkt uten vegbelysning;Vanlig kjørefelt;2;
torsdag 9. september 1999;11:43:00;Torsdag;Fotgjenger krysset kjørebanen forøvrig;2;Vanlig veg/gate;Vegstrekning utenfor kryss/avkjørsel;Tettsted;50;Riksveg;36;UID1000203527;Yrkesdøgn;Fotgjenger/akende;Fotgjenger krysset kjørebanen;1999;0;0;1;0;0;0;0;1;0;0;0;0;0;0;Ukjent;Telemark;40;Porsgrunn;4001;;;0;107140601;59,13430149;9,673761556;Fylkesveg;;9;;;;;Asfalt, oljegrus;Tørr, bar veg;God sikt, opphold;Dagslys;Vanlig kjørefelt;2;
