ssbid_250,År,Populasjon
21715006570000,2016-01-01,1
21720006570000,2016-01-01,2
21722506568750,2016-01-01,1
21722506570000,2016-01-01,2
21725006570000,2016-01-01,1
21760006568000,2016-01-01,5
21760006568250,2016-01-01,2
21760006568500,2016-01-01,8
21762506567750,2016-01-01,4
21762506568000,2016-01-01,16
21765006573500,2016-01-01,6
21765006587750,2016-01-01,2
21767506588250,2016-01-01,6
21767506588750,2016-01-01,3
21767506589000,2016-01-01,5
21770006567250,2016-01-01,2
21770006573000,2016-01-01,2
21770006589250,2016-01-01,13
21772506567000,2016-01-01,6
21772506567500,2016-01-01,4
21772506567750,2016-01-01,8
21772506573500,2016-01-01,4
21772506588000,2016-01-01,6
21772506588250,2016-01-01,16
21772506588750,2016-01-01,15
21772506589000,2016-01-01,1
21772506589250,2016-01-01,1
21772506589500,2016-01-01,2
21772506589750,2016-01-01,3
21775006561500,2016-01-01,1
21775006563500,2016-01-01,2
21775006567000,2016-01-01,6
21775006567500,2016-01-01,5
21775006587750,2016-01-01,1
21775006588000,2016-01-01,3
21775006588500,2016-01-01,2
21775006588750,2016-01-01,2
21775006589000,2016-01-01,6
21775006589500,2016-01-01,4
21777506572750,2016-01-01,1
21777506588250,2016-01-01,18
21777506588750,2016-01-01,2
21777506589000,2016-01-01,7
21777506589250,2016-01-01,4
21780006562500,2016-01-01,2
21780006565750,2016-01-01,4
21780006572500,2016-01-01,3
21780006572750,2016-01-01,6
21782506571500,2016-01-01,2
21782506572000,2016-01-01,4
21782506572250,2016-01-01,3
21782506572500,2016-01-01,2
21785006562500,2016-01-01,4
21785006567000,2016-01-01,1
21785006572250,2016-01-01,5
21785006575250,2016-01-01,2
21785006588250,2016-01-01,3
21785006591500,2016-01-01,5
21785006591750,2016-01-01,1
21787506562250,2016-01-01,4
21787506562500,2016-01-01,8
21787506567000,2016-01-01,3
21787506567250,2016-01-01,7
21787506572250,2016-01-01,2
21787506572500,2016-01-01,3
21787506577750,2016-01-01,1
21790006562500,2016-01-01,2
21790006567750,2016-01-01,7
21790006572500,2016-01-01,1
21790006572750,2016-01-01,3
21792506566750,2016-01-01,1
21792506567250,2016-01-01,2
21792506567500,2016-01-01,11
21792506567750,2016-01-01,3
21792506570750,2016-01-01,4
21792506572000,2016-01-01,11
21792506572250,2016-01-01,8
21792506572500,2016-01-01,1
21792506573000,2016-01-01,4
21792506573750,2016-01-01,1
21792506575250,2016-01-01,7
21792506578000,2016-01-01,1
21792506578250,2016-01-01,8
21795006564750,2016-01-01,6
21795006571000,2016-01-01,5
21795006571250,2016-01-01,3
21795006571750,2016-01-01,7
21795006573000,2016-01-01,2
21795006573250,2016-01-01,1
21795006574500,2016-01-01,4
21797506564500,2016-01-01,4
21797506567250,2016-01-01,3
21797506571250,2016-01-01,3
21797506571500,2016-01-01,2
21797506571750,2016-01-01,4
21797506573750,2016-01-01,2
21797506574000,2016-01-01,2
21797506574750,2016-01-01,4
21797506575000,2016-01-01,5
21797506578000,2016-01-01,7
21800006564250,2016-01-01,7
21800006571750,2016-01-01,2
21800006573000,2016-01-01,1
21800006575250,2016-01-01,2
21800006577500,2016-01-01,4
21800006578000,2016-01-01,14
21800006585750,2016-01-01,2
21802506564000,2016-01-01,10
21802506566250,2016-01-01,2
21802506572750,2016-01-01,4
21802506575000,2016-01-01,6
21802506575250,2016-01-01,10
21802506576000,2016-01-01,2
21802506577000,2016-01-01,2
21802506577250,2016-01-01,4
21802506585250,2016-01-01,2
21802506585750,2016-01-01,5
21802506586250,2016-01-01,4
21805006564000,2016-01-01,2
21805006566250,2016-01-01,4
21805006571250,2016-01-01,1
21805006574750,2016-01-01,3
21805006576000,2016-01-01,2
21805006576250,2016-01-01,2
21805006576500,2016-01-01,4
21805006577000,2016-01-01,3
21805006578250,2016-01-01,3
21805006585750,2016-01-01,4
21805006586250,2016-01-01,3
21807506561750,2016-01-01,8
21807506563250,2016-01-01,4
21807506563500,2016-01-01,4
21807506563750,2016-01-01,2
21807506574750,2016-01-01,5
21807506576000,2016-01-01,2
21807506576250,2016-01-01,10
21807506576500,2016-01-01,10
21807506576750,2016-01-01,13
21807506577750,2016-01-01,1
21807506578250,2016-01-01,4
21807506585500,2016-01-01,2
21810006563000,2016-01-01,3
21810006564750,2016-01-01,2
21810006565000,2016-01-01,37
21810006565250,2016-01-01,4
21810006574500,2016-01-01,6
21810006575000,2016-01-01,3
21810006576000,2016-01-01,6
21810006576250,2016-01-01,16
21810006576500,2016-01-01,14
21810006577500,2016-01-01,5
21810006578000,2016-01-01,2
21812506560500,2016-01-01,1
21812506565000,2016-01-01,34
21812506565250,2016-01-01,5
21812506565750,2016-01-01,5
21812506566000,2016-01-01,2
21812506566250,2016-01-01,2
21812506567000,2016-01-01,7
21812506567250,2016-01-01,7
21812506576250,2016-01-01,2
21812506576500,2016-01-01,9
21812506576750,2016-01-01,18
21812506577250,2016-01-01,8
21812506577500,2016-01-01,3
21812506577750,2016-01-01,3
21812506578000,2016-01-01,2
21812506578250,2016-01-01,4
21815006564000,2016-01-01,5
21815006564500,2016-01-01,2
21815006565750,2016-01-01,1
21815006566000,2016-01-01,5
21815006567000,2016-01-01,2
21815006576500,2016-01-01,13
21815006576750,2016-01-01,27
21815006577000,2016-01-01,29
21815006577250,2016-01-01,1
21815006577500,2016-01-01,26
21815006577750,2016-01-01,2
21815006578000,2016-01-01,4
21815006578250,2016-01-01,3
21817506577000,2016-01-01,2
21817506577500,2016-01-01,7
21817506577750,2016-01-01,5
21820006574750,2016-01-01,2
21820006577250,2016-01-01,5
21822506563750,2016-01-01,4
21822506566750,2016-01-01,4
21822506574500,2016-01-01,4
21822506575500,2016-01-01,3
21822506575750,2016-01-01,2
21825006574750,2016-01-01,4
21825006575000,2016-01-01,4
21825006575250,2016-01-01,3
21825006575750,2016-01-01,1
21825006577500,2016-01-01,5
21827506566750,2016-01-01,5
21827506580750,2016-01-01,2
21830006574500,2016-01-01,7
21830006574750,2016-01-01,13
21832506566750,2016-01-01,1
21832506574500,2016-01-01,11
21832506574750,2016-01-01,6
21832506575000,2016-01-01,17
21832506575250,2016-01-01,68
21832506580250,2016-01-01,2
21835006575250,2016-01-01,5
21837506574500,2016-01-01,14
21837506574750,2016-01-01,9
21837506575000,2016-01-01,9
21840006573750,2016-01-01,6
21840006574000,2016-01-01,11
21840006574250,2016-01-01,4
21840006575000,2016-01-01,2
21842506566750,2016-01-01,1
21842506573500,2016-01-01,2
21842506573750,2016-01-01,7
21842506574000,2016-01-01,2
21842506574500,2016-01-01,4
21842506575250,2016-01-01,5
21842506579750,2016-01-01,3
21845006567750,2016-01-01,2
21845006573750,2016-01-01,1
21845006574000,2016-01-01,5
21845006574250,2016-01-01,10
21845006574750,2016-01-01,4
21845006575000,2016-01-01,5
21845006579000,2016-01-01,8
21845006579250,2016-01-01,7
21845006579500,2016-01-01,9
21845006579750,2016-01-01,2
21847506567000,2016-01-01,2
21847506567500,2016-01-01,1
21847506573750,2016-01-01,5
21847506574250,2016-01-01,8
21847506579000,2016-01-01,10
21847506579250,2016-01-01,6
21850006568000,2016-01-01,2
21850006573750,2016-01-01,2
21850006574250,2016-01-01,11
21850006575500,2016-01-01,3
21850006577750,2016-01-01,3
21850006578500,2016-01-01,5
21850006579000,2016-01-01,2
21852506567500,2016-01-01,2
21852506567750,2016-01-01,8
21852506568000,2016-01-01,2
21852506574500,2016-01-01,2
21852506575500,2016-01-01,4
21852506577500,2016-01-01,5
21852506578250,2016-01-01,3
21852506578500,2016-01-01,2
21855006567000,2016-01-01,4
21855006567250,2016-01-01,2
21855006567750,2016-01-01,7
21855006573500,2016-01-01,2
21855006574750,2016-01-01,7
21855006575500,2016-01-01,5
21855006576750,2016-01-01,1
21855006577500,2016-01-01,1
21855006578250,2016-01-01,9
21855006578750,2016-01-01,1
21855006579000,2016-01-01,3
21857506566750,2016-01-01,16
21857506567000,2016-01-01,13
21857506567250,2016-01-01,5
21857506569750,2016-01-01,8
21857506570000,2016-01-01,5
21857506573500,2016-01-01,2
21857506578750,2016-01-01,33
21860006566750,2016-01-01,7
21860006570000,2016-01-01,3
21860006573000,2016-01-01,4
21860006573250,2016-01-01,3
21860006573500,2016-01-01,5
21860006573750,2016-01-01,10
21860006576000,2016-01-01,5
21860006576500,2016-01-01,9
21860006576750,2016-01-01,24
21860006577000,2016-01-01,33
21860006577250,2016-01-01,23
21860006577500,2016-01-01,1
21860006578250,2016-01-01,5
21860006578500,2016-01-01,1
21860006586500,2016-01-01,4
21862506567250,2016-01-01,8
21862506567500,2016-01-01,70
21862506567750,2016-01-01,15
21862506570000,2016-01-01,2
21862506573000,2016-01-01,2
21862506573250,2016-01-01,4
21862506574000,2016-01-01,3
21862506574250,2016-01-01,2
21862506575750,2016-01-01,2
21862506576000,2016-01-01,2
21862506576250,2016-01-01,2
21862506576750,2016-01-01,7
21862506577000,2016-01-01,52
21862506577250,2016-01-01,7
21862506577750,2016-01-01,7
21862506578000,2016-01-01,1
21865006567250,2016-01-01,7
21865006567500,2016-01-01,29
21865006570250,2016-01-01,4
21865006572000,2016-01-01,3
21865006572250,2016-01-01,3
21865006572500,2016-01-01,4
21865006572750,2016-01-01,1
21865006573250,2016-01-01,4
21865006573500,2016-01-01,3
21865006573750,2016-01-01,4
21865006574000,2016-01-01,5
21865006574250,2016-01-01,1
21865006576250,2016-01-01,4
21865006576500,2016-01-01,9
21865006577000,2016-01-01,2
21865006577500,2016-01-01,7
21865006577750,2016-01-01,4
21865006578000,2016-01-01,1
21867506567500,2016-01-01,10
21867506568250,2016-01-01,2
21867506570000,2016-01-01,4
21867506571250,2016-01-01,5
21867506571500,2016-01-01,7
21867506571750,2016-01-01,3
21867506572000,2016-01-01,2
21867506572250,2016-01-01,3
21867506572750,2016-01-01,8
21867506573000,2016-01-01,1
21867506573250,2016-01-01,2
21867506576250,2016-01-01,29
21867506576500,2016-01-01,5
21867506577000,2016-01-01,49
21867506577250,2016-01-01,73
21867506577500,2016-01-01,24
21867506586500,2016-01-01,1
21870006567500,2016-01-01,2
21870006568250,2016-01-01,4
21870006568500,2016-01-01,4
21870006569000,2016-01-01,6
21870006569750,2016-01-01,2
21870006570000,2016-01-01,2
21870006571750,2016-01-01,9
21870006572250,2016-01-01,3
21870006573000,2016-01-01,11
21870006573750,2016-01-01,9
21870006574000,2016-01-01,6
21870006576000,2016-01-01,3
21870006576250,2016-01-01,5
21870006576500,2016-01-01,1
21870006576750,2016-01-01,49
21870006577000,2016-01-01,89
21870006577250,2016-01-01,12
21872506567500,2016-01-01,2
21872506568750,2016-01-01,1
21872506571250,2016-01-01,10
21872506571500,2016-01-01,7
21872506573250,2016-01-01,6
21872506573500,2016-01-01,2
21872506574000,2016-01-01,4
21872506574750,2016-01-01,5
21872506575500,2016-01-01,6
21872506576500,2016-01-01,78
21872506576750,2016-01-01,156
21872506577000,2016-01-01,75
21875006567250,2016-01-01,1
21875006569000,2016-01-01,7
21875006573000,2016-01-01,8
21875006573250,2016-01-01,11
21875006573500,2016-01-01,8
21875006574250,2016-01-01,5
21875006574500,2016-01-01,2
21875006574750,2016-01-01,8
21875006575250,2016-01-01,8
21875006575500,2016-01-01,9
21875006576000,2016-01-01,8
21875006576250,2016-01-01,21
21875006576750,2016-01-01,136
21875006577000,2016-01-01,17
21877506567500,2016-01-01,7
21877506569000,2016-01-01,6
21877506570000,2016-01-01,3
21877506572750,2016-01-01,1
21877506573000,2016-01-01,8
21877506573500,2016-01-01,3
21877506574000,2016-01-01,1
21877506574250,2016-01-01,3
21877506574500,2016-01-01,56
21877506574750,2016-01-01,104
21877506575000,2016-01-01,12
21877506575250,2016-01-01,49
21877506575500,2016-01-01,18
21877506575750,2016-01-01,1
21877506576000,2016-01-01,61
21877506576250,2016-01-01,17
21877506576500,2016-01-01,75
21877506576750,2016-01-01,106
21880006567250,2016-01-01,2
21880006567500,2016-01-01,6
21880006568250,2016-01-01,2
21880006568500,2016-01-01,8
21880006569250,2016-01-01,4
21880006572500,2016-01-01,4
21880006573000,2016-01-01,6
21880006573250,2016-01-01,2
21880006573500,2016-01-01,7
21880006574000,2016-01-01,15
21880006574250,2016-01-01,130
21880006574500,2016-01-01,103
21880006574750,2016-01-01,85
21880006575000,2016-01-01,93
21880006575250,2016-01-01,144
21880006575500,2016-01-01,36
21880006575750,2016-01-01,10
21880006576250,2016-01-01,2
21880006576500,2016-01-01,8
21880006576750,2016-01-01,27
21882506567000,2016-01-01,2
21882506568250,2016-01-01,8
21882506569000,2016-01-01,1
21882506569250,2016-01-01,3
21882506569500,2016-01-01,5
21882506571000,2016-01-01,8
21882506572500,2016-01-01,18
21882506573250,2016-01-01,19
21882506573750,2016-01-01,2
21882506574000,2016-01-01,115
21882506574250,2016-01-01,153
21882506574500,2016-01-01,88
21882506574750,2016-01-01,134
21882506575000,2016-01-01,135
21882506575250,2016-01-01,95
21882506575750,2016-01-01,8
21882506576750,2016-01-01,4
21885006569500,2016-01-01,2
21885006570000,2016-01-01,3
21885006572000,2016-01-01,5
21885006573250,2016-01-01,2
21885006573750,2016-01-01,2
21885006574000,2016-01-01,77
21885006574250,2016-01-01,71
21885006574500,2016-01-01,17
21885006574750,2016-01-01,67
21885006575000,2016-01-01,135
21885006575250,2016-01-01,7
21885006575750,2016-01-01,30
21885006576000,2016-01-01,50
21885006576750,2016-01-01,8
21885006577750,2016-01-01,17
21885006584250,2016-01-01,4
21885006586250,2016-01-01,2
21885006586500,2016-01-01,3
21885006586750,2016-01-01,12
21885006601000,2016-01-01,2
21887506567000,2016-01-01,2
21887506569750,2016-01-01,1
21887506570000,2016-01-01,4
21887506570250,2016-01-01,4
21887506572750,2016-01-01,2
21887506574750,2016-01-01,16
21887506575500,2016-01-01,33
21887506575750,2016-01-01,72
21887506576000,2016-01-01,91
21887506576250,2016-01-01,48
21887506576500,2016-01-01,2
21887506576750,2016-01-01,8
21887506577000,2016-01-01,2
21887506577500,2016-01-01,88
21887506577750,2016-01-01,93
21887506584000,2016-01-01,5
21887506584250,2016-01-01,4
21887506586750,2016-01-01,1
21887506600750,2016-01-01,2
21890006568750,2016-01-01,4
21890006569750,2016-01-01,1
21890006570000,2016-01-01,9
21890006570500,2016-01-01,2
21890006571750,2016-01-01,2
21890006574000,2016-01-01,9
21890006575250,2016-01-01,3
21890006575500,2016-01-01,68
21890006575750,2016-01-01,146
21890006576000,2016-01-01,200
21890006576250,2016-01-01,106
21890006576500,2016-01-01,4
21890006576750,2016-01-01,13
21890006577000,2016-01-01,108
21890006577250,2016-01-01,173
21890006577500,2016-01-01,140
21890006577750,2016-01-01,88
21890006578000,2016-01-01,6
21890006581750,2016-01-01,2
21890006583750,2016-01-01,4
21890006584000,2016-01-01,14
21890006584250,2016-01-01,6
21890006585000,2016-01-01,2
21890006585250,2016-01-01,2
21890006599750,2016-01-01,2
21892506571000,2016-01-01,1
21892506573000,2016-01-01,16
21892506573750,2016-01-01,6
21892506574000,2016-01-01,56
21892506575250,2016-01-01,2
21892506575500,2016-01-01,105
21892506575750,2016-01-01,159
21892506576000,2016-01-01,112
21892506576500,2016-01-01,14
21892506576750,2016-01-01,209
21892506577000,2016-01-01,284
21892506577250,2016-01-01,179
21892506577500,2016-01-01,169
21892506577750,2016-01-01,54
21892506578000,2016-01-01,26
21892506579750,2016-01-01,9
21892506580000,2016-01-01,3
21892506580750,2016-01-01,2
21892506581500,2016-01-01,20
21892506581750,2016-01-01,3
21892506582750,2016-01-01,10
21892506583250,2016-01-01,3
21892506583750,2016-01-01,6
21892506584250,2016-01-01,3
21892506585000,2016-01-01,1
21895006568000,2016-01-01,4
21895006573000,2016-01-01,3
21895006573750,2016-01-01,2
21895006574000,2016-01-01,7
21895006575000,2016-01-01,1
21895006575250,2016-01-01,4
21895006575500,2016-01-01,134
21895006575750,2016-01-01,117
21895006576000,2016-01-01,79
21895006576250,2016-01-01,148
21895006576500,2016-01-01,95
21895006576750,2016-01-01,163
21895006577000,2016-01-01,108
21895006577250,2016-01-01,69
21895006577500,2016-01-01,170
21895006577750,2016-01-01,119
21895006578000,2016-01-01,120
21895006578750,2016-01-01,2
21895006579000,2016-01-01,3
21895006579250,2016-01-01,3
21895006579500,2016-01-01,6
21895006579750,2016-01-01,1
21895006580500,2016-01-01,1
21895006581000,2016-01-01,3
21895006581250,2016-01-01,6
21895006581500,2016-01-01,9
21895006582250,2016-01-01,7
21895006582500,2016-01-01,4
21895006582750,2016-01-01,7
21895006583000,2016-01-01,6
21895006583250,2016-01-01,1
21895006583750,2016-01-01,5
21895006586000,2016-01-01,3
21897506568000,2016-01-01,1
21897506568250,2016-01-01,2
21897506571750,2016-01-01,1
21897506574000,2016-01-01,19
21897506574250,2016-01-01,22
21897506574500,2016-01-01,21
21897506574750,2016-01-01,38
21897506575250,2016-01-01,28
21897506575500,2016-01-01,129
21897506575750,2016-01-01,46
21897506576000,2016-01-01,147
21897506576250,2016-01-01,151
21897506576500,2016-01-01,15
21897506576750,2016-01-01,180
21897506577000,2016-01-01,246
21897506577250,2016-01-01,325
21897506577500,2016-01-01,402
21897506577750,2016-01-01,31
21897506578000,2016-01-01,3
21897506578250,2016-01-01,4
21897506578500,2016-01-01,6
21897506578750,2016-01-01,6
21897506579000,2016-01-01,1
21897506579250,2016-01-01,4
21897506579750,2016-01-01,2
21897506580000,2016-01-01,4
21897506582000,2016-01-01,19
21897506582250,2016-01-01,4
21897506582500,2016-01-01,20
21897506584500,2016-01-01,5
21897506597250,2016-01-01,4
21897506597500,2016-01-01,7
21897506598000,2016-01-01,2
21897506602000,2016-01-01,2
21900006566250,2016-01-01,7
21900006566500,2016-01-01,19
21900006574250,2016-01-01,87
21900006574500,2016-01-01,115
21900006574750,2016-01-01,77
21900006575000,2016-01-01,5
21900006575250,2016-01-01,61
21900006575500,2016-01-01,43
21900006575750,2016-01-01,19
21900006576000,2016-01-01,135
21900006576250,2016-01-01,39
21900006576500,2016-01-01,15
21900006576750,2016-01-01,53
21900006577000,2016-01-01,155
21900006577250,2016-01-01,35
21900006577500,2016-01-01,2
21900006578000,2016-01-01,9
21900006578250,2016-01-01,3
21900006579250,2016-01-01,6
21900006579500,2016-01-01,7
21900006581000,2016-01-01,3
21900006581250,2016-01-01,8
21900006581500,2016-01-01,19
21900006581750,2016-01-01,19
21900006582000,2016-01-01,13
21900006582500,2016-01-01,2
21900006582750,2016-01-01,4
21900006583000,2016-01-01,5
21900006583250,2016-01-01,3
21900006583500,2016-01-01,25
21900006586000,2016-01-01,5
21900006586250,2016-01-01,2
21900006597000,2016-01-01,3
21900006603250,2016-01-01,4
21902506566500,2016-01-01,16
21902506568500,2016-01-01,2
21902506574000,2016-01-01,26
21902506574250,2016-01-01,192
21902506574500,2016-01-01,131
21902506574750,2016-01-01,54
21902506575000,2016-01-01,22
21902506575250,2016-01-01,55
21902506575500,2016-01-01,108
21902506575750,2016-01-01,96
21902506576000,2016-01-01,84
21902506576250,2016-01-01,55
21902506576500,2016-01-01,32
21902506576750,2016-01-01,107
21902506577000,2016-01-01,91
21902506577250,2016-01-01,8
21902506577500,2016-01-01,1
21902506577750,2016-01-01,6
21902506578000,2016-01-01,11
21902506578500,2016-01-01,11
21902506578750,2016-01-01,9
21902506579000,2016-01-01,8
21902506579500,2016-01-01,4
21902506579750,2016-01-01,10
21902506580000,2016-01-01,17
21902506580250,2016-01-01,9
21902506580500,2016-01-01,90
21902506580750,2016-01-01,97
21902506581000,2016-01-01,4
21902506581250,2016-01-01,2
21902506581500,2016-01-01,3
21902506582750,2016-01-01,16
21902506583000,2016-01-01,5
21902506583500,2016-01-01,16
21902506583750,2016-01-01,21
21902506585500,2016-01-01,1
21902506586000,2016-01-01,2
21902506586250,2016-01-01,4
21902506587500,2016-01-01,6
21902506597750,2016-01-01,2
21902506602500,2016-01-01,6
21905006566250,2016-01-01,20
21905006566500,2016-01-01,37
21905006567250,2016-01-01,1
21905006568500,2016-01-01,10
21905006572750,2016-01-01,6
21905006573000,2016-01-01,35
21905006573250,2016-01-01,38
21905006573500,2016-01-01,13
21905006573750,2016-01-01,51
21905006574000,2016-01-01,162
21905006574250,2016-01-01,179
21905006574500,2016-01-01,65
21905006574750,2016-01-01,31
21905006575000,2016-01-01,19
21905006575250,2016-01-01,84
21905006575500,2016-01-01,144
21905006575750,2016-01-01,120
21905006576000,2016-01-01,141
21905006576250,2016-01-01,99
21905006576500,2016-01-01,10
21905006577000,2016-01-01,2
21905006577250,2016-01-01,4
21905006577750,2016-01-01,10
21905006578000,2016-01-01,38
21905006578250,2016-01-01,1
21905006579000,2016-01-01,31
21905006579250,2016-01-01,42
21905006579500,2016-01-01,106
21905006579750,2016-01-01,87
21905006580000,2016-01-01,34
21905006580250,2016-01-01,74
21905006580500,2016-01-01,34
21905006580750,2016-01-01,7
21905006581500,2016-01-01,11
21905006582250,2016-01-01,2
21905006582500,2016-01-01,27
21905006582750,2016-01-01,51
21905006583000,2016-01-01,22
21905006583250,2016-01-01,1
21905006583500,2016-01-01,1
21905006583750,2016-01-01,22
21905006584000,2016-01-01,3
21905006584250,2016-01-01,2
21905006584750,2016-01-01,5
21905006585000,2016-01-01,18
21905006585500,2016-01-01,4
21905006596250,2016-01-01,3
21907506566250,2016-01-01,13
21907506566500,2016-01-01,8
21907506567000,2016-01-01,10
21907506567250,2016-01-01,5
21907506568500,2016-01-01,1
21907506572750,2016-01-01,21
21907506573000,2016-01-01,93
21907506573250,2016-01-01,100
21907506573500,2016-01-01,92
21907506573750,2016-01-01,118
21907506574000,2016-01-01,51
21907506574250,2016-01-01,28
21907506575000,2016-01-01,30
21907506575250,2016-01-01,128
21907506575500,2016-01-01,87
21907506575750,2016-01-01,73
21907506576000,2016-01-01,32
21907506576250,2016-01-01,76
21907506576500,2016-01-01,162
21907506576750,2016-01-01,170
21907506577000,2016-01-01,13
21907506578250,2016-01-01,12
21907506578500,2016-01-01,19
21907506578750,2016-01-01,34
21907506579000,2016-01-01,7
21907506579250,2016-01-01,18
21907506579500,2016-01-01,3
21907506580250,2016-01-01,6
21907506581000,2016-01-01,4
21907506581250,2016-01-01,6
21907506581500,2016-01-01,3
21907506581750,2016-01-01,1
21907506582000,2016-01-01,6
21907506582250,2016-01-01,5
21907506582500,2016-01-01,8
21907506583000,2016-01-01,4
21907506583750,2016-01-01,5
21907506584000,2016-01-01,4
21907506584250,2016-01-01,10
21907506584500,2016-01-01,4
21907506584750,2016-01-01,10
21907506585000,2016-01-01,8
21907506585250,2016-01-01,3
21907506597000,2016-01-01,1
21910006567000,2016-01-01,3
21910006567750,2016-01-01,1
21910006568000,2016-01-01,4
21910006568250,2016-01-01,11
21910006573250,2016-01-01,17
21910006573500,2016-01-01,173
21910006573750,2016-01-01,115
21910006575000,2016-01-01,28
21910006575250,2016-01-01,114
21910006575500,2016-01-01,96
21910006575750,2016-01-01,143
21910006576000,2016-01-01,152
21910006576250,2016-01-01,158
21910006576500,2016-01-01,341
21910006576750,2016-01-01,190
21910006577000,2016-01-01,11
21910006577750,2016-01-01,5
21910006578000,2016-01-01,37
21910006578250,2016-01-01,20
21910006578500,2016-01-01,76
21910006578750,2016-01-01,13
21910006579750,2016-01-01,11
21910006580000,2016-01-01,1
21910006580250,2016-01-01,7
21910006580500,2016-01-01,12
21910006580750,2016-01-01,6
21910006581000,2016-01-01,4
21910006581250,2016-01-01,5
21910006581750,2016-01-01,3
21910006584500,2016-01-01,1
21910006584750,2016-01-01,3
21912506567750,2016-01-01,7
21912506568000,2016-01-01,12
21912506568250,2016-01-01,4
21912506572000,2016-01-01,2
21912506572500,2016-01-01,2
21912506574750,2016-01-01,87
21912506575000,2016-01-01,111
21912506575250,2016-01-01,189
21912506575500,2016-01-01,127
21912506575750,2016-01-01,125
21912506576000,2016-01-01,73
21912506576250,2016-01-01,5
21912506576500,2016-01-01,44
21912506576750,2016-01-01,477
21912506577000,2016-01-01,63
21912506577250,2016-01-01,95
21912506577500,2016-01-01,24
21912506577750,2016-01-01,19
21912506578500,2016-01-01,5
21912506578750,2016-01-01,60
21912506579000,2016-01-01,44
21912506579250,2016-01-01,32
21912506579500,2016-01-01,63
21912506579750,2016-01-01,45
21912506580000,2016-01-01,33
21912506580250,2016-01-01,4
21912506580500,2016-01-01,6
21912506581250,2016-01-01,8
21912506581750,2016-01-01,6
21912506582000,2016-01-01,4
21915006566500,2016-01-01,5
21915006567500,2016-01-01,4
21915006568500,2016-01-01,5
21915006569250,2016-01-01,5
21915006569500,2016-01-01,1
21915006570500,2016-01-01,4
21915006572500,2016-01-01,29
21915006572750,2016-01-01,47
21915006573000,2016-01-01,102
21915006573250,2016-01-01,161
21915006573500,2016-01-01,3
21915006573750,2016-01-01,1
21915006574000,2016-01-01,79
21915006574250,2016-01-01,14
21915006574750,2016-01-01,114
21915006575000,2016-01-01,196
21915006575250,2016-01-01,192
21915006575500,2016-01-01,143
21915006575750,2016-01-01,112
21915006576000,2016-01-01,217
21915006576250,2016-01-01,88
21915006576500,2016-01-01,44
21915006576750,2016-01-01,87
21915006577000,2016-01-01,83
21915006577250,2016-01-01,86
21915006577750,2016-01-01,20
21915006578000,2016-01-01,90
21915006578250,2016-01-01,144
21915006578500,2016-01-01,152
21915006578750,2016-01-01,36
21915006579000,2016-01-01,123
21915006579250,2016-01-01,104
21915006579500,2016-01-01,63
21915006579750,2016-01-01,2
21915006580000,2016-01-01,1
21915006580250,2016-01-01,6
21915006580500,2016-01-01,1
21915006580750,2016-01-01,2
21915006581000,2016-01-01,3
21915006581500,2016-01-01,6
21915006582000,2016-01-01,5
21915006596000,2016-01-01,2
21917506566750,2016-01-01,27
21917506567000,2016-01-01,3
21917506567500,2016-01-01,2
21917506567750,2016-01-01,9
21917506568250,2016-01-01,6
21917506568500,2016-01-01,17
21917506568750,2016-01-01,59
21917506569000,2016-01-01,107
21917506569250,2016-01-01,217
21917506569500,2016-01-01,231
21917506570000,2016-01-01,5
21917506570500,2016-01-01,1
21917506571250,2016-01-01,3
21917506571750,2016-01-01,12
21917506572000,2016-01-01,47
21917506572250,2016-01-01,23
21917506572500,2016-01-01,82
21917506572750,2016-01-01,104
21917506573000,2016-01-01,110
21917506573250,2016-01-01,73
21917506573500,2016-01-01,139
21917506573750,2016-01-01,99
21917506574000,2016-01-01,175
21917506574250,2016-01-01,57
21917506574750,2016-01-01,63
21917506575000,2016-01-01,253
21917506575250,2016-01-01,149
21917506575500,2016-01-01,46
21917506575750,2016-01-01,145
21917506576000,2016-01-01,221
21917506576250,2016-01-01,236
21917506576500,2016-01-01,154
21917506576750,2016-01-01,76
21917506577250,2016-01-01,36
21917506577500,2016-01-01,120
21917506577750,2016-01-01,165
21917506578000,2016-01-01,96
21917506578250,2016-01-01,106
21917506578500,2016-01-01,87
21917506578750,2016-01-01,4
21917506579000,2016-01-01,5
21917506580250,2016-01-01,4
21917506580500,2016-01-01,6
21917506581500,2016-01-01,1
21917506595750,2016-01-01,1
21920006566750,2016-01-01,12
21920006567000,2016-01-01,70
21920006567250,2016-01-01,29
21920006567500,2016-01-01,13
21920006568000,2016-01-01,1
21920006568250,2016-01-01,3
21920006568500,2016-01-01,40
21920006568750,2016-01-01,204
21920006569000,2016-01-01,274
21920006569250,2016-01-01,121
21920006569500,2016-01-01,121
21920006570000,2016-01-01,3
21920006570250,2016-01-01,7
21920006570750,2016-01-01,8
21920006571250,2016-01-01,2
21920006571500,2016-01-01,2
21920006571750,2016-01-01,72
21920006572000,2016-01-01,8
21920006572250,2016-01-01,17
21920006572500,2016-01-01,15
21920006572750,2016-01-01,23
21920006573000,2016-01-01,163
21920006573250,2016-01-01,230
21920006573500,2016-01-01,103
21920006573750,2016-01-01,102
21920006574000,2016-01-01,163
21920006574250,2016-01-01,219
21920006574500,2016-01-01,173
21920006574750,2016-01-01,23
21920006575000,2016-01-01,125
21920006575250,2016-01-01,290
21920006575500,2016-01-01,83
21920006575750,2016-01-01,220
21920006576000,2016-01-01,156
21920006576250,2016-01-01,392
21920006576500,2016-01-01,309
21920006576750,2016-01-01,85
21920006577000,2016-01-01,42
21920006577250,2016-01-01,171
21920006577500,2016-01-01,96
21920006577750,2016-01-01,42
21920006578000,2016-01-01,4
21920006578500,2016-01-01,8
21920006578750,2016-01-01,3
21920006579500,2016-01-01,3
21920006580000,2016-01-01,2
21920006580250,2016-01-01,3
21920006580500,2016-01-01,5
21920006580750,2016-01-01,2
21920006581500,2016-01-01,12
21920006581750,2016-01-01,6
21922506567000,2016-01-01,51
21922506567250,2016-01-01,145
21922506567500,2016-01-01,23
21922506568500,2016-01-01,50
21922506568750,2016-01-01,114
21922506569250,2016-01-01,313
21922506569500,2016-01-01,122
21922506569750,2016-01-01,33
21922506570250,2016-01-01,3
21922506570500,2016-01-01,5
21922506570750,2016-01-01,14
21922506571750,2016-01-01,13
21922506572000,2016-01-01,119
21922506572250,2016-01-01,105
21922506572500,2016-01-01,196
21922506572750,2016-01-01,146
21922506573000,2016-01-01,84
21922506573250,2016-01-01,122
21922506573500,2016-01-01,178
21922506573750,2016-01-01,143
21922506574000,2016-01-01,235
21922506574250,2016-01-01,154
21922506574750,2016-01-01,49
21922506575250,2016-01-01,22
21922506575500,2016-01-01,216
21922506575750,2016-01-01,156
21922506576000,2016-01-01,137
21922506576250,2016-01-01,184
21922506576500,2016-01-01,78
21922506576750,2016-01-01,87
21922506577250,2016-01-01,5
21922506577500,2016-01-01,12
21922506577750,2016-01-01,60
21922506578000,2016-01-01,89
21922506578250,2016-01-01,53
21922506578750,2016-01-01,6
21922506579250,2016-01-01,6
21922506579500,2016-01-01,1
21922506579750,2016-01-01,2
21922506580000,2016-01-01,7
21922506580500,2016-01-01,3
21922506580750,2016-01-01,3
21922506582750,2016-01-01,4
21925006567250,2016-01-01,20
21925006567500,2016-01-01,56
21925006568000,2016-01-01,33
21925006568500,2016-01-01,96
21925006568750,2016-01-01,71
21925006569000,2016-01-01,98
21925006569250,2016-01-01,35
21925006569500,2016-01-01,150
21925006569750,2016-01-01,30
21925006570000,2016-01-01,5
21925006570250,2016-01-01,1
21925006571750,2016-01-01,46
21925006572000,2016-01-01,207
21925006572250,2016-01-01,167
21925006572500,2016-01-01,122
21925006572750,2016-01-01,117
21925006573000,2016-01-01,102
21925006573250,2016-01-01,169
21925006573500,2016-01-01,175
21925006573750,2016-01-01,230
21925006574000,2016-01-01,153
21925006574500,2016-01-01,1
21925006574750,2016-01-01,26
21925006575000,2016-01-01,54
21925006575250,2016-01-01,213
21925006575500,2016-01-01,151
21925006575750,2016-01-01,229
21925006576000,2016-01-01,191
21925006576250,2016-01-01,76
21925006576500,2016-01-01,119
21925006576750,2016-01-01,163
21925006577000,2016-01-01,79
21925006577500,2016-01-01,11
21925006579000,2016-01-01,8
21925006579250,2016-01-01,4
21925006579500,2016-01-01,2
21925006580250,2016-01-01,4
21925006580500,2016-01-01,8
21925006580750,2016-01-01,6
21925006581000,2016-01-01,2
21925006581250,2016-01-01,1
21925006581500,2016-01-01,5
21925006582000,2016-01-01,1
21925006582250,2016-01-01,1
21925006582500,2016-01-01,18
21925006582750,2016-01-01,3
21927506567500,2016-01-01,3
21927506567750,2016-01-01,18
21927506568000,2016-01-01,24
21927506568250,2016-01-01,27
21927506568500,2016-01-01,138
21927506568750,2016-01-01,158
21927506569000,2016-01-01,189
21927506569250,2016-01-01,64
21927506569500,2016-01-01,146
21927506569750,2016-01-01,21
21927506570000,2016-01-01,13
21927506570250,2016-01-01,36
21927506570500,2016-01-01,128
21927506570750,2016-01-01,22
21927506571500,2016-01-01,2
21927506571750,2016-01-01,3
21927506572000,2016-01-01,151
21927506572250,2016-01-01,98
21927506572500,2016-01-01,25
21927506572750,2016-01-01,5
21927506573000,2016-01-01,117
21927506573250,2016-01-01,95
21927506573500,2016-01-01,103
21927506573750,2016-01-01,111
21927506574000,2016-01-01,38
21927506574250,2016-01-01,19
21927506574500,2016-01-01,151
21927506574750,2016-01-01,190
21927506575000,2016-01-01,213
21927506575250,2016-01-01,174
21927506575500,2016-01-01,145
21927506575750,2016-01-01,54
21927506576000,2016-01-01,64
21927506576250,2016-01-01,83
21927506576500,2016-01-01,80
21927506576750,2016-01-01,14
21927506578750,2016-01-01,7
21927506579000,2016-01-01,8
21927506579250,2016-01-01,2
21927506579750,2016-01-01,1
21927506580000,2016-01-01,9
21927506580250,2016-01-01,5
21927506580500,2016-01-01,5
21927506580750,2016-01-01,2
21927506581000,2016-01-01,5
21927506581250,2016-01-01,1
21927506581750,2016-01-01,8
21927506582000,2016-01-01,7
21927506582500,2016-01-01,2
21930006566750,2016-01-01,45
21930006567000,2016-01-01,169
21930006567250,2016-01-01,18
21930006567500,2016-01-01,22
21930006567750,2016-01-01,176
21930006568000,2016-01-01,99
21930006568250,2016-01-01,66
21930006568500,2016-01-01,114
21930006568750,2016-01-01,26
21930006569000,2016-01-01,62
21930006569250,2016-01-01,106
21930006569500,2016-01-01,71
21930006569750,2016-01-01,34
21930006570000,2016-01-01,56
21930006570250,2016-01-01,65
21930006570500,2016-01-01,215
21930006570750,2016-01-01,146
21930006571000,2016-01-01,17
21930006571500,2016-01-01,7
21930006571750,2016-01-01,35
21930006572000,2016-01-01,65
21930006573250,2016-01-01,6
21930006573500,2016-01-01,44
21930006573750,2016-01-01,170
21930006574000,2016-01-01,109
21930006574250,2016-01-01,130
21930006574500,2016-01-01,169
21930006574750,2016-01-01,146
21930006575000,2016-01-01,146
21930006575250,2016-01-01,107
21930006575500,2016-01-01,165
21930006575750,2016-01-01,122
21930006576000,2016-01-01,109
21930006576250,2016-01-01,135
21930006576500,2016-01-01,38
21930006578500,2016-01-01,1
21930006578750,2016-01-01,21
21930006579500,2016-01-01,8
21930006579750,2016-01-01,2
21930006581000,2016-01-01,4
21930006581250,2016-01-01,4
21932506560500,2016-01-01,3
21932506561250,2016-01-01,4
21932506561750,2016-01-01,2
21932506562000,2016-01-01,11
21932506562500,2016-01-01,4
21932506564250,2016-01-01,2
21932506564500,2016-01-01,53
21932506564750,2016-01-01,45
21932506566250,2016-01-01,28
21932506566500,2016-01-01,55
21932506566750,2016-01-01,193
21932506567000,2016-01-01,184
21932506567250,2016-01-01,95
21932506567500,2016-01-01,5
21932506567750,2016-01-01,104
21932506568000,2016-01-01,205
21932506568250,2016-01-01,167
21932506568500,2016-01-01,22
21932506568750,2016-01-01,196
21932506569000,2016-01-01,77
21932506569250,2016-01-01,122
21932506569500,2016-01-01,147
21932506569750,2016-01-01,186
21932506570000,2016-01-01,122
21932506570250,2016-01-01,74
21932506570500,2016-01-01,81
21932506570750,2016-01-01,119
21932506571000,2016-01-01,141
21932506571250,2016-01-01,62
21932506571500,2016-01-01,11
21932506571750,2016-01-01,29
21932506572000,2016-01-01,6
21932506572250,2016-01-01,26
21932506572500,2016-01-01,68
21932506572750,2016-01-01,76
21932506573000,2016-01-01,141
21932506573250,2016-01-01,101
21932506573500,2016-01-01,40
21932506573750,2016-01-01,81
21932506574000,2016-01-01,86
21932506574250,2016-01-01,153
21932506574500,2016-01-01,131
21932506574750,2016-01-01,131
21932506575000,2016-01-01,144
21932506575250,2016-01-01,138
21932506575500,2016-01-01,83
21932506575750,2016-01-01,56
21932506576000,2016-01-01,23
21932506576250,2016-01-01,2
21932506578250,2016-01-01,5
21932506578500,2016-01-01,17
21932506578750,2016-01-01,13
21932506580750,2016-01-01,6
21932506581250,2016-01-01,7
21935006560750,2016-01-01,2
21935006561250,2016-01-01,11
21935006562250,2016-01-01,18
21935006562500,2016-01-01,17
21935006564000,2016-01-01,21
21935006564250,2016-01-01,84
21935006564500,2016-01-01,173
21935006564750,2016-01-01,88
21935006565000,2016-01-01,12
21935006566000,2016-01-01,25
21935006566250,2016-01-01,144
21935006566500,2016-01-01,189
21935006566750,2016-01-01,146
21935006567000,2016-01-01,150
21935006567250,2016-01-01,6
21935006567500,2016-01-01,67
21935006568000,2016-01-01,54
21935006568250,2016-01-01,294
21935006568500,2016-01-01,167
21935006568750,2016-01-01,114
21935006569000,2016-01-01,59
21935006569250,2016-01-01,68
21935006569500,2016-01-01,114
21935006569750,2016-01-01,128
21935006570000,2016-01-01,111
21935006570250,2016-01-01,14
21935006570750,2016-01-01,14
21935006571000,2016-01-01,62
21935006571250,2016-01-01,5
21935006571500,2016-01-01,2
21935006572000,2016-01-01,23
21935006572250,2016-01-01,151
21935006572500,2016-01-01,123
21935006572750,2016-01-01,117
21935006573000,2016-01-01,126
21935006573250,2016-01-01,2
21935006573500,2016-01-01,4
21935006573750,2016-01-01,9
21935006574000,2016-01-01,136
21935006574250,2016-01-01,46
21935006574500,2016-01-01,92
21935006574750,2016-01-01,38
21935006575000,2016-01-01,49
21935006575250,2016-01-01,12
21935006577000,2016-01-01,4
21935006577500,2016-01-01,5
21935006577750,2016-01-01,9
21935006578250,2016-01-01,20
21935006578500,2016-01-01,10
21935006578750,2016-01-01,25
21935006581000,2016-01-01,11
21937506560000,2016-01-01,3
21937506560250,2016-01-01,3
21937506560750,2016-01-01,5
21937506561250,2016-01-01,7
21937506561500,2016-01-01,2
21937506561750,2016-01-01,12
21937506562000,2016-01-01,1
21937506563750,2016-01-01,54
21937506564000,2016-01-01,117
21937506564250,2016-01-01,159
21937506564500,2016-01-01,147
21937506564750,2016-01-01,155
21937506565000,2016-01-01,83
21937506565250,2016-01-01,12
21937506565500,2016-01-01,47
21937506565750,2016-01-01,37
21937506566000,2016-01-01,83
21937506566250,2016-01-01,143
21937506566500,2016-01-01,141
21937506566750,2016-01-01,103
21937506567000,2016-01-01,232
21937506567250,2016-01-01,119
21937506567500,2016-01-01,232
21937506567750,2016-01-01,281
21937506568000,2016-01-01,136
21937506568250,2016-01-01,190
21937506568500,2016-01-01,142
21937506568750,2016-01-01,186
21937506569000,2016-01-01,147
21937506569250,2016-01-01,44
21937506569500,2016-01-01,164
21937506569750,2016-01-01,51
21937506570000,2016-01-01,5
21937506570250,2016-01-01,5
21937506570500,2016-01-01,182
21937506570750,2016-01-01,8
21937506571750,2016-01-01,60
21937506572000,2016-01-01,147
21937506572250,2016-01-01,165
21937506572500,2016-01-01,104
21937506572750,2016-01-01,24
21937506573000,2016-01-01,6
21937506573250,2016-01-01,4
21937506573500,2016-01-01,12
21937506573750,2016-01-01,2
21937506574000,2016-01-01,13
21937506574250,2016-01-01,2
21937506574500,2016-01-01,8
21937506574750,2016-01-01,2
21937506575000,2016-01-01,14
21937506575250,2016-01-01,6
21937506576500,2016-01-01,6
21937506576750,2016-01-01,19
21937506577000,2016-01-01,7
21937506577250,2016-01-01,22
21937506577500,2016-01-01,8
21937506577750,2016-01-01,3
21937506578000,2016-01-01,7
21937506578500,2016-01-01,4
21937506578750,2016-01-01,9
21937506579000,2016-01-01,2
21937506579250,2016-01-01,1
21937506580000,2016-01-01,1
21937506580250,2016-01-01,2
21940006560000,2016-01-01,3
21940006560250,2016-01-01,25
21940006560750,2016-01-01,16
21940006561000,2016-01-01,21
21940006561250,2016-01-01,13
21940006561500,2016-01-01,21
21940006562000,2016-01-01,7
21940006562250,2016-01-01,6
21940006563500,2016-01-01,2
21940006563750,2016-01-01,100
21940006564000,2016-01-01,95
21940006564250,2016-01-01,92
21940006564500,2016-01-01,120
21940006564750,2016-01-01,93
21940006565000,2016-01-01,52
21940006565250,2016-01-01,55
21940006565500,2016-01-01,58
21940006565750,2016-01-01,65
21940006566000,2016-01-01,110
21940006566250,2016-01-01,149
21940006566500,2016-01-01,116
21940006566750,2016-01-01,118
21940006567000,2016-01-01,236
21940006567250,2016-01-01,148
21940006567500,2016-01-01,183
21940006567750,2016-01-01,73
21940006568000,2016-01-01,106
21940006568250,2016-01-01,153
21940006568500,2016-01-01,148
21940006568750,2016-01-01,82
21940006569000,2016-01-01,79
21940006569250,2016-01-01,38
21940006569500,2016-01-01,20
21940006570000,2016-01-01,2
21940006570250,2016-01-01,27
21940006570500,2016-01-01,142
21940006570750,2016-01-01,105
21940006571000,2016-01-01,34
21940006571250,2016-01-01,54
21940006571500,2016-01-01,116
21940006571750,2016-01-01,149
21940006572000,2016-01-01,60
21940006572250,2016-01-01,35
21940006572500,2016-01-01,10
21940006572750,2016-01-01,16
21940006573000,2016-01-01,5
21940006573250,2016-01-01,17
21940006573500,2016-01-01,2
21940006573750,2016-01-01,4
21940006576000,2016-01-01,19
21940006576250,2016-01-01,32
21940006576500,2016-01-01,69
21940006576750,2016-01-01,52
21940006577000,2016-01-01,4
21940006577250,2016-01-01,3
21940006577500,2016-01-01,1
21940006578000,2016-01-01,14
21940006578250,2016-01-01,7
21940006578500,2016-01-01,6
21940006578750,2016-01-01,23
21940006579000,2016-01-01,4
21940006579250,2016-01-01,6
21940006580250,2016-01-01,3
21940006581000,2016-01-01,7
21940006581250,2016-01-01,5
21942506560000,2016-01-01,4
21942506560250,2016-01-01,9
21942506560750,2016-01-01,2
21942506561500,2016-01-01,3
21942506561750,2016-01-01,2
21942506562750,2016-01-01,1
21942506563000,2016-01-01,6
21942506563750,2016-01-01,133
21942506564000,2016-01-01,78
21942506564250,2016-01-01,39
21942506564500,2016-01-01,75
21942506564750,2016-01-01,100
21942506565000,2016-01-01,192
21942506565250,2016-01-01,96
21942506565500,2016-01-01,64
21942506565750,2016-01-01,165
21942506566000,2016-01-01,182
21942506566250,2016-01-01,125
21942506566500,2016-01-01,160
21942506566750,2016-01-01,58
21942506567000,2016-01-01,182
21942506567250,2016-01-01,176
21942506567500,2016-01-01,179
21942506567750,2016-01-01,102
21942506568000,2016-01-01,74
21942506568250,2016-01-01,51
21942506568500,2016-01-01,47
21942506568750,2016-01-01,59
21942506569000,2016-01-01,59
21942506569250,2016-01-01,59
21942506569500,2016-01-01,17
21942506570000,2016-01-01,2
21942506570250,2016-01-01,13
21942506570500,2016-01-01,100
21942506570750,2016-01-01,167
21942506571000,2016-01-01,172
21942506571250,2016-01-01,141
21942506571500,2016-01-01,145
21942506571750,2016-01-01,140
21942506572000,2016-01-01,75
21942506572250,2016-01-01,11
21942506572750,2016-01-01,8
21942506576000,2016-01-01,6
21942506576250,2016-01-01,2
21942506576500,2016-01-01,11
21942506576750,2016-01-01,47
21942506577000,2016-01-01,2
21942506577500,2016-01-01,8
21942506578000,2016-01-01,4
21942506578500,2016-01-01,27
21942506578750,2016-01-01,11
21942506579000,2016-01-01,2
21942506579500,2016-01-01,14
21942506579750,2016-01-01,5
21942506580000,2016-01-01,3
21942506580250,2016-01-01,3
21942506580500,2016-01-01,3
21945006560500,2016-01-01,2
21945006561000,2016-01-01,72
21945006561250,2016-01-01,171
21945006561500,2016-01-01,6
21945006563000,2016-01-01,47
21945006563250,2016-01-01,55
21945006563750,2016-01-01,179
21945006564000,2016-01-01,24
21945006564250,2016-01-01,62
21945006564500,2016-01-01,154
21945006564750,2016-01-01,236
21945006565000,2016-01-01,223
21945006565250,2016-01-01,140
21945006565500,2016-01-01,121
21945006565750,2016-01-01,67
21945006566000,2016-01-01,15
21945006566750,2016-01-01,129
21945006567000,2016-01-01,154
21945006567250,2016-01-01,149
21945006567500,2016-01-01,135
21945006567750,2016-01-01,62
21945006568000,2016-01-01,61
21945006568250,2016-01-01,144
21945006568500,2016-01-01,202
21945006568750,2016-01-01,174
21945006569000,2016-01-01,149
21945006569250,2016-01-01,180
21945006569500,2016-01-01,116
21945006569750,2016-01-01,23
21945006570250,2016-01-01,11
21945006570500,2016-01-01,61
21945006570750,2016-01-01,162
21945006571000,2016-01-01,135
21945006571250,2016-01-01,151
21945006571500,2016-01-01,62
21945006572000,2016-01-01,3
21945006572250,2016-01-01,17
21945006575250,2016-01-01,3
21945006575500,2016-01-01,6
21945006575750,2016-01-01,5
21945006576250,2016-01-01,10
21945006576500,2016-01-01,10
21945006577250,2016-01-01,1
21945006577750,2016-01-01,4
21945006578250,2016-01-01,3
21945006578750,2016-01-01,2
21945006579000,2016-01-01,2
21945006579250,2016-01-01,6
21945006580500,2016-01-01,1
21945006580750,2016-01-01,3
21945006581000,2016-01-01,9
21947506558250,2016-01-01,18
21947506560500,2016-01-01,19
21947506560750,2016-01-01,54
21947506561000,2016-01-01,80
21947506561250,2016-01-01,120
21947506561500,2016-01-01,87
21947506561750,2016-01-01,20
21947506562500,2016-01-01,12
21947506562750,2016-01-01,64
21947506563000,2016-01-01,133
21947506563250,2016-01-01,43
21947506563500,2016-01-01,14
21947506563750,2016-01-01,88
21947506564000,2016-01-01,76
21947506564250,2016-01-01,128
21947506564500,2016-01-01,9
21947506564750,2016-01-01,195
21947506565000,2016-01-01,17
21947506565250,2016-01-01,29
21947506565500,2016-01-01,33
21947506566750,2016-01-01,106
21947506567000,2016-01-01,163
21947506567250,2016-01-01,38
21947506567500,2016-01-01,120
21947506567750,2016-01-01,34
21947506568000,2016-01-01,121
21947506568250,2016-01-01,281
21947506568500,2016-01-01,233
21947506568750,2016-01-01,55
21947506569000,2016-01-01,224
21947506569250,2016-01-01,195
21947506569500,2016-01-01,223
21947506569750,2016-01-01,121
21947506570000,2016-01-01,37
21947506570250,2016-01-01,74
21947506570750,2016-01-01,38
21947506571000,2016-01-01,80
21947506571250,2016-01-01,55
21947506571500,2016-01-01,18
21947506572250,2016-01-01,4
21947506572750,2016-01-01,2
21947506574750,2016-01-01,4
21947506575000,2016-01-01,8
21947506575250,2016-01-01,5
21947506576500,2016-01-01,3
21947506578250,2016-01-01,2
21947506578500,2016-01-01,6
21947506578750,2016-01-01,1
21947506579000,2016-01-01,2
21947506579250,2016-01-01,1
21947506579500,2016-01-01,2
21947506579750,2016-01-01,4
21947506580500,2016-01-01,4
21947506586750,2016-01-01,5
21947506587000,2016-01-01,15
21950006558000,2016-01-01,4
21950006558250,2016-01-01,50
21950006560250,2016-01-01,18
21950006560500,2016-01-01,11
21950006560750,2016-01-01,95
21950006561000,2016-01-01,110
21950006561250,2016-01-01,97
21950006561500,2016-01-01,99
21950006561750,2016-01-01,142
21950006562000,2016-01-01,15
21950006562250,2016-01-01,19
21950006562500,2016-01-01,93
21950006562750,2016-01-01,145
21950006563000,2016-01-01,143
21950006563750,2016-01-01,26
21950006564000,2016-01-01,197
21950006564250,2016-01-01,219
21950006564500,2016-01-01,135
21950006565250,2016-01-01,58
21950006565500,2016-01-01,2
21950006566750,2016-01-01,84
21950006567000,2016-01-01,137
21950006567250,2016-01-01,51
21950006567500,2016-01-01,39
21950006568000,2016-01-01,19
21950006568250,2016-01-01,253
21950006568500,2016-01-01,192
21950006568750,2016-01-01,118
21950006569000,2016-01-01,45
21950006569500,2016-01-01,41
21950006569750,2016-01-01,128
21950006570000,2016-01-01,166
21950006570250,2016-01-01,103
21950006570500,2016-01-01,243
21950006570750,2016-01-01,28
21950006571000,2016-01-01,1
21950006571250,2016-01-01,8
21950006571750,2016-01-01,6
21950006572000,2016-01-01,5
21950006574500,2016-01-01,2
21950006574750,2016-01-01,21
21950006575000,2016-01-01,13
21950006577000,2016-01-01,1
21950006577250,2016-01-01,4
21950006578750,2016-01-01,7
21950006579000,2016-01-01,2
21950006579250,2016-01-01,5
21950006579500,2016-01-01,2
21950006579750,2016-01-01,3
21950006580000,2016-01-01,1
21950006580500,2016-01-01,3
21950006581000,2016-01-01,7
21950006581250,2016-01-01,4
21950006586500,2016-01-01,10
21950006586750,2016-01-01,3
21950006587000,2016-01-01,8
21950006587250,2016-01-01,4
21952506558250,2016-01-01,49
21952506558500,2016-01-01,12
21952506558750,2016-01-01,70
21952506559500,2016-01-01,4
21952506559750,2016-01-01,15
21952506560000,2016-01-01,13
21952506560250,2016-01-01,32
21952506560500,2016-01-01,41
21952506560750,2016-01-01,136
21952506561000,2016-01-01,103
21952506561250,2016-01-01,64
21952506561500,2016-01-01,4
21952506562250,2016-01-01,18
21952506562500,2016-01-01,129
21952506562750,2016-01-01,63
21952506563000,2016-01-01,78
21952506563250,2016-01-01,18
21952506563500,2016-01-01,41
21952506563750,2016-01-01,76
21952506564000,2016-01-01,124
21952506564250,2016-01-01,102
21952506564500,2016-01-01,40
21952506564750,2016-01-01,3
21952506565000,2016-01-01,20
21952506565250,2016-01-01,78
21952506566500,2016-01-01,11
21952506566750,2016-01-01,174
21952506567000,2016-01-01,137
21952506567250,2016-01-01,16
21952506568000,2016-01-01,45
21952506568250,2016-01-01,39
21952506568500,2016-01-01,147
21952506568750,2016-01-01,226
21952506569000,2016-01-01,133
21952506569500,2016-01-01,4
21952506569750,2016-01-01,128
21952506570000,2016-01-01,115
21952506570250,2016-01-01,67
21952506570500,2016-01-01,55
21952506570750,2016-01-01,32
21952506571000,2016-01-01,10
21952506572750,2016-01-01,5
21952506574250,2016-01-01,1
21952506574500,2016-01-01,15
21952506574750,2016-01-01,3
21952506577000,2016-01-01,2
21952506578750,2016-01-01,7
21952506579000,2016-01-01,5
21952506579250,2016-01-01,8
21952506580000,2016-01-01,10
21952506587250,2016-01-01,9
21952506587500,2016-01-01,3
21955006557750,2016-01-01,5
21955006558000,2016-01-01,33
21955006558250,2016-01-01,113
21955006558500,2016-01-01,23
21955006558750,2016-01-01,4
21955006559250,2016-01-01,6
21955006559500,2016-01-01,66
21955006559750,2016-01-01,16
21955006560250,2016-01-01,101
21955006560500,2016-01-01,128
21955006560750,2016-01-01,110
21955006561000,2016-01-01,92
21955006561250,2016-01-01,137
21955006561500,2016-01-01,105
21955006561750,2016-01-01,85
21955006562000,2016-01-01,55
21955006562250,2016-01-01,119
21955006562500,2016-01-01,87
21955006562750,2016-01-01,38
21955006563000,2016-01-01,11
21955006563250,2016-01-01,83
21955006563500,2016-01-01,115
21955006563750,2016-01-01,99
21955006564000,2016-01-01,47
21955006564250,2016-01-01,89
21955006564500,2016-01-01,6
21955006564750,2016-01-01,2
21955006565000,2016-01-01,4
21955006566250,2016-01-01,2
21955006566500,2016-01-01,5
21955006566750,2016-01-01,55
21955006567000,2016-01-01,22
21955006567500,2016-01-01,7
21955006567750,2016-01-01,9
21955006568250,2016-01-01,1
21955006568500,2016-01-01,77
21955006568750,2016-01-01,115
21955006569000,2016-01-01,174
21955006569250,2016-01-01,15
21955006570250,2016-01-01,3
21955006570500,2016-01-01,16
21955006570750,2016-01-01,6
21955006571000,2016-01-01,16
21955006571250,2016-01-01,4
21955006572750,2016-01-01,6
21955006573250,2016-01-01,4
21955006574000,2016-01-01,2
21955006574250,2016-01-01,1
21955006579000,2016-01-01,12
21955006579250,2016-01-01,20
21955006579500,2016-01-01,1
21955006580000,2016-01-01,12
21955006580250,2016-01-01,1
21955006587000,2016-01-01,4
21955006587250,2016-01-01,5
21955006587500,2016-01-01,2
21957506557750,2016-01-01,80
21957506558000,2016-01-01,197
21957506558250,2016-01-01,52
21957506558500,2016-01-01,74
21957506558750,2016-01-01,54
21957506559500,2016-01-01,10
21957506559750,2016-01-01,5
21957506560250,2016-01-01,39
21957506560500,2016-01-01,27
21957506560750,2016-01-01,104
21957506561000,2016-01-01,49
21957506561250,2016-01-01,98
21957506561500,2016-01-01,152
21957506561750,2016-01-01,129
21957506562000,2016-01-01,87
21957506562250,2016-01-01,114
21957506562500,2016-01-01,73
21957506562750,2016-01-01,61
21957506563000,2016-01-01,129
21957506563250,2016-01-01,34
21957506563500,2016-01-01,40
21957506563750,2016-01-01,91
21957506564000,2016-01-01,96
21957506564250,2016-01-01,74
21957506564750,2016-01-01,4
21957506565000,2016-01-01,17
21957506565250,2016-01-01,34
21957506565500,2016-01-01,59
21957506566500,2016-01-01,6
21957506566750,2016-01-01,13
21957506567250,2016-01-01,1
21957506567500,2016-01-01,3
21957506568250,2016-01-01,6
21957506568500,2016-01-01,2
21957506568750,2016-01-01,11
21957506569000,2016-01-01,8
21957506569250,2016-01-01,149
21957506570000,2016-01-01,10
21957506570500,2016-01-01,1
21957506570750,2016-01-01,5
21957506571000,2016-01-01,3
21957506572750,2016-01-01,3
21957506573000,2016-01-01,4
21957506573250,2016-01-01,8
21957506574000,2016-01-01,7
21957506574250,2016-01-01,10
21957506579000,2016-01-01,5
21957506579250,2016-01-01,2
21957506579500,2016-01-01,2
21957506587000,2016-01-01,3
21957506587250,2016-01-01,26
21957506587500,2016-01-01,14
21957506587750,2016-01-01,7
21957506588000,2016-01-01,12
21960006557750,2016-01-01,80
21960006558000,2016-01-01,192
21960006558250,2016-01-01,210
21960006558500,2016-01-01,155
21960006558750,2016-01-01,25
21960006560500,2016-01-01,81
21960006560750,2016-01-01,93
21960006561000,2016-01-01,6
21960006561250,2016-01-01,82
21960006561500,2016-01-01,153
21960006561750,2016-01-01,103
21960006562000,2016-01-01,131
21960006562250,2016-01-01,57
21960006562500,2016-01-01,53
21960006562750,2016-01-01,35
21960006563000,2016-01-01,109
21960006563250,2016-01-01,21
21960006563750,2016-01-01,40
21960006564000,2016-01-01,166
21960006564250,2016-01-01,56
21960006564500,2016-01-01,39
21960006564750,2016-01-01,18
21960006565000,2016-01-01,84
21960006565250,2016-01-01,135
21960006565500,2016-01-01,92
21960006565750,2016-01-01,29
21960006566250,2016-01-01,11
21960006567750,2016-01-01,5
21960006568000,2016-01-01,11
21960006568250,2016-01-01,25
21960006568500,2016-01-01,5
21960006568750,2016-01-01,15
21960006569000,2016-01-01,4
21960006569250,2016-01-01,87
21960006569500,2016-01-01,9
21960006569750,2016-01-01,12
21960006570500,2016-01-01,4
21960006571500,2016-01-01,5
21960006571750,2016-01-01,5
21960006572000,2016-01-01,5
21960006572250,2016-01-01,8
21960006572500,2016-01-01,9
21960006572750,2016-01-01,14
21960006573250,2016-01-01,1
21960006573750,2016-01-01,4
21960006574000,2016-01-01,4
21960006574250,2016-01-01,2
21960006586000,2016-01-01,4
21960006586250,2016-01-01,1
21960006587000,2016-01-01,12
21960006587250,2016-01-01,7
21960006587500,2016-01-01,3
21960006588000,2016-01-01,10
21962506557750,2016-01-01,112
21962506558000,2016-01-01,91
21962506558250,2016-01-01,132
21962506558500,2016-01-01,22
21962506561750,2016-01-01,36
21962506562000,2016-01-01,30
21962506562250,2016-01-01,5
21962506563000,2016-01-01,19
21962506563250,2016-01-01,75
21962506563500,2016-01-01,69
21962506563750,2016-01-01,41
21962506564000,2016-01-01,49
21962506564250,2016-01-01,44
21962506564500,2016-01-01,136
21962506564750,2016-01-01,76
21962506565000,2016-01-01,62
21962506565250,2016-01-01,97
21962506565500,2016-01-01,133
21962506565750,2016-01-01,93
21962506566000,2016-01-01,79
21962506566250,2016-01-01,65
21962506566750,2016-01-01,6
21962506567250,2016-01-01,6
21962506567500,2016-01-01,4
21962506568500,2016-01-01,1
21962506568750,2016-01-01,4
21962506569000,2016-01-01,19
21962506569250,2016-01-01,22
21962506569500,2016-01-01,51
21962506569750,2016-01-01,25
21962506570000,2016-01-01,20
21962506570250,2016-01-01,3
21962506570500,2016-01-01,10
21962506570750,2016-01-01,9
21962506571250,2016-01-01,4
21962506571750,2016-01-01,3
21962506572500,2016-01-01,13
21962506572750,2016-01-01,4
21962506573250,2016-01-01,1
21962506573500,2016-01-01,2
21962506586000,2016-01-01,2
21962506586500,2016-01-01,9
21962506586750,2016-01-01,1
21962506587500,2016-01-01,11
21962506587750,2016-01-01,15
21965006557750,2016-01-01,94
21965006558000,2016-01-01,24
21965006563250,2016-01-01,8
21965006563500,2016-01-01,34
21965006563750,2016-01-01,73
21965006564000,2016-01-01,54
21965006564250,2016-01-01,43
21965006564500,2016-01-01,100
21965006564750,2016-01-01,79
21965006565000,2016-01-01,5
21965006565250,2016-01-01,49
21965006565500,2016-01-01,44
21965006565750,2016-01-01,15
21965006566000,2016-01-01,204
21965006566250,2016-01-01,32
21965006568750,2016-01-01,2
21965006569000,2016-01-01,12
21965006569250,2016-01-01,13
21965006569750,2016-01-01,10
21965006570000,2016-01-01,2
21965006571000,2016-01-01,7
21965006571250,2016-01-01,10
21965006572250,2016-01-01,4
21965006572500,2016-01-01,1
21965006573250,2016-01-01,1
21965006573500,2016-01-01,12
21965006573750,2016-01-01,2
21965006586000,2016-01-01,5
21965006586500,2016-01-01,1
21965006586750,2016-01-01,3
21965006587000,2016-01-01,5
21965006587750,2016-01-01,5
21965006588000,2016-01-01,10
21967506564000,2016-01-01,13
21967506564250,2016-01-01,53
21967506564500,2016-01-01,14
21967506564750,2016-01-01,37
21967506565750,2016-01-01,11
21967506566000,2016-01-01,25
21967506569250,2016-01-01,6
21967506570750,2016-01-01,9
21967506571250,2016-01-01,6
21967506571500,2016-01-01,3
21967506572000,2016-01-01,2
21967506574500,2016-01-01,11
21967506574750,2016-01-01,5
21967506580750,2016-01-01,2
21967506591500,2016-01-01,3
21967506591750,2016-01-01,1
21967506592250,2016-01-01,7
21970006564250,2016-01-01,33
21970006564750,2016-01-01,7
21970006565750,2016-01-01,1
21970006568500,2016-01-01,6
21970006569000,2016-01-01,12
21970006569250,2016-01-01,13
21970006569500,2016-01-01,4
21970006570250,2016-01-01,15
21970006570500,2016-01-01,7
21970006571000,2016-01-01,4
21970006571250,2016-01-01,8
21970006574750,2016-01-01,1
21970006575000,2016-01-01,6
21970006575250,2016-01-01,6
21970006575500,2016-01-01,1
21970006575750,2016-01-01,5
21970006580500,2016-01-01,4
21970006580750,2016-01-01,4
21970006581000,2016-01-01,6
21970006585000,2016-01-01,5
21970006585250,2016-01-01,6
21972506557750,2016-01-01,1
21972506559750,2016-01-01,1
21972506560750,2016-01-01,3
21972506561500,2016-01-01,3
21972506561750,2016-01-01,3
21972506562000,2016-01-01,8
21972506562250,2016-01-01,23
21972506562500,2016-01-01,14
21972506564250,2016-01-01,8
21972506564500,2016-01-01,11
21972506565750,2016-01-01,5
21972506569250,2016-01-01,7
21972506569500,2016-01-01,2
21972506569750,2016-01-01,1
21972506570000,2016-01-01,16
21972506570250,2016-01-01,7
21972506571250,2016-01-01,4
21972506571500,2016-01-01,4
21972506572250,2016-01-01,1
21972506574500,2016-01-01,8
21972506581000,2016-01-01,3
21972506581250,2016-01-01,7
21972506584750,2016-01-01,1
21972506585000,2016-01-01,10
21975006557500,2016-01-01,11
21975006557750,2016-01-01,17
21975006561000,2016-01-01,3
21975006561250,2016-01-01,25
21975006561500,2016-01-01,38
21975006561750,2016-01-01,27
21975006562000,2016-01-01,17
21975006562250,2016-01-01,7
21975006562500,2016-01-01,17
21975006562750,2016-01-01,16
21975006563000,2016-01-01,12
21975006563250,2016-01-01,34
21975006563500,2016-01-01,6
21975006563750,2016-01-01,2
21975006564000,2016-01-01,18
21975006564250,2016-01-01,15
21975006564500,2016-01-01,1
21975006564750,2016-01-01,21
21975006565250,2016-01-01,5
21975006565750,2016-01-01,15
21975006566000,2016-01-01,1
21975006569500,2016-01-01,3
21975006570000,2016-01-01,1
21975006571000,2016-01-01,2
21975006571500,2016-01-01,1
21975006571750,2016-01-01,6
21975006572000,2016-01-01,1
21975006581250,2016-01-01,4
21975006584000,2016-01-01,1
21975006584250,2016-01-01,8
21975006584500,2016-01-01,6
21975006584750,2016-01-01,6
21977506557000,2016-01-01,30
21977506557250,2016-01-01,59
21977506557500,2016-01-01,59
21977506557750,2016-01-01,17
21977506559500,2016-01-01,2
21977506560000,2016-01-01,3
21977506560250,2016-01-01,3
21977506560500,2016-01-01,11
21977506561250,2016-01-01,5
21977506561500,2016-01-01,65
21977506561750,2016-01-01,14
21977506562750,2016-01-01,2
21977506563250,2016-01-01,21
21977506563500,2016-01-01,34
21977506563750,2016-01-01,34
21977506564000,2016-01-01,14
21977506564250,2016-01-01,31
21977506564500,2016-01-01,16
21977506565000,2016-01-01,8
21977506565250,2016-01-01,3
21977506566000,2016-01-01,6
21977506566250,2016-01-01,11
21977506570000,2016-01-01,5
21977506571500,2016-01-01,2
21977506572250,2016-01-01,1
21977506572500,2016-01-01,2
21977506581250,2016-01-01,53
21977506581500,2016-01-01,27
21977506584000,2016-01-01,2
21977506584500,2016-01-01,4
21977506584750,2016-01-01,13
21977506585000,2016-01-01,2
21980006556750,2016-01-01,2
21980006557000,2016-01-01,19
21980006557250,2016-01-01,32
21980006557500,2016-01-01,15
21980006559250,2016-01-01,1
21980006560500,2016-01-01,4
21980006561000,2016-01-01,4
21980006564750,2016-01-01,3
21980006565250,2016-01-01,13
21980006566250,2016-01-01,7
21980006566500,2016-01-01,13
21980006566750,2016-01-01,2
21980006569750,2016-01-01,9
21980006572250,2016-01-01,5
21980006573000,2016-01-01,1
21980006581250,2016-01-01,22
21980006581500,2016-01-01,14
21980006582000,2016-01-01,34
21980006582250,2016-01-01,90
21980006582500,2016-01-01,79
21980006582750,2016-01-01,9
21980006583250,2016-01-01,4
21980006584000,2016-01-01,1
21980006584250,2016-01-01,1
21980006584500,2016-01-01,16
21980006584750,2016-01-01,3
21982506556750,2016-01-01,3
21982506557000,2016-01-01,9
21982506557250,2016-01-01,12
21982506557500,2016-01-01,3
21982506557750,2016-01-01,2
21982506560000,2016-01-01,6
21982506560750,2016-01-01,3
21982506561000,2016-01-01,7
21982506565250,2016-01-01,6
21982506565500,2016-01-01,1
21982506566250,2016-01-01,3
21982506566500,2016-01-01,22
21982506566750,2016-01-01,47
21982506567000,2016-01-01,3
21982506567250,2016-01-01,3
21982506570750,2016-01-01,4
21982506573250,2016-01-01,4
21982506573750,2016-01-01,1
21982506574000,2016-01-01,3
21982506581250,2016-01-01,9
21982506582000,2016-01-01,59
21982506582250,2016-01-01,69
21982506582500,2016-01-01,65
21982506582750,2016-01-01,48
21982506583000,2016-01-01,13
21982506584000,2016-01-01,3
21982506584250,2016-01-01,18
21982506584500,2016-01-01,1
21985006557250,2016-01-01,21
21985006557500,2016-01-01,2
21985006566500,2016-01-01,7
21985006566750,2016-01-01,13
21985006567250,2016-01-01,2
21985006567500,2016-01-01,3
21985006567750,2016-01-01,4
21985006570750,2016-01-01,3
21985006573750,2016-01-01,10
21985006575250,2016-01-01,3
21985006575500,2016-01-01,1
21985006582250,2016-01-01,8
21985006582500,2016-01-01,34
21985006583000,2016-01-01,6
21985006583250,2016-01-01,4
21985006583500,2016-01-01,11
21985006583750,2016-01-01,5
21985006584000,2016-01-01,8
21985006584250,2016-01-01,17
21985006584500,2016-01-01,27
21987506557250,2016-01-01,13
21987506561250,2016-01-01,14
21987506562000,2016-01-01,2
21987506562250,2016-01-01,2
21987506566500,2016-01-01,1
21987506567000,2016-01-01,9
21987506567250,2016-01-01,2
21987506567500,2016-01-01,9
21987506568000,2016-01-01,18
21987506568250,2016-01-01,20
21987506571250,2016-01-01,4
21987506582000,2016-01-01,79
21987506582250,2016-01-01,43
21987506582500,2016-01-01,17
21987506582750,2016-01-01,20
21987506583000,2016-01-01,2
21987506583500,2016-01-01,3
21987506584000,2016-01-01,4
21987506584250,2016-01-01,85
21987506584500,2016-01-01,41
21990006561250,2016-01-01,5
21990006562250,2016-01-01,3
21990006567500,2016-01-01,12
21990006568000,2016-01-01,10
21990006568250,2016-01-01,2
21990006568500,2016-01-01,6
21990006570750,2016-01-01,2
21990006571250,2016-01-01,2
21990006573750,2016-01-01,1
21990006582250,2016-01-01,19
21990006584000,2016-01-01,9
21990006584250,2016-01-01,84
21990006584500,2016-01-01,13
21992506559750,2016-01-01,8
21992506560000,2016-01-01,4
21992506561250,2016-01-01,4
21992506563250,2016-01-01,4
21992506563750,2016-01-01,1
21992506568500,2016-01-01,1
21992506568750,2016-01-01,1
21992506569000,2016-01-01,7
21992506582000,2016-01-01,5
21992506582250,2016-01-01,80
21992506582500,2016-01-01,19
21992506583750,2016-01-01,4
21992506584000,2016-01-01,3
21992506584250,2016-01-01,5
21995006558250,2016-01-01,4
21995006558500,2016-01-01,4
21995006563750,2016-01-01,3
21995006569250,2016-01-01,1
21995006569500,2016-01-01,4
21995006569750,2016-01-01,2
21995006582000,2016-01-01,12
21995006582250,2016-01-01,23
21995006582500,2016-01-01,9
21995006582750,2016-01-01,3
21995006583000,2016-01-01,2
21995006583500,2016-01-01,2
21995006583750,2016-01-01,7
21995006584250,2016-01-01,1
21995006596500,2016-01-01,3
21997506569250,2016-01-01,2
21997506570000,2016-01-01,9
21997506582250,2016-01-01,10
21997506582750,2016-01-01,76
21997506583000,2016-01-01,34
21997506583500,2016-01-01,10
22000006558000,2016-01-01,2
22000006569750,2016-01-01,2
22000006570250,2016-01-01,7
22000006581250,2016-01-01,8
22000006581500,2016-01-01,22
22000006581750,2016-01-01,1
22000006582750,2016-01-01,21
22000006583000,2016-01-01,42
22000006583250,2016-01-01,17
22000006583500,2016-01-01,17
22002506557000,2016-01-01,7
22002506570750,2016-01-01,7
22002506581000,2016-01-01,3
22002506581250,2016-01-01,10
22002506582000,2016-01-01,6
22002506582250,2016-01-01,6
22002506583000,2016-01-01,9
22002506583500,2016-01-01,1
22005006557000,2016-01-01,1
22005006570750,2016-01-01,1
22005006581000,2016-01-01,1
22005006581500,2016-01-01,1
22005006581750,2016-01-01,2
22005006582000,2016-01-01,3
22005006583500,2016-01-01,8
22005006583750,2016-01-01,10
22007506562750,2016-01-01,16
22007506571250,2016-01-01,5
22007506581000,2016-01-01,4
22007506581500,2016-01-01,3
22007506581750,2016-01-01,2
22007506582000,2016-01-01,2
22007506583500,2016-01-01,9
22007506583750,2016-01-01,5
22010006557750,2016-01-01,1
22010006559750,2016-01-01,2
22010006562250,2016-01-01,1
22010006562500,2016-01-01,1
22010006580500,2016-01-01,1
22010006580750,2016-01-01,1
22010006581000,2016-01-01,2
22010006581250,2016-01-01,6
22010006581500,2016-01-01,6
22010006583500,2016-01-01,3
22012506562000,2016-01-01,2
22012506562250,2016-01-01,2
22012506562500,2016-01-01,1
22012506571750,2016-01-01,2
22012506579250,2016-01-01,1
22012506579750,2016-01-01,2
22012506580000,2016-01-01,5
22012506580250,2016-01-01,3
22012506580750,2016-01-01,1
22015006560500,2016-01-01,2
22015006561000,2016-01-01,12
22015006561250,2016-01-01,5
22015006579250,2016-01-01,5
22015006579500,2016-01-01,24
22015006579750,2016-01-01,13
22015006580000,2016-01-01,3
22015006580250,2016-01-01,1
22015006580500,2016-01-01,2
22017506561250,2016-01-01,8
22017506561500,2016-01-01,21
22017506561750,2016-01-01,7
22017506566500,2016-01-01,5
22017506571500,2016-01-01,4
22017506572000,2016-01-01,4
22017506579500,2016-01-01,1
22017506579750,2016-01-01,3
22017506580000,2016-01-01,5
22017506580250,2016-01-01,1
22017506583250,2016-01-01,2
22020006560500,2016-01-01,1
22020006560750,2016-01-01,3
22020006561500,2016-01-01,2
22020006561750,2016-01-01,22
22020006563000,2016-01-01,5
22020006563250,2016-01-01,2
22020006566000,2016-01-01,4
22020006566500,2016-01-01,2
22020006566750,2016-01-01,1
22020006578750,2016-01-01,4
22020006580000,2016-01-01,5
22022506555750,2016-01-01,5
22022506558750,2016-01-01,1
22022506561000,2016-01-01,16
22022506561250,2016-01-01,62
22022506561500,2016-01-01,35
22022506561750,2016-01-01,18
22022506563500,2016-01-01,7
22022506564250,2016-01-01,2
22022506564750,2016-01-01,10
22022506565000,2016-01-01,11
22022506567000,2016-01-01,6
22022506572500,2016-01-01,2
22022506572750,2016-01-01,2
22022506578500,2016-01-01,5
22022506578750,2016-01-01,8
22022506583000,2016-01-01,2
22025006560750,2016-01-01,8
22025006561000,2016-01-01,52
22025006561250,2016-01-01,25
22025006561500,2016-01-01,2
22025006561750,2016-01-01,32
22025006562000,2016-01-01,18
22025006562250,2016-01-01,1
22025006562750,2016-01-01,6
22025006563000,2016-01-01,1
22025006563250,2016-01-01,5
22025006563500,2016-01-01,2
22025006567750,2016-01-01,7
22025006568500,2016-01-01,1
22025006572500,2016-01-01,1
22025006578500,2016-01-01,5
22025006578750,2016-01-01,6
22025006579000,2016-01-01,9
22025006583000,2016-01-01,4
22027506560500,2016-01-01,62
22027506560750,2016-01-01,78
22027506561000,2016-01-01,8
22027506562000,2016-01-01,3
22027506568750,2016-01-01,4
22027506569500,2016-01-01,4
22027506578500,2016-01-01,3
22027506578750,2016-01-01,11
22027506583250,2016-01-01,1
22030006560500,2016-01-01,60
22030006560750,2016-01-01,4
22030006563250,2016-01-01,2
22030006568000,2016-01-01,1
22030006578750,2016-01-01,2
22030006579000,2016-01-01,3
22032506559250,2016-01-01,7
22032506560500,2016-01-01,2
22032506560750,2016-01-01,7
22032506569250,2016-01-01,1
22032506571000,2016-01-01,6
22032506571250,2016-01-01,6
22032506571500,2016-01-01,5
22032506572000,2016-01-01,14
22035006558750,2016-01-01,7
22035006560500,2016-01-01,5
22035006569750,2016-01-01,5
22035006570500,2016-01-01,7
22035006570750,2016-01-01,19
22035006571000,2016-01-01,15
22035006571250,2016-01-01,10
22035006571500,2016-01-01,6
22035006571750,2016-01-01,3
22035006578000,2016-01-01,2
22035006578750,2016-01-01,11
22035006579000,2016-01-01,1
22037506560250,2016-01-01,3
22037506560500,2016-01-01,3
22037506564750,2016-01-01,6
22037506570250,2016-01-01,12
22037506570500,2016-01-01,3
22037506570750,2016-01-01,2
22037506571000,2016-01-01,2
22037506571250,2016-01-01,4
22037506578250,2016-01-01,1
22037506578500,2016-01-01,2
22037506579250,2016-01-01,4
22040006557000,2016-01-01,2
22040006557250,2016-01-01,2
22040006560250,2016-01-01,17
22040006560500,2016-01-01,8
22040006569500,2016-01-01,4
22040006570000,2016-01-01,3
22040006570750,2016-01-01,4
22040006578250,2016-01-01,4
22040006578500,2016-01-01,17
22042506560250,2016-01-01,2
22042506569750,2016-01-01,1
22042506570000,2016-01-01,3
22042506570500,2016-01-01,1
22042506578500,2016-01-01,16
22045006570000,2016-01-01,6
22045006570250,2016-01-01,3
22045006578250,2016-01-01,2
22045006578500,2016-01-01,3
22045006578750,2016-01-01,5
22045006579000,2016-01-01,1
22047506561750,2016-01-01,2
22047506570000,2016-01-01,8
22047506575000,2016-01-01,1
22047506575500,2016-01-01,5
22047506576500,2016-01-01,3
22047506577000,2016-01-01,4
22047506579000,2016-01-01,5
22047506579250,2016-01-01,4
22050006570000,2016-01-01,2
22050006570250,2016-01-01,4
22050006576250,2016-01-01,1
22052506570000,2016-01-01,2
22052506577250,2016-01-01,2
22052506577500,2016-01-01,2
22055006570000,2016-01-01,6
22055006575000,2016-01-01,3
22057506570000,2016-01-01,2
22057506577250,2016-01-01,9
22060006569750,2016-01-01,4
22060006577250,2016-01-01,6
22060006577500,2016-01-01,5
22062506575750,2016-01-01,2
22062506576000,2016-01-01,1
22062506576750,2016-01-01,1
22065006570000,2016-01-01,4
22067506570750,2016-01-01,2
22067506571000,2016-01-01,3
22072506576750,2016-01-01,4
22075006576500,2016-01-01,4
22075006576750,2016-01-01,5
21715006570000,2017-01-01,1
21720006570000,2017-01-01,2
21722506568750,2017-01-01,1
21722506570000,2017-01-01,4
21725006570000,2017-01-01,1
21760006568000,2017-01-01,5
21760006568500,2017-01-01,7
21762506567750,2017-01-01,4
21762506568000,2017-01-01,15
21765006573500,2017-01-01,6
21765006587750,2017-01-01,3
21767506588250,2017-01-01,5
21767506588750,2017-01-01,3
21767506589000,2017-01-01,4
21770006567250,2017-01-01,2
21770006573000,2017-01-01,2
21770006589250,2017-01-01,10
21772506567000,2017-01-01,6
21772506567500,2017-01-01,4
21772506567750,2017-01-01,6
21772506573500,2017-01-01,4
21772506588000,2017-01-01,6
21772506588250,2017-01-01,17
21772506588750,2017-01-01,15
21772506589000,2017-01-01,1
21772506589250,2017-01-01,1
21772506589500,2017-01-01,2
21772506589750,2017-01-01,3
21775006561500,2017-01-01,1
21775006563500,2017-01-01,2
21775006567000,2017-01-01,6
21775006567500,2017-01-01,5
21775006587750,2017-01-01,2
21775006588000,2017-01-01,2
21775006588500,2017-01-01,2
21775006588750,2017-01-01,2
21775006589000,2017-01-01,6
21775006589500,2017-01-01,4
21777506572750,2017-01-01,1
21777506588250,2017-01-01,17
21777506588750,2017-01-01,2
21777506589000,2017-01-01,7
21777506589250,2017-01-01,4
21780006562500,2017-01-01,2
21780006565750,2017-01-01,4
21780006572500,2017-01-01,3
21780006572750,2017-01-01,6
21782506571500,2017-01-01,2
21782506572000,2017-01-01,4
21782506572250,2017-01-01,3
21782506572500,2017-01-01,2
21785006562500,2017-01-01,5
21785006567000,2017-01-01,1
21785006572250,2017-01-01,5
21785006575250,2017-01-01,2
21785006588250,2017-01-01,3
21785006591500,2017-01-01,5
21785006591750,2017-01-01,1
21787506562250,2017-01-01,4
21787506562500,2017-01-01,7
21787506567000,2017-01-01,3
21787506567250,2017-01-01,9
21787506572250,2017-01-01,2
21787506572500,2017-01-01,3
21787506577750,2017-01-01,1
21790006562500,2017-01-01,2
21790006567750,2017-01-01,7
21790006572500,2017-01-01,1
21790006572750,2017-01-01,6
21792506566750,2017-01-01,4
21792506567250,2017-01-01,2
21792506567500,2017-01-01,11
21792506567750,2017-01-01,2
21792506570750,2017-01-01,4
21792506572000,2017-01-01,9
21792506572250,2017-01-01,8
21792506572500,2017-01-01,1
21792506573000,2017-01-01,4
21792506573750,2017-01-01,1
21792506575250,2017-01-01,7
21792506578000,2017-01-01,1
21792506578250,2017-01-01,8
21795006564750,2017-01-01,6
21795006571000,2017-01-01,5
21795006571250,2017-01-01,3
21795006571750,2017-01-01,7
21795006572000,2017-01-01,2
21795006573000,2017-01-01,2
21795006573250,2017-01-01,1
21795006574500,2017-01-01,4
21797506564500,2017-01-01,3
21797506567250,2017-01-01,3
21797506571250,2017-01-01,3
21797506571500,2017-01-01,2
21797506571750,2017-01-01,4
21797506573750,2017-01-01,2
21797506574000,2017-01-01,2
21797506574750,2017-01-01,4
21797506575000,2017-01-01,5
21797506578000,2017-01-01,5
21800006564250,2017-01-01,7
21800006571750,2017-01-01,2
21800006573000,2017-01-01,1
21800006575250,2017-01-01,2
21800006577500,2017-01-01,4
21800006578000,2017-01-01,12
21800006585750,2017-01-01,1
21802506564000,2017-01-01,10
21802506566250,2017-01-01,3
21802506572750,2017-01-01,4
21802506575000,2017-01-01,5
21802506575250,2017-01-01,10
21802506576000,2017-01-01,2
21802506577000,2017-01-01,2
21802506577250,2017-01-01,5
21802506585250,2017-01-01,2
21802506585750,2017-01-01,4
21802506586250,2017-01-01,5
21805006564000,2017-01-01,2
21805006566250,2017-01-01,4
21805006571250,2017-01-01,1
21805006574250,2017-01-01,1
21805006574750,2017-01-01,3
21805006575750,2017-01-01,4
21805006576000,2017-01-01,2
21805006576250,2017-01-01,2
21805006576500,2017-01-01,4
21805006577000,2017-01-01,1
21805006578250,2017-01-01,3
21805006585750,2017-01-01,3
21805006586250,2017-01-01,3
21807506561750,2017-01-01,9
21807506563250,2017-01-01,4
21807506563500,2017-01-01,4
21807506563750,2017-01-01,2
21807506574750,2017-01-01,5
21807506576000,2017-01-01,2
21807506576250,2017-01-01,10
21807506576500,2017-01-01,10
21807506576750,2017-01-01,13
21807506577750,2017-01-01,4
21807506578250,2017-01-01,3
21807506585500,2017-01-01,2
21810006563000,2017-01-01,3
21810006564750,2017-01-01,2
21810006565000,2017-01-01,37
21810006565250,2017-01-01,4
21810006574500,2017-01-01,7
21810006575000,2017-01-01,3
21810006576000,2017-01-01,5
21810006576250,2017-01-01,15
21810006576500,2017-01-01,14
21810006577500,2017-01-01,5
21810006578000,2017-01-01,2
21812506560500,2017-01-01,1
21812506565000,2017-01-01,34
21812506565250,2017-01-01,7
21812506565750,2017-01-01,6
21812506566000,2017-01-01,2
21812506566250,2017-01-01,2
21812506567000,2017-01-01,7
21812506567250,2017-01-01,7
21812506576250,2017-01-01,2
21812506576500,2017-01-01,9
21812506576750,2017-01-01,19
21812506577250,2017-01-01,8
21812506577500,2017-01-01,2
21812506577750,2017-01-01,3
21812506578000,2017-01-01,2
21812506578250,2017-01-01,4
21815006564000,2017-01-01,5
21815006564500,2017-01-01,2
21815006565750,2017-01-01,2
21815006566000,2017-01-01,3
21815006567000,2017-01-01,2
21815006576500,2017-01-01,13
21815006576750,2017-01-01,23
21815006577000,2017-01-01,27
21815006577250,2017-01-01,1
21815006577500,2017-01-01,25
21815006577750,2017-01-01,1
21815006578000,2017-01-01,4
21815006578250,2017-01-01,4
21817506577000,2017-01-01,2
21817506577500,2017-01-01,6
21817506577750,2017-01-01,4
21820006574750,2017-01-01,2
21820006577250,2017-01-01,5
21822506563750,2017-01-01,4
21822506566750,2017-01-01,4
21822506574500,2017-01-01,3
21822506575500,2017-01-01,2
21822506575750,2017-01-01,2
21825006574500,2017-01-01,1
21825006575000,2017-01-01,4
21825006575250,2017-01-01,3
21825006575750,2017-01-01,1
21825006577500,2017-01-01,4
21827506566750,2017-01-01,5
21827506580750,2017-01-01,2
21830006574500,2017-01-01,7
21830006574750,2017-01-01,13
21832506566750,2017-01-01,1
21832506574500,2017-01-01,9
21832506574750,2017-01-01,6
21832506575000,2017-01-01,18
21832506575250,2017-01-01,73
21832506580250,2017-01-01,1
21835006575250,2017-01-01,5
21837506574500,2017-01-01,14
21837506574750,2017-01-01,8
21837506575000,2017-01-01,10
21840006573750,2017-01-01,5
21840006574000,2017-01-01,11
21840006574250,2017-01-01,4
21840006575000,2017-01-01,1
21842506566750,2017-01-01,1
21842506573500,2017-01-01,2
21842506573750,2017-01-01,6
21842506574000,2017-01-01,2
21842506574500,2017-01-01,4
21842506575250,2017-01-01,5
21842506579750,2017-01-01,2
21845006567750,2017-01-01,3
21845006573750,2017-01-01,1
21845006574000,2017-01-01,5
21845006574250,2017-01-01,9
21845006574750,2017-01-01,4
21845006575000,2017-01-01,5
21845006579000,2017-01-01,7
21845006579250,2017-01-01,9
21845006579500,2017-01-01,9
21845006579750,2017-01-01,3
21847506567000,2017-01-01,2
21847506567500,2017-01-01,1
21847506573750,2017-01-01,5
21847506574250,2017-01-01,7
21847506579000,2017-01-01,10
21847506579250,2017-01-01,6
21850006568000,2017-01-01,2
21850006573750,2017-01-01,2
21850006574250,2017-01-01,9
21850006575500,2017-01-01,2
21850006577750,2017-01-01,3
21850006578500,2017-01-01,5
21850006579000,2017-01-01,2
21852506567500,2017-01-01,2
21852506567750,2017-01-01,8
21852506568000,2017-01-01,2
21852506574500,2017-01-01,3
21852506575500,2017-01-01,4
21852506577500,2017-01-01,5
21852506578250,2017-01-01,3
21852506578500,2017-01-01,2
21855006567000,2017-01-01,6
21855006567250,2017-01-01,2
21855006567750,2017-01-01,7
21855006573500,2017-01-01,2
21855006574750,2017-01-01,7
21855006575500,2017-01-01,5
21855006576750,2017-01-01,1
21855006577500,2017-01-01,1
21855006578250,2017-01-01,9
21855006578750,2017-01-01,2
21855006579000,2017-01-01,3
21857506566750,2017-01-01,18
21857506567000,2017-01-01,13
21857506567250,2017-01-01,5
21857506569750,2017-01-01,8
21857506570000,2017-01-01,5
21857506573500,2017-01-01,2
21857506578750,2017-01-01,32
21860006566750,2017-01-01,7
21860006570000,2017-01-01,3
21860006573000,2017-01-01,4
21860006573250,2017-01-01,3
21860006573500,2017-01-01,5
21860006573750,2017-01-01,10
21860006576000,2017-01-01,5
21860006576500,2017-01-01,9
21860006576750,2017-01-01,26
21860006577000,2017-01-01,34
21860006577250,2017-01-01,24
21860006577500,2017-01-01,1
21860006578250,2017-01-01,5
21860006578500,2017-01-01,1
21860006586500,2017-01-01,4
21862506567250,2017-01-01,8
21862506567500,2017-01-01,73
21862506567750,2017-01-01,15
21862506570000,2017-01-01,2
21862506573000,2017-01-01,2
21862506573250,2017-01-01,6
21862506573750,2017-01-01,1
21862506574000,2017-01-01,3
21862506574250,2017-01-01,2
21862506574500,2017-01-01,1
21862506575750,2017-01-01,2
21862506576000,2017-01-01,2
21862506576250,2017-01-01,2
21862506576750,2017-01-01,7
21862506577000,2017-01-01,53
21862506577250,2017-01-01,7
21862506577750,2017-01-01,7
21862506578000,2017-01-01,2
21865006567250,2017-01-01,7
21865006567500,2017-01-01,26
21865006570250,2017-01-01,3
21865006572000,2017-01-01,3
21865006572250,2017-01-01,5
21865006572500,2017-01-01,2
21865006572750,2017-01-01,1
21865006573250,2017-01-01,5
21865006573500,2017-01-01,3
21865006573750,2017-01-01,4
21865006574000,2017-01-01,5
21865006574250,2017-01-01,1
21865006576250,2017-01-01,4
21865006576500,2017-01-01,9
21865006577000,2017-01-01,2
21865006577500,2017-01-01,7
21865006577750,2017-01-01,4
21865006578000,2017-01-01,1
21867506567500,2017-01-01,9
21867506568250,2017-01-01,2
21867506570000,2017-01-01,4
21867506571250,2017-01-01,7
21867506571500,2017-01-01,6
21867506571750,2017-01-01,3
21867506572000,2017-01-01,3
21867506572250,2017-01-01,3
21867506572750,2017-01-01,8
21867506573000,2017-01-01,1
21867506573250,2017-01-01,2
21867506576250,2017-01-01,29
21867506576500,2017-01-01,5
21867506577000,2017-01-01,48
21867506577250,2017-01-01,72
21867506577500,2017-01-01,26
21867506586500,2017-01-01,1
21870006567500,2017-01-01,2
21870006568250,2017-01-01,5
21870006568500,2017-01-01,3
21870006569000,2017-01-01,4
21870006569750,2017-01-01,2
21870006570000,2017-01-01,2
21870006571750,2017-01-01,10
21870006572250,2017-01-01,3
21870006573000,2017-01-01,11
21870006573750,2017-01-01,10
21870006574000,2017-01-01,5
21870006576000,2017-01-01,3
21870006576250,2017-01-01,4
21870006576500,2017-01-01,1
21870006576750,2017-01-01,43
21870006577000,2017-01-01,92
21870006577250,2017-01-01,15
21872506567500,2017-01-01,3
21872506568750,2017-01-01,1
21872506571250,2017-01-01,10
21872506571500,2017-01-01,7
21872506573250,2017-01-01,7
21872506573500,2017-01-01,2
21872506574000,2017-01-01,4
21872506574750,2017-01-01,5
21872506575500,2017-01-01,6
21872506576500,2017-01-01,78
21872506576750,2017-01-01,150
21872506577000,2017-01-01,77
21875006567250,2017-01-01,1
21875006569000,2017-01-01,6
21875006573000,2017-01-01,9
21875006573250,2017-01-01,12
21875006573500,2017-01-01,7
21875006574250,2017-01-01,4
21875006574500,2017-01-01,2
21875006574750,2017-01-01,7
21875006575250,2017-01-01,8
21875006575500,2017-01-01,7
21875006576000,2017-01-01,9
21875006576250,2017-01-01,18
21875006576750,2017-01-01,142
21875006577000,2017-01-01,17
21877506567500,2017-01-01,7
21877506569000,2017-01-01,4
21877506570000,2017-01-01,3
21877506572750,2017-01-01,1
21877506573000,2017-01-01,7
21877506573500,2017-01-01,3
21877506574000,2017-01-01,1
21877506574250,2017-01-01,4
21877506574500,2017-01-01,56
21877506574750,2017-01-01,105
21877506575000,2017-01-01,9
21877506575250,2017-01-01,48
21877506575500,2017-01-01,17
21877506575750,2017-01-01,2
21877506576000,2017-01-01,68
21877506576250,2017-01-01,18
21877506576500,2017-01-01,76
21877506576750,2017-01-01,105
21880006567250,2017-01-01,2
21880006567500,2017-01-01,6
21880006568250,2017-01-01,2
21880006568500,2017-01-01,7
21880006569250,2017-01-01,4
21880006572500,2017-01-01,4
21880006573000,2017-01-01,6
21880006573250,2017-01-01,2
21880006573500,2017-01-01,6
21880006574000,2017-01-01,15
21880006574250,2017-01-01,132
21880006574500,2017-01-01,95
21880006574750,2017-01-01,88
21880006575000,2017-01-01,84
21880006575250,2017-01-01,140
21880006575500,2017-01-01,30
21880006575750,2017-01-01,11
21880006576250,2017-01-01,2
21880006576500,2017-01-01,7
21880006576750,2017-01-01,26
21882506567000,2017-01-01,3
21882506568250,2017-01-01,7
21882506569000,2017-01-01,1
21882506569250,2017-01-01,3
21882506569500,2017-01-01,6
21882506571000,2017-01-01,8
21882506572500,2017-01-01,19
21882506573250,2017-01-01,16
21882506573750,2017-01-01,2
21882506574000,2017-01-01,111
21882506574250,2017-01-01,148
21882506574500,2017-01-01,92
21882506574750,2017-01-01,137
21882506575000,2017-01-01,139
21882506575250,2017-01-01,97
21882506575750,2017-01-01,9
21882506576750,2017-01-01,6
21885006569500,2017-01-01,2
21885006570000,2017-01-01,11
21885006572000,2017-01-01,5
21885006573250,2017-01-01,2
21885006573500,2017-01-01,2
21885006574000,2017-01-01,78
21885006574250,2017-01-01,64
21885006574500,2017-01-01,15
21885006574750,2017-01-01,68
21885006575000,2017-01-01,136
21885006575250,2017-01-01,7
21885006575750,2017-01-01,35
21885006576000,2017-01-01,48
21885006576750,2017-01-01,8
21885006577750,2017-01-01,14
21885006584250,2017-01-01,4
21885006586250,2017-01-01,2
21885006586500,2017-01-01,3
21885006586750,2017-01-01,12
21885006601000,2017-01-01,1
21887506567000,2017-01-01,2
21887506570000,2017-01-01,6
21887506570250,2017-01-01,2
21887506572750,2017-01-01,2
21887506574750,2017-01-01,14
21887506575500,2017-01-01,34
21887506575750,2017-01-01,68
21887506576000,2017-01-01,86
21887506576250,2017-01-01,47
21887506576500,2017-01-01,2
21887506576750,2017-01-01,8
21887506577000,2017-01-01,2
21887506577500,2017-01-01,96
21887506577750,2017-01-01,93
21887506584000,2017-01-01,5
21887506584250,2017-01-01,4
21887506586750,2017-01-01,1
21887506600750,2017-01-01,2
21890006568750,2017-01-01,2
21890006569750,2017-01-01,1
21890006570000,2017-01-01,10
21890006570500,2017-01-01,1
21890006571750,2017-01-01,2
21890006574000,2017-01-01,9
21890006575250,2017-01-01,3
21890006575500,2017-01-01,66
21890006575750,2017-01-01,143
21890006576000,2017-01-01,193
21890006576250,2017-01-01,103
21890006576500,2017-01-01,4
21890006576750,2017-01-01,13
21890006577000,2017-01-01,119
21890006577250,2017-01-01,171
21890006577500,2017-01-01,131
21890006577750,2017-01-01,87
21890006578000,2017-01-01,5
21890006581750,2017-01-01,2
21890006583750,2017-01-01,4
21890006584000,2017-01-01,13
21890006584250,2017-01-01,6
21890006585000,2017-01-01,4
21890006585250,2017-01-01,1
21890006599750,2017-01-01,2
21892506571000,2017-01-01,1
21892506573000,2017-01-01,12
21892506573750,2017-01-01,6
21892506574000,2017-01-01,57
21892506575250,2017-01-01,2
21892506575500,2017-01-01,110
21892506575750,2017-01-01,153
21892506576000,2017-01-01,108
21892506576500,2017-01-01,12
21892506576750,2017-01-01,204
21892506577000,2017-01-01,278
21892506577250,2017-01-01,177
21892506577500,2017-01-01,161
21892506577750,2017-01-01,57
21892506578000,2017-01-01,25
21892506579750,2017-01-01,10
21892506580000,2017-01-01,3
21892506580750,2017-01-01,2
21892506581500,2017-01-01,21
21892506581750,2017-01-01,3
21892506582750,2017-01-01,11
21892506583250,2017-01-01,3
21892506583750,2017-01-01,7
21892506584250,2017-01-01,3
21892506585000,2017-01-01,1
21895006568000,2017-01-01,4
21895006573000,2017-01-01,3
21895006573750,2017-01-01,2
21895006574000,2017-01-01,10
21895006575000,2017-01-01,1
21895006575250,2017-01-01,5
21895006575500,2017-01-01,138
21895006575750,2017-01-01,120
21895006576000,2017-01-01,75
21895006576250,2017-01-01,154
21895006576500,2017-01-01,94
21895006576750,2017-01-01,164
21895006577000,2017-01-01,110
21895006577250,2017-01-01,75
21895006577500,2017-01-01,167
21895006577750,2017-01-01,112
21895006578000,2017-01-01,119
21895006578750,2017-01-01,2
21895006579000,2017-01-01,2
21895006579250,2017-01-01,2
21895006579500,2017-01-01,4
21895006579750,2017-01-01,1
21895006580500,2017-01-01,4
21895006581000,2017-01-01,3
21895006581250,2017-01-01,8
21895006581500,2017-01-01,9
21895006582250,2017-01-01,7
21895006582500,2017-01-01,4
21895006582750,2017-01-01,7
21895006583000,2017-01-01,5
21895006583250,2017-01-01,1
21895006583750,2017-01-01,5
21895006584750,2017-01-01,2
21895006585500,2017-01-01,1
21895006586000,2017-01-01,3
21897506568000,2017-01-01,2
21897506568250,2017-01-01,2
21897506571750,2017-01-01,2
21897506574000,2017-01-01,13
21897506574250,2017-01-01,22
21897506574500,2017-01-01,23
21897506574750,2017-01-01,33
21897506575250,2017-01-01,33
21897506575500,2017-01-01,131
21897506575750,2017-01-01,46
21897506576000,2017-01-01,143
21897506576250,2017-01-01,157
21897506576500,2017-01-01,14
21897506576750,2017-01-01,175
21897506577000,2017-01-01,245
21897506577250,2017-01-01,317
21897506577500,2017-01-01,412
21897506577750,2017-01-01,30
21897506578000,2017-01-01,3
21897506578250,2017-01-01,4
21897506578500,2017-01-01,6
21897506578750,2017-01-01,7
21897506579000,2017-01-01,1
21897506579250,2017-01-01,4
21897506579750,2017-01-01,1
21897506580000,2017-01-01,1
21897506582000,2017-01-01,19
21897506582250,2017-01-01,4
21897506582500,2017-01-01,18
21897506584500,2017-01-01,4
21897506597250,2017-01-01,5
21897506597500,2017-01-01,8
21897506598000,2017-01-01,2
21897506602000,2017-01-01,2
21900006566250,2017-01-01,7
21900006566500,2017-01-01,19
21900006574250,2017-01-01,92
21900006574500,2017-01-01,117
21900006574750,2017-01-01,84
21900006575000,2017-01-01,7
21900006575250,2017-01-01,60
21900006575500,2017-01-01,41
21900006575750,2017-01-01,27
21900006576000,2017-01-01,128
21900006576250,2017-01-01,37
21900006576500,2017-01-01,15
21900006576750,2017-01-01,52
21900006577000,2017-01-01,161
21900006577250,2017-01-01,42
21900006577500,2017-01-01,2
21900006578000,2017-01-01,9
21900006578250,2017-01-01,3
21900006579250,2017-01-01,6
21900006579500,2017-01-01,6
21900006581000,2017-01-01,3
21900006581250,2017-01-01,13
21900006581500,2017-01-01,17
21900006581750,2017-01-01,18
21900006582000,2017-01-01,13
21900006582500,2017-01-01,2
21900006582750,2017-01-01,3
21900006583000,2017-01-01,5
21900006583250,2017-01-01,3
21900006583500,2017-01-01,29
21900006586000,2017-01-01,5
21900006586250,2017-01-01,2
21900006597000,2017-01-01,4
21900006603250,2017-01-01,4
21902506566500,2017-01-01,17
21902506568500,2017-01-01,1
21902506574000,2017-01-01,24
21902506574250,2017-01-01,187
21902506574500,2017-01-01,130
21902506574750,2017-01-01,53
21902506575000,2017-01-01,26
21902506575250,2017-01-01,53
21902506575500,2017-01-01,109
21902506575750,2017-01-01,101
21902506576000,2017-01-01,81
21902506576250,2017-01-01,58
21902506576500,2017-01-01,26
21902506576750,2017-01-01,109
21902506577000,2017-01-01,85
21902506577250,2017-01-01,9
21902506577500,2017-01-01,1
21902506577750,2017-01-01,4
21902506578000,2017-01-01,11
21902506578500,2017-01-01,10
21902506578750,2017-01-01,9
21902506579000,2017-01-01,7
21902506579500,2017-01-01,4
21902506579750,2017-01-01,9
21902506580000,2017-01-01,15
21902506580250,2017-01-01,9
21902506580500,2017-01-01,84
21902506580750,2017-01-01,102
21902506581000,2017-01-01,4
21902506581250,2017-01-01,5
21902506581500,2017-01-01,3
21902506582750,2017-01-01,22
21902506583000,2017-01-01,5
21902506583500,2017-01-01,16
21902506583750,2017-01-01,22
21902506585500,2017-01-01,1
21902506586000,2017-01-01,2
21902506586250,2017-01-01,9
21902506587500,2017-01-01,4
21902506597750,2017-01-01,3
21902506602500,2017-01-01,2
21905006566250,2017-01-01,23
21905006566500,2017-01-01,43
21905006567250,2017-01-01,1
21905006568500,2017-01-01,10
21905006572750,2017-01-01,6
21905006573000,2017-01-01,48
21905006573250,2017-01-01,42
21905006573500,2017-01-01,13
21905006573750,2017-01-01,48
21905006574000,2017-01-01,164
21905006574250,2017-01-01,179
21905006574500,2017-01-01,72
21905006574750,2017-01-01,22
21905006575000,2017-01-01,19
21905006575250,2017-01-01,88
21905006575500,2017-01-01,135
21905006575750,2017-01-01,127
21905006576000,2017-01-01,138
21905006576250,2017-01-01,105
21905006576500,2017-01-01,13
21905006577000,2017-01-01,2
21905006577250,2017-01-01,4
21905006577750,2017-01-01,9
21905006578000,2017-01-01,39
21905006578250,2017-01-01,1
21905006579000,2017-01-01,28
21905006579250,2017-01-01,42
21905006579500,2017-01-01,100
21905006579750,2017-01-01,92
21905006580000,2017-01-01,36
21905006580250,2017-01-01,81
21905006580500,2017-01-01,43
21905006580750,2017-01-01,7
21905006581500,2017-01-01,11
21905006582250,2017-01-01,2
21905006582500,2017-01-01,33
21905006582750,2017-01-01,51
21905006583000,2017-01-01,22
21905006583250,2017-01-01,2
21905006583500,2017-01-01,2
21905006583750,2017-01-01,27
21905006584000,2017-01-01,2
21905006584250,2017-01-01,2
21905006584750,2017-01-01,5
21905006585000,2017-01-01,18
21905006585500,2017-01-01,4
21905006596250,2017-01-01,3
21907506566250,2017-01-01,14
21907506566500,2017-01-01,8
21907506567000,2017-01-01,11
21907506567250,2017-01-01,5
21907506568500,2017-01-01,1
21907506572750,2017-01-01,22
21907506573000,2017-01-01,89
21907506573250,2017-01-01,101
21907506573500,2017-01-01,96
21907506573750,2017-01-01,122
21907506574000,2017-01-01,54
21907506574250,2017-01-01,24
21907506575000,2017-01-01,30
21907506575250,2017-01-01,125
21907506575500,2017-01-01,89
21907506575750,2017-01-01,71
21907506576000,2017-01-01,34
21907506576250,2017-01-01,81
21907506576500,2017-01-01,167
21907506576750,2017-01-01,174
21907506577000,2017-01-01,14
21907506578250,2017-01-01,11
21907506578500,2017-01-01,16
21907506578750,2017-01-01,34
21907506579000,2017-01-01,7
21907506579250,2017-01-01,18
21907506579500,2017-01-01,2
21907506580250,2017-01-01,6
21907506581000,2017-01-01,3
21907506581250,2017-01-01,5
21907506581500,2017-01-01,3
21907506581750,2017-01-01,2
21907506582000,2017-01-01,6
21907506582500,2017-01-01,8
21907506583000,2017-01-01,7
21907506583750,2017-01-01,5
21907506584000,2017-01-01,4
21907506584250,2017-01-01,10
21907506584500,2017-01-01,3
21907506584750,2017-01-01,5
21907506585000,2017-01-01,10
21907506585250,2017-01-01,4
21907506597000,2017-01-01,1
21910006567000,2017-01-01,3
21910006567750,2017-01-01,1
21910006568000,2017-01-01,4
21910006568250,2017-01-01,11
21910006573250,2017-01-01,16
21910006573500,2017-01-01,187
21910006573750,2017-01-01,112
21910006575000,2017-01-01,27
21910006575250,2017-01-01,113
21910006575500,2017-01-01,99
21910006575750,2017-01-01,145
21910006576000,2017-01-01,151
21910006576250,2017-01-01,155
21910006576500,2017-01-01,328
21910006576750,2017-01-01,194
21910006577000,2017-01-01,9
21910006577750,2017-01-01,4
21910006578000,2017-01-01,36
21910006578250,2017-01-01,21
21910006578500,2017-01-01,67
21910006578750,2017-01-01,13
21910006579750,2017-01-01,11
21910006580250,2017-01-01,9
21910006580500,2017-01-01,10
21910006580750,2017-01-01,6
21910006581000,2017-01-01,4
21910006581250,2017-01-01,5
21910006581750,2017-01-01,3
21910006584500,2017-01-01,1
21910006584750,2017-01-01,4
21912506567750,2017-01-01,7
21912506568000,2017-01-01,12
21912506568250,2017-01-01,5
21912506572000,2017-01-01,1
21912506572500,2017-01-01,2
21912506574750,2017-01-01,81
21912506575000,2017-01-01,102
21912506575250,2017-01-01,185
21912506575500,2017-01-01,138
21912506575750,2017-01-01,129
21912506576000,2017-01-01,67
21912506576500,2017-01-01,43
21912506576750,2017-01-01,495
21912506577000,2017-01-01,68
21912506577250,2017-01-01,95
21912506577500,2017-01-01,26
21912506577750,2017-01-01,16
21912506578500,2017-01-01,5
21912506578750,2017-01-01,61
21912506579000,2017-01-01,40
21912506579250,2017-01-01,31
21912506579500,2017-01-01,62
21912506579750,2017-01-01,46
21912506580000,2017-01-01,35
21912506580250,2017-01-01,3
21912506580500,2017-01-01,6
21912506581250,2017-01-01,6
21912506581750,2017-01-01,6
21912506582000,2017-01-01,4
21915006566500,2017-01-01,5
21915006567500,2017-01-01,4
21915006568500,2017-01-01,4
21915006569250,2017-01-01,7
21915006570500,2017-01-01,4
21915006572500,2017-01-01,32
21915006572750,2017-01-01,48
21915006573000,2017-01-01,105
21915006573250,2017-01-01,170
21915006573500,2017-01-01,9
21915006573750,2017-01-01,1
21915006574000,2017-01-01,79
21915006574250,2017-01-01,13
21915006574750,2017-01-01,113
21915006575000,2017-01-01,195
21915006575250,2017-01-01,184
21915006575500,2017-01-01,140
21915006575750,2017-01-01,109
21915006576000,2017-01-01,211
21915006576250,2017-01-01,94
21915006576500,2017-01-01,52
21915006576750,2017-01-01,88
21915006577000,2017-01-01,86
21915006577250,2017-01-01,87
21915006577750,2017-01-01,23
21915006578000,2017-01-01,79
21915006578250,2017-01-01,143
21915006578500,2017-01-01,143
21915006578750,2017-01-01,32
21915006579000,2017-01-01,122
21915006579250,2017-01-01,103
21915006579500,2017-01-01,60
21915006579750,2017-01-01,2
21915006580000,2017-01-01,2
21915006580250,2017-01-01,6
21915006580500,2017-01-01,1
21915006580750,2017-01-01,2
21915006581000,2017-01-01,3
21915006581500,2017-01-01,5
21915006582000,2017-01-01,5
21915006596000,2017-01-01,2
21917506566750,2017-01-01,30
21917506567000,2017-01-01,1
21917506567500,2017-01-01,2
21917506567750,2017-01-01,9
21917506568250,2017-01-01,2
21917506568500,2017-01-01,17
21917506568750,2017-01-01,61
21917506569000,2017-01-01,103
21917506569250,2017-01-01,224
21917506569500,2017-01-01,225
21917506570000,2017-01-01,4
21917506570500,2017-01-01,3
21917506571250,2017-01-01,5
21917506571750,2017-01-01,8
21917506572000,2017-01-01,48
21917506572250,2017-01-01,21
21917506572500,2017-01-01,81
21917506572750,2017-01-01,102
21917506573000,2017-01-01,108
21917506573250,2017-01-01,68
21917506573500,2017-01-01,143
21917506573750,2017-01-01,89
21917506574000,2017-01-01,178
21917506574250,2017-01-01,55
21917506574750,2017-01-01,68
21917506575000,2017-01-01,261
21917506575250,2017-01-01,153
21917506575500,2017-01-01,55
21917506575750,2017-01-01,147
21917506576000,2017-01-01,208
21917506576250,2017-01-01,249
21917506576500,2017-01-01,161
21917506576750,2017-01-01,74
21917506577250,2017-01-01,32
21917506577500,2017-01-01,115
21917506577750,2017-01-01,164
21917506578000,2017-01-01,95
21917506578250,2017-01-01,109
21917506578500,2017-01-01,87
21917506578750,2017-01-01,4
21917506579000,2017-01-01,7
21917506580250,2017-01-01,4
21917506580500,2017-01-01,8
21917506581500,2017-01-01,1
21917506595750,2017-01-01,1
21920006566750,2017-01-01,8
21920006567000,2017-01-01,73
21920006567250,2017-01-01,29
21920006567500,2017-01-01,15
21920006568000,2017-01-01,1
21920006568250,2017-01-01,3
21920006568500,2017-01-01,38
21920006568750,2017-01-01,200
21920006569000,2017-01-01,271
21920006569250,2017-01-01,120
21920006569500,2017-01-01,118
21920006570000,2017-01-01,2
21920006570250,2017-01-01,6
21920006570750,2017-01-01,6
21920006571250,2017-01-01,2
21920006571500,2017-01-01,2
21920006571750,2017-01-01,73
21920006572000,2017-01-01,8
21920006572250,2017-01-01,21
21920006572500,2017-01-01,17
21920006572750,2017-01-01,27
21920006573000,2017-01-01,168
21920006573250,2017-01-01,248
21920006573500,2017-01-01,104
21920006573750,2017-01-01,101
21920006574000,2017-01-01,161
21920006574250,2017-01-01,227
21920006574500,2017-01-01,206
21920006574750,2017-01-01,27
21920006575000,2017-01-01,129
21920006575250,2017-01-01,299
21920006575500,2017-01-01,99
21920006575750,2017-01-01,212
21920006576000,2017-01-01,170
21920006576250,2017-01-01,398
21920006576500,2017-01-01,312
21920006576750,2017-01-01,72
21920006577000,2017-01-01,42
21920006577250,2017-01-01,177
21920006577500,2017-01-01,100
21920006577750,2017-01-01,44
21920006578000,2017-01-01,4
21920006578500,2017-01-01,10
21920006578750,2017-01-01,3
21920006579500,2017-01-01,3
21920006580000,2017-01-01,2
21920006580250,2017-01-01,3
21920006580500,2017-01-01,5
21920006580750,2017-01-01,2
21920006581500,2017-01-01,12
21920006581750,2017-01-01,6
21922506567000,2017-01-01,56
21922506567250,2017-01-01,146
21922506567500,2017-01-01,28
21922506568500,2017-01-01,53
21922506568750,2017-01-01,119
21922506569250,2017-01-01,325
21922506569500,2017-01-01,160
21922506569750,2017-01-01,39
21922506570250,2017-01-01,3
21922506570500,2017-01-01,5
21922506570750,2017-01-01,14
21922506571750,2017-01-01,14
21922506572000,2017-01-01,118
21922506572250,2017-01-01,119
21922506572500,2017-01-01,190
21922506572750,2017-01-01,141
21922506573000,2017-01-01,87
21922506573250,2017-01-01,124
21922506573500,2017-01-01,177
21922506573750,2017-01-01,154
21922506574000,2017-01-01,232
21922506574250,2017-01-01,162
21922506574750,2017-01-01,47
21922506575250,2017-01-01,22
21922506575500,2017-01-01,231
21922506575750,2017-01-01,176
21922506576000,2017-01-01,133
21922506576250,2017-01-01,182
21922506576500,2017-01-01,86
21922506576750,2017-01-01,87
21922506577250,2017-01-01,5
21922506577500,2017-01-01,12
21922506577750,2017-01-01,60
21922506578000,2017-01-01,96
21922506578250,2017-01-01,49
21922506578750,2017-01-01,5
21922506579250,2017-01-01,7
21922506579500,2017-01-01,2
21922506579750,2017-01-01,2
21922506580000,2017-01-01,7
21922506580500,2017-01-01,3
21922506580750,2017-01-01,3
21922506582750,2017-01-01,4
21925006567250,2017-01-01,16
21925006567500,2017-01-01,54
21925006568000,2017-01-01,33
21925006568500,2017-01-01,97
21925006568750,2017-01-01,84
21925006569000,2017-01-01,103
21925006569250,2017-01-01,32
21925006569500,2017-01-01,152
21925006569750,2017-01-01,29
21925006570000,2017-01-01,6
21925006570250,2017-01-01,1
21925006571750,2017-01-01,48
21925006572000,2017-01-01,193
21925006572250,2017-01-01,162
21925006572500,2017-01-01,134
21925006572750,2017-01-01,125
21925006573000,2017-01-01,98
21925006573250,2017-01-01,167
21925006573500,2017-01-01,181
21925006573750,2017-01-01,239
21925006574000,2017-01-01,150
21925006574500,2017-01-01,1
21925006574750,2017-01-01,20
21925006575000,2017-01-01,55
21925006575250,2017-01-01,216
21925006575500,2017-01-01,156
21925006575750,2017-01-01,218
21925006576000,2017-01-01,202
21925006576250,2017-01-01,71
21925006576500,2017-01-01,114
21925006576750,2017-01-01,146
21925006577000,2017-01-01,84
21925006577500,2017-01-01,11
21925006579000,2017-01-01,7
21925006579250,2017-01-01,4
21925006579500,2017-01-01,2
21925006580250,2017-01-01,4
21925006580500,2017-01-01,7
21925006580750,2017-01-01,7
21925006581000,2017-01-01,2
21925006581250,2017-01-01,1
21925006581500,2017-01-01,7
21925006582000,2017-01-01,1
21925006582250,2017-01-01,1
21925006582500,2017-01-01,20
21925006582750,2017-01-01,3
21927506567500,2017-01-01,3
21927506567750,2017-01-01,17
21927506568000,2017-01-01,23
21927506568250,2017-01-01,25
21927506568500,2017-01-01,137
21927506568750,2017-01-01,149
21927506569000,2017-01-01,193
21927506569250,2017-01-01,61
21927506569500,2017-01-01,140
21927506569750,2017-01-01,21
21927506570000,2017-01-01,15
21927506570250,2017-01-01,43
21927506570500,2017-01-01,129
21927506570750,2017-01-01,22
21927506571500,2017-01-01,2
21927506571750,2017-01-01,3
21927506572000,2017-01-01,145
21927506572250,2017-01-01,98
21927506572500,2017-01-01,25
21927506572750,2017-01-01,8
21927506573000,2017-01-01,115
21927506573250,2017-01-01,100
21927506573500,2017-01-01,102
21927506573750,2017-01-01,111
21927506574000,2017-01-01,37
21927506574250,2017-01-01,19
21927506574500,2017-01-01,152
21927506574750,2017-01-01,192
21927506575000,2017-01-01,221
21927506575250,2017-01-01,175
21927506575500,2017-01-01,143
21927506575750,2017-01-01,55
21927506576000,2017-01-01,60
21927506576250,2017-01-01,76
21927506576500,2017-01-01,77
21927506576750,2017-01-01,14
21927506578750,2017-01-01,7
21927506579000,2017-01-01,8
21927506579250,2017-01-01,2
21927506579750,2017-01-01,5
21927506580000,2017-01-01,9
21927506580250,2017-01-01,8
21927506580500,2017-01-01,5
21927506580750,2017-01-01,2
21927506581000,2017-01-01,4
21927506581250,2017-01-01,1
21927506581750,2017-01-01,9
21927506582000,2017-01-01,7
21927506582250,2017-01-01,5
21927506582500,2017-01-01,3
21930006566750,2017-01-01,44
21930006567000,2017-01-01,179
21930006567250,2017-01-01,17
21930006567500,2017-01-01,23
21930006567750,2017-01-01,168
21930006568000,2017-01-01,119
21930006568250,2017-01-01,60
21930006568500,2017-01-01,119
21930006568750,2017-01-01,25
21930006569000,2017-01-01,54
21930006569250,2017-01-01,111
21930006569500,2017-01-01,69
21930006569750,2017-01-01,74
21930006570000,2017-01-01,53
21930006570250,2017-01-01,64
21930006570500,2017-01-01,209
21930006570750,2017-01-01,144
21930006571000,2017-01-01,17
21930006571500,2017-01-01,5
21930006571750,2017-01-01,42
21930006572000,2017-01-01,75
21930006573250,2017-01-01,5
21930006573500,2017-01-01,42
21930006573750,2017-01-01,178
21930006574000,2017-01-01,109
21930006574250,2017-01-01,126
21930006574500,2017-01-01,159
21930006574750,2017-01-01,144
21930006575000,2017-01-01,147
21930006575250,2017-01-01,109
21930006575500,2017-01-01,170
21930006575750,2017-01-01,125
21930006576000,2017-01-01,120
21930006576250,2017-01-01,131
21930006576500,2017-01-01,34
21930006578500,2017-01-01,1
21930006578750,2017-01-01,20
21930006579500,2017-01-01,8
21930006579750,2017-01-01,2
21930006581000,2017-01-01,4
21930006581250,2017-01-01,4
21932506560500,2017-01-01,2
21932506561250,2017-01-01,3
21932506561750,2017-01-01,2
21932506562000,2017-01-01,9
21932506562500,2017-01-01,4
21932506564250,2017-01-01,2
21932506564500,2017-01-01,51
21932506564750,2017-01-01,47
21932506566250,2017-01-01,31
21932506566500,2017-01-01,56
21932506566750,2017-01-01,199
21932506567000,2017-01-01,179
21932506567250,2017-01-01,100
21932506567500,2017-01-01,5
21932506567750,2017-01-01,94
21932506568000,2017-01-01,210
21932506568250,2017-01-01,176
21932506568500,2017-01-01,22
21932506568750,2017-01-01,202
21932506569000,2017-01-01,77
21932506569250,2017-01-01,133
21932506569500,2017-01-01,159
21932506569750,2017-01-01,186
21932506570000,2017-01-01,131
21932506570250,2017-01-01,76
21932506570500,2017-01-01,76
21932506570750,2017-01-01,110
21932506571000,2017-01-01,145
21932506571250,2017-01-01,62
21932506571500,2017-01-01,13
21932506571750,2017-01-01,29
21932506572000,2017-01-01,5
21932506572250,2017-01-01,18
21932506572500,2017-01-01,67
21932506572750,2017-01-01,76
21932506573000,2017-01-01,134
21932506573250,2017-01-01,102
21932506573500,2017-01-01,36
21932506573750,2017-01-01,83
21932506574000,2017-01-01,80
21932506574250,2017-01-01,157
21932506574500,2017-01-01,130
21932506574750,2017-01-01,133
21932506575000,2017-01-01,159
21932506575250,2017-01-01,137
21932506575500,2017-01-01,88
21932506575750,2017-01-01,53
21932506576000,2017-01-01,19
21932506576250,2017-01-01,2
21932506578250,2017-01-01,5
21932506578500,2017-01-01,17
21932506578750,2017-01-01,13
21932506580750,2017-01-01,6
21932506581250,2017-01-01,6
21935006560750,2017-01-01,2
21935006561250,2017-01-01,14
21935006562250,2017-01-01,18
21935006562500,2017-01-01,16
21935006564000,2017-01-01,21
21935006564250,2017-01-01,90
21935006564500,2017-01-01,179
21935006564750,2017-01-01,91
21935006565000,2017-01-01,12
21935006566000,2017-01-01,23
21935006566250,2017-01-01,143
21935006566500,2017-01-01,191
21935006566750,2017-01-01,152
21935006567000,2017-01-01,146
21935006567250,2017-01-01,11
21935006567500,2017-01-01,57
21935006568000,2017-01-01,52
21935006568250,2017-01-01,294
21935006568500,2017-01-01,158
21935006568750,2017-01-01,111
21935006569000,2017-01-01,61
21935006569250,2017-01-01,72
21935006569500,2017-01-01,109
21935006569750,2017-01-01,123
21935006570000,2017-01-01,104
21935006570250,2017-01-01,13
21935006570750,2017-01-01,15
21935006571000,2017-01-01,63
21935006571250,2017-01-01,5
21935006571500,2017-01-01,2
21935006572000,2017-01-01,25
21935006572250,2017-01-01,164
21935006572500,2017-01-01,118
21935006572750,2017-01-01,119
21935006573000,2017-01-01,121
21935006573250,2017-01-01,2
21935006573500,2017-01-01,4
21935006573750,2017-01-01,8
21935006574000,2017-01-01,146
21935006574250,2017-01-01,45
21935006574500,2017-01-01,89
21935006574750,2017-01-01,53
21935006575000,2017-01-01,47
21935006575250,2017-01-01,11
21935006577000,2017-01-01,5
21935006577500,2017-01-01,4
21935006577750,2017-01-01,9
21935006578250,2017-01-01,20
21935006578500,2017-01-01,11
21935006578750,2017-01-01,22
21935006581000,2017-01-01,11
21937506560000,2017-01-01,3
21937506560250,2017-01-01,2
21937506560750,2017-01-01,5
21937506561250,2017-01-01,5
21937506561500,2017-01-01,2
21937506561750,2017-01-01,12
21937506562000,2017-01-01,1
21937506563750,2017-01-01,57
21937506564000,2017-01-01,123
21937506564250,2017-01-01,154
21937506564500,2017-01-01,154
21937506564750,2017-01-01,157
21937506565000,2017-01-01,81
21937506565250,2017-01-01,14
21937506565500,2017-01-01,48
21937506565750,2017-01-01,37
21937506566000,2017-01-01,96
21937506566250,2017-01-01,141
21937506566500,2017-01-01,139
21937506566750,2017-01-01,101
21937506567000,2017-01-01,236
21937506567250,2017-01-01,125
21937506567500,2017-01-01,217
21937506567750,2017-01-01,280
21937506568000,2017-01-01,138
21937506568250,2017-01-01,203
21937506568500,2017-01-01,149
21937506568750,2017-01-01,182
21937506569000,2017-01-01,143
21937506569250,2017-01-01,46
21937506569500,2017-01-01,163
21937506569750,2017-01-01,55
21937506570000,2017-01-01,5
21937506570250,2017-01-01,5
21937506570500,2017-01-01,184
21937506570750,2017-01-01,10
21937506571750,2017-01-01,63
21937506572000,2017-01-01,137
21937506572250,2017-01-01,165
21937506572500,2017-01-01,100
21937506572750,2017-01-01,24
21937506573000,2017-01-01,2
21937506573250,2017-01-01,4
21937506573500,2017-01-01,12
21937506573750,2017-01-01,1
21937506574000,2017-01-01,13
21937506574250,2017-01-01,1
21937506574500,2017-01-01,8
21937506574750,2017-01-01,2
21937506575000,2017-01-01,12
21937506575250,2017-01-01,7
21937506576500,2017-01-01,6
21937506576750,2017-01-01,18
21937506577000,2017-01-01,7
21937506577250,2017-01-01,19
21937506577500,2017-01-01,9
21937506577750,2017-01-01,5
21937506578000,2017-01-01,7
21937506578500,2017-01-01,4
21937506578750,2017-01-01,9
21937506579250,2017-01-01,1
21937506580000,2017-01-01,1
21937506580250,2017-01-01,3
21940006560000,2017-01-01,3
21940006560250,2017-01-01,25
21940006560750,2017-01-01,16
21940006561000,2017-01-01,22
21940006561250,2017-01-01,13
21940006561500,2017-01-01,20
21940006562000,2017-01-01,7
21940006562250,2017-01-01,5
21940006563750,2017-01-01,103
21940006564000,2017-01-01,90
21940006564250,2017-01-01,89
21940006564500,2017-01-01,132
21940006564750,2017-01-01,87
21940006565000,2017-01-01,51
21940006565250,2017-01-01,52
21940006565500,2017-01-01,46
21940006565750,2017-01-01,61
21940006566000,2017-01-01,110
21940006566250,2017-01-01,148
21940006566500,2017-01-01,121
21940006566750,2017-01-01,128
21940006567000,2017-01-01,237
21940006567250,2017-01-01,145
21940006567500,2017-01-01,177
21940006567750,2017-01-01,76
21940006568000,2017-01-01,114
21940006568250,2017-01-01,164
21940006568500,2017-01-01,168
21940006568750,2017-01-01,92
21940006569000,2017-01-01,81
21940006569250,2017-01-01,40
21940006569500,2017-01-01,21
21940006570000,2017-01-01,2
21940006570250,2017-01-01,24
21940006570500,2017-01-01,151
21940006570750,2017-01-01,113
21940006571000,2017-01-01,35
21940006571250,2017-01-01,52
21940006571500,2017-01-01,114
21940006571750,2017-01-01,151
21940006572000,2017-01-01,69
21940006572250,2017-01-01,32
21940006572500,2017-01-01,10
21940006572750,2017-01-01,16
21940006573000,2017-01-01,4
21940006573250,2017-01-01,16
21940006573500,2017-01-01,2
21940006573750,2017-01-01,6
21940006576000,2017-01-01,17
21940006576250,2017-01-01,33
21940006576500,2017-01-01,76
21940006576750,2017-01-01,56
21940006577000,2017-01-01,4
21940006577250,2017-01-01,3
21940006577500,2017-01-01,1
21940006578000,2017-01-01,14
21940006578250,2017-01-01,7
21940006578500,2017-01-01,6
21940006578750,2017-01-01,22
21940006579000,2017-01-01,4
21940006579250,2017-01-01,7
21940006580250,2017-01-01,2
21940006581000,2017-01-01,7
21940006581250,2017-01-01,5
21942506560000,2017-01-01,4
21942506560250,2017-01-01,10
21942506560750,2017-01-01,2
21942506561500,2017-01-01,3
21942506561750,2017-01-01,2
21942506562750,2017-01-01,1
21942506563000,2017-01-01,6
21942506563750,2017-01-01,132
21942506564000,2017-01-01,74
21942506564250,2017-01-01,39
21942506564500,2017-01-01,77
21942506564750,2017-01-01,99
21942506565000,2017-01-01,191
21942506565250,2017-01-01,96
21942506565500,2017-01-01,66
21942506565750,2017-01-01,163
21942506566000,2017-01-01,174
21942506566250,2017-01-01,129
21942506566500,2017-01-01,170
21942506566750,2017-01-01,56
21942506567000,2017-01-01,173
21942506567250,2017-01-01,173
21942506567500,2017-01-01,178
21942506567750,2017-01-01,114
21942506568000,2017-01-01,85
21942506568250,2017-01-01,59
21942506568500,2017-01-01,53
21942506568750,2017-01-01,59
21942506569000,2017-01-01,58
21942506569250,2017-01-01,73
21942506569500,2017-01-01,19
21942506570000,2017-01-01,1
21942506570250,2017-01-01,15
21942506570500,2017-01-01,100
21942506570750,2017-01-01,149
21942506571000,2017-01-01,162
21942506571250,2017-01-01,136
21942506571500,2017-01-01,143
21942506571750,2017-01-01,136
21942506572000,2017-01-01,80
21942506572250,2017-01-01,11
21942506572750,2017-01-01,8
21942506576000,2017-01-01,10
21942506576250,2017-01-01,2
21942506576500,2017-01-01,11
21942506576750,2017-01-01,49
21942506577000,2017-01-01,2
21942506577500,2017-01-01,8
21942506578000,2017-01-01,4
21942506578500,2017-01-01,28
21942506578750,2017-01-01,10
21942506579000,2017-01-01,2
21942506579500,2017-01-01,14
21942506579750,2017-01-01,5
21942506580000,2017-01-01,3
21942506580250,2017-01-01,7
21942506580500,2017-01-01,3
21945006560500,2017-01-01,2
21945006561000,2017-01-01,72
21945006561250,2017-01-01,169
21945006561500,2017-01-01,6
21945006563000,2017-01-01,50
21945006563250,2017-01-01,56
21945006563750,2017-01-01,181
21945006564000,2017-01-01,26
21945006564250,2017-01-01,59
21945006564500,2017-01-01,158
21945006564750,2017-01-01,225
21945006565000,2017-01-01,227
21945006565250,2017-01-01,132
21945006565500,2017-01-01,123
21945006565750,2017-01-01,67
21945006566000,2017-01-01,15
21945006566750,2017-01-01,131
21945006567000,2017-01-01,154
21945006567250,2017-01-01,146
21945006567500,2017-01-01,129
21945006567750,2017-01-01,62
21945006568000,2017-01-01,73
21945006568250,2017-01-01,143
21945006568500,2017-01-01,205
21945006568750,2017-01-01,165
21945006569000,2017-01-01,149
21945006569250,2017-01-01,172
21945006569500,2017-01-01,114
21945006569750,2017-01-01,24
21945006570250,2017-01-01,11
21945006570500,2017-01-01,65
21945006570750,2017-01-01,173
21945006571000,2017-01-01,132
21945006571250,2017-01-01,157
21945006571500,2017-01-01,60
21945006572000,2017-01-01,3
21945006572250,2017-01-01,18
21945006575250,2017-01-01,3
21945006575500,2017-01-01,6
21945006575750,2017-01-01,5
21945006576250,2017-01-01,10
21945006576500,2017-01-01,10
21945006577250,2017-01-01,1
21945006577750,2017-01-01,4
21945006578250,2017-01-01,3
21945006578750,2017-01-01,2
21945006579000,2017-01-01,2
21945006579250,2017-01-01,6
21945006580500,2017-01-01,6
21945006580750,2017-01-01,5
21945006581000,2017-01-01,9
21947506558250,2017-01-01,22
21947506560500,2017-01-01,19
21947506560750,2017-01-01,57
21947506561000,2017-01-01,83
21947506561250,2017-01-01,116
21947506561500,2017-01-01,85
21947506561750,2017-01-01,18
21947506562500,2017-01-01,12
21947506562750,2017-01-01,61
21947506563000,2017-01-01,130
21947506563250,2017-01-01,42
21947506563500,2017-01-01,16
21947506563750,2017-01-01,90
21947506564000,2017-01-01,66
21947506564250,2017-01-01,122
21947506564500,2017-01-01,9
21947506564750,2017-01-01,194
21947506565000,2017-01-01,17
21947506565250,2017-01-01,28
21947506565500,2017-01-01,34
21947506566750,2017-01-01,105
21947506567000,2017-01-01,161
21947506567250,2017-01-01,41
21947506567500,2017-01-01,119
21947506567750,2017-01-01,35
21947506568000,2017-01-01,121
21947506568250,2017-01-01,287
21947506568500,2017-01-01,252
21947506568750,2017-01-01,59
21947506569000,2017-01-01,213
21947506569250,2017-01-01,199
21947506569500,2017-01-01,228
21947506569750,2017-01-01,125
21947506570000,2017-01-01,37
21947506570250,2017-01-01,76
21947506570750,2017-01-01,39
21947506571000,2017-01-01,79
21947506571250,2017-01-01,54
21947506571500,2017-01-01,20
21947506572250,2017-01-01,4
21947506572750,2017-01-01,2
21947506574750,2017-01-01,3
21947506575000,2017-01-01,8
21947506575250,2017-01-01,5
21947506576500,2017-01-01,3
21947506578250,2017-01-01,4
21947506578500,2017-01-01,6
21947506578750,2017-01-01,1
21947506579000,2017-01-01,2
21947506579250,2017-01-01,1
21947506579500,2017-01-01,2
21947506579750,2017-01-01,4
21947506580500,2017-01-01,4
21947506586500,2017-01-01,1
21947506586750,2017-01-01,4
21947506587000,2017-01-01,14
21950006558000,2017-01-01,4
21950006558250,2017-01-01,49
21950006560250,2017-01-01,18
21950006560500,2017-01-01,13
21950006560750,2017-01-01,92
21950006561000,2017-01-01,102
21950006561250,2017-01-01,95
21950006561500,2017-01-01,96
21950006561750,2017-01-01,144
21950006562000,2017-01-01,14
21950006562250,2017-01-01,18
21950006562500,2017-01-01,86
21950006562750,2017-01-01,142
21950006563000,2017-01-01,147
21950006563750,2017-01-01,25
21950006564000,2017-01-01,204
21950006564250,2017-01-01,220
21950006564500,2017-01-01,131
21950006565250,2017-01-01,56
21950006565500,2017-01-01,2
21950006566750,2017-01-01,85
21950006567000,2017-01-01,130
21950006567250,2017-01-01,61
21950006567500,2017-01-01,39
21950006568000,2017-01-01,17
21950006568250,2017-01-01,241
21950006568500,2017-01-01,199
21950006568750,2017-01-01,114
21950006569000,2017-01-01,43
21950006569500,2017-01-01,44
21950006569750,2017-01-01,123
21950006570000,2017-01-01,166
21950006570250,2017-01-01,106
21950006570500,2017-01-01,233
21950006570750,2017-01-01,27
21950006571000,2017-01-01,1
21950006571250,2017-01-01,8
21950006571750,2017-01-01,6
21950006572000,2017-01-01,6
21950006574500,2017-01-01,2
21950006574750,2017-01-01,21
21950006575000,2017-01-01,14
21950006577000,2017-01-01,1
21950006577250,2017-01-01,4
21950006578750,2017-01-01,7
21950006579000,2017-01-01,2
21950006579250,2017-01-01,6
21950006579500,2017-01-01,1
21950006579750,2017-01-01,3
21950006580000,2017-01-01,1
21950006580500,2017-01-01,2
21950006581000,2017-01-01,8
21950006581250,2017-01-01,4
21950006586500,2017-01-01,14
21950006586750,2017-01-01,3
21950006587000,2017-01-01,9
21950006587250,2017-01-01,4
21952506558250,2017-01-01,41
21952506558500,2017-01-01,9
21952506558750,2017-01-01,76
21952506559500,2017-01-01,3
21952506559750,2017-01-01,15
21952506560000,2017-01-01,13
21952506560250,2017-01-01,33
21952506560500,2017-01-01,36
21952506560750,2017-01-01,131
21952506561000,2017-01-01,99
21952506561250,2017-01-01,68
21952506561500,2017-01-01,4
21952506562000,2017-01-01,5
21952506562250,2017-01-01,17
21952506562500,2017-01-01,128
21952506562750,2017-01-01,63
21952506563000,2017-01-01,70
21952506563250,2017-01-01,17
21952506563500,2017-01-01,39
21952506563750,2017-01-01,75
21952506564000,2017-01-01,119
21952506564250,2017-01-01,106
21952506564500,2017-01-01,39
21952506564750,2017-01-01,2
21952506565000,2017-01-01,24
21952506565250,2017-01-01,81
21952506566500,2017-01-01,11
21952506566750,2017-01-01,177
21952506567000,2017-01-01,141
21952506567250,2017-01-01,19
21952506568000,2017-01-01,50
21952506568250,2017-01-01,42
21952506568500,2017-01-01,163
21952506568750,2017-01-01,231
21952506569000,2017-01-01,129
21952506569500,2017-01-01,4
21952506569750,2017-01-01,122
21952506570000,2017-01-01,115
21952506570250,2017-01-01,75
21952506570500,2017-01-01,52
21952506570750,2017-01-01,31
21952506571000,2017-01-01,10
21952506572750,2017-01-01,5
21952506574250,2017-01-01,1
21952506574500,2017-01-01,14
21952506574750,2017-01-01,3
21952506577000,2017-01-01,2
21952506578750,2017-01-01,6
21952506579000,2017-01-01,5
21952506579250,2017-01-01,7
21952506580000,2017-01-01,11
21952506587250,2017-01-01,8
21952506587500,2017-01-01,3
21955006557750,2017-01-01,5
21955006558000,2017-01-01,33
21955006558250,2017-01-01,106
21955006558500,2017-01-01,31
21955006558750,2017-01-01,5
21955006559250,2017-01-01,7
21955006559500,2017-01-01,69
21955006559750,2017-01-01,17
21955006560250,2017-01-01,99
21955006560500,2017-01-01,129
21955006560750,2017-01-01,108
21955006561000,2017-01-01,93
21955006561250,2017-01-01,134
21955006561500,2017-01-01,112
21955006561750,2017-01-01,89
21955006562000,2017-01-01,63
21955006562250,2017-01-01,121
21955006562500,2017-01-01,87
21955006562750,2017-01-01,39
21955006563000,2017-01-01,11
21955006563250,2017-01-01,90
21955006563500,2017-01-01,116
21955006563750,2017-01-01,98
21955006564000,2017-01-01,70
21955006564250,2017-01-01,101
21955006564500,2017-01-01,6
21955006564750,2017-01-01,2
21955006565000,2017-01-01,2
21955006566250,2017-01-01,2
21955006566500,2017-01-01,5
21955006566750,2017-01-01,59
21955006567000,2017-01-01,22
21955006567500,2017-01-01,7
21955006567750,2017-01-01,10
21955006568250,2017-01-01,1
21955006568500,2017-01-01,93
21955006568750,2017-01-01,113
21955006569000,2017-01-01,173
21955006569250,2017-01-01,17
21955006570250,2017-01-01,4
21955006570500,2017-01-01,14
21955006570750,2017-01-01,6
21955006571000,2017-01-01,13
21955006571250,2017-01-01,9
21955006572750,2017-01-01,6
21955006573250,2017-01-01,4
21955006574000,2017-01-01,2
21955006574250,2017-01-01,1
21955006579000,2017-01-01,10
21955006579250,2017-01-01,20
21955006579500,2017-01-01,1
21955006580000,2017-01-01,12
21955006580250,2017-01-01,1
21955006587000,2017-01-01,4
21955006587250,2017-01-01,5
21955006587500,2017-01-01,2
21957506557750,2017-01-01,120
21957506558000,2017-01-01,202
21957506558250,2017-01-01,45
21957506558500,2017-01-01,79
21957506558750,2017-01-01,52
21957506559500,2017-01-01,12
21957506559750,2017-01-01,7
21957506560250,2017-01-01,41
21957506560500,2017-01-01,28
21957506560750,2017-01-01,110
21957506561000,2017-01-01,51
21957506561250,2017-01-01,96
21957506561500,2017-01-01,163
21957506561750,2017-01-01,125
21957506562000,2017-01-01,91
21957506562250,2017-01-01,111
21957506562500,2017-01-01,76
21957506562750,2017-01-01,56
21957506563000,2017-01-01,126
21957506563250,2017-01-01,38
21957506563500,2017-01-01,39
21957506563750,2017-01-01,93
21957506564000,2017-01-01,93
21957506564250,2017-01-01,76
21957506564750,2017-01-01,2
21957506565000,2017-01-01,12
21957506565250,2017-01-01,34
21957506565500,2017-01-01,60
21957506566500,2017-01-01,6
21957506566750,2017-01-01,5
21957506567250,2017-01-01,1
21957506567500,2017-01-01,3
21957506568250,2017-01-01,6
21957506568500,2017-01-01,2
21957506568750,2017-01-01,13
21957506569000,2017-01-01,8
21957506569250,2017-01-01,148
21957506570000,2017-01-01,6
21957506570500,2017-01-01,1
21957506570750,2017-01-01,5
21957506571000,2017-01-01,3
21957506572750,2017-01-01,3
21957506573000,2017-01-01,4
21957506573250,2017-01-01,8
21957506574000,2017-01-01,7
21957506574250,2017-01-01,8
21957506579000,2017-01-01,8
21957506579250,2017-01-01,2
21957506579500,2017-01-01,2
21957506587000,2017-01-01,3
21957506587250,2017-01-01,22
21957506587500,2017-01-01,13
21957506587750,2017-01-01,8
21957506588000,2017-01-01,12
21960006557750,2017-01-01,81
21960006558000,2017-01-01,199
21960006558250,2017-01-01,218
21960006558500,2017-01-01,145
21960006558750,2017-01-01,25
21960006559750,2017-01-01,1
21960006560500,2017-01-01,79
21960006560750,2017-01-01,89
21960006561000,2017-01-01,6
21960006561250,2017-01-01,87
21960006561500,2017-01-01,153
21960006561750,2017-01-01,102
21960006562000,2017-01-01,133
21960006562250,2017-01-01,55
21960006562500,2017-01-01,62
21960006562750,2017-01-01,32
21960006563000,2017-01-01,111
21960006563250,2017-01-01,23
21960006563750,2017-01-01,39
21960006564000,2017-01-01,157
21960006564250,2017-01-01,54
21960006564500,2017-01-01,39
21960006564750,2017-01-01,23
21960006565000,2017-01-01,88
21960006565250,2017-01-01,126
21960006565500,2017-01-01,83
21960006565750,2017-01-01,30
21960006566250,2017-01-01,14
21960006566500,2017-01-01,10
21960006567750,2017-01-01,5
21960006568000,2017-01-01,12
21960006568250,2017-01-01,27
21960006568500,2017-01-01,5
21960006568750,2017-01-01,15
21960006569000,2017-01-01,4
21960006569250,2017-01-01,82
21960006569500,2017-01-01,10
21960006569750,2017-01-01,12
21960006570500,2017-01-01,3
21960006571500,2017-01-01,5
21960006571750,2017-01-01,5
21960006572000,2017-01-01,8
21960006572250,2017-01-01,6
21960006572500,2017-01-01,11
21960006572750,2017-01-01,14
21960006573250,2017-01-01,1
21960006573750,2017-01-01,4
21960006574000,2017-01-01,5
21960006574250,2017-01-01,2
21960006586000,2017-01-01,3
21960006586250,2017-01-01,1
21960006587000,2017-01-01,11
21960006587250,2017-01-01,9
21960006587500,2017-01-01,3
21960006588000,2017-01-01,10
21962506557750,2017-01-01,111
21962506558000,2017-01-01,91
21962506558250,2017-01-01,137
21962506558500,2017-01-01,18
21962506561750,2017-01-01,33
21962506562000,2017-01-01,30
21962506562250,2017-01-01,5
21962506563000,2017-01-01,19
21962506563250,2017-01-01,79
21962506563500,2017-01-01,60
21962506563750,2017-01-01,43
21962506564000,2017-01-01,50
21962506564250,2017-01-01,43
21962506564500,2017-01-01,129
21962506564750,2017-01-01,73
21962506565000,2017-01-01,65
21962506565250,2017-01-01,89
21962506565500,2017-01-01,132
21962506565750,2017-01-01,100
21962506566000,2017-01-01,80
21962506566250,2017-01-01,65
21962506566750,2017-01-01,4
21962506567250,2017-01-01,6
21962506567500,2017-01-01,4
21962506568500,2017-01-01,1
21962506568750,2017-01-01,4
21962506569000,2017-01-01,19
21962506569250,2017-01-01,23
21962506569500,2017-01-01,51
21962506569750,2017-01-01,24
21962506570000,2017-01-01,16
21962506570250,2017-01-01,8
21962506570500,2017-01-01,7
21962506570750,2017-01-01,9
21962506571250,2017-01-01,4
21962506571750,2017-01-01,3
21962506572500,2017-01-01,14
21962506572750,2017-01-01,3
21962506573250,2017-01-01,1
21962506573500,2017-01-01,2
21962506586000,2017-01-01,2
21962506586500,2017-01-01,13
21962506586750,2017-01-01,1
21962506587500,2017-01-01,11
21962506587750,2017-01-01,14
21965006557750,2017-01-01,94
21965006558000,2017-01-01,24
21965006563250,2017-01-01,8
21965006563500,2017-01-01,25
21965006563750,2017-01-01,73
21965006564000,2017-01-01,46
21965006564250,2017-01-01,45
21965006564500,2017-01-01,97
21965006564750,2017-01-01,80
21965006565000,2017-01-01,9
21965006565250,2017-01-01,53
21965006565500,2017-01-01,36
21965006565750,2017-01-01,16
21965006566000,2017-01-01,203
21965006566250,2017-01-01,29
21965006568750,2017-01-01,1
21965006569000,2017-01-01,12
21965006569250,2017-01-01,13
21965006569750,2017-01-01,10
21965006570000,2017-01-01,2
21965006571000,2017-01-01,7
21965006571250,2017-01-01,8
21965006572250,2017-01-01,4
21965006572500,2017-01-01,1
21965006573250,2017-01-01,1
21965006573500,2017-01-01,12
21965006573750,2017-01-01,2
21965006586000,2017-01-01,5
21965006586500,2017-01-01,1
21965006586750,2017-01-01,4
21965006587000,2017-01-01,4
21965006587750,2017-01-01,11
21965006588000,2017-01-01,10
21967506564000,2017-01-01,13
21967506564250,2017-01-01,56
21967506564500,2017-01-01,12
21967506564750,2017-01-01,38
21967506565750,2017-01-01,11
21967506566000,2017-01-01,24
21967506569250,2017-01-01,5
21967506570750,2017-01-01,8
21967506571250,2017-01-01,6
21967506571500,2017-01-01,4
21967506572000,2017-01-01,3
21967506574500,2017-01-01,12
21967506574750,2017-01-01,5
21967506580750,2017-01-01,2
21967506591500,2017-01-01,1
21967506591750,2017-01-01,1
21967506592250,2017-01-01,5
21970006564250,2017-01-01,36
21970006564500,2017-01-01,3
21970006564750,2017-01-01,6
21970006568500,2017-01-01,7
21970006569000,2017-01-01,12
21970006569250,2017-01-01,16
21970006569500,2017-01-01,4
21970006570250,2017-01-01,14
21970006570500,2017-01-01,8
21970006571000,2017-01-01,4
21970006571250,2017-01-01,8
21970006574750,2017-01-01,1
21970006575000,2017-01-01,5
21970006575250,2017-01-01,6
21970006575500,2017-01-01,1
21970006575750,2017-01-01,5
21970006580500,2017-01-01,4
21970006580750,2017-01-01,7
21970006581000,2017-01-01,6
21970006585000,2017-01-01,5
21970006585250,2017-01-01,4
21972506557750,2017-01-01,1
21972506559750,2017-01-01,1
21972506560750,2017-01-01,2
21972506561000,2017-01-01,1
21972506561500,2017-01-01,3
21972506561750,2017-01-01,3
21972506562000,2017-01-01,8
21972506562250,2017-01-01,23
21972506562500,2017-01-01,16
21972506564250,2017-01-01,7
21972506564500,2017-01-01,12
21972506565750,2017-01-01,5
21972506569250,2017-01-01,7
21972506569500,2017-01-01,2
21972506569750,2017-01-01,2
21972506570000,2017-01-01,16
21972506570250,2017-01-01,6
21972506571250,2017-01-01,4
21972506571500,2017-01-01,4
21972506572250,2017-01-01,1
21972506574500,2017-01-01,7
21972506581000,2017-01-01,4
21972506581250,2017-01-01,8
21972506584750,2017-01-01,1
21972506585000,2017-01-01,7
21975006557500,2017-01-01,10
21975006557750,2017-01-01,17
21975006560500,2017-01-01,4
21975006561000,2017-01-01,3
21975006561250,2017-01-01,25
21975006561500,2017-01-01,41
21975006561750,2017-01-01,24
21975006562000,2017-01-01,18
21975006562250,2017-01-01,6
21975006562500,2017-01-01,17
21975006562750,2017-01-01,17
21975006563000,2017-01-01,12
21975006563250,2017-01-01,33
21975006563500,2017-01-01,6
21975006563750,2017-01-01,2
21975006564000,2017-01-01,18
21975006564250,2017-01-01,14
21975006564500,2017-01-01,1
21975006564750,2017-01-01,21
21975006565000,2017-01-01,1
21975006565250,2017-01-01,4
21975006565750,2017-01-01,17
21975006566000,2017-01-01,2
21975006569500,2017-01-01,3
21975006570000,2017-01-01,1
21975006571000,2017-01-01,2
21975006571500,2017-01-01,1
21975006571750,2017-01-01,5
21975006581250,2017-01-01,4
21975006584000,2017-01-01,1
21975006584250,2017-01-01,8
21975006584500,2017-01-01,6
21975006584750,2017-01-01,6
21977506557000,2017-01-01,28
21977506557250,2017-01-01,57
21977506557500,2017-01-01,55
21977506557750,2017-01-01,16
21977506560000,2017-01-01,3
21977506560250,2017-01-01,2
21977506560500,2017-01-01,10
21977506561250,2017-01-01,5
21977506561500,2017-01-01,64
21977506561750,2017-01-01,14
21977506562750,2017-01-01,2
21977506563250,2017-01-01,21
21977506563500,2017-01-01,32
21977506563750,2017-01-01,34
21977506564000,2017-01-01,16
21977506564250,2017-01-01,33
21977506564500,2017-01-01,20
21977506565000,2017-01-01,8
21977506565250,2017-01-01,2
21977506566000,2017-01-01,4
21977506566250,2017-01-01,11
21977506570000,2017-01-01,5
21977506571500,2017-01-01,2
21977506572250,2017-01-01,1
21977506572500,2017-01-01,3
21977506581250,2017-01-01,51
21977506581500,2017-01-01,25
21977506584000,2017-01-01,2
21977506584500,2017-01-01,5
21977506584750,2017-01-01,11
21977506585000,2017-01-01,2
21977506593250,2017-01-01,1
21980006556750,2017-01-01,2
21980006557000,2017-01-01,19
21980006557250,2017-01-01,33
21980006557500,2017-01-01,14
21980006559250,2017-01-01,2
21980006560500,2017-01-01,4
21980006561000,2017-01-01,5
21980006564750,2017-01-01,3
21980006565250,2017-01-01,13
21980006566250,2017-01-01,4
21980006566500,2017-01-01,15
21980006566750,2017-01-01,6
21980006569750,2017-01-01,11
21980006572250,2017-01-01,6
21980006581250,2017-01-01,23
21980006581500,2017-01-01,17
21980006582000,2017-01-01,34
21980006582250,2017-01-01,88
21980006582500,2017-01-01,79
21980006582750,2017-01-01,10
21980006583250,2017-01-01,4
21980006584000,2017-01-01,1
21980006584250,2017-01-01,1
21980006584500,2017-01-01,15
21980006584750,2017-01-01,4
21982506556750,2017-01-01,3
21982506557000,2017-01-01,9
21982506557250,2017-01-01,15
21982506557500,2017-01-01,3
21982506557750,2017-01-01,2
21982506560000,2017-01-01,7
21982506560750,2017-01-01,3
21982506561000,2017-01-01,7
21982506565250,2017-01-01,6
21982506565500,2017-01-01,1
21982506566250,2017-01-01,3
21982506566500,2017-01-01,22
21982506566750,2017-01-01,47
21982506567000,2017-01-01,3
21982506567250,2017-01-01,3
21982506570750,2017-01-01,4
21982506573250,2017-01-01,4
21982506574000,2017-01-01,3
21982506581250,2017-01-01,15
21982506582000,2017-01-01,62
21982506582250,2017-01-01,73
21982506582500,2017-01-01,66
21982506582750,2017-01-01,51
21982506583000,2017-01-01,13
21982506584000,2017-01-01,3
21982506584250,2017-01-01,17
21985006557250,2017-01-01,20
21985006557500,2017-01-01,5
21985006566500,2017-01-01,8
21985006566750,2017-01-01,13
21985006567250,2017-01-01,2
21985006567500,2017-01-01,3
21985006567750,2017-01-01,4
21985006570750,2017-01-01,3
21985006573750,2017-01-01,10
21985006575250,2017-01-01,3
21985006575500,2017-01-01,1
21985006582250,2017-01-01,7
21985006582500,2017-01-01,36
21985006583000,2017-01-01,5
21985006583250,2017-01-01,7
21985006583500,2017-01-01,8
21985006583750,2017-01-01,5
21985006584000,2017-01-01,8
21985006584250,2017-01-01,15
21985006584500,2017-01-01,26
21987506557000,2017-01-01,1
21987506557250,2017-01-01,13
21987506561250,2017-01-01,13
21987506562000,2017-01-01,2
21987506562250,2017-01-01,3
21987506566500,2017-01-01,1
21987506567000,2017-01-01,9
21987506567250,2017-01-01,2
21987506567500,2017-01-01,9
21987506568000,2017-01-01,20
21987506568250,2017-01-01,20
21987506571250,2017-01-01,4
21987506582000,2017-01-01,77
21987506582250,2017-01-01,43
21987506582500,2017-01-01,17
21987506582750,2017-01-01,20
21987506583000,2017-01-01,2
21987506584000,2017-01-01,7
21987506584250,2017-01-01,87
21987506584500,2017-01-01,37
21990006561250,2017-01-01,4
21990006562250,2017-01-01,3
21990006563250,2017-01-01,4
21990006567500,2017-01-01,12
21990006568000,2017-01-01,10
21990006568250,2017-01-01,3
21990006568500,2017-01-01,7
21990006570750,2017-01-01,2
21990006571250,2017-01-01,2
21990006573750,2017-01-01,1
21990006582250,2017-01-01,19
21990006584000,2017-01-01,9
21990006584250,2017-01-01,93
21990006584500,2017-01-01,12
21992506559750,2017-01-01,9
21992506560000,2017-01-01,5
21992506561250,2017-01-01,4
21992506563250,2017-01-01,3
21992506563750,2017-01-01,1
21992506568500,2017-01-01,2
21992506568750,2017-01-01,2
21992506569000,2017-01-01,7
21992506582000,2017-01-01,5
21992506582250,2017-01-01,76
21992506582500,2017-01-01,28
21992506583750,2017-01-01,4
21992506584000,2017-01-01,3
21992506584250,2017-01-01,6
21995006558250,2017-01-01,4
21995006558500,2017-01-01,4
21995006563750,2017-01-01,2
21995006569500,2017-01-01,4
21995006569750,2017-01-01,2
21995006582000,2017-01-01,12
21995006582250,2017-01-01,27
21995006582500,2017-01-01,10
21995006582750,2017-01-01,3
21995006583000,2017-01-01,2
21995006583500,2017-01-01,1
21995006583750,2017-01-01,8
21995006584250,2017-01-01,1
21995006596500,2017-01-01,3
21997506569250,2017-01-01,2
21997506570000,2017-01-01,8
21997506582250,2017-01-01,10
21997506582750,2017-01-01,76
21997506583000,2017-01-01,34
21997506583500,2017-01-01,9
22000006558000,2017-01-01,2
22000006569750,2017-01-01,2
22000006570250,2017-01-01,6
22000006581250,2017-01-01,8
22000006581500,2017-01-01,20
22000006581750,2017-01-01,1
22000006582750,2017-01-01,23
22000006583000,2017-01-01,46
22000006583250,2017-01-01,17
22000006583500,2017-01-01,15
22002506557000,2017-01-01,7
22002506570750,2017-01-01,8
22002506581000,2017-01-01,3
22002506581250,2017-01-01,9
22002506582000,2017-01-01,5
22002506582250,2017-01-01,6
22002506583000,2017-01-01,9
22002506583500,2017-01-01,1
22005006557000,2017-01-01,1
22005006581000,2017-01-01,1
22005006581500,2017-01-01,1
22005006581750,2017-01-01,2
22005006582000,2017-01-01,5
22005006583500,2017-01-01,9
22005006583750,2017-01-01,9
22007506562750,2017-01-01,14
22007506571250,2017-01-01,5
22007506581000,2017-01-01,3
22007506581500,2017-01-01,3
22007506581750,2017-01-01,4
22007506582000,2017-01-01,3
22007506583500,2017-01-01,9
22007506583750,2017-01-01,5
22010006557750,2017-01-01,1
22010006559750,2017-01-01,2
22010006562250,2017-01-01,1
22010006562500,2017-01-01,1
22010006580500,2017-01-01,1
22010006580750,2017-01-01,1
22010006581000,2017-01-01,2
22010006581250,2017-01-01,6
22010006581500,2017-01-01,6
22010006583500,2017-01-01,3
22012506562000,2017-01-01,2
22012506562250,2017-01-01,2
22012506562500,2017-01-01,1
22012506571500,2017-01-01,2
22012506579250,2017-01-01,1
22012506579750,2017-01-01,2
22012506580000,2017-01-01,5
22012506580250,2017-01-01,3
22012506580750,2017-01-01,1
22015006560500,2017-01-01,2
22015006561000,2017-01-01,12
22015006561250,2017-01-01,4
22015006579250,2017-01-01,5
22015006579500,2017-01-01,20
22015006579750,2017-01-01,13
22015006580000,2017-01-01,3
22015006580500,2017-01-01,2
22017506561250,2017-01-01,8
22017506561500,2017-01-01,18
22017506561750,2017-01-01,6
22017506566500,2017-01-01,5
22017506571500,2017-01-01,4
22017506572000,2017-01-01,4
22017506579500,2017-01-01,2
22017506579750,2017-01-01,3
22017506580000,2017-01-01,5
22017506580250,2017-01-01,1
22017506583250,2017-01-01,2
22020006560500,2017-01-01,1
22020006560750,2017-01-01,3
22020006561500,2017-01-01,2
22020006561750,2017-01-01,22
22020006563000,2017-01-01,5
22020006563250,2017-01-01,2
22020006566000,2017-01-01,4
22020006566500,2017-01-01,2
22020006566750,2017-01-01,1
22020006578750,2017-01-01,3
22020006580000,2017-01-01,7
22022506555750,2017-01-01,7
22022506558750,2017-01-01,2
22022506561000,2017-01-01,16
22022506561250,2017-01-01,56
22022506561500,2017-01-01,40
22022506561750,2017-01-01,14
22022506563500,2017-01-01,7
22022506564250,2017-01-01,2
22022506564750,2017-01-01,9
22022506565000,2017-01-01,11
22022506567000,2017-01-01,6
22022506572500,2017-01-01,2
22022506572750,2017-01-01,2
22022506578500,2017-01-01,5
22022506578750,2017-01-01,8
22022506583000,2017-01-01,2
22025006560750,2017-01-01,8
22025006561000,2017-01-01,49
22025006561250,2017-01-01,25
22025006561500,2017-01-01,2
22025006561750,2017-01-01,32
22025006562000,2017-01-01,20
22025006562250,2017-01-01,1
22025006562750,2017-01-01,9
22025006563000,2017-01-01,1
22025006563250,2017-01-01,6
22025006563500,2017-01-01,2
22025006567750,2017-01-01,7
22025006568500,2017-01-01,1
22025006572500,2017-01-01,1
22025006578500,2017-01-01,5
22025006578750,2017-01-01,6
22025006579000,2017-01-01,9
22025006583000,2017-01-01,4
22027506560500,2017-01-01,63
22027506560750,2017-01-01,80
22027506561000,2017-01-01,7
22027506562000,2017-01-01,3
22027506568750,2017-01-01,4
22027506569500,2017-01-01,4
22027506578500,2017-01-01,3
22027506578750,2017-01-01,11
22027506583250,2017-01-01,1
22030006560500,2017-01-01,62
22030006560750,2017-01-01,5
22030006563250,2017-01-01,4
22030006568000,2017-01-01,1
22030006578750,2017-01-01,2
22030006579000,2017-01-01,4
22032506559250,2017-01-01,7
22032506560500,2017-01-01,3
22032506560750,2017-01-01,7
22032506569250,2017-01-01,1
22032506571000,2017-01-01,9
22032506571250,2017-01-01,5
22032506571500,2017-01-01,8
22032506572000,2017-01-01,14
22035006558750,2017-01-01,7
22035006560500,2017-01-01,5
22035006569750,2017-01-01,5
22035006570500,2017-01-01,7
22035006570750,2017-01-01,19
22035006571000,2017-01-01,17
22035006571250,2017-01-01,9
22035006571500,2017-01-01,9
22035006571750,2017-01-01,3
22035006578000,2017-01-01,2
22035006578750,2017-01-01,7
22035006579000,2017-01-01,3
22037506560250,2017-01-01,2
22037506560500,2017-01-01,3
22037506564750,2017-01-01,6
22037506570250,2017-01-01,13
22037506570500,2017-01-01,3
22037506570750,2017-01-01,2
22037506571000,2017-01-01,2
22037506571250,2017-01-01,4
22037506578250,2017-01-01,1
22037506578500,2017-01-01,2
22037506579250,2017-01-01,4
22040006557000,2017-01-01,3
22040006557250,2017-01-01,2
22040006560250,2017-01-01,16
22040006560500,2017-01-01,8
22040006569500,2017-01-01,4
22040006570000,2017-01-01,3
22040006570750,2017-01-01,4
22040006578250,2017-01-01,4
22040006578500,2017-01-01,17
22042506560250,2017-01-01,2
22042506569750,2017-01-01,1
22042506570000,2017-01-01,4
22042506570500,2017-01-01,1
22042506578500,2017-01-01,11
22045006570000,2017-01-01,5
22045006570250,2017-01-01,3
22045006578250,2017-01-01,2
22045006578500,2017-01-01,3
22045006578750,2017-01-01,5
22047506561750,2017-01-01,2
22047506570000,2017-01-01,3
22047506575000,2017-01-01,1
22047506575500,2017-01-01,5
22047506576500,2017-01-01,3
22047506577000,2017-01-01,4
22047506579000,2017-01-01,5
22047506579250,2017-01-01,4
22050006570000,2017-01-01,2
22050006570250,2017-01-01,4
22050006576250,2017-01-01,1
22052506570000,2017-01-01,5
22052506577250,2017-01-01,2
22052506577500,2017-01-01,2
22055006570000,2017-01-01,3
22055006575000,2017-01-01,3
22057506570000,2017-01-01,2
22057506577250,2017-01-01,8
22060006569750,2017-01-01,4
22060006577250,2017-01-01,6
22060006577500,2017-01-01,5
22062506575750,2017-01-01,2
22062506576000,2017-01-01,1
22062506576750,2017-01-01,1
22065006570000,2017-01-01,4
22067506570750,2017-01-01,3
22067506571000,2017-01-01,3
22067506576500,2017-01-01,3
22072506576750,2017-01-01,4
22075006576500,2017-01-01,4
22075006576750,2017-01-01,3
21715006570000,2018-01-01,1
21720006570000,2018-01-01,2
21722506568750,2018-01-01,1
21722506570000,2018-01-01,5
21725006570000,2018-01-01,1
21760006568000,2018-01-01,6
21760006568500,2018-01-01,4
21762506567750,2018-01-01,4
21762506568000,2018-01-01,14
21765006573500,2018-01-01,4
21765006587750,2018-01-01,3
21767506588250,2018-01-01,2
21767506588750,2018-01-01,3
21767506589000,2018-01-01,3
21770006567250,2018-01-01,2
21770006573000,2018-01-01,2
21770006589250,2018-01-01,12
21772506567000,2018-01-01,6
21772506567500,2018-01-01,3
21772506567750,2018-01-01,5
21772506573500,2018-01-01,4
21772506588000,2018-01-01,6
21772506588250,2018-01-01,15
21772506588750,2018-01-01,15
21772506589000,2018-01-01,1
21772506589250,2018-01-01,1
21772506589500,2018-01-01,2
21772506589750,2018-01-01,3
21775006561500,2018-01-01,1
21775006563500,2018-01-01,2
21775006567000,2018-01-01,6
21775006567500,2018-01-01,5
21775006587750,2018-01-01,1
21775006588000,2018-01-01,2
21775006588500,2018-01-01,2
21775006588750,2018-01-01,4
21775006589000,2018-01-01,6
21775006589500,2018-01-01,4
21777506572750,2018-01-01,1
21777506588250,2018-01-01,17
21777506588750,2018-01-01,2
21777506589000,2018-01-01,7
21777506589250,2018-01-01,4
21780006562500,2018-01-01,2
21780006565750,2018-01-01,4
21780006572500,2018-01-01,3
21780006572750,2018-01-01,6
21782506571500,2018-01-01,2
21782506572000,2018-01-01,4
21782506572250,2018-01-01,3
21782506572500,2018-01-01,2
21785006562500,2018-01-01,5
21785006567000,2018-01-01,1
21785006572250,2018-01-01,5
21785006575250,2018-01-01,2
21785006588250,2018-01-01,3
21785006591500,2018-01-01,5
21785006591750,2018-01-01,1
21787506562250,2018-01-01,4
21787506562500,2018-01-01,6
21787506567000,2018-01-01,3
21787506567250,2018-01-01,7
21787506572250,2018-01-01,2
21787506572500,2018-01-01,4
21787506577750,2018-01-01,1
21790006562500,2018-01-01,2
21790006567750,2018-01-01,7
21790006572500,2018-01-01,1
21790006572750,2018-01-01,5
21792506566750,2018-01-01,4
21792506567250,2018-01-01,1
21792506567500,2018-01-01,9
21792506567750,2018-01-01,2
21792506570750,2018-01-01,4
21792506572000,2018-01-01,10
21792506572250,2018-01-01,7
21792506572500,2018-01-01,1
21792506573000,2018-01-01,4
21792506573750,2018-01-01,1
21792506575250,2018-01-01,7
21792506578000,2018-01-01,2
21792506578250,2018-01-01,8
21795006564750,2018-01-01,6
21795006571000,2018-01-01,3
21795006571250,2018-01-01,3
21795006571750,2018-01-01,7
21795006572000,2018-01-01,2
21795006573000,2018-01-01,2
21795006573250,2018-01-01,1
21795006574500,2018-01-01,4
21797506564500,2018-01-01,4
21797506567250,2018-01-01,3
21797506571250,2018-01-01,3
21797506571500,2018-01-01,2
21797506571750,2018-01-01,4
21797506573750,2018-01-01,2
21797506574000,2018-01-01,6
21797506574750,2018-01-01,4
21797506575000,2018-01-01,4
21797506578000,2018-01-01,5
21800006564250,2018-01-01,7
21800006571750,2018-01-01,2
21800006573000,2018-01-01,1
21800006575250,2018-01-01,2
21800006577500,2018-01-01,4
21800006578000,2018-01-01,12
21800006585750,2018-01-01,1
21802506564000,2018-01-01,10
21802506566250,2018-01-01,2
21802506572750,2018-01-01,4
21802506575000,2018-01-01,5
21802506575250,2018-01-01,10
21802506576000,2018-01-01,2
21802506577000,2018-01-01,1
21802506577250,2018-01-01,3
21802506585250,2018-01-01,3
21802506585750,2018-01-01,4
21802506586250,2018-01-01,5
21805006564000,2018-01-01,1
21805006566250,2018-01-01,4
21805006571250,2018-01-01,1
21805006574250,2018-01-01,3
21805006574750,2018-01-01,2
21805006575750,2018-01-01,4
21805006576000,2018-01-01,2
21805006576250,2018-01-01,2
21805006576500,2018-01-01,4
21805006577000,2018-01-01,5
21805006578250,2018-01-01,3
21805006585750,2018-01-01,1
21805006586250,2018-01-01,3
21807506561750,2018-01-01,10
21807506563250,2018-01-01,4
21807506563500,2018-01-01,4
21807506563750,2018-01-01,3
21807506574750,2018-01-01,4
21807506576000,2018-01-01,2
21807506576250,2018-01-01,10
21807506576500,2018-01-01,10
21807506576750,2018-01-01,13
21807506577750,2018-01-01,4
21807506578250,2018-01-01,3
21807506585500,2018-01-01,2
21810006563000,2018-01-01,3
21810006564750,2018-01-01,2
21810006565000,2018-01-01,37
21810006565250,2018-01-01,3
21810006574500,2018-01-01,8
21810006575000,2018-01-01,5
21810006576000,2018-01-01,5
21810006576250,2018-01-01,16
21810006576500,2018-01-01,14
21810006577500,2018-01-01,5
21810006578000,2018-01-01,2
21812506560500,2018-01-01,1
21812506565000,2018-01-01,33
21812506565250,2018-01-01,3
21812506565750,2018-01-01,5
21812506566000,2018-01-01,2
21812506566250,2018-01-01,3
21812506567000,2018-01-01,7
21812506567250,2018-01-01,7
21812506576250,2018-01-01,2
21812506576500,2018-01-01,11
21812506576750,2018-01-01,19
21812506577250,2018-01-01,8
21812506577500,2018-01-01,2
21812506577750,2018-01-01,5
21812506578000,2018-01-01,2
21812506578250,2018-01-01,3
21815006564000,2018-01-01,5
21815006564500,2018-01-01,2
21815006565750,2018-01-01,2
21815006566000,2018-01-01,2
21815006567000,2018-01-01,2
21815006576500,2018-01-01,12
21815006576750,2018-01-01,23
21815006577000,2018-01-01,23
21815006577250,2018-01-01,2
21815006577500,2018-01-01,21
21815006577750,2018-01-01,2
21815006578000,2018-01-01,4
21815006578250,2018-01-01,4
21817506577000,2018-01-01,2
21817506577500,2018-01-01,9
21817506577750,2018-01-01,4
21820006572750,2018-01-01,2
21820006574750,2018-01-01,2
21820006577250,2018-01-01,3
21822506563750,2018-01-01,4
21822506566750,2018-01-01,3
21822506574500,2018-01-01,3
21822506575500,2018-01-01,2
21822506575750,2018-01-01,2
21825006574500,2018-01-01,1
21825006575000,2018-01-01,4
21825006575250,2018-01-01,3
21825006575750,2018-01-01,1
21825006577250,2018-01-01,1
21825006577500,2018-01-01,4
21827506566750,2018-01-01,6
21827506580750,2018-01-01,2
21830006574500,2018-01-01,9
21830006574750,2018-01-01,13
21832506566750,2018-01-01,1
21832506574500,2018-01-01,9
21832506574750,2018-01-01,7
21832506575000,2018-01-01,17
21832506575250,2018-01-01,63
21832506580250,2018-01-01,1
21835006575250,2018-01-01,3
21837506574500,2018-01-01,14
21837506574750,2018-01-01,8
21837506575000,2018-01-01,9
21840006573750,2018-01-01,5
21840006574000,2018-01-01,10
21840006574250,2018-01-01,4
21840006575000,2018-01-01,1
21842506566750,2018-01-01,2
21842506573500,2018-01-01,2
21842506573750,2018-01-01,6
21842506574000,2018-01-01,2
21842506574500,2018-01-01,4
21842506575250,2018-01-01,3
21842506579750,2018-01-01,2
21845006567750,2018-01-01,3
21845006573750,2018-01-01,1
21845006574000,2018-01-01,6
21845006574250,2018-01-01,13
21845006574750,2018-01-01,4
21845006575000,2018-01-01,6
21845006579000,2018-01-01,8
21845006579250,2018-01-01,9
21845006579500,2018-01-01,8
21845006579750,2018-01-01,3
21847506567000,2018-01-01,2
21847506567500,2018-01-01,1
21847506573750,2018-01-01,4
21847506574250,2018-01-01,7
21847506579000,2018-01-01,9
21847506579250,2018-01-01,6
21850006568000,2018-01-01,2
21850006573750,2018-01-01,1
21850006574250,2018-01-01,9
21850006575500,2018-01-01,2
21850006577750,2018-01-01,3
21850006578500,2018-01-01,5
21850006578750,2018-01-01,1
21850006579000,2018-01-01,4
21852506567500,2018-01-01,2
21852506567750,2018-01-01,8
21852506568000,2018-01-01,2
21852506574500,2018-01-01,3
21852506575500,2018-01-01,4
21852506577500,2018-01-01,5
21852506578250,2018-01-01,3
21852506578500,2018-01-01,2
21855006567000,2018-01-01,4
21855006567250,2018-01-01,2
21855006567750,2018-01-01,7
21855006573500,2018-01-01,1
21855006574750,2018-01-01,8
21855006575500,2018-01-01,5
21855006576750,2018-01-01,1
21855006577500,2018-01-01,1
21855006578250,2018-01-01,10
21855006578750,2018-01-01,2
21855006579000,2018-01-01,3
21857506566750,2018-01-01,16
21857506567000,2018-01-01,8
21857506567250,2018-01-01,5
21857506569750,2018-01-01,8
21857506570000,2018-01-01,5
21857506573500,2018-01-01,2
21857506576750,2018-01-01,1
21857506578750,2018-01-01,28
21860006566750,2018-01-01,8
21860006570000,2018-01-01,3
21860006573000,2018-01-01,4
21860006573250,2018-01-01,2
21860006573500,2018-01-01,6
21860006573750,2018-01-01,10
21860006576000,2018-01-01,5
21860006576500,2018-01-01,5
21860006576750,2018-01-01,26
21860006577000,2018-01-01,41
21860006577250,2018-01-01,27
21860006577500,2018-01-01,1
21860006578250,2018-01-01,5
21860006578500,2018-01-01,7
21860006586500,2018-01-01,4
21862506567250,2018-01-01,9
21862506567500,2018-01-01,69
21862506567750,2018-01-01,15
21862506570000,2018-01-01,2
21862506573000,2018-01-01,2
21862506573250,2018-01-01,6
21862506573750,2018-01-01,1
21862506574000,2018-01-01,2
21862506574250,2018-01-01,2
21862506574500,2018-01-01,1
21862506575750,2018-01-01,2
21862506576000,2018-01-01,3
21862506576250,2018-01-01,2
21862506576750,2018-01-01,7
21862506577000,2018-01-01,52
21862506577250,2018-01-01,7
21862506577750,2018-01-01,7
21862506578000,2018-01-01,2
21865006567250,2018-01-01,7
21865006567500,2018-01-01,25
21865006570250,2018-01-01,4
21865006572000,2018-01-01,3
21865006572250,2018-01-01,3
21865006572500,2018-01-01,3
21865006572750,2018-01-01,2
21865006573250,2018-01-01,4
21865006573500,2018-01-01,3
21865006573750,2018-01-01,4
21865006574000,2018-01-01,5
21865006574250,2018-01-01,1
21865006576250,2018-01-01,3
21865006576500,2018-01-01,8
21865006577000,2018-01-01,2
21865006577500,2018-01-01,5
21865006577750,2018-01-01,4
21865006578000,2018-01-01,1
21867506567500,2018-01-01,6
21867506568250,2018-01-01,2
21867506570000,2018-01-01,5
21867506571250,2018-01-01,5
21867506571500,2018-01-01,7
21867506571750,2018-01-01,3
21867506572000,2018-01-01,3
21867506572250,2018-01-01,2
21867506572750,2018-01-01,8
21867506573000,2018-01-01,1
21867506573250,2018-01-01,2
21867506576250,2018-01-01,31
21867506576500,2018-01-01,5
21867506577000,2018-01-01,44
21867506577250,2018-01-01,77
21867506577500,2018-01-01,26
21867506586500,2018-01-01,1
21870006567500,2018-01-01,2
21870006568250,2018-01-01,4
21870006568500,2018-01-01,4
21870006569000,2018-01-01,4
21870006569750,2018-01-01,2
21870006570000,2018-01-01,2
21870006571750,2018-01-01,9
21870006572250,2018-01-01,5
21870006573000,2018-01-01,13
21870006573750,2018-01-01,9
21870006574000,2018-01-01,3
21870006576000,2018-01-01,3
21870006576250,2018-01-01,4
21870006576500,2018-01-01,2
21870006576750,2018-01-01,41
21870006577000,2018-01-01,90
21870006577250,2018-01-01,18
21872506567500,2018-01-01,3
21872506568750,2018-01-01,4
21872506571250,2018-01-01,8
21872506571500,2018-01-01,7
21872506573250,2018-01-01,8
21872506573500,2018-01-01,2
21872506574000,2018-01-01,4
21872506574750,2018-01-01,5
21872506575500,2018-01-01,7
21872506576500,2018-01-01,77
21872506576750,2018-01-01,154
21872506577000,2018-01-01,80
21875006567250,2018-01-01,1
21875006569000,2018-01-01,6
21875006573000,2018-01-01,9
21875006573250,2018-01-01,12
21875006573500,2018-01-01,7
21875006574250,2018-01-01,3
21875006574500,2018-01-01,2
21875006574750,2018-01-01,7
21875006575250,2018-01-01,8
21875006575500,2018-01-01,7
21875006576000,2018-01-01,9
21875006576250,2018-01-01,29
21875006576750,2018-01-01,135
21875006577000,2018-01-01,17
21877506567500,2018-01-01,7
21877506569000,2018-01-01,10
21877506570000,2018-01-01,3
21877506572750,2018-01-01,1
21877506573000,2018-01-01,7
21877506573500,2018-01-01,4
21877506574000,2018-01-01,1
21877506574250,2018-01-01,3
21877506574500,2018-01-01,50
21877506574750,2018-01-01,103
21877506575000,2018-01-01,8
21877506575250,2018-01-01,43
21877506575500,2018-01-01,21
21877506575750,2018-01-01,2
21877506576000,2018-01-01,71
21877506576250,2018-01-01,18
21877506576500,2018-01-01,74
21877506576750,2018-01-01,121
21880006567250,2018-01-01,2
21880006567500,2018-01-01,7
21880006568250,2018-01-01,2
21880006568500,2018-01-01,6
21880006569250,2018-01-01,3
21880006572500,2018-01-01,4
21880006573000,2018-01-01,6
21880006573250,2018-01-01,2
21880006573500,2018-01-01,6
21880006574000,2018-01-01,15
21880006574250,2018-01-01,130
21880006574500,2018-01-01,105
21880006574750,2018-01-01,89
21880006575000,2018-01-01,90
21880006575250,2018-01-01,140
21880006575500,2018-01-01,33
21880006575750,2018-01-01,11
21880006576250,2018-01-01,2
21880006576500,2018-01-01,7
21880006576750,2018-01-01,26
21882506567000,2018-01-01,2
21882506568250,2018-01-01,7
21882506569000,2018-01-01,1
21882506569250,2018-01-01,6
21882506569500,2018-01-01,6
21882506571000,2018-01-01,7
21882506572500,2018-01-01,17
21882506572750,2018-01-01,1
21882506573250,2018-01-01,19
21882506573750,2018-01-01,2
21882506574000,2018-01-01,108
21882506574250,2018-01-01,155
21882506574500,2018-01-01,92
21882506574750,2018-01-01,140
21882506575000,2018-01-01,133
21882506575250,2018-01-01,87
21882506575750,2018-01-01,9
21882506576750,2018-01-01,6
21885006569500,2018-01-01,2
21885006570000,2018-01-01,11
21885006572000,2018-01-01,5
21885006573250,2018-01-01,2
21885006573500,2018-01-01,4
21885006574000,2018-01-01,78
21885006574250,2018-01-01,66
21885006574500,2018-01-01,14
21885006574750,2018-01-01,64
21885006575000,2018-01-01,138
21885006575250,2018-01-01,8
21885006575750,2018-01-01,34
21885006576000,2018-01-01,46
21885006576750,2018-01-01,9
21885006577750,2018-01-01,14
21885006584250,2018-01-01,4
21885006586250,2018-01-01,2
21885006586500,2018-01-01,3
21885006586750,2018-01-01,12
21885006601000,2018-01-01,1
21887506567000,2018-01-01,2
21887506569750,2018-01-01,1
21887506570000,2018-01-01,5
21887506570250,2018-01-01,3
21887506572750,2018-01-01,2
21887506574750,2018-01-01,21
21887506575500,2018-01-01,28
21887506575750,2018-01-01,77
21887506576000,2018-01-01,84
21887506576250,2018-01-01,49
21887506576500,2018-01-01,2
21887506576750,2018-01-01,7
21887506577000,2018-01-01,2
21887506577500,2018-01-01,97
21887506577750,2018-01-01,96
21887506584000,2018-01-01,5
21887506584250,2018-01-01,4
21887506586750,2018-01-01,1
21887506600750,2018-01-01,2
21890006568750,2018-01-01,2
21890006569750,2018-01-01,1
21890006570000,2018-01-01,8
21890006570500,2018-01-01,1
21890006571750,2018-01-01,2
21890006574000,2018-01-01,9
21890006575250,2018-01-01,3
21890006575500,2018-01-01,75
21890006575750,2018-01-01,139
21890006576000,2018-01-01,186
21890006576250,2018-01-01,101
21890006576500,2018-01-01,3
21890006576750,2018-01-01,13
21890006577000,2018-01-01,112
21890006577250,2018-01-01,171
21890006577500,2018-01-01,125
21890006577750,2018-01-01,88
21890006578000,2018-01-01,5
21890006581750,2018-01-01,2
21890006583750,2018-01-01,4
21890006584000,2018-01-01,13
21890006584250,2018-01-01,7
21890006585000,2018-01-01,4
21890006585250,2018-01-01,1
21890006599750,2018-01-01,2
21892506571000,2018-01-01,1
21892506573000,2018-01-01,11
21892506573750,2018-01-01,6
21892506574000,2018-01-01,47
21892506575250,2018-01-01,2
21892506575500,2018-01-01,105
21892506575750,2018-01-01,162
21892506576000,2018-01-01,110
21892506576500,2018-01-01,11
21892506576750,2018-01-01,199
21892506577000,2018-01-01,277
21892506577250,2018-01-01,163
21892506577500,2018-01-01,162
21892506577750,2018-01-01,59
21892506578000,2018-01-01,23
21892506579750,2018-01-01,10
21892506580000,2018-01-01,3
21892506580750,2018-01-01,4
21892506581500,2018-01-01,21
21892506581750,2018-01-01,3
21892506582750,2018-01-01,5
21892506583250,2018-01-01,4
21892506583750,2018-01-01,7
21892506584250,2018-01-01,3
21892506585000,2018-01-01,3
21895006568000,2018-01-01,4
21895006573000,2018-01-01,1
21895006573750,2018-01-01,2
21895006574000,2018-01-01,11
21895006575000,2018-01-01,1
21895006575250,2018-01-01,2
21895006575500,2018-01-01,134
21895006575750,2018-01-01,120
21895006576000,2018-01-01,74
21895006576250,2018-01-01,148
21895006576500,2018-01-01,97
21895006576750,2018-01-01,163
21895006577000,2018-01-01,108
21895006577250,2018-01-01,73
21895006577500,2018-01-01,164
21895006577750,2018-01-01,116
21895006578000,2018-01-01,118
21895006578750,2018-01-01,2
21895006579000,2018-01-01,2
21895006579250,2018-01-01,3
21895006579500,2018-01-01,5
21895006579750,2018-01-01,1
21895006580500,2018-01-01,4
21895006581000,2018-01-01,3
21895006581250,2018-01-01,8
21895006581500,2018-01-01,9
21895006582250,2018-01-01,7
21895006582500,2018-01-01,4
21895006582750,2018-01-01,7
21895006583000,2018-01-01,5
21895006583250,2018-01-01,1
21895006583500,2018-01-01,3
21895006583750,2018-01-01,5
21895006584750,2018-01-01,2
21895006585500,2018-01-01,1
21895006586000,2018-01-01,3
21897506568000,2018-01-01,2
21897506568250,2018-01-01,2
21897506571750,2018-01-01,2
21897506574000,2018-01-01,16
21897506574250,2018-01-01,22
21897506574500,2018-01-01,22
21897506574750,2018-01-01,30
21897506575250,2018-01-01,30
21897506575500,2018-01-01,126
21897506575750,2018-01-01,81
21897506576000,2018-01-01,135
21897506576250,2018-01-01,157
21897506576500,2018-01-01,14
21897506576750,2018-01-01,183
21897506577000,2018-01-01,244
21897506577250,2018-01-01,328
21897506577500,2018-01-01,424
21897506577750,2018-01-01,28
21897506578000,2018-01-01,3
21897506578250,2018-01-01,4
21897506578500,2018-01-01,8
21897506578750,2018-01-01,9
21897506579000,2018-01-01,1
21897506579250,2018-01-01,4
21897506579750,2018-01-01,6
21897506580000,2018-01-01,1
21897506582000,2018-01-01,17
21897506582250,2018-01-01,4
21897506582500,2018-01-01,20
21897506584500,2018-01-01,3
21897506597250,2018-01-01,7
21897506597500,2018-01-01,8
21897506598000,2018-01-01,2
21897506602000,2018-01-01,2
21900006566250,2018-01-01,7
21900006566500,2018-01-01,21
21900006574250,2018-01-01,86
21900006574500,2018-01-01,119
21900006574750,2018-01-01,93
21900006575000,2018-01-01,7
21900006575250,2018-01-01,63
21900006575500,2018-01-01,44
21900006575750,2018-01-01,26
21900006576000,2018-01-01,132
21900006576250,2018-01-01,35
21900006576500,2018-01-01,14
21900006576750,2018-01-01,50
21900006577000,2018-01-01,149
21900006577250,2018-01-01,41
21900006577500,2018-01-01,2
21900006578000,2018-01-01,7
21900006578250,2018-01-01,3
21900006579250,2018-01-01,1
21900006579500,2018-01-01,6
21900006581000,2018-01-01,3
21900006581250,2018-01-01,13
21900006581500,2018-01-01,19
21900006581750,2018-01-01,18
21900006582000,2018-01-01,12
21900006582500,2018-01-01,1
21900006582750,2018-01-01,5
21900006583000,2018-01-01,5
21900006583250,2018-01-01,3
21900006583500,2018-01-01,19
21900006586000,2018-01-01,5
21900006586250,2018-01-01,2
21900006597000,2018-01-01,3
21900006603250,2018-01-01,4
21902506566500,2018-01-01,16
21902506568500,2018-01-01,1
21902506574000,2018-01-01,33
21902506574250,2018-01-01,193
21902506574500,2018-01-01,137
21902506574750,2018-01-01,45
21902506575000,2018-01-01,23
21902506575250,2018-01-01,49
21902506575500,2018-01-01,107
21902506575750,2018-01-01,96
21902506576000,2018-01-01,85
21902506576250,2018-01-01,66
21902506576500,2018-01-01,34
21902506576750,2018-01-01,114
21902506577000,2018-01-01,84
21902506577250,2018-01-01,9
21902506577500,2018-01-01,1
21902506577750,2018-01-01,6
21902506578000,2018-01-01,11
21902506578500,2018-01-01,10
21902506578750,2018-01-01,9
21902506579000,2018-01-01,7
21902506579500,2018-01-01,6
21902506579750,2018-01-01,8
21902506580000,2018-01-01,16
21902506580250,2018-01-01,9
21902506580500,2018-01-01,78
21902506580750,2018-01-01,103
21902506581000,2018-01-01,4
21902506581250,2018-01-01,5
21902506581500,2018-01-01,4
21902506582750,2018-01-01,23
21902506583000,2018-01-01,4
21902506583500,2018-01-01,16
21902506583750,2018-01-01,20
21902506585500,2018-01-01,1
21902506586000,2018-01-01,2
21902506586250,2018-01-01,5
21902506587500,2018-01-01,4
21902506597750,2018-01-01,2
21902506602500,2018-01-01,5
21905006566250,2018-01-01,21
21905006566500,2018-01-01,47
21905006567250,2018-01-01,1
21905006568500,2018-01-01,10
21905006572750,2018-01-01,6
21905006573000,2018-01-01,59
21905006573250,2018-01-01,44
21905006573500,2018-01-01,7
21905006573750,2018-01-01,54
21905006574000,2018-01-01,162
21905006574250,2018-01-01,179
21905006574500,2018-01-01,73
21905006574750,2018-01-01,29
21905006575000,2018-01-01,18
21905006575250,2018-01-01,91
21905006575500,2018-01-01,133
21905006575750,2018-01-01,127
21905006576000,2018-01-01,136
21905006576250,2018-01-01,100
21905006576500,2018-01-01,13
21905006577000,2018-01-01,2
21905006577250,2018-01-01,4
21905006577750,2018-01-01,11
21905006578000,2018-01-01,38
21905006578250,2018-01-01,1
21905006579000,2018-01-01,29
21905006579250,2018-01-01,42
21905006579500,2018-01-01,95
21905006579750,2018-01-01,95
21905006580000,2018-01-01,41
21905006580250,2018-01-01,75
21905006580500,2018-01-01,55
21905006580750,2018-01-01,8
21905006581500,2018-01-01,10
21905006582250,2018-01-01,2
21905006582500,2018-01-01,40
21905006582750,2018-01-01,53
21905006583000,2018-01-01,21
21905006583250,2018-01-01,2
21905006583500,2018-01-01,2
21905006583750,2018-01-01,27
21905006584000,2018-01-01,2
21905006584250,2018-01-01,2
21905006584750,2018-01-01,5
21905006585000,2018-01-01,18
21905006585500,2018-01-01,4
21905006596250,2018-01-01,3
21907506566250,2018-01-01,12
21907506566500,2018-01-01,7
21907506567000,2018-01-01,10
21907506567250,2018-01-01,5
21907506568500,2018-01-01,1
21907506572750,2018-01-01,20
21907506573000,2018-01-01,91
21907506573250,2018-01-01,103
21907506573500,2018-01-01,92
21907506573750,2018-01-01,137
21907506574000,2018-01-01,55
21907506574250,2018-01-01,26
21907506575000,2018-01-01,33
21907506575250,2018-01-01,148
21907506575500,2018-01-01,87
21907506575750,2018-01-01,66
21907506576000,2018-01-01,29
21907506576250,2018-01-01,81
21907506576500,2018-01-01,164
21907506576750,2018-01-01,173
21907506577000,2018-01-01,17
21907506578250,2018-01-01,11
21907506578500,2018-01-01,15
21907506578750,2018-01-01,36
21907506579000,2018-01-01,9
21907506579250,2018-01-01,22
21907506579500,2018-01-01,12
21907506580250,2018-01-01,6
21907506581000,2018-01-01,3
21907506581250,2018-01-01,5
21907506581500,2018-01-01,3
21907506581750,2018-01-01,2
21907506582000,2018-01-01,6
21907506582500,2018-01-01,8
21907506583000,2018-01-01,7
21907506583750,2018-01-01,6
21907506584000,2018-01-01,4
21907506584250,2018-01-01,10
21907506584500,2018-01-01,3
21907506584750,2018-01-01,6
21907506585000,2018-01-01,9
21907506585250,2018-01-01,3
21907506597000,2018-01-01,3
21910006567000,2018-01-01,3
21910006567750,2018-01-01,1
21910006568000,2018-01-01,3
21910006568250,2018-01-01,9
21910006573250,2018-01-01,14
21910006573500,2018-01-01,165
21910006573750,2018-01-01,108
21910006575000,2018-01-01,25
21910006575250,2018-01-01,111
21910006575500,2018-01-01,98
21910006575750,2018-01-01,142
21910006576000,2018-01-01,153
21910006576250,2018-01-01,158
21910006576500,2018-01-01,329
21910006576750,2018-01-01,190
21910006577000,2018-01-01,7
21910006577750,2018-01-01,5
21910006578000,2018-01-01,35
21910006578250,2018-01-01,21
21910006578500,2018-01-01,63
21910006578750,2018-01-01,9
21910006579750,2018-01-01,11
21910006580250,2018-01-01,8
21910006580500,2018-01-01,16
21910006580750,2018-01-01,6
21910006581000,2018-01-01,4
21910006581250,2018-01-01,4
21910006581750,2018-01-01,3
21910006584500,2018-01-01,1
21910006584750,2018-01-01,4
21912506567750,2018-01-01,9
21912506568000,2018-01-01,11
21912506568250,2018-01-01,5
21912506572000,2018-01-01,1
21912506572500,2018-01-01,3
21912506574750,2018-01-01,77
21912506575000,2018-01-01,101
21912506575250,2018-01-01,177
21912506575500,2018-01-01,131
21912506575750,2018-01-01,132
21912506576000,2018-01-01,65
21912506576500,2018-01-01,43
21912506576750,2018-01-01,488
21912506577000,2018-01-01,66
21912506577250,2018-01-01,98
21912506577500,2018-01-01,24
21912506577750,2018-01-01,13
21912506578500,2018-01-01,5
21912506578750,2018-01-01,56
21912506579000,2018-01-01,42
21912506579250,2018-01-01,33
21912506579500,2018-01-01,52
21912506579750,2018-01-01,49
21912506580000,2018-01-01,39
21912506580250,2018-01-01,3
21912506580500,2018-01-01,6
21912506581000,2018-01-01,3
21912506581250,2018-01-01,6
21912506581750,2018-01-01,5
21912506582000,2018-01-01,4
21915006566500,2018-01-01,5
21915006567500,2018-01-01,4
21915006568500,2018-01-01,4
21915006569250,2018-01-01,7
21915006569500,2018-01-01,1
21915006570500,2018-01-01,4
21915006572500,2018-01-01,32
21915006572750,2018-01-01,45
21915006573000,2018-01-01,99
21915006573250,2018-01-01,161
21915006573500,2018-01-01,12
21915006573750,2018-01-01,2
21915006574000,2018-01-01,76
21915006574250,2018-01-01,14
21915006574750,2018-01-01,120
21915006575000,2018-01-01,178
21915006575250,2018-01-01,177
21915006575500,2018-01-01,134
21915006575750,2018-01-01,110
21915006576000,2018-01-01,210
21915006576250,2018-01-01,91
21915006576500,2018-01-01,47
21915006576750,2018-01-01,87
21915006577000,2018-01-01,87
21915006577250,2018-01-01,84
21915006577750,2018-01-01,18
21915006578000,2018-01-01,83
21915006578250,2018-01-01,142
21915006578500,2018-01-01,131
21915006578750,2018-01-01,33
21915006579000,2018-01-01,117
21915006579250,2018-01-01,102
21915006579500,2018-01-01,60
21915006579750,2018-01-01,2
21915006580000,2018-01-01,2
21915006580250,2018-01-01,5
21915006580500,2018-01-01,1
21915006580750,2018-01-01,2
21915006581000,2018-01-01,7
21915006581500,2018-01-01,5
21915006582000,2018-01-01,5
21915006596000,2018-01-01,2
21917506566750,2018-01-01,32
21917506567000,2018-01-01,1
21917506567500,2018-01-01,2
21917506567750,2018-01-01,10
21917506568250,2018-01-01,6
21917506568500,2018-01-01,17
21917506568750,2018-01-01,65
21917506569000,2018-01-01,99
21917506569250,2018-01-01,216
21917506569500,2018-01-01,223
21917506570000,2018-01-01,5
21917506570500,2018-01-01,3
21917506571250,2018-01-01,4
21917506571750,2018-01-01,14
21917506572000,2018-01-01,46
21917506572250,2018-01-01,24
21917506572500,2018-01-01,86
21917506572750,2018-01-01,99
21917506573000,2018-01-01,111
21917506573250,2018-01-01,66
21917506573500,2018-01-01,143
21917506573750,2018-01-01,91
21917506574000,2018-01-01,183
21917506574250,2018-01-01,59
21917506574750,2018-01-01,66
21917506575000,2018-01-01,255
21917506575250,2018-01-01,154
21917506575500,2018-01-01,49
21917506575750,2018-01-01,158
21917506576000,2018-01-01,224
21917506576250,2018-01-01,233
21917506576500,2018-01-01,162
21917506576750,2018-01-01,79
21917506577250,2018-01-01,40
21917506577500,2018-01-01,115
21917506577750,2018-01-01,156
21917506578000,2018-01-01,99
21917506578250,2018-01-01,111
21917506578500,2018-01-01,96
21917506578750,2018-01-01,4
21917506579000,2018-01-01,6
21917506580250,2018-01-01,4
21917506580500,2018-01-01,7
21917506581500,2018-01-01,1
21917506595750,2018-01-01,1
21920006566750,2018-01-01,7
21920006567000,2018-01-01,67
21920006567250,2018-01-01,29
21920006567500,2018-01-01,15
21920006568000,2018-01-01,1
21920006568250,2018-01-01,3
21920006568500,2018-01-01,42
21920006568750,2018-01-01,202
21920006569000,2018-01-01,269
21920006569250,2018-01-01,120
21920006569500,2018-01-01,100
21920006570000,2018-01-01,2
21920006570250,2018-01-01,5
21920006570750,2018-01-01,9
21920006571250,2018-01-01,3
21920006571500,2018-01-01,2
21920006571750,2018-01-01,74
21920006572000,2018-01-01,7
21920006572250,2018-01-01,23
21920006572500,2018-01-01,16
21920006572750,2018-01-01,27
21920006573000,2018-01-01,164
21920006573250,2018-01-01,243
21920006573500,2018-01-01,101
21920006573750,2018-01-01,99
21920006574000,2018-01-01,163
21920006574250,2018-01-01,268
21920006574500,2018-01-01,212
21920006574750,2018-01-01,26
21920006575000,2018-01-01,122
21920006575250,2018-01-01,306
21920006575500,2018-01-01,108
21920006575750,2018-01-01,235
21920006576000,2018-01-01,170
21920006576250,2018-01-01,388
21920006576500,2018-01-01,315
21920006576750,2018-01-01,68
21920006577000,2018-01-01,41
21920006577250,2018-01-01,175
21920006577500,2018-01-01,127
21920006577750,2018-01-01,45
21920006578000,2018-01-01,4
21920006578500,2018-01-01,10
21920006578750,2018-01-01,3
21920006579500,2018-01-01,3
21920006580000,2018-01-01,2
21920006580250,2018-01-01,4
21920006580500,2018-01-01,5
21920006580750,2018-01-01,3
21920006581500,2018-01-01,12
21920006581750,2018-01-01,6
21922506567000,2018-01-01,57
21922506567250,2018-01-01,143
21922506567500,2018-01-01,32
21922506568500,2018-01-01,54
21922506568750,2018-01-01,122
21922506569250,2018-01-01,315
21922506569500,2018-01-01,176
21922506569750,2018-01-01,47
21922506570250,2018-01-01,3
21922506570500,2018-01-01,5
21922506570750,2018-01-01,16
21922506571750,2018-01-01,16
21922506572000,2018-01-01,117
21922506572250,2018-01-01,123
21922506572500,2018-01-01,185
21922506572750,2018-01-01,136
21922506573000,2018-01-01,81
21922506573250,2018-01-01,128
21922506573500,2018-01-01,179
21922506573750,2018-01-01,161
21922506574000,2018-01-01,232
21922506574250,2018-01-01,144
21922506574750,2018-01-01,93
21922506575000,2018-01-01,37
21922506575250,2018-01-01,22
21922506575500,2018-01-01,236
21922506575750,2018-01-01,172
21922506576000,2018-01-01,131
21922506576250,2018-01-01,188
21922506576500,2018-01-01,88
21922506576750,2018-01-01,81
21922506577250,2018-01-01,5
21922506577500,2018-01-01,11
21922506577750,2018-01-01,54
21922506578000,2018-01-01,95
21922506578250,2018-01-01,52
21922506578750,2018-01-01,5
21922506579250,2018-01-01,6
21922506579500,2018-01-01,2
21922506579750,2018-01-01,2
21922506580000,2018-01-01,7
21922506580500,2018-01-01,4
21922506580750,2018-01-01,3
21925006567250,2018-01-01,20
21925006567500,2018-01-01,55
21925006568000,2018-01-01,31
21925006568500,2018-01-01,93
21925006568750,2018-01-01,83
21925006569000,2018-01-01,99
21925006569250,2018-01-01,32
21925006569500,2018-01-01,152
21925006569750,2018-01-01,31
21925006570000,2018-01-01,6
21925006570250,2018-01-01,1
21925006571750,2018-01-01,49
21925006572000,2018-01-01,180
21925006572250,2018-01-01,175
21925006572500,2018-01-01,134
21925006572750,2018-01-01,114
21925006573000,2018-01-01,88
21925006573250,2018-01-01,163
21925006573500,2018-01-01,187
21925006573750,2018-01-01,239
21925006574000,2018-01-01,154
21925006574500,2018-01-01,1
21925006574750,2018-01-01,25
21925006575000,2018-01-01,55
21925006575250,2018-01-01,220
21925006575500,2018-01-01,153
21925006575750,2018-01-01,204
21925006576000,2018-01-01,203
21925006576250,2018-01-01,74
21925006576500,2018-01-01,115
21925006576750,2018-01-01,157
21925006577000,2018-01-01,78
21925006577500,2018-01-01,10
21925006579000,2018-01-01,7
21925006579250,2018-01-01,4
21925006579500,2018-01-01,1
21925006580250,2018-01-01,4
21925006580500,2018-01-01,7
21925006580750,2018-01-01,7
21925006581000,2018-01-01,2
21925006581250,2018-01-01,1
21925006581500,2018-01-01,6
21925006582000,2018-01-01,1
21925006582250,2018-01-01,1
21925006582500,2018-01-01,24
21925006582750,2018-01-01,3
21927506567500,2018-01-01,3
21927506567750,2018-01-01,16
21927506568000,2018-01-01,25
21927506568250,2018-01-01,23
21927506568500,2018-01-01,149
21927506568750,2018-01-01,151
21927506569000,2018-01-01,195
21927506569250,2018-01-01,61
21927506569500,2018-01-01,142
21927506569750,2018-01-01,21
21927506570000,2018-01-01,13
21927506570250,2018-01-01,39
21927506570500,2018-01-01,129
21927506570750,2018-01-01,21
21927506571500,2018-01-01,2
21927506571750,2018-01-01,3
21927506572000,2018-01-01,153
21927506572250,2018-01-01,110
21927506572500,2018-01-01,24
21927506572750,2018-01-01,10
21927506573000,2018-01-01,127
21927506573250,2018-01-01,98
21927506573500,2018-01-01,96
21927506573750,2018-01-01,107
21927506574000,2018-01-01,37
21927506574250,2018-01-01,26
21927506574500,2018-01-01,152
21927506574750,2018-01-01,196
21927506575000,2018-01-01,223
21927506575250,2018-01-01,176
21927506575500,2018-01-01,147
21927506575750,2018-01-01,49
21927506576000,2018-01-01,51
21927506576250,2018-01-01,78
21927506576500,2018-01-01,82
21927506576750,2018-01-01,12
21927506578750,2018-01-01,9
21927506579000,2018-01-01,8
21927506579250,2018-01-01,2
21927506579750,2018-01-01,4
21927506580000,2018-01-01,9
21927506580250,2018-01-01,8
21927506580500,2018-01-01,6
21927506580750,2018-01-01,2
21927506581000,2018-01-01,4
21927506581250,2018-01-01,1
21927506581750,2018-01-01,9
21927506582000,2018-01-01,7
21927506582250,2018-01-01,5
21927506582500,2018-01-01,3
21930006566750,2018-01-01,51
21930006567000,2018-01-01,177
21930006567250,2018-01-01,18
21930006567500,2018-01-01,15
21930006567750,2018-01-01,183
21930006568000,2018-01-01,119
21930006568250,2018-01-01,66
21930006568500,2018-01-01,123
21930006568750,2018-01-01,23
21930006569000,2018-01-01,55
21930006569250,2018-01-01,122
21930006569500,2018-01-01,100
21930006569750,2018-01-01,77
21930006570000,2018-01-01,55
21930006570250,2018-01-01,59
21930006570500,2018-01-01,208
21930006570750,2018-01-01,144
21930006571000,2018-01-01,17
21930006571500,2018-01-01,5
21930006571750,2018-01-01,45
21930006572000,2018-01-01,73
21930006573250,2018-01-01,4
21930006573500,2018-01-01,45
21930006573750,2018-01-01,175
21930006574000,2018-01-01,111
21930006574250,2018-01-01,129
21930006574500,2018-01-01,154
21930006574750,2018-01-01,137
21930006575000,2018-01-01,137
21930006575250,2018-01-01,101
21930006575500,2018-01-01,166
21930006575750,2018-01-01,133
21930006576000,2018-01-01,111
21930006576250,2018-01-01,130
21930006576500,2018-01-01,34
21930006578500,2018-01-01,1
21930006578750,2018-01-01,22
21930006579500,2018-01-01,5
21930006579750,2018-01-01,2
21930006581000,2018-01-01,5
21930006581250,2018-01-01,4
21932506560500,2018-01-01,2
21932506561250,2018-01-01,3
21932506561750,2018-01-01,2
21932506562000,2018-01-01,8
21932506562500,2018-01-01,4
21932506564250,2018-01-01,2
21932506564500,2018-01-01,50
21932506564750,2018-01-01,42
21932506566250,2018-01-01,26
21932506566500,2018-01-01,60
21932506566750,2018-01-01,198
21932506567000,2018-01-01,187
21932506567250,2018-01-01,109
21932506567500,2018-01-01,6
21932506567750,2018-01-01,92
21932506568000,2018-01-01,211
21932506568250,2018-01-01,176
21932506568500,2018-01-01,69
21932506568750,2018-01-01,200
21932506569000,2018-01-01,75
21932506569250,2018-01-01,135
21932506569500,2018-01-01,174
21932506569750,2018-01-01,189
21932506570000,2018-01-01,133
21932506570250,2018-01-01,70
21932506570500,2018-01-01,62
21932506570750,2018-01-01,115
21932506571000,2018-01-01,143
21932506571250,2018-01-01,71
21932506571500,2018-01-01,14
21932506571750,2018-01-01,36
21932506572000,2018-01-01,8
21932506572250,2018-01-01,19
21932506572500,2018-01-01,69
21932506572750,2018-01-01,85
21932506573000,2018-01-01,140
21932506573250,2018-01-01,94
21932506573500,2018-01-01,37
21932506573750,2018-01-01,82
21932506574000,2018-01-01,82
21932506574250,2018-01-01,152
21932506574500,2018-01-01,128
21932506574750,2018-01-01,131
21932506575000,2018-01-01,151
21932506575250,2018-01-01,137
21932506575500,2018-01-01,87
21932506575750,2018-01-01,51
21932506576000,2018-01-01,22
21932506576250,2018-01-01,2
21932506578250,2018-01-01,4
21932506578500,2018-01-01,14
21932506578750,2018-01-01,11
21932506580750,2018-01-01,6
21932506581250,2018-01-01,7
21935006560750,2018-01-01,2
21935006561250,2018-01-01,11
21935006562250,2018-01-01,18
21935006562500,2018-01-01,16
21935006564000,2018-01-01,20
21935006564250,2018-01-01,90
21935006564500,2018-01-01,163
21935006564750,2018-01-01,83
21935006565000,2018-01-01,12
21935006566000,2018-01-01,23
21935006566250,2018-01-01,142
21935006566500,2018-01-01,180
21935006566750,2018-01-01,162
21935006567000,2018-01-01,135
21935006567250,2018-01-01,12
21935006567500,2018-01-01,65
21935006568000,2018-01-01,48
21935006568250,2018-01-01,283
21935006568500,2018-01-01,146
21935006568750,2018-01-01,98
21935006569000,2018-01-01,54
21935006569250,2018-01-01,70
21935006569500,2018-01-01,100
21935006569750,2018-01-01,124
21935006570000,2018-01-01,109
21935006570250,2018-01-01,14
21935006570750,2018-01-01,15
21935006571000,2018-01-01,68
21935006571250,2018-01-01,7
21935006571500,2018-01-01,1
21935006572000,2018-01-01,20
21935006572250,2018-01-01,153
21935006572500,2018-01-01,119
21935006572750,2018-01-01,122
21935006573000,2018-01-01,123
21935006573250,2018-01-01,2
21935006573500,2018-01-01,3
21935006573750,2018-01-01,8
21935006574000,2018-01-01,143
21935006574250,2018-01-01,43
21935006574500,2018-01-01,95
21935006574750,2018-01-01,51
21935006575000,2018-01-01,48
21935006575250,2018-01-01,11
21935006577000,2018-01-01,5
21935006577500,2018-01-01,3
21935006577750,2018-01-01,9
21935006578250,2018-01-01,24
21935006578500,2018-01-01,15
21935006578750,2018-01-01,19
21935006581000,2018-01-01,11
21937506560000,2018-01-01,3
21937506560250,2018-01-01,2
21937506560750,2018-01-01,5
21937506561250,2018-01-01,4
21937506561500,2018-01-01,2
21937506561750,2018-01-01,12
21937506562000,2018-01-01,1
21937506563750,2018-01-01,58
21937506564000,2018-01-01,115
21937506564250,2018-01-01,163
21937506564500,2018-01-01,139
21937506564750,2018-01-01,155
21937506565000,2018-01-01,87
21937506565250,2018-01-01,13
21937506565500,2018-01-01,47
21937506565750,2018-01-01,38
21937506566000,2018-01-01,96
21937506566250,2018-01-01,141
21937506566500,2018-01-01,134
21937506566750,2018-01-01,104
21937506567000,2018-01-01,235
21937506567250,2018-01-01,114
21937506567500,2018-01-01,229
21937506567750,2018-01-01,267
21937506568000,2018-01-01,135
21937506568250,2018-01-01,207
21937506568500,2018-01-01,153
21937506568750,2018-01-01,179
21937506569000,2018-01-01,131
21937506569250,2018-01-01,50
21937506569500,2018-01-01,165
21937506569750,2018-01-01,45
21937506570000,2018-01-01,4
21937506570250,2018-01-01,3
21937506570500,2018-01-01,185
21937506570750,2018-01-01,12
21937506571750,2018-01-01,69
21937506572000,2018-01-01,124
21937506572250,2018-01-01,177
21937506572500,2018-01-01,99
21937506572750,2018-01-01,26
21937506573000,2018-01-01,2
21937506573250,2018-01-01,4
21937506573500,2018-01-01,12
21937506573750,2018-01-01,1
21937506574000,2018-01-01,13
21937506574250,2018-01-01,1
21937506574500,2018-01-01,6
21937506574750,2018-01-01,2
21937506575000,2018-01-01,16
21937506575250,2018-01-01,7
21937506576500,2018-01-01,8
21937506576750,2018-01-01,21
21937506577000,2018-01-01,7
21937506577250,2018-01-01,19
21937506577500,2018-01-01,12
21937506577750,2018-01-01,5
21937506578000,2018-01-01,7
21937506578500,2018-01-01,4
21937506578750,2018-01-01,8
21937506579250,2018-01-01,1
21937506580000,2018-01-01,1
21937506580250,2018-01-01,2
21940006560000,2018-01-01,3
21940006560250,2018-01-01,26
21940006560750,2018-01-01,14
21940006561000,2018-01-01,21
21940006561250,2018-01-01,14
21940006561500,2018-01-01,20
21940006562000,2018-01-01,7
21940006562250,2018-01-01,5
21940006563750,2018-01-01,101
21940006564000,2018-01-01,95
21940006564250,2018-01-01,93
21940006564500,2018-01-01,134
21940006564750,2018-01-01,81
21940006565000,2018-01-01,51
21940006565250,2018-01-01,60
21940006565500,2018-01-01,49
21940006565750,2018-01-01,67
21940006566000,2018-01-01,104
21940006566250,2018-01-01,132
21940006566500,2018-01-01,116
21940006566750,2018-01-01,111
21940006567000,2018-01-01,264
21940006567250,2018-01-01,155
21940006567500,2018-01-01,172
21940006567750,2018-01-01,72
21940006568000,2018-01-01,125
21940006568250,2018-01-01,152
21940006568500,2018-01-01,168
21940006568750,2018-01-01,97
21940006569000,2018-01-01,76
21940006569250,2018-01-01,42
21940006569500,2018-01-01,18
21940006570000,2018-01-01,2
21940006570250,2018-01-01,30
21940006570500,2018-01-01,156
21940006570750,2018-01-01,117
21940006571000,2018-01-01,35
21940006571250,2018-01-01,51
21940006571500,2018-01-01,111
21940006571750,2018-01-01,160
21940006572000,2018-01-01,72
21940006572250,2018-01-01,36
21940006572500,2018-01-01,10
21940006572750,2018-01-01,15
21940006573000,2018-01-01,6
21940006573250,2018-01-01,19
21940006573500,2018-01-01,2
21940006573750,2018-01-01,6
21940006576000,2018-01-01,16
21940006576250,2018-01-01,30
21940006576500,2018-01-01,70
21940006576750,2018-01-01,59
21940006577000,2018-01-01,4
21940006577250,2018-01-01,3
21940006577500,2018-01-01,1
21940006578000,2018-01-01,14
21940006578250,2018-01-01,9
21940006578500,2018-01-01,3
21940006578750,2018-01-01,20
21940006579000,2018-01-01,6
21940006579250,2018-01-01,6
21940006580250,2018-01-01,2
21940006581000,2018-01-01,7
21940006581250,2018-01-01,5
21942506560000,2018-01-01,3
21942506560250,2018-01-01,10
21942506560750,2018-01-01,2
21942506561500,2018-01-01,3
21942506561750,2018-01-01,2
21942506563000,2018-01-01,6
21942506563750,2018-01-01,134
21942506564000,2018-01-01,79
21942506564250,2018-01-01,38
21942506564500,2018-01-01,75
21942506564750,2018-01-01,103
21942506565000,2018-01-01,190
21942506565250,2018-01-01,102
21942506565500,2018-01-01,66
21942506565750,2018-01-01,153
21942506566000,2018-01-01,170
21942506566250,2018-01-01,130
21942506566500,2018-01-01,165
21942506566750,2018-01-01,55
21942506567000,2018-01-01,144
21942506567250,2018-01-01,164
21942506567500,2018-01-01,186
21942506567750,2018-01-01,108
21942506568000,2018-01-01,83
21942506568250,2018-01-01,58
21942506568500,2018-01-01,53
21942506568750,2018-01-01,56
21942506569000,2018-01-01,55
21942506569250,2018-01-01,72
21942506569500,2018-01-01,21
21942506570000,2018-01-01,5
21942506570250,2018-01-01,17
21942506570500,2018-01-01,99
21942506570750,2018-01-01,149
21942506571000,2018-01-01,171
21942506571250,2018-01-01,136
21942506571500,2018-01-01,143
21942506571750,2018-01-01,135
21942506572000,2018-01-01,79
21942506572250,2018-01-01,10
21942506572750,2018-01-01,8
21942506576000,2018-01-01,8
21942506576250,2018-01-01,2
21942506576500,2018-01-01,10
21942506576750,2018-01-01,48
21942506577000,2018-01-01,2
21942506577500,2018-01-01,8
21942506578000,2018-01-01,6
21942506578500,2018-01-01,26
21942506578750,2018-01-01,13
21942506579000,2018-01-01,2
21942506579500,2018-01-01,14
21942506579750,2018-01-01,5
21942506580000,2018-01-01,3
21942506580250,2018-01-01,6
21942506580500,2018-01-01,3
21945006560500,2018-01-01,4
21945006561000,2018-01-01,70
21945006561250,2018-01-01,165
21945006561500,2018-01-01,5
21945006562500,2018-01-01,1
21945006563000,2018-01-01,52
21945006563250,2018-01-01,49
21945006563750,2018-01-01,175
21945006564000,2018-01-01,23
21945006564250,2018-01-01,59
21945006564500,2018-01-01,157
21945006564750,2018-01-01,213
21945006565000,2018-01-01,224
21945006565250,2018-01-01,139
21945006565500,2018-01-01,113
21945006565750,2018-01-01,65
21945006566000,2018-01-01,15
21945006566750,2018-01-01,131
21945006567000,2018-01-01,151
21945006567250,2018-01-01,151
21945006567500,2018-01-01,137
21945006567750,2018-01-01,64
21945006568000,2018-01-01,69
21945006568250,2018-01-01,141
21945006568500,2018-01-01,229
21945006568750,2018-01-01,170
21945006569000,2018-01-01,153
21945006569250,2018-01-01,179
21945006569500,2018-01-01,119
21945006569750,2018-01-01,22
21945006570250,2018-01-01,11
21945006570500,2018-01-01,63
21945006570750,2018-01-01,166
21945006571000,2018-01-01,137
21945006571250,2018-01-01,147
21945006571500,2018-01-01,58
21945006572000,2018-01-01,2
21945006572250,2018-01-01,14
21945006575250,2018-01-01,2
21945006575500,2018-01-01,6
21945006575750,2018-01-01,5
21945006576250,2018-01-01,11
21945006576500,2018-01-01,10
21945006577250,2018-01-01,1
21945006577750,2018-01-01,2
21945006578250,2018-01-01,3
21945006578750,2018-01-01,2
21945006579000,2018-01-01,2
21945006579250,2018-01-01,6
21945006580500,2018-01-01,6
21945006580750,2018-01-01,4
21945006581000,2018-01-01,9
21947506558250,2018-01-01,23
21947506560500,2018-01-01,21
21947506560750,2018-01-01,58
21947506561000,2018-01-01,81
21947506561250,2018-01-01,120
21947506561500,2018-01-01,87
21947506561750,2018-01-01,18
21947506562500,2018-01-01,11
21947506562750,2018-01-01,58
21947506563000,2018-01-01,131
21947506563250,2018-01-01,40
21947506563500,2018-01-01,11
21947506563750,2018-01-01,92
21947506564000,2018-01-01,78
21947506564250,2018-01-01,127
21947506564500,2018-01-01,8
21947506564750,2018-01-01,186
21947506565000,2018-01-01,17
21947506565250,2018-01-01,23
21947506565500,2018-01-01,33
21947506566750,2018-01-01,114
21947506567000,2018-01-01,160
21947506567250,2018-01-01,41
21947506567500,2018-01-01,114
21947506567750,2018-01-01,32
21947506568000,2018-01-01,121
21947506568250,2018-01-01,311
21947506568500,2018-01-01,240
21947506568750,2018-01-01,61
21947506569000,2018-01-01,207
21947506569250,2018-01-01,194
21947506569500,2018-01-01,223
21947506569750,2018-01-01,118
21947506570000,2018-01-01,37
21947506570250,2018-01-01,79
21947506570750,2018-01-01,41
21947506571000,2018-01-01,78
21947506571250,2018-01-01,50
21947506571500,2018-01-01,21
21947506572250,2018-01-01,5
21947506572750,2018-01-01,2
21947506574750,2018-01-01,3
21947506575000,2018-01-01,9
21947506575250,2018-01-01,5
21947506576500,2018-01-01,3
21947506578250,2018-01-01,4
21947506578500,2018-01-01,6
21947506578750,2018-01-01,1
21947506579000,2018-01-01,2
21947506579250,2018-01-01,1
21947506579500,2018-01-01,2
21947506579750,2018-01-01,4
21947506580500,2018-01-01,4
21947506586500,2018-01-01,1
21947506586750,2018-01-01,4
21947506587000,2018-01-01,14
21950006558000,2018-01-01,4
21950006558250,2018-01-01,52
21950006560250,2018-01-01,21
21950006560500,2018-01-01,14
21950006560750,2018-01-01,88
21950006561000,2018-01-01,112
21950006561250,2018-01-01,99
21950006561500,2018-01-01,94
21950006561750,2018-01-01,146
21950006562000,2018-01-01,14
21950006562250,2018-01-01,19
21950006562500,2018-01-01,80
21950006562750,2018-01-01,146
21950006563000,2018-01-01,147
21950006563750,2018-01-01,27
21950006564000,2018-01-01,204
21950006564250,2018-01-01,211
21950006564500,2018-01-01,131
21950006565250,2018-01-01,51
21950006565500,2018-01-01,2
21950006566750,2018-01-01,89
21950006567000,2018-01-01,134
21950006567250,2018-01-01,59
21950006567500,2018-01-01,37
21950006568000,2018-01-01,17
21950006568250,2018-01-01,250
21950006568500,2018-01-01,209
21950006568750,2018-01-01,113
21950006569000,2018-01-01,50
21950006569500,2018-01-01,47
21950006569750,2018-01-01,125
21950006570000,2018-01-01,169
21950006570250,2018-01-01,110
21950006570500,2018-01-01,240
21950006570750,2018-01-01,26
21950006571000,2018-01-01,1
21950006571250,2018-01-01,9
21950006571750,2018-01-01,3
21950006572000,2018-01-01,5
21950006574500,2018-01-01,2
21950006574750,2018-01-01,22
21950006575000,2018-01-01,13
21950006577250,2018-01-01,3
21950006578750,2018-01-01,6
21950006579000,2018-01-01,1
21950006579250,2018-01-01,6
21950006579500,2018-01-01,4
21950006579750,2018-01-01,3
21950006580000,2018-01-01,1
21950006580500,2018-01-01,1
21950006581000,2018-01-01,8
21950006581250,2018-01-01,4
21950006586500,2018-01-01,11
21950006586750,2018-01-01,5
21950006587000,2018-01-01,8
21950006587250,2018-01-01,4
21952506558250,2018-01-01,43
21952506558500,2018-01-01,8
21952506558750,2018-01-01,73
21952506559500,2018-01-01,3
21952506559750,2018-01-01,16
21952506560000,2018-01-01,14
21952506560250,2018-01-01,34
21952506560500,2018-01-01,31
21952506560750,2018-01-01,127
21952506561000,2018-01-01,97
21952506561250,2018-01-01,65
21952506561500,2018-01-01,5
21952506562000,2018-01-01,14
21952506562250,2018-01-01,27
21952506562500,2018-01-01,131
21952506562750,2018-01-01,65
21952506563000,2018-01-01,69
21952506563250,2018-01-01,14
21952506563500,2018-01-01,35
21952506563750,2018-01-01,74
21952506564000,2018-01-01,121
21952506564250,2018-01-01,107
21952506564500,2018-01-01,40
21952506564750,2018-01-01,3
21952506565000,2018-01-01,18
21952506565250,2018-01-01,82
21952506566500,2018-01-01,11
21952506566750,2018-01-01,171
21952506567000,2018-01-01,139
21952506567250,2018-01-01,20
21952506568000,2018-01-01,50
21952506568250,2018-01-01,43
21952506568500,2018-01-01,167
21952506568750,2018-01-01,237
21952506569000,2018-01-01,130
21952506569500,2018-01-01,3
21952506569750,2018-01-01,135
21952506570000,2018-01-01,110
21952506570250,2018-01-01,68
21952506570500,2018-01-01,55
21952506570750,2018-01-01,27
21952506571000,2018-01-01,10
21952506572750,2018-01-01,5
21952506574250,2018-01-01,1
21952506574500,2018-01-01,13
21952506574750,2018-01-01,3
21952506577000,2018-01-01,4
21952506578750,2018-01-01,6
21952506579000,2018-01-01,3
21952506579250,2018-01-01,10
21952506580000,2018-01-01,8
21952506587250,2018-01-01,9
21952506587500,2018-01-01,3
21955006557750,2018-01-01,4
21955006558000,2018-01-01,34
21955006558250,2018-01-01,117
21955006558500,2018-01-01,36
21955006558750,2018-01-01,8
21955006559250,2018-01-01,7
21955006559500,2018-01-01,79
21955006559750,2018-01-01,15
21955006560250,2018-01-01,94
21955006560500,2018-01-01,127
21955006560750,2018-01-01,122
21955006561000,2018-01-01,91
21955006561250,2018-01-01,139
21955006561500,2018-01-01,116
21955006561750,2018-01-01,87
21955006562000,2018-01-01,82
21955006562250,2018-01-01,136
21955006562500,2018-01-01,88
21955006562750,2018-01-01,42
21955006563000,2018-01-01,11
21955006563250,2018-01-01,86
21955006563500,2018-01-01,117
21955006563750,2018-01-01,93
21955006564000,2018-01-01,77
21955006564250,2018-01-01,104
21955006564500,2018-01-01,6
21955006564750,2018-01-01,2
21955006565000,2018-01-01,2
21955006566250,2018-01-01,2
21955006566500,2018-01-01,5
21955006566750,2018-01-01,55
21955006567000,2018-01-01,23
21955006567500,2018-01-01,7
21955006567750,2018-01-01,12
21955006568250,2018-01-01,1
21955006568500,2018-01-01,88
21955006568750,2018-01-01,102
21955006569000,2018-01-01,173
21955006569250,2018-01-01,12
21955006570250,2018-01-01,5
21955006570500,2018-01-01,12
21955006570750,2018-01-01,6
21955006571000,2018-01-01,10
21955006571250,2018-01-01,9
21955006572750,2018-01-01,5
21955006573250,2018-01-01,5
21955006574000,2018-01-01,2
21955006574250,2018-01-01,1
21955006579000,2018-01-01,12
21955006579250,2018-01-01,18
21955006579500,2018-01-01,1
21955006580000,2018-01-01,11
21955006580250,2018-01-01,3
21955006587000,2018-01-01,5
21955006587250,2018-01-01,5
21955006587500,2018-01-01,2
21957506557750,2018-01-01,100
21957506558000,2018-01-01,201
21957506558250,2018-01-01,50
21957506558500,2018-01-01,89
21957506558750,2018-01-01,51
21957506559500,2018-01-01,10
21957506559750,2018-01-01,2
21957506560250,2018-01-01,47
21957506560500,2018-01-01,26
21957506560750,2018-01-01,106
21957506561000,2018-01-01,47
21957506561250,2018-01-01,106
21957506561500,2018-01-01,159
21957506561750,2018-01-01,120
21957506562000,2018-01-01,94
21957506562250,2018-01-01,104
21957506562500,2018-01-01,76
21957506562750,2018-01-01,61
21957506563000,2018-01-01,127
21957506563250,2018-01-01,41
21957506563500,2018-01-01,36
21957506563750,2018-01-01,98
21957506564000,2018-01-01,93
21957506564250,2018-01-01,79
21957506564750,2018-01-01,2
21957506565000,2018-01-01,12
21957506565250,2018-01-01,36
21957506565500,2018-01-01,60
21957506566500,2018-01-01,4
21957506566750,2018-01-01,5
21957506567500,2018-01-01,3
21957506568250,2018-01-01,6
21957506568500,2018-01-01,2
21957506568750,2018-01-01,12
21957506569000,2018-01-01,7
21957506569250,2018-01-01,138
21957506570000,2018-01-01,6
21957506570500,2018-01-01,1
21957506570750,2018-01-01,5
21957506571000,2018-01-01,3
21957506572750,2018-01-01,2
21957506573000,2018-01-01,4
21957506573250,2018-01-01,7
21957506574000,2018-01-01,7
21957506574250,2018-01-01,11
21957506579000,2018-01-01,6
21957506579250,2018-01-01,2
21957506579500,2018-01-01,3
21957506587000,2018-01-01,3
21957506587250,2018-01-01,26
21957506587500,2018-01-01,13
21957506587750,2018-01-01,9
21957506588000,2018-01-01,12
21960006557750,2018-01-01,89
21960006558000,2018-01-01,192
21960006558250,2018-01-01,206
21960006558500,2018-01-01,143
21960006558750,2018-01-01,25
21960006560500,2018-01-01,79
21960006560750,2018-01-01,84
21960006561250,2018-01-01,88
21960006561500,2018-01-01,144
21960006561750,2018-01-01,103
21960006562000,2018-01-01,130
21960006562250,2018-01-01,53
21960006562500,2018-01-01,59
21960006562750,2018-01-01,33
21960006563000,2018-01-01,109
21960006563250,2018-01-01,27
21960006563750,2018-01-01,40
21960006564000,2018-01-01,157
21960006564250,2018-01-01,49
21960006564500,2018-01-01,33
21960006564750,2018-01-01,24
21960006565000,2018-01-01,86
21960006565250,2018-01-01,121
21960006565500,2018-01-01,90
21960006565750,2018-01-01,33
21960006566250,2018-01-01,12
21960006566500,2018-01-01,12
21960006567750,2018-01-01,5
21960006568000,2018-01-01,12
21960006568250,2018-01-01,27
21960006568500,2018-01-01,5
21960006568750,2018-01-01,15
21960006569000,2018-01-01,4
21960006569250,2018-01-01,84
21960006569500,2018-01-01,9
21960006569750,2018-01-01,12
21960006570500,2018-01-01,3
21960006571500,2018-01-01,5
21960006571750,2018-01-01,5
21960006572000,2018-01-01,5
21960006572250,2018-01-01,6
21960006572500,2018-01-01,11
21960006572750,2018-01-01,14
21960006573250,2018-01-01,1
21960006573750,2018-01-01,3
21960006574000,2018-01-01,5
21960006574250,2018-01-01,2
21960006586000,2018-01-01,3
21960006586250,2018-01-01,1
21960006586500,2018-01-01,1
21960006587000,2018-01-01,13
21960006587250,2018-01-01,6
21960006587500,2018-01-01,3
21960006588000,2018-01-01,8
21962506557750,2018-01-01,113
21962506558000,2018-01-01,87
21962506558250,2018-01-01,134
21962506558500,2018-01-01,16
21962506561750,2018-01-01,33
21962506562000,2018-01-01,30
21962506562250,2018-01-01,5
21962506563000,2018-01-01,19
21962506563250,2018-01-01,76
21962506563500,2018-01-01,67
21962506563750,2018-01-01,42
21962506564000,2018-01-01,57
21962506564250,2018-01-01,41
21962506564500,2018-01-01,134
21962506564750,2018-01-01,64
21962506565000,2018-01-01,65
21962506565250,2018-01-01,92
21962506565500,2018-01-01,143
21962506565750,2018-01-01,99
21962506566000,2018-01-01,78
21962506566250,2018-01-01,66
21962506566750,2018-01-01,3
21962506567250,2018-01-01,8
21962506567500,2018-01-01,3
21962506568500,2018-01-01,1
21962506568750,2018-01-01,4
21962506569000,2018-01-01,20
21962506569250,2018-01-01,21
21962506569500,2018-01-01,50
21962506569750,2018-01-01,35
21962506570000,2018-01-01,23
21962506570250,2018-01-01,8
21962506570500,2018-01-01,6
21962506570750,2018-01-01,5
21962506571250,2018-01-01,4
21962506571750,2018-01-01,3
21962506572500,2018-01-01,10
21962506572750,2018-01-01,3
21962506573250,2018-01-01,4
21962506573500,2018-01-01,2
21962506586000,2018-01-01,2
21962506586500,2018-01-01,7
21962506586750,2018-01-01,1
21962506587500,2018-01-01,7
21962506587750,2018-01-01,14
21965006557750,2018-01-01,94
21965006558000,2018-01-01,24
21965006563250,2018-01-01,8
21965006563500,2018-01-01,25
21965006563750,2018-01-01,72
21965006564000,2018-01-01,51
21965006564250,2018-01-01,46
21965006564500,2018-01-01,97
21965006564750,2018-01-01,79
21965006565000,2018-01-01,5
21965006565250,2018-01-01,52
21965006565500,2018-01-01,31
21965006565750,2018-01-01,19
21965006566000,2018-01-01,203
21965006566250,2018-01-01,33
21965006568750,2018-01-01,2
21965006569000,2018-01-01,12
21965006569250,2018-01-01,11
21965006569750,2018-01-01,10
21965006570000,2018-01-01,2
21965006571000,2018-01-01,7
21965006571250,2018-01-01,8
21965006572250,2018-01-01,4
21965006572500,2018-01-01,1
21965006573250,2018-01-01,1
21965006573500,2018-01-01,12
21965006573750,2018-01-01,3
21965006586000,2018-01-01,5
21965006586500,2018-01-01,1
21965006586750,2018-01-01,4
21965006587000,2018-01-01,3
21965006587750,2018-01-01,9
21965006588000,2018-01-01,8
21967506564000,2018-01-01,13
21967506564250,2018-01-01,57
21967506564500,2018-01-01,10
21967506564750,2018-01-01,38
21967506565750,2018-01-01,11
21967506566000,2018-01-01,25
21967506569250,2018-01-01,5
21967506570750,2018-01-01,8
21967506571250,2018-01-01,6
21967506571500,2018-01-01,4
21967506572000,2018-01-01,3
21967506574500,2018-01-01,12
21967506574750,2018-01-01,3
21967506580750,2018-01-01,2
21967506591500,2018-01-01,2
21967506591750,2018-01-01,1
21967506592250,2018-01-01,4
21970006564250,2018-01-01,34
21970006564500,2018-01-01,2
21970006564750,2018-01-01,6
21970006565750,2018-01-01,1
21970006568500,2018-01-01,6
21970006569000,2018-01-01,12
21970006569250,2018-01-01,20
21970006569500,2018-01-01,4
21970006570250,2018-01-01,13
21970006570500,2018-01-01,8
21970006571000,2018-01-01,4
21970006571250,2018-01-01,8
21970006574750,2018-01-01,1
21970006575000,2018-01-01,9
21970006575250,2018-01-01,5
21970006575500,2018-01-01,1
21970006575750,2018-01-01,5
21970006580500,2018-01-01,4
21970006580750,2018-01-01,7
21970006581000,2018-01-01,7
21970006585000,2018-01-01,5
21970006585250,2018-01-01,4
21972506557750,2018-01-01,1
21972506559750,2018-01-01,1
21972506560750,2018-01-01,2
21972506561000,2018-01-01,1
21972506561500,2018-01-01,3
21972506561750,2018-01-01,2
21972506562000,2018-01-01,8
21972506562250,2018-01-01,21
21972506562500,2018-01-01,14
21972506564250,2018-01-01,7
21972506564500,2018-01-01,15
21972506565750,2018-01-01,5
21972506569250,2018-01-01,7
21972506569500,2018-01-01,2
21972506569750,2018-01-01,2
21972506570000,2018-01-01,16
21972506570250,2018-01-01,6
21972506571250,2018-01-01,3
21972506571500,2018-01-01,4
21972506572250,2018-01-01,1
21972506574500,2018-01-01,6
21972506581000,2018-01-01,3
21972506581250,2018-01-01,8
21972506584750,2018-01-01,1
21972506585000,2018-01-01,8
21975006557500,2018-01-01,8
21975006557750,2018-01-01,16
21975006560500,2018-01-01,4
21975006561000,2018-01-01,3
21975006561250,2018-01-01,26
21975006561500,2018-01-01,36
21975006561750,2018-01-01,29
21975006562000,2018-01-01,15
21975006562250,2018-01-01,6
21975006562500,2018-01-01,17
21975006562750,2018-01-01,19
21975006563000,2018-01-01,9
21975006563250,2018-01-01,36
21975006563500,2018-01-01,6
21975006563750,2018-01-01,4
21975006564000,2018-01-01,17
21975006564250,2018-01-01,14
21975006564500,2018-01-01,1
21975006564750,2018-01-01,21
21975006565250,2018-01-01,4
21975006565750,2018-01-01,18
21975006566000,2018-01-01,2
21975006569500,2018-01-01,4
21975006570000,2018-01-01,1
21975006571000,2018-01-01,1
21975006571500,2018-01-01,1
21975006571750,2018-01-01,5
21975006572000,2018-01-01,2
21975006581250,2018-01-01,3
21975006584000,2018-01-01,1
21975006584250,2018-01-01,8
21975006584500,2018-01-01,6
21975006584750,2018-01-01,4
21977506557000,2018-01-01,25
21977506557250,2018-01-01,57
21977506557500,2018-01-01,52
21977506557750,2018-01-01,16
21977506560000,2018-01-01,3
21977506560250,2018-01-01,2
21977506560500,2018-01-01,10
21977506561250,2018-01-01,5
21977506561500,2018-01-01,68
21977506561750,2018-01-01,13
21977506562750,2018-01-01,2
21977506563250,2018-01-01,19
21977506563500,2018-01-01,39
21977506563750,2018-01-01,34
21977506564000,2018-01-01,16
21977506564250,2018-01-01,32
21977506564500,2018-01-01,20
21977506565000,2018-01-01,8
21977506565250,2018-01-01,2
21977506566000,2018-01-01,4
21977506566250,2018-01-01,12
21977506570000,2018-01-01,5
21977506571500,2018-01-01,2
21977506572250,2018-01-01,1
21977506572500,2018-01-01,2
21977506581250,2018-01-01,53
21977506581500,2018-01-01,23
21977506584000,2018-01-01,2
21977506584500,2018-01-01,5
21977506584750,2018-01-01,10
21977506585000,2018-01-01,2
21977506593250,2018-01-01,1
21980006556750,2018-01-01,2
21980006557000,2018-01-01,19
21980006557250,2018-01-01,32
21980006557500,2018-01-01,13
21980006559250,2018-01-01,2
21980006560500,2018-01-01,4
21980006561000,2018-01-01,4
21980006564750,2018-01-01,3
21980006565250,2018-01-01,14
21980006566250,2018-01-01,4
21980006566500,2018-01-01,17
21980006566750,2018-01-01,3
21980006569750,2018-01-01,10
21980006572250,2018-01-01,6
21980006581250,2018-01-01,22
21980006581500,2018-01-01,17
21980006582000,2018-01-01,35
21980006582250,2018-01-01,88
21980006582500,2018-01-01,72
21980006582750,2018-01-01,10
21980006583250,2018-01-01,4
21980006584000,2018-01-01,1
21980006584250,2018-01-01,4
21980006584500,2018-01-01,15
21980006584750,2018-01-01,1
21982506556750,2018-01-01,2
21982506557000,2018-01-01,9
21982506557250,2018-01-01,14
21982506557500,2018-01-01,3
21982506557750,2018-01-01,2
21982506560000,2018-01-01,6
21982506560750,2018-01-01,3
21982506561000,2018-01-01,7
21982506565250,2018-01-01,6
21982506565500,2018-01-01,1
21982506566250,2018-01-01,2
21982506566500,2018-01-01,23
21982506566750,2018-01-01,46
21982506567000,2018-01-01,3
21982506567250,2018-01-01,3
21982506570750,2018-01-01,4
21982506573250,2018-01-01,4
21982506574000,2018-01-01,3
21982506581250,2018-01-01,35
21982506582000,2018-01-01,65
21982506582250,2018-01-01,72
21982506582500,2018-01-01,66
21982506582750,2018-01-01,47
21982506583000,2018-01-01,14
21982506584000,2018-01-01,3
21982506584250,2018-01-01,16
21982506584500,2018-01-01,3
21985006557250,2018-01-01,17
21985006557500,2018-01-01,5
21985006566500,2018-01-01,8
21985006566750,2018-01-01,13
21985006567250,2018-01-01,2
21985006567500,2018-01-01,3
21985006567750,2018-01-01,3
21985006570750,2018-01-01,6
21985006573750,2018-01-01,9
21985006575250,2018-01-01,3
21985006575500,2018-01-01,2
21985006582250,2018-01-01,7
21985006582500,2018-01-01,32
21985006583000,2018-01-01,5
21985006583250,2018-01-01,6
21985006583500,2018-01-01,9
21985006583750,2018-01-01,4
21985006584000,2018-01-01,7
21985006584250,2018-01-01,18
21985006584500,2018-01-01,26
21987506557000,2018-01-01,1
21987506557250,2018-01-01,11
21987506561250,2018-01-01,12
21987506562000,2018-01-01,1
21987506562250,2018-01-01,3
21987506566500,2018-01-01,1
21987506567000,2018-01-01,11
21987506567250,2018-01-01,2
21987506567500,2018-01-01,8
21987506568000,2018-01-01,20
21987506568250,2018-01-01,16
21987506571250,2018-01-01,1
21987506582000,2018-01-01,87
21987506582250,2018-01-01,43
21987506582500,2018-01-01,21
21987506582750,2018-01-01,18
21987506583000,2018-01-01,2
21987506583500,2018-01-01,3
21987506584000,2018-01-01,7
21987506584250,2018-01-01,87
21987506584500,2018-01-01,35
21990006561250,2018-01-01,4
21990006562250,2018-01-01,3
21990006563250,2018-01-01,4
21990006567500,2018-01-01,11
21990006568000,2018-01-01,7
21990006568250,2018-01-01,3
21990006568500,2018-01-01,5
21990006570750,2018-01-01,2
21990006571250,2018-01-01,2
21990006573750,2018-01-01,1
21990006582250,2018-01-01,19
21990006584000,2018-01-01,9
21990006584250,2018-01-01,86
21990006584500,2018-01-01,18
21992506559750,2018-01-01,7
21992506560000,2018-01-01,5
21992506561250,2018-01-01,4
21992506563250,2018-01-01,4
21992506568500,2018-01-01,2
21992506568750,2018-01-01,2
21992506569000,2018-01-01,7
21992506582000,2018-01-01,1
21992506582250,2018-01-01,77
21992506582500,2018-01-01,28
21992506583750,2018-01-01,4
21992506584000,2018-01-01,3
21992506584250,2018-01-01,7
21995006558250,2018-01-01,4
21995006558500,2018-01-01,3
21995006563750,2018-01-01,3
21995006569250,2018-01-01,1
21995006569500,2018-01-01,4
21995006569750,2018-01-01,2
21995006582000,2018-01-01,9
21995006582250,2018-01-01,27
21995006582500,2018-01-01,10
21995006582750,2018-01-01,3
21995006583000,2018-01-01,2
21995006583500,2018-01-01,1
21995006583750,2018-01-01,8
21995006584250,2018-01-01,1
21995006596500,2018-01-01,3
21997506569250,2018-01-01,2
21997506570000,2018-01-01,9
21997506582250,2018-01-01,14
21997506582750,2018-01-01,76
21997506583000,2018-01-01,35
21997506583500,2018-01-01,9
22000006558000,2018-01-01,2
22000006569750,2018-01-01,2
22000006570250,2018-01-01,6
22000006581250,2018-01-01,6
22000006581500,2018-01-01,20
22000006581750,2018-01-01,1
22000006582750,2018-01-01,27
22000006583000,2018-01-01,44
22000006583250,2018-01-01,14
22000006583500,2018-01-01,15
22002506557000,2018-01-01,7
22002506570750,2018-01-01,7
22002506581000,2018-01-01,2
22002506581250,2018-01-01,10
22002506582000,2018-01-01,3
22002506582250,2018-01-01,6
22002506583000,2018-01-01,9
22002506583500,2018-01-01,1
22005006557000,2018-01-01,1
22005006570750,2018-01-01,2
22005006581000,2018-01-01,1
22005006581500,2018-01-01,1
22005006581750,2018-01-01,1
22005006582000,2018-01-01,5
22005006583500,2018-01-01,7
22005006583750,2018-01-01,11
22007506562750,2018-01-01,10
22007506571250,2018-01-01,4
22007506581000,2018-01-01,3
22007506581500,2018-01-01,3
22007506581750,2018-01-01,5
22007506582000,2018-01-01,3
22007506583500,2018-01-01,10
22007506583750,2018-01-01,6
22010006557750,2018-01-01,1
22010006559750,2018-01-01,2
22010006562500,2018-01-01,1
22010006580500,2018-01-01,1
22010006580750,2018-01-01,1
22010006581000,2018-01-01,2
22010006581250,2018-01-01,6
22010006581500,2018-01-01,5
22010006583500,2018-01-01,3
22012506562000,2018-01-01,2
22012506562250,2018-01-01,2
22012506562500,2018-01-01,1
22012506571500,2018-01-01,2
22012506579250,2018-01-01,1
22012506579750,2018-01-01,1
22012506580000,2018-01-01,6
22012506580250,2018-01-01,2
22012506580750,2018-01-01,1
22015006560500,2018-01-01,2
22015006561000,2018-01-01,12
22015006561250,2018-01-01,3
22015006579250,2018-01-01,6
22015006579500,2018-01-01,21
22015006579750,2018-01-01,13
22015006580000,2018-01-01,3
22015006580500,2018-01-01,2
22017506561250,2018-01-01,7
22017506561500,2018-01-01,22
22017506561750,2018-01-01,7
22017506566500,2018-01-01,4
22017506571500,2018-01-01,3
22017506572000,2018-01-01,3
22017506579500,2018-01-01,2
22017506579750,2018-01-01,3
22017506580000,2018-01-01,6
22017506580250,2018-01-01,1
22017506583250,2018-01-01,2
22020006560500,2018-01-01,1
22020006560750,2018-01-01,3
22020006561500,2018-01-01,2
22020006561750,2018-01-01,21
22020006563000,2018-01-01,5
22020006563250,2018-01-01,2
22020006566000,2018-01-01,4
22020006566500,2018-01-01,2
22020006566750,2018-01-01,1
22020006578750,2018-01-01,3
22020006580000,2018-01-01,5
22022506555750,2018-01-01,5
22022506558750,2018-01-01,2
22022506561000,2018-01-01,16
22022506561250,2018-01-01,50
22022506561500,2018-01-01,32
22022506561750,2018-01-01,16
22022506563500,2018-01-01,7
22022506564250,2018-01-01,2
22022506564750,2018-01-01,9
22022506565000,2018-01-01,12
22022506567000,2018-01-01,5
22022506572500,2018-01-01,2
22022506572750,2018-01-01,3
22022506578500,2018-01-01,5
22022506578750,2018-01-01,7
22022506583000,2018-01-01,2
22025006560750,2018-01-01,8
22025006561000,2018-01-01,46
22025006561250,2018-01-01,27
22025006561500,2018-01-01,2
22025006561750,2018-01-01,29
22025006562000,2018-01-01,21
22025006562250,2018-01-01,3
22025006562750,2018-01-01,9
22025006563000,2018-01-01,1
22025006563250,2018-01-01,6
22025006563500,2018-01-01,2
22025006567750,2018-01-01,7
22025006568500,2018-01-01,2
22025006572500,2018-01-01,1
22025006578500,2018-01-01,4
22025006578750,2018-01-01,4
22025006579000,2018-01-01,8
22025006583000,2018-01-01,4
22027506560500,2018-01-01,57
22027506560750,2018-01-01,79
22027506561000,2018-01-01,8
22027506562000,2018-01-01,3
22027506563000,2018-01-01,4
22027506568750,2018-01-01,4
22027506569500,2018-01-01,4
22027506578500,2018-01-01,2
22027506578750,2018-01-01,11
22027506583250,2018-01-01,1
22030006560500,2018-01-01,61
22030006560750,2018-01-01,5
22030006563250,2018-01-01,3
22030006568000,2018-01-01,1
22030006578750,2018-01-01,2
22030006579000,2018-01-01,4
22032506559250,2018-01-01,7
22032506560500,2018-01-01,2
22032506560750,2018-01-01,4
22032506571000,2018-01-01,9
22032506571250,2018-01-01,3
22032506571500,2018-01-01,6
22032506572000,2018-01-01,13
22035006558750,2018-01-01,7
22035006560500,2018-01-01,5
22035006569750,2018-01-01,5
22035006570500,2018-01-01,7
22035006570750,2018-01-01,18
22035006571000,2018-01-01,16
22035006571250,2018-01-01,10
22035006571500,2018-01-01,9
22035006571750,2018-01-01,3
22035006578000,2018-01-01,2
22035006578750,2018-01-01,8
22035006579000,2018-01-01,3
22037506560250,2018-01-01,4
22037506560500,2018-01-01,3
22037506564750,2018-01-01,6
22037506570250,2018-01-01,12
22037506570500,2018-01-01,3
22037506570750,2018-01-01,2
22037506571000,2018-01-01,3
22037506571250,2018-01-01,4
22037506578250,2018-01-01,1
22037506578500,2018-01-01,2
22037506579250,2018-01-01,4
22040006557000,2018-01-01,3
22040006557250,2018-01-01,1
22040006560250,2018-01-01,17
22040006560500,2018-01-01,8
22040006569500,2018-01-01,4
22040006570000,2018-01-01,3
22040006570750,2018-01-01,4
22040006578250,2018-01-01,4
22040006578500,2018-01-01,17
22042506560250,2018-01-01,2
22042506569750,2018-01-01,1
22042506570000,2018-01-01,6
22042506570500,2018-01-01,1
22042506578500,2018-01-01,9
22045006570000,2018-01-01,2
22045006570250,2018-01-01,3
22045006578250,2018-01-01,2
22045006578500,2018-01-01,3
22045006578750,2018-01-01,5
22047506561750,2018-01-01,2
22047506570000,2018-01-01,3
22047506575000,2018-01-01,1
22047506575500,2018-01-01,5
22047506576500,2018-01-01,3
22047506577000,2018-01-01,4
22047506579000,2018-01-01,5
22047506579250,2018-01-01,4
22050006570000,2018-01-01,2
22050006570250,2018-01-01,4
22050006576250,2018-01-01,1
22052506570000,2018-01-01,5
22052506577250,2018-01-01,2
22052506577500,2018-01-01,2
22055006570000,2018-01-01,3
22055006575000,2018-01-01,3
22057506570000,2018-01-01,2
22057506577250,2018-01-01,8
22060006569750,2018-01-01,4
22060006577250,2018-01-01,6
22060006577500,2018-01-01,5
22062506575750,2018-01-01,2
22062506576000,2018-01-01,1
22062506576750,2018-01-01,1
22065006570000,2018-01-01,2
22067506570750,2018-01-01,3
22067506571000,2018-01-01,3
22072506576750,2018-01-01,4
22075006576500,2018-01-01,4
22075006576750,2018-01-01,3
21720006570000,2019-01-01,2
21722506568750,2019-01-01,1
21722506570000,2019-01-01,2
21725006570000,2019-01-01,1
21760006568000,2019-01-01,6
21760006568500,2019-01-01,6
21762506567750,2019-01-01,4
21762506568000,2019-01-01,12
21765006573500,2019-01-01,4
21765006587750,2019-01-01,3
21767506588250,2019-01-01,3
21767506588750,2019-01-01,3
21767506589000,2019-01-01,5
21770006567250,2019-01-01,2
21770006573000,2019-01-01,2
21770006589250,2019-01-01,13
21772506567000,2019-01-01,6
21772506567500,2019-01-01,3
21772506567750,2019-01-01,6
21772506573500,2019-01-01,4
21772506588000,2019-01-01,6
21772506588250,2019-01-01,15
21772506588750,2019-01-01,15
21772506589000,2019-01-01,1
21772506589250,2019-01-01,1
21772506589500,2019-01-01,2
21772506589750,2019-01-01,2
21775006561500,2019-01-01,1
21775006563500,2019-01-01,2
21775006567000,2019-01-01,6
21775006567500,2019-01-01,4
21775006587750,2019-01-01,1
21775006588000,2019-01-01,2
21775006588500,2019-01-01,3
21775006588750,2019-01-01,4
21775006589000,2019-01-01,6
21775006589500,2019-01-01,4
21777506572750,2019-01-01,1
21777506588250,2019-01-01,17
21777506588750,2019-01-01,2
21777506589000,2019-01-01,7
21777506589250,2019-01-01,4
21780006562500,2019-01-01,2
21780006565750,2019-01-01,4
21780006572500,2019-01-01,3
21780006572750,2019-01-01,6
21782506571500,2019-01-01,2
21782506572000,2019-01-01,4
21782506572250,2019-01-01,4
21782506572500,2019-01-01,2
21785006562500,2019-01-01,3
21785006567000,2019-01-01,1
21785006572250,2019-01-01,5
21785006575250,2019-01-01,2
21785006588250,2019-01-01,3
21785006591500,2019-01-01,5
21785006591750,2019-01-01,1
21787506562250,2019-01-01,4
21787506562500,2019-01-01,5
21787506567000,2019-01-01,4
21787506567250,2019-01-01,7
21787506572250,2019-01-01,2
21787506572500,2019-01-01,4
21787506577750,2019-01-01,1
21787506587250,2019-01-01,2
21790006562500,2019-01-01,1
21790006567750,2019-01-01,7
21790006572750,2019-01-01,5
21792506566750,2019-01-01,3
21792506567250,2019-01-01,1
21792506567500,2019-01-01,9
21792506567750,2019-01-01,2
21792506570750,2019-01-01,3
21792506572000,2019-01-01,10
21792506572250,2019-01-01,8
21792506572500,2019-01-01,1
21792506573000,2019-01-01,4
21792506573750,2019-01-01,1
21792506575250,2019-01-01,4
21792506578000,2019-01-01,2
21792506578250,2019-01-01,8
21795006564750,2019-01-01,6
21795006571000,2019-01-01,2
21795006571250,2019-01-01,4
21795006571750,2019-01-01,7
21795006572000,2019-01-01,5
21795006573000,2019-01-01,2
21795006573250,2019-01-01,1
21795006573750,2019-01-01,2
21795006574500,2019-01-01,4
21797506564250,2019-01-01,2
21797506564500,2019-01-01,3
21797506567250,2019-01-01,2
21797506571250,2019-01-01,3
21797506571500,2019-01-01,2
21797506571750,2019-01-01,4
21797506574000,2019-01-01,6
21797506574750,2019-01-01,4
21797506575000,2019-01-01,4
21797506578000,2019-01-01,5
21800006564250,2019-01-01,5
21800006573000,2019-01-01,1
21800006575250,2019-01-01,3
21800006577500,2019-01-01,4
21800006578000,2019-01-01,12
21800006585750,2019-01-01,1
21802506564000,2019-01-01,12
21802506566250,2019-01-01,2
21802506575000,2019-01-01,5
21802506575250,2019-01-01,10
21802506576000,2019-01-01,2
21802506577000,2019-01-01,2
21802506577250,2019-01-01,2
21802506585250,2019-01-01,3
21802506585750,2019-01-01,3
21802506586250,2019-01-01,4
21805006564000,2019-01-01,4
21805006566250,2019-01-01,3
21805006571250,2019-01-01,1
21805006574250,2019-01-01,1
21805006574750,2019-01-01,3
21805006575750,2019-01-01,1
21805006576000,2019-01-01,2
21805006576250,2019-01-01,2
21805006576500,2019-01-01,4
21805006577000,2019-01-01,1
21805006578250,2019-01-01,3
21805006585750,2019-01-01,1
21805006586250,2019-01-01,7
21807506561750,2019-01-01,8
21807506563250,2019-01-01,4
21807506563500,2019-01-01,4
21807506563750,2019-01-01,6
21807506574750,2019-01-01,3
21807506576000,2019-01-01,2
21807506576250,2019-01-01,9
21807506576500,2019-01-01,9
21807506576750,2019-01-01,13
21807506577750,2019-01-01,4
21807506578250,2019-01-01,3
21807506585500,2019-01-01,2
21810006563000,2019-01-01,4
21810006564750,2019-01-01,2
21810006565000,2019-01-01,34
21810006565250,2019-01-01,4
21810006574500,2019-01-01,8
21810006575000,2019-01-01,1
21810006576000,2019-01-01,5
21810006576250,2019-01-01,16
21810006576500,2019-01-01,14
21810006577500,2019-01-01,5
21810006578000,2019-01-01,2
21812506560500,2019-01-01,1
21812506565000,2019-01-01,27
21812506565250,2019-01-01,6
21812506565750,2019-01-01,6
21812506566000,2019-01-01,2
21812506566250,2019-01-01,2
21812506567000,2019-01-01,7
21812506567250,2019-01-01,6
21812506576250,2019-01-01,2
21812506576500,2019-01-01,11
21812506576750,2019-01-01,19
21812506577250,2019-01-01,8
21812506577500,2019-01-01,2
21812506577750,2019-01-01,6
21812506578000,2019-01-01,2
21812506578250,2019-01-01,4
21815006564000,2019-01-01,5
21815006564500,2019-01-01,2
21815006565750,2019-01-01,3
21815006566000,2019-01-01,2
21815006567000,2019-01-01,2
21815006576500,2019-01-01,13
21815006576750,2019-01-01,19
21815006577000,2019-01-01,23
21815006577250,2019-01-01,2
21815006577500,2019-01-01,24
21815006577750,2019-01-01,3
21815006578000,2019-01-01,4
21815006578250,2019-01-01,4
21817506577000,2019-01-01,1
21817506577500,2019-01-01,6
21817506577750,2019-01-01,4
21820006572750,2019-01-01,2
21820006574750,2019-01-01,2
21820006577250,2019-01-01,4
21822506563750,2019-01-01,4
21822506566750,2019-01-01,3
21822506574500,2019-01-01,3
21822506575500,2019-01-01,2
21822506575750,2019-01-01,2
21825006574500,2019-01-01,2
21825006575000,2019-01-01,4
21825006575250,2019-01-01,3
21825006575750,2019-01-01,1
21825006577250,2019-01-01,1
21825006577500,2019-01-01,4
21827506566750,2019-01-01,6
21827506580750,2019-01-01,1
21830006574500,2019-01-01,9
21830006574750,2019-01-01,13
21832506566750,2019-01-01,1
21832506574500,2019-01-01,12
21832506574750,2019-01-01,7
21832506575000,2019-01-01,17
21832506575250,2019-01-01,69
21832506580250,2019-01-01,1
21835006575250,2019-01-01,6
21837506574500,2019-01-01,13
21837506574750,2019-01-01,6
21837506575000,2019-01-01,8
21840006573750,2019-01-01,5
21840006574000,2019-01-01,10
21840006574250,2019-01-01,4
21840006575000,2019-01-01,1
21842506566750,2019-01-01,3
21842506573500,2019-01-01,2
21842506573750,2019-01-01,5
21842506574000,2019-01-01,2
21842506574500,2019-01-01,4
21842506575250,2019-01-01,3
21842506579750,2019-01-01,2
21845006567750,2019-01-01,3
21845006573750,2019-01-01,1
21845006574000,2019-01-01,6
21845006574250,2019-01-01,11
21845006574750,2019-01-01,4
21845006575000,2019-01-01,6
21845006579000,2019-01-01,9
21845006579250,2019-01-01,10
21845006579500,2019-01-01,10
21845006579750,2019-01-01,3
21847506567000,2019-01-01,2
21847506567500,2019-01-01,1
21847506573750,2019-01-01,4
21847506574250,2019-01-01,7
21847506579000,2019-01-01,9
21847506579250,2019-01-01,5
21850006568000,2019-01-01,2
21850006573750,2019-01-01,1
21850006574250,2019-01-01,8
21850006575500,2019-01-01,4
21850006577750,2019-01-01,3
21850006578500,2019-01-01,5
21850006578750,2019-01-01,1
21850006579000,2019-01-01,4
21852506567500,2019-01-01,2
21852506567750,2019-01-01,7
21852506568000,2019-01-01,2
21852506574500,2019-01-01,3
21852506575500,2019-01-01,4
21852506577500,2019-01-01,5
21852506578250,2019-01-01,3
21852506578500,2019-01-01,2
21855006567000,2019-01-01,4
21855006567250,2019-01-01,2
21855006567750,2019-01-01,7
21855006573500,2019-01-01,1
21855006574750,2019-01-01,7
21855006575500,2019-01-01,3
21855006576750,2019-01-01,1
21855006578250,2019-01-01,10
21855006578750,2019-01-01,1
21855006579000,2019-01-01,3
21857506566750,2019-01-01,15
21857506567000,2019-01-01,14
21857506567250,2019-01-01,4
21857506569750,2019-01-01,7
21857506570000,2019-01-01,5
21857506573500,2019-01-01,1
21857506578750,2019-01-01,26
21860006566750,2019-01-01,8
21860006570000,2019-01-01,3
21860006573000,2019-01-01,4
21860006573250,2019-01-01,3
21860006573500,2019-01-01,6
21860006573750,2019-01-01,9
21860006576000,2019-01-01,5
21860006576500,2019-01-01,6
21860006576750,2019-01-01,23
21860006577000,2019-01-01,36
21860006577250,2019-01-01,23
21860006577500,2019-01-01,1
21860006578250,2019-01-01,5
21860006578500,2019-01-01,7
21860006586500,2019-01-01,5
21862506567250,2019-01-01,8
21862506567500,2019-01-01,71
21862506567750,2019-01-01,14
21862506570000,2019-01-01,2
21862506573000,2019-01-01,2
21862506573250,2019-01-01,8
21862506573750,2019-01-01,1
21862506574000,2019-01-01,2
21862506574250,2019-01-01,2
21862506574500,2019-01-01,1
21862506575750,2019-01-01,2
21862506576000,2019-01-01,4
21862506576250,2019-01-01,2
21862506576750,2019-01-01,6
21862506577000,2019-01-01,52
21862506577250,2019-01-01,9
21862506577750,2019-01-01,7
21862506578000,2019-01-01,2
21865006567250,2019-01-01,7
21865006567500,2019-01-01,29
21865006570250,2019-01-01,4
21865006570750,2019-01-01,2
21865006572000,2019-01-01,3
21865006572250,2019-01-01,2
21865006572500,2019-01-01,3
21865006572750,2019-01-01,2
21865006573250,2019-01-01,4
21865006573500,2019-01-01,3
21865006573750,2019-01-01,4
21865006574000,2019-01-01,5
21865006574250,2019-01-01,1
21865006576250,2019-01-01,3
21865006576500,2019-01-01,8
21865006577000,2019-01-01,2
21865006577500,2019-01-01,5
21865006577750,2019-01-01,4
21865006578000,2019-01-01,1
21867506567500,2019-01-01,6
21867506568250,2019-01-01,3
21867506570000,2019-01-01,3
21867506571250,2019-01-01,5
21867506571500,2019-01-01,9
21867506571750,2019-01-01,3
21867506572000,2019-01-01,3
21867506572250,2019-01-01,2
21867506572750,2019-01-01,10
21867506573000,2019-01-01,1
21867506573250,2019-01-01,2
21867506576250,2019-01-01,30
21867506576500,2019-01-01,5
21867506577000,2019-01-01,42
21867506577250,2019-01-01,75
21867506577500,2019-01-01,27
21867506586500,2019-01-01,1
21870006567500,2019-01-01,2
21870006568250,2019-01-01,4
21870006568500,2019-01-01,4
21870006569000,2019-01-01,7
21870006569750,2019-01-01,2
21870006570000,2019-01-01,2
21870006571750,2019-01-01,9
21870006572250,2019-01-01,3
21870006573000,2019-01-01,13
21870006573750,2019-01-01,8
21870006574000,2019-01-01,4
21870006576000,2019-01-01,3
21870006576250,2019-01-01,4
21870006576500,2019-01-01,2
21870006576750,2019-01-01,42
21870006577000,2019-01-01,89
21870006577250,2019-01-01,17
21872506567500,2019-01-01,3
21872506568000,2019-01-01,3
21872506568750,2019-01-01,4
21872506571250,2019-01-01,8
21872506571500,2019-01-01,7
21872506573250,2019-01-01,8
21872506573500,2019-01-01,2
21872506574000,2019-01-01,4
21872506574750,2019-01-01,5
21872506575500,2019-01-01,7
21872506576500,2019-01-01,78
21872506576750,2019-01-01,143
21872506577000,2019-01-01,78
21875006567250,2019-01-01,1
21875006568750,2019-01-01,4
21875006569000,2019-01-01,9
21875006573000,2019-01-01,9
21875006573250,2019-01-01,11
21875006573500,2019-01-01,7
21875006574250,2019-01-01,4
21875006574500,2019-01-01,2
21875006574750,2019-01-01,7
21875006575250,2019-01-01,7
21875006575500,2019-01-01,7
21875006576000,2019-01-01,11
21875006576250,2019-01-01,42
21875006576750,2019-01-01,137
21875006577000,2019-01-01,17
21877506567500,2019-01-01,6
21877506569000,2019-01-01,8
21877506570000,2019-01-01,3
21877506572750,2019-01-01,1
21877506573000,2019-01-01,8
21877506573500,2019-01-01,4
21877506574000,2019-01-01,1
21877506574250,2019-01-01,2
21877506574500,2019-01-01,51
21877506574750,2019-01-01,95
21877506575000,2019-01-01,8
21877506575250,2019-01-01,50
21877506575500,2019-01-01,21
21877506575750,2019-01-01,2
21877506576000,2019-01-01,79
21877506576250,2019-01-01,18
21877506576500,2019-01-01,68
21877506576750,2019-01-01,120
21880006567250,2019-01-01,2
21880006567500,2019-01-01,7
21880006568250,2019-01-01,2
21880006568500,2019-01-01,7
21880006569250,2019-01-01,3
21880006572500,2019-01-01,3
21880006573000,2019-01-01,6
21880006573250,2019-01-01,2
21880006573500,2019-01-01,6
21880006574000,2019-01-01,16
21880006574250,2019-01-01,130
21880006574500,2019-01-01,101
21880006574750,2019-01-01,87
21880006575000,2019-01-01,97
21880006575250,2019-01-01,136
21880006575500,2019-01-01,31
21880006575750,2019-01-01,9
21880006576250,2019-01-01,2
21880006576500,2019-01-01,7
21880006576750,2019-01-01,25
21882506568250,2019-01-01,7
21882506569000,2019-01-01,3
21882506569250,2019-01-01,6
21882506569500,2019-01-01,4
21882506571000,2019-01-01,8
21882506572500,2019-01-01,16
21882506572750,2019-01-01,1
21882506573250,2019-01-01,15
21882506573750,2019-01-01,2
21882506574000,2019-01-01,104
21882506574250,2019-01-01,156
21882506574500,2019-01-01,88
21882506574750,2019-01-01,137
21882506575000,2019-01-01,125
21882506575250,2019-01-01,84
21882506575750,2019-01-01,9
21882506576750,2019-01-01,7
21885006569500,2019-01-01,2
21885006570000,2019-01-01,12
21885006572000,2019-01-01,5
21885006573250,2019-01-01,2
21885006573500,2019-01-01,6
21885006574000,2019-01-01,74
21885006574250,2019-01-01,67
21885006574500,2019-01-01,14
21885006574750,2019-01-01,56
21885006575000,2019-01-01,133
21885006575250,2019-01-01,8
21885006575750,2019-01-01,36
21885006576000,2019-01-01,40
21885006576750,2019-01-01,8
21885006577750,2019-01-01,17
21885006584250,2019-01-01,4
21885006586250,2019-01-01,2
21885006586500,2019-01-01,3
21885006586750,2019-01-01,12
21885006601000,2019-01-01,3
21887506567000,2019-01-01,2
21887506569750,2019-01-01,1
21887506570000,2019-01-01,5
21887506570250,2019-01-01,2
21887506572750,2019-01-01,2
21887506574750,2019-01-01,18
21887506575500,2019-01-01,33
21887506575750,2019-01-01,70
21887506576000,2019-01-01,73
21887506576250,2019-01-01,48
21887506576500,2019-01-01,2
21887506576750,2019-01-01,8
21887506577000,2019-01-01,2
21887506577500,2019-01-01,101
21887506577750,2019-01-01,89
21887506584000,2019-01-01,5
21887506584250,2019-01-01,3
21887506586750,2019-01-01,2
21887506600750,2019-01-01,2
21890006568750,2019-01-01,2
21890006569750,2019-01-01,1
21890006570000,2019-01-01,8
21890006570500,2019-01-01,1
21890006571750,2019-01-01,2
21890006574000,2019-01-01,3
21890006575250,2019-01-01,3
21890006575500,2019-01-01,71
21890006575750,2019-01-01,138
21890006576000,2019-01-01,172
21890006576250,2019-01-01,99
21890006576500,2019-01-01,3
21890006576750,2019-01-01,13
21890006577000,2019-01-01,108
21890006577250,2019-01-01,159
21890006577500,2019-01-01,125
21890006577750,2019-01-01,93
21890006578000,2019-01-01,5
21890006581750,2019-01-01,2
21890006583750,2019-01-01,4
21890006584000,2019-01-01,13
21890006584250,2019-01-01,6
21890006585000,2019-01-01,4
21890006585250,2019-01-01,1
21890006599750,2019-01-01,2
21892506571000,2019-01-01,1
21892506573000,2019-01-01,9
21892506573750,2019-01-01,6
21892506574000,2019-01-01,47
21892506575250,2019-01-01,2
21892506575500,2019-01-01,99
21892506575750,2019-01-01,171
21892506576000,2019-01-01,106
21892506576500,2019-01-01,11
21892506576750,2019-01-01,198
21892506577000,2019-01-01,274
21892506577250,2019-01-01,169
21892506577500,2019-01-01,157
21892506577750,2019-01-01,58
21892506578000,2019-01-01,25
21892506579750,2019-01-01,10
21892506580000,2019-01-01,3
21892506580750,2019-01-01,4
21892506581500,2019-01-01,23
21892506581750,2019-01-01,3
21892506582750,2019-01-01,4
21892506583250,2019-01-01,4
21892506583750,2019-01-01,7
21892506584250,2019-01-01,1
21892506585000,2019-01-01,4
21895006568000,2019-01-01,3
21895006573000,2019-01-01,1
21895006573750,2019-01-01,2
21895006574000,2019-01-01,7
21895006575000,2019-01-01,1
21895006575250,2019-01-01,2
21895006575500,2019-01-01,139
21895006575750,2019-01-01,121
21895006576000,2019-01-01,75
21895006576250,2019-01-01,143
21895006576500,2019-01-01,94
21895006576750,2019-01-01,159
21895006577000,2019-01-01,112
21895006577250,2019-01-01,73
21895006577500,2019-01-01,172
21895006577750,2019-01-01,117
21895006578000,2019-01-01,125
21895006578750,2019-01-01,2
21895006579000,2019-01-01,2
21895006579250,2019-01-01,3
21895006579500,2019-01-01,3
21895006579750,2019-01-01,1
21895006580500,2019-01-01,4
21895006581000,2019-01-01,3
21895006581250,2019-01-01,8
21895006581500,2019-01-01,10
21895006582250,2019-01-01,7
21895006582500,2019-01-01,4
21895006582750,2019-01-01,6
21895006583000,2019-01-01,5
21895006583250,2019-01-01,1
21895006583500,2019-01-01,2
21895006583750,2019-01-01,5
21895006585500,2019-01-01,1
21895006586000,2019-01-01,3
21897506568000,2019-01-01,2
21897506568250,2019-01-01,2
21897506571750,2019-01-01,2
21897506574000,2019-01-01,14
21897506574250,2019-01-01,20
21897506574500,2019-01-01,22
21897506574750,2019-01-01,30
21897506575250,2019-01-01,31
21897506575500,2019-01-01,122
21897506575750,2019-01-01,102
21897506576000,2019-01-01,134
21897506576250,2019-01-01,163
21897506576500,2019-01-01,15
21897506576750,2019-01-01,191
21897506577000,2019-01-01,232
21897506577250,2019-01-01,320
21897506577500,2019-01-01,421
21897506577750,2019-01-01,29
21897506578000,2019-01-01,3
21897506578250,2019-01-01,4
21897506578500,2019-01-01,4
21897506578750,2019-01-01,9
21897506579000,2019-01-01,1
21897506579250,2019-01-01,4
21897506579750,2019-01-01,6
21897506580000,2019-01-01,2
21897506582000,2019-01-01,16
21897506582250,2019-01-01,4
21897506582500,2019-01-01,17
21897506584500,2019-01-01,3
21897506597250,2019-01-01,7
21897506597500,2019-01-01,7
21897506598000,2019-01-01,2
21897506602000,2019-01-01,2
21900006566250,2019-01-01,7
21900006566500,2019-01-01,19
21900006574250,2019-01-01,88
21900006574500,2019-01-01,124
21900006574750,2019-01-01,94
21900006575000,2019-01-01,7
21900006575250,2019-01-01,64
21900006575500,2019-01-01,43
21900006575750,2019-01-01,27
21900006576000,2019-01-01,132
21900006576250,2019-01-01,34
21900006576500,2019-01-01,14
21900006576750,2019-01-01,50
21900006577000,2019-01-01,158
21900006577250,2019-01-01,39
21900006577500,2019-01-01,2
21900006578000,2019-01-01,9
21900006578250,2019-01-01,3
21900006579250,2019-01-01,1
21900006579500,2019-01-01,6
21900006581000,2019-01-01,2
21900006581250,2019-01-01,13
21900006581500,2019-01-01,19
21900006581750,2019-01-01,15
21900006582000,2019-01-01,13
21900006582500,2019-01-01,1
21900006582750,2019-01-01,6
21900006583000,2019-01-01,5
21900006583250,2019-01-01,3
21900006583500,2019-01-01,18
21900006586000,2019-01-01,3
21900006586250,2019-01-01,2
21900006597000,2019-01-01,4
21900006603250,2019-01-01,4
21902506566500,2019-01-01,17
21902506568500,2019-01-01,1
21902506574000,2019-01-01,38
21902506574250,2019-01-01,193
21902506574500,2019-01-01,127
21902506574750,2019-01-01,47
21902506575000,2019-01-01,25
21902506575250,2019-01-01,51
21902506575500,2019-01-01,107
21902506575750,2019-01-01,94
21902506576000,2019-01-01,77
21902506576250,2019-01-01,74
21902506576500,2019-01-01,34
21902506576750,2019-01-01,108
21902506577000,2019-01-01,81
21902506577250,2019-01-01,9
21902506577500,2019-01-01,1
21902506577750,2019-01-01,8
21902506578000,2019-01-01,6
21902506578500,2019-01-01,8
21902506578750,2019-01-01,10
21902506579000,2019-01-01,7
21902506579500,2019-01-01,2
21902506579750,2019-01-01,8
21902506580000,2019-01-01,14
21902506580250,2019-01-01,11
21902506580500,2019-01-01,77
21902506580750,2019-01-01,104
21902506581000,2019-01-01,4
21902506581250,2019-01-01,5
21902506581500,2019-01-01,4
21902506582750,2019-01-01,32
21902506583000,2019-01-01,8
21902506583500,2019-01-01,16
21902506583750,2019-01-01,19
21902506585500,2019-01-01,1
21902506586000,2019-01-01,2
21902506586250,2019-01-01,5
21902506587500,2019-01-01,4
21902506597750,2019-01-01,2
21902506602500,2019-01-01,3
21905006566250,2019-01-01,19
21905006566500,2019-01-01,48
21905006567250,2019-01-01,1
21905006568500,2019-01-01,11
21905006572750,2019-01-01,6
21905006573000,2019-01-01,57
21905006573250,2019-01-01,42
21905006573500,2019-01-01,12
21905006573750,2019-01-01,52
21905006574000,2019-01-01,154
21905006574250,2019-01-01,163
21905006574500,2019-01-01,74
21905006574750,2019-01-01,32
21905006575000,2019-01-01,25
21905006575250,2019-01-01,89
21905006575500,2019-01-01,139
21905006575750,2019-01-01,130
21905006576000,2019-01-01,139
21905006576250,2019-01-01,103
21905006576500,2019-01-01,13
21905006577000,2019-01-01,2
21905006577250,2019-01-01,4
21905006577750,2019-01-01,11
21905006578000,2019-01-01,42
21905006578250,2019-01-01,1
21905006579000,2019-01-01,29
21905006579250,2019-01-01,37
21905006579500,2019-01-01,97
21905006579750,2019-01-01,95
21905006580000,2019-01-01,50
21905006580250,2019-01-01,94
21905006580500,2019-01-01,56
21905006581500,2019-01-01,9
21905006582250,2019-01-01,2
21905006582500,2019-01-01,50
21905006582750,2019-01-01,56
21905006583000,2019-01-01,21
21905006583250,2019-01-01,2
21905006583500,2019-01-01,2
21905006583750,2019-01-01,27
21905006584000,2019-01-01,6
21905006584250,2019-01-01,2
21905006584750,2019-01-01,5
21905006585000,2019-01-01,18
21905006585500,2019-01-01,4
21905006596250,2019-01-01,3
21907506566250,2019-01-01,10
21907506566500,2019-01-01,8
21907506567000,2019-01-01,10
21907506567250,2019-01-01,5
21907506568500,2019-01-01,1
21907506572750,2019-01-01,21
21907506573000,2019-01-01,94
21907506573250,2019-01-01,105
21907506573500,2019-01-01,92
21907506573750,2019-01-01,127
21907506574000,2019-01-01,58
21907506574250,2019-01-01,25
21907506575000,2019-01-01,31
21907506575250,2019-01-01,139
21907506575500,2019-01-01,91
21907506575750,2019-01-01,78
21907506576000,2019-01-01,46
21907506576250,2019-01-01,91
21907506576500,2019-01-01,169
21907506576750,2019-01-01,175
21907506577000,2019-01-01,20
21907506578250,2019-01-01,8
21907506578500,2019-01-01,15
21907506578750,2019-01-01,35
21907506579000,2019-01-01,10
21907506579250,2019-01-01,23
21907506579500,2019-01-01,11
21907506580250,2019-01-01,6
21907506581000,2019-01-01,4
21907506581250,2019-01-01,5
21907506581500,2019-01-01,3
21907506581750,2019-01-01,2
21907506582000,2019-01-01,5
21907506582250,2019-01-01,8
21907506582500,2019-01-01,8
21907506583000,2019-01-01,7
21907506583750,2019-01-01,6
21907506584000,2019-01-01,4
21907506584250,2019-01-01,10
21907506584500,2019-01-01,3
21907506584750,2019-01-01,6
21907506585000,2019-01-01,10
21907506585250,2019-01-01,5
21907506597000,2019-01-01,2
21910006567000,2019-01-01,2
21910006567750,2019-01-01,1
21910006568000,2019-01-01,3
21910006568250,2019-01-01,9
21910006573250,2019-01-01,12
21910006573500,2019-01-01,190
21910006573750,2019-01-01,116
21910006575000,2019-01-01,25
21910006575250,2019-01-01,108
21910006575500,2019-01-01,95
21910006575750,2019-01-01,142
21910006576000,2019-01-01,148
21910006576250,2019-01-01,163
21910006576500,2019-01-01,334
21910006576750,2019-01-01,185
21910006577000,2019-01-01,13
21910006577750,2019-01-01,5
21910006578000,2019-01-01,36
21910006578250,2019-01-01,20
21910006578500,2019-01-01,70
21910006578750,2019-01-01,11
21910006579750,2019-01-01,9
21910006580250,2019-01-01,7
21910006580500,2019-01-01,9
21910006580750,2019-01-01,6
21910006581000,2019-01-01,4
21910006581250,2019-01-01,4
21910006581750,2019-01-01,3
21910006584500,2019-01-01,1
21910006584750,2019-01-01,4
21912506567750,2019-01-01,9
21912506568000,2019-01-01,11
21912506568250,2019-01-01,4
21912506572000,2019-01-01,1
21912506572500,2019-01-01,3
21912506574750,2019-01-01,77
21912506575000,2019-01-01,100
21912506575250,2019-01-01,174
21912506575500,2019-01-01,132
21912506575750,2019-01-01,125
21912506576000,2019-01-01,69
21912506576250,2019-01-01,1
21912506576500,2019-01-01,45
21912506576750,2019-01-01,487
21912506577000,2019-01-01,64
21912506577250,2019-01-01,91
21912506577500,2019-01-01,20
21912506577750,2019-01-01,13
21912506578500,2019-01-01,5
21912506578750,2019-01-01,51
21912506579000,2019-01-01,42
21912506579250,2019-01-01,33
21912506579500,2019-01-01,51
21912506579750,2019-01-01,49
21912506580000,2019-01-01,41
21912506580250,2019-01-01,2
21912506580500,2019-01-01,7
21912506581000,2019-01-01,3
21912506581250,2019-01-01,6
21912506581750,2019-01-01,4
21912506582000,2019-01-01,4
21915006566500,2019-01-01,4
21915006567500,2019-01-01,4
21915006568500,2019-01-01,4
21915006569250,2019-01-01,6
21915006569500,2019-01-01,2
21915006570500,2019-01-01,4
21915006572250,2019-01-01,2
21915006572500,2019-01-01,51
21915006572750,2019-01-01,44
21915006573000,2019-01-01,96
21915006573250,2019-01-01,168
21915006573500,2019-01-01,11
21915006573750,2019-01-01,1
21915006574000,2019-01-01,75
21915006574250,2019-01-01,9
21915006574750,2019-01-01,124
21915006575000,2019-01-01,164
21915006575250,2019-01-01,174
21915006575500,2019-01-01,137
21915006575750,2019-01-01,119
21915006576000,2019-01-01,204
21915006576250,2019-01-01,103
21915006576500,2019-01-01,47
21915006576750,2019-01-01,89
21915006577000,2019-01-01,90
21915006577250,2019-01-01,93
21915006577750,2019-01-01,19
21915006578000,2019-01-01,83
21915006578250,2019-01-01,131
21915006578500,2019-01-01,141
21915006578750,2019-01-01,35
21915006579000,2019-01-01,120
21915006579250,2019-01-01,96
21915006579500,2019-01-01,65
21915006579750,2019-01-01,5
21915006580000,2019-01-01,2
21915006580250,2019-01-01,5
21915006580500,2019-01-01,1
21915006580750,2019-01-01,2
21915006581000,2019-01-01,7
21915006581500,2019-01-01,5
21915006582000,2019-01-01,5
21915006596000,2019-01-01,2
21917506566750,2019-01-01,36
21917506567000,2019-01-01,1
21917506567500,2019-01-01,2
21917506567750,2019-01-01,9
21917506568250,2019-01-01,5
21917506568500,2019-01-01,17
21917506568750,2019-01-01,71
21917506569000,2019-01-01,93
21917506569250,2019-01-01,220
21917506569500,2019-01-01,220
21917506570000,2019-01-01,4
21917506570500,2019-01-01,3
21917506571250,2019-01-01,3
21917506571750,2019-01-01,18
21917506572000,2019-01-01,46
21917506572250,2019-01-01,22
21917506572500,2019-01-01,93
21917506572750,2019-01-01,101
21917506573000,2019-01-01,108
21917506573250,2019-01-01,59
21917506573500,2019-01-01,149
21917506573750,2019-01-01,89
21917506574000,2019-01-01,186
21917506574250,2019-01-01,54
21917506574750,2019-01-01,69
21917506575000,2019-01-01,251
21917506575250,2019-01-01,151
21917506575500,2019-01-01,65
21917506575750,2019-01-01,157
21917506576000,2019-01-01,222
21917506576250,2019-01-01,238
21917506576500,2019-01-01,153
21917506576750,2019-01-01,81
21917506577250,2019-01-01,36
21917506577500,2019-01-01,125
21917506577750,2019-01-01,163
21917506578000,2019-01-01,99
21917506578250,2019-01-01,110
21917506578500,2019-01-01,88
21917506578750,2019-01-01,4
21917506579000,2019-01-01,7
21917506580250,2019-01-01,4
21917506580500,2019-01-01,7
21917506581500,2019-01-01,1
21917506595750,2019-01-01,1
21920006566750,2019-01-01,7
21920006567000,2019-01-01,61
21920006567250,2019-01-01,28
21920006567500,2019-01-01,16
21920006568000,2019-01-01,1
21920006568250,2019-01-01,2
21920006568500,2019-01-01,44
21920006568750,2019-01-01,197
21920006569000,2019-01-01,263
21920006569250,2019-01-01,118
21920006569500,2019-01-01,112
21920006570000,2019-01-01,2
21920006570250,2019-01-01,6
21920006570750,2019-01-01,9
21920006571250,2019-01-01,2
21920006571500,2019-01-01,2
21920006571750,2019-01-01,72
21920006572000,2019-01-01,7
21920006572250,2019-01-01,23
21920006572500,2019-01-01,14
21920006572750,2019-01-01,27
21920006573000,2019-01-01,162
21920006573250,2019-01-01,254
21920006573500,2019-01-01,104
21920006573750,2019-01-01,92
21920006574000,2019-01-01,156
21920006574250,2019-01-01,267
21920006574500,2019-01-01,222
21920006574750,2019-01-01,25
21920006575000,2019-01-01,173
21920006575250,2019-01-01,314
21920006575500,2019-01-01,109
21920006575750,2019-01-01,239
21920006576000,2019-01-01,165
21920006576250,2019-01-01,382
21920006576500,2019-01-01,308
21920006576750,2019-01-01,72
21920006577000,2019-01-01,39
21920006577250,2019-01-01,172
21920006577500,2019-01-01,136
21920006577750,2019-01-01,58
21920006578000,2019-01-01,5
21920006578500,2019-01-01,9
21920006578750,2019-01-01,2
21920006579500,2019-01-01,3
21920006580000,2019-01-01,2
21920006580250,2019-01-01,3
21920006580500,2019-01-01,5
21920006580750,2019-01-01,3
21920006581500,2019-01-01,14
21920006581750,2019-01-01,6
21922506567000,2019-01-01,50
21922506567250,2019-01-01,146
21922506567500,2019-01-01,26
21922506568500,2019-01-01,52
21922506568750,2019-01-01,120
21922506569250,2019-01-01,316
21922506569500,2019-01-01,186
21922506569750,2019-01-01,53
21922506570250,2019-01-01,3
21922506570500,2019-01-01,5
21922506570750,2019-01-01,15
21922506571750,2019-01-01,17
21922506572000,2019-01-01,111
21922506572250,2019-01-01,123
21922506572500,2019-01-01,180
21922506572750,2019-01-01,136
21922506573000,2019-01-01,92
21922506573250,2019-01-01,127
21922506573500,2019-01-01,192
21922506573750,2019-01-01,158
21922506574000,2019-01-01,233
21922506574250,2019-01-01,144
21922506574750,2019-01-01,103
21922506575000,2019-01-01,36
21922506575250,2019-01-01,22
21922506575500,2019-01-01,205
21922506575750,2019-01-01,163
21922506576000,2019-01-01,134
21922506576250,2019-01-01,201
21922506576500,2019-01-01,95
21922506576750,2019-01-01,82
21922506577250,2019-01-01,5
21922506577500,2019-01-01,11
21922506577750,2019-01-01,54
21922506578000,2019-01-01,106
21922506578250,2019-01-01,53
21922506578750,2019-01-01,4
21922506579250,2019-01-01,6
21922506579500,2019-01-01,2
21922506579750,2019-01-01,2
21922506580000,2019-01-01,5
21922506580500,2019-01-01,4
21922506580750,2019-01-01,3
21925006567250,2019-01-01,20
21925006567500,2019-01-01,54
21925006568000,2019-01-01,30
21925006568500,2019-01-01,88
21925006568750,2019-01-01,82
21925006569000,2019-01-01,99
21925006569250,2019-01-01,28
21925006569500,2019-01-01,152
21925006569750,2019-01-01,29
21925006570000,2019-01-01,8
21925006570250,2019-01-01,3
21925006571750,2019-01-01,53
21925006572000,2019-01-01,191
21925006572250,2019-01-01,162
21925006572500,2019-01-01,133
21925006572750,2019-01-01,119
21925006573000,2019-01-01,97
21925006573250,2019-01-01,157
21925006573500,2019-01-01,190
21925006573750,2019-01-01,240
21925006574000,2019-01-01,154
21925006574500,2019-01-01,1
21925006574750,2019-01-01,32
21925006575000,2019-01-01,50
21925006575250,2019-01-01,238
21925006575500,2019-01-01,148
21925006575750,2019-01-01,200
21925006576000,2019-01-01,196
21925006576250,2019-01-01,77
21925006576500,2019-01-01,120
21925006576750,2019-01-01,157
21925006577000,2019-01-01,80
21925006577500,2019-01-01,11
21925006579000,2019-01-01,7
21925006579250,2019-01-01,4
21925006579500,2019-01-01,1
21925006580250,2019-01-01,7
21925006580500,2019-01-01,7
21925006580750,2019-01-01,7
21925006581000,2019-01-01,2
21925006581250,2019-01-01,1
21925006581500,2019-01-01,6
21925006582000,2019-01-01,1
21925006582250,2019-01-01,1
21925006582500,2019-01-01,20
21925006582750,2019-01-01,3
21927506567500,2019-01-01,3
21927506567750,2019-01-01,17
21927506568000,2019-01-01,25
21927506568250,2019-01-01,23
21927506568500,2019-01-01,137
21927506568750,2019-01-01,156
21927506569000,2019-01-01,200
21927506569250,2019-01-01,60
21927506569500,2019-01-01,142
21927506569750,2019-01-01,21
21927506570000,2019-01-01,13
21927506570250,2019-01-01,39
21927506570500,2019-01-01,136
21927506570750,2019-01-01,22
21927506571500,2019-01-01,2
21927506571750,2019-01-01,3
21927506572000,2019-01-01,144
21927506572250,2019-01-01,110
21927506572500,2019-01-01,26
21927506572750,2019-01-01,10
21927506573000,2019-01-01,122
21927506573250,2019-01-01,92
21927506573500,2019-01-01,100
21927506573750,2019-01-01,105
21927506574000,2019-01-01,36
21927506574250,2019-01-01,21
21927506574500,2019-01-01,148
21927506574750,2019-01-01,182
21927506575000,2019-01-01,220
21927506575250,2019-01-01,166
21927506575500,2019-01-01,136
21927506575750,2019-01-01,46
21927506576000,2019-01-01,59
21927506576250,2019-01-01,76
21927506576500,2019-01-01,82
21927506576750,2019-01-01,12
21927506578750,2019-01-01,12
21927506579000,2019-01-01,8
21927506579250,2019-01-01,2
21927506579750,2019-01-01,4
21927506580000,2019-01-01,11
21927506580250,2019-01-01,10
21927506580500,2019-01-01,6
21927506580750,2019-01-01,2
21927506581000,2019-01-01,4
21927506581250,2019-01-01,1
21927506581750,2019-01-01,7
21927506582000,2019-01-01,7
21927506582250,2019-01-01,5
21927506582500,2019-01-01,3
21930006566750,2019-01-01,46
21930006567000,2019-01-01,173
21930006567250,2019-01-01,19
21930006567500,2019-01-01,15
21930006567750,2019-01-01,175
21930006568000,2019-01-01,112
21930006568250,2019-01-01,76
21930006568500,2019-01-01,118
21930006568750,2019-01-01,24
21930006569000,2019-01-01,55
21930006569250,2019-01-01,125
21930006569500,2019-01-01,109
21930006569750,2019-01-01,77
21930006570000,2019-01-01,54
21930006570250,2019-01-01,62
21930006570500,2019-01-01,209
21930006570750,2019-01-01,146
21930006571000,2019-01-01,16
21930006571500,2019-01-01,5
21930006571750,2019-01-01,49
21930006572000,2019-01-01,78
21930006573250,2019-01-01,4
21930006573500,2019-01-01,41
21930006573750,2019-01-01,176
21930006574000,2019-01-01,104
21930006574250,2019-01-01,125
21930006574500,2019-01-01,153
21930006574750,2019-01-01,136
21930006575000,2019-01-01,140
21930006575250,2019-01-01,101
21930006575500,2019-01-01,172
21930006575750,2019-01-01,125
21930006576000,2019-01-01,108
21930006576250,2019-01-01,141
21930006576500,2019-01-01,26
21930006578500,2019-01-01,1
21930006578750,2019-01-01,21
21930006579500,2019-01-01,5
21930006579750,2019-01-01,2
21930006581000,2019-01-01,4
21930006581250,2019-01-01,4
21932506560500,2019-01-01,3
21932506561250,2019-01-01,3
21932506561750,2019-01-01,2
21932506562000,2019-01-01,8
21932506562500,2019-01-01,2
21932506564250,2019-01-01,2
21932506564500,2019-01-01,53
21932506564750,2019-01-01,44
21932506566250,2019-01-01,25
21932506566500,2019-01-01,59
21932506566750,2019-01-01,193
21932506567000,2019-01-01,186
21932506567250,2019-01-01,100
21932506567500,2019-01-01,4
21932506567750,2019-01-01,99
21932506568000,2019-01-01,218
21932506568250,2019-01-01,180
21932506568500,2019-01-01,56
21932506568750,2019-01-01,214
21932506569000,2019-01-01,76
21932506569250,2019-01-01,150
21932506569500,2019-01-01,173
21932506569750,2019-01-01,192
21932506570000,2019-01-01,123
21932506570250,2019-01-01,87
21932506570500,2019-01-01,62
21932506570750,2019-01-01,117
21932506571000,2019-01-01,141
21932506571250,2019-01-01,62
21932506571500,2019-01-01,14
21932506571750,2019-01-01,33
21932506572000,2019-01-01,9
21932506572250,2019-01-01,16
21932506572500,2019-01-01,74
21932506572750,2019-01-01,77
21932506573000,2019-01-01,141
21932506573250,2019-01-01,97
21932506573500,2019-01-01,41
21932506573750,2019-01-01,85
21932506574000,2019-01-01,82
21932506574250,2019-01-01,161
21932506574500,2019-01-01,130
21932506574750,2019-01-01,138
21932506575000,2019-01-01,157
21932506575250,2019-01-01,132
21932506575500,2019-01-01,80
21932506575750,2019-01-01,52
21932506576000,2019-01-01,21
21932506576250,2019-01-01,2
21932506578250,2019-01-01,4
21932506578500,2019-01-01,16
21932506578750,2019-01-01,13
21932506580750,2019-01-01,5
21932506581250,2019-01-01,7
21935006560750,2019-01-01,2
21935006561250,2019-01-01,11
21935006562250,2019-01-01,18
21935006562500,2019-01-01,15
21935006564000,2019-01-01,20
21935006564250,2019-01-01,85
21935006564500,2019-01-01,156
21935006564750,2019-01-01,81
21935006565000,2019-01-01,12
21935006566000,2019-01-01,25
21935006566250,2019-01-01,147
21935006566500,2019-01-01,182
21935006566750,2019-01-01,160
21935006567000,2019-01-01,133
21935006567250,2019-01-01,12
21935006567500,2019-01-01,66
21935006568000,2019-01-01,49
21935006568250,2019-01-01,290
21935006568500,2019-01-01,153
21935006568750,2019-01-01,102
21935006569000,2019-01-01,55
21935006569250,2019-01-01,67
21935006569500,2019-01-01,113
21935006569750,2019-01-01,125
21935006570000,2019-01-01,111
21935006570250,2019-01-01,15
21935006570750,2019-01-01,14
21935006571000,2019-01-01,66
21935006571250,2019-01-01,5
21935006571500,2019-01-01,2
21935006572000,2019-01-01,22
21935006572250,2019-01-01,147
21935006572500,2019-01-01,126
21935006572750,2019-01-01,122
21935006573000,2019-01-01,124
21935006573250,2019-01-01,2
21935006573500,2019-01-01,3
21935006573750,2019-01-01,8
21935006574000,2019-01-01,135
21935006574250,2019-01-01,40
21935006574500,2019-01-01,99
21935006574750,2019-01-01,48
21935006575000,2019-01-01,44
21935006575250,2019-01-01,13
21935006577000,2019-01-01,5
21935006577500,2019-01-01,4
21935006577750,2019-01-01,8
21935006578250,2019-01-01,23
21935006578500,2019-01-01,15
21935006578750,2019-01-01,21
21935006581000,2019-01-01,11
21937506560000,2019-01-01,3
21937506560250,2019-01-01,2
21937506560750,2019-01-01,5
21937506561250,2019-01-01,4
21937506561500,2019-01-01,2
21937506561750,2019-01-01,14
21937506562000,2019-01-01,1
21937506563750,2019-01-01,48
21937506564000,2019-01-01,123
21937506564250,2019-01-01,160
21937506564500,2019-01-01,132
21937506564750,2019-01-01,154
21937506565000,2019-01-01,91
21937506565250,2019-01-01,14
21937506565500,2019-01-01,45
21937506565750,2019-01-01,39
21937506566000,2019-01-01,103
21937506566250,2019-01-01,152
21937506566500,2019-01-01,139
21937506566750,2019-01-01,106
21937506567000,2019-01-01,233
21937506567250,2019-01-01,104
21937506567500,2019-01-01,235
21937506567750,2019-01-01,306
21937506568000,2019-01-01,133
21937506568250,2019-01-01,210
21937506568500,2019-01-01,147
21937506568750,2019-01-01,187
21937506569000,2019-01-01,139
21937506569250,2019-01-01,49
21937506569500,2019-01-01,168
21937506569750,2019-01-01,50
21937506570000,2019-01-01,4
21937506570250,2019-01-01,3
21937506570500,2019-01-01,175
21937506570750,2019-01-01,14
21937506571750,2019-01-01,69
21937506572000,2019-01-01,133
21937506572250,2019-01-01,174
21937506572500,2019-01-01,96
21937506572750,2019-01-01,26
21937506573000,2019-01-01,2
21937506573250,2019-01-01,4
21937506573500,2019-01-01,11
21937506573750,2019-01-01,1
21937506574000,2019-01-01,12
21937506574250,2019-01-01,3
21937506574500,2019-01-01,9
21937506574750,2019-01-01,2
21937506575000,2019-01-01,15
21937506575250,2019-01-01,5
21937506576500,2019-01-01,8
21937506576750,2019-01-01,23
21937506577000,2019-01-01,7
21937506577250,2019-01-01,18
21937506577500,2019-01-01,8
21937506577750,2019-01-01,5
21937506578000,2019-01-01,9
21937506578500,2019-01-01,3
21937506578750,2019-01-01,9
21937506579000,2019-01-01,2
21937506580000,2019-01-01,1
21937506580250,2019-01-01,3
21940006560000,2019-01-01,3
21940006560250,2019-01-01,25
21940006560750,2019-01-01,15
21940006561000,2019-01-01,22
21940006561250,2019-01-01,14
21940006561500,2019-01-01,21
21940006562000,2019-01-01,7
21940006562250,2019-01-01,4
21940006563750,2019-01-01,96
21940006564000,2019-01-01,105
21940006564250,2019-01-01,92
21940006564500,2019-01-01,119
21940006564750,2019-01-01,79
21940006565000,2019-01-01,50
21940006565250,2019-01-01,60
21940006565500,2019-01-01,43
21940006565750,2019-01-01,70
21940006566000,2019-01-01,99
21940006566250,2019-01-01,141
21940006566500,2019-01-01,121
21940006566750,2019-01-01,109
21940006567000,2019-01-01,262
21940006567250,2019-01-01,147
21940006567500,2019-01-01,173
21940006567750,2019-01-01,62
21940006568000,2019-01-01,118
21940006568250,2019-01-01,152
21940006568500,2019-01-01,170
21940006568750,2019-01-01,136
21940006569000,2019-01-01,82
21940006569250,2019-01-01,38
21940006569500,2019-01-01,20
21940006570000,2019-01-01,2
21940006570250,2019-01-01,30
21940006570500,2019-01-01,150
21940006570750,2019-01-01,112
21940006571000,2019-01-01,34
21940006571250,2019-01-01,51
21940006571500,2019-01-01,111
21940006571750,2019-01-01,152
21940006572000,2019-01-01,72
21940006572250,2019-01-01,35
21940006572500,2019-01-01,10
21940006572750,2019-01-01,14
21940006573000,2019-01-01,5
21940006573250,2019-01-01,19
21940006573500,2019-01-01,2
21940006573750,2019-01-01,6
21940006576000,2019-01-01,16
21940006576250,2019-01-01,28
21940006576500,2019-01-01,68
21940006576750,2019-01-01,57
21940006577000,2019-01-01,4
21940006577250,2019-01-01,3
21940006577500,2019-01-01,1
21940006578000,2019-01-01,14
21940006578250,2019-01-01,9
21940006578500,2019-01-01,3
21940006578750,2019-01-01,21
21940006579000,2019-01-01,5
21940006579250,2019-01-01,5
21940006580250,2019-01-01,2
21940006581000,2019-01-01,7
21940006581250,2019-01-01,5
21942506560000,2019-01-01,3
21942506560250,2019-01-01,10
21942506560750,2019-01-01,2
21942506561500,2019-01-01,3
21942506561750,2019-01-01,3
21942506563000,2019-01-01,6
21942506563750,2019-01-01,132
21942506564000,2019-01-01,79
21942506564250,2019-01-01,40
21942506564500,2019-01-01,73
21942506564750,2019-01-01,100
21942506565000,2019-01-01,172
21942506565250,2019-01-01,105
21942506565500,2019-01-01,60
21942506565750,2019-01-01,159
21942506566000,2019-01-01,160
21942506566250,2019-01-01,138
21942506566500,2019-01-01,170
21942506566750,2019-01-01,56
21942506567000,2019-01-01,135
21942506567250,2019-01-01,180
21942506567500,2019-01-01,171
21942506567750,2019-01-01,95
21942506568000,2019-01-01,77
21942506568250,2019-01-01,56
21942506568500,2019-01-01,46
21942506568750,2019-01-01,55
21942506569000,2019-01-01,54
21942506569250,2019-01-01,77
21942506569500,2019-01-01,25
21942506570000,2019-01-01,5
21942506570250,2019-01-01,13
21942506570500,2019-01-01,98
21942506570750,2019-01-01,168
21942506571000,2019-01-01,176
21942506571250,2019-01-01,143
21942506571500,2019-01-01,148
21942506571750,2019-01-01,143
21942506572000,2019-01-01,81
21942506572250,2019-01-01,9
21942506572750,2019-01-01,8
21942506576000,2019-01-01,8
21942506576250,2019-01-01,2
21942506576500,2019-01-01,11
21942506576750,2019-01-01,46
21942506577000,2019-01-01,2
21942506577500,2019-01-01,8
21942506578000,2019-01-01,2
21942506578500,2019-01-01,29
21942506578750,2019-01-01,10
21942506579000,2019-01-01,2
21942506579500,2019-01-01,14
21942506579750,2019-01-01,5
21942506580000,2019-01-01,3
21942506580250,2019-01-01,6
21942506580500,2019-01-01,3
21945006560500,2019-01-01,9
21945006561000,2019-01-01,69
21945006561250,2019-01-01,168
21945006561500,2019-01-01,6
21945006562500,2019-01-01,1
21945006563000,2019-01-01,45
21945006563250,2019-01-01,54
21945006563750,2019-01-01,184
21945006564000,2019-01-01,25
21945006564250,2019-01-01,61
21945006564500,2019-01-01,154
21945006564750,2019-01-01,223
21945006565000,2019-01-01,223
21945006565250,2019-01-01,141
21945006565500,2019-01-01,107
21945006565750,2019-01-01,65
21945006566000,2019-01-01,15
21945006566750,2019-01-01,134
21945006567000,2019-01-01,162
21945006567250,2019-01-01,138
21945006567500,2019-01-01,138
21945006567750,2019-01-01,56
21945006568000,2019-01-01,68
21945006568250,2019-01-01,155
21945006568500,2019-01-01,226
21945006568750,2019-01-01,178
21945006569000,2019-01-01,155
21945006569250,2019-01-01,192
21945006569500,2019-01-01,112
21945006569750,2019-01-01,20
21945006570250,2019-01-01,12
21945006570500,2019-01-01,71
21945006570750,2019-01-01,164
21945006571000,2019-01-01,134
21945006571250,2019-01-01,149
21945006571500,2019-01-01,61
21945006572000,2019-01-01,2
21945006572250,2019-01-01,13
21945006575250,2019-01-01,2
21945006575500,2019-01-01,6
21945006575750,2019-01-01,5
21945006576250,2019-01-01,11
21945006576500,2019-01-01,10
21945006577250,2019-01-01,1
21945006577750,2019-01-01,2
21945006578250,2019-01-01,3
21945006578750,2019-01-01,2
21945006579000,2019-01-01,2
21945006579250,2019-01-01,6
21945006580500,2019-01-01,6
21945006580750,2019-01-01,4
21945006581000,2019-01-01,9
21947506558250,2019-01-01,28
21947506560500,2019-01-01,21
21947506560750,2019-01-01,56
21947506561000,2019-01-01,82
21947506561250,2019-01-01,116
21947506561500,2019-01-01,88
21947506561750,2019-01-01,22
21947506562500,2019-01-01,11
21947506562750,2019-01-01,55
21947506563000,2019-01-01,132
21947506563250,2019-01-01,41
21947506563500,2019-01-01,13
21947506563750,2019-01-01,92
21947506564000,2019-01-01,81
21947506564250,2019-01-01,132
21947506564500,2019-01-01,10
21947506564750,2019-01-01,191
21947506565000,2019-01-01,16
21947506565250,2019-01-01,25
21947506565500,2019-01-01,33
21947506566750,2019-01-01,116
21947506567000,2019-01-01,163
21947506567250,2019-01-01,39
21947506567500,2019-01-01,113
21947506567750,2019-01-01,32
21947506568000,2019-01-01,124
21947506568250,2019-01-01,306
21947506568500,2019-01-01,234
21947506568750,2019-01-01,52
21947506569000,2019-01-01,207
21947506569250,2019-01-01,192
21947506569500,2019-01-01,226
21947506569750,2019-01-01,125
21947506570000,2019-01-01,34
21947506570250,2019-01-01,77
21947506570750,2019-01-01,37
21947506571000,2019-01-01,75
21947506571250,2019-01-01,46
21947506571500,2019-01-01,21
21947506572250,2019-01-01,4
21947506572750,2019-01-01,2
21947506574750,2019-01-01,3
21947506575000,2019-01-01,9
21947506575250,2019-01-01,5
21947506576500,2019-01-01,3
21947506578250,2019-01-01,7
21947506578500,2019-01-01,6
21947506578750,2019-01-01,1
21947506579000,2019-01-01,2
21947506579250,2019-01-01,1
21947506579500,2019-01-01,2
21947506579750,2019-01-01,4
21947506580500,2019-01-01,4
21947506586500,2019-01-01,1
21947506586750,2019-01-01,4
21947506587000,2019-01-01,14
21950006558000,2019-01-01,4
21950006558250,2019-01-01,42
21950006560250,2019-01-01,24
21950006560500,2019-01-01,11
21950006560750,2019-01-01,85
21950006561000,2019-01-01,117
21950006561250,2019-01-01,93
21950006561500,2019-01-01,93
21950006561750,2019-01-01,143
21950006562000,2019-01-01,14
21950006562250,2019-01-01,18
21950006562500,2019-01-01,86
21950006562750,2019-01-01,148
21950006563000,2019-01-01,145
21950006563750,2019-01-01,26
21950006564000,2019-01-01,198
21950006564250,2019-01-01,216
21950006564500,2019-01-01,129
21950006565250,2019-01-01,51
21950006565500,2019-01-01,2
21950006566750,2019-01-01,84
21950006567000,2019-01-01,137
21950006567250,2019-01-01,64
21950006567500,2019-01-01,37
21950006568000,2019-01-01,15
21950006568250,2019-01-01,258
21950006568500,2019-01-01,210
21950006568750,2019-01-01,114
21950006569000,2019-01-01,49
21950006569500,2019-01-01,47
21950006569750,2019-01-01,135
21950006570000,2019-01-01,151
21950006570250,2019-01-01,113
21950006570500,2019-01-01,255
21950006570750,2019-01-01,27
21950006571000,2019-01-01,1
21950006571250,2019-01-01,9
21950006571750,2019-01-01,4
21950006572000,2019-01-01,5
21950006574500,2019-01-01,2
21950006574750,2019-01-01,21
21950006575000,2019-01-01,14
21950006577250,2019-01-01,2
21950006578750,2019-01-01,6
21950006579250,2019-01-01,7
21950006579500,2019-01-01,4
21950006579750,2019-01-01,3
21950006580000,2019-01-01,1
21950006580500,2019-01-01,4
21950006581000,2019-01-01,8
21950006581250,2019-01-01,4
21950006586500,2019-01-01,10
21950006586750,2019-01-01,5
21950006587000,2019-01-01,6
21950006587250,2019-01-01,4
21952506558250,2019-01-01,44
21952506558500,2019-01-01,9
21952506558750,2019-01-01,77
21952506559500,2019-01-01,3
21952506559750,2019-01-01,12
21952506560000,2019-01-01,14
21952506560250,2019-01-01,31
21952506560500,2019-01-01,32
21952506560750,2019-01-01,124
21952506561000,2019-01-01,106
21952506561250,2019-01-01,65
21952506561500,2019-01-01,4
21952506562000,2019-01-01,14
21952506562250,2019-01-01,53
21952506562500,2019-01-01,134
21952506562750,2019-01-01,61
21952506563000,2019-01-01,67
21952506563250,2019-01-01,13
21952506563500,2019-01-01,33
21952506563750,2019-01-01,75
21952506564000,2019-01-01,119
21952506564250,2019-01-01,105
21952506564500,2019-01-01,39
21952506564750,2019-01-01,3
21952506565000,2019-01-01,19
21952506565250,2019-01-01,83
21952506566500,2019-01-01,10
21952506566750,2019-01-01,177
21952506567000,2019-01-01,133
21952506567250,2019-01-01,23
21952506568000,2019-01-01,53
21952506568250,2019-01-01,41
21952506568500,2019-01-01,162
21952506568750,2019-01-01,228
21952506569000,2019-01-01,139
21952506569500,2019-01-01,3
21952506569750,2019-01-01,132
21952506570000,2019-01-01,120
21952506570250,2019-01-01,70
21952506570500,2019-01-01,54
21952506570750,2019-01-01,31
21952506571000,2019-01-01,10
21952506572750,2019-01-01,5
21952506574250,2019-01-01,2
21952506574500,2019-01-01,13
21952506574750,2019-01-01,2
21952506577000,2019-01-01,4
21952506578750,2019-01-01,6
21952506579000,2019-01-01,2
21952506579250,2019-01-01,9
21952506580000,2019-01-01,7
21952506587250,2019-01-01,8
21952506587500,2019-01-01,3
21955006557750,2019-01-01,5
21955006558000,2019-01-01,31
21955006558250,2019-01-01,111
21955006558500,2019-01-01,41
21955006558750,2019-01-01,11
21955006559250,2019-01-01,7
21955006559500,2019-01-01,82
21955006559750,2019-01-01,16
21955006560250,2019-01-01,92
21955006560500,2019-01-01,129
21955006560750,2019-01-01,124
21955006561000,2019-01-01,98
21955006561250,2019-01-01,142
21955006561500,2019-01-01,124
21955006561750,2019-01-01,90
21955006562000,2019-01-01,109
21955006562250,2019-01-01,152
21955006562500,2019-01-01,85
21955006562750,2019-01-01,44
21955006563000,2019-01-01,9
21955006563250,2019-01-01,86
21955006563500,2019-01-01,107
21955006563750,2019-01-01,91
21955006564000,2019-01-01,75
21955006564250,2019-01-01,106
21955006564500,2019-01-01,6
21955006564750,2019-01-01,2
21955006565000,2019-01-01,2
21955006566250,2019-01-01,2
21955006566500,2019-01-01,5
21955006566750,2019-01-01,58
21955006567000,2019-01-01,21
21955006567500,2019-01-01,7
21955006567750,2019-01-01,10
21955006568250,2019-01-01,1
21955006568500,2019-01-01,88
21955006568750,2019-01-01,108
21955006569000,2019-01-01,164
21955006569250,2019-01-01,10
21955006570250,2019-01-01,5
21955006570500,2019-01-01,13
21955006570750,2019-01-01,5
21955006571000,2019-01-01,10
21955006571250,2019-01-01,11
21955006572750,2019-01-01,5
21955006573250,2019-01-01,5
21955006574000,2019-01-01,2
21955006574250,2019-01-01,1
21955006579000,2019-01-01,12
21955006579250,2019-01-01,23
21955006579500,2019-01-01,1
21955006580000,2019-01-01,11
21955006580250,2019-01-01,3
21955006587000,2019-01-01,7
21955006587250,2019-01-01,5
21955006587500,2019-01-01,2
21957506557750,2019-01-01,83
21957506558000,2019-01-01,199
21957506558250,2019-01-01,57
21957506558500,2019-01-01,89
21957506558750,2019-01-01,37
21957506559500,2019-01-01,9
21957506559750,2019-01-01,3
21957506560250,2019-01-01,51
21957506560500,2019-01-01,34
21957506560750,2019-01-01,103
21957506561000,2019-01-01,47
21957506561250,2019-01-01,102
21957506561500,2019-01-01,158
21957506561750,2019-01-01,127
21957506562000,2019-01-01,96
21957506562250,2019-01-01,109
21957506562500,2019-01-01,72
21957506562750,2019-01-01,61
21957506563000,2019-01-01,130
21957506563250,2019-01-01,40
21957506563500,2019-01-01,36
21957506563750,2019-01-01,99
21957506564000,2019-01-01,102
21957506564250,2019-01-01,87
21957506564750,2019-01-01,1
21957506565000,2019-01-01,14
21957506565250,2019-01-01,44
21957506565500,2019-01-01,56
21957506566500,2019-01-01,4
21957506566750,2019-01-01,3
21957506567250,2019-01-01,1
21957506567500,2019-01-01,3
21957506568250,2019-01-01,6
21957506568500,2019-01-01,2
21957506568750,2019-01-01,13
21957506569000,2019-01-01,7
21957506569250,2019-01-01,153
21957506570000,2019-01-01,8
21957506570500,2019-01-01,1
21957506570750,2019-01-01,5
21957506571000,2019-01-01,3
21957506572750,2019-01-01,2
21957506573000,2019-01-01,4
21957506573250,2019-01-01,7
21957506574000,2019-01-01,7
21957506574250,2019-01-01,9
21957506579000,2019-01-01,6
21957506579250,2019-01-01,2
21957506579500,2019-01-01,3
21957506587000,2019-01-01,3
21957506587250,2019-01-01,24
21957506587500,2019-01-01,13
21957506587750,2019-01-01,10
21957506588000,2019-01-01,12
21960006557750,2019-01-01,85
21960006558000,2019-01-01,193
21960006558250,2019-01-01,207
21960006558500,2019-01-01,153
21960006558750,2019-01-01,24
21960006560500,2019-01-01,77
21960006560750,2019-01-01,84
21960006561000,2019-01-01,3
21960006561250,2019-01-01,88
21960006561500,2019-01-01,145
21960006561750,2019-01-01,104
21960006562000,2019-01-01,135
21960006562250,2019-01-01,53
21960006562500,2019-01-01,58
21960006562750,2019-01-01,35
21960006563000,2019-01-01,109
21960006563250,2019-01-01,25
21960006563750,2019-01-01,41
21960006564000,2019-01-01,149
21960006564250,2019-01-01,53
21960006564500,2019-01-01,31
21960006564750,2019-01-01,15
21960006565000,2019-01-01,87
21960006565250,2019-01-01,123
21960006565500,2019-01-01,93
21960006565750,2019-01-01,36
21960006566250,2019-01-01,12
21960006567750,2019-01-01,5
21960006568000,2019-01-01,11
21960006568250,2019-01-01,27
21960006568500,2019-01-01,5
21960006568750,2019-01-01,14
21960006569000,2019-01-01,4
21960006569250,2019-01-01,92
21960006569500,2019-01-01,7
21960006569750,2019-01-01,11
21960006570500,2019-01-01,3
21960006571500,2019-01-01,5
21960006571750,2019-01-01,5
21960006572000,2019-01-01,5
21960006572250,2019-01-01,5
21960006572500,2019-01-01,10
21960006572750,2019-01-01,14
21960006573250,2019-01-01,1
21960006573750,2019-01-01,3
21960006574000,2019-01-01,6
21960006574250,2019-01-01,2
21960006586000,2019-01-01,3
21960006586250,2019-01-01,1
21960006586500,2019-01-01,1
21960006587000,2019-01-01,12
21960006587250,2019-01-01,6
21960006587500,2019-01-01,3
21960006588000,2019-01-01,8
21962506557750,2019-01-01,109
21962506558000,2019-01-01,85
21962506558250,2019-01-01,130
21962506558500,2019-01-01,20
21962506561750,2019-01-01,34
21962506562000,2019-01-01,29
21962506562250,2019-01-01,5
21962506563000,2019-01-01,24
21962506563250,2019-01-01,81
21962506563500,2019-01-01,60
21962506563750,2019-01-01,41
21962506564000,2019-01-01,62
21962506564250,2019-01-01,40
21962506564500,2019-01-01,137
21962506564750,2019-01-01,62
21962506565000,2019-01-01,59
21962506565250,2019-01-01,101
21962506565500,2019-01-01,147
21962506565750,2019-01-01,89
21962506566000,2019-01-01,78
21962506566250,2019-01-01,69
21962506566750,2019-01-01,3
21962506567250,2019-01-01,8
21962506567500,2019-01-01,4
21962506568500,2019-01-01,1
21962506568750,2019-01-01,3
21962506569000,2019-01-01,17
21962506569250,2019-01-01,21
21962506569500,2019-01-01,55
21962506569750,2019-01-01,33
21962506570000,2019-01-01,24
21962506570250,2019-01-01,10
21962506570500,2019-01-01,6
21962506570750,2019-01-01,5
21962506571250,2019-01-01,4
21962506571750,2019-01-01,3
21962506572500,2019-01-01,9
21962506572750,2019-01-01,4
21962506573250,2019-01-01,4
21962506573500,2019-01-01,2
21962506586000,2019-01-01,2
21962506586500,2019-01-01,8
21962506586750,2019-01-01,1
21962506587500,2019-01-01,9
21962506587750,2019-01-01,14
21965006557750,2019-01-01,93
21965006558000,2019-01-01,26
21965006563250,2019-01-01,8
21965006563500,2019-01-01,28
21965006563750,2019-01-01,71
21965006564000,2019-01-01,50
21965006564250,2019-01-01,47
21965006564500,2019-01-01,93
21965006564750,2019-01-01,83
21965006565000,2019-01-01,5
21965006565250,2019-01-01,59
21965006565500,2019-01-01,32
21965006565750,2019-01-01,18
21965006566000,2019-01-01,211
21965006566250,2019-01-01,32
21965006568750,2019-01-01,3
21965006569000,2019-01-01,9
21965006569250,2019-01-01,11
21965006569750,2019-01-01,10
21965006570000,2019-01-01,2
21965006571000,2019-01-01,7
21965006571250,2019-01-01,12
21965006572250,2019-01-01,4
21965006572500,2019-01-01,1
21965006573250,2019-01-01,1
21965006573500,2019-01-01,12
21965006573750,2019-01-01,2
21965006585500,2019-01-01,1
21965006586000,2019-01-01,5
21965006586750,2019-01-01,3
21965006587000,2019-01-01,2
21965006587750,2019-01-01,8
21965006588000,2019-01-01,8
21967506564000,2019-01-01,13
21967506564250,2019-01-01,54
21967506564500,2019-01-01,10
21967506564750,2019-01-01,36
21967506565750,2019-01-01,10
21967506566000,2019-01-01,24
21967506569250,2019-01-01,6
21967506570750,2019-01-01,8
21967506571250,2019-01-01,6
21967506571500,2019-01-01,4
21967506572000,2019-01-01,2
21967506574500,2019-01-01,8
21967506574750,2019-01-01,5
21967506580750,2019-01-01,3
21967506581500,2019-01-01,1
21967506591500,2019-01-01,2
21967506591750,2019-01-01,1
21967506592250,2019-01-01,5
21970006564250,2019-01-01,36
21970006564500,2019-01-01,2
21970006564750,2019-01-01,9
21970006565750,2019-01-01,2
21970006568500,2019-01-01,6
21970006569000,2019-01-01,10
21970006569250,2019-01-01,20
21970006569500,2019-01-01,5
21970006570250,2019-01-01,15
21970006570500,2019-01-01,6
21970006571000,2019-01-01,4
21970006571250,2019-01-01,6
21970006574750,2019-01-01,1
21970006575000,2019-01-01,7
21970006575250,2019-01-01,2
21970006575500,2019-01-01,1
21970006575750,2019-01-01,5
21970006580500,2019-01-01,4
21970006580750,2019-01-01,7
21970006581000,2019-01-01,8
21970006585000,2019-01-01,5
21970006585250,2019-01-01,4
21972506557750,2019-01-01,1
21972506560750,2019-01-01,4
21972506561000,2019-01-01,1
21972506561500,2019-01-01,3
21972506561750,2019-01-01,2
21972506562000,2019-01-01,9
21972506562250,2019-01-01,24
21972506562500,2019-01-01,14
21972506564250,2019-01-01,7
21972506564500,2019-01-01,15
21972506565750,2019-01-01,5
21972506569250,2019-01-01,7
21972506569500,2019-01-01,2
21972506569750,2019-01-01,2
21972506570000,2019-01-01,15
21972506570250,2019-01-01,5
21972506571250,2019-01-01,3
21972506571500,2019-01-01,4
21972506572250,2019-01-01,1
21972506574500,2019-01-01,5
21972506581000,2019-01-01,2
21972506581250,2019-01-01,8
21972506584750,2019-01-01,1
21972506585000,2019-01-01,8
21975006557500,2019-01-01,12
21975006557750,2019-01-01,16
21975006560500,2019-01-01,4
21975006561000,2019-01-01,3
21975006561250,2019-01-01,28
21975006561500,2019-01-01,38
21975006561750,2019-01-01,26
21975006562000,2019-01-01,14
21975006562250,2019-01-01,7
21975006562500,2019-01-01,17
21975006562750,2019-01-01,18
21975006563000,2019-01-01,11
21975006563250,2019-01-01,35
21975006563500,2019-01-01,5
21975006563750,2019-01-01,4
21975006564000,2019-01-01,17
21975006564250,2019-01-01,13
21975006564500,2019-01-01,1
21975006564750,2019-01-01,21
21975006565250,2019-01-01,4
21975006565750,2019-01-01,15
21975006566000,2019-01-01,1
21975006569500,2019-01-01,4
21975006570000,2019-01-01,2
21975006571000,2019-01-01,1
21975006571500,2019-01-01,1
21975006571750,2019-01-01,5
21975006572000,2019-01-01,2
21975006581250,2019-01-01,3
21975006584000,2019-01-01,1
21975006584250,2019-01-01,8
21975006584500,2019-01-01,6
21975006584750,2019-01-01,8
21977506557000,2019-01-01,24
21977506557250,2019-01-01,54
21977506557500,2019-01-01,52
21977506557750,2019-01-01,15
21977506559500,2019-01-01,4
21977506560000,2019-01-01,8
21977506560250,2019-01-01,3
21977506560500,2019-01-01,10
21977506561250,2019-01-01,5
21977506561500,2019-01-01,69
21977506561750,2019-01-01,12
21977506562750,2019-01-01,2
21977506563250,2019-01-01,19
21977506563500,2019-01-01,41
21977506563750,2019-01-01,33
21977506564000,2019-01-01,16
21977506564250,2019-01-01,31
21977506564500,2019-01-01,15
21977506565000,2019-01-01,8
21977506565250,2019-01-01,2
21977506566000,2019-01-01,4
21977506566250,2019-01-01,12
21977506570000,2019-01-01,5
21977506571500,2019-01-01,2
21977506572250,2019-01-01,1
21977506572500,2019-01-01,2
21977506581250,2019-01-01,49
21977506581500,2019-01-01,23
21977506584000,2019-01-01,2
21977506584500,2019-01-01,4
21977506584750,2019-01-01,10
21977506585000,2019-01-01,2
21980006556750,2019-01-01,2
21980006557000,2019-01-01,17
21980006557250,2019-01-01,30
21980006557500,2019-01-01,15
21980006559250,2019-01-01,2
21980006560500,2019-01-01,3
21980006561000,2019-01-01,3
21980006564750,2019-01-01,3
21980006565250,2019-01-01,12
21980006566250,2019-01-01,3
21980006566500,2019-01-01,16
21980006566750,2019-01-01,2
21980006569750,2019-01-01,8
21980006572250,2019-01-01,7
21980006581250,2019-01-01,30
21980006581500,2019-01-01,17
21980006582000,2019-01-01,33
21980006582250,2019-01-01,91
21980006582500,2019-01-01,71
21980006582750,2019-01-01,10
21980006583250,2019-01-01,4
21980006584000,2019-01-01,1
21980006584250,2019-01-01,4
21980006584500,2019-01-01,15
21980006584750,2019-01-01,1
21982506556750,2019-01-01,2
21982506557000,2019-01-01,6
21982506557250,2019-01-01,9
21982506557500,2019-01-01,3
21982506560000,2019-01-01,6
21982506560750,2019-01-01,3
21982506561000,2019-01-01,7
21982506565250,2019-01-01,6
21982506565500,2019-01-01,1
21982506566250,2019-01-01,2
21982506566500,2019-01-01,26
21982506566750,2019-01-01,49
21982506567000,2019-01-01,3
21982506567250,2019-01-01,3
21982506570750,2019-01-01,4
21982506573250,2019-01-01,4
21982506574000,2019-01-01,3
21982506581250,2019-01-01,37
21982506581500,2019-01-01,2
21982506582000,2019-01-01,64
21982506582250,2019-01-01,63
21982506582500,2019-01-01,66
21982506582750,2019-01-01,46
21982506583000,2019-01-01,13
21982506584000,2019-01-01,3
21982506584250,2019-01-01,15
21982506584500,2019-01-01,4
21985006557250,2019-01-01,17
21985006557500,2019-01-01,6
21985006566500,2019-01-01,7
21985006566750,2019-01-01,14
21985006567250,2019-01-01,2
21985006567500,2019-01-01,3
21985006567750,2019-01-01,3
21985006570750,2019-01-01,6
21985006573750,2019-01-01,8
21985006575250,2019-01-01,3
21985006575500,2019-01-01,2
21985006582250,2019-01-01,7
21985006582500,2019-01-01,18
21985006583000,2019-01-01,5
21985006583250,2019-01-01,3
21985006583500,2019-01-01,11
21985006583750,2019-01-01,4
21985006584000,2019-01-01,7
21985006584250,2019-01-01,16
21985006584500,2019-01-01,22
21987506557250,2019-01-01,11
21987506561250,2019-01-01,9
21987506562000,2019-01-01,1
21987506562250,2019-01-01,3
21987506566500,2019-01-01,1
21987506567000,2019-01-01,10
21987506567250,2019-01-01,2
21987506567500,2019-01-01,8
21987506568000,2019-01-01,20
21987506568250,2019-01-01,16
21987506571250,2019-01-01,1
21987506582000,2019-01-01,79
21987506582250,2019-01-01,42
21987506582500,2019-01-01,21
21987506582750,2019-01-01,19
21987506583000,2019-01-01,2
21987506583500,2019-01-01,3
21987506584000,2019-01-01,7
21987506584250,2019-01-01,92
21987506584500,2019-01-01,31
21990006561250,2019-01-01,4
21990006562250,2019-01-01,3
21990006563250,2019-01-01,4
21990006567500,2019-01-01,10
21990006568000,2019-01-01,8
21990006568250,2019-01-01,3
21990006568500,2019-01-01,5
21990006570750,2019-01-01,4
21990006571250,2019-01-01,2
21990006573750,2019-01-01,1
21990006582250,2019-01-01,19
21990006584000,2019-01-01,9
21990006584250,2019-01-01,80
21990006584500,2019-01-01,19
21992506559750,2019-01-01,6
21992506560000,2019-01-01,5
21992506561250,2019-01-01,3
21992506563250,2019-01-01,4
21992506568000,2019-01-01,2
21992506568500,2019-01-01,2
21992506568750,2019-01-01,2
21992506569000,2019-01-01,8
21992506574500,2019-01-01,1
21992506582000,2019-01-01,1
21992506582250,2019-01-01,65
21992506582500,2019-01-01,27
21992506583750,2019-01-01,4
21992506584000,2019-01-01,3
21992506584250,2019-01-01,7
21995006558250,2019-01-01,3
21995006558500,2019-01-01,6
21995006563750,2019-01-01,2
21995006569250,2019-01-01,2
21995006569500,2019-01-01,5
21995006569750,2019-01-01,2
21995006582000,2019-01-01,9
21995006582250,2019-01-01,27
21995006582500,2019-01-01,10
21995006582750,2019-01-01,3
21995006583000,2019-01-01,2
21995006583750,2019-01-01,8
21995006584250,2019-01-01,1
21995006596500,2019-01-01,2
21997506569250,2019-01-01,2
21997506570000,2019-01-01,10
21997506582250,2019-01-01,10
21997506582750,2019-01-01,80
21997506583000,2019-01-01,36
21997506583500,2019-01-01,9
22000006558000,2019-01-01,1
22000006569750,2019-01-01,1
22000006570250,2019-01-01,6
22000006573750,2019-01-01,4
22000006581250,2019-01-01,6
22000006581500,2019-01-01,19
22000006581750,2019-01-01,1
22000006582750,2019-01-01,58
22000006583000,2019-01-01,45
22000006583250,2019-01-01,16
22000006583500,2019-01-01,16
22002506557000,2019-01-01,7
22002506570750,2019-01-01,7
22002506581000,2019-01-01,2
22002506581250,2019-01-01,9
22002506582000,2019-01-01,5
22002506582250,2019-01-01,6
22002506583000,2019-01-01,9
22002506583500,2019-01-01,1
22005006570750,2019-01-01,2
22005006581000,2019-01-01,2
22005006581500,2019-01-01,1
22005006581750,2019-01-01,1
22005006582000,2019-01-01,5
22005006583500,2019-01-01,6
22005006583750,2019-01-01,13
22007506562750,2019-01-01,10
22007506571250,2019-01-01,4
22007506581000,2019-01-01,3
22007506581500,2019-01-01,1
22007506581750,2019-01-01,3
22007506582000,2019-01-01,3
22007506583500,2019-01-01,10
22007506583750,2019-01-01,6
22010006557750,2019-01-01,1
22010006559750,2019-01-01,2
22010006562500,2019-01-01,1
22010006580500,2019-01-01,1
22010006580750,2019-01-01,1
22010006581000,2019-01-01,2
22010006581250,2019-01-01,6
22010006581500,2019-01-01,6
22010006583500,2019-01-01,2
22012506562000,2019-01-01,2
22012506562250,2019-01-01,2
22012506562500,2019-01-01,1
22012506571500,2019-01-01,2
22012506571750,2019-01-01,4
22012506579250,2019-01-01,1
22012506579750,2019-01-01,1
22012506580000,2019-01-01,6
22012506580250,2019-01-01,2
22012506580750,2019-01-01,1
22015006560500,2019-01-01,2
22015006561000,2019-01-01,11
22015006561250,2019-01-01,3
22015006579250,2019-01-01,4
22015006579500,2019-01-01,23
22015006579750,2019-01-01,9
22015006580000,2019-01-01,4
22015006580250,2019-01-01,4
22015006580500,2019-01-01,2
22017506561250,2019-01-01,6
22017506561500,2019-01-01,21
22017506561750,2019-01-01,6
22017506566500,2019-01-01,4
22017506571500,2019-01-01,4
22017506572000,2019-01-01,2
22017506579500,2019-01-01,2
22017506579750,2019-01-01,3
22017506580000,2019-01-01,6
22017506580250,2019-01-01,1
22017506583250,2019-01-01,2
22020006560500,2019-01-01,1
22020006560750,2019-01-01,3
22020006561500,2019-01-01,2
22020006561750,2019-01-01,21
22020006563000,2019-01-01,5
22020006563250,2019-01-01,2
22020006566000,2019-01-01,4
22020006566500,2019-01-01,2
22020006566750,2019-01-01,1
22020006578750,2019-01-01,3
22020006580000,2019-01-01,5
22022506555750,2019-01-01,4
22022506558750,2019-01-01,3
22022506561000,2019-01-01,15
22022506561250,2019-01-01,50
22022506561500,2019-01-01,34
22022506561750,2019-01-01,14
22022506563500,2019-01-01,8
22022506564250,2019-01-01,2
22022506564750,2019-01-01,9
22022506565000,2019-01-01,12
22022506567000,2019-01-01,5
22022506572500,2019-01-01,2
22022506578500,2019-01-01,4
22022506578750,2019-01-01,6
22022506583000,2019-01-01,2
22025006555750,2019-01-01,4
22025006560750,2019-01-01,8
22025006561000,2019-01-01,43
22025006561250,2019-01-01,27
22025006561500,2019-01-01,2
22025006561750,2019-01-01,21
22025006562000,2019-01-01,19
22025006562250,2019-01-01,4
22025006562750,2019-01-01,9
22025006563000,2019-01-01,1
22025006563250,2019-01-01,6
22025006563500,2019-01-01,2
22025006567750,2019-01-01,5
22025006568500,2019-01-01,2
22025006572500,2019-01-01,1
22025006578500,2019-01-01,5
22025006578750,2019-01-01,4
22025006579000,2019-01-01,8
22025006583000,2019-01-01,3
22027506560500,2019-01-01,58
22027506560750,2019-01-01,76
22027506561000,2019-01-01,8
22027506562000,2019-01-01,3
22027506563000,2019-01-01,4
22027506568750,2019-01-01,4
22027506569500,2019-01-01,4
22027506578500,2019-01-01,1
22027506578750,2019-01-01,11
22027506583250,2019-01-01,1
22030006560500,2019-01-01,63
22030006560750,2019-01-01,5
22030006563250,2019-01-01,3
22030006568000,2019-01-01,1
22030006579000,2019-01-01,4
22032506559250,2019-01-01,6
22032506560500,2019-01-01,2
22032506560750,2019-01-01,7
22032506571000,2019-01-01,8
22032506571250,2019-01-01,8
22032506571500,2019-01-01,6
22032506572000,2019-01-01,13
22035006558750,2019-01-01,7
22035006560500,2019-01-01,5
22035006569750,2019-01-01,5
22035006570500,2019-01-01,7
22035006570750,2019-01-01,18
22035006571000,2019-01-01,11
22035006571250,2019-01-01,9
22035006571500,2019-01-01,10
22035006571750,2019-01-01,3
22035006578000,2019-01-01,2
22035006578750,2019-01-01,8
22035006579000,2019-01-01,3
22037506560250,2019-01-01,5
22037506560500,2019-01-01,3
22037506564750,2019-01-01,6
22037506570250,2019-01-01,6
22037506570500,2019-01-01,3
22037506570750,2019-01-01,2
22037506571000,2019-01-01,1
22037506571250,2019-01-01,5
22037506578250,2019-01-01,1
22037506578500,2019-01-01,2
22037506579250,2019-01-01,4
22040006557000,2019-01-01,2
22040006557250,2019-01-01,1
22040006560250,2019-01-01,13
22040006560500,2019-01-01,5
22040006569500,2019-01-01,4
22040006570000,2019-01-01,1
22040006570750,2019-01-01,3
22040006578250,2019-01-01,4
22040006578500,2019-01-01,18
22042506560250,2019-01-01,2
22042506569750,2019-01-01,1
22042506570000,2019-01-01,7
22042506570500,2019-01-01,1
22042506578500,2019-01-01,8
22045006570000,2019-01-01,3
22045006570250,2019-01-01,3
22045006578250,2019-01-01,2
22045006578500,2019-01-01,5
22045006578750,2019-01-01,5
22047506561750,2019-01-01,2
22047506570000,2019-01-01,3
22047506575000,2019-01-01,1
22047506575500,2019-01-01,5
22047506576500,2019-01-01,3
22047506577000,2019-01-01,3
22047506579000,2019-01-01,5
22047506579250,2019-01-01,4
22050006570000,2019-01-01,2
22050006570250,2019-01-01,5
22050006576250,2019-01-01,1
22052506570000,2019-01-01,5
22052506577250,2019-01-01,2
22052506577500,2019-01-01,1
22055006570000,2019-01-01,3
22055006575000,2019-01-01,3
22057506570000,2019-01-01,3
22057506577250,2019-01-01,8
22060006569750,2019-01-01,4
22060006577250,2019-01-01,6
22060006577500,2019-01-01,5
22062506575750,2019-01-01,2
22062506576000,2019-01-01,1
22062506576750,2019-01-01,1
22065006570000,2019-01-01,2
22067506570750,2019-01-01,3
22067506571000,2019-01-01,3
22072506576750,2019-01-01,4
22075006576500,2019-01-01,4
22075006576750,2019-01-01,2
21720006570000,2020-01-01,3
21722506568750,2020-01-01,1
21722506570000,2020-01-01,3
21725006570000,2020-01-01,1
21760006568000,2020-01-01,6
21760006568500,2020-01-01,7
21762506567750,2020-01-01,4
21762506568000,2020-01-01,12
21765006573500,2020-01-01,4
21765006587750,2020-01-01,3
21767506588250,2020-01-01,2
21767506588750,2020-01-01,3
21767506589000,2020-01-01,5
21770006567250,2020-01-01,2
21770006573000,2020-01-01,2
21770006589250,2020-01-01,11
21772506567000,2020-01-01,6
21772506567500,2020-01-01,2
21772506567750,2020-01-01,6
21772506573500,2020-01-01,3
21772506588000,2020-01-01,5
21772506588250,2020-01-01,11
21772506588750,2020-01-01,15
21772506589000,2020-01-01,1
21772506589250,2020-01-01,1
21772506589500,2020-01-01,2
21772506589750,2020-01-01,2
21775006561500,2020-01-01,1
21775006563500,2020-01-01,2
21775006567000,2020-01-01,6
21775006567500,2020-01-01,4
21775006588000,2020-01-01,2
21775006588500,2020-01-01,7
21775006588750,2020-01-01,4
21775006589000,2020-01-01,6
21775006589500,2020-01-01,4
21777506572750,2020-01-01,1
21777506588250,2020-01-01,16
21777506588750,2020-01-01,2
21777506589000,2020-01-01,7
21777506589250,2020-01-01,4
21780006562500,2020-01-01,2
21780006565750,2020-01-01,4
21780006572500,2020-01-01,3
21780006572750,2020-01-01,6
21782506571500,2020-01-01,2
21782506572000,2020-01-01,4
21782506572250,2020-01-01,4
21782506572500,2020-01-01,2
21785006562500,2020-01-01,3
21785006567000,2020-01-01,1
21785006572250,2020-01-01,5
21785006575250,2020-01-01,2
21785006588250,2020-01-01,3
21785006591500,2020-01-01,5
21787506562250,2020-01-01,4
21787506562500,2020-01-01,6
21787506567000,2020-01-01,4
21787506567250,2020-01-01,7
21787506572250,2020-01-01,2
21787506572500,2020-01-01,4
21787506577750,2020-01-01,1
21787506587250,2020-01-01,2
21790006562500,2020-01-01,2
21790006567750,2020-01-01,7
21790006572750,2020-01-01,4
21792506566750,2020-01-01,3
21792506567250,2020-01-01,1
21792506567500,2020-01-01,8
21792506567750,2020-01-01,2
21792506570750,2020-01-01,3
21792506572000,2020-01-01,10
21792506572250,2020-01-01,6
21792506572500,2020-01-01,1
21792506573000,2020-01-01,4
21792506573750,2020-01-01,1
21792506575250,2020-01-01,3
21792506578000,2020-01-01,2
21792506578250,2020-01-01,8
21795006564750,2020-01-01,6
21795006571000,2020-01-01,2
21795006571250,2020-01-01,4
21795006571750,2020-01-01,7
21795006572000,2020-01-01,5
21795006573000,2020-01-01,2
21795006573250,2020-01-01,1
21795006573750,2020-01-01,2
21795006574500,2020-01-01,4
21797506564500,2020-01-01,4
21797506567250,2020-01-01,2
21797506571250,2020-01-01,3
21797506571500,2020-01-01,2
21797506571750,2020-01-01,4
21797506573750,2020-01-01,1
21797506574000,2020-01-01,6
21797506574750,2020-01-01,4
21797506575000,2020-01-01,4
21797506578000,2020-01-01,6
21800006564250,2020-01-01,6
21800006573000,2020-01-01,1
21800006575250,2020-01-01,3
21800006577500,2020-01-01,4
21800006578000,2020-01-01,12
21800006585750,2020-01-01,1
21802506564000,2020-01-01,13
21802506566250,2020-01-01,2
21802506575000,2020-01-01,5
21802506575250,2020-01-01,10
21802506575500,2020-01-01,1
21802506576000,2020-01-01,2
21802506577000,2020-01-01,2
21802506577250,2020-01-01,1
21802506585250,2020-01-01,1
21802506585750,2020-01-01,3
21802506586250,2020-01-01,4
21805006564000,2020-01-01,4
21805006566250,2020-01-01,5
21805006571250,2020-01-01,1
21805006574750,2020-01-01,5
21805006575750,2020-01-01,1
21805006576000,2020-01-01,2
21805006576250,2020-01-01,2
21805006576500,2020-01-01,4
21805006577000,2020-01-01,1
21805006578250,2020-01-01,3
21805006585750,2020-01-01,1
21805006586250,2020-01-01,7
21807506561750,2020-01-01,9
21807506563250,2020-01-01,4
21807506563500,2020-01-01,4
21807506563750,2020-01-01,2
21807506574750,2020-01-01,3
21807506576000,2020-01-01,2
21807506576250,2020-01-01,9
21807506576500,2020-01-01,9
21807506576750,2020-01-01,12
21807506577750,2020-01-01,4
21807506578250,2020-01-01,3
21807506585500,2020-01-01,2
21810006563000,2020-01-01,4
21810006564750,2020-01-01,2
21810006565000,2020-01-01,37
21810006565250,2020-01-01,5
21810006574500,2020-01-01,8
21810006576000,2020-01-01,5
21810006576250,2020-01-01,14
21810006576500,2020-01-01,14
21810006577500,2020-01-01,5
21810006578000,2020-01-01,2
21812506560500,2020-01-01,1
21812506565000,2020-01-01,31
21812506565250,2020-01-01,4
21812506565750,2020-01-01,4
21812506566000,2020-01-01,2
21812506566250,2020-01-01,2
21812506567000,2020-01-01,6
21812506567250,2020-01-01,6
21812506576250,2020-01-01,2
21812506576500,2020-01-01,12
21812506576750,2020-01-01,19
21812506577250,2020-01-01,8
21812506577500,2020-01-01,2
21812506577750,2020-01-01,3
21812506578000,2020-01-01,6
21812506578250,2020-01-01,5
21815006564000,2020-01-01,5
21815006564500,2020-01-01,2
21815006565750,2020-01-01,2
21815006566000,2020-01-01,4
21815006567000,2020-01-01,1
21815006576500,2020-01-01,15
21815006576750,2020-01-01,18
21815006577000,2020-01-01,21
21815006577250,2020-01-01,2
21815006577500,2020-01-01,19
21815006577750,2020-01-01,3
21815006578000,2020-01-01,2
21815006578250,2020-01-01,6
21817506577000,2020-01-01,1
21817506577500,2020-01-01,6
21817506577750,2020-01-01,4
21820006572750,2020-01-01,2
21820006574750,2020-01-01,2
21820006577250,2020-01-01,3
21822506563750,2020-01-01,3
21822506566750,2020-01-01,3
21822506574500,2020-01-01,2
21822506575500,2020-01-01,2
21822506575750,2020-01-01,2
21825006574500,2020-01-01,2
21825006575000,2020-01-01,3
21825006575250,2020-01-01,3
21825006575750,2020-01-01,1
21825006577250,2020-01-01,1
21825006577500,2020-01-01,4
21825006577750,2020-01-01,2
21827506566750,2020-01-01,6
21827506580750,2020-01-01,1
21830006574500,2020-01-01,2
21830006574750,2020-01-01,13
21832506566750,2020-01-01,1
21832506574500,2020-01-01,12
21832506574750,2020-01-01,8
21832506575000,2020-01-01,17
21832506575250,2020-01-01,69
21832506580250,2020-01-01,1
21835006575250,2020-01-01,2
21837506574500,2020-01-01,13
21837506574750,2020-01-01,8
21837506575000,2020-01-01,11
21840006573750,2020-01-01,6
21840006574000,2020-01-01,9
21840006574250,2020-01-01,4
21840006575000,2020-01-01,1
21842506566750,2020-01-01,3
21842506573500,2020-01-01,2
21842506573750,2020-01-01,6
21842506574000,2020-01-01,2
21842506574500,2020-01-01,1
21842506575250,2020-01-01,3
21842506579750,2020-01-01,2
21845006567750,2020-01-01,3
21845006573750,2020-01-01,1
21845006574000,2020-01-01,6
21845006574250,2020-01-01,13
21845006575000,2020-01-01,6
21845006579000,2020-01-01,10
21845006579250,2020-01-01,11
21845006579500,2020-01-01,10
21845006579750,2020-01-01,3
21847506567000,2020-01-01,2
21847506567500,2020-01-01,1
21847506573750,2020-01-01,4
21847506574250,2020-01-01,7
21847506579000,2020-01-01,8
21847506579250,2020-01-01,5
21850006568000,2020-01-01,2
21850006573750,2020-01-01,1
21850006574250,2020-01-01,7
21850006575500,2020-01-01,4
21850006577750,2020-01-01,4
21850006578500,2020-01-01,5
21850006578750,2020-01-01,1
21850006579000,2020-01-01,4
21852506567500,2020-01-01,2
21852506567750,2020-01-01,7
21852506568000,2020-01-01,2
21852506574500,2020-01-01,3
21852506575500,2020-01-01,4
21852506577500,2020-01-01,5
21852506578250,2020-01-01,1
21852506578500,2020-01-01,2
21855006567000,2020-01-01,4
21855006567750,2020-01-01,8
21855006573500,2020-01-01,1
21855006574750,2020-01-01,7
21855006575500,2020-01-01,3
21855006576750,2020-01-01,1
21855006578250,2020-01-01,12
21855006578750,2020-01-01,1
21855006579000,2020-01-01,3
21857506566750,2020-01-01,14
21857506567000,2020-01-01,16
21857506567250,2020-01-01,4
21857506569750,2020-01-01,7
21857506570000,2020-01-01,5
21857506573500,2020-01-01,1
21857506576750,2020-01-01,1
21857506578750,2020-01-01,26
21860006566750,2020-01-01,8
21860006570000,2020-01-01,3
21860006573000,2020-01-01,4
21860006573250,2020-01-01,3
21860006573500,2020-01-01,6
21860006573750,2020-01-01,7
21860006576000,2020-01-01,5
21860006576500,2020-01-01,8
21860006576750,2020-01-01,26
21860006577000,2020-01-01,39
21860006577250,2020-01-01,26
21860006577500,2020-01-01,1
21860006578250,2020-01-01,8
21860006578500,2020-01-01,7
21860006586500,2020-01-01,5
21862506567250,2020-01-01,7
21862506567500,2020-01-01,70
21862506567750,2020-01-01,14
21862506570000,2020-01-01,2
21862506573000,2020-01-01,2
21862506573250,2020-01-01,7
21862506573750,2020-01-01,1
21862506574000,2020-01-01,2
21862506574250,2020-01-01,1
21862506575750,2020-01-01,2
21862506576000,2020-01-01,6
21862506576250,2020-01-01,2
21862506576750,2020-01-01,6
21862506577000,2020-01-01,52
21862506577250,2020-01-01,9
21862506577750,2020-01-01,7
21862506578000,2020-01-01,2
21865006567250,2020-01-01,7
21865006567500,2020-01-01,30
21865006570250,2020-01-01,4
21865006570750,2020-01-01,2
21865006572000,2020-01-01,3
21865006572250,2020-01-01,2
21865006572500,2020-01-01,3
21865006572750,2020-01-01,2
21865006573250,2020-01-01,4
21865006573500,2020-01-01,3
21865006573750,2020-01-01,4
21865006574000,2020-01-01,6
21865006574250,2020-01-01,1
21865006576250,2020-01-01,3
21865006576500,2020-01-01,13
21865006577000,2020-01-01,2
21865006577500,2020-01-01,6
21865006577750,2020-01-01,4
21865006578000,2020-01-01,1
21867506567500,2020-01-01,8
21867506568250,2020-01-01,3
21867506570000,2020-01-01,4
21867506571250,2020-01-01,4
21867506571500,2020-01-01,9
21867506571750,2020-01-01,3
21867506572000,2020-01-01,3
21867506572250,2020-01-01,2
21867506572750,2020-01-01,10
21867506573000,2020-01-01,1
21867506573250,2020-01-01,2
21867506576250,2020-01-01,35
21867506576500,2020-01-01,5
21867506577000,2020-01-01,39
21867506577250,2020-01-01,72
21867506577500,2020-01-01,26
21867506586500,2020-01-01,1
21870006567500,2020-01-01,2
21870006568250,2020-01-01,3
21870006568500,2020-01-01,4
21870006569000,2020-01-01,9
21870006569750,2020-01-01,2
21870006570000,2020-01-01,2
21870006571750,2020-01-01,9
21870006572250,2020-01-01,3
21870006573000,2020-01-01,12
21870006573750,2020-01-01,8
21870006574000,2020-01-01,4
21870006576000,2020-01-01,4
21870006576250,2020-01-01,1
21870006576500,2020-01-01,4
21870006576750,2020-01-01,43
21870006577000,2020-01-01,88
21870006577250,2020-01-01,17
21872506567500,2020-01-01,4
21872506568000,2020-01-01,6
21872506568750,2020-01-01,4
21872506571250,2020-01-01,8
21872506571500,2020-01-01,7
21872506573250,2020-01-01,7
21872506573500,2020-01-01,3
21872506574000,2020-01-01,4
21872506574750,2020-01-01,6
21872506575500,2020-01-01,7
21872506576500,2020-01-01,77
21872506576750,2020-01-01,150
21872506577000,2020-01-01,75
21875006567250,2020-01-01,1
21875006568750,2020-01-01,4
21875006569000,2020-01-01,9
21875006573000,2020-01-01,9
21875006573250,2020-01-01,11
21875006573500,2020-01-01,7
21875006574250,2020-01-01,2
21875006574500,2020-01-01,2
21875006574750,2020-01-01,7
21875006575250,2020-01-01,8
21875006575500,2020-01-01,7
21875006576000,2020-01-01,12
21875006576250,2020-01-01,36
21875006576750,2020-01-01,135
21875006577000,2020-01-01,16
21877506567500,2020-01-01,6
21877506569000,2020-01-01,8
21877506570000,2020-01-01,2
21877506572750,2020-01-01,1
21877506573000,2020-01-01,7
21877506573500,2020-01-01,4
21877506574250,2020-01-01,2
21877506574500,2020-01-01,54
21877506574750,2020-01-01,105
21877506575000,2020-01-01,8
21877506575250,2020-01-01,49
21877506575500,2020-01-01,19
21877506575750,2020-01-01,2
21877506576000,2020-01-01,70
21877506576250,2020-01-01,19
21877506576500,2020-01-01,71
21877506576750,2020-01-01,111
21880006567250,2020-01-01,2
21880006567500,2020-01-01,8
21880006568250,2020-01-01,3
21880006568500,2020-01-01,7
21880006569250,2020-01-01,4
21880006572500,2020-01-01,3
21880006573000,2020-01-01,7
21880006573250,2020-01-01,2
21880006573500,2020-01-01,6
21880006574000,2020-01-01,17
21880006574250,2020-01-01,129
21880006574500,2020-01-01,100
21880006574750,2020-01-01,90
21880006575000,2020-01-01,91
21880006575250,2020-01-01,132
21880006575500,2020-01-01,27
21880006575750,2020-01-01,9
21880006576250,2020-01-01,2
21880006576500,2020-01-01,7
21880006576750,2020-01-01,23
21882506568250,2020-01-01,6
21882506569000,2020-01-01,4
21882506569250,2020-01-01,6
21882506569500,2020-01-01,4
21882506571000,2020-01-01,8
21882506572500,2020-01-01,21
21882506572750,2020-01-01,1
21882506573250,2020-01-01,18
21882506573750,2020-01-01,3
21882506574000,2020-01-01,101
21882506574250,2020-01-01,156
21882506574500,2020-01-01,90
21882506574750,2020-01-01,136
21882506575000,2020-01-01,121
21882506575250,2020-01-01,76
21882506575750,2020-01-01,9
21882506576750,2020-01-01,4
21885006569500,2020-01-01,2
21885006570000,2020-01-01,12
21885006572000,2020-01-01,5
21885006573250,2020-01-01,2
21885006573500,2020-01-01,2
21885006574000,2020-01-01,79
21885006574250,2020-01-01,65
21885006574500,2020-01-01,17
21885006574750,2020-01-01,53
21885006575000,2020-01-01,134
21885006575250,2020-01-01,8
21885006575750,2020-01-01,36
21885006576000,2020-01-01,41
21885006576750,2020-01-01,9
21885006577750,2020-01-01,18
21885006584250,2020-01-01,4
21885006586250,2020-01-01,2
21885006586500,2020-01-01,3
21885006586750,2020-01-01,13
21885006601000,2020-01-01,3
21887506567000,2020-01-01,2
21887506569750,2020-01-01,1
21887506570000,2020-01-01,6
21887506570250,2020-01-01,2
21887506572750,2020-01-01,2
21887506574750,2020-01-01,17
21887506575500,2020-01-01,35
21887506575750,2020-01-01,72
21887506576000,2020-01-01,73
21887506576250,2020-01-01,49
21887506576500,2020-01-01,2
21887506576750,2020-01-01,8
21887506577000,2020-01-01,2
21887506577500,2020-01-01,100
21887506577750,2020-01-01,91
21887506584000,2020-01-01,4
21887506584250,2020-01-01,3
21887506586750,2020-01-01,3
21887506600750,2020-01-01,2
21890006568750,2020-01-01,2
21890006569750,2020-01-01,2
21890006570000,2020-01-01,9
21890006570500,2020-01-01,1
21890006571750,2020-01-01,2
21890006574000,2020-01-01,2
21890006575250,2020-01-01,3
21890006575500,2020-01-01,72
21890006575750,2020-01-01,135
21890006576000,2020-01-01,175
21890006576250,2020-01-01,97
21890006576500,2020-01-01,3
21890006576750,2020-01-01,15
21890006577000,2020-01-01,111
21890006577250,2020-01-01,173
21890006577500,2020-01-01,123
21890006577750,2020-01-01,93
21890006578000,2020-01-01,5
21890006581750,2020-01-01,1
21890006583250,2020-01-01,1
21890006583750,2020-01-01,3
21890006584000,2020-01-01,13
21890006584250,2020-01-01,6
21890006585250,2020-01-01,1
21890006599750,2020-01-01,2
21892506571000,2020-01-01,2
21892506573000,2020-01-01,11
21892506573750,2020-01-01,6
21892506574000,2020-01-01,48
21892506575250,2020-01-01,2
21892506575500,2020-01-01,97
21892506575750,2020-01-01,170
21892506576000,2020-01-01,97
21892506576500,2020-01-01,11
21892506576750,2020-01-01,196
21892506577000,2020-01-01,282
21892506577250,2020-01-01,170
21892506577500,2020-01-01,156
21892506577750,2020-01-01,60
21892506578000,2020-01-01,26
21892506579750,2020-01-01,8
21892506580000,2020-01-01,3
21892506580750,2020-01-01,4
21892506581500,2020-01-01,19
21892506581750,2020-01-01,3
21892506582750,2020-01-01,4
21892506583250,2020-01-01,4
21892506583750,2020-01-01,7
21892506584250,2020-01-01,1
21892506585000,2020-01-01,4
21895006568000,2020-01-01,3
21895006573000,2020-01-01,2
21895006573750,2020-01-01,2
21895006574000,2020-01-01,9
21895006575000,2020-01-01,1
21895006575250,2020-01-01,8
21895006575500,2020-01-01,132
21895006575750,2020-01-01,121
21895006576000,2020-01-01,73
21895006576250,2020-01-01,139
21895006576500,2020-01-01,95
21895006576750,2020-01-01,160
21895006577000,2020-01-01,118
21895006577250,2020-01-01,67
21895006577500,2020-01-01,178
21895006577750,2020-01-01,114
21895006578000,2020-01-01,125
21895006578750,2020-01-01,1
21895006579000,2020-01-01,2
21895006579250,2020-01-01,3
21895006579500,2020-01-01,4
21895006579750,2020-01-01,1
21895006580500,2020-01-01,4
21895006581000,2020-01-01,3
21895006581250,2020-01-01,7
21895006581500,2020-01-01,10
21895006582250,2020-01-01,7
21895006582500,2020-01-01,4
21895006582750,2020-01-01,8
21895006583000,2020-01-01,5
21895006583250,2020-01-01,1
21895006583500,2020-01-01,2
21895006583750,2020-01-01,5
21895006584750,2020-01-01,3
21895006585500,2020-01-01,4
21895006586000,2020-01-01,3
21897506568250,2020-01-01,2
21897506571750,2020-01-01,2
21897506574000,2020-01-01,17
21897506574250,2020-01-01,20
21897506574500,2020-01-01,20
21897506574750,2020-01-01,31
21897506575250,2020-01-01,25
21897506575500,2020-01-01,122
21897506575750,2020-01-01,102
21897506576000,2020-01-01,137
21897506576250,2020-01-01,161
21897506576500,2020-01-01,14
21897506576750,2020-01-01,182
21897506577000,2020-01-01,241
21897506577250,2020-01-01,306
21897506577500,2020-01-01,388
21897506577750,2020-01-01,26
21897506578000,2020-01-01,3
21897506578250,2020-01-01,4
21897506578500,2020-01-01,4
21897506578750,2020-01-01,9
21897506579000,2020-01-01,1
21897506579250,2020-01-01,4
21897506579750,2020-01-01,6
21897506580000,2020-01-01,2
21897506582000,2020-01-01,16
21897506582250,2020-01-01,4
21897506582500,2020-01-01,16
21897506584500,2020-01-01,3
21897506597250,2020-01-01,6
21897506597500,2020-01-01,6
21897506598000,2020-01-01,2
21897506602000,2020-01-01,2
21900006566250,2020-01-01,7
21900006566500,2020-01-01,19
21900006574250,2020-01-01,93
21900006574500,2020-01-01,131
21900006574750,2020-01-01,94
21900006575000,2020-01-01,7
21900006575250,2020-01-01,66
21900006575500,2020-01-01,45
21900006575750,2020-01-01,31
21900006576000,2020-01-01,130
21900006576250,2020-01-01,31
21900006576500,2020-01-01,14
21900006576750,2020-01-01,51
21900006577000,2020-01-01,163
21900006577250,2020-01-01,41
21900006577500,2020-01-01,3
21900006578000,2020-01-01,9
21900006578250,2020-01-01,3
21900006579500,2020-01-01,6
21900006581000,2020-01-01,2
21900006581250,2020-01-01,12
21900006581500,2020-01-01,17
21900006581750,2020-01-01,16
21900006582000,2020-01-01,10
21900006582500,2020-01-01,2
21900006582750,2020-01-01,5
21900006583000,2020-01-01,5
21900006583250,2020-01-01,3
21900006583500,2020-01-01,13
21900006583750,2020-01-01,1
21900006586000,2020-01-01,2
21900006586250,2020-01-01,2
21900006597000,2020-01-01,3
21900006603250,2020-01-01,4
21902506566500,2020-01-01,18
21902506568500,2020-01-01,1
21902506574000,2020-01-01,34
21902506574250,2020-01-01,198
21902506574500,2020-01-01,135
21902506574750,2020-01-01,46
21902506575000,2020-01-01,23
21902506575250,2020-01-01,51
21902506575500,2020-01-01,106
21902506575750,2020-01-01,100
21902506576000,2020-01-01,73
21902506576250,2020-01-01,90
21902506576500,2020-01-01,31
21902506576750,2020-01-01,97
21902506577000,2020-01-01,81
21902506577250,2020-01-01,9
21902506577500,2020-01-01,1
21902506577750,2020-01-01,8
21902506578000,2020-01-01,9
21902506578500,2020-01-01,10
21902506578750,2020-01-01,10
21902506579000,2020-01-01,8
21902506579500,2020-01-01,5
21902506579750,2020-01-01,7
21902506580000,2020-01-01,14
21902506580250,2020-01-01,9
21902506580500,2020-01-01,81
21902506580750,2020-01-01,106
21902506581000,2020-01-01,4
21902506581250,2020-01-01,5
21902506581500,2020-01-01,2
21902506582750,2020-01-01,39
21902506583000,2020-01-01,8
21902506583500,2020-01-01,17
21902506583750,2020-01-01,18
21902506585500,2020-01-01,1
21902506586000,2020-01-01,2
21902506586250,2020-01-01,6
21902506587500,2020-01-01,4
21902506597750,2020-01-01,2
21902506602500,2020-01-01,4
21905006566250,2020-01-01,19
21905006566500,2020-01-01,48
21905006567250,2020-01-01,1
21905006568500,2020-01-01,10
21905006572750,2020-01-01,6
21905006573000,2020-01-01,56
21905006573250,2020-01-01,49
21905006573500,2020-01-01,13
21905006573750,2020-01-01,52
21905006574000,2020-01-01,158
21905006574250,2020-01-01,158
21905006574500,2020-01-01,76
21905006574750,2020-01-01,29
21905006575000,2020-01-01,25
21905006575250,2020-01-01,82
21905006575500,2020-01-01,142
21905006575750,2020-01-01,124
21905006576000,2020-01-01,141
21905006576250,2020-01-01,101
21905006576500,2020-01-01,13
21905006577000,2020-01-01,2
21905006577250,2020-01-01,4
21905006577750,2020-01-01,10
21905006578000,2020-01-01,41
21905006578250,2020-01-01,1
21905006579000,2020-01-01,29
21905006579250,2020-01-01,36
21905006579500,2020-01-01,93
21905006579750,2020-01-01,94
21905006580000,2020-01-01,50
21905006580250,2020-01-01,94
21905006580500,2020-01-01,54
21905006581500,2020-01-01,9
21905006582250,2020-01-01,2
21905006582500,2020-01-01,47
21905006582750,2020-01-01,63
21905006583000,2020-01-01,21
21905006583250,2020-01-01,2
21905006583500,2020-01-01,3
21905006583750,2020-01-01,24
21905006584000,2020-01-01,6
21905006584250,2020-01-01,2
21905006584750,2020-01-01,5
21905006585000,2020-01-01,18
21905006585500,2020-01-01,4
21905006596250,2020-01-01,3
21907506566250,2020-01-01,9
21907506566500,2020-01-01,7
21907506567000,2020-01-01,10
21907506567250,2020-01-01,5
21907506568500,2020-01-01,1
21907506572750,2020-01-01,22
21907506573000,2020-01-01,93
21907506573250,2020-01-01,111
21907506573500,2020-01-01,90
21907506573750,2020-01-01,129
21907506574000,2020-01-01,61
21907506574250,2020-01-01,26
21907506575000,2020-01-01,30
21907506575250,2020-01-01,141
21907506575500,2020-01-01,77
21907506575750,2020-01-01,84
21907506576000,2020-01-01,43
21907506576250,2020-01-01,85
21907506576500,2020-01-01,178
21907506576750,2020-01-01,177
21907506577000,2020-01-01,21
21907506578250,2020-01-01,9
21907506578500,2020-01-01,18
21907506578750,2020-01-01,29
21907506579000,2020-01-01,10
21907506579250,2020-01-01,20
21907506579500,2020-01-01,11
21907506580250,2020-01-01,6
21907506581000,2020-01-01,4
21907506581250,2020-01-01,5
21907506581500,2020-01-01,3
21907506581750,2020-01-01,2
21907506582000,2020-01-01,3
21907506582250,2020-01-01,8
21907506582500,2020-01-01,8
21907506583000,2020-01-01,6
21907506583750,2020-01-01,6
21907506584000,2020-01-01,4
21907506584250,2020-01-01,9
21907506584500,2020-01-01,7
21907506584750,2020-01-01,6
21907506585000,2020-01-01,10
21907506585250,2020-01-01,5
21907506597000,2020-01-01,2
21910006567000,2020-01-01,2
21910006567750,2020-01-01,1
21910006568000,2020-01-01,3
21910006568250,2020-01-01,8
21910006573250,2020-01-01,13
21910006573500,2020-01-01,169
21910006573750,2020-01-01,116
21910006575000,2020-01-01,22
21910006575250,2020-01-01,129
21910006575500,2020-01-01,90
21910006575750,2020-01-01,137
21910006576000,2020-01-01,150
21910006576250,2020-01-01,162
21910006576500,2020-01-01,326
21910006576750,2020-01-01,188
21910006577000,2020-01-01,12
21910006577750,2020-01-01,5
21910006578000,2020-01-01,33
21910006578250,2020-01-01,18
21910006578500,2020-01-01,68
21910006578750,2020-01-01,12
21910006579500,2020-01-01,12
21910006579750,2020-01-01,14
21910006580000,2020-01-01,14
21910006580250,2020-01-01,7
21910006580500,2020-01-01,8
21910006580750,2020-01-01,6
21910006581000,2020-01-01,4
21910006581250,2020-01-01,1
21910006581750,2020-01-01,3
21910006584500,2020-01-01,1
21910006584750,2020-01-01,2
21912506567750,2020-01-01,9
21912506568000,2020-01-01,11
21912506568250,2020-01-01,4
21912506572000,2020-01-01,1
21912506572500,2020-01-01,4
21912506574750,2020-01-01,79
21912506575000,2020-01-01,101
21912506575250,2020-01-01,173
21912506575500,2020-01-01,132
21912506575750,2020-01-01,127
21912506576000,2020-01-01,66
21912506576500,2020-01-01,46
21912506576750,2020-01-01,487
21912506577000,2020-01-01,64
21912506577250,2020-01-01,88
21912506577500,2020-01-01,22
21912506577750,2020-01-01,13
21912506578500,2020-01-01,5
21912506578750,2020-01-01,52
21912506579000,2020-01-01,47
21912506579250,2020-01-01,38
21912506579500,2020-01-01,65
21912506579750,2020-01-01,46
21912506580000,2020-01-01,41
21912506580250,2020-01-01,2
21912506580500,2020-01-01,7
21912506581000,2020-01-01,3
21912506581250,2020-01-01,6
21912506581750,2020-01-01,7
21912506582000,2020-01-01,4
21915006566500,2020-01-01,2
21915006567500,2020-01-01,4
21915006568500,2020-01-01,4
21915006569250,2020-01-01,9
21915006569500,2020-01-01,3
21915006570500,2020-01-01,4
21915006572250,2020-01-01,13
21915006572500,2020-01-01,62
21915006572750,2020-01-01,45
21915006573000,2020-01-01,94
21915006573250,2020-01-01,170
21915006573500,2020-01-01,15
21915006573750,2020-01-01,2
21915006574000,2020-01-01,71
21915006574250,2020-01-01,10
21915006574750,2020-01-01,116
21915006575000,2020-01-01,164
21915006575250,2020-01-01,178
21915006575500,2020-01-01,143
21915006575750,2020-01-01,117
21915006576000,2020-01-01,209
21915006576250,2020-01-01,98
21915006576500,2020-01-01,61
21915006576750,2020-01-01,86
21915006577000,2020-01-01,96
21915006577250,2020-01-01,98
21915006577750,2020-01-01,17
21915006578000,2020-01-01,82
21915006578250,2020-01-01,131
21915006578500,2020-01-01,137
21915006578750,2020-01-01,44
21915006579000,2020-01-01,120
21915006579250,2020-01-01,94
21915006579500,2020-01-01,77
21915006579750,2020-01-01,12
21915006580000,2020-01-01,2
21915006580250,2020-01-01,5
21915006580500,2020-01-01,1
21915006580750,2020-01-01,2
21915006581000,2020-01-01,7
21915006581500,2020-01-01,5
21915006582000,2020-01-01,5
21915006596000,2020-01-01,2
21917506566750,2020-01-01,32
21917506567000,2020-01-01,1
21917506567500,2020-01-01,2
21917506567750,2020-01-01,9
21917506568250,2020-01-01,5
21917506568500,2020-01-01,21
21917506568750,2020-01-01,66
21917506569000,2020-01-01,102
21917506569250,2020-01-01,225
21917506569500,2020-01-01,220
21917506570000,2020-01-01,3
21917506570500,2020-01-01,4
21917506571250,2020-01-01,4
21917506571750,2020-01-01,21
21917506572000,2020-01-01,45
21917506572250,2020-01-01,21
21917506572500,2020-01-01,90
21917506572750,2020-01-01,99
21917506573000,2020-01-01,116
21917506573250,2020-01-01,59
21917506573500,2020-01-01,154
21917506573750,2020-01-01,86
21917506574000,2020-01-01,193
21917506574250,2020-01-01,64
21917506574750,2020-01-01,64
21917506575000,2020-01-01,255
21917506575250,2020-01-01,141
21917506575500,2020-01-01,74
21917506575750,2020-01-01,163
21917506576000,2020-01-01,220
21917506576250,2020-01-01,263
21917506576500,2020-01-01,171
21917506576750,2020-01-01,81
21917506577250,2020-01-01,32
21917506577500,2020-01-01,127
21917506577750,2020-01-01,162
21917506578000,2020-01-01,97
21917506578250,2020-01-01,101
21917506578500,2020-01-01,96
21917506578750,2020-01-01,4
21917506579000,2020-01-01,4
21917506580250,2020-01-01,4
21917506580500,2020-01-01,7
21917506581500,2020-01-01,1
21917506595750,2020-01-01,3
21920006566750,2020-01-01,10
21920006567000,2020-01-01,67
21920006567250,2020-01-01,28
21920006567500,2020-01-01,16
21920006568000,2020-01-01,1
21920006568250,2020-01-01,3
21920006568500,2020-01-01,40
21920006568750,2020-01-01,205
21920006569000,2020-01-01,265
21920006569250,2020-01-01,111
21920006569500,2020-01-01,115
21920006570000,2020-01-01,2
21920006570250,2020-01-01,6
21920006570750,2020-01-01,7
21920006571250,2020-01-01,2
21920006571750,2020-01-01,72
21920006572000,2020-01-01,7
21920006572250,2020-01-01,22
21920006572500,2020-01-01,15
21920006572750,2020-01-01,26
21920006573000,2020-01-01,173
21920006573250,2020-01-01,262
21920006573500,2020-01-01,104
21920006573750,2020-01-01,104
21920006574000,2020-01-01,163
21920006574250,2020-01-01,271
21920006574500,2020-01-01,216
21920006574750,2020-01-01,23
21920006575000,2020-01-01,168
21920006575250,2020-01-01,293
21920006575500,2020-01-01,100
21920006575750,2020-01-01,225
21920006576000,2020-01-01,175
21920006576250,2020-01-01,389
21920006576500,2020-01-01,302
21920006576750,2020-01-01,73
21920006577000,2020-01-01,43
21920006577250,2020-01-01,172
21920006577500,2020-01-01,141
21920006577750,2020-01-01,62
21920006578000,2020-01-01,5
21920006578500,2020-01-01,9
21920006578750,2020-01-01,1
21920006579500,2020-01-01,3
21920006580000,2020-01-01,2
21920006580250,2020-01-01,5
21920006580500,2020-01-01,5
21920006580750,2020-01-01,4
21920006581500,2020-01-01,13
21920006581750,2020-01-01,6
21922506567000,2020-01-01,47
21922506567250,2020-01-01,148
21922506567500,2020-01-01,30
21922506568500,2020-01-01,52
21922506568750,2020-01-01,116
21922506569250,2020-01-01,320
21922506569500,2020-01-01,192
21922506569750,2020-01-01,63
21922506570250,2020-01-01,3
21922506570500,2020-01-01,5
21922506570750,2020-01-01,14
21922506571750,2020-01-01,18
21922506572000,2020-01-01,110
21922506572250,2020-01-01,122
21922506572500,2020-01-01,177
21922506572750,2020-01-01,141
21922506573000,2020-01-01,79
21922506573250,2020-01-01,128
21922506573500,2020-01-01,187
21922506573750,2020-01-01,154
21922506574000,2020-01-01,235
21922506574250,2020-01-01,148
21922506574750,2020-01-01,164
21922506575000,2020-01-01,42
21922506575250,2020-01-01,20
21922506575500,2020-01-01,178
21922506575750,2020-01-01,189
21922506576000,2020-01-01,130
21922506576250,2020-01-01,208
21922506576500,2020-01-01,99
21922506576750,2020-01-01,83
21922506577250,2020-01-01,5
21922506577500,2020-01-01,10
21922506577750,2020-01-01,50
21922506578000,2020-01-01,98
21922506578250,2020-01-01,49
21922506578750,2020-01-01,4
21922506579250,2020-01-01,6
21922506579500,2020-01-01,2
21922506579750,2020-01-01,2
21922506580000,2020-01-01,5
21922506580500,2020-01-01,5
21922506580750,2020-01-01,3
21925006567250,2020-01-01,21
21925006567500,2020-01-01,54
21925006568000,2020-01-01,33
21925006568500,2020-01-01,89
21925006568750,2020-01-01,79
21925006569000,2020-01-01,98
21925006569250,2020-01-01,27
21925006569500,2020-01-01,157
21925006569750,2020-01-01,29
21925006570000,2020-01-01,11
21925006570250,2020-01-01,4
21925006571750,2020-01-01,55
21925006572000,2020-01-01,204
21925006572250,2020-01-01,161
21925006572500,2020-01-01,129
21925006572750,2020-01-01,117
21925006573000,2020-01-01,96
21925006573250,2020-01-01,159
21925006573500,2020-01-01,180
21925006573750,2020-01-01,233
21925006574000,2020-01-01,155
21925006574500,2020-01-01,1
21925006574750,2020-01-01,30
21925006575000,2020-01-01,50
21925006575250,2020-01-01,227
21925006575500,2020-01-01,155
21925006575750,2020-01-01,205
21925006576000,2020-01-01,197
21925006576250,2020-01-01,77
21925006576500,2020-01-01,117
21925006576750,2020-01-01,161
21925006577000,2020-01-01,75
21925006577500,2020-01-01,10
21925006579000,2020-01-01,7
21925006579250,2020-01-01,4
21925006579500,2020-01-01,1
21925006580250,2020-01-01,8
21925006580500,2020-01-01,6
21925006580750,2020-01-01,7
21925006581000,2020-01-01,2
21925006581250,2020-01-01,1
21925006581500,2020-01-01,6
21925006582000,2020-01-01,1
21925006582250,2020-01-01,2
21925006582500,2020-01-01,20
21925006582750,2020-01-01,3
21927506567500,2020-01-01,3
21927506567750,2020-01-01,13
21927506568000,2020-01-01,24
21927506568250,2020-01-01,26
21927506568500,2020-01-01,142
21927506568750,2020-01-01,163
21927506569000,2020-01-01,193
21927506569250,2020-01-01,67
21927506569500,2020-01-01,152
21927506569750,2020-01-01,21
21927506570000,2020-01-01,9
21927506570250,2020-01-01,35
21927506570500,2020-01-01,129
21927506570750,2020-01-01,20
21927506571500,2020-01-01,2
21927506571750,2020-01-01,5
21927506572000,2020-01-01,143
21927506572250,2020-01-01,122
21927506572500,2020-01-01,26
21927506572750,2020-01-01,12
21927506573000,2020-01-01,124
21927506573250,2020-01-01,88
21927506573500,2020-01-01,99
21927506573750,2020-01-01,104
21927506574000,2020-01-01,35
21927506574250,2020-01-01,24
21927506574500,2020-01-01,142
21927506574750,2020-01-01,190
21927506575000,2020-01-01,221
21927506575250,2020-01-01,176
21927506575500,2020-01-01,135
21927506575750,2020-01-01,50
21927506576000,2020-01-01,60
21927506576250,2020-01-01,77
21927506576500,2020-01-01,82
21927506576750,2020-01-01,16
21927506578750,2020-01-01,13
21927506579000,2020-01-01,7
21927506579250,2020-01-01,2
21927506579750,2020-01-01,2
21927506580000,2020-01-01,11
21927506580250,2020-01-01,10
21927506580500,2020-01-01,6
21927506580750,2020-01-01,2
21927506581000,2020-01-01,4
21927506581250,2020-01-01,1
21927506581750,2020-01-01,8
21927506582000,2020-01-01,7
21927506582250,2020-01-01,3
21927506582500,2020-01-01,1
21930006566750,2020-01-01,56
21930006567000,2020-01-01,174
21930006567250,2020-01-01,14
21930006567500,2020-01-01,11
21930006567750,2020-01-01,188
21930006568000,2020-01-01,119
21930006568250,2020-01-01,76
21930006568500,2020-01-01,121
21930006568750,2020-01-01,25
21930006569000,2020-01-01,51
21930006569250,2020-01-01,123
21930006569500,2020-01-01,108
21930006569750,2020-01-01,102
21930006570000,2020-01-01,75
21930006570250,2020-01-01,62
21930006570500,2020-01-01,211
21930006570750,2020-01-01,145
21930006571000,2020-01-01,16
21930006571500,2020-01-01,7
21930006571750,2020-01-01,43
21930006572000,2020-01-01,73
21930006573250,2020-01-01,4
21930006573500,2020-01-01,49
21930006573750,2020-01-01,168
21930006574000,2020-01-01,107
21930006574250,2020-01-01,121
21930006574500,2020-01-01,154
21930006574750,2020-01-01,136
21930006575000,2020-01-01,137
21930006575250,2020-01-01,106
21930006575500,2020-01-01,176
21930006575750,2020-01-01,122
21930006576000,2020-01-01,108
21930006576250,2020-01-01,138
21930006576500,2020-01-01,28
21930006578500,2020-01-01,1
21930006578750,2020-01-01,21
21930006579500,2020-01-01,5
21930006579750,2020-01-01,2
21930006581000,2020-01-01,6
21930006581250,2020-01-01,4
21932506560500,2020-01-01,3
21932506561250,2020-01-01,3
21932506561750,2020-01-01,2
21932506562000,2020-01-01,10
21932506562500,2020-01-01,1
21932506564250,2020-01-01,2
21932506564500,2020-01-01,51
21932506564750,2020-01-01,56
21932506566250,2020-01-01,24
21932506566500,2020-01-01,55
21932506566750,2020-01-01,195
21932506567000,2020-01-01,189
21932506567250,2020-01-01,103
21932506567500,2020-01-01,7
21932506567750,2020-01-01,97
21932506568000,2020-01-01,209
21932506568250,2020-01-01,175
21932506568500,2020-01-01,54
21932506568750,2020-01-01,206
21932506569000,2020-01-01,80
21932506569250,2020-01-01,154
21932506569500,2020-01-01,202
21932506569750,2020-01-01,191
21932506570000,2020-01-01,121
21932506570250,2020-01-01,89
21932506570500,2020-01-01,57
21932506570750,2020-01-01,123
21932506571000,2020-01-01,141
21932506571250,2020-01-01,70
21932506571500,2020-01-01,12
21932506571750,2020-01-01,35
21932506572000,2020-01-01,7
21932506572250,2020-01-01,20
21932506572500,2020-01-01,67
21932506572750,2020-01-01,74
21932506573000,2020-01-01,137
21932506573250,2020-01-01,102
21932506573500,2020-01-01,45
21932506573750,2020-01-01,76
21932506574000,2020-01-01,83
21932506574250,2020-01-01,188
21932506574500,2020-01-01,127
21932506574750,2020-01-01,135
21932506575000,2020-01-01,157
21932506575250,2020-01-01,136
21932506575500,2020-01-01,74
21932506575750,2020-01-01,53
21932506576000,2020-01-01,19
21932506576250,2020-01-01,2
21932506578250,2020-01-01,4
21932506578500,2020-01-01,16
21932506578750,2020-01-01,13
21932506580750,2020-01-01,4
21932506581250,2020-01-01,6
21935006560750,2020-01-01,2
21935006561250,2020-01-01,10
21935006562250,2020-01-01,16
21935006562500,2020-01-01,14
21935006564000,2020-01-01,19
21935006564250,2020-01-01,84
21935006564500,2020-01-01,165
21935006564750,2020-01-01,84
21935006565000,2020-01-01,13
21935006566000,2020-01-01,31
21935006566250,2020-01-01,145
21935006566500,2020-01-01,181
21935006566750,2020-01-01,162
21935006567000,2020-01-01,136
21935006567250,2020-01-01,11
21935006567500,2020-01-01,63
21935006568000,2020-01-01,44
21935006568250,2020-01-01,300
21935006568500,2020-01-01,157
21935006568750,2020-01-01,100
21935006569000,2020-01-01,46
21935006569250,2020-01-01,64
21935006569500,2020-01-01,110
21935006569750,2020-01-01,121
21935006570000,2020-01-01,104
21935006570250,2020-01-01,15
21935006570750,2020-01-01,14
21935006571000,2020-01-01,70
21935006571250,2020-01-01,5
21935006571500,2020-01-01,1
21935006572000,2020-01-01,24
21935006572250,2020-01-01,159
21935006572500,2020-01-01,131
21935006572750,2020-01-01,123
21935006573000,2020-01-01,124
21935006573250,2020-01-01,2
21935006573500,2020-01-01,3
21935006573750,2020-01-01,8
21935006574000,2020-01-01,139
21935006574250,2020-01-01,44
21935006574500,2020-01-01,120
21935006574750,2020-01-01,48
21935006575000,2020-01-01,42
21935006575250,2020-01-01,13
21935006577000,2020-01-01,5
21935006577500,2020-01-01,5
21935006577750,2020-01-01,8
21935006578250,2020-01-01,23
21935006578500,2020-01-01,13
21935006578750,2020-01-01,19
21935006581000,2020-01-01,11
21937506560000,2020-01-01,3
21937506560250,2020-01-01,3
21937506560750,2020-01-01,3
21937506561250,2020-01-01,5
21937506561500,2020-01-01,2
21937506561750,2020-01-01,12
21937506562000,2020-01-01,1
21937506563750,2020-01-01,48
21937506564000,2020-01-01,124
21937506564250,2020-01-01,161
21937506564500,2020-01-01,137
21937506564750,2020-01-01,144
21937506565000,2020-01-01,83
21937506565250,2020-01-01,11
21937506565500,2020-01-01,49
21937506565750,2020-01-01,34
21937506566000,2020-01-01,91
21937506566250,2020-01-01,158
21937506566500,2020-01-01,134
21937506566750,2020-01-01,102
21937506567000,2020-01-01,225
21937506567250,2020-01-01,108
21937506567500,2020-01-01,232
21937506567750,2020-01-01,333
21937506568000,2020-01-01,130
21937506568250,2020-01-01,196
21937506568500,2020-01-01,146
21937506568750,2020-01-01,185
21937506569000,2020-01-01,130
21937506569250,2020-01-01,67
21937506569500,2020-01-01,163
21937506569750,2020-01-01,49
21937506570000,2020-01-01,4
21937506570250,2020-01-01,2
21937506570500,2020-01-01,165
21937506570750,2020-01-01,14
21937506571750,2020-01-01,78
21937506572000,2020-01-01,140
21937506572250,2020-01-01,164
21937506572500,2020-01-01,97
21937506572750,2020-01-01,23
21937506573000,2020-01-01,2
21937506573250,2020-01-01,4
21937506573500,2020-01-01,11
21937506574000,2020-01-01,8
21937506574250,2020-01-01,3
21937506574500,2020-01-01,9
21937506574750,2020-01-01,2
21937506575000,2020-01-01,15
21937506575250,2020-01-01,5
21937506576500,2020-01-01,5
21937506576750,2020-01-01,20
21937506577000,2020-01-01,7
21937506577250,2020-01-01,21
21937506577500,2020-01-01,10
21937506577750,2020-01-01,6
21937506578000,2020-01-01,9
21937506578500,2020-01-01,3
21937506578750,2020-01-01,10
21937506579000,2020-01-01,2
21937506579250,2020-01-01,1
21937506580000,2020-01-01,2
21937506580250,2020-01-01,3
21940006560000,2020-01-01,3
21940006560250,2020-01-01,22
21940006560750,2020-01-01,12
21940006561000,2020-01-01,23
21940006561250,2020-01-01,15
21940006561500,2020-01-01,19
21940006562000,2020-01-01,7
21940006562250,2020-01-01,4
21940006563750,2020-01-01,91
21940006564000,2020-01-01,106
21940006564250,2020-01-01,90
21940006564500,2020-01-01,113
21940006564750,2020-01-01,75
21940006565000,2020-01-01,49
21940006565250,2020-01-01,63
21940006565500,2020-01-01,51
21940006565750,2020-01-01,67
21940006566000,2020-01-01,100
21940006566250,2020-01-01,144
21940006566500,2020-01-01,125
21940006566750,2020-01-01,109
21940006567000,2020-01-01,263
21940006567250,2020-01-01,149
21940006567500,2020-01-01,156
21940006567750,2020-01-01,90
21940006568000,2020-01-01,113
21940006568250,2020-01-01,148
21940006568500,2020-01-01,180
21940006568750,2020-01-01,135
21940006569000,2020-01-01,85
21940006569250,2020-01-01,36
21940006569500,2020-01-01,20
21940006570000,2020-01-01,2
21940006570250,2020-01-01,29
21940006570500,2020-01-01,145
21940006570750,2020-01-01,101
21940006571000,2020-01-01,36
21940006571250,2020-01-01,56
21940006571500,2020-01-01,114
21940006571750,2020-01-01,166
21940006572000,2020-01-01,72
21940006572250,2020-01-01,38
21940006572500,2020-01-01,11
21940006572750,2020-01-01,14
21940006573000,2020-01-01,6
21940006573250,2020-01-01,19
21940006573500,2020-01-01,2
21940006573750,2020-01-01,6
21940006576000,2020-01-01,17
21940006576250,2020-01-01,27
21940006576500,2020-01-01,69
21940006576750,2020-01-01,62
21940006577000,2020-01-01,4
21940006577250,2020-01-01,3
21940006577500,2020-01-01,1
21940006578000,2020-01-01,14
21940006578250,2020-01-01,9
21940006578500,2020-01-01,3
21940006578750,2020-01-01,21
21940006579000,2020-01-01,6
21940006579250,2020-01-01,5
21940006580250,2020-01-01,2
21940006581000,2020-01-01,7
21940006581250,2020-01-01,4
21942506560000,2020-01-01,3
21942506560250,2020-01-01,10
21942506560750,2020-01-01,6
21942506561500,2020-01-01,3
21942506561750,2020-01-01,3
21942506563000,2020-01-01,6
21942506563750,2020-01-01,147
21942506564000,2020-01-01,78
21942506564250,2020-01-01,34
21942506564500,2020-01-01,73
21942506564750,2020-01-01,98
21942506565000,2020-01-01,163
21942506565250,2020-01-01,111
21942506565500,2020-01-01,61
21942506565750,2020-01-01,151
21942506566000,2020-01-01,167
21942506566250,2020-01-01,139
21942506566500,2020-01-01,161
21942506566750,2020-01-01,62
21942506567000,2020-01-01,133
21942506567250,2020-01-01,178
21942506567500,2020-01-01,190
21942506567750,2020-01-01,105
21942506568000,2020-01-01,65
21942506568250,2020-01-01,60
21942506568500,2020-01-01,43
21942506568750,2020-01-01,57
21942506569000,2020-01-01,59
21942506569250,2020-01-01,74
21942506569500,2020-01-01,26
21942506570000,2020-01-01,1
21942506570250,2020-01-01,13
21942506570500,2020-01-01,96
21942506570750,2020-01-01,162
21942506571000,2020-01-01,171
21942506571250,2020-01-01,144
21942506571500,2020-01-01,152
21942506571750,2020-01-01,138
21942506572000,2020-01-01,79
21942506572250,2020-01-01,11
21942506572750,2020-01-01,8
21942506576000,2020-01-01,6
21942506576250,2020-01-01,2
21942506576500,2020-01-01,10
21942506576750,2020-01-01,46
21942506577000,2020-01-01,2
21942506577500,2020-01-01,8
21942506578000,2020-01-01,2
21942506578500,2020-01-01,27
21942506578750,2020-01-01,12
21942506579000,2020-01-01,2
21942506579500,2020-01-01,14
21942506579750,2020-01-01,5
21942506580000,2020-01-01,3
21942506580250,2020-01-01,6
21942506580500,2020-01-01,3
21945006560500,2020-01-01,10
21945006561000,2020-01-01,68
21945006561250,2020-01-01,171
21945006561500,2020-01-01,5
21945006562500,2020-01-01,1
21945006563000,2020-01-01,50
21945006563250,2020-01-01,54
21945006563750,2020-01-01,179
21945006564000,2020-01-01,25
21945006564250,2020-01-01,61
21945006564500,2020-01-01,166
21945006564750,2020-01-01,228
21945006565000,2020-01-01,233
21945006565250,2020-01-01,137
21945006565500,2020-01-01,113
21945006565750,2020-01-01,71
21945006566000,2020-01-01,15
21945006566750,2020-01-01,130
21945006567000,2020-01-01,157
21945006567250,2020-01-01,124
21945006567500,2020-01-01,134
21945006567750,2020-01-01,65
21945006568000,2020-01-01,67
21945006568250,2020-01-01,142
21945006568500,2020-01-01,240
21945006568750,2020-01-01,185
21945006569000,2020-01-01,166
21945006569250,2020-01-01,195
21945006569500,2020-01-01,108
21945006569750,2020-01-01,19
21945006570250,2020-01-01,11
21945006570500,2020-01-01,72
21945006570750,2020-01-01,165
21945006571000,2020-01-01,136
21945006571250,2020-01-01,149
21945006571500,2020-01-01,62
21945006572000,2020-01-01,2
21945006572250,2020-01-01,16
21945006575250,2020-01-01,2
21945006575500,2020-01-01,6
21945006575750,2020-01-01,6
21945006576250,2020-01-01,11
21945006576500,2020-01-01,10
21945006577750,2020-01-01,2
21945006578250,2020-01-01,3
21945006578750,2020-01-01,2
21945006579250,2020-01-01,6
21945006580500,2020-01-01,5
21945006580750,2020-01-01,4
21945006581000,2020-01-01,9
21947506558250,2020-01-01,28
21947506560500,2020-01-01,21
21947506560750,2020-01-01,59
21947506561000,2020-01-01,82
21947506561250,2020-01-01,116
21947506561500,2020-01-01,88
21947506561750,2020-01-01,22
21947506562500,2020-01-01,11
21947506562750,2020-01-01,56
21947506563000,2020-01-01,125
21947506563250,2020-01-01,41
21947506563500,2020-01-01,15
21947506563750,2020-01-01,76
21947506564000,2020-01-01,88
21947506564250,2020-01-01,128
21947506564500,2020-01-01,10
21947506564750,2020-01-01,184
21947506565000,2020-01-01,14
21947506565250,2020-01-01,23
21947506565500,2020-01-01,37
21947506566750,2020-01-01,112
21947506567000,2020-01-01,168
21947506567250,2020-01-01,38
21947506567500,2020-01-01,111
21947506567750,2020-01-01,38
21947506568000,2020-01-01,128
21947506568250,2020-01-01,333
21947506568500,2020-01-01,243
21947506568750,2020-01-01,56
21947506569000,2020-01-01,209
21947506569250,2020-01-01,196
21947506569500,2020-01-01,224
21947506569750,2020-01-01,120
21947506570000,2020-01-01,37
21947506570250,2020-01-01,72
21947506570750,2020-01-01,37
21947506571000,2020-01-01,78
21947506571250,2020-01-01,42
21947506571500,2020-01-01,17
21947506572250,2020-01-01,4
21947506572750,2020-01-01,3
21947506574750,2020-01-01,4
21947506575000,2020-01-01,9
21947506575250,2020-01-01,5
21947506576500,2020-01-01,3
21947506578250,2020-01-01,6
21947506578500,2020-01-01,6
21947506578750,2020-01-01,2
21947506579000,2020-01-01,2
21947506579250,2020-01-01,1
21947506579500,2020-01-01,2
21947506579750,2020-01-01,4
21947506580500,2020-01-01,4
21947506586500,2020-01-01,1
21947506586750,2020-01-01,4
21947506587000,2020-01-01,11
21950006558000,2020-01-01,3
21950006558250,2020-01-01,45
21950006560250,2020-01-01,22
21950006560500,2020-01-01,11
21950006560750,2020-01-01,95
21950006561000,2020-01-01,116
21950006561250,2020-01-01,100
21950006561500,2020-01-01,91
21950006561750,2020-01-01,148
21950006562000,2020-01-01,14
21950006562250,2020-01-01,15
21950006562500,2020-01-01,91
21950006562750,2020-01-01,150
21950006563000,2020-01-01,145
21950006563750,2020-01-01,29
21950006564000,2020-01-01,198
21950006564250,2020-01-01,212
21950006564500,2020-01-01,124
21950006565250,2020-01-01,50
21950006565500,2020-01-01,2
21950006566750,2020-01-01,84
21950006567000,2020-01-01,145
21950006567250,2020-01-01,73
21950006567500,2020-01-01,39
21950006568000,2020-01-01,24
21950006568250,2020-01-01,264
21950006568500,2020-01-01,210
21950006568750,2020-01-01,118
21950006569000,2020-01-01,50
21950006569500,2020-01-01,46
21950006569750,2020-01-01,136
21950006570000,2020-01-01,175
21950006570250,2020-01-01,103
21950006570500,2020-01-01,253
21950006570750,2020-01-01,28
21950006571000,2020-01-01,1
21950006571250,2020-01-01,9
21950006571750,2020-01-01,4
21950006572000,2020-01-01,5
21950006574500,2020-01-01,2
21950006574750,2020-01-01,20
21950006575000,2020-01-01,10
21950006577250,2020-01-01,2
21950006578750,2020-01-01,6
21950006579000,2020-01-01,2
21950006579250,2020-01-01,6
21950006579500,2020-01-01,3
21950006579750,2020-01-01,2
21950006580000,2020-01-01,1
21950006580500,2020-01-01,4
21950006581000,2020-01-01,8
21950006581250,2020-01-01,4
21950006586500,2020-01-01,10
21950006586750,2020-01-01,4
21950006587000,2020-01-01,5
21950006587250,2020-01-01,4
21952506558250,2020-01-01,42
21952506558500,2020-01-01,7
21952506558750,2020-01-01,77
21952506559500,2020-01-01,5
21952506559750,2020-01-01,11
21952506560000,2020-01-01,15
21952506560250,2020-01-01,26
21952506560500,2020-01-01,31
21952506560750,2020-01-01,117
21952506561000,2020-01-01,101
21952506561250,2020-01-01,73
21952506561500,2020-01-01,4
21952506562000,2020-01-01,15
21952506562250,2020-01-01,44
21952506562500,2020-01-01,129
21952506562750,2020-01-01,57
21952506563000,2020-01-01,69
21952506563250,2020-01-01,16
21952506563500,2020-01-01,34
21952506563750,2020-01-01,79
21952506564000,2020-01-01,123
21952506564250,2020-01-01,105
21952506564500,2020-01-01,37
21952506564750,2020-01-01,3
21952506565000,2020-01-01,20
21952506565250,2020-01-01,87
21952506566500,2020-01-01,11
21952506566750,2020-01-01,185
21952506567000,2020-01-01,127
21952506567250,2020-01-01,17
21952506568000,2020-01-01,54
21952506568250,2020-01-01,43
21952506568500,2020-01-01,165
21952506568750,2020-01-01,232
21952506569000,2020-01-01,142
21952506569500,2020-01-01,3
21952506569750,2020-01-01,131
21952506570000,2020-01-01,121
21952506570250,2020-01-01,65
21952506570500,2020-01-01,55
21952506570750,2020-01-01,31
21952506571000,2020-01-01,7
21952506572750,2020-01-01,5
21952506574250,2020-01-01,2
21952506574500,2020-01-01,13
21952506574750,2020-01-01,2
21952506577000,2020-01-01,4
21952506578750,2020-01-01,6
21952506579000,2020-01-01,2
21952506579250,2020-01-01,10
21952506580000,2020-01-01,9
21952506587250,2020-01-01,8
21952506587500,2020-01-01,3
21955006557750,2020-01-01,5
21955006558000,2020-01-01,35
21955006558250,2020-01-01,104
21955006558500,2020-01-01,40
21955006558750,2020-01-01,9
21955006559250,2020-01-01,5
21955006559500,2020-01-01,81
21955006559750,2020-01-01,18
21955006560250,2020-01-01,92
21955006560500,2020-01-01,154
21955006560750,2020-01-01,123
21955006561000,2020-01-01,93
21955006561250,2020-01-01,146
21955006561500,2020-01-01,119
21955006561750,2020-01-01,105
21955006562000,2020-01-01,106
21955006562250,2020-01-01,153
21955006562500,2020-01-01,90
21955006562750,2020-01-01,43
21955006563000,2020-01-01,9
21955006563250,2020-01-01,89
21955006563500,2020-01-01,112
21955006563750,2020-01-01,95
21955006564000,2020-01-01,75
21955006564250,2020-01-01,102
21955006564500,2020-01-01,6
21955006564750,2020-01-01,2
21955006565000,2020-01-01,2
21955006566250,2020-01-01,2
21955006566500,2020-01-01,5
21955006566750,2020-01-01,57
21955006567000,2020-01-01,23
21955006567500,2020-01-01,9
21955006567750,2020-01-01,12
21955006568250,2020-01-01,1
21955006568500,2020-01-01,85
21955006568750,2020-01-01,100
21955006569000,2020-01-01,173
21955006569250,2020-01-01,17
21955006570250,2020-01-01,5
21955006570500,2020-01-01,12
21955006570750,2020-01-01,5
21955006571000,2020-01-01,11
21955006571250,2020-01-01,11
21955006572750,2020-01-01,5
21955006573250,2020-01-01,5
21955006574000,2020-01-01,2
21955006579000,2020-01-01,12
21955006579250,2020-01-01,22
21955006579500,2020-01-01,1
21955006580000,2020-01-01,10
21955006580250,2020-01-01,3
21955006587000,2020-01-01,7
21955006587250,2020-01-01,5
21955006587500,2020-01-01,2
21957506557750,2020-01-01,87
21957506558000,2020-01-01,190
21957506558250,2020-01-01,54
21957506558500,2020-01-01,87
21957506558750,2020-01-01,41
21957506559500,2020-01-01,9
21957506559750,2020-01-01,6
21957506560250,2020-01-01,41
21957506560500,2020-01-01,44
21957506560750,2020-01-01,113
21957506561000,2020-01-01,48
21957506561250,2020-01-01,102
21957506561500,2020-01-01,156
21957506561750,2020-01-01,120
21957506562000,2020-01-01,94
21957506562250,2020-01-01,109
21957506562500,2020-01-01,72
21957506562750,2020-01-01,57
21957506563000,2020-01-01,128
21957506563250,2020-01-01,32
21957506563500,2020-01-01,35
21957506563750,2020-01-01,95
21957506564000,2020-01-01,107
21957506564250,2020-01-01,88
21957506564750,2020-01-01,1
21957506565000,2020-01-01,19
21957506565250,2020-01-01,42
21957506565500,2020-01-01,55
21957506566500,2020-01-01,4
21957506566750,2020-01-01,6
21957506567250,2020-01-01,1
21957506567500,2020-01-01,3
21957506568250,2020-01-01,5
21957506568500,2020-01-01,2
21957506568750,2020-01-01,15
21957506569000,2020-01-01,7
21957506569250,2020-01-01,159
21957506570000,2020-01-01,8
21957506570750,2020-01-01,5
21957506571000,2020-01-01,3
21957506572750,2020-01-01,3
21957506573000,2020-01-01,4
21957506573250,2020-01-01,5
21957506574000,2020-01-01,7
21957506574250,2020-01-01,8
21957506579000,2020-01-01,4
21957506579250,2020-01-01,2
21957506579500,2020-01-01,3
21957506587000,2020-01-01,3
21957506587250,2020-01-01,24
21957506587500,2020-01-01,14
21957506587750,2020-01-01,10
21957506588000,2020-01-01,12
21960006557750,2020-01-01,87
21960006558000,2020-01-01,186
21960006558250,2020-01-01,204
21960006558500,2020-01-01,155
21960006558750,2020-01-01,24
21960006560500,2020-01-01,130
21960006560750,2020-01-01,80
21960006561000,2020-01-01,3
21960006561250,2020-01-01,98
21960006561500,2020-01-01,141
21960006561750,2020-01-01,98
21960006562000,2020-01-01,125
21960006562250,2020-01-01,50
21960006562500,2020-01-01,57
21960006562750,2020-01-01,35
21960006563000,2020-01-01,105
21960006563250,2020-01-01,29
21960006563750,2020-01-01,40
21960006564000,2020-01-01,146
21960006564250,2020-01-01,59
21960006564500,2020-01-01,30
21960006564750,2020-01-01,15
21960006565000,2020-01-01,86
21960006565250,2020-01-01,116
21960006565500,2020-01-01,97
21960006565750,2020-01-01,36
21960006566250,2020-01-01,13
21960006567750,2020-01-01,6
21960006568000,2020-01-01,9
21960006568250,2020-01-01,29
21960006568500,2020-01-01,4
21960006568750,2020-01-01,13
21960006569000,2020-01-01,4
21960006569250,2020-01-01,91
21960006569500,2020-01-01,11
21960006569750,2020-01-01,14
21960006570500,2020-01-01,4
21960006571500,2020-01-01,5
21960006571750,2020-01-01,5
21960006572000,2020-01-01,5
21960006572250,2020-01-01,4
21960006572500,2020-01-01,10
21960006572750,2020-01-01,10
21960006573250,2020-01-01,1
21960006573750,2020-01-01,3
21960006574000,2020-01-01,3
21960006574250,2020-01-01,2
21960006586000,2020-01-01,3
21960006586250,2020-01-01,1
21960006586500,2020-01-01,1
21960006587000,2020-01-01,10
21960006587250,2020-01-01,7
21960006587500,2020-01-01,3
21960006588000,2020-01-01,6
21962506557750,2020-01-01,114
21962506558000,2020-01-01,83
21962506558250,2020-01-01,119
21962506558500,2020-01-01,18
21962506561750,2020-01-01,35
21962506562000,2020-01-01,29
21962506562250,2020-01-01,5
21962506563000,2020-01-01,25
21962506563250,2020-01-01,72
21962506563500,2020-01-01,54
21962506563750,2020-01-01,40
21962506564000,2020-01-01,67
21962506564250,2020-01-01,40
21962506564500,2020-01-01,132
21962506564750,2020-01-01,56
21962506565000,2020-01-01,63
21962506565250,2020-01-01,100
21962506565500,2020-01-01,152
21962506565750,2020-01-01,97
21962506566000,2020-01-01,77
21962506566250,2020-01-01,67
21962506566750,2020-01-01,3
21962506567250,2020-01-01,8
21962506567500,2020-01-01,3
21962506568500,2020-01-01,1
21962506568750,2020-01-01,3
21962506569000,2020-01-01,23
21962506569250,2020-01-01,21
21962506569500,2020-01-01,53
21962506569750,2020-01-01,33
21962506570000,2020-01-01,21
21962506570250,2020-01-01,10
21962506570500,2020-01-01,6
21962506570750,2020-01-01,5
21962506571250,2020-01-01,4
21962506571750,2020-01-01,3
21962506572500,2020-01-01,9
21962506572750,2020-01-01,4
21962506573250,2020-01-01,4
21962506586000,2020-01-01,2
21962506586500,2020-01-01,11
21962506586750,2020-01-01,1
21962506587500,2020-01-01,10
21962506587750,2020-01-01,9
21965006557750,2020-01-01,98
21965006558000,2020-01-01,26
21965006563250,2020-01-01,7
21965006563500,2020-01-01,35
21965006563750,2020-01-01,66
21965006564000,2020-01-01,49
21965006564250,2020-01-01,44
21965006564500,2020-01-01,91
21965006564750,2020-01-01,74
21965006565000,2020-01-01,5
21965006565250,2020-01-01,61
21965006565500,2020-01-01,36
21965006565750,2020-01-01,18
21965006566000,2020-01-01,203
21965006566250,2020-01-01,35
21965006568750,2020-01-01,2
21965006569000,2020-01-01,12
21965006569250,2020-01-01,13
21965006569750,2020-01-01,10
21965006570000,2020-01-01,2
21965006571000,2020-01-01,7
21965006571250,2020-01-01,12
21965006572250,2020-01-01,4
21965006572500,2020-01-01,1
21965006573250,2020-01-01,1
21965006573500,2020-01-01,9
21965006573750,2020-01-01,2
21965006585500,2020-01-01,2
21965006586000,2020-01-01,5
21965006586750,2020-01-01,4
21965006587000,2020-01-01,2
21965006587750,2020-01-01,8
21965006588000,2020-01-01,11
21967506564000,2020-01-01,12
21967506564250,2020-01-01,50
21967506564500,2020-01-01,9
21967506564750,2020-01-01,34
21967506565750,2020-01-01,10
21967506566000,2020-01-01,23
21967506569250,2020-01-01,6
21967506570750,2020-01-01,8
21967506571250,2020-01-01,6
21967506571500,2020-01-01,3
21967506572000,2020-01-01,4
21967506574500,2020-01-01,10
21967506574750,2020-01-01,5
21967506580750,2020-01-01,3
21967506591500,2020-01-01,1
21967506591750,2020-01-01,1
21967506592250,2020-01-01,4
21970006564250,2020-01-01,34
21970006564500,2020-01-01,3
21970006564750,2020-01-01,8
21970006568500,2020-01-01,6
21970006569000,2020-01-01,9
21970006569250,2020-01-01,20
21970006569500,2020-01-01,5
21970006570250,2020-01-01,13
21970006570500,2020-01-01,6
21970006571000,2020-01-01,3
21970006571250,2020-01-01,7
21970006575000,2020-01-01,6
21970006575250,2020-01-01,4
21970006575500,2020-01-01,1
21970006575750,2020-01-01,5
21970006580500,2020-01-01,4
21970006580750,2020-01-01,5
21970006581000,2020-01-01,7
21970006585000,2020-01-01,5
21970006585250,2020-01-01,4
21972506557750,2020-01-01,1
21972506560750,2020-01-01,4
21972506561000,2020-01-01,1
21972506561500,2020-01-01,3
21972506561750,2020-01-01,3
21972506562000,2020-01-01,9
21972506562250,2020-01-01,25
21972506562500,2020-01-01,14
21972506564250,2020-01-01,7
21972506564500,2020-01-01,14
21972506565750,2020-01-01,5
21972506569250,2020-01-01,7
21972506569500,2020-01-01,2
21972506569750,2020-01-01,2
21972506570000,2020-01-01,14
21972506570250,2020-01-01,5
21972506571250,2020-01-01,3
21972506571500,2020-01-01,4
21972506572250,2020-01-01,1
21972506574500,2020-01-01,6
21972506581000,2020-01-01,6
21972506581250,2020-01-01,8
21972506584750,2020-01-01,2
21972506585000,2020-01-01,9
21975006557500,2020-01-01,16
21975006557750,2020-01-01,16
21975006560500,2020-01-01,4
21975006561000,2020-01-01,3
21975006561250,2020-01-01,27
21975006561500,2020-01-01,37
21975006561750,2020-01-01,24
21975006562000,2020-01-01,14
21975006562250,2020-01-01,7
21975006562500,2020-01-01,16
21975006562750,2020-01-01,21
21975006563000,2020-01-01,11
21975006563250,2020-01-01,36
21975006563500,2020-01-01,5
21975006563750,2020-01-01,5
21975006564000,2020-01-01,15
21975006564250,2020-01-01,11
21975006564500,2020-01-01,3
21975006564750,2020-01-01,4
21975006565250,2020-01-01,4
21975006565750,2020-01-01,17
21975006566000,2020-01-01,1
21975006569500,2020-01-01,4
21975006570000,2020-01-01,2
21975006571000,2020-01-01,1
21975006571500,2020-01-01,2
21975006571750,2020-01-01,5
21975006572000,2020-01-01,2
21975006581250,2020-01-01,3
21975006584000,2020-01-01,1
21975006584250,2020-01-01,7
21975006584500,2020-01-01,6
21975006584750,2020-01-01,8
21977506557000,2020-01-01,26
21977506557250,2020-01-01,54
21977506557500,2020-01-01,45
21977506557750,2020-01-01,14
21977506559500,2020-01-01,4
21977506560000,2020-01-01,8
21977506560250,2020-01-01,2
21977506560500,2020-01-01,10
21977506561250,2020-01-01,4
21977506561500,2020-01-01,87
21977506561750,2020-01-01,12
21977506562750,2020-01-01,2
21977506563250,2020-01-01,17
21977506563500,2020-01-01,36
21977506563750,2020-01-01,36
21977506564000,2020-01-01,16
21977506564250,2020-01-01,31
21977506564500,2020-01-01,17
21977506565000,2020-01-01,7
21977506565250,2020-01-01,2
21977506566000,2020-01-01,4
21977506566250,2020-01-01,12
21977506570000,2020-01-01,5
21977506571500,2020-01-01,2
21977506572250,2020-01-01,1
21977506572500,2020-01-01,2
21977506581250,2020-01-01,49
21977506581500,2020-01-01,23
21977506584000,2020-01-01,2
21977506584500,2020-01-01,4
21977506584750,2020-01-01,11
21977506585000,2020-01-01,2
21980006556750,2020-01-01,2
21980006557000,2020-01-01,13
21980006557250,2020-01-01,28
21980006557500,2020-01-01,15
21980006559250,2020-01-01,1
21980006560000,2020-01-01,1
21980006560500,2020-01-01,2
21980006561000,2020-01-01,4
21980006564750,2020-01-01,2
21980006565250,2020-01-01,13
21980006566250,2020-01-01,4
21980006566500,2020-01-01,16
21980006566750,2020-01-01,3
21980006569750,2020-01-01,8
21980006572250,2020-01-01,7
21980006581250,2020-01-01,31
21980006581500,2020-01-01,27
21980006582000,2020-01-01,33
21980006582250,2020-01-01,93
21980006582500,2020-01-01,75
21980006582750,2020-01-01,10
21980006583250,2020-01-01,5
21980006584000,2020-01-01,1
21980006584250,2020-01-01,2
21980006584500,2020-01-01,15
21980006584750,2020-01-01,1
21982506556750,2020-01-01,2
21982506557000,2020-01-01,6
21982506557250,2020-01-01,11
21982506557500,2020-01-01,3
21982506560000,2020-01-01,6
21982506560750,2020-01-01,3
21982506561000,2020-01-01,7
21982506565250,2020-01-01,5
21982506565500,2020-01-01,1
21982506566250,2020-01-01,2
21982506566500,2020-01-01,29
21982506566750,2020-01-01,46
21982506567000,2020-01-01,3
21982506567250,2020-01-01,3
21982506570750,2020-01-01,4
21982506573250,2020-01-01,2
21982506574000,2020-01-01,3
21982506581250,2020-01-01,39
21982506581500,2020-01-01,2
21982506582000,2020-01-01,62
21982506582250,2020-01-01,67
21982506582500,2020-01-01,63
21982506582750,2020-01-01,44
21982506583000,2020-01-01,6
21982506584000,2020-01-01,3
21982506584250,2020-01-01,12
21982506584500,2020-01-01,4
21985006557250,2020-01-01,11
21985006557500,2020-01-01,6
21985006566500,2020-01-01,8
21985006566750,2020-01-01,16
21985006567250,2020-01-01,2
21985006567500,2020-01-01,3
21985006567750,2020-01-01,3
21985006570750,2020-01-01,6
21985006573750,2020-01-01,8
21985006575250,2020-01-01,3
21985006575500,2020-01-01,1
21985006582250,2020-01-01,7
21985006582500,2020-01-01,20
21985006583000,2020-01-01,5
21985006583250,2020-01-01,6
21985006583500,2020-01-01,11
21985006583750,2020-01-01,4
21985006584000,2020-01-01,7
21985006584250,2020-01-01,15
21985006584500,2020-01-01,23
21987506557250,2020-01-01,10
21987506561250,2020-01-01,9
21987506562000,2020-01-01,1
21987506562250,2020-01-01,3
21987506566500,2020-01-01,1
21987506567000,2020-01-01,8
21987506567250,2020-01-01,2
21987506567500,2020-01-01,7
21987506568000,2020-01-01,20
21987506568250,2020-01-01,13
21987506571250,2020-01-01,1
21987506582000,2020-01-01,76
21987506582250,2020-01-01,41
21987506582500,2020-01-01,21
21987506582750,2020-01-01,19
21987506583000,2020-01-01,2
21987506583500,2020-01-01,3
21987506584000,2020-01-01,7
21987506584250,2020-01-01,88
21987506584500,2020-01-01,31
21990006561250,2020-01-01,4
21990006562250,2020-01-01,3
21990006563250,2020-01-01,4
21990006567500,2020-01-01,9
21990006568000,2020-01-01,8
21990006568250,2020-01-01,3
21990006568500,2020-01-01,6
21990006570750,2020-01-01,4
21990006571250,2020-01-01,2
21990006573750,2020-01-01,1
21990006582250,2020-01-01,21
21990006584000,2020-01-01,9
21990006584250,2020-01-01,81
21990006584500,2020-01-01,19
21992506559750,2020-01-01,6
21992506560000,2020-01-01,5
21992506561250,2020-01-01,3
21992506563250,2020-01-01,3
21992506568000,2020-01-01,2
21992506568500,2020-01-01,2
21992506568750,2020-01-01,2
21992506569000,2020-01-01,12
21992506574500,2020-01-01,1
21992506582000,2020-01-01,1
21992506582250,2020-01-01,70
21992506582500,2020-01-01,28
21992506583750,2020-01-01,4
21992506584000,2020-01-01,3
21992506584250,2020-01-01,6
21995006558250,2020-01-01,3
21995006558500,2020-01-01,3
21995006563750,2020-01-01,2
21995006569250,2020-01-01,2
21995006569500,2020-01-01,2
21995006569750,2020-01-01,2
21995006582000,2020-01-01,9
21995006582250,2020-01-01,23
21995006582500,2020-01-01,10
21995006582750,2020-01-01,3
21995006583000,2020-01-01,2
21995006583500,2020-01-01,4
21995006583750,2020-01-01,8
21995006584250,2020-01-01,1
21995006596500,2020-01-01,1
21997506569250,2020-01-01,2
21997506570000,2020-01-01,10
21997506582250,2020-01-01,10
21997506582750,2020-01-01,86
21997506583000,2020-01-01,39
21997506583500,2020-01-01,9
22000006569750,2020-01-01,1
22000006570250,2020-01-01,6
22000006573750,2020-01-01,4
22000006581250,2020-01-01,6
22000006581500,2020-01-01,19
22000006581750,2020-01-01,1
22000006582750,2020-01-01,56
22000006583000,2020-01-01,47
22000006583250,2020-01-01,17
22000006583500,2020-01-01,17
22002506557000,2020-01-01,6
22002506570750,2020-01-01,6
22002506581000,2020-01-01,2
22002506581250,2020-01-01,9
22002506582000,2020-01-01,5
22002506582250,2020-01-01,7
22002506583000,2020-01-01,9
22002506583500,2020-01-01,1
22005006570750,2020-01-01,3
22005006581000,2020-01-01,2
22005006581500,2020-01-01,1
22005006581750,2020-01-01,1
22005006582000,2020-01-01,5
22005006583500,2020-01-01,6
22005006583750,2020-01-01,11
22007506562750,2020-01-01,7
22007506571250,2020-01-01,4
22007506581000,2020-01-01,3
22007506581500,2020-01-01,2
22007506581750,2020-01-01,6
22007506582000,2020-01-01,3
22007506583500,2020-01-01,9
22007506583750,2020-01-01,6
22010006557750,2020-01-01,1
22010006559750,2020-01-01,2
22010006580500,2020-01-01,1
22010006580750,2020-01-01,1
22010006581000,2020-01-01,2
22010006581250,2020-01-01,4
22010006581500,2020-01-01,6
22010006583500,2020-01-01,2
22012506562000,2020-01-01,1
22012506562250,2020-01-01,2
22012506562500,2020-01-01,1
22012506571500,2020-01-01,2
22012506571750,2020-01-01,4
22012506579250,2020-01-01,1
22012506579750,2020-01-01,1
22012506580000,2020-01-01,8
22012506580250,2020-01-01,2
22012506580750,2020-01-01,1
22015006560500,2020-01-01,2
22015006561000,2020-01-01,11
22015006561250,2020-01-01,3
22015006579250,2020-01-01,4
22015006579500,2020-01-01,19
22015006579750,2020-01-01,9
22015006580000,2020-01-01,3
22015006580250,2020-01-01,4
22015006580500,2020-01-01,2
22017506561250,2020-01-01,6
22017506561500,2020-01-01,21
22017506561750,2020-01-01,7
22017506566500,2020-01-01,3
22017506571500,2020-01-01,3
22017506572000,2020-01-01,2
22017506579500,2020-01-01,2
22017506579750,2020-01-01,5
22017506580000,2020-01-01,6
22017506580250,2020-01-01,1
22017506583250,2020-01-01,1
22020006560500,2020-01-01,1
22020006560750,2020-01-01,3
22020006561500,2020-01-01,2
22020006561750,2020-01-01,23
22020006563000,2020-01-01,5
22020006563250,2020-01-01,2
22020006566000,2020-01-01,4
22020006566500,2020-01-01,2
22020006566750,2020-01-01,1
22020006578750,2020-01-01,3
22020006580000,2020-01-01,5
22022506555750,2020-01-01,4
22022506558750,2020-01-01,3
22022506561000,2020-01-01,15
22022506561250,2020-01-01,50
22022506561500,2020-01-01,39
22022506561750,2020-01-01,14
22022506563500,2020-01-01,8
22022506564250,2020-01-01,2
22022506564750,2020-01-01,8
22022506565000,2020-01-01,12
22022506567000,2020-01-01,5
22022506572500,2020-01-01,2
22022506578500,2020-01-01,4
22022506578750,2020-01-01,6
22022506583000,2020-01-01,1
22025006555750,2020-01-01,4
22025006560750,2020-01-01,7
22025006561000,2020-01-01,44
22025006561250,2020-01-01,26
22025006561500,2020-01-01,2
22025006561750,2020-01-01,14
22025006562000,2020-01-01,22
22025006562250,2020-01-01,4
22025006562750,2020-01-01,9
22025006563000,2020-01-01,1
22025006563250,2020-01-01,6
22025006563500,2020-01-01,2
22025006567750,2020-01-01,5
22025006568500,2020-01-01,2
22025006572500,2020-01-01,1
22025006578500,2020-01-01,4
22025006578750,2020-01-01,3
22025006579000,2020-01-01,8
22025006583000,2020-01-01,2
22027506560500,2020-01-01,58
22027506560750,2020-01-01,75
22027506561000,2020-01-01,7
22027506562000,2020-01-01,3
22027506563000,2020-01-01,4
22027506568750,2020-01-01,4
22027506569500,2020-01-01,4
22027506578500,2020-01-01,1
22027506578750,2020-01-01,11
22027506583250,2020-01-01,1
22030006560500,2020-01-01,58
22030006560750,2020-01-01,4
22030006563250,2020-01-01,3
22030006568000,2020-01-01,1
22030006578750,2020-01-01,1
22030006579000,2020-01-01,4
22032506559250,2020-01-01,6
22032506560500,2020-01-01,2
22032506560750,2020-01-01,6
22032506571000,2020-01-01,8
22032506571250,2020-01-01,7
22032506571500,2020-01-01,5
22032506572000,2020-01-01,13
22035006558750,2020-01-01,7
22035006560500,2020-01-01,5
22035006569750,2020-01-01,5
22035006570500,2020-01-01,7
22035006570750,2020-01-01,16
22035006571000,2020-01-01,11
22035006571250,2020-01-01,11
22035006571500,2020-01-01,10
22035006571750,2020-01-01,3
22035006578000,2020-01-01,2
22035006578750,2020-01-01,8
22035006579000,2020-01-01,3
22037506560250,2020-01-01,5
22037506560500,2020-01-01,3
22037506564750,2020-01-01,6
22037506570250,2020-01-01,5
22037506570500,2020-01-01,3
22037506570750,2020-01-01,2
22037506571000,2020-01-01,2
22037506571250,2020-01-01,6
22037506578250,2020-01-01,1
22037506578500,2020-01-01,2
22037506579250,2020-01-01,4
22040006557000,2020-01-01,2
22040006557250,2020-01-01,1
22040006560250,2020-01-01,18
22040006560500,2020-01-01,5
22040006569500,2020-01-01,4
22040006570000,2020-01-01,1
22040006570750,2020-01-01,3
22040006578250,2020-01-01,4
22040006578500,2020-01-01,14
22042506560250,2020-01-01,2
22042506569750,2020-01-01,1
22042506570000,2020-01-01,6
22042506570500,2020-01-01,1
22042506578500,2020-01-01,9
22045006570000,2020-01-01,2
22045006570250,2020-01-01,3
22045006578250,2020-01-01,3
22045006578500,2020-01-01,5
22045006578750,2020-01-01,6
22047506561750,2020-01-01,2
22047506570000,2020-01-01,4
22047506575000,2020-01-01,1
22047506575500,2020-01-01,5
22047506576500,2020-01-01,3
22047506577000,2020-01-01,3
22047506579000,2020-01-01,5
22047506579250,2020-01-01,4
22050006570000,2020-01-01,2
22050006570250,2020-01-01,4
22050006576250,2020-01-01,1
22052506570000,2020-01-01,5
22052506577250,2020-01-01,2
22052506577500,2020-01-01,1
22055006570000,2020-01-01,1
22055006574750,2020-01-01,1
22057506570000,2020-01-01,3
22057506577250,2020-01-01,8
22060006569750,2020-01-01,4
22060006577250,2020-01-01,6
22060006577500,2020-01-01,5
22062506575750,2020-01-01,2
22062506576000,2020-01-01,1
22062506576750,2020-01-01,1
22065006570000,2020-01-01,2
22067506570750,2020-01-01,2
22067506571000,2020-01-01,2
22072506576750,2020-01-01,4
22075006576500,2020-01-01,4
22075006576750,2020-01-01,2
21720006570000,2021-01-01,3
21722506570000,2021-01-01,3
21725006570000,2021-01-01,1
21760006568000,2021-01-01,7
21760006568500,2021-01-01,8
21762506567750,2021-01-01,4
21762506568000,2021-01-01,14
21765006573500,2021-01-01,4
21765006587750,2021-01-01,3
21767506588250,2021-01-01,2
21767506588750,2021-01-01,3
21767506589000,2021-01-01,4
21770006567250,2021-01-01,3
21770006573000,2021-01-01,2
21770006589250,2021-01-01,11
21772506567000,2021-01-01,5
21772506567500,2021-01-01,2
21772506567750,2021-01-01,4
21772506573500,2021-01-01,3
21772506588000,2021-01-01,4
21772506588250,2021-01-01,9
21772506588750,2021-01-01,15
21772506589000,2021-01-01,1
21772506589250,2021-01-01,1
21772506589500,2021-01-01,2
21772506589750,2021-01-01,2
21775006563500,2021-01-01,2
21775006567000,2021-01-01,6
21775006567500,2021-01-01,4
21775006588000,2021-01-01,4
21775006588500,2021-01-01,3
21775006588750,2021-01-01,4
21775006589000,2021-01-01,5
21775006589500,2021-01-01,4
21777506572750,2021-01-01,1
21777506588250,2021-01-01,14
21777506588750,2021-01-01,2
21777506589000,2021-01-01,7
21777506589250,2021-01-01,3
21780006562500,2021-01-01,2
21780006565750,2021-01-01,4
21780006572500,2021-01-01,3
21780006572750,2021-01-01,6
21782506571500,2021-01-01,2
21782506572000,2021-01-01,4
21782506572250,2021-01-01,2
21782506572500,2021-01-01,2
21785006562500,2021-01-01,3
21785006567000,2021-01-01,1
21785006572250,2021-01-01,5
21785006575250,2021-01-01,2
21785006588250,2021-01-01,3
21785006591500,2021-01-01,4
21787506562250,2021-01-01,3
21787506562500,2021-01-01,6
21787506567000,2021-01-01,4
21787506567250,2021-01-01,8
21787506572250,2021-01-01,2
21787506572500,2021-01-01,4
21787506577750,2021-01-01,1
21787506587250,2021-01-01,2
21790006562500,2021-01-01,1
21790006567750,2021-01-01,7
21790006572750,2021-01-01,2
21792506566750,2021-01-01,3
21792506567250,2021-01-01,1
21792506567500,2021-01-01,8
21792506567750,2021-01-01,2
21792506570750,2021-01-01,3
21792506572000,2021-01-01,11
21792506572250,2021-01-01,6
21792506572500,2021-01-01,1
21792506573000,2021-01-01,4
21792506573750,2021-01-01,1
21792506575250,2021-01-01,4
21792506578000,2021-01-01,2
21792506578250,2021-01-01,9
21795006564750,2021-01-01,6
21795006571000,2021-01-01,4
21795006571250,2021-01-01,4
21795006571750,2021-01-01,6
21795006572000,2021-01-01,5
21795006573000,2021-01-01,2
21795006573250,2021-01-01,1
21795006573750,2021-01-01,2
21795006574500,2021-01-01,2
21797506564500,2021-01-01,4
21797506567250,2021-01-01,2
21797506571250,2021-01-01,3
21797506571500,2021-01-01,2
21797506571750,2021-01-01,4
21797506573750,2021-01-01,1
21797506574000,2021-01-01,6
21797506574750,2021-01-01,4
21797506575000,2021-01-01,4
21797506578000,2021-01-01,6
21800006564250,2021-01-01,6
21800006573000,2021-01-01,2
21800006575250,2021-01-01,4
21800006577500,2021-01-01,4
21800006578000,2021-01-01,12
21800006585750,2021-01-01,1
21802506564000,2021-01-01,12
21802506566250,2021-01-01,2
21802506575000,2021-01-01,2
21802506575250,2021-01-01,12
21802506575500,2021-01-01,1
21802506576000,2021-01-01,2
21802506577000,2021-01-01,1
21802506577250,2021-01-01,2
21802506585750,2021-01-01,3
21802506586250,2021-01-01,4
21805006564000,2021-01-01,4
21805006566250,2021-01-01,5
21805006571250,2021-01-01,1
21805006574250,2021-01-01,1
21805006574750,2021-01-01,3
21805006575750,2021-01-01,2
21805006576000,2021-01-01,2
21805006576250,2021-01-01,2
21805006576500,2021-01-01,4
21805006577000,2021-01-01,2
21805006578250,2021-01-01,4
21805006585750,2021-01-01,4
21805006586250,2021-01-01,6
21807506561750,2021-01-01,9
21807506563250,2021-01-01,4
21807506563500,2021-01-01,4
21807506563750,2021-01-01,3
21807506574750,2021-01-01,6
21807506576000,2021-01-01,1
21807506576250,2021-01-01,11
21807506576500,2021-01-01,9
21807506576750,2021-01-01,12
21807506577750,2021-01-01,4
21807506578250,2021-01-01,3
21807506585500,2021-01-01,2
21810006563000,2021-01-01,2
21810006564750,2021-01-01,2
21810006565000,2021-01-01,37
21810006565250,2021-01-01,5
21810006574500,2021-01-01,8
21810006576000,2021-01-01,5
21810006576250,2021-01-01,13
21810006576500,2021-01-01,14
21810006577500,2021-01-01,5
21810006578000,2021-01-01,2
21812506560500,2021-01-01,1
21812506565000,2021-01-01,29
21812506565250,2021-01-01,5
21812506565750,2021-01-01,8
21812506566000,2021-01-01,2
21812506566250,2021-01-01,2
21812506567000,2021-01-01,6
21812506567250,2021-01-01,6
21812506576250,2021-01-01,2
21812506576500,2021-01-01,12
21812506576750,2021-01-01,19
21812506577250,2021-01-01,7
21812506577500,2021-01-01,4
21812506577750,2021-01-01,6
21812506578000,2021-01-01,4
21812506578250,2021-01-01,4
21815006564000,2021-01-01,5
21815006564500,2021-01-01,2
21815006565750,2021-01-01,2
21815006566000,2021-01-01,4
21815006567000,2021-01-01,4
21815006576500,2021-01-01,16
21815006576750,2021-01-01,19
21815006577000,2021-01-01,26
21815006577250,2021-01-01,2
21815006577500,2021-01-01,23
21815006577750,2021-01-01,4
21815006578000,2021-01-01,4
21815006578250,2021-01-01,6
21817506577000,2021-01-01,3
21817506577500,2021-01-01,9
21817506577750,2021-01-01,4
21820006572750,2021-01-01,1
21820006574750,2021-01-01,1
21820006577250,2021-01-01,4
21822506563750,2021-01-01,2
21822506566750,2021-01-01,3
21822506574500,2021-01-01,2
21822506575500,2021-01-01,2
21822506575750,2021-01-01,2
21825006574500,2021-01-01,1
21825006574750,2021-01-01,3
21825006575000,2021-01-01,3
21825006575250,2021-01-01,3
21825006575750,2021-01-01,1
21825006577250,2021-01-01,1
21825006577500,2021-01-01,4
21825006577750,2021-01-01,2
21827506566750,2021-01-01,6
21827506580750,2021-01-01,1
21830006574500,2021-01-01,2
21830006574750,2021-01-01,13
21832506566750,2021-01-01,1
21832506574500,2021-01-01,15
21832506574750,2021-01-01,7
21832506575000,2021-01-01,13
21832506575250,2021-01-01,74
21832506580250,2021-01-01,1
21835006575250,2021-01-01,1
21837506574500,2021-01-01,10
21837506574750,2021-01-01,6
21837506575000,2021-01-01,8
21840006573750,2021-01-01,5
21840006574000,2021-01-01,9
21840006574250,2021-01-01,4
21840006575000,2021-01-01,1
21842506566750,2021-01-01,3
21842506573500,2021-01-01,2
21842506573750,2021-01-01,6
21842506574000,2021-01-01,2
21842506574500,2021-01-01,1
21842506575250,2021-01-01,2
21842506579750,2021-01-01,2
21845006567750,2021-01-01,2
21845006573750,2021-01-01,1
21845006574000,2021-01-01,6
21845006574250,2021-01-01,11
21845006574750,2021-01-01,3
21845006575000,2021-01-01,6
21845006579000,2021-01-01,10
21845006579250,2021-01-01,7
21845006579500,2021-01-01,9
21845006579750,2021-01-01,4
21847506567000,2021-01-01,2
21847506567500,2021-01-01,1
21847506573750,2021-01-01,5
21847506574250,2021-01-01,8
21847506579000,2021-01-01,6
21847506579250,2021-01-01,6
21850006568000,2021-01-01,2
21850006573750,2021-01-01,1
21850006574250,2021-01-01,7
21850006575500,2021-01-01,4
21850006577750,2021-01-01,4
21850006578500,2021-01-01,5
21850006578750,2021-01-01,1
21850006579000,2021-01-01,4
21852506567500,2021-01-01,2
21852506567750,2021-01-01,7
21852506568000,2021-01-01,1
21852506574500,2021-01-01,3
21852506575500,2021-01-01,4
21852506577500,2021-01-01,5
21852506578250,2021-01-01,1
21852506578500,2021-01-01,2
21855006567000,2021-01-01,4
21855006567750,2021-01-01,8
21855006573500,2021-01-01,1
21855006574750,2021-01-01,7
21855006575500,2021-01-01,3
21855006576750,2021-01-01,1
21855006578250,2021-01-01,12
21855006578750,2021-01-01,1
21855006579000,2021-01-01,4
21857506566750,2021-01-01,14
21857506567000,2021-01-01,16
21857506567250,2021-01-01,4
21857506569750,2021-01-01,7
21857506570000,2021-01-01,5
21857506573500,2021-01-01,1
21857506576750,2021-01-01,1
21857506578750,2021-01-01,25
21860006566750,2021-01-01,8
21860006570000,2021-01-01,3
21860006573000,2021-01-01,4
21860006573250,2021-01-01,5
21860006573500,2021-01-01,5
21860006573750,2021-01-01,8
21860006576000,2021-01-01,5
21860006576500,2021-01-01,6
21860006576750,2021-01-01,26
21860006577000,2021-01-01,34
21860006577250,2021-01-01,22
21860006577500,2021-01-01,1
21860006578250,2021-01-01,7
21860006578500,2021-01-01,6
21860006586500,2021-01-01,4
21862506567250,2021-01-01,6
21862506567500,2021-01-01,66
21862506567750,2021-01-01,14
21862506570000,2021-01-01,2
21862506573000,2021-01-01,2
21862506573250,2021-01-01,9
21862506573750,2021-01-01,1
21862506574000,2021-01-01,2
21862506574250,2021-01-01,1
21862506574500,2021-01-01,2
21862506575750,2021-01-01,2
21862506576000,2021-01-01,7
21862506576250,2021-01-01,2
21862506576750,2021-01-01,6
21862506577000,2021-01-01,51
21862506577250,2021-01-01,11
21862506577750,2021-01-01,6
21862506578000,2021-01-01,3
21865006567250,2021-01-01,7
21865006567500,2021-01-01,33
21865006570250,2021-01-01,4
21865006570500,2021-01-01,1
21865006570750,2021-01-01,2
21865006572000,2021-01-01,2
21865006572250,2021-01-01,2
21865006572500,2021-01-01,3
21865006572750,2021-01-01,2
21865006573250,2021-01-01,4
21865006573500,2021-01-01,3
21865006573750,2021-01-01,4
21865006574000,2021-01-01,5
21865006574250,2021-01-01,2
21865006576250,2021-01-01,3
21865006576500,2021-01-01,10
21865006577000,2021-01-01,2
21865006577500,2021-01-01,5
21865006577750,2021-01-01,4
21865006578000,2021-01-01,1
21867506567500,2021-01-01,5
21867506568250,2021-01-01,3
21867506570000,2021-01-01,3
21867506571250,2021-01-01,6
21867506571500,2021-01-01,9
21867506571750,2021-01-01,3
21867506572000,2021-01-01,4
21867506572250,2021-01-01,2
21867506572750,2021-01-01,7
21867506573000,2021-01-01,1
21867506573250,2021-01-01,2
21867506576250,2021-01-01,31
21867506576500,2021-01-01,4
21867506577000,2021-01-01,39
21867506577250,2021-01-01,70
21867506577500,2021-01-01,23
21867506586500,2021-01-01,1
21870006567500,2021-01-01,2
21870006568250,2021-01-01,3
21870006568500,2021-01-01,4
21870006569000,2021-01-01,9
21870006569750,2021-01-01,2
21870006570000,2021-01-01,2
21870006571750,2021-01-01,9
21870006572250,2021-01-01,3
21870006573000,2021-01-01,13
21870006573750,2021-01-01,12
21870006574000,2021-01-01,4
21870006576000,2021-01-01,4
21870006576250,2021-01-01,1
21870006576500,2021-01-01,2
21870006576750,2021-01-01,45
21870006577000,2021-01-01,86
21870006577250,2021-01-01,17
21872506567500,2021-01-01,4
21872506568000,2021-01-01,7
21872506568750,2021-01-01,1
21872506571250,2021-01-01,8
21872506571500,2021-01-01,7
21872506573250,2021-01-01,8
21872506573500,2021-01-01,3
21872506574000,2021-01-01,4
21872506574750,2021-01-01,6
21872506575500,2021-01-01,6
21872506576500,2021-01-01,68
21872506576750,2021-01-01,159
21872506577000,2021-01-01,72
21875006567250,2021-01-01,1
21875006568750,2021-01-01,4
21875006569000,2021-01-01,7
21875006573000,2021-01-01,9
21875006573250,2021-01-01,10
21875006573500,2021-01-01,6
21875006574250,2021-01-01,1
21875006574500,2021-01-01,2
21875006574750,2021-01-01,6
21875006575250,2021-01-01,9
21875006575500,2021-01-01,8
21875006576000,2021-01-01,16
21875006576250,2021-01-01,35
21875006576750,2021-01-01,134
21875006577000,2021-01-01,16
21877506567500,2021-01-01,6
21877506569000,2021-01-01,6
21877506570000,2021-01-01,2
21877506572750,2021-01-01,1
21877506573000,2021-01-01,7
21877506573500,2021-01-01,4
21877506574250,2021-01-01,2
21877506574500,2021-01-01,52
21877506574750,2021-01-01,105
21877506575000,2021-01-01,7
21877506575250,2021-01-01,45
21877506575500,2021-01-01,20
21877506575750,2021-01-01,2
21877506576000,2021-01-01,78
21877506576250,2021-01-01,16
21877506576500,2021-01-01,71
21877506576750,2021-01-01,114
21880006567250,2021-01-01,2
21880006567500,2021-01-01,8
21880006568250,2021-01-01,3
21880006568500,2021-01-01,6
21880006569250,2021-01-01,4
21880006572500,2021-01-01,7
21880006573000,2021-01-01,7
21880006573250,2021-01-01,2
21880006573500,2021-01-01,6
21880006574000,2021-01-01,17
21880006574250,2021-01-01,134
21880006574500,2021-01-01,98
21880006574750,2021-01-01,90
21880006575000,2021-01-01,90
21880006575250,2021-01-01,131
21880006575500,2021-01-01,33
21880006575750,2021-01-01,9
21880006576250,2021-01-01,2
21880006576500,2021-01-01,7
21880006576750,2021-01-01,24
21882506567000,2021-01-01,4
21882506568250,2021-01-01,7
21882506569000,2021-01-01,6
21882506569250,2021-01-01,6
21882506569500,2021-01-01,3
21882506571000,2021-01-01,8
21882506572500,2021-01-01,16
21882506572750,2021-01-01,1
21882506573250,2021-01-01,23
21882506573750,2021-01-01,3
21882506574000,2021-01-01,98
21882506574250,2021-01-01,151
21882506574500,2021-01-01,90
21882506574750,2021-01-01,135
21882506575000,2021-01-01,124
21882506575250,2021-01-01,76
21882506575750,2021-01-01,9
21882506576750,2021-01-01,4
21885006569500,2021-01-01,2
21885006570000,2021-01-01,12
21885006572000,2021-01-01,5
21885006573250,2021-01-01,2
21885006573500,2021-01-01,4
21885006574000,2021-01-01,71
21885006574250,2021-01-01,62
21885006574500,2021-01-01,14
21885006574750,2021-01-01,54
21885006575000,2021-01-01,130
21885006575250,2021-01-01,9
21885006575750,2021-01-01,36
21885006576000,2021-01-01,41
21885006576750,2021-01-01,6
21885006577750,2021-01-01,17
21885006584250,2021-01-01,4
21885006586250,2021-01-01,2
21885006586500,2021-01-01,3
21885006586750,2021-01-01,12
21885006601000,2021-01-01,3
21887506567000,2021-01-01,2
21887506569750,2021-01-01,1
21887506570000,2021-01-01,6
21887506570250,2021-01-01,3
21887506572750,2021-01-01,2
21887506574750,2021-01-01,22
21887506575500,2021-01-01,34
21887506575750,2021-01-01,72
21887506576000,2021-01-01,69
21887506576250,2021-01-01,47
21887506576500,2021-01-01,2
21887506576750,2021-01-01,8
21887506577000,2021-01-01,2
21887506577500,2021-01-01,97
21887506577750,2021-01-01,92
21887506584000,2021-01-01,2
21887506584250,2021-01-01,3
21887506586750,2021-01-01,3
21887506600750,2021-01-01,2
21890006568750,2021-01-01,2
21890006569750,2021-01-01,2
21890006570000,2021-01-01,7
21890006570500,2021-01-01,1
21890006571750,2021-01-01,2
21890006574000,2021-01-01,2
21890006575250,2021-01-01,3
21890006575500,2021-01-01,70
21890006575750,2021-01-01,140
21890006576000,2021-01-01,185
21890006576250,2021-01-01,98
21890006576500,2021-01-01,3
21890006576750,2021-01-01,17
21890006577000,2021-01-01,116
21890006577250,2021-01-01,179
21890006577500,2021-01-01,118
21890006577750,2021-01-01,91
21890006578000,2021-01-01,5
21890006581750,2021-01-01,1
21890006583250,2021-01-01,1
21890006583750,2021-01-01,3
21890006584000,2021-01-01,13
21890006584250,2021-01-01,5
21890006585000,2021-01-01,3
21890006585250,2021-01-01,1
21890006599750,2021-01-01,2
21892506571000,2021-01-01,2
21892506573000,2021-01-01,12
21892506573750,2021-01-01,7
21892506574000,2021-01-01,42
21892506575250,2021-01-01,2
21892506575500,2021-01-01,94
21892506575750,2021-01-01,167
21892506576000,2021-01-01,97
21892506576500,2021-01-01,11
21892506576750,2021-01-01,197
21892506577000,2021-01-01,285
21892506577250,2021-01-01,158
21892506577500,2021-01-01,159
21892506577750,2021-01-01,62
21892506578000,2021-01-01,25
21892506579750,2021-01-01,6
21892506580000,2021-01-01,6
21892506580750,2021-01-01,3
21892506581500,2021-01-01,18
21892506581750,2021-01-01,3
21892506582750,2021-01-01,4
21892506583250,2021-01-01,3
21892506583750,2021-01-01,7
21892506584250,2021-01-01,1
21892506585000,2021-01-01,4
21895006568000,2021-01-01,2
21895006573000,2021-01-01,2
21895006573750,2021-01-01,2
21895006574000,2021-01-01,11
21895006575000,2021-01-01,1
21895006575250,2021-01-01,8
21895006575500,2021-01-01,133
21895006575750,2021-01-01,119
21895006576000,2021-01-01,78
21895006576250,2021-01-01,141
21895006576500,2021-01-01,92
21895006576750,2021-01-01,164
21895006577000,2021-01-01,124
21895006577250,2021-01-01,64
21895006577500,2021-01-01,174
21895006577750,2021-01-01,107
21895006578000,2021-01-01,124
21895006578750,2021-01-01,1
21895006579000,2021-01-01,2
21895006579250,2021-01-01,3
21895006579500,2021-01-01,3
21895006579750,2021-01-01,1
21895006580500,2021-01-01,4
21895006581000,2021-01-01,3
21895006581250,2021-01-01,7
21895006581500,2021-01-01,10
21895006582250,2021-01-01,6
21895006582500,2021-01-01,4
21895006582750,2021-01-01,8
21895006583000,2021-01-01,5
21895006583250,2021-01-01,1
21895006583500,2021-01-01,2
21895006583750,2021-01-01,5
21895006584500,2021-01-01,3
21895006585500,2021-01-01,2
21895006586000,2021-01-01,3
21897506568000,2021-01-01,1
21897506568250,2021-01-01,2
21897506571750,2021-01-01,3
21897506574000,2021-01-01,17
21897506574250,2021-01-01,20
21897506574500,2021-01-01,18
21897506574750,2021-01-01,32
21897506575250,2021-01-01,31
21897506575500,2021-01-01,130
21897506575750,2021-01-01,98
21897506576000,2021-01-01,134
21897506576250,2021-01-01,153
21897506576500,2021-01-01,13
21897506576750,2021-01-01,190
21897506577000,2021-01-01,234
21897506577250,2021-01-01,299
21897506577500,2021-01-01,406
21897506577750,2021-01-01,28
21897506578000,2021-01-01,3
21897506578250,2021-01-01,4
21897506578500,2021-01-01,4
21897506578750,2021-01-01,9
21897506579000,2021-01-01,1
21897506579250,2021-01-01,4
21897506579750,2021-01-01,6
21897506580000,2021-01-01,2
21897506582000,2021-01-01,17
21897506582250,2021-01-01,4
21897506582500,2021-01-01,15
21897506584500,2021-01-01,3
21897506597250,2021-01-01,6
21897506597500,2021-01-01,5
21897506598000,2021-01-01,2
21897506602000,2021-01-01,2
21900006566250,2021-01-01,7
21900006566500,2021-01-01,20
21900006574250,2021-01-01,87
21900006574500,2021-01-01,125
21900006574750,2021-01-01,101
21900006575000,2021-01-01,9
21900006575250,2021-01-01,60
21900006575500,2021-01-01,42
21900006575750,2021-01-01,45
21900006576000,2021-01-01,128
21900006576250,2021-01-01,32
21900006576500,2021-01-01,17
21900006576750,2021-01-01,53
21900006577000,2021-01-01,170
21900006577250,2021-01-01,44
21900006577500,2021-01-01,4
21900006578000,2021-01-01,7
21900006578250,2021-01-01,3
21900006579500,2021-01-01,6
21900006581000,2021-01-01,3
21900006581250,2021-01-01,11
21900006581500,2021-01-01,16
21900006581750,2021-01-01,17
21900006582000,2021-01-01,9
21900006582500,2021-01-01,2
21900006582750,2021-01-01,2
21900006583000,2021-01-01,5
21900006583250,2021-01-01,3
21900006583500,2021-01-01,20
21900006583750,2021-01-01,4
21900006586000,2021-01-01,3
21900006586250,2021-01-01,2
21900006597000,2021-01-01,5
21900006603250,2021-01-01,4
21902506566500,2021-01-01,17
21902506568500,2021-01-01,1
21902506574000,2021-01-01,28
21902506574250,2021-01-01,189
21902506574500,2021-01-01,142
21902506574750,2021-01-01,47
21902506575000,2021-01-01,18
21902506575250,2021-01-01,48
21902506575500,2021-01-01,108
21902506575750,2021-01-01,98
21902506576000,2021-01-01,79
21902506576250,2021-01-01,93
21902506576500,2021-01-01,30
21902506576750,2021-01-01,100
21902506577000,2021-01-01,91
21902506577250,2021-01-01,8
21902506577500,2021-01-01,1
21902506577750,2021-01-01,7
21902506578000,2021-01-01,9
21902506578500,2021-01-01,9
21902506578750,2021-01-01,11
21902506579000,2021-01-01,8
21902506579500,2021-01-01,5
21902506579750,2021-01-01,7
21902506580000,2021-01-01,16
21902506580250,2021-01-01,17
21902506580500,2021-01-01,83
21902506580750,2021-01-01,118
21902506581000,2021-01-01,4
21902506581250,2021-01-01,5
21902506581500,2021-01-01,2
21902506582750,2021-01-01,41
21902506583000,2021-01-01,8
21902506583500,2021-01-01,16
21902506583750,2021-01-01,17
21902506585500,2021-01-01,1
21902506586000,2021-01-01,2
21902506586250,2021-01-01,6
21902506587500,2021-01-01,4
21902506597750,2021-01-01,2
21902506602500,2021-01-01,4
21905006566250,2021-01-01,18
21905006566500,2021-01-01,44
21905006567250,2021-01-01,1
21905006568500,2021-01-01,10
21905006572750,2021-01-01,6
21905006573000,2021-01-01,55
21905006573250,2021-01-01,55
21905006573500,2021-01-01,12
21905006573750,2021-01-01,53
21905006574000,2021-01-01,167
21905006574250,2021-01-01,154
21905006574500,2021-01-01,80
21905006574750,2021-01-01,28
21905006575000,2021-01-01,26
21905006575250,2021-01-01,82
21905006575500,2021-01-01,152
21905006575750,2021-01-01,125
21905006576000,2021-01-01,140
21905006576250,2021-01-01,100
21905006576500,2021-01-01,13
21905006577000,2021-01-01,2
21905006577250,2021-01-01,4
21905006577750,2021-01-01,8
21905006578000,2021-01-01,37
21905006578250,2021-01-01,1
21905006579000,2021-01-01,29
21905006579250,2021-01-01,34
21905006579500,2021-01-01,95
21905006579750,2021-01-01,92
21905006580000,2021-01-01,51
21905006580250,2021-01-01,93
21905006580500,2021-01-01,63
21905006581500,2021-01-01,10
21905006582250,2021-01-01,2
21905006582500,2021-01-01,49
21905006582750,2021-01-01,68
21905006583000,2021-01-01,21
21905006583250,2021-01-01,2
21905006583500,2021-01-01,3
21905006583750,2021-01-01,20
21905006584000,2021-01-01,6
21905006584250,2021-01-01,2
21905006584750,2021-01-01,6
21905006585000,2021-01-01,17
21905006585500,2021-01-01,4
21905006596250,2021-01-01,3
21907506566250,2021-01-01,14
21907506566500,2021-01-01,7
21907506567000,2021-01-01,10
21907506567250,2021-01-01,4
21907506568500,2021-01-01,1
21907506572750,2021-01-01,24
21907506573000,2021-01-01,97
21907506573250,2021-01-01,110
21907506573500,2021-01-01,90
21907506573750,2021-01-01,125
21907506574000,2021-01-01,81
21907506574250,2021-01-01,24
21907506575000,2021-01-01,28
21907506575250,2021-01-01,145
21907506575500,2021-01-01,80
21907506575750,2021-01-01,94
21907506576000,2021-01-01,43
21907506576250,2021-01-01,78
21907506576500,2021-01-01,181
21907506576750,2021-01-01,179
21907506577000,2021-01-01,18
21907506578250,2021-01-01,9
21907506578500,2021-01-01,16
21907506578750,2021-01-01,35
21907506579000,2021-01-01,7
21907506579250,2021-01-01,18
21907506579500,2021-01-01,10
21907506580250,2021-01-01,6
21907506581000,2021-01-01,4
21907506581250,2021-01-01,6
21907506581500,2021-01-01,3
21907506581750,2021-01-01,2
21907506582000,2021-01-01,3
21907506582250,2021-01-01,3
21907506582500,2021-01-01,7
21907506583000,2021-01-01,6
21907506583750,2021-01-01,5
21907506584000,2021-01-01,4
21907506584250,2021-01-01,9
21907506584500,2021-01-01,5
21907506584750,2021-01-01,6
21907506585000,2021-01-01,10
21907506585250,2021-01-01,6
21907506597000,2021-01-01,2
21910006567000,2021-01-01,2
21910006567750,2021-01-01,1
21910006568000,2021-01-01,3
21910006568250,2021-01-01,8
21910006573250,2021-01-01,13
21910006573500,2021-01-01,174
21910006573750,2021-01-01,103
21910006575000,2021-01-01,30
21910006575250,2021-01-01,127
21910006575500,2021-01-01,93
21910006575750,2021-01-01,148
21910006576000,2021-01-01,150
21910006576250,2021-01-01,162
21910006576500,2021-01-01,326
21910006576750,2021-01-01,190
21910006577000,2021-01-01,12
21910006577750,2021-01-01,5
21910006578000,2021-01-01,33
21910006578250,2021-01-01,18
21910006578500,2021-01-01,69
21910006578750,2021-01-01,13
21910006579500,2021-01-01,14
21910006579750,2021-01-01,11
21910006580000,2021-01-01,19
21910006580250,2021-01-01,8
21910006580500,2021-01-01,8
21910006580750,2021-01-01,6
21910006581000,2021-01-01,4
21910006581250,2021-01-01,3
21910006581750,2021-01-01,3
21910006584500,2021-01-01,1
21910006584750,2021-01-01,2
21910006585000,2021-01-01,1
21912506567750,2021-01-01,11
21912506568000,2021-01-01,10
21912506568250,2021-01-01,5
21912506572000,2021-01-01,1
21912506572500,2021-01-01,4
21912506574750,2021-01-01,75
21912506575000,2021-01-01,119
21912506575250,2021-01-01,180
21912506575500,2021-01-01,127
21912506575750,2021-01-01,123
21912506576000,2021-01-01,63
21912506576500,2021-01-01,43
21912506576750,2021-01-01,486
21912506577000,2021-01-01,64
21912506577250,2021-01-01,89
21912506577500,2021-01-01,20
21912506577750,2021-01-01,16
21912506578500,2021-01-01,5
21912506578750,2021-01-01,51
21912506579000,2021-01-01,41
21912506579250,2021-01-01,38
21912506579500,2021-01-01,62
21912506579750,2021-01-01,44
21912506580000,2021-01-01,51
21912506580250,2021-01-01,2
21912506580500,2021-01-01,7
21912506581250,2021-01-01,5
21912506581750,2021-01-01,6
21912506582000,2021-01-01,4
21915006566500,2021-01-01,2
21915006567500,2021-01-01,4
21915006568500,2021-01-01,4
21915006569250,2021-01-01,7
21915006570500,2021-01-01,2
21915006572250,2021-01-01,45
21915006572500,2021-01-01,70
21915006572750,2021-01-01,43
21915006573000,2021-01-01,100
21915006573250,2021-01-01,178
21915006573500,2021-01-01,14
21915006573750,2021-01-01,6
21915006574000,2021-01-01,70
21915006574250,2021-01-01,10
21915006574750,2021-01-01,104
21915006575000,2021-01-01,164
21915006575250,2021-01-01,182
21915006575500,2021-01-01,152
21915006575750,2021-01-01,121
21915006576000,2021-01-01,221
21915006576250,2021-01-01,98
21915006576500,2021-01-01,51
21915006576750,2021-01-01,91
21915006577000,2021-01-01,99
21915006577250,2021-01-01,95
21915006577750,2021-01-01,17
21915006578000,2021-01-01,86
21915006578250,2021-01-01,126
21915006578500,2021-01-01,132
21915006578750,2021-01-01,41
21915006579000,2021-01-01,112
21915006579250,2021-01-01,86
21915006579500,2021-01-01,76
21915006579750,2021-01-01,11
21915006580000,2021-01-01,2
21915006580250,2021-01-01,5
21915006580500,2021-01-01,1
21915006580750,2021-01-01,1
21915006581000,2021-01-01,7
21915006581500,2021-01-01,4
21915006582000,2021-01-01,5
21915006596000,2021-01-01,2
21917506566750,2021-01-01,37
21917506567000,2021-01-01,1
21917506567500,2021-01-01,2
21917506567750,2021-01-01,10
21917506568250,2021-01-01,4
21917506568500,2021-01-01,23
21917506568750,2021-01-01,70
21917506569000,2021-01-01,103
21917506569250,2021-01-01,229
21917506569500,2021-01-01,226
21917506570000,2021-01-01,3
21917506570500,2021-01-01,2
21917506571250,2021-01-01,3
21917506571750,2021-01-01,20
21917506572000,2021-01-01,45
21917506572250,2021-01-01,21
21917506572500,2021-01-01,90
21917506572750,2021-01-01,96
21917506573000,2021-01-01,117
21917506573250,2021-01-01,69
21917506573500,2021-01-01,145
21917506573750,2021-01-01,88
21917506574000,2021-01-01,193
21917506574250,2021-01-01,70
21917506574750,2021-01-01,66
21917506575000,2021-01-01,253
21917506575250,2021-01-01,153
21917506575500,2021-01-01,76
21917506575750,2021-01-01,163
21917506576000,2021-01-01,194
21917506576250,2021-01-01,251
21917506576500,2021-01-01,167
21917506576750,2021-01-01,77
21917506577250,2021-01-01,39
21917506577500,2021-01-01,127
21917506577750,2021-01-01,164
21917506578000,2021-01-01,91
21917506578250,2021-01-01,107
21917506578500,2021-01-01,100
21917506578750,2021-01-01,4
21917506579000,2021-01-01,4
21917506580250,2021-01-01,4
21917506580500,2021-01-01,7
21917506581500,2021-01-01,1
21917506595750,2021-01-01,3
21920006566750,2021-01-01,9
21920006567000,2021-01-01,74
21920006567250,2021-01-01,24
21920006567500,2021-01-01,15
21920006568000,2021-01-01,1
21920006568250,2021-01-01,3
21920006568500,2021-01-01,37
21920006568750,2021-01-01,214
21920006569000,2021-01-01,264
21920006569250,2021-01-01,109
21920006569500,2021-01-01,102
21920006570000,2021-01-01,2
21920006570250,2021-01-01,6
21920006570750,2021-01-01,7
21920006571250,2021-01-01,2
21920006571750,2021-01-01,76
21920006572000,2021-01-01,7
21920006572250,2021-01-01,21
21920006572500,2021-01-01,14
21920006572750,2021-01-01,20
21920006573000,2021-01-01,162
21920006573250,2021-01-01,251
21920006573500,2021-01-01,105
21920006573750,2021-01-01,117
21920006574000,2021-01-01,156
21920006574250,2021-01-01,270
21920006574500,2021-01-01,220
21920006574750,2021-01-01,24
21920006575000,2021-01-01,184
21920006575250,2021-01-01,320
21920006575500,2021-01-01,95
21920006575750,2021-01-01,262
21920006576000,2021-01-01,190
21920006576250,2021-01-01,408
21920006576500,2021-01-01,294
21920006576750,2021-01-01,85
21920006577000,2021-01-01,42
21920006577250,2021-01-01,164
21920006577500,2021-01-01,131
21920006577750,2021-01-01,61
21920006578000,2021-01-01,5
21920006578500,2021-01-01,9
21920006578750,2021-01-01,2
21920006579500,2021-01-01,3
21920006580000,2021-01-01,2
21920006580250,2021-01-01,5
21920006580500,2021-01-01,5
21920006580750,2021-01-01,4
21920006581500,2021-01-01,14
21920006581750,2021-01-01,6
21922506567000,2021-01-01,50
21922506567250,2021-01-01,150
21922506567500,2021-01-01,29
21922506568500,2021-01-01,52
21922506568750,2021-01-01,109
21922506569250,2021-01-01,317
21922506569500,2021-01-01,186
21922506569750,2021-01-01,61
21922506570250,2021-01-01,3
21922506570500,2021-01-01,2
21922506570750,2021-01-01,14
21922506571750,2021-01-01,20
21922506572000,2021-01-01,107
21922506572250,2021-01-01,124
21922506572500,2021-01-01,175
21922506572750,2021-01-01,136
21922506573000,2021-01-01,91
21922506573250,2021-01-01,134
21922506573500,2021-01-01,184
21922506573750,2021-01-01,146
21922506574000,2021-01-01,229
21922506574250,2021-01-01,158
21922506574750,2021-01-01,183
21922506575000,2021-01-01,40
21922506575250,2021-01-01,22
21922506575500,2021-01-01,166
21922506575750,2021-01-01,183
21922506576000,2021-01-01,127
21922506576250,2021-01-01,197
21922506576500,2021-01-01,92
21922506576750,2021-01-01,91
21922506577250,2021-01-01,5
21922506577500,2021-01-01,11
21922506577750,2021-01-01,50
21922506578000,2021-01-01,98
21922506578250,2021-01-01,56
21922506578750,2021-01-01,4
21922506579250,2021-01-01,7
21922506579500,2021-01-01,2
21922506579750,2021-01-01,2
21922506580000,2021-01-01,5
21922506580500,2021-01-01,5
21922506580750,2021-01-01,3
21922506582750,2021-01-01,4
21925006567250,2021-01-01,19
21925006567500,2021-01-01,63
21925006568000,2021-01-01,31
21925006568500,2021-01-01,87
21925006568750,2021-01-01,94
21925006569000,2021-01-01,98
21925006569250,2021-01-01,28
21925006569500,2021-01-01,150
21925006569750,2021-01-01,25
21925006570000,2021-01-01,12
21925006570250,2021-01-01,2
21925006571750,2021-01-01,55
21925006572000,2021-01-01,193
21925006572250,2021-01-01,158
21925006572500,2021-01-01,125
21925006572750,2021-01-01,121
21925006573000,2021-01-01,97
21925006573250,2021-01-01,169
21925006573500,2021-01-01,177
21925006573750,2021-01-01,232
21925006574000,2021-01-01,160
21925006574500,2021-01-01,1
21925006574750,2021-01-01,32
21925006575000,2021-01-01,51
21925006575250,2021-01-01,245
21925006575500,2021-01-01,168
21925006575750,2021-01-01,174
21925006576000,2021-01-01,199
21925006576250,2021-01-01,72
21925006576500,2021-01-01,117
21925006576750,2021-01-01,163
21925006577000,2021-01-01,63
21925006577500,2021-01-01,9
21925006579000,2021-01-01,9
21925006579250,2021-01-01,4
21925006579500,2021-01-01,1
21925006580250,2021-01-01,8
21925006580500,2021-01-01,6
21925006580750,2021-01-01,6
21925006581000,2021-01-01,2
21925006581250,2021-01-01,1
21925006581500,2021-01-01,10
21925006582000,2021-01-01,1
21925006582250,2021-01-01,2
21925006582500,2021-01-01,21
21925006582750,2021-01-01,3
21927506567500,2021-01-01,3
21927506567750,2021-01-01,13
21927506568000,2021-01-01,23
21927506568250,2021-01-01,29
21927506568500,2021-01-01,148
21927506568750,2021-01-01,165
21927506569000,2021-01-01,190
21927506569250,2021-01-01,64
21927506569500,2021-01-01,153
21927506569750,2021-01-01,20
21927506570000,2021-01-01,11
21927506570250,2021-01-01,37
21927506570500,2021-01-01,124
21927506570750,2021-01-01,19
21927506571500,2021-01-01,2
21927506571750,2021-01-01,5
21927506572000,2021-01-01,136
21927506572250,2021-01-01,116
21927506572500,2021-01-01,25
21927506572750,2021-01-01,10
21927506573000,2021-01-01,134
21927506573250,2021-01-01,98
21927506573500,2021-01-01,101
21927506573750,2021-01-01,100
21927506574000,2021-01-01,34
21927506574250,2021-01-01,28
21927506574500,2021-01-01,143
21927506574750,2021-01-01,183
21927506575000,2021-01-01,228
21927506575250,2021-01-01,168
21927506575500,2021-01-01,137
21927506575750,2021-01-01,57
21927506576000,2021-01-01,61
21927506576250,2021-01-01,78
21927506576500,2021-01-01,86
21927506576750,2021-01-01,16
21927506578750,2021-01-01,14
21927506579000,2021-01-01,8
21927506579250,2021-01-01,2
21927506579750,2021-01-01,2
21927506580000,2021-01-01,11
21927506580250,2021-01-01,10
21927506580500,2021-01-01,6
21927506580750,2021-01-01,2
21927506581000,2021-01-01,4
21927506581250,2021-01-01,1
21927506581750,2021-01-01,7
21927506582000,2021-01-01,6
21927506582250,2021-01-01,4
21927506582500,2021-01-01,1
21930006566750,2021-01-01,52
21930006567000,2021-01-01,164
21930006567250,2021-01-01,16
21930006567500,2021-01-01,5
21930006567750,2021-01-01,171
21930006568000,2021-01-01,124
21930006568250,2021-01-01,81
21930006568500,2021-01-01,126
21930006568750,2021-01-01,24
21930006569000,2021-01-01,53
21930006569250,2021-01-01,125
21930006569500,2021-01-01,104
21930006569750,2021-01-01,108
21930006570000,2021-01-01,72
21930006570250,2021-01-01,62
21930006570500,2021-01-01,215
21930006570750,2021-01-01,151
21930006571000,2021-01-01,16
21930006571500,2021-01-01,5
21930006571750,2021-01-01,41
21930006572000,2021-01-01,73
21930006573250,2021-01-01,4
21930006573500,2021-01-01,49
21930006573750,2021-01-01,178
21930006574000,2021-01-01,104
21930006574250,2021-01-01,122
21930006574500,2021-01-01,156
21930006574750,2021-01-01,135
21930006575000,2021-01-01,138
21930006575250,2021-01-01,104
21930006575500,2021-01-01,180
21930006575750,2021-01-01,119
21930006576000,2021-01-01,102
21930006576250,2021-01-01,143
21930006576500,2021-01-01,28
21930006578500,2021-01-01,2
21930006578750,2021-01-01,27
21930006579500,2021-01-01,6
21930006579750,2021-01-01,1
21930006581000,2021-01-01,6
21930006581250,2021-01-01,2
21932506560500,2021-01-01,3
21932506561250,2021-01-01,3
21932506561750,2021-01-01,2
21932506562000,2021-01-01,9
21932506562500,2021-01-01,1
21932506564250,2021-01-01,2
21932506564500,2021-01-01,57
21932506564750,2021-01-01,54
21932506566250,2021-01-01,21
21932506566500,2021-01-01,58
21932506566750,2021-01-01,199
21932506567000,2021-01-01,184
21932506567250,2021-01-01,116
21932506567500,2021-01-01,50
21932506567750,2021-01-01,99
21932506568000,2021-01-01,221
21932506568250,2021-01-01,164
21932506568500,2021-01-01,45
21932506568750,2021-01-01,203
21932506569000,2021-01-01,74
21932506569250,2021-01-01,155
21932506569500,2021-01-01,214
21932506569750,2021-01-01,185
21932506570000,2021-01-01,127
21932506570250,2021-01-01,86
21932506570500,2021-01-01,63
21932506570750,2021-01-01,110
21932506571000,2021-01-01,140
21932506571250,2021-01-01,71
21932506571500,2021-01-01,14
21932506571750,2021-01-01,32
21932506572000,2021-01-01,7
21932506572250,2021-01-01,20
21932506572500,2021-01-01,69
21932506572750,2021-01-01,75
21932506573000,2021-01-01,139
21932506573250,2021-01-01,105
21932506573500,2021-01-01,46
21932506573750,2021-01-01,76
21932506574000,2021-01-01,81
21932506574250,2021-01-01,184
21932506574500,2021-01-01,124
21932506574750,2021-01-01,135
21932506575000,2021-01-01,148
21932506575250,2021-01-01,138
21932506575500,2021-01-01,79
21932506575750,2021-01-01,62
21932506576000,2021-01-01,19
21932506576250,2021-01-01,2
21932506578250,2021-01-01,4
21932506578500,2021-01-01,17
21932506578750,2021-01-01,11
21932506580750,2021-01-01,4
21932506581250,2021-01-01,7
21935006560750,2021-01-01,2
21935006561250,2021-01-01,10
21935006562250,2021-01-01,13
21935006562500,2021-01-01,16
21935006564000,2021-01-01,17
21935006564250,2021-01-01,94
21935006564500,2021-01-01,175
21935006564750,2021-01-01,84
21935006565000,2021-01-01,12
21935006566000,2021-01-01,28
21935006566250,2021-01-01,152
21935006566500,2021-01-01,173
21935006566750,2021-01-01,162
21935006567000,2021-01-01,132
21935006567250,2021-01-01,11
21935006567500,2021-01-01,64
21935006568000,2021-01-01,48
21935006568250,2021-01-01,287
21935006568500,2021-01-01,161
21935006568750,2021-01-01,102
21935006569000,2021-01-01,52
21935006569250,2021-01-01,59
21935006569500,2021-01-01,115
21935006569750,2021-01-01,119
21935006570000,2021-01-01,104
21935006570250,2021-01-01,16
21935006570750,2021-01-01,20
21935006571000,2021-01-01,69
21935006571250,2021-01-01,5
21935006571500,2021-01-01,2
21935006572000,2021-01-01,21
21935006572250,2021-01-01,153
21935006572500,2021-01-01,127
21935006572750,2021-01-01,126
21935006573000,2021-01-01,122
21935006573250,2021-01-01,2
21935006573500,2021-01-01,2
21935006573750,2021-01-01,8
21935006574000,2021-01-01,130
21935006574250,2021-01-01,44
21935006574500,2021-01-01,124
21935006574750,2021-01-01,64
21935006575000,2021-01-01,44
21935006575250,2021-01-01,9
21935006577000,2021-01-01,5
21935006577500,2021-01-01,5
21935006577750,2021-01-01,8
21935006578250,2021-01-01,23
21935006578500,2021-01-01,13
21935006578750,2021-01-01,20
21935006581000,2021-01-01,11
21937506560000,2021-01-01,2
21937506560250,2021-01-01,3
21937506560750,2021-01-01,4
21937506561250,2021-01-01,6
21937506561500,2021-01-01,2
21937506561750,2021-01-01,12
21937506562000,2021-01-01,1
21937506563750,2021-01-01,47
21937506564000,2021-01-01,131
21937506564250,2021-01-01,160
21937506564500,2021-01-01,147
21937506564750,2021-01-01,158
21937506565000,2021-01-01,87
21937506565250,2021-01-01,11
21937506565500,2021-01-01,46
21937506565750,2021-01-01,32
21937506566000,2021-01-01,92
21937506566250,2021-01-01,154
21937506566500,2021-01-01,135
21937506566750,2021-01-01,105
21937506567000,2021-01-01,228
21937506567250,2021-01-01,108
21937506567500,2021-01-01,229
21937506567750,2021-01-01,322
21937506568000,2021-01-01,125
21937506568250,2021-01-01,199
21937506568500,2021-01-01,150
21937506568750,2021-01-01,179
21937506569000,2021-01-01,132
21937506569250,2021-01-01,110
21937506569500,2021-01-01,175
21937506569750,2021-01-01,50
21937506570000,2021-01-01,4
21937506570250,2021-01-01,2
21937506570500,2021-01-01,173
21937506570750,2021-01-01,10
21937506571750,2021-01-01,71
21937506572000,2021-01-01,143
21937506572250,2021-01-01,161
21937506572500,2021-01-01,100
21937506572750,2021-01-01,22
21937506573000,2021-01-01,2
21937506573250,2021-01-01,4
21937506573500,2021-01-01,11
21937506574000,2021-01-01,8
21937506574250,2021-01-01,3
21937506574500,2021-01-01,9
21937506574750,2021-01-01,2
21937506575000,2021-01-01,12
21937506575250,2021-01-01,5
21937506576500,2021-01-01,6
21937506576750,2021-01-01,21
21937506577000,2021-01-01,7
21937506577250,2021-01-01,22
21937506577500,2021-01-01,12
21937506577750,2021-01-01,6
21937506578000,2021-01-01,8
21937506578500,2021-01-01,3
21937506578750,2021-01-01,12
21937506579000,2021-01-01,3
21937506579250,2021-01-01,1
21937506580000,2021-01-01,2
21937506580250,2021-01-01,3
21940006560000,2021-01-01,3
21940006560250,2021-01-01,23
21940006560750,2021-01-01,11
21940006561000,2021-01-01,21
21940006561250,2021-01-01,15
21940006561500,2021-01-01,22
21940006561750,2021-01-01,2
21940006562000,2021-01-01,6
21940006562250,2021-01-01,4
21940006563750,2021-01-01,80
21940006564000,2021-01-01,107
21940006564250,2021-01-01,92
21940006564500,2021-01-01,114
21940006564750,2021-01-01,73
21940006565000,2021-01-01,53
21940006565250,2021-01-01,65
21940006565500,2021-01-01,54
21940006565750,2021-01-01,66
21940006566000,2021-01-01,102
21940006566250,2021-01-01,152
21940006566500,2021-01-01,134
21940006566750,2021-01-01,113
21940006567000,2021-01-01,237
21940006567250,2021-01-01,148
21940006567500,2021-01-01,162
21940006567750,2021-01-01,97
21940006568000,2021-01-01,121
21940006568250,2021-01-01,143
21940006568500,2021-01-01,190
21940006568750,2021-01-01,136
21940006569000,2021-01-01,87
21940006569250,2021-01-01,37
21940006569500,2021-01-01,19
21940006570000,2021-01-01,2
21940006570250,2021-01-01,23
21940006570500,2021-01-01,154
21940006570750,2021-01-01,110
21940006571000,2021-01-01,34
21940006571250,2021-01-01,54
21940006571500,2021-01-01,114
21940006571750,2021-01-01,142
21940006572000,2021-01-01,70
21940006572250,2021-01-01,37
21940006572500,2021-01-01,11
21940006572750,2021-01-01,14
21940006573000,2021-01-01,6
21940006573250,2021-01-01,17
21940006573500,2021-01-01,2
21940006573750,2021-01-01,5
21940006576000,2021-01-01,16
21940006576250,2021-01-01,25
21940006576500,2021-01-01,69
21940006576750,2021-01-01,58
21940006577000,2021-01-01,4
21940006577250,2021-01-01,2
21940006577500,2021-01-01,1
21940006578000,2021-01-01,14
21940006578250,2021-01-01,8
21940006578500,2021-01-01,3
21940006578750,2021-01-01,22
21940006579000,2021-01-01,6
21940006579250,2021-01-01,4
21940006580250,2021-01-01,2
21940006581000,2021-01-01,8
21940006581250,2021-01-01,4
21942506560000,2021-01-01,3
21942506560250,2021-01-01,9
21942506560750,2021-01-01,5
21942506561500,2021-01-01,3
21942506561750,2021-01-01,3
21942506563000,2021-01-01,6
21942506563750,2021-01-01,141
21942506564000,2021-01-01,82
21942506564250,2021-01-01,37
21942506564500,2021-01-01,75
21942506564750,2021-01-01,99
21942506565000,2021-01-01,167
21942506565250,2021-01-01,107
21942506565500,2021-01-01,59
21942506565750,2021-01-01,147
21942506566000,2021-01-01,169
21942506566250,2021-01-01,143
21942506566500,2021-01-01,169
21942506566750,2021-01-01,55
21942506567000,2021-01-01,134
21942506567250,2021-01-01,194
21942506567500,2021-01-01,207
21942506567750,2021-01-01,118
21942506568000,2021-01-01,67
21942506568250,2021-01-01,53
21942506568500,2021-01-01,44
21942506568750,2021-01-01,62
21942506569000,2021-01-01,56
21942506569250,2021-01-01,70
21942506569500,2021-01-01,25
21942506570000,2021-01-01,2
21942506570250,2021-01-01,14
21942506570500,2021-01-01,96
21942506570750,2021-01-01,169
21942506571000,2021-01-01,165
21942506571250,2021-01-01,145
21942506571500,2021-01-01,150
21942506571750,2021-01-01,135
21942506572000,2021-01-01,82
21942506572250,2021-01-01,11
21942506572750,2021-01-01,8
21942506576000,2021-01-01,7
21942506576250,2021-01-01,2
21942506576500,2021-01-01,8
21942506576750,2021-01-01,48
21942506577000,2021-01-01,2
21942506577500,2021-01-01,7
21942506578000,2021-01-01,2
21942506578500,2021-01-01,26
21942506578750,2021-01-01,12
21942506579000,2021-01-01,2
21942506579500,2021-01-01,14
21942506579750,2021-01-01,5
21942506580000,2021-01-01,3
21942506580250,2021-01-01,5
21942506580500,2021-01-01,3
21945006560500,2021-01-01,8
21945006561000,2021-01-01,65
21945006561250,2021-01-01,170
21945006561500,2021-01-01,7
21945006562500,2021-01-01,1
21945006563000,2021-01-01,48
21945006563250,2021-01-01,49
21945006563750,2021-01-01,173
21945006564000,2021-01-01,23
21945006564250,2021-01-01,56
21945006564500,2021-01-01,150
21945006564750,2021-01-01,229
21945006565000,2021-01-01,226
21945006565250,2021-01-01,138
21945006565500,2021-01-01,121
21945006565750,2021-01-01,70
21945006566000,2021-01-01,16
21945006566750,2021-01-01,133
21945006567000,2021-01-01,157
21945006567250,2021-01-01,123
21945006567500,2021-01-01,137
21945006567750,2021-01-01,56
21945006568000,2021-01-01,71
21945006568250,2021-01-01,148
21945006568500,2021-01-01,232
21945006568750,2021-01-01,178
21945006569000,2021-01-01,155
21945006569250,2021-01-01,183
21945006569500,2021-01-01,113
21945006569750,2021-01-01,21
21945006570250,2021-01-01,11
21945006570500,2021-01-01,72
21945006570750,2021-01-01,166
21945006571000,2021-01-01,138
21945006571250,2021-01-01,150
21945006571500,2021-01-01,61
21945006572000,2021-01-01,2
21945006572250,2021-01-01,17
21945006575250,2021-01-01,2
21945006575500,2021-01-01,5
21945006575750,2021-01-01,6
21945006576250,2021-01-01,11
21945006576500,2021-01-01,10
21945006577750,2021-01-01,2
21945006578250,2021-01-01,3
21945006578750,2021-01-01,2
21945006579250,2021-01-01,6
21945006580500,2021-01-01,5
21945006580750,2021-01-01,4
21945006581000,2021-01-01,9
21947506558250,2021-01-01,29
21947506560500,2021-01-01,18
21947506560750,2021-01-01,60
21947506561000,2021-01-01,85
21947506561250,2021-01-01,120
21947506561500,2021-01-01,87
21947506561750,2021-01-01,23
21947506562500,2021-01-01,11
21947506562750,2021-01-01,60
21947506563000,2021-01-01,123
21947506563250,2021-01-01,42
21947506563500,2021-01-01,15
21947506563750,2021-01-01,86
21947506564000,2021-01-01,77
21947506564250,2021-01-01,127
21947506564500,2021-01-01,9
21947506564750,2021-01-01,192
21947506565000,2021-01-01,13
21947506565250,2021-01-01,20
21947506565500,2021-01-01,36
21947506566750,2021-01-01,98
21947506567000,2021-01-01,183
21947506567250,2021-01-01,34
21947506567500,2021-01-01,120
21947506567750,2021-01-01,42
21947506568000,2021-01-01,132
21947506568250,2021-01-01,330
21947506568500,2021-01-01,245
21947506568750,2021-01-01,55
21947506569000,2021-01-01,201
21947506569250,2021-01-01,203
21947506569500,2021-01-01,213
21947506569750,2021-01-01,131
21947506570000,2021-01-01,35
21947506570250,2021-01-01,71
21947506570750,2021-01-01,38
21947506571000,2021-01-01,83
21947506571250,2021-01-01,45
21947506571500,2021-01-01,18
21947506572250,2021-01-01,5
21947506572750,2021-01-01,3
21947506574750,2021-01-01,4
21947506575000,2021-01-01,8
21947506575250,2021-01-01,7
21947506576500,2021-01-01,3
21947506578250,2021-01-01,6
21947506578500,2021-01-01,6
21947506578750,2021-01-01,2
21947506579000,2021-01-01,2
21947506579250,2021-01-01,1
21947506579500,2021-01-01,1
21947506579750,2021-01-01,4
21947506580500,2021-01-01,4
21947506586500,2021-01-01,1
21947506586750,2021-01-01,5
21947506587000,2021-01-01,16
21950006558000,2021-01-01,3
21950006558250,2021-01-01,45
21950006560250,2021-01-01,24
21950006560500,2021-01-01,10
21950006560750,2021-01-01,97
21950006561000,2021-01-01,111
21950006561250,2021-01-01,112
21950006561500,2021-01-01,91
21950006561750,2021-01-01,140
21950006562000,2021-01-01,16
21950006562250,2021-01-01,15
21950006562500,2021-01-01,82
21950006562750,2021-01-01,144
21950006563000,2021-01-01,146
21950006563750,2021-01-01,26
21950006564000,2021-01-01,190
21950006564250,2021-01-01,214
21950006564500,2021-01-01,135
21950006565250,2021-01-01,46
21950006565500,2021-01-01,2
21950006566750,2021-01-01,84
21950006567000,2021-01-01,140
21950006567250,2021-01-01,66
21950006567500,2021-01-01,40
21950006568000,2021-01-01,23
21950006568250,2021-01-01,254
21950006568500,2021-01-01,210
21950006568750,2021-01-01,110
21950006569000,2021-01-01,47
21950006569500,2021-01-01,55
21950006569750,2021-01-01,130
21950006570000,2021-01-01,168
21950006570250,2021-01-01,111
21950006570500,2021-01-01,245
21950006570750,2021-01-01,28
21950006571000,2021-01-01,1
21950006571250,2021-01-01,8
21950006571750,2021-01-01,4
21950006572000,2021-01-01,4
21950006574500,2021-01-01,2
21950006574750,2021-01-01,18
21950006575000,2021-01-01,12
21950006577250,2021-01-01,6
21950006578750,2021-01-01,5
21950006579000,2021-01-01,2
21950006579250,2021-01-01,5
21950006579500,2021-01-01,3
21950006579750,2021-01-01,2
21950006580000,2021-01-01,2
21950006580500,2021-01-01,3
21950006581000,2021-01-01,8
21950006581250,2021-01-01,4
21950006586500,2021-01-01,12
21950006586750,2021-01-01,4
21950006587000,2021-01-01,5
21950006587250,2021-01-01,4
21952506558250,2021-01-01,44
21952506558500,2021-01-01,7
21952506558750,2021-01-01,73
21952506559500,2021-01-01,5
21952506559750,2021-01-01,10
21952506560000,2021-01-01,15
21952506560250,2021-01-01,29
21952506560500,2021-01-01,35
21952506560750,2021-01-01,109
21952506561000,2021-01-01,99
21952506561250,2021-01-01,73
21952506561500,2021-01-01,4
21952506562000,2021-01-01,15
21952506562250,2021-01-01,46
21952506562500,2021-01-01,119
21952506562750,2021-01-01,64
21952506563000,2021-01-01,64
21952506563250,2021-01-01,17
21952506563500,2021-01-01,35
21952506563750,2021-01-01,81
21952506564000,2021-01-01,118
21952506564250,2021-01-01,104
21952506564500,2021-01-01,39
21952506564750,2021-01-01,3
21952506565000,2021-01-01,17
21952506565250,2021-01-01,86
21952506566500,2021-01-01,22
21952506566750,2021-01-01,176
21952506567000,2021-01-01,122
21952506567250,2021-01-01,21
21952506568000,2021-01-01,53
21952506568250,2021-01-01,41
21952506568500,2021-01-01,163
21952506568750,2021-01-01,218
21952506569000,2021-01-01,131
21952506569500,2021-01-01,3
21952506569750,2021-01-01,128
21952506570000,2021-01-01,115
21952506570250,2021-01-01,68
21952506570500,2021-01-01,53
21952506570750,2021-01-01,28
21952506571000,2021-01-01,7
21952506572750,2021-01-01,5
21952506574250,2021-01-01,3
21952506574500,2021-01-01,13
21952506574750,2021-01-01,2
21952506577000,2021-01-01,4
21952506578750,2021-01-01,6
21952506579000,2021-01-01,2
21952506579250,2021-01-01,10
21952506580000,2021-01-01,12
21952506587250,2021-01-01,8
21952506587500,2021-01-01,3
21955006557750,2021-01-01,4
21955006558000,2021-01-01,35
21955006558250,2021-01-01,104
21955006558500,2021-01-01,39
21955006558750,2021-01-01,9
21955006559250,2021-01-01,5
21955006559500,2021-01-01,78
21955006559750,2021-01-01,22
21955006560250,2021-01-01,93
21955006560500,2021-01-01,178
21955006560750,2021-01-01,120
21955006561000,2021-01-01,96
21955006561250,2021-01-01,155
21955006561500,2021-01-01,130
21955006561750,2021-01-01,103
21955006562000,2021-01-01,102
21955006562250,2021-01-01,152
21955006562500,2021-01-01,94
21955006562750,2021-01-01,42
21955006563000,2021-01-01,11
21955006563250,2021-01-01,88
21955006563500,2021-01-01,112
21955006563750,2021-01-01,93
21955006564000,2021-01-01,71
21955006564250,2021-01-01,100
21955006564500,2021-01-01,6
21955006564750,2021-01-01,2
21955006565000,2021-01-01,2
21955006566250,2021-01-01,2
21955006566500,2021-01-01,5
21955006566750,2021-01-01,57
21955006567000,2021-01-01,22
21955006567500,2021-01-01,8
21955006567750,2021-01-01,9
21955006568250,2021-01-01,1
21955006568500,2021-01-01,88
21955006568750,2021-01-01,114
21955006569000,2021-01-01,172
21955006569250,2021-01-01,17
21955006570250,2021-01-01,5
21955006570500,2021-01-01,11
21955006570750,2021-01-01,5
21955006571000,2021-01-01,13
21955006571250,2021-01-01,9
21955006572750,2021-01-01,5
21955006573250,2021-01-01,3
21955006574000,2021-01-01,2
21955006579000,2021-01-01,11
21955006579250,2021-01-01,26
21955006579500,2021-01-01,1
21955006580000,2021-01-01,11
21955006580250,2021-01-01,3
21955006587000,2021-01-01,7
21955006587250,2021-01-01,5
21955006587500,2021-01-01,2
21957506557750,2021-01-01,84
21957506558000,2021-01-01,201
21957506558250,2021-01-01,55
21957506558500,2021-01-01,83
21957506558750,2021-01-01,45
21957506559500,2021-01-01,9
21957506559750,2021-01-01,3
21957506560250,2021-01-01,43
21957506560500,2021-01-01,48
21957506560750,2021-01-01,104
21957506561000,2021-01-01,48
21957506561250,2021-01-01,101
21957506561500,2021-01-01,157
21957506561750,2021-01-01,122
21957506562000,2021-01-01,87
21957506562250,2021-01-01,106
21957506562500,2021-01-01,68
21957506562750,2021-01-01,59
21957506563000,2021-01-01,133
21957506563250,2021-01-01,30
21957506563500,2021-01-01,32
21957506563750,2021-01-01,108
21957506564000,2021-01-01,106
21957506564250,2021-01-01,87
21957506564750,2021-01-01,1
21957506565000,2021-01-01,20
21957506565250,2021-01-01,47
21957506565500,2021-01-01,49
21957506566500,2021-01-01,5
21957506566750,2021-01-01,11
21957506567250,2021-01-01,1
21957506567500,2021-01-01,3
21957506568250,2021-01-01,5
21957506568500,2021-01-01,2
21957506568750,2021-01-01,14
21957506569000,2021-01-01,5
21957506569250,2021-01-01,165
21957506570000,2021-01-01,9
21957506570500,2021-01-01,1
21957506570750,2021-01-01,5
21957506571000,2021-01-01,3
21957506572750,2021-01-01,3
21957506573000,2021-01-01,4
21957506573250,2021-01-01,4
21957506574000,2021-01-01,7
21957506574250,2021-01-01,8
21957506579000,2021-01-01,4
21957506579250,2021-01-01,2
21957506579500,2021-01-01,3
21957506587000,2021-01-01,3
21957506587250,2021-01-01,24
21957506587500,2021-01-01,14
21957506587750,2021-01-01,12
21957506588000,2021-01-01,13
21960006557750,2021-01-01,97
21960006558000,2021-01-01,178
21960006558250,2021-01-01,206
21960006558500,2021-01-01,164
21960006558750,2021-01-01,24
21960006559750,2021-01-01,1
21960006560500,2021-01-01,170
21960006560750,2021-01-01,82
21960006561000,2021-01-01,4
21960006561250,2021-01-01,87
21960006561500,2021-01-01,145
21960006561750,2021-01-01,108
21960006562000,2021-01-01,127
21960006562250,2021-01-01,52
21960006562500,2021-01-01,57
21960006562750,2021-01-01,29
21960006563000,2021-01-01,108
21960006563250,2021-01-01,28
21960006563750,2021-01-01,40
21960006564000,2021-01-01,139
21960006564250,2021-01-01,52
21960006564500,2021-01-01,31
21960006564750,2021-01-01,14
21960006565000,2021-01-01,85
21960006565250,2021-01-01,114
21960006565500,2021-01-01,96
21960006565750,2021-01-01,31
21960006566250,2021-01-01,6
21960006567750,2021-01-01,6
21960006568000,2021-01-01,9
21960006568250,2021-01-01,28
21960006568500,2021-01-01,4
21960006568750,2021-01-01,12
21960006569000,2021-01-01,4
21960006569250,2021-01-01,93
21960006569500,2021-01-01,8
21960006569750,2021-01-01,9
21960006570500,2021-01-01,3
21960006571500,2021-01-01,5
21960006571750,2021-01-01,5
21960006572000,2021-01-01,4
21960006572250,2021-01-01,3
21960006572500,2021-01-01,9
21960006572750,2021-01-01,11
21960006573250,2021-01-01,1
21960006573750,2021-01-01,3
21960006574000,2021-01-01,4
21960006574250,2021-01-01,2
21960006586000,2021-01-01,4
21960006586250,2021-01-01,1
21960006586500,2021-01-01,1
21960006587000,2021-01-01,12
21960006587250,2021-01-01,7
21960006587500,2021-01-01,3
21960006588000,2021-01-01,8
21962506557750,2021-01-01,112
21962506558000,2021-01-01,82
21962506558250,2021-01-01,123
21962506558500,2021-01-01,20
21962506561750,2021-01-01,37
21962506562000,2021-01-01,28
21962506562250,2021-01-01,5
21962506563000,2021-01-01,22
21962506563250,2021-01-01,88
21962506563500,2021-01-01,51
21962506563750,2021-01-01,41
21962506564000,2021-01-01,65
21962506564250,2021-01-01,42
21962506564500,2021-01-01,137
21962506564750,2021-01-01,51
21962506565000,2021-01-01,66
21962506565250,2021-01-01,114
21962506565500,2021-01-01,153
21962506565750,2021-01-01,101
21962506566000,2021-01-01,65
21962506566250,2021-01-01,69
21962506566750,2021-01-01,2
21962506567250,2021-01-01,6
21962506567500,2021-01-01,3
21962506568500,2021-01-01,2
21962506568750,2021-01-01,3
21962506569000,2021-01-01,23
21962506569250,2021-01-01,21
21962506569500,2021-01-01,59
21962506569750,2021-01-01,29
21962506570000,2021-01-01,22
21962506570250,2021-01-01,11
21962506570500,2021-01-01,6
21962506570750,2021-01-01,5
21962506571250,2021-01-01,4
21962506571750,2021-01-01,3
21962506572500,2021-01-01,9
21962506572750,2021-01-01,4
21962506573250,2021-01-01,2
21962506586000,2021-01-01,2
21962506586500,2021-01-01,9
21962506586750,2021-01-01,1
21962506587500,2021-01-01,11
21962506587750,2021-01-01,11
21965006557750,2021-01-01,95
21965006558000,2021-01-01,26
21965006563250,2021-01-01,6
21965006563500,2021-01-01,33
21965006563750,2021-01-01,69
21965006564000,2021-01-01,50
21965006564250,2021-01-01,47
21965006564500,2021-01-01,93
21965006564750,2021-01-01,79
21965006565000,2021-01-01,5
21965006565250,2021-01-01,58
21965006565500,2021-01-01,36
21965006565750,2021-01-01,16
21965006566000,2021-01-01,195
21965006566250,2021-01-01,37
21965006568750,2021-01-01,2
21965006569000,2021-01-01,9
21965006569250,2021-01-01,13
21965006569750,2021-01-01,10
21965006570000,2021-01-01,2
21965006571000,2021-01-01,7
21965006571250,2021-01-01,12
21965006572250,2021-01-01,4
21965006572500,2021-01-01,1
21965006573250,2021-01-01,1
21965006573500,2021-01-01,7
21965006573750,2021-01-01,2
21965006585500,2021-01-01,2
21965006586000,2021-01-01,5
21965006586500,2021-01-01,5
21965006586750,2021-01-01,3
21965006587000,2021-01-01,2
21965006587750,2021-01-01,9
21965006588000,2021-01-01,10
21967506564000,2021-01-01,12
21967506564250,2021-01-01,51
21967506564500,2021-01-01,9
21967506564750,2021-01-01,33
21967506565750,2021-01-01,10
21967506566000,2021-01-01,19
21967506569250,2021-01-01,6
21967506570750,2021-01-01,9
21967506571250,2021-01-01,6
21967506571500,2021-01-01,3
21967506572000,2021-01-01,4
21967506574500,2021-01-01,10
21967506574750,2021-01-01,5
21967506580750,2021-01-01,3
21967506591750,2021-01-01,1
21967506592250,2021-01-01,7
21970006564250,2021-01-01,34
21970006564500,2021-01-01,2
21970006564750,2021-01-01,8
21970006568500,2021-01-01,6
21970006569000,2021-01-01,8
21970006569250,2021-01-01,18
21970006569500,2021-01-01,4
21970006570250,2021-01-01,14
21970006570500,2021-01-01,7
21970006571000,2021-01-01,3
21970006571250,2021-01-01,7
21970006574750,2021-01-01,1
21970006575000,2021-01-01,7
21970006575250,2021-01-01,6
21970006575500,2021-01-01,1
21970006575750,2021-01-01,5
21970006580500,2021-01-01,4
21970006580750,2021-01-01,8
21970006581000,2021-01-01,7
21970006585000,2021-01-01,4
21970006585250,2021-01-01,5
21972506557750,2021-01-01,1
21972506560250,2021-01-01,1
21972506560750,2021-01-01,3
21972506561500,2021-01-01,3
21972506561750,2021-01-01,3
21972506562000,2021-01-01,7
21972506562250,2021-01-01,23
21972506562500,2021-01-01,14
21972506564250,2021-01-01,7
21972506564500,2021-01-01,14
21972506565750,2021-01-01,5
21972506569250,2021-01-01,7
21972506569500,2021-01-01,2
21972506569750,2021-01-01,2
21972506570000,2021-01-01,14
21972506570250,2021-01-01,5
21972506571250,2021-01-01,3
21972506571500,2021-01-01,4
21972506572250,2021-01-01,1
21972506574500,2021-01-01,6
21972506581000,2021-01-01,6
21972506581250,2021-01-01,8
21972506584750,2021-01-01,2
21972506585000,2021-01-01,10
21975006557500,2021-01-01,17
21975006557750,2021-01-01,16
21975006560500,2021-01-01,4
21975006561000,2021-01-01,3
21975006561250,2021-01-01,27
21975006561500,2021-01-01,33
21975006561750,2021-01-01,24
21975006562000,2021-01-01,13
21975006562250,2021-01-01,10
21975006562500,2021-01-01,13
21975006562750,2021-01-01,27
21975006563000,2021-01-01,11
21975006563250,2021-01-01,32
21975006563500,2021-01-01,3
21975006563750,2021-01-01,2
21975006564000,2021-01-01,15
21975006564250,2021-01-01,10
21975006564500,2021-01-01,3
21975006564750,2021-01-01,1
21975006565250,2021-01-01,4
21975006565750,2021-01-01,17
21975006569500,2021-01-01,4
21975006570000,2021-01-01,2
21975006571000,2021-01-01,1
21975006571500,2021-01-01,2
21975006571750,2021-01-01,5
21975006572000,2021-01-01,3
21975006581250,2021-01-01,3
21975006584000,2021-01-01,2
21975006584250,2021-01-01,6
21975006584500,2021-01-01,6
21975006584750,2021-01-01,8
21977506557000,2021-01-01,26
21977506557250,2021-01-01,56
21977506557500,2021-01-01,45
21977506557750,2021-01-01,13
21977506559500,2021-01-01,4
21977506560000,2021-01-01,8
21977506560500,2021-01-01,10
21977506561250,2021-01-01,4
21977506561500,2021-01-01,91
21977506561750,2021-01-01,10
21977506562750,2021-01-01,2
21977506563250,2021-01-01,18
21977506563500,2021-01-01,37
21977506563750,2021-01-01,36
21977506564000,2021-01-01,15
21977506564250,2021-01-01,34
21977506564500,2021-01-01,18
21977506565000,2021-01-01,7
21977506565250,2021-01-01,2
21977506566000,2021-01-01,4
21977506566250,2021-01-01,10
21977506570000,2021-01-01,5
21977506571500,2021-01-01,2
21977506572250,2021-01-01,1
21977506572500,2021-01-01,2
21977506581250,2021-01-01,48
21977506581500,2021-01-01,22
21977506584000,2021-01-01,2
21977506584500,2021-01-01,4
21977506584750,2021-01-01,11
21977506585000,2021-01-01,2
21980006556750,2021-01-01,2
21980006557000,2021-01-01,15
21980006557250,2021-01-01,26
21980006557500,2021-01-01,14
21980006559250,2021-01-01,2
21980006560000,2021-01-01,1
21980006560500,2021-01-01,2
21980006561000,2021-01-01,4
21980006564750,2021-01-01,2
21980006565250,2021-01-01,12
21980006566250,2021-01-01,4
21980006566500,2021-01-01,17
21980006566750,2021-01-01,3
21980006569750,2021-01-01,9
21980006572250,2021-01-01,6
21980006581250,2021-01-01,29
21980006581500,2021-01-01,34
21980006582000,2021-01-01,34
21980006582250,2021-01-01,88
21980006582500,2021-01-01,66
21980006582750,2021-01-01,10
21980006583250,2021-01-01,5
21980006584000,2021-01-01,1
21980006584500,2021-01-01,13
21980006584750,2021-01-01,1
21982506556750,2021-01-01,2
21982506557000,2021-01-01,10
21982506557250,2021-01-01,12
21982506557500,2021-01-01,3
21982506560000,2021-01-01,5
21982506560750,2021-01-01,3
21982506561000,2021-01-01,7
21982506565250,2021-01-01,5
21982506565500,2021-01-01,1
21982506566250,2021-01-01,2
21982506566500,2021-01-01,30
21982506566750,2021-01-01,44
21982506567000,2021-01-01,3
21982506567250,2021-01-01,3
21982506570750,2021-01-01,4
21982506573250,2021-01-01,1
21982506574000,2021-01-01,3
21982506581250,2021-01-01,42
21982506581500,2021-01-01,8
21982506582000,2021-01-01,66
21982506582250,2021-01-01,64
21982506582500,2021-01-01,68
21982506582750,2021-01-01,41
21982506583000,2021-01-01,11
21982506584000,2021-01-01,3
21982506584250,2021-01-01,12
21982506584500,2021-01-01,4
21985006557250,2021-01-01,14
21985006557500,2021-01-01,6
21985006566500,2021-01-01,7
21985006566750,2021-01-01,15
21985006567250,2021-01-01,2
21985006567500,2021-01-01,3
21985006567750,2021-01-01,3
21985006570750,2021-01-01,6
21985006573750,2021-01-01,10
21985006575250,2021-01-01,2
21985006575500,2021-01-01,2
21985006582250,2021-01-01,7
21985006582500,2021-01-01,19
21985006583000,2021-01-01,5
21985006583250,2021-01-01,7
21985006583500,2021-01-01,11
21985006583750,2021-01-01,7
21985006584000,2021-01-01,8
21985006584250,2021-01-01,13
21985006584500,2021-01-01,21
21987506557250,2021-01-01,10
21987506561250,2021-01-01,12
21987506562000,2021-01-01,1
21987506562250,2021-01-01,3
21987506566500,2021-01-01,1
21987506567000,2021-01-01,8
21987506567250,2021-01-01,2
21987506567500,2021-01-01,8
21987506568000,2021-01-01,19
21987506568250,2021-01-01,14
21987506571250,2021-01-01,1
21987506582000,2021-01-01,73
21987506582250,2021-01-01,49
21987506582500,2021-01-01,17
21987506582750,2021-01-01,19
21987506583000,2021-01-01,2
21987506583500,2021-01-01,3
21987506584000,2021-01-01,7
21987506584250,2021-01-01,92
21987506584500,2021-01-01,31
21990006561250,2021-01-01,4
21990006562250,2021-01-01,3
21990006563250,2021-01-01,4
21990006567500,2021-01-01,9
21990006568000,2021-01-01,8
21990006568250,2021-01-01,3
21990006568500,2021-01-01,5
21990006570750,2021-01-01,4
21990006571250,2021-01-01,2
21990006573750,2021-01-01,1
21990006582250,2021-01-01,19
21990006584000,2021-01-01,7
21990006584250,2021-01-01,77
21990006584500,2021-01-01,13
21992506559750,2021-01-01,4
21992506560000,2021-01-01,5
21992506561250,2021-01-01,3
21992506563250,2021-01-01,3
21992506568000,2021-01-01,2
21992506568500,2021-01-01,2
21992506568750,2021-01-01,2
21992506569000,2021-01-01,11
21992506574500,2021-01-01,1
21992506582000,2021-01-01,5
21992506582250,2021-01-01,68
21992506582500,2021-01-01,25
21992506583750,2021-01-01,4
21992506584000,2021-01-01,3
21992506584250,2021-01-01,6
21995006558250,2021-01-01,2
21995006558500,2021-01-01,3
21995006563750,2021-01-01,2
21995006569250,2021-01-01,2
21995006569500,2021-01-01,4
21995006569750,2021-01-01,1
21995006582000,2021-01-01,9
21995006582250,2021-01-01,27
21995006582500,2021-01-01,10
21995006582750,2021-01-01,3
21995006583000,2021-01-01,2
21995006583500,2021-01-01,4
21995006583750,2021-01-01,8
21995006584250,2021-01-01,1
21995006596500,2021-01-01,1
21997506569250,2021-01-01,2
21997506570000,2021-01-01,10
21997506582250,2021-01-01,10
21997506582750,2021-01-01,82
21997506583000,2021-01-01,34
21997506583500,2021-01-01,8
22000006569750,2021-01-01,1
22000006570250,2021-01-01,6
22000006573750,2021-01-01,4
22000006581250,2021-01-01,6
22000006581500,2021-01-01,19
22000006581750,2021-01-01,1
22000006582750,2021-01-01,55
22000006583000,2021-01-01,45
22000006583250,2021-01-01,17
22000006583500,2021-01-01,15
22002506557000,2021-01-01,4
22002506570750,2021-01-01,6
22002506581000,2021-01-01,3
22002506581250,2021-01-01,8
22002506582000,2021-01-01,5
22002506582250,2021-01-01,6
22002506583000,2021-01-01,9
22002506583500,2021-01-01,1
22005006570750,2021-01-01,5
22005006581000,2021-01-01,2
22005006581500,2021-01-01,1
22005006581750,2021-01-01,1
22005006582000,2021-01-01,5
22005006583500,2021-01-01,6
22005006583750,2021-01-01,12
22007506562750,2021-01-01,6
22007506571250,2021-01-01,4
22007506581000,2021-01-01,3
22007506581500,2021-01-01,2
22007506581750,2021-01-01,6
22007506582000,2021-01-01,4
22007506583500,2021-01-01,9
22007506583750,2021-01-01,6
22010006557750,2021-01-01,1
22010006559750,2021-01-01,2
22010006580500,2021-01-01,1
22010006580750,2021-01-01,1
22010006581000,2021-01-01,2
22010006581250,2021-01-01,4
22010006581500,2021-01-01,7
22010006583500,2021-01-01,2
22012506562000,2021-01-01,1
22012506562250,2021-01-01,2
22012506562500,2021-01-01,1
22012506571500,2021-01-01,2
22012506571750,2021-01-01,4
22012506579250,2021-01-01,1
22012506579750,2021-01-01,1
22012506580000,2021-01-01,6
22012506580250,2021-01-01,2
22012506580750,2021-01-01,1
22015006560500,2021-01-01,2
22015006561000,2021-01-01,9
22015006561250,2021-01-01,3
22015006579250,2021-01-01,4
22015006579500,2021-01-01,20
22015006579750,2021-01-01,9
22015006580000,2021-01-01,3
22015006580250,2021-01-01,4
22015006580500,2021-01-01,2
22017506561250,2021-01-01,6
22017506561500,2021-01-01,20
22017506561750,2021-01-01,8
22017506566500,2021-01-01,1
22017506571500,2021-01-01,3
22017506572000,2021-01-01,2
22017506579500,2021-01-01,2
22017506579750,2021-01-01,5
22017506580000,2021-01-01,6
22017506580250,2021-01-01,1
22017506583250,2021-01-01,1
22020006560500,2021-01-01,1
22020006560750,2021-01-01,3
22020006561500,2021-01-01,2
22020006561750,2021-01-01,23
22020006563000,2021-01-01,5
22020006563250,2021-01-01,2
22020006566000,2021-01-01,6
22020006566500,2021-01-01,2
22020006566750,2021-01-01,3
22020006578750,2021-01-01,3
22020006580000,2021-01-01,5
22022506555750,2021-01-01,4
22022506558750,2021-01-01,4
22022506561000,2021-01-01,15
22022506561250,2021-01-01,44
22022506561500,2021-01-01,33
22022506561750,2021-01-01,19
22022506563500,2021-01-01,7
22022506564250,2021-01-01,2
22022506564750,2021-01-01,9
22022506565000,2021-01-01,14
22022506567000,2021-01-01,5
22022506567500,2021-01-01,1
22022506572500,2021-01-01,2
22022506578500,2021-01-01,4
22022506578750,2021-01-01,6
22022506583000,2021-01-01,1
22025006555750,2021-01-01,3
22025006560750,2021-01-01,7
22025006561000,2021-01-01,43
22025006561250,2021-01-01,26
22025006561500,2021-01-01,2
22025006561750,2021-01-01,14
22025006562000,2021-01-01,20
22025006562250,2021-01-01,4
22025006562750,2021-01-01,9
22025006563000,2021-01-01,1
22025006563250,2021-01-01,7
22025006563500,2021-01-01,2
22025006567750,2021-01-01,5
22025006568500,2021-01-01,2
22025006572500,2021-01-01,1
22025006578500,2021-01-01,2
22025006578750,2021-01-01,3
22025006579000,2021-01-01,8
22025006583000,2021-01-01,2
22027506560500,2021-01-01,57
22027506560750,2021-01-01,71
22027506561000,2021-01-01,8
22027506562000,2021-01-01,2
22027506563000,2021-01-01,4
22027506568750,2021-01-01,4
22027506569500,2021-01-01,3
22027506578500,2021-01-01,1
22027506578750,2021-01-01,8
22027506583250,2021-01-01,1
22030006560500,2021-01-01,56
22030006560750,2021-01-01,5
22030006563250,2021-01-01,3
22030006578750,2021-01-01,2
22030006579000,2021-01-01,2
22032506559250,2021-01-01,6
22032506560500,2021-01-01,2
22032506560750,2021-01-01,6
22032506571000,2021-01-01,11
22032506571250,2021-01-01,7
22032506571500,2021-01-01,5
22032506572000,2021-01-01,13
22035006558750,2021-01-01,8
22035006560500,2021-01-01,5
22035006569750,2021-01-01,5
22035006570500,2021-01-01,7
22035006570750,2021-01-01,18
22035006571000,2021-01-01,13
22035006571250,2021-01-01,9
22035006571500,2021-01-01,11
22035006571750,2021-01-01,3
22035006578000,2021-01-01,2
22035006578750,2021-01-01,7
22035006579000,2021-01-01,3
22037506560250,2021-01-01,5
22037506560500,2021-01-01,3
22037506564750,2021-01-01,6
22037506570250,2021-01-01,2
22037506570500,2021-01-01,1
22037506570750,2021-01-01,2
22037506571000,2021-01-01,2
22037506571250,2021-01-01,5
22037506578250,2021-01-01,1
22037506578500,2021-01-01,2
22037506579250,2021-01-01,4
22040006557000,2021-01-01,2
22040006557250,2021-01-01,1
22040006560250,2021-01-01,21
22040006560500,2021-01-01,5
22040006569500,2021-01-01,4
22040006570000,2021-01-01,2
22040006570750,2021-01-01,4
22040006578250,2021-01-01,4
22040006578500,2021-01-01,19
22042506560250,2021-01-01,2
22042506569750,2021-01-01,1
22042506570000,2021-01-01,4
22042506570500,2021-01-01,1
22042506578500,2021-01-01,10
22045006570000,2021-01-01,2
22045006570250,2021-01-01,3
22045006578250,2021-01-01,3
22045006578500,2021-01-01,5
22045006578750,2021-01-01,6
22047506561750,2021-01-01,2
22047506570000,2021-01-01,4
22047506575000,2021-01-01,1
22047506575500,2021-01-01,5
22047506576500,2021-01-01,3
22047506577000,2021-01-01,3
22047506579000,2021-01-01,5
22047506579250,2021-01-01,3
22050006570000,2021-01-01,2
22050006570250,2021-01-01,2
22050006576250,2021-01-01,1
22052506570000,2021-01-01,5
22052506577250,2021-01-01,2
22052506577500,2021-01-01,1
22055006570000,2021-01-01,1
22055006574750,2021-01-01,1
22055006575000,2021-01-01,1
22057506570000,2021-01-01,3
22057506577250,2021-01-01,8
22060006569750,2021-01-01,3
22060006577250,2021-01-01,6
22060006577500,2021-01-01,5
22062506575750,2021-01-01,2
22062506576000,2021-01-01,1
22062506576750,2021-01-01,1
22065006570000,2021-01-01,2
22067506570750,2021-01-01,2
22067506571000,2021-01-01,3
22072506576750,2021-01-01,4
22075006576500,2021-01-01,4
22075006576750,2021-01-01,2
21720006570000,2022-01-01,3
21722506570000,2022-01-01,3
21760006568000,2022-01-01,6
21760006568500,2022-01-01,5
21762506567750,2022-01-01,4
21762506568000,2022-01-01,15
21765006573500,2022-01-01,9
21767506588250,2022-01-01,2
21767506588750,2022-01-01,2
21767506589000,2022-01-01,7
21770006567250,2022-01-01,3
21770006573000,2022-01-01,2
21770006589250,2022-01-01,12
21772506567000,2022-01-01,9
21772506567500,2022-01-01,2
21772506567750,2022-01-01,4
21772506573500,2022-01-01,1
21772506588000,2022-01-01,3
21772506588250,2022-01-01,10
21772506588750,2022-01-01,15
21772506589000,2022-01-01,1
21772506589250,2022-01-01,1
21772506589500,2022-01-01,2
21772506589750,2022-01-01,2
21775006563500,2022-01-01,2
21775006567000,2022-01-01,8
21775006567500,2022-01-01,4
21775006587750,2022-01-01,1
21775006588000,2022-01-01,1
21775006588500,2022-01-01,3
21775006588750,2022-01-01,3
21775006589000,2022-01-01,4
21775006589500,2022-01-01,4
21777506572750,2022-01-01,1
21777506588250,2022-01-01,16
21777506588750,2022-01-01,2
21777506589000,2022-01-01,7
21777506589250,2022-01-01,3
21780006562500,2022-01-01,2
21780006565750,2022-01-01,4
21780006572500,2022-01-01,2
21780006572750,2022-01-01,6
21782506571500,2022-01-01,2
21782506572000,2022-01-01,4
21782506572250,2022-01-01,2
21782506572500,2022-01-01,2
21785006562500,2022-01-01,3
21785006567000,2022-01-01,1
21785006572250,2022-01-01,5
21785006575250,2022-01-01,2
21785006588250,2022-01-01,3
21785006591500,2022-01-01,4
21787506562250,2022-01-01,4
21787506562500,2022-01-01,6
21787506567000,2022-01-01,4
21787506567250,2022-01-01,7
21787506572250,2022-01-01,2
21787506572500,2022-01-01,4
21787506577750,2022-01-01,1
21787506587250,2022-01-01,2
21790006562500,2022-01-01,1
21790006567750,2022-01-01,7
21790006572750,2022-01-01,2
21792506566750,2022-01-01,3
21792506567250,2022-01-01,1
21792506567500,2022-01-01,8
21792506567750,2022-01-01,2
21792506570750,2022-01-01,3
21792506572000,2022-01-01,11
21792506572250,2022-01-01,8
21792506572500,2022-01-01,1
21792506573000,2022-01-01,3
21792506573750,2022-01-01,1
21792506575250,2022-01-01,7
21792506578000,2022-01-01,2
21792506578250,2022-01-01,6
21795006564750,2022-01-01,6
21795006571000,2022-01-01,4
21795006571250,2022-01-01,4
21795006571750,2022-01-01,5
21795006572000,2022-01-01,5
21795006573000,2022-01-01,2
21795006573250,2022-01-01,1
21795006573750,2022-01-01,2
21795006574500,2022-01-01,5
21797506564500,2022-01-01,2
21797506567250,2022-01-01,2
21797506571250,2022-01-01,3
21797506571500,2022-01-01,2
21797506571750,2022-01-01,4
21797506573750,2022-01-01,1
21797506574000,2022-01-01,6
21797506574750,2022-01-01,4
21797506575000,2022-01-01,4
21797506578000,2022-01-01,7
21800006564250,2022-01-01,6
21800006573000,2022-01-01,1
21800006575250,2022-01-01,4
21800006577500,2022-01-01,4
21800006578000,2022-01-01,11
21800006585750,2022-01-01,1
21802506564000,2022-01-01,12
21802506566250,2022-01-01,2
21802506575000,2022-01-01,1
21802506575250,2022-01-01,9
21802506575500,2022-01-01,1
21802506576000,2022-01-01,2
21802506577000,2022-01-01,3
21802506577250,2022-01-01,4
21802506585750,2022-01-01,3
21802506586250,2022-01-01,4
21805006564000,2022-01-01,4
21805006566250,2022-01-01,4
21805006571250,2022-01-01,1
21805006574250,2022-01-01,1
21805006574750,2022-01-01,2
21805006575750,2022-01-01,1
21805006576000,2022-01-01,2
21805006576250,2022-01-01,2
21805006576500,2022-01-01,4
21805006577000,2022-01-01,1
21805006578250,2022-01-01,4
21805006585750,2022-01-01,4
21805006586250,2022-01-01,5
21807506561750,2022-01-01,8
21807506563250,2022-01-01,5
21807506563500,2022-01-01,4
21807506563750,2022-01-01,3
21807506574750,2022-01-01,2
21807506576000,2022-01-01,1
21807506576250,2022-01-01,14
21807506576500,2022-01-01,8
21807506576750,2022-01-01,12
21807506577750,2022-01-01,4
21807506578250,2022-01-01,3
21807506585500,2022-01-01,2
21810006563000,2022-01-01,2
21810006564750,2022-01-01,2
21810006565000,2022-01-01,37
21810006565250,2022-01-01,3
21810006574500,2022-01-01,8
21810006576000,2022-01-01,6
21810006576250,2022-01-01,13
21810006576500,2022-01-01,14
21810006577500,2022-01-01,5
21810006578000,2022-01-01,2
21812506560500,2022-01-01,1
21812506565000,2022-01-01,29
21812506565250,2022-01-01,1
21812506565750,2022-01-01,8
21812506566000,2022-01-01,2
21812506566250,2022-01-01,2
21812506567000,2022-01-01,6
21812506567250,2022-01-01,4
21812506576250,2022-01-01,2
21812506576500,2022-01-01,14
21812506576750,2022-01-01,19
21812506577250,2022-01-01,7
21812506577500,2022-01-01,4
21812506577750,2022-01-01,6
21812506578000,2022-01-01,4
21812506578250,2022-01-01,3
21815006564000,2022-01-01,5
21815006564500,2022-01-01,2
21815006565750,2022-01-01,1
21815006566000,2022-01-01,5
21815006567000,2022-01-01,4
21815006576500,2022-01-01,15
21815006576750,2022-01-01,18
21815006577000,2022-01-01,25
21815006577250,2022-01-01,2
21815006577500,2022-01-01,22
21815006577750,2022-01-01,4
21815006578000,2022-01-01,8
21815006578250,2022-01-01,7
21817506577000,2022-01-01,3
21817506577500,2022-01-01,9
21817506577750,2022-01-01,4
21820006572750,2022-01-01,1
21820006577250,2022-01-01,4
21822506563750,2022-01-01,2
21822506566750,2022-01-01,2
21822506574500,2022-01-01,2
21822506575500,2022-01-01,2
21822506575750,2022-01-01,2
21825006574500,2022-01-01,1
21825006574750,2022-01-01,4
21825006575000,2022-01-01,3
21825006575250,2022-01-01,1
21825006575750,2022-01-01,1
21825006577250,2022-01-01,2
21825006577500,2022-01-01,3
21825006577750,2022-01-01,2
21827506566750,2022-01-01,7
21827506580750,2022-01-01,2
21830006574500,2022-01-01,3
21830006574750,2022-01-01,12
21832506566750,2022-01-01,1
21832506574500,2022-01-01,15
21832506574750,2022-01-01,7
21832506575000,2022-01-01,14
21832506575250,2022-01-01,70
21832506580250,2022-01-01,1
21835006575250,2022-01-01,2
21837506574500,2022-01-01,11
21837506574750,2022-01-01,7
21837506575000,2022-01-01,6
21840006573750,2022-01-01,8
21840006574000,2022-01-01,8
21840006574250,2022-01-01,3
21840006575000,2022-01-01,1
21842506566750,2022-01-01,3
21842506573500,2022-01-01,2
21842506573750,2022-01-01,5
21842506574500,2022-01-01,2
21842506575250,2022-01-01,2
21842506579750,2022-01-01,4
21845006567750,2022-01-01,2
21845006573750,2022-01-01,1
21845006574000,2022-01-01,6
21845006574250,2022-01-01,10
21845006574750,2022-01-01,2
21845006575000,2022-01-01,6
21845006579000,2022-01-01,9
21845006579250,2022-01-01,10
21845006579500,2022-01-01,9
21845006579750,2022-01-01,4
21847506567000,2022-01-01,2
21847506567500,2022-01-01,1
21847506573750,2022-01-01,5
21847506574250,2022-01-01,11
21847506579000,2022-01-01,6
21847506579250,2022-01-01,6
21850006568000,2022-01-01,2
21850006573750,2022-01-01,1
21850006574250,2022-01-01,7
21850006575500,2022-01-01,4
21850006577750,2022-01-01,4
21850006578500,2022-01-01,5
21850006578750,2022-01-01,1
21850006579000,2022-01-01,4
21852506567500,2022-01-01,2
21852506567750,2022-01-01,6
21852506568000,2022-01-01,5
21852506574500,2022-01-01,3
21852506575500,2022-01-01,3
21852506577500,2022-01-01,5
21852506578250,2022-01-01,2
21852506578500,2022-01-01,2
21855006567000,2022-01-01,4
21855006567250,2022-01-01,1
21855006567750,2022-01-01,7
21855006573500,2022-01-01,1
21855006574750,2022-01-01,6
21855006575500,2022-01-01,3
21855006576750,2022-01-01,1
21855006578250,2022-01-01,11
21855006578750,2022-01-01,1
21855006579000,2022-01-01,4
21857506566750,2022-01-01,15
21857506567000,2022-01-01,16
21857506567250,2022-01-01,4
21857506569750,2022-01-01,7
21857506570000,2022-01-01,5
21857506573500,2022-01-01,1
21857506576750,2022-01-01,1
21857506578750,2022-01-01,23
21860006566750,2022-01-01,11
21860006570000,2022-01-01,3
21860006573000,2022-01-01,4
21860006573250,2022-01-01,5
21860006573500,2022-01-01,5
21860006573750,2022-01-01,8
21860006576000,2022-01-01,8
21860006576500,2022-01-01,6
21860006576750,2022-01-01,25
21860006577000,2022-01-01,39
21860006577250,2022-01-01,20
21860006577500,2022-01-01,4
21860006578250,2022-01-01,6
21860006578500,2022-01-01,6
21860006586500,2022-01-01,6
21862506567250,2022-01-01,7
21862506567500,2022-01-01,63
21862506567750,2022-01-01,14
21862506570000,2022-01-01,2
21862506573000,2022-01-01,2
21862506573250,2022-01-01,9
21862506573750,2022-01-01,1
21862506574000,2022-01-01,2
21862506574250,2022-01-01,1
21862506574500,2022-01-01,2
21862506575750,2022-01-01,2
21862506576000,2022-01-01,7
21862506576250,2022-01-01,2
21862506576750,2022-01-01,5
21862506577000,2022-01-01,49
21862506577250,2022-01-01,11
21862506577750,2022-01-01,6
21862506578000,2022-01-01,3
21865006567250,2022-01-01,7
21865006567500,2022-01-01,33
21865006570250,2022-01-01,4
21865006570500,2022-01-01,1
21865006570750,2022-01-01,2
21865006572000,2022-01-01,2
21865006572250,2022-01-01,2
21865006572500,2022-01-01,3
21865006572750,2022-01-01,2
21865006573250,2022-01-01,3
21865006573500,2022-01-01,3
21865006573750,2022-01-01,4
21865006574000,2022-01-01,3
21865006574250,2022-01-01,2
21865006576250,2022-01-01,3
21865006576500,2022-01-01,15
21865006577000,2022-01-01,2
21865006577500,2022-01-01,8
21865006577750,2022-01-01,5
21865006578000,2022-01-01,1
21867506567500,2022-01-01,6
21867506568250,2022-01-01,3
21867506570000,2022-01-01,4
21867506571250,2022-01-01,5
21867506571500,2022-01-01,9
21867506571750,2022-01-01,2
21867506572000,2022-01-01,4
21867506572250,2022-01-01,2
21867506572750,2022-01-01,8
21867506573000,2022-01-01,1
21867506573250,2022-01-01,2
21867506576250,2022-01-01,32
21867506576500,2022-01-01,5
21867506577000,2022-01-01,39
21867506577250,2022-01-01,71
21867506577500,2022-01-01,24
21867506586500,2022-01-01,1
21870006567500,2022-01-01,2
21870006568250,2022-01-01,3
21870006568500,2022-01-01,6
21870006569000,2022-01-01,11
21870006569750,2022-01-01,2
21870006570000,2022-01-01,2
21870006571750,2022-01-01,9
21870006572250,2022-01-01,3
21870006573000,2022-01-01,9
21870006573750,2022-01-01,10
21870006574000,2022-01-01,4
21870006576000,2022-01-01,4
21870006576250,2022-01-01,1
21870006576500,2022-01-01,2
21870006576750,2022-01-01,48
21870006577000,2022-01-01,85
21870006577250,2022-01-01,18
21872506567500,2022-01-01,4
21872506568000,2022-01-01,8
21872506568750,2022-01-01,1
21872506571250,2022-01-01,8
21872506571500,2022-01-01,7
21872506573250,2022-01-01,7
21872506573500,2022-01-01,3
21872506574000,2022-01-01,4
21872506574750,2022-01-01,5
21872506575500,2022-01-01,5
21872506576500,2022-01-01,71
21872506576750,2022-01-01,153
21872506577000,2022-01-01,70
21875006567250,2022-01-01,2
21875006568750,2022-01-01,5
21875006569000,2022-01-01,8
21875006573000,2022-01-01,9
21875006573250,2022-01-01,10
21875006573500,2022-01-01,6
21875006574250,2022-01-01,1
21875006574500,2022-01-01,2
21875006574750,2022-01-01,6
21875006575250,2022-01-01,4
21875006575500,2022-01-01,8
21875006576000,2022-01-01,11
21875006576250,2022-01-01,34
21875006576750,2022-01-01,117
21875006577000,2022-01-01,15
21877506567500,2022-01-01,6
21877506569000,2022-01-01,5
21877506570000,2022-01-01,2
21877506572750,2022-01-01,1
21877506573000,2022-01-01,7
21877506573500,2022-01-01,4
21877506574250,2022-01-01,2
21877506574500,2022-01-01,58
21877506574750,2022-01-01,105
21877506575000,2022-01-01,6
21877506575250,2022-01-01,48
21877506575500,2022-01-01,20
21877506575750,2022-01-01,3
21877506576000,2022-01-01,61
21877506576250,2022-01-01,22
21877506576500,2022-01-01,69
21877506576750,2022-01-01,120
21880006567250,2022-01-01,2
21880006567500,2022-01-01,8
21880006568250,2022-01-01,3
21880006568500,2022-01-01,6
21880006569250,2022-01-01,5
21880006572500,2022-01-01,7
21880006573000,2022-01-01,7
21880006573250,2022-01-01,2
21880006573500,2022-01-01,8
21880006574000,2022-01-01,14
21880006574250,2022-01-01,129
21880006574500,2022-01-01,94
21880006574750,2022-01-01,85
21880006575000,2022-01-01,85
21880006575250,2022-01-01,128
21880006575500,2022-01-01,38
21880006575750,2022-01-01,9
21880006576250,2022-01-01,2
21880006576500,2022-01-01,8
21880006576750,2022-01-01,28
21882506567000,2022-01-01,4
21882506568250,2022-01-01,7
21882506569000,2022-01-01,6
21882506569250,2022-01-01,6
21882506569500,2022-01-01,2
21882506571000,2022-01-01,8
21882506572500,2022-01-01,17
21882506572750,2022-01-01,1
21882506573250,2022-01-01,22
21882506573750,2022-01-01,4
21882506574000,2022-01-01,94
21882506574250,2022-01-01,155
21882506574500,2022-01-01,88
21882506574750,2022-01-01,135
21882506575000,2022-01-01,121
21882506575250,2022-01-01,68
21882506575750,2022-01-01,8
21882506576750,2022-01-01,4
21885006569500,2022-01-01,2
21885006570000,2022-01-01,11
21885006572000,2022-01-01,4
21885006573250,2022-01-01,2
21885006573500,2022-01-01,5
21885006574000,2022-01-01,61
21885006574250,2022-01-01,64
21885006574500,2022-01-01,14
21885006574750,2022-01-01,61
21885006575000,2022-01-01,129
21885006575250,2022-01-01,9
21885006575750,2022-01-01,38
21885006576000,2022-01-01,41
21885006576750,2022-01-01,6
21885006577750,2022-01-01,20
21885006584250,2022-01-01,4
21885006586250,2022-01-01,2
21885006586500,2022-01-01,3
21885006586750,2022-01-01,12
21885006601000,2022-01-01,4
21887506567000,2022-01-01,2
21887506570000,2022-01-01,5
21887506570250,2022-01-01,2
21887506572750,2022-01-01,2
21887506574750,2022-01-01,25
21887506575500,2022-01-01,34
21887506575750,2022-01-01,67
21887506576000,2022-01-01,73
21887506576250,2022-01-01,44
21887506576500,2022-01-01,2
21887506576750,2022-01-01,8
21887506577000,2022-01-01,2
21887506577500,2022-01-01,93
21887506577750,2022-01-01,93
21887506584000,2022-01-01,2
21887506584250,2022-01-01,3
21887506586750,2022-01-01,4
21887506600750,2022-01-01,2
21890006568750,2022-01-01,2
21890006569750,2022-01-01,2
21890006570000,2022-01-01,9
21890006570500,2022-01-01,4
21890006571750,2022-01-01,2
21890006574000,2022-01-01,5
21890006575250,2022-01-01,3
21890006575500,2022-01-01,74
21890006575750,2022-01-01,132
21890006576000,2022-01-01,188
21890006576250,2022-01-01,92
21890006576500,2022-01-01,3
21890006576750,2022-01-01,19
21890006577000,2022-01-01,110
21890006577250,2022-01-01,172
21890006577500,2022-01-01,119
21890006577750,2022-01-01,92
21890006578000,2022-01-01,5
21890006581750,2022-01-01,2
21890006583750,2022-01-01,3
21890006584000,2022-01-01,12
21890006584250,2022-01-01,7
21890006585000,2022-01-01,3
21890006585250,2022-01-01,2
21890006599750,2022-01-01,2
21892506571000,2022-01-01,2
21892506573000,2022-01-01,10
21892506573750,2022-01-01,8
21892506574000,2022-01-01,44
21892506575250,2022-01-01,2
21892506575500,2022-01-01,94
21892506575750,2022-01-01,166
21892506576000,2022-01-01,95
21892506576500,2022-01-01,11
21892506576750,2022-01-01,190
21892506577000,2022-01-01,302
21892506577250,2022-01-01,159
21892506577500,2022-01-01,154
21892506577750,2022-01-01,54
21892506578000,2022-01-01,24
21892506579750,2022-01-01,6
21892506580000,2022-01-01,3
21892506580750,2022-01-01,3
21892506581500,2022-01-01,17
21892506581750,2022-01-01,3
21892506582750,2022-01-01,4
21892506583250,2022-01-01,3
21892506583750,2022-01-01,5
21892506584250,2022-01-01,1
21892506585000,2022-01-01,3
21895006568000,2022-01-01,2
21895006573750,2022-01-01,2
21895006574000,2022-01-01,6
21895006575000,2022-01-01,1
21895006575250,2022-01-01,8
21895006575500,2022-01-01,133
21895006575750,2022-01-01,115
21895006576000,2022-01-01,74
21895006576250,2022-01-01,140
21895006576500,2022-01-01,94
21895006576750,2022-01-01,156
21895006577000,2022-01-01,118
21895006577250,2022-01-01,67
21895006577500,2022-01-01,176
21895006577750,2022-01-01,108
21895006578000,2022-01-01,129
21895006578750,2022-01-01,1
21895006579000,2022-01-01,2
21895006579250,2022-01-01,3
21895006579500,2022-01-01,3
21895006579750,2022-01-01,1
21895006580500,2022-01-01,4
21895006581000,2022-01-01,3
21895006581250,2022-01-01,6
21895006581500,2022-01-01,10
21895006582250,2022-01-01,6
21895006582500,2022-01-01,3
21895006582750,2022-01-01,8
21895006583000,2022-01-01,5
21895006583250,2022-01-01,1
21895006583500,2022-01-01,2
21895006583750,2022-01-01,6
21895006584500,2022-01-01,1
21895006585500,2022-01-01,2
21895006586000,2022-01-01,3
21897506568000,2022-01-01,1
21897506568250,2022-01-01,2
21897506571750,2022-01-01,3
21897506574000,2022-01-01,16
21897506574250,2022-01-01,19
21897506574500,2022-01-01,18
21897506574750,2022-01-01,33
21897506575250,2022-01-01,24
21897506575500,2022-01-01,128
21897506575750,2022-01-01,92
21897506576000,2022-01-01,134
21897506576250,2022-01-01,162
21897506576500,2022-01-01,12
21897506576750,2022-01-01,178
21897506577000,2022-01-01,236
21897506577250,2022-01-01,296
21897506577500,2022-01-01,394
21897506577750,2022-01-01,27
21897506578000,2022-01-01,3
21897506578250,2022-01-01,4
21897506578500,2022-01-01,5
21897506578750,2022-01-01,9
21897506579000,2022-01-01,1
21897506579250,2022-01-01,3
21897506579750,2022-01-01,5
21897506580000,2022-01-01,4
21897506582000,2022-01-01,17
21897506582250,2022-01-01,4
21897506582500,2022-01-01,15
21897506584500,2022-01-01,4
21897506597250,2022-01-01,6
21897506597500,2022-01-01,5
21897506598000,2022-01-01,2
21897506602000,2022-01-01,2
21900006566250,2022-01-01,7
21900006566500,2022-01-01,21
21900006574250,2022-01-01,87
21900006574500,2022-01-01,130
21900006574750,2022-01-01,101
21900006575000,2022-01-01,9
21900006575250,2022-01-01,59
21900006575500,2022-01-01,41
21900006575750,2022-01-01,50
21900006576000,2022-01-01,125
21900006576250,2022-01-01,30
21900006576500,2022-01-01,18
21900006576750,2022-01-01,50
21900006577000,2022-01-01,163
21900006577250,2022-01-01,43
21900006577500,2022-01-01,2
21900006578000,2022-01-01,8
21900006578250,2022-01-01,3
21900006579500,2022-01-01,5
21900006581000,2022-01-01,5
21900006581250,2022-01-01,11
21900006581500,2022-01-01,15
21900006581750,2022-01-01,18
21900006582000,2022-01-01,9
21900006582500,2022-01-01,2
21900006582750,2022-01-01,9
21900006583000,2022-01-01,4
21900006583250,2022-01-01,3
21900006583500,2022-01-01,24
21900006583750,2022-01-01,4
21900006586000,2022-01-01,3
21900006586250,2022-01-01,2
21900006597000,2022-01-01,5
21900006603250,2022-01-01,4
21902506566500,2022-01-01,18
21902506568500,2022-01-01,1
21902506574000,2022-01-01,29
21902506574250,2022-01-01,180
21902506574500,2022-01-01,137
21902506574750,2022-01-01,45
21902506575000,2022-01-01,16
21902506575250,2022-01-01,57
21902506575500,2022-01-01,106
21902506575750,2022-01-01,100
21902506576000,2022-01-01,81
21902506576250,2022-01-01,99
21902506576500,2022-01-01,31
21902506576750,2022-01-01,101
21902506577000,2022-01-01,92
21902506577250,2022-01-01,8
21902506577500,2022-01-01,1
21902506577750,2022-01-01,6
21902506578000,2022-01-01,10
21902506578500,2022-01-01,10
21902506578750,2022-01-01,12
21902506579000,2022-01-01,8
21902506579500,2022-01-01,5
21902506579750,2022-01-01,7
21902506580000,2022-01-01,15
21902506580250,2022-01-01,19
21902506580500,2022-01-01,82
21902506580750,2022-01-01,120
21902506581000,2022-01-01,4
21902506581250,2022-01-01,5
21902506581500,2022-01-01,2
21902506582750,2022-01-01,39
21902506583000,2022-01-01,8
21902506583500,2022-01-01,17
21902506583750,2022-01-01,17
21902506585500,2022-01-01,1
21902506586000,2022-01-01,2
21902506586250,2022-01-01,6
21902506587500,2022-01-01,4
21902506597750,2022-01-01,2
21902506602500,2022-01-01,4
21905006566250,2022-01-01,19
21905006566500,2022-01-01,44
21905006567250,2022-01-01,1
21905006568500,2022-01-01,10
21905006572750,2022-01-01,6
21905006573000,2022-01-01,56
21905006573250,2022-01-01,52
21905006573500,2022-01-01,11
21905006573750,2022-01-01,51
21905006574000,2022-01-01,164
21905006574250,2022-01-01,156
21905006574500,2022-01-01,78
21905006574750,2022-01-01,28
21905006575000,2022-01-01,26
21905006575250,2022-01-01,87
21905006575500,2022-01-01,149
21905006575750,2022-01-01,126
21905006576000,2022-01-01,141
21905006576250,2022-01-01,99
21905006576500,2022-01-01,13
21905006577000,2022-01-01,2
21905006577250,2022-01-01,4
21905006577750,2022-01-01,8
21905006578000,2022-01-01,37
21905006578250,2022-01-01,1
21905006579000,2022-01-01,25
21905006579250,2022-01-01,32
21905006579500,2022-01-01,98
21905006579750,2022-01-01,93
21905006580000,2022-01-01,50
21905006580250,2022-01-01,97
21905006580500,2022-01-01,69
21905006580750,2022-01-01,4
21905006581500,2022-01-01,10
21905006582250,2022-01-01,2
21905006582500,2022-01-01,49
21905006582750,2022-01-01,66
21905006583000,2022-01-01,20
21905006583250,2022-01-01,2
21905006583500,2022-01-01,3
21905006583750,2022-01-01,22
21905006584000,2022-01-01,6
21905006584250,2022-01-01,2
21905006584750,2022-01-01,6
21905006585000,2022-01-01,22
21905006585500,2022-01-01,4
21905006596250,2022-01-01,3
21907506566250,2022-01-01,14
21907506566500,2022-01-01,11
21907506567000,2022-01-01,10
21907506567250,2022-01-01,4
21907506568500,2022-01-01,1
21907506572750,2022-01-01,23
21907506573000,2022-01-01,93
21907506573250,2022-01-01,111
21907506573500,2022-01-01,98
21907506573750,2022-01-01,125
21907506574000,2022-01-01,77
21907506574250,2022-01-01,25
21907506575000,2022-01-01,30
21907506575250,2022-01-01,158
21907506575500,2022-01-01,76
21907506575750,2022-01-01,97
21907506576000,2022-01-01,43
21907506576250,2022-01-01,81
21907506576500,2022-01-01,182
21907506576750,2022-01-01,179
21907506577000,2022-01-01,15
21907506578250,2022-01-01,10
21907506578500,2022-01-01,16
21907506578750,2022-01-01,36
21907506579000,2022-01-01,7
21907506579250,2022-01-01,20
21907506579500,2022-01-01,14
21907506580250,2022-01-01,6
21907506581000,2022-01-01,4
21907506581250,2022-01-01,6
21907506581500,2022-01-01,3
21907506581750,2022-01-01,2
21907506582000,2022-01-01,4
21907506582250,2022-01-01,4
21907506582500,2022-01-01,7
21907506583000,2022-01-01,6
21907506583750,2022-01-01,8
21907506584000,2022-01-01,4
21907506584250,2022-01-01,9
21907506584500,2022-01-01,5
21907506584750,2022-01-01,7
21907506585000,2022-01-01,11
21907506585250,2022-01-01,6
21907506597000,2022-01-01,1
21910006567000,2022-01-01,2
21910006567750,2022-01-01,1
21910006568000,2022-01-01,3
21910006568250,2022-01-01,8
21910006573250,2022-01-01,11
21910006573500,2022-01-01,192
21910006573750,2022-01-01,111
21910006575000,2022-01-01,31
21910006575250,2022-01-01,119
21910006575500,2022-01-01,95
21910006575750,2022-01-01,137
21910006576000,2022-01-01,142
21910006576250,2022-01-01,177
21910006576500,2022-01-01,329
21910006576750,2022-01-01,191
21910006577000,2022-01-01,7
21910006577750,2022-01-01,5
21910006578000,2022-01-01,38
21910006578250,2022-01-01,17
21910006578500,2022-01-01,65
21910006578750,2022-01-01,18
21910006579500,2022-01-01,18
21910006579750,2022-01-01,13
21910006580000,2022-01-01,20
21910006580250,2022-01-01,7
21910006580500,2022-01-01,8
21910006580750,2022-01-01,5
21910006581000,2022-01-01,4
21910006581250,2022-01-01,3
21910006581750,2022-01-01,3
21910006584500,2022-01-01,1
21910006584750,2022-01-01,2
21910006585000,2022-01-01,1
21912506567750,2022-01-01,12
21912506568000,2022-01-01,10
21912506568250,2022-01-01,4
21912506572000,2022-01-01,1
21912506572500,2022-01-01,4
21912506574250,2022-01-01,1
21912506574750,2022-01-01,77
21912506575000,2022-01-01,115
21912506575250,2022-01-01,182
21912506575500,2022-01-01,132
21912506575750,2022-01-01,117
21912506576000,2022-01-01,74
21912506576250,2022-01-01,1
21912506576500,2022-01-01,44
21912506576750,2022-01-01,472
21912506577000,2022-01-01,62
21912506577250,2022-01-01,96
21912506577500,2022-01-01,20
21912506577750,2022-01-01,16
21912506578500,2022-01-01,5
21912506578750,2022-01-01,51
21912506579000,2022-01-01,46
21912506579250,2022-01-01,36
21912506579500,2022-01-01,68
21912506579750,2022-01-01,41
21912506580000,2022-01-01,58
21912506580250,2022-01-01,2
21912506580500,2022-01-01,7
21912506581250,2022-01-01,5
21912506581750,2022-01-01,5
21912506582000,2022-01-01,4
21915006566500,2022-01-01,3
21915006567500,2022-01-01,4
21915006568500,2022-01-01,6
21915006569250,2022-01-01,9
21915006570500,2022-01-01,3
21915006572250,2022-01-01,46
21915006572500,2022-01-01,77
21915006572750,2022-01-01,42
21915006573000,2022-01-01,104
21915006573250,2022-01-01,171
21915006573500,2022-01-01,13
21915006573750,2022-01-01,5
21915006574000,2022-01-01,72
21915006574250,2022-01-01,10
21915006574750,2022-01-01,112
21915006575000,2022-01-01,157
21915006575250,2022-01-01,179
21915006575500,2022-01-01,144
21915006575750,2022-01-01,113
21915006576000,2022-01-01,226
21915006576250,2022-01-01,94
21915006576500,2022-01-01,51
21915006576750,2022-01-01,92
21915006577000,2022-01-01,96
21915006577250,2022-01-01,90
21915006577750,2022-01-01,18
21915006578000,2022-01-01,85
21915006578250,2022-01-01,128
21915006578500,2022-01-01,133
21915006578750,2022-01-01,43
21915006579000,2022-01-01,111
21915006579250,2022-01-01,88
21915006579500,2022-01-01,91
21915006579750,2022-01-01,17
21915006580000,2022-01-01,1
21915006580250,2022-01-01,5
21915006580500,2022-01-01,1
21915006580750,2022-01-01,1
21915006581000,2022-01-01,6
21915006581500,2022-01-01,4
21915006582000,2022-01-01,5
21915006596000,2022-01-01,2
21917506566750,2022-01-01,32
21917506567000,2022-01-01,1
21917506567500,2022-01-01,2
21917506567750,2022-01-01,8
21917506568250,2022-01-01,24
21917506568500,2022-01-01,31
21917506568750,2022-01-01,66
21917506569000,2022-01-01,111
21917506569250,2022-01-01,222
21917506569500,2022-01-01,223
21917506570000,2022-01-01,3
21917506570500,2022-01-01,2
21917506571250,2022-01-01,5
21917506571750,2022-01-01,16
21917506572000,2022-01-01,44
21917506572250,2022-01-01,38
21917506572500,2022-01-01,103
21917506572750,2022-01-01,95
21917506573000,2022-01-01,116
21917506573250,2022-01-01,75
21917506573500,2022-01-01,144
21917506573750,2022-01-01,82
21917506574000,2022-01-01,189
21917506574250,2022-01-01,62
21917506574750,2022-01-01,68
21917506575000,2022-01-01,257
21917506575250,2022-01-01,154
21917506575500,2022-01-01,72
21917506575750,2022-01-01,147
21917506576000,2022-01-01,203
21917506576250,2022-01-01,263
21917506576500,2022-01-01,177
21917506576750,2022-01-01,84
21917506577250,2022-01-01,39
21917506577500,2022-01-01,124
21917506577750,2022-01-01,162
21917506578000,2022-01-01,103
21917506578250,2022-01-01,102
21917506578500,2022-01-01,96
21917506578750,2022-01-01,4
21917506579000,2022-01-01,4
21917506580250,2022-01-01,4
21917506580500,2022-01-01,7
21917506581500,2022-01-01,1
21917506595750,2022-01-01,1
21920006566750,2022-01-01,9
21920006567000,2022-01-01,62
21920006567250,2022-01-01,24
21920006567500,2022-01-01,15
21920006568000,2022-01-01,1
21920006568250,2022-01-01,6
21920006568500,2022-01-01,40
21920006568750,2022-01-01,210
21920006569000,2022-01-01,265
21920006569250,2022-01-01,106
21920006569500,2022-01-01,88
21920006570000,2022-01-01,2
21920006570250,2022-01-01,5
21920006570750,2022-01-01,9
21920006571250,2022-01-01,2
21920006571750,2022-01-01,77
21920006572000,2022-01-01,7
21920006572250,2022-01-01,25
21920006572500,2022-01-01,13
21920006572750,2022-01-01,23
21920006573000,2022-01-01,183
21920006573250,2022-01-01,243
21920006573500,2022-01-01,107
21920006573750,2022-01-01,112
21920006574000,2022-01-01,159
21920006574250,2022-01-01,250
21920006574500,2022-01-01,219
21920006574750,2022-01-01,29
21920006575000,2022-01-01,191
21920006575250,2022-01-01,335
21920006575500,2022-01-01,94
21920006575750,2022-01-01,294
21920006576000,2022-01-01,226
21920006576250,2022-01-01,415
21920006576500,2022-01-01,294
21920006576750,2022-01-01,75
21920006577000,2022-01-01,53
21920006577250,2022-01-01,166
21920006577500,2022-01-01,128
21920006577750,2022-01-01,57
21920006578000,2022-01-01,5
21920006578500,2022-01-01,8
21920006578750,2022-01-01,2
21920006579500,2022-01-01,3
21920006580000,2022-01-01,2
21920006580250,2022-01-01,6
21920006580500,2022-01-01,5
21920006580750,2022-01-01,4
21920006581500,2022-01-01,12
21920006581750,2022-01-01,6
21922506567000,2022-01-01,52
21922506567250,2022-01-01,155
21922506567500,2022-01-01,31
21922506568500,2022-01-01,55
21922506568750,2022-01-01,105
21922506569250,2022-01-01,326
21922506569500,2022-01-01,186
21922506569750,2022-01-01,64
21922506570250,2022-01-01,2
21922506570500,2022-01-01,5
21922506570750,2022-01-01,14
21922506571750,2022-01-01,19
21922506572000,2022-01-01,103
21922506572250,2022-01-01,123
21922506572500,2022-01-01,177
21922506572750,2022-01-01,140
21922506573000,2022-01-01,88
21922506573250,2022-01-01,126
21922506573500,2022-01-01,176
21922506573750,2022-01-01,159
21922506574000,2022-01-01,241
21922506574250,2022-01-01,158
21922506574750,2022-01-01,198
21922506575000,2022-01-01,90
21922506575250,2022-01-01,22
21922506575500,2022-01-01,148
21922506575750,2022-01-01,188
21922506576000,2022-01-01,128
21922506576250,2022-01-01,214
21922506576500,2022-01-01,92
21922506576750,2022-01-01,94
21922506577250,2022-01-01,5
21922506577500,2022-01-01,11
21922506577750,2022-01-01,57
21922506578000,2022-01-01,100
21922506578250,2022-01-01,52
21922506578750,2022-01-01,3
21922506579250,2022-01-01,5
21922506579500,2022-01-01,2
21922506579750,2022-01-01,2
21922506580000,2022-01-01,6
21922506580500,2022-01-01,5
21922506580750,2022-01-01,3
21922506582750,2022-01-01,4
21925006567250,2022-01-01,18
21925006567500,2022-01-01,59
21925006568000,2022-01-01,35
21925006568500,2022-01-01,87
21925006568750,2022-01-01,90
21925006569000,2022-01-01,96
21925006569250,2022-01-01,28
21925006569500,2022-01-01,148
21925006569750,2022-01-01,27
21925006570000,2022-01-01,11
21925006570250,2022-01-01,2
21925006571750,2022-01-01,56
21925006572000,2022-01-01,202
21925006572250,2022-01-01,175
21925006572500,2022-01-01,129
21925006572750,2022-01-01,119
21925006573000,2022-01-01,96
21925006573250,2022-01-01,171
21925006573500,2022-01-01,177
21925006573750,2022-01-01,239
21925006574000,2022-01-01,146
21925006574500,2022-01-01,1
21925006574750,2022-01-01,34
21925006575000,2022-01-01,48
21925006575250,2022-01-01,242
21925006575500,2022-01-01,157
21925006575750,2022-01-01,184
21925006576000,2022-01-01,194
21925006576250,2022-01-01,72
21925006576500,2022-01-01,118
21925006576750,2022-01-01,162
21925006577000,2022-01-01,68
21925006577500,2022-01-01,8
21925006579000,2022-01-01,9
21925006579250,2022-01-01,4
21925006579500,2022-01-01,1
21925006580250,2022-01-01,8
21925006580500,2022-01-01,4
21925006580750,2022-01-01,6
21925006581000,2022-01-01,2
21925006581250,2022-01-01,1
21925006581500,2022-01-01,13
21925006582000,2022-01-01,1
21925006582250,2022-01-01,2
21925006582500,2022-01-01,21
21925006582750,2022-01-01,4
21927506567500,2022-01-01,2
21927506567750,2022-01-01,15
21927506568000,2022-01-01,26
21927506568250,2022-01-01,26
21927506568500,2022-01-01,141
21927506568750,2022-01-01,158
21927506569000,2022-01-01,196
21927506569250,2022-01-01,62
21927506569500,2022-01-01,154
21927506569750,2022-01-01,20
21927506570000,2022-01-01,14
21927506570250,2022-01-01,37
21927506570500,2022-01-01,124
21927506570750,2022-01-01,17
21927506571500,2022-01-01,2
21927506571750,2022-01-01,4
21927506572000,2022-01-01,130
21927506572250,2022-01-01,111
21927506572500,2022-01-01,26
21927506572750,2022-01-01,10
21927506573000,2022-01-01,137
21927506573250,2022-01-01,102
21927506573500,2022-01-01,97
21927506573750,2022-01-01,108
21927506574000,2022-01-01,35
21927506574250,2022-01-01,26
21927506574500,2022-01-01,149
21927506574750,2022-01-01,192
21927506575000,2022-01-01,218
21927506575250,2022-01-01,175
21927506575500,2022-01-01,143
21927506575750,2022-01-01,62
21927506576000,2022-01-01,57
21927506576250,2022-01-01,77
21927506576500,2022-01-01,91
21927506576750,2022-01-01,16
21927506578750,2022-01-01,16
21927506579000,2022-01-01,8
21927506579250,2022-01-01,2
21927506579750,2022-01-01,2
21927506580000,2022-01-01,11
21927506580250,2022-01-01,9
21927506580500,2022-01-01,7
21927506580750,2022-01-01,2
21927506581000,2022-01-01,3
21927506581250,2022-01-01,4
21927506581500,2022-01-01,3
21927506581750,2022-01-01,8
21927506582000,2022-01-01,6
21927506582500,2022-01-01,1
21930006566750,2022-01-01,50
21930006567000,2022-01-01,176
21930006567250,2022-01-01,19
21930006567500,2022-01-01,6
21930006567750,2022-01-01,172
21930006568000,2022-01-01,120
21930006568250,2022-01-01,81
21930006568500,2022-01-01,129
21930006568750,2022-01-01,25
21930006569000,2022-01-01,49
21930006569250,2022-01-01,121
21930006569500,2022-01-01,105
21930006569750,2022-01-01,117
21930006570000,2022-01-01,75
21930006570250,2022-01-01,62
21930006570500,2022-01-01,207
21930006570750,2022-01-01,145
21930006571000,2022-01-01,16
21930006571500,2022-01-01,9
21930006571750,2022-01-01,36
21930006572000,2022-01-01,67
21930006573250,2022-01-01,4
21930006573500,2022-01-01,58
21930006573750,2022-01-01,186
21930006574000,2022-01-01,109
21930006574250,2022-01-01,120
21930006574500,2022-01-01,159
21930006574750,2022-01-01,138
21930006575000,2022-01-01,139
21930006575250,2022-01-01,120
21930006575500,2022-01-01,172
21930006575750,2022-01-01,115
21930006576000,2022-01-01,108
21930006576250,2022-01-01,146
21930006576500,2022-01-01,25
21930006578500,2022-01-01,2
21930006578750,2022-01-01,24
21930006579500,2022-01-01,7
21930006579750,2022-01-01,1
21930006581000,2022-01-01,4
21930006581250,2022-01-01,2
21932506560500,2022-01-01,3
21932506561250,2022-01-01,3
21932506561750,2022-01-01,2
21932506562000,2022-01-01,9
21932506562500,2022-01-01,1
21932506564250,2022-01-01,1
21932506564500,2022-01-01,58
21932506564750,2022-01-01,50
21932506566250,2022-01-01,22
21932506566500,2022-01-01,59
21932506566750,2022-01-01,191
21932506567000,2022-01-01,197
21932506567250,2022-01-01,109
21932506567500,2022-01-01,48
21932506567750,2022-01-01,101
21932506568000,2022-01-01,227
21932506568250,2022-01-01,168
21932506568500,2022-01-01,44
21932506568750,2022-01-01,209
21932506569000,2022-01-01,71
21932506569250,2022-01-01,154
21932506569500,2022-01-01,209
21932506569750,2022-01-01,190
21932506570000,2022-01-01,129
21932506570250,2022-01-01,92
21932506570500,2022-01-01,67
21932506570750,2022-01-01,118
21932506571000,2022-01-01,145
21932506571250,2022-01-01,72
21932506571500,2022-01-01,12
21932506571750,2022-01-01,34
21932506572000,2022-01-01,6
21932506572250,2022-01-01,18
21932506572500,2022-01-01,66
21932506572750,2022-01-01,70
21932506573000,2022-01-01,144
21932506573250,2022-01-01,108
21932506573500,2022-01-01,47
21932506573750,2022-01-01,76
21932506574000,2022-01-01,82
21932506574250,2022-01-01,191
21932506574500,2022-01-01,130
21932506574750,2022-01-01,137
21932506575000,2022-01-01,145
21932506575250,2022-01-01,128
21932506575500,2022-01-01,79
21932506575750,2022-01-01,59
21932506576000,2022-01-01,20
21932506576250,2022-01-01,2
21932506578250,2022-01-01,4
21932506578500,2022-01-01,18
21932506578750,2022-01-01,11
21932506580750,2022-01-01,4
21932506581250,2022-01-01,6
21935006560750,2022-01-01,2
21935006561250,2022-01-01,9
21935006562250,2022-01-01,13
21935006562500,2022-01-01,15
21935006564000,2022-01-01,17
21935006564250,2022-01-01,92
21935006564500,2022-01-01,169
21935006564750,2022-01-01,89
21935006565000,2022-01-01,12
21935006566000,2022-01-01,30
21935006566250,2022-01-01,150
21935006566500,2022-01-01,172
21935006566750,2022-01-01,151
21935006567000,2022-01-01,132
21935006567250,2022-01-01,10
21935006567500,2022-01-01,59
21935006568000,2022-01-01,46
21935006568250,2022-01-01,298
21935006568500,2022-01-01,157
21935006568750,2022-01-01,115
21935006569000,2022-01-01,57
21935006569250,2022-01-01,70
21935006569500,2022-01-01,121
21935006569750,2022-01-01,147
21935006570000,2022-01-01,97
21935006570250,2022-01-01,17
21935006570750,2022-01-01,21
21935006571000,2022-01-01,70
21935006571250,2022-01-01,5
21935006572000,2022-01-01,22
21935006572250,2022-01-01,144
21935006572500,2022-01-01,138
21935006572750,2022-01-01,122
21935006573000,2022-01-01,123
21935006573250,2022-01-01,2
21935006573500,2022-01-01,2
21935006573750,2022-01-01,8
21935006574000,2022-01-01,118
21935006574250,2022-01-01,41
21935006574500,2022-01-01,125
21935006574750,2022-01-01,65
21935006575000,2022-01-01,42
21935006575250,2022-01-01,9
21935006577000,2022-01-01,5
21935006577500,2022-01-01,5
21935006577750,2022-01-01,8
21935006578250,2022-01-01,23
21935006578500,2022-01-01,11
21935006578750,2022-01-01,23
21935006581000,2022-01-01,11
21937506560000,2022-01-01,2
21937506560250,2022-01-01,3
21937506560750,2022-01-01,4
21937506561250,2022-01-01,6
21937506561500,2022-01-01,2
21937506561750,2022-01-01,12
21937506562000,2022-01-01,1
21937506563750,2022-01-01,52
21937506564000,2022-01-01,137
21937506564250,2022-01-01,157
21937506564500,2022-01-01,137
21937506564750,2022-01-01,161
21937506565000,2022-01-01,87
21937506565250,2022-01-01,12
21937506565500,2022-01-01,43
21937506565750,2022-01-01,29
21937506566000,2022-01-01,95
21937506566250,2022-01-01,148
21937506566500,2022-01-01,138
21937506566750,2022-01-01,114
21937506567000,2022-01-01,229
21937506567250,2022-01-01,100
21937506567500,2022-01-01,231
21937506567750,2022-01-01,335
21937506568000,2022-01-01,117
21937506568250,2022-01-01,202
21937506568500,2022-01-01,148
21937506568750,2022-01-01,184
21937506569000,2022-01-01,129
21937506569250,2022-01-01,119
21937506569500,2022-01-01,171
21937506569750,2022-01-01,59
21937506570000,2022-01-01,5
21937506570250,2022-01-01,2
21937506570500,2022-01-01,170
21937506570750,2022-01-01,11
21937506571750,2022-01-01,81
21937506572000,2022-01-01,148
21937506572250,2022-01-01,162
21937506572500,2022-01-01,92
21937506572750,2022-01-01,22
21937506573000,2022-01-01,2
21937506573250,2022-01-01,4
21937506573500,2022-01-01,13
21937506574000,2022-01-01,8
21937506574250,2022-01-01,3
21937506574500,2022-01-01,9
21937506574750,2022-01-01,2
21937506575000,2022-01-01,11
21937506575250,2022-01-01,6
21937506576500,2022-01-01,6
21937506576750,2022-01-01,21
21937506577000,2022-01-01,7
21937506577250,2022-01-01,23
21937506577500,2022-01-01,12
21937506577750,2022-01-01,7
21937506578000,2022-01-01,7
21937506578500,2022-01-01,2
21937506578750,2022-01-01,11
21937506579000,2022-01-01,3
21937506579250,2022-01-01,2
21937506580000,2022-01-01,2
21937506580250,2022-01-01,2
21937506581000,2022-01-01,4
21940006560000,2022-01-01,2
21940006560250,2022-01-01,23
21940006560750,2022-01-01,17
21940006561000,2022-01-01,19
21940006561250,2022-01-01,17
21940006561500,2022-01-01,23
21940006561750,2022-01-01,2
21940006562000,2022-01-01,6
21940006562250,2022-01-01,4
21940006563750,2022-01-01,92
21940006564000,2022-01-01,105
21940006564250,2022-01-01,87
21940006564500,2022-01-01,110
21940006564750,2022-01-01,70
21940006565000,2022-01-01,53
21940006565250,2022-01-01,62
21940006565500,2022-01-01,51
21940006565750,2022-01-01,72
21940006566000,2022-01-01,101
21940006566250,2022-01-01,157
21940006566500,2022-01-01,135
21940006566750,2022-01-01,114
21940006567000,2022-01-01,240
21940006567250,2022-01-01,152
21940006567500,2022-01-01,165
21940006567750,2022-01-01,96
21940006568000,2022-01-01,116
21940006568250,2022-01-01,144
21940006568500,2022-01-01,175
21940006568750,2022-01-01,133
21940006569000,2022-01-01,91
21940006569250,2022-01-01,36
21940006569500,2022-01-01,21
21940006570000,2022-01-01,2
21940006570250,2022-01-01,24
21940006570500,2022-01-01,152
21940006570750,2022-01-01,111
21940006571000,2022-01-01,36
21940006571250,2022-01-01,50
21940006571500,2022-01-01,113
21940006571750,2022-01-01,156
21940006572000,2022-01-01,72
21940006572250,2022-01-01,40
21940006572500,2022-01-01,11
21940006572750,2022-01-01,13
21940006573000,2022-01-01,5
21940006573250,2022-01-01,17
21940006573500,2022-01-01,2
21940006573750,2022-01-01,5
21940006576000,2022-01-01,16
21940006576250,2022-01-01,24
21940006576500,2022-01-01,66
21940006576750,2022-01-01,60
21940006577000,2022-01-01,4
21940006577250,2022-01-01,2
21940006577500,2022-01-01,1
21940006578000,2022-01-01,14
21940006578250,2022-01-01,8
21940006578500,2022-01-01,3
21940006578750,2022-01-01,20
21940006579000,2022-01-01,4
21940006579250,2022-01-01,6
21940006580250,2022-01-01,2
21940006581000,2022-01-01,9
21940006581250,2022-01-01,4
21942506560000,2022-01-01,3
21942506560250,2022-01-01,11
21942506560750,2022-01-01,1
21942506561500,2022-01-01,3
21942506561750,2022-01-01,3
21942506563000,2022-01-01,6
21942506563750,2022-01-01,143
21942506564000,2022-01-01,90
21942506564250,2022-01-01,41
21942506564500,2022-01-01,74
21942506564750,2022-01-01,97
21942506565000,2022-01-01,166
21942506565250,2022-01-01,103
21942506565500,2022-01-01,65
21942506565750,2022-01-01,141
21942506566000,2022-01-01,180
21942506566250,2022-01-01,147
21942506566500,2022-01-01,167
21942506566750,2022-01-01,56
21942506567000,2022-01-01,136
21942506567250,2022-01-01,188
21942506567500,2022-01-01,216
21942506567750,2022-01-01,118
21942506568000,2022-01-01,66
21942506568250,2022-01-01,55
21942506568500,2022-01-01,43
21942506568750,2022-01-01,66
21942506569000,2022-01-01,53
21942506569250,2022-01-01,69
21942506569500,2022-01-01,23
21942506570000,2022-01-01,6
21942506570250,2022-01-01,10
21942506570500,2022-01-01,94
21942506570750,2022-01-01,169
21942506571000,2022-01-01,169
21942506571250,2022-01-01,154
21942506571500,2022-01-01,156
21942506571750,2022-01-01,137
21942506572000,2022-01-01,81
21942506572250,2022-01-01,14
21942506572750,2022-01-01,8
21942506576000,2022-01-01,11
21942506576250,2022-01-01,2
21942506576500,2022-01-01,8
21942506576750,2022-01-01,47
21942506577000,2022-01-01,2
21942506577500,2022-01-01,11
21942506578000,2022-01-01,2
21942506578500,2022-01-01,26
21942506578750,2022-01-01,10
21942506579000,2022-01-01,2
21942506579500,2022-01-01,13
21942506579750,2022-01-01,7
21942506580000,2022-01-01,2
21942506580250,2022-01-01,5
21942506580500,2022-01-01,3
21945006560500,2022-01-01,7
21945006561000,2022-01-01,65
21945006561250,2022-01-01,174
21945006561500,2022-01-01,6
21945006562500,2022-01-01,1
21945006563000,2022-01-01,46
21945006563250,2022-01-01,48
21945006563750,2022-01-01,169
21945006564000,2022-01-01,25
21945006564250,2022-01-01,53
21945006564500,2022-01-01,151
21945006564750,2022-01-01,236
21945006565000,2022-01-01,220
21945006565250,2022-01-01,131
21945006565500,2022-01-01,125
21945006565750,2022-01-01,69
21945006566000,2022-01-01,16
21945006566750,2022-01-01,126
21945006567000,2022-01-01,160
21945006567250,2022-01-01,132
21945006567500,2022-01-01,135
21945006567750,2022-01-01,61
21945006568000,2022-01-01,74
21945006568250,2022-01-01,147
21945006568500,2022-01-01,218
21945006568750,2022-01-01,176
21945006569000,2022-01-01,149
21945006569250,2022-01-01,186
21945006569500,2022-01-01,110
21945006569750,2022-01-01,21
21945006570250,2022-01-01,11
21945006570500,2022-01-01,69
21945006570750,2022-01-01,168
21945006571000,2022-01-01,144
21945006571250,2022-01-01,150
21945006571500,2022-01-01,64
21945006572000,2022-01-01,2
21945006572250,2022-01-01,12
21945006575250,2022-01-01,2
21945006575500,2022-01-01,6
21945006575750,2022-01-01,6
21945006576250,2022-01-01,12
21945006576500,2022-01-01,9
21945006577750,2022-01-01,3
21945006578250,2022-01-01,3
21945006578750,2022-01-01,2
21945006579000,2022-01-01,7
21945006579250,2022-01-01,6
21945006580500,2022-01-01,6
21945006580750,2022-01-01,4
21945006581000,2022-01-01,11
21947506558250,2022-01-01,29
21947506560500,2022-01-01,17
21947506560750,2022-01-01,54
21947506561000,2022-01-01,83
21947506561250,2022-01-01,120
21947506561500,2022-01-01,87
21947506561750,2022-01-01,22
21947506562500,2022-01-01,11
21947506562750,2022-01-01,60
21947506563000,2022-01-01,119
21947506563250,2022-01-01,39
21947506563500,2022-01-01,14
21947506563750,2022-01-01,78
21947506564000,2022-01-01,79
21947506564250,2022-01-01,123
21947506564500,2022-01-01,7
21947506564750,2022-01-01,190
21947506565000,2022-01-01,15
21947506565250,2022-01-01,23
21947506565500,2022-01-01,38
21947506566750,2022-01-01,94
21947506567000,2022-01-01,198
21947506567250,2022-01-01,34
21947506567500,2022-01-01,124
21947506567750,2022-01-01,41
21947506568000,2022-01-01,135
21947506568250,2022-01-01,335
21947506568500,2022-01-01,256
21947506568750,2022-01-01,60
21947506569000,2022-01-01,204
21947506569250,2022-01-01,206
21947506569500,2022-01-01,223
21947506569750,2022-01-01,127
21947506570000,2022-01-01,42
21947506570250,2022-01-01,76
21947506570750,2022-01-01,43
21947506571000,2022-01-01,79
21947506571250,2022-01-01,46
21947506571500,2022-01-01,16
21947506572250,2022-01-01,5
21947506572750,2022-01-01,3
21947506574750,2022-01-01,4
21947506575000,2022-01-01,8
21947506575250,2022-01-01,7
21947506576500,2022-01-01,3
21947506578250,2022-01-01,6
21947506578500,2022-01-01,6
21947506578750,2022-01-01,1
21947506579000,2022-01-01,2
21947506579250,2022-01-01,1
21947506579750,2022-01-01,4
21947506580500,2022-01-01,2
21947506586500,2022-01-01,1
21947506586750,2022-01-01,5
21947506587000,2022-01-01,17
21950006558000,2022-01-01,3
21950006558250,2022-01-01,45
21950006560250,2022-01-01,26
21950006560500,2022-01-01,10
21950006560750,2022-01-01,106
21950006561000,2022-01-01,114
21950006561250,2022-01-01,120
21950006561500,2022-01-01,86
21950006561750,2022-01-01,137
21950006562000,2022-01-01,15
21950006562250,2022-01-01,16
21950006562500,2022-01-01,90
21950006562750,2022-01-01,144
21950006563000,2022-01-01,145
21950006563750,2022-01-01,27
21950006564000,2022-01-01,194
21950006564250,2022-01-01,211
21950006564500,2022-01-01,129
21950006565250,2022-01-01,47
21950006565500,2022-01-01,3
21950006566750,2022-01-01,83
21950006567000,2022-01-01,144
21950006567250,2022-01-01,82
21950006567500,2022-01-01,38
21950006568000,2022-01-01,25
21950006568250,2022-01-01,267
21950006568500,2022-01-01,199
21950006568750,2022-01-01,115
21950006569000,2022-01-01,46
21950006569500,2022-01-01,53
21950006569750,2022-01-01,132
21950006570000,2022-01-01,167
21950006570250,2022-01-01,106
21950006570500,2022-01-01,242
21950006570750,2022-01-01,27
21950006571000,2022-01-01,1
21950006571250,2022-01-01,8
21950006571750,2022-01-01,4
21950006572000,2022-01-01,4
21950006574500,2022-01-01,2
21950006574750,2022-01-01,21
21950006575000,2022-01-01,9
21950006577000,2022-01-01,1
21950006577250,2022-01-01,4
21950006578750,2022-01-01,4
21950006579000,2022-01-01,2
21950006579250,2022-01-01,8
21950006579500,2022-01-01,3
21950006579750,2022-01-01,2
21950006580000,2022-01-01,1
21950006580500,2022-01-01,3
21950006581000,2022-01-01,8
21950006581250,2022-01-01,4
21950006586500,2022-01-01,11
21950006586750,2022-01-01,4
21950006587000,2022-01-01,6
21950006587250,2022-01-01,4
21952506558250,2022-01-01,41
21952506558500,2022-01-01,7
21952506558750,2022-01-01,70
21952506559500,2022-01-01,5
21952506559750,2022-01-01,14
21952506560000,2022-01-01,14
21952506560250,2022-01-01,27
21952506560500,2022-01-01,35
21952506560750,2022-01-01,119
21952506561000,2022-01-01,107
21952506561250,2022-01-01,75
21952506561500,2022-01-01,3
21952506562000,2022-01-01,15
21952506562250,2022-01-01,43
21952506562500,2022-01-01,135
21952506562750,2022-01-01,66
21952506563000,2022-01-01,68
21952506563250,2022-01-01,15
21952506563500,2022-01-01,33
21952506563750,2022-01-01,79
21952506564000,2022-01-01,112
21952506564250,2022-01-01,107
21952506564500,2022-01-01,37
21952506564750,2022-01-01,3
21952506565000,2022-01-01,20
21952506565250,2022-01-01,87
21952506566500,2022-01-01,19
21952506566750,2022-01-01,182
21952506567000,2022-01-01,130
21952506567250,2022-01-01,18
21952506567500,2022-01-01,2
21952506568000,2022-01-01,52
21952506568250,2022-01-01,43
21952506568500,2022-01-01,173
21952506568750,2022-01-01,222
21952506569000,2022-01-01,135
21952506569500,2022-01-01,3
21952506569750,2022-01-01,131
21952506570000,2022-01-01,117
21952506570250,2022-01-01,67
21952506570500,2022-01-01,55
21952506570750,2022-01-01,31
21952506571000,2022-01-01,9
21952506572750,2022-01-01,5
21952506574250,2022-01-01,3
21952506574500,2022-01-01,13
21952506574750,2022-01-01,2
21952506577000,2022-01-01,4
21952506578750,2022-01-01,5
21952506579000,2022-01-01,1
21952506579250,2022-01-01,11
21952506580000,2022-01-01,10
21952506587250,2022-01-01,9
21952506587500,2022-01-01,3
21955006557750,2022-01-01,4
21955006558000,2022-01-01,32
21955006558250,2022-01-01,104
21955006558500,2022-01-01,38
21955006558750,2022-01-01,8
21955006559250,2022-01-01,6
21955006559500,2022-01-01,77
21955006559750,2022-01-01,27
21955006560250,2022-01-01,92
21955006560500,2022-01-01,177
21955006560750,2022-01-01,135
21955006561000,2022-01-01,97
21955006561250,2022-01-01,157
21955006561500,2022-01-01,119
21955006561750,2022-01-01,118
21955006562000,2022-01-01,107
21955006562250,2022-01-01,150
21955006562500,2022-01-01,107
21955006562750,2022-01-01,46
21955006563000,2022-01-01,10
21955006563250,2022-01-01,91
21955006563500,2022-01-01,107
21955006563750,2022-01-01,85
21955006564000,2022-01-01,75
21955006564250,2022-01-01,105
21955006564500,2022-01-01,6
21955006564750,2022-01-01,2
21955006565000,2022-01-01,2
21955006566250,2022-01-01,2
21955006566500,2022-01-01,4
21955006566750,2022-01-01,60
21955006567000,2022-01-01,25
21955006567500,2022-01-01,6
21955006567750,2022-01-01,9
21955006568250,2022-01-01,1
21955006568500,2022-01-01,84
21955006568750,2022-01-01,113
21955006569000,2022-01-01,172
21955006569250,2022-01-01,15
21955006570250,2022-01-01,5
21955006570500,2022-01-01,11
21955006570750,2022-01-01,5
21955006571000,2022-01-01,11
21955006571250,2022-01-01,9
21955006572750,2022-01-01,5
21955006573250,2022-01-01,3
21955006574000,2022-01-01,2
21955006574250,2022-01-01,4
21955006579000,2022-01-01,12
21955006579250,2022-01-01,26
21955006579500,2022-01-01,1
21955006580000,2022-01-01,11
21955006580250,2022-01-01,3
21955006587000,2022-01-01,6
21955006587250,2022-01-01,5
21955006587500,2022-01-01,2
21957506557750,2022-01-01,84
21957506558000,2022-01-01,205
21957506558250,2022-01-01,57
21957506558500,2022-01-01,81
21957506558750,2022-01-01,45
21957506559500,2022-01-01,9
21957506560250,2022-01-01,39
21957506560500,2022-01-01,47
21957506560750,2022-01-01,104
21957506561000,2022-01-01,45
21957506561250,2022-01-01,101
21957506561500,2022-01-01,152
21957506561750,2022-01-01,121
21957506562000,2022-01-01,92
21957506562250,2022-01-01,110
21957506562500,2022-01-01,64
21957506562750,2022-01-01,64
21957506563000,2022-01-01,126
21957506563250,2022-01-01,33
21957506563500,2022-01-01,30
21957506563750,2022-01-01,107
21957506564000,2022-01-01,104
21957506564250,2022-01-01,80
21957506564750,2022-01-01,1
21957506565000,2022-01-01,9
21957506565250,2022-01-01,50
21957506565500,2022-01-01,55
21957506566500,2022-01-01,3
21957506566750,2022-01-01,12
21957506567250,2022-01-01,1
21957506567500,2022-01-01,3
21957506568250,2022-01-01,5
21957506568500,2022-01-01,2
21957506568750,2022-01-01,14
21957506569000,2022-01-01,4
21957506569250,2022-01-01,163
21957506570000,2022-01-01,9
21957506570500,2022-01-01,1
21957506570750,2022-01-01,4
21957506571000,2022-01-01,3
21957506572750,2022-01-01,2
21957506573000,2022-01-01,4
21957506573250,2022-01-01,4
21957506574000,2022-01-01,7
21957506574250,2022-01-01,7
21957506579000,2022-01-01,4
21957506579250,2022-01-01,2
21957506579500,2022-01-01,4
21957506587000,2022-01-01,3
21957506587250,2022-01-01,25
21957506587500,2022-01-01,14
21957506587750,2022-01-01,11
21957506588000,2022-01-01,11
21960006557750,2022-01-01,92
21960006558000,2022-01-01,161
21960006558250,2022-01-01,202
21960006558500,2022-01-01,160
21960006558750,2022-01-01,23
21960006559750,2022-01-01,1
21960006560500,2022-01-01,171
21960006560750,2022-01-01,78
21960006561000,2022-01-01,4
21960006561250,2022-01-01,93
21960006561500,2022-01-01,133
21960006561750,2022-01-01,105
21960006562000,2022-01-01,128
21960006562250,2022-01-01,50
21960006562500,2022-01-01,60
21960006562750,2022-01-01,29
21960006563000,2022-01-01,112
21960006563250,2022-01-01,24
21960006563750,2022-01-01,40
21960006564000,2022-01-01,145
21960006564250,2022-01-01,44
21960006564500,2022-01-01,30
21960006564750,2022-01-01,21
21960006565000,2022-01-01,83
21960006565250,2022-01-01,113
21960006565500,2022-01-01,88
21960006565750,2022-01-01,36
21960006566250,2022-01-01,1
21960006567750,2022-01-01,6
21960006568000,2022-01-01,9
21960006568250,2022-01-01,29
21960006568500,2022-01-01,4
21960006568750,2022-01-01,13
21960006569000,2022-01-01,3
21960006569250,2022-01-01,91
21960006569500,2022-01-01,10
21960006569750,2022-01-01,10
21960006570500,2022-01-01,3
21960006571500,2022-01-01,5
21960006571750,2022-01-01,5
21960006572000,2022-01-01,4
21960006572250,2022-01-01,7
21960006572500,2022-01-01,8
21960006572750,2022-01-01,13
21960006573250,2022-01-01,1
21960006573750,2022-01-01,4
21960006574000,2022-01-01,4
21960006574250,2022-01-01,2
21960006586000,2022-01-01,3
21960006586250,2022-01-01,1
21960006587000,2022-01-01,12
21960006587250,2022-01-01,6
21960006587500,2022-01-01,2
21960006588000,2022-01-01,8
21962506557750,2022-01-01,102
21962506558000,2022-01-01,83
21962506558250,2022-01-01,124
21962506558500,2022-01-01,22
21962506561750,2022-01-01,34
21962506562000,2022-01-01,29
21962506562250,2022-01-01,5
21962506563000,2022-01-01,19
21962506563250,2022-01-01,92
21962506563500,2022-01-01,43
21962506563750,2022-01-01,36
21962506564000,2022-01-01,73
21962506564250,2022-01-01,42
21962506564500,2022-01-01,135
21962506564750,2022-01-01,49
21962506565000,2022-01-01,64
21962506565250,2022-01-01,122
21962506565500,2022-01-01,152
21962506565750,2022-01-01,91
21962506566000,2022-01-01,64
21962506566250,2022-01-01,74
21962506566750,2022-01-01,4
21962506567250,2022-01-01,8
21962506567500,2022-01-01,4
21962506568500,2022-01-01,1
21962506568750,2022-01-01,2
21962506569000,2022-01-01,24
21962506569250,2022-01-01,20
21962506569500,2022-01-01,59
21962506569750,2022-01-01,34
21962506570000,2022-01-01,23
21962506570250,2022-01-01,11
21962506570500,2022-01-01,6
21962506570750,2022-01-01,5
21962506571250,2022-01-01,5
21962506571750,2022-01-01,3
21962506572500,2022-01-01,9
21962506572750,2022-01-01,1
21962506573250,2022-01-01,2
21962506586000,2022-01-01,2
21962506586500,2022-01-01,9
21962506586750,2022-01-01,1
21962506587500,2022-01-01,11
21962506587750,2022-01-01,13
21965006557750,2022-01-01,93
21965006558000,2022-01-01,28
21965006563250,2022-01-01,6
21965006563500,2022-01-01,34
21965006563750,2022-01-01,70
21965006564000,2022-01-01,50
21965006564250,2022-01-01,40
21965006564500,2022-01-01,97
21965006564750,2022-01-01,68
21965006565000,2022-01-01,5
21965006565250,2022-01-01,58
21965006565500,2022-01-01,34
21965006565750,2022-01-01,21
21965006566000,2022-01-01,214
21965006566250,2022-01-01,35
21965006568750,2022-01-01,2
21965006569000,2022-01-01,9
21965006569250,2022-01-01,12
21965006569750,2022-01-01,10
21965006570000,2022-01-01,2
21965006571000,2022-01-01,7
21965006571250,2022-01-01,13
21965006572250,2022-01-01,4
21965006572500,2022-01-01,1
21965006573250,2022-01-01,1
21965006573500,2022-01-01,11
21965006573750,2022-01-01,1
21965006585500,2022-01-01,2
21965006586000,2022-01-01,5
21965006586500,2022-01-01,4
21965006586750,2022-01-01,3
21965006587000,2022-01-01,2
21965006587750,2022-01-01,8
21965006588000,2022-01-01,12
21967506564000,2022-01-01,12
21967506564250,2022-01-01,50
21967506564500,2022-01-01,9
21967506564750,2022-01-01,34
21967506565750,2022-01-01,11
21967506566000,2022-01-01,20
21967506569250,2022-01-01,5
21967506570750,2022-01-01,9
21967506571250,2022-01-01,6
21967506571500,2022-01-01,3
21967506572000,2022-01-01,4
21967506574500,2022-01-01,10
21967506574750,2022-01-01,5
21967506580750,2022-01-01,3
21967506591750,2022-01-01,1
21967506592250,2022-01-01,7
21970006564250,2022-01-01,34
21970006564500,2022-01-01,1
21970006564750,2022-01-01,9
21970006568500,2022-01-01,7
21970006569000,2022-01-01,7
21970006569250,2022-01-01,17
21970006569500,2022-01-01,4
21970006570250,2022-01-01,12
21970006570500,2022-01-01,6
21970006571000,2022-01-01,3
21970006571250,2022-01-01,7
21970006574750,2022-01-01,1
21970006575000,2022-01-01,5
21970006575250,2022-01-01,7
21970006575500,2022-01-01,1
21970006580500,2022-01-01,4
21970006580750,2022-01-01,4
21970006581000,2022-01-01,8
21970006585000,2022-01-01,4
21970006585250,2022-01-01,5
21972506557750,2022-01-01,1
21972506560250,2022-01-01,1
21972506560750,2022-01-01,1
21972506561500,2022-01-01,4
21972506561750,2022-01-01,3
21972506562000,2022-01-01,9
21972506562250,2022-01-01,23
21972506562500,2022-01-01,14
21972506564250,2022-01-01,7
21972506564500,2022-01-01,14
21972506565750,2022-01-01,4
21972506569250,2022-01-01,7
21972506569500,2022-01-01,2
21972506569750,2022-01-01,2
21972506570000,2022-01-01,17
21972506570250,2022-01-01,6
21972506571250,2022-01-01,2
21972506571500,2022-01-01,4
21972506572250,2022-01-01,1
21972506574500,2022-01-01,6
21972506581000,2022-01-01,3
21972506581250,2022-01-01,7
21972506584750,2022-01-01,2
21972506585000,2022-01-01,10
21975006557500,2022-01-01,19
21975006557750,2022-01-01,16
21975006560500,2022-01-01,4
21975006561000,2022-01-01,3
21975006561250,2022-01-01,27
21975006561500,2022-01-01,30
21975006561750,2022-01-01,25
21975006562000,2022-01-01,14
21975006562250,2022-01-01,7
21975006562500,2022-01-01,14
21975006562750,2022-01-01,25
21975006563000,2022-01-01,14
21975006563250,2022-01-01,31
21975006563500,2022-01-01,3
21975006563750,2022-01-01,2
21975006564000,2022-01-01,15
21975006564250,2022-01-01,13
21975006564500,2022-01-01,3
21975006565250,2022-01-01,4
21975006565750,2022-01-01,15
21975006569500,2022-01-01,4
21975006570000,2022-01-01,2
21975006571000,2022-01-01,1
21975006571500,2022-01-01,2
21975006571750,2022-01-01,5
21975006572000,2022-01-01,3
21975006581250,2022-01-01,3
21975006584000,2022-01-01,1
21975006584250,2022-01-01,6
21975006584500,2022-01-01,6
21975006584750,2022-01-01,8
21977506557000,2022-01-01,25
21977506557250,2022-01-01,53
21977506557500,2022-01-01,45
21977506557750,2022-01-01,10
21977506559500,2022-01-01,5
21977506560000,2022-01-01,8
21977506560500,2022-01-01,10
21977506561250,2022-01-01,4
21977506561500,2022-01-01,98
21977506561750,2022-01-01,10
21977506562750,2022-01-01,2
21977506563250,2022-01-01,16
21977506563500,2022-01-01,37
21977506563750,2022-01-01,37
21977506564000,2022-01-01,15
21977506564250,2022-01-01,35
21977506564500,2022-01-01,15
21977506565000,2022-01-01,9
21977506565250,2022-01-01,2
21977506566000,2022-01-01,5
21977506566250,2022-01-01,10
21977506570000,2022-01-01,3
21977506571500,2022-01-01,2
21977506572250,2022-01-01,1
21977506572500,2022-01-01,2
21977506581250,2022-01-01,49
21977506581500,2022-01-01,22
21977506584000,2022-01-01,2
21977506584500,2022-01-01,4
21977506584750,2022-01-01,9
21977506585000,2022-01-01,2
21980006556750,2022-01-01,2
21980006557000,2022-01-01,14
21980006557250,2022-01-01,28
21980006557500,2022-01-01,14
21980006559250,2022-01-01,2
21980006560000,2022-01-01,1
21980006560500,2022-01-01,3
21980006561000,2022-01-01,3
21980006564750,2022-01-01,2
21980006565250,2022-01-01,11
21980006566250,2022-01-01,3
21980006566500,2022-01-01,14
21980006566750,2022-01-01,3
21980006569750,2022-01-01,9
21980006572250,2022-01-01,6
21980006573000,2022-01-01,1
21980006581250,2022-01-01,35
21980006581500,2022-01-01,46
21980006582000,2022-01-01,33
21980006582250,2022-01-01,86
21980006582500,2022-01-01,62
21980006582750,2022-01-01,10
21980006583250,2022-01-01,5
21980006584000,2022-01-01,1
21980006584250,2022-01-01,2
21980006584500,2022-01-01,11
21980006584750,2022-01-01,1
21982506556750,2022-01-01,2
21982506557000,2022-01-01,9
21982506557250,2022-01-01,11
21982506557500,2022-01-01,3
21982506560000,2022-01-01,5
21982506560750,2022-01-01,3
21982506561000,2022-01-01,7
21982506565250,2022-01-01,5
21982506565500,2022-01-01,1
21982506566250,2022-01-01,2
21982506566500,2022-01-01,29
21982506566750,2022-01-01,43
21982506567000,2022-01-01,3
21982506567250,2022-01-01,3
21982506570750,2022-01-01,4
21982506573250,2022-01-01,1
21982506574000,2022-01-01,3
21982506581250,2022-01-01,47
21982506581500,2022-01-01,12
21982506582000,2022-01-01,67
21982506582250,2022-01-01,62
21982506582500,2022-01-01,67
21982506582750,2022-01-01,44
21982506583000,2022-01-01,12
21982506584000,2022-01-01,3
21982506584250,2022-01-01,12
21982506584500,2022-01-01,4
21985006557250,2022-01-01,16
21985006557500,2022-01-01,6
21985006566500,2022-01-01,5
21985006566750,2022-01-01,15
21985006567250,2022-01-01,2
21985006567500,2022-01-01,3
21985006567750,2022-01-01,3
21985006570750,2022-01-01,6
21985006573750,2022-01-01,9
21985006575250,2022-01-01,2
21985006575500,2022-01-01,2
21985006581500,2022-01-01,2
21985006582250,2022-01-01,7
21985006582500,2022-01-01,21
21985006583000,2022-01-01,5
21985006583250,2022-01-01,7
21985006583500,2022-01-01,13
21985006583750,2022-01-01,8
21985006584000,2022-01-01,6
21985006584250,2022-01-01,13
21985006584500,2022-01-01,21
21987506557250,2022-01-01,9
21987506561250,2022-01-01,11
21987506562000,2022-01-01,1
21987506562250,2022-01-01,3
21987506566500,2022-01-01,1
21987506567000,2022-01-01,10
21987506567250,2022-01-01,2
21987506567500,2022-01-01,7
21987506568000,2022-01-01,20
21987506568250,2022-01-01,13
21987506571250,2022-01-01,1
21987506582000,2022-01-01,73
21987506582250,2022-01-01,50
21987506582500,2022-01-01,15
21987506582750,2022-01-01,20
21987506583000,2022-01-01,3
21987506583500,2022-01-01,3
21987506584000,2022-01-01,8
21987506584250,2022-01-01,84
21987506584500,2022-01-01,29
21990006561250,2022-01-01,1
21990006562250,2022-01-01,3
21990006563250,2022-01-01,4
21990006567500,2022-01-01,8
21990006568000,2022-01-01,8
21990006568250,2022-01-01,3
21990006568500,2022-01-01,6
21990006570750,2022-01-01,4
21990006571250,2022-01-01,2
21990006573750,2022-01-01,1
21990006582250,2022-01-01,19
21990006584000,2022-01-01,8
21990006584250,2022-01-01,78
21990006584500,2022-01-01,13
21992506559750,2022-01-01,3
21992506560000,2022-01-01,4
21992506561250,2022-01-01,6
21992506563250,2022-01-01,3
21992506568000,2022-01-01,2
21992506568500,2022-01-01,2
21992506569000,2022-01-01,12
21992506574500,2022-01-01,1
21992506582000,2022-01-01,5
21992506582250,2022-01-01,75
21992506582500,2022-01-01,26
21992506583750,2022-01-01,4
21992506584000,2022-01-01,3
21992506584250,2022-01-01,6
21995006558250,2022-01-01,2
21995006558500,2022-01-01,2
21995006563750,2022-01-01,2
21995006569250,2022-01-01,2
21995006569500,2022-01-01,4
21995006569750,2022-01-01,1
21995006582000,2022-01-01,9
21995006582250,2022-01-01,23
21995006582500,2022-01-01,10
21995006582750,2022-01-01,2
21995006583000,2022-01-01,2
21995006583500,2022-01-01,4
21995006583750,2022-01-01,8
21995006584250,2022-01-01,1
21995006596000,2022-01-01,3
21995006596500,2022-01-01,1
21997506569250,2022-01-01,2
21997506570000,2022-01-01,10
21997506582250,2022-01-01,11
21997506582750,2022-01-01,84
21997506583000,2022-01-01,35
21997506583500,2022-01-01,7
22000006569750,2022-01-01,1
22000006570250,2022-01-01,6
22000006573750,2022-01-01,4
22000006581250,2022-01-01,6
22000006581500,2022-01-01,19
22000006581750,2022-01-01,1
22000006582750,2022-01-01,43
22000006583000,2022-01-01,49
22000006583250,2022-01-01,14
22000006583500,2022-01-01,16
22002506557000,2022-01-01,5
22002506570750,2022-01-01,6
22002506581000,2022-01-01,4
22002506581250,2022-01-01,8
22002506582000,2022-01-01,5
22002506582250,2022-01-01,6
22002506583000,2022-01-01,6
22002506583500,2022-01-01,1
22005006570750,2022-01-01,5
22005006581000,2022-01-01,2
22005006581500,2022-01-01,1
22005006581750,2022-01-01,1
22005006582000,2022-01-01,4
22005006583500,2022-01-01,5
22005006583750,2022-01-01,13
22007506562750,2022-01-01,6
22007506571250,2022-01-01,4
22007506581000,2022-01-01,3
22007506581500,2022-01-01,2
22007506581750,2022-01-01,6
22007506582000,2022-01-01,4
22007506583500,2022-01-01,9
22007506583750,2022-01-01,6
22010006557750,2022-01-01,1
22010006559750,2022-01-01,2
22010006580500,2022-01-01,1
22010006580750,2022-01-01,1
22010006581000,2022-01-01,2
22010006581250,2022-01-01,3
22010006581500,2022-01-01,7
22010006583500,2022-01-01,2
22012506562000,2022-01-01,1
22012506562250,2022-01-01,2
22012506562500,2022-01-01,1
22012506571500,2022-01-01,6
22012506571750,2022-01-01,4
22012506579250,2022-01-01,1
22012506579750,2022-01-01,1
22012506580000,2022-01-01,7
22012506580250,2022-01-01,2
22012506580750,2022-01-01,1
22015006560500,2022-01-01,2
22015006561000,2022-01-01,9
22015006561250,2022-01-01,3
22015006579250,2022-01-01,4
22015006579500,2022-01-01,19
22015006579750,2022-01-01,10
22015006580000,2022-01-01,3
22015006580250,2022-01-01,4
22015006580500,2022-01-01,2
22017506561250,2022-01-01,6
22017506561500,2022-01-01,18
22017506561750,2022-01-01,8
22017506566500,2022-01-01,1
22017506571500,2022-01-01,2
22017506572000,2022-01-01,1
22017506579500,2022-01-01,2
22017506579750,2022-01-01,5
22017506580000,2022-01-01,6
22017506580250,2022-01-01,1
22017506583250,2022-01-01,1
22020006560500,2022-01-01,1
22020006560750,2022-01-01,3
22020006561500,2022-01-01,2
22020006561750,2022-01-01,22
22020006563000,2022-01-01,3
22020006563250,2022-01-01,2
22020006566000,2022-01-01,5
22020006566500,2022-01-01,2
22020006566750,2022-01-01,3
22020006578750,2022-01-01,3
22020006580000,2022-01-01,5
22022506555750,2022-01-01,4
22022506558750,2022-01-01,5
22022506561000,2022-01-01,15
22022506561250,2022-01-01,48
22022506561500,2022-01-01,38
22022506561750,2022-01-01,18
22022506563500,2022-01-01,4
22022506564250,2022-01-01,2
22022506564750,2022-01-01,8
22022506565000,2022-01-01,13
22022506567000,2022-01-01,5
22022506567500,2022-01-01,1
22022506572500,2022-01-01,2
22022506578500,2022-01-01,4
22022506578750,2022-01-01,5
22022506583000,2022-01-01,1
22025006555750,2022-01-01,2
22025006560750,2022-01-01,7
22025006561000,2022-01-01,42
22025006561250,2022-01-01,30
22025006561500,2022-01-01,2
22025006561750,2022-01-01,12
22025006562000,2022-01-01,22
22025006562250,2022-01-01,4
22025006562750,2022-01-01,10
22025006563000,2022-01-01,1
22025006563250,2022-01-01,6
22025006563500,2022-01-01,2
22025006567750,2022-01-01,8
22025006568500,2022-01-01,1
22025006572500,2022-01-01,1
22025006578500,2022-01-01,2
22025006578750,2022-01-01,3
22025006579000,2022-01-01,8
22025006583000,2022-01-01,2
22027506560500,2022-01-01,58
22027506560750,2022-01-01,70
22027506561000,2022-01-01,8
22027506562000,2022-01-01,2
22027506563000,2022-01-01,4
22027506568750,2022-01-01,4
22027506569500,2022-01-01,3
22027506578500,2022-01-01,1
22027506578750,2022-01-01,7
22027506583250,2022-01-01,1
22030006560500,2022-01-01,57
22030006560750,2022-01-01,4
22030006563250,2022-01-01,2
22030006578750,2022-01-01,2
22030006579000,2022-01-01,2
22032506559250,2022-01-01,5
22032506560500,2022-01-01,2
22032506560750,2022-01-01,6
22032506571000,2022-01-01,11
22032506571250,2022-01-01,6
22032506571500,2022-01-01,5
22032506572000,2022-01-01,12
22035006558750,2022-01-01,8
22035006560500,2022-01-01,5
22035006569750,2022-01-01,5
22035006570500,2022-01-01,9
22035006570750,2022-01-01,19
22035006571000,2022-01-01,14
22035006571250,2022-01-01,12
22035006571500,2022-01-01,11
22035006571750,2022-01-01,3
22035006578000,2022-01-01,2
22035006578750,2022-01-01,7
22035006579000,2022-01-01,3
22037506560250,2022-01-01,5
22037506560500,2022-01-01,3
22037506564750,2022-01-01,6
22037506570250,2022-01-01,2
22037506570500,2022-01-01,1
22037506570750,2022-01-01,2
22037506571000,2022-01-01,2
22037506571250,2022-01-01,6
22037506578250,2022-01-01,1
22037506578500,2022-01-01,2
22037506579250,2022-01-01,4
22040006557250,2022-01-01,1
22040006560250,2022-01-01,23
22040006560500,2022-01-01,5
22040006569500,2022-01-01,4
22040006570000,2022-01-01,2
22040006570750,2022-01-01,3
22040006578250,2022-01-01,4
22040006578500,2022-01-01,19
22042506560250,2022-01-01,2
22042506569750,2022-01-01,1
22042506570000,2022-01-01,4
22042506570500,2022-01-01,1
22042506578500,2022-01-01,10
22045006570000,2022-01-01,4
22045006570250,2022-01-01,3
22045006578250,2022-01-01,3
22045006578500,2022-01-01,5
22045006578750,2022-01-01,5
22047506561750,2022-01-01,2
22047506570000,2022-01-01,4
22047506575000,2022-01-01,1
22047506575500,2022-01-01,5
22047506576500,2022-01-01,3
22047506577000,2022-01-01,3
22047506579000,2022-01-01,5
22047506579250,2022-01-01,3
22050006570000,2022-01-01,2
22050006570250,2022-01-01,2
22050006576250,2022-01-01,1
22052506570000,2022-01-01,4
22052506577250,2022-01-01,2
22052506577500,2022-01-01,1
22055006570000,2022-01-01,1
22055006574750,2022-01-01,1
22055006575000,2022-01-01,1
22057506570000,2022-01-01,3
22057506577250,2022-01-01,8
22060006569750,2022-01-01,2
22060006577250,2022-01-01,6
22060006577500,2022-01-01,5
22062506575750,2022-01-01,2
22062506576000,2022-01-01,2
22062506576750,2022-01-01,1
22065006570000,2022-01-01,1
22067506570750,2022-01-01,2
22067506571000,2022-01-01,3
22072506576750,2022-01-01,4
22075006576500,2022-01-01,4
22075006576750,2022-01-01,2
21720006570000,2023-01-01,3
21722506570000,2023-01-01,2
21760006568000,2023-01-01,6
21760006568500,2023-01-01,5
21762506567750,2023-01-01,3
21762506568000,2023-01-01,15
21765006573500,2023-01-01,7
21767506588250,2023-01-01,2
21767506588750,2023-01-01,2
21767506589000,2023-01-01,6
21770006567250,2023-01-01,4
21770006573000,2023-01-01,2
21770006589250,2023-01-01,12
21772506567000,2023-01-01,8
21772506567500,2023-01-01,2
21772506567750,2023-01-01,4
21772506573500,2023-01-01,2
21772506588000,2023-01-01,6
21772506588250,2023-01-01,11
21772506588750,2023-01-01,15
21772506589000,2023-01-01,1
21772506589250,2023-01-01,1
21772506589500,2023-01-01,2
21772506589750,2023-01-01,2
21775006563500,2023-01-01,2
21775006567000,2023-01-01,7
21775006567500,2023-01-01,4
21775006587750,2023-01-01,1
21775006588000,2023-01-01,1
21775006588500,2023-01-01,2
21775006588750,2023-01-01,3
21775006589000,2023-01-01,4
21775006589500,2023-01-01,4
21777506572750,2023-01-01,1
21777506588250,2023-01-01,15
21777506588750,2023-01-01,2
21777506589000,2023-01-01,7
21777506589250,2023-01-01,1
21780006562500,2023-01-01,2
21780006565750,2023-01-01,4
21780006572500,2023-01-01,2
21780006572750,2023-01-01,6
21782506571500,2023-01-01,2
21782506572000,2023-01-01,4
21782506572250,2023-01-01,4
21782506572500,2023-01-01,2
21785006562500,2023-01-01,3
21785006567000,2023-01-01,1
21785006572250,2023-01-01,5
21785006575250,2023-01-01,1
21785006588250,2023-01-01,3
21785006591500,2023-01-01,4
21787506562250,2023-01-01,4
21787506562500,2023-01-01,6
21787506567000,2023-01-01,4
21787506567250,2023-01-01,6
21787506572250,2023-01-01,2
21787506572500,2023-01-01,5
21787506577750,2023-01-01,1
21787506587250,2023-01-01,2
21790006562500,2023-01-01,1
21790006567750,2023-01-01,7
21790006572500,2023-01-01,1
21790006572750,2023-01-01,2
21792506566750,2023-01-01,3
21792506567250,2023-01-01,1
21792506567500,2023-01-01,8
21792506567750,2023-01-01,2
21792506570750,2023-01-01,3
21792506572000,2023-01-01,10
21792506572250,2023-01-01,7
21792506572500,2023-01-01,1
21792506573000,2023-01-01,3
21792506573750,2023-01-01,2
21792506575250,2023-01-01,8
21792506578000,2023-01-01,2
21792506578250,2023-01-01,8
21795006564750,2023-01-01,6
21795006571000,2023-01-01,2
21795006571250,2023-01-01,3
21795006571750,2023-01-01,5
21795006572000,2023-01-01,5
21795006573000,2023-01-01,2
21795006573250,2023-01-01,1
21795006573750,2023-01-01,2
21795006574500,2023-01-01,5
21797506564500,2023-01-01,2
21797506567250,2023-01-01,2
21797506571250,2023-01-01,1
21797506571500,2023-01-01,2
21797506571750,2023-01-01,3
21797506573750,2023-01-01,1
21797506574000,2023-01-01,6
21797506574750,2023-01-01,4
21797506575000,2023-01-01,4
21797506578000,2023-01-01,6
21800006564250,2023-01-01,5
21800006573000,2023-01-01,2
21800006575250,2023-01-01,4
21800006577500,2023-01-01,4
21800006578000,2023-01-01,11
21800006585750,2023-01-01,1
21802506564000,2023-01-01,12
21802506566250,2023-01-01,2
21802506575000,2023-01-01,7
21802506575250,2023-01-01,9
21802506575500,2023-01-01,1
21802506576000,2023-01-01,2
21802506577000,2023-01-01,3
21802506577250,2023-01-01,3
21802506585750,2023-01-01,4
21802506586250,2023-01-01,3
21805006564000,2023-01-01,4
21805006566250,2023-01-01,4
21805006571250,2023-01-01,1
21805006574250,2023-01-01,1
21805006574750,2023-01-01,2
21805006575750,2023-01-01,1
21805006576000,2023-01-01,2
21805006576250,2023-01-01,2
21805006576500,2023-01-01,4
21805006577000,2023-01-01,1
21805006578250,2023-01-01,4
21805006585750,2023-01-01,4
21805006586250,2023-01-01,3
21807506561750,2023-01-01,8
21807506563250,2023-01-01,5
21807506563500,2023-01-01,4
21807506563750,2023-01-01,4
21807506574750,2023-01-01,2
21807506576000,2023-01-01,1
21807506576250,2023-01-01,14
21807506576500,2023-01-01,9
21807506576750,2023-01-01,10
21807506577750,2023-01-01,4
21807506578250,2023-01-01,3
21807506585500,2023-01-01,2
21810006563000,2023-01-01,2
21810006564750,2023-01-01,2
21810006565000,2023-01-01,36
21810006565250,2023-01-01,4
21810006574500,2023-01-01,8
21810006576000,2023-01-01,6
21810006576250,2023-01-01,12
21810006576500,2023-01-01,14
21810006577500,2023-01-01,5
21810006578000,2023-01-01,2
21812506560500,2023-01-01,1
21812506565000,2023-01-01,29
21812506565250,2023-01-01,7
21812506565750,2023-01-01,6
21812506566000,2023-01-01,2
21812506566250,2023-01-01,2
21812506567000,2023-01-01,6
21812506567250,2023-01-01,4
21812506576250,2023-01-01,2
21812506576500,2023-01-01,16
21812506576750,2023-01-01,19
21812506577250,2023-01-01,7
21812506577500,2023-01-01,2
21812506577750,2023-01-01,6
21812506578000,2023-01-01,4
21812506578250,2023-01-01,3
21815006564000,2023-01-01,4
21815006564500,2023-01-01,2
21815006565750,2023-01-01,6
21815006566000,2023-01-01,8
21815006567000,2023-01-01,4
21815006576500,2023-01-01,14
21815006576750,2023-01-01,18
21815006577000,2023-01-01,20
21815006577250,2023-01-01,2
21815006577500,2023-01-01,22
21815006577750,2023-01-01,5
21815006578000,2023-01-01,8
21815006578250,2023-01-01,7
21817506577000,2023-01-01,4
21817506577500,2023-01-01,8
21817506577750,2023-01-01,3
21820006572750,2023-01-01,1
21820006577250,2023-01-01,2
21822506563750,2023-01-01,1
21822506566750,2023-01-01,2
21822506574500,2023-01-01,1
21822506575500,2023-01-01,2
21822506575750,2023-01-01,2
21825006574500,2023-01-01,1
21825006574750,2023-01-01,4
21825006575000,2023-01-01,3
21825006575250,2023-01-01,2
21825006575750,2023-01-01,1
21825006577250,2023-01-01,3
21825006577500,2023-01-01,3
21825006577750,2023-01-01,2
21827506566750,2023-01-01,7
21827506580750,2023-01-01,2
21830006574500,2023-01-01,3
21830006574750,2023-01-01,12
21832506566750,2023-01-01,1
21832506574500,2023-01-01,16
21832506574750,2023-01-01,7
21832506575000,2023-01-01,13
21832506575250,2023-01-01,64
21832506580250,2023-01-01,1
21835006575250,2023-01-01,2
21837506574500,2023-01-01,11
21837506574750,2023-01-01,7
21837506575000,2023-01-01,6
21840006573750,2023-01-01,10
21840006574000,2023-01-01,9
21840006574250,2023-01-01,3
21840006575000,2023-01-01,1
21842506566750,2023-01-01,4
21842506573500,2023-01-01,2
21842506573750,2023-01-01,5
21842506574000,2023-01-01,2
21842506574500,2023-01-01,3
21842506575250,2023-01-01,2
21842506579750,2023-01-01,4
21845006567750,2023-01-01,2
21845006573750,2023-01-01,1
21845006574000,2023-01-01,6
21845006574250,2023-01-01,9
21845006574750,2023-01-01,3
21845006575000,2023-01-01,6
21845006579000,2023-01-01,8
21845006579250,2023-01-01,12
21845006579500,2023-01-01,9
21845006579750,2023-01-01,4
21847506567000,2023-01-01,2
21847506567500,2023-01-01,1
21847506573750,2023-01-01,6
21847506574250,2023-01-01,11
21847506579000,2023-01-01,6
21847506579250,2023-01-01,6
21850006568000,2023-01-01,2
21850006573750,2023-01-01,1
21850006574250,2023-01-01,7
21850006575500,2023-01-01,4
21850006577750,2023-01-01,4
21850006578500,2023-01-01,5
21850006578750,2023-01-01,1
21850006579000,2023-01-01,4
21852506567500,2023-01-01,2
21852506567750,2023-01-01,7
21852506568000,2023-01-01,4
21852506574500,2023-01-01,3
21852506575500,2023-01-01,1
21852506577500,2023-01-01,5
21852506578500,2023-01-01,6
21855006567000,2023-01-01,4
21855006567750,2023-01-01,8
21855006573500,2023-01-01,1
21855006574750,2023-01-01,5
21855006575500,2023-01-01,3
21855006576750,2023-01-01,1
21855006577500,2023-01-01,1
21855006578250,2023-01-01,13
21855006578750,2023-01-01,1
21855006579000,2023-01-01,4
21857506566750,2023-01-01,16
21857506567000,2023-01-01,16
21857506567250,2023-01-01,5
21857506569750,2023-01-01,7
21857506570000,2023-01-01,5
21857506573500,2023-01-01,1
21857506576750,2023-01-01,2
21857506578750,2023-01-01,27
21860006566750,2023-01-01,8
21860006570000,2023-01-01,2
21860006573000,2023-01-01,4
21860006573250,2023-01-01,6
21860006573500,2023-01-01,5
21860006573750,2023-01-01,8
21860006576000,2023-01-01,8
21860006576500,2023-01-01,6
21860006576750,2023-01-01,26
21860006577000,2023-01-01,40
21860006577250,2023-01-01,24
21860006577500,2023-01-01,4
21860006578250,2023-01-01,6
21860006578500,2023-01-01,5
21860006586500,2023-01-01,6
21862506567250,2023-01-01,7
21862506567500,2023-01-01,69
21862506567750,2023-01-01,13
21862506570000,2023-01-01,2
21862506573000,2023-01-01,2
21862506573250,2023-01-01,4
21862506574000,2023-01-01,2
21862506574250,2023-01-01,1
21862506574500,2023-01-01,2
21862506575750,2023-01-01,2
21862506576000,2023-01-01,7
21862506576250,2023-01-01,2
21862506576750,2023-01-01,5
21862506577000,2023-01-01,49
21862506577250,2023-01-01,11
21862506577750,2023-01-01,5
21862506578000,2023-01-01,3
21865006567250,2023-01-01,7
21865006567500,2023-01-01,31
21865006570250,2023-01-01,3
21865006570500,2023-01-01,2
21865006570750,2023-01-01,2
21865006572000,2023-01-01,3
21865006572250,2023-01-01,2
21865006572500,2023-01-01,3
21865006572750,2023-01-01,2
21865006573250,2023-01-01,3
21865006573500,2023-01-01,3
21865006573750,2023-01-01,4
21865006574000,2023-01-01,3
21865006574250,2023-01-01,1
21865006576250,2023-01-01,3
21865006576500,2023-01-01,7
21865006577000,2023-01-01,2
21865006577500,2023-01-01,8
21865006577750,2023-01-01,5
21865006578000,2023-01-01,1
21867506567500,2023-01-01,5
21867506568250,2023-01-01,3
21867506570000,2023-01-01,4
21867506571250,2023-01-01,5
21867506571500,2023-01-01,8
21867506571750,2023-01-01,2
21867506572000,2023-01-01,4
21867506572250,2023-01-01,2
21867506572750,2023-01-01,7
21867506573000,2023-01-01,1
21867506573250,2023-01-01,2
21867506576250,2023-01-01,29
21867506576500,2023-01-01,6
21867506577000,2023-01-01,41
21867506577250,2023-01-01,69
21867506577500,2023-01-01,26
21867506586500,2023-01-01,1
21870006567500,2023-01-01,2
21870006568250,2023-01-01,3
21870006568500,2023-01-01,6
21870006569000,2023-01-01,11
21870006569750,2023-01-01,2
21870006570000,2023-01-01,2
21870006571750,2023-01-01,9
21870006572000,2023-01-01,4
21870006572250,2023-01-01,3
21870006573000,2023-01-01,8
21870006573750,2023-01-01,10
21870006574000,2023-01-01,4
21870006576000,2023-01-01,4
21870006576250,2023-01-01,1
21870006576500,2023-01-01,2
21870006576750,2023-01-01,48
21870006577000,2023-01-01,78
21870006577250,2023-01-01,17
21872506567500,2023-01-01,5
21872506568000,2023-01-01,7
21872506568750,2023-01-01,1
21872506571250,2023-01-01,8
21872506571500,2023-01-01,6
21872506573250,2023-01-01,7
21872506573500,2023-01-01,3
21872506574000,2023-01-01,4
21872506574750,2023-01-01,4
21872506575500,2023-01-01,4
21872506576500,2023-01-01,73
21872506576750,2023-01-01,148
21872506577000,2023-01-01,77
21875006567250,2023-01-01,2
21875006568750,2023-01-01,5
21875006569000,2023-01-01,8
21875006573000,2023-01-01,9
21875006573250,2023-01-01,10
21875006573500,2023-01-01,5
21875006574250,2023-01-01,1
21875006574500,2023-01-01,2
21875006574750,2023-01-01,6
21875006575250,2023-01-01,9
21875006575500,2023-01-01,8
21875006576000,2023-01-01,16
21875006576250,2023-01-01,37
21875006576750,2023-01-01,122
21875006577000,2023-01-01,16
21877506567500,2023-01-01,6
21877506569000,2023-01-01,7
21877506570000,2023-01-01,2
21877506572750,2023-01-01,1
21877506573000,2023-01-01,6
21877506573500,2023-01-01,5
21877506574250,2023-01-01,2
21877506574500,2023-01-01,57
21877506574750,2023-01-01,100
21877506575000,2023-01-01,6
21877506575250,2023-01-01,50
21877506575500,2023-01-01,22
21877506575750,2023-01-01,3
21877506576000,2023-01-01,65
21877506576250,2023-01-01,30
21877506576500,2023-01-01,71
21877506576750,2023-01-01,113
21880006567250,2023-01-01,2
21880006567500,2023-01-01,8
21880006568250,2023-01-01,1
21880006568500,2023-01-01,5
21880006569250,2023-01-01,5
21880006572500,2023-01-01,7
21880006573000,2023-01-01,6
21880006573250,2023-01-01,2
21880006573500,2023-01-01,7
21880006574000,2023-01-01,14
21880006574250,2023-01-01,132
21880006574500,2023-01-01,100
21880006574750,2023-01-01,93
21880006575000,2023-01-01,88
21880006575250,2023-01-01,129
21880006575500,2023-01-01,40
21880006575750,2023-01-01,9
21880006576250,2023-01-01,4
21880006576500,2023-01-01,6
21880006576750,2023-01-01,27
21882506567000,2023-01-01,4
21882506568250,2023-01-01,7
21882506569000,2023-01-01,6
21882506569250,2023-01-01,6
21882506569500,2023-01-01,2
21882506571000,2023-01-01,8
21882506572500,2023-01-01,17
21882506572750,2023-01-01,1
21882506573250,2023-01-01,23
21882506573750,2023-01-01,4
21882506574000,2023-01-01,89
21882506574250,2023-01-01,143
21882506574500,2023-01-01,88
21882506574750,2023-01-01,136
21882506575000,2023-01-01,126
21882506575250,2023-01-01,76
21882506575750,2023-01-01,8
21882506576750,2023-01-01,4
21885006569500,2023-01-01,2
21885006570000,2023-01-01,12
21885006572000,2023-01-01,3
21885006573250,2023-01-01,2
21885006573500,2023-01-01,1
21885006574000,2023-01-01,63
21885006574250,2023-01-01,63
21885006574500,2023-01-01,14
21885006574750,2023-01-01,60
21885006575000,2023-01-01,133
21885006575250,2023-01-01,11
21885006575750,2023-01-01,38
21885006576000,2023-01-01,45
21885006576750,2023-01-01,7
21885006577750,2023-01-01,17
21885006584250,2023-01-01,4
21885006586250,2023-01-01,2
21885006586500,2023-01-01,3
21885006586750,2023-01-01,11
21885006598500,2023-01-01,2
21885006601000,2023-01-01,4
21887506567000,2023-01-01,2
21887506568750,2023-01-01,4
21887506570000,2023-01-01,5
21887506570250,2023-01-01,2
21887506572500,2023-01-01,2
21887506572750,2023-01-01,2
21887506574750,2023-01-01,25
21887506575500,2023-01-01,34
21887506575750,2023-01-01,64
21887506576000,2023-01-01,70
21887506576250,2023-01-01,42
21887506576500,2023-01-01,2
21887506576750,2023-01-01,9
21887506577000,2023-01-01,2
21887506577500,2023-01-01,92
21887506577750,2023-01-01,92
21887506584000,2023-01-01,2
21887506584250,2023-01-01,3
21887506600750,2023-01-01,2
21890006568750,2023-01-01,2
21890006569750,2023-01-01,2
21890006570000,2023-01-01,7
21890006570500,2023-01-01,4
21890006574000,2023-01-01,5
21890006575250,2023-01-01,3
21890006575500,2023-01-01,64
21890006575750,2023-01-01,134
21890006576000,2023-01-01,182
21890006576250,2023-01-01,95
21890006576500,2023-01-01,6
21890006576750,2023-01-01,21
21890006577000,2023-01-01,123
21890006577250,2023-01-01,174
21890006577500,2023-01-01,112
21890006577750,2023-01-01,92
21890006578000,2023-01-01,5
21890006581750,2023-01-01,2
21890006583750,2023-01-01,3
21890006584000,2023-01-01,16
21890006584250,2023-01-01,6
21890006585000,2023-01-01,3
21890006585250,2023-01-01,2
21890006599750,2023-01-01,2
21892506571000,2023-01-01,2
21892506573000,2023-01-01,11
21892506573750,2023-01-01,7
21892506574000,2023-01-01,48
21892506575250,2023-01-01,2
21892506575500,2023-01-01,97
21892506575750,2023-01-01,173
21892506576000,2023-01-01,99
21892506576500,2023-01-01,13
21892506576750,2023-01-01,184
21892506577000,2023-01-01,297
21892506577250,2023-01-01,152
21892506577500,2023-01-01,150
21892506577750,2023-01-01,58
21892506578000,2023-01-01,24
21892506579750,2023-01-01,5
21892506580000,2023-01-01,3
21892506580750,2023-01-01,2
21892506581500,2023-01-01,17
21892506581750,2023-01-01,3
21892506582750,2023-01-01,4
21892506583250,2023-01-01,3
21892506583750,2023-01-01,6
21892506584250,2023-01-01,3
21892506585000,2023-01-01,3
21895006568000,2023-01-01,2
21895006573000,2023-01-01,1
21895006573750,2023-01-01,2
21895006574000,2023-01-01,7
21895006575000,2023-01-01,1
21895006575250,2023-01-01,7
21895006575500,2023-01-01,137
21895006575750,2023-01-01,119
21895006576000,2023-01-01,76
21895006576250,2023-01-01,143
21895006576500,2023-01-01,93
21895006576750,2023-01-01,159
21895006577000,2023-01-01,115
21895006577250,2023-01-01,68
21895006577500,2023-01-01,164
21895006577750,2023-01-01,112
21895006578000,2023-01-01,127
21895006578750,2023-01-01,1
21895006579250,2023-01-01,3
21895006579500,2023-01-01,3
21895006579750,2023-01-01,1
21895006580500,2023-01-01,4
21895006581000,2023-01-01,3
21895006581250,2023-01-01,6
21895006581500,2023-01-01,8
21895006582250,2023-01-01,6
21895006582500,2023-01-01,3
21895006582750,2023-01-01,7
21895006583000,2023-01-01,5
21895006583250,2023-01-01,1
21895006583500,2023-01-01,2
21895006583750,2023-01-01,5
21895006584500,2023-01-01,2
21895006585500,2023-01-01,1
21895006586000,2023-01-01,3
21897506568000,2023-01-01,1
21897506568250,2023-01-01,2
21897506571750,2023-01-01,3
21897506574000,2023-01-01,16
21897506574250,2023-01-01,20
21897506574500,2023-01-01,22
21897506574750,2023-01-01,37
21897506575250,2023-01-01,25
21897506575500,2023-01-01,123
21897506575750,2023-01-01,94
21897506576000,2023-01-01,146
21897506576250,2023-01-01,166
21897506576500,2023-01-01,13
21897506576750,2023-01-01,172
21897506577000,2023-01-01,233
21897506577250,2023-01-01,292
21897506577500,2023-01-01,388
21897506577750,2023-01-01,23
21897506578000,2023-01-01,3
21897506578250,2023-01-01,4
21897506578500,2023-01-01,6
21897506578750,2023-01-01,6
21897506579000,2023-01-01,1
21897506579250,2023-01-01,3
21897506579750,2023-01-01,4
21897506580000,2023-01-01,2
21897506582000,2023-01-01,17
21897506582250,2023-01-01,4
21897506582500,2023-01-01,15
21897506584500,2023-01-01,3
21897506597250,2023-01-01,5
21897506597500,2023-01-01,5
21897506598000,2023-01-01,2
21897506602000,2023-01-01,2
21900006566250,2023-01-01,8
21900006566500,2023-01-01,22
21900006574250,2023-01-01,86
21900006574500,2023-01-01,126
21900006574750,2023-01-01,99
21900006575000,2023-01-01,9
21900006575250,2023-01-01,56
21900006575500,2023-01-01,43
21900006575750,2023-01-01,49
21900006576000,2023-01-01,131
21900006576250,2023-01-01,32
21900006576500,2023-01-01,18
21900006576750,2023-01-01,50
21900006577000,2023-01-01,163
21900006577250,2023-01-01,45
21900006577500,2023-01-01,2
21900006578000,2023-01-01,7
21900006578250,2023-01-01,3
21900006579500,2023-01-01,5
21900006581000,2023-01-01,5
21900006581250,2023-01-01,10
21900006581500,2023-01-01,15
21900006581750,2023-01-01,18
21900006582000,2023-01-01,9
21900006582500,2023-01-01,1
21900006582750,2023-01-01,9
21900006583000,2023-01-01,4
21900006583250,2023-01-01,3
21900006583500,2023-01-01,19
21900006583750,2023-01-01,4
21900006586000,2023-01-01,3
21900006586250,2023-01-01,2
21900006597000,2023-01-01,4
21900006603250,2023-01-01,3
21902506566500,2023-01-01,20
21902506568500,2023-01-01,1
21902506574000,2023-01-01,35
21902506574250,2023-01-01,185
21902506574500,2023-01-01,135
21902506574750,2023-01-01,48
21902506575000,2023-01-01,17
21902506575250,2023-01-01,56
21902506575500,2023-01-01,103
21902506575750,2023-01-01,97
21902506576000,2023-01-01,79
21902506576250,2023-01-01,99
21902506576500,2023-01-01,30
21902506576750,2023-01-01,102
21902506577000,2023-01-01,85
21902506577250,2023-01-01,7
21902506577500,2023-01-01,1
21902506577750,2023-01-01,4
21902506578000,2023-01-01,11
21902506578500,2023-01-01,9
21902506578750,2023-01-01,12
21902506579000,2023-01-01,9
21902506579500,2023-01-01,4
21902506579750,2023-01-01,7
21902506580000,2023-01-01,16
21902506580250,2023-01-01,27
21902506580500,2023-01-01,73
21902506580750,2023-01-01,120
21902506581000,2023-01-01,4
21902506581250,2023-01-01,4
21902506581500,2023-01-01,3
21902506582750,2023-01-01,40
21902506583000,2023-01-01,8
21902506583500,2023-01-01,17
21902506583750,2023-01-01,15
21902506585500,2023-01-01,1
21902506586000,2023-01-01,2
21902506586250,2023-01-01,6
21902506587500,2023-01-01,4
21902506597750,2023-01-01,2
21902506602500,2023-01-01,4
21905006566250,2023-01-01,21
21905006566500,2023-01-01,42
21905006567250,2023-01-01,1
21905006568500,2023-01-01,10
21905006572750,2023-01-01,5
21905006573000,2023-01-01,58
21905006573250,2023-01-01,56
21905006573500,2023-01-01,11
21905006573750,2023-01-01,51
21905006574000,2023-01-01,169
21905006574250,2023-01-01,159
21905006574500,2023-01-01,79
21905006574750,2023-01-01,24
21905006575000,2023-01-01,25
21905006575250,2023-01-01,82
21905006575500,2023-01-01,148
21905006575750,2023-01-01,123
21905006576000,2023-01-01,127
21905006576250,2023-01-01,97
21905006576500,2023-01-01,13
21905006577000,2023-01-01,2
21905006577250,2023-01-01,4
21905006577750,2023-01-01,8
21905006578000,2023-01-01,37
21905006578250,2023-01-01,1
21905006579000,2023-01-01,25
21905006579250,2023-01-01,33
21905006579500,2023-01-01,95
21905006579750,2023-01-01,93
21905006580000,2023-01-01,50
21905006580250,2023-01-01,98
21905006580500,2023-01-01,73
21905006580750,2023-01-01,3
21905006581500,2023-01-01,11
21905006582250,2023-01-01,2
21905006582500,2023-01-01,52
21905006582750,2023-01-01,69
21905006583000,2023-01-01,21
21905006583250,2023-01-01,1
21905006583500,2023-01-01,3
21905006583750,2023-01-01,22
21905006584000,2023-01-01,6
21905006584250,2023-01-01,2
21905006584750,2023-01-01,6
21905006585000,2023-01-01,21
21905006585500,2023-01-01,4
21905006596250,2023-01-01,4
21907506566250,2023-01-01,14
21907506566500,2023-01-01,6
21907506567000,2023-01-01,8
21907506567250,2023-01-01,4
21907506568500,2023-01-01,1
21907506572750,2023-01-01,24
21907506573000,2023-01-01,93
21907506573250,2023-01-01,111
21907506573500,2023-01-01,92
21907506573750,2023-01-01,122
21907506574000,2023-01-01,74
21907506574250,2023-01-01,25
21907506575000,2023-01-01,29
21907506575250,2023-01-01,144
21907506575500,2023-01-01,75
21907506575750,2023-01-01,99
21907506576000,2023-01-01,42
21907506576250,2023-01-01,100
21907506576500,2023-01-01,186
21907506576750,2023-01-01,175
21907506577000,2023-01-01,15
21907506578250,2023-01-01,12
21907506578500,2023-01-01,17
21907506578750,2023-01-01,39
21907506579000,2023-01-01,7
21907506579250,2023-01-01,21
21907506579500,2023-01-01,15
21907506580250,2023-01-01,6
21907506581000,2023-01-01,4
21907506581250,2023-01-01,6
21907506581500,2023-01-01,3
21907506581750,2023-01-01,2
21907506582000,2023-01-01,3
21907506582250,2023-01-01,4
21907506582500,2023-01-01,7
21907506583000,2023-01-01,6
21907506583750,2023-01-01,7
21907506584000,2023-01-01,4
21907506584250,2023-01-01,9
21907506584500,2023-01-01,5
21907506584750,2023-01-01,7
21907506585000,2023-01-01,9
21907506585250,2023-01-01,6
21907506597000,2023-01-01,1
21910006567000,2023-01-01,3
21910006567750,2023-01-01,1
21910006568000,2023-01-01,3
21910006568250,2023-01-01,8
21910006573250,2023-01-01,17
21910006573500,2023-01-01,196
21910006573750,2023-01-01,114
21910006575000,2023-01-01,29
21910006575250,2023-01-01,112
21910006575500,2023-01-01,93
21910006575750,2023-01-01,139
21910006576000,2023-01-01,140
21910006576250,2023-01-01,159
21910006576500,2023-01-01,336
21910006576750,2023-01-01,191
21910006577000,2023-01-01,8
21910006577750,2023-01-01,2
21910006578000,2023-01-01,32
21910006578250,2023-01-01,15
21910006578500,2023-01-01,67
21910006578750,2023-01-01,20
21910006579500,2023-01-01,23
21910006579750,2023-01-01,15
21910006580000,2023-01-01,18
21910006580250,2023-01-01,7
21910006580500,2023-01-01,6
21910006580750,2023-01-01,5
21910006581000,2023-01-01,4
21910006581250,2023-01-01,3
21910006581750,2023-01-01,3
21910006584500,2023-01-01,1
21910006584750,2023-01-01,2
21910006585000,2023-01-01,1
21912506567750,2023-01-01,12
21912506568000,2023-01-01,10
21912506568250,2023-01-01,4
21912506572000,2023-01-01,1
21912506572500,2023-01-01,1
21912506574250,2023-01-01,1
21912506574750,2023-01-01,76
21912506575000,2023-01-01,115
21912506575250,2023-01-01,186
21912506575500,2023-01-01,137
21912506575750,2023-01-01,117
21912506576000,2023-01-01,72
21912506576250,2023-01-01,1
21912506576500,2023-01-01,85
21912506576750,2023-01-01,487
21912506577000,2023-01-01,63
21912506577250,2023-01-01,97
21912506577500,2023-01-01,18
21912506577750,2023-01-01,15
21912506578500,2023-01-01,5
21912506578750,2023-01-01,50
21912506579000,2023-01-01,46
21912506579250,2023-01-01,37
21912506579500,2023-01-01,71
21912506579750,2023-01-01,41
21912506580000,2023-01-01,57
21912506580250,2023-01-01,2
21912506580500,2023-01-01,7
21912506581000,2023-01-01,3
21912506581250,2023-01-01,2
21912506581750,2023-01-01,8
21912506582000,2023-01-01,4
21915006566500,2023-01-01,2
21915006567500,2023-01-01,4
21915006568500,2023-01-01,6
21915006569250,2023-01-01,9
21915006570500,2023-01-01,2
21915006572250,2023-01-01,47
21915006572500,2023-01-01,76
21915006572750,2023-01-01,41
21915006573000,2023-01-01,103
21915006573250,2023-01-01,174
21915006573500,2023-01-01,18
21915006573750,2023-01-01,7
21915006574000,2023-01-01,70
21915006574250,2023-01-01,10
21915006574750,2023-01-01,108
21915006575000,2023-01-01,164
21915006575250,2023-01-01,181
21915006575500,2023-01-01,144
21915006575750,2023-01-01,106
21915006576000,2023-01-01,222
21915006576250,2023-01-01,109
21915006576500,2023-01-01,54
21915006576750,2023-01-01,91
21915006577000,2023-01-01,92
21915006577250,2023-01-01,101
21915006577750,2023-01-01,19
21915006578000,2023-01-01,82
21915006578250,2023-01-01,128
21915006578500,2023-01-01,133
21915006578750,2023-01-01,41
21915006579000,2023-01-01,114
21915006579250,2023-01-01,87
21915006579500,2023-01-01,87
21915006579750,2023-01-01,23
21915006580000,2023-01-01,1
21915006580250,2023-01-01,5
21915006580750,2023-01-01,1
21915006581000,2023-01-01,6
21915006581500,2023-01-01,3
21915006582000,2023-01-01,5
21915006596000,2023-01-01,2
21917506566750,2023-01-01,33
21917506567000,2023-01-01,1
21917506567500,2023-01-01,2
21917506567750,2023-01-01,7
21917506568250,2023-01-01,29
21917506568500,2023-01-01,32
21917506568750,2023-01-01,71
21917506569000,2023-01-01,105
21917506569250,2023-01-01,213
21917506569500,2023-01-01,213
21917506570000,2023-01-01,3
21917506570500,2023-01-01,2
21917506571250,2023-01-01,6
21917506571750,2023-01-01,19
21917506572000,2023-01-01,44
21917506572250,2023-01-01,47
21917506572500,2023-01-01,92
21917506572750,2023-01-01,94
21917506573000,2023-01-01,121
21917506573250,2023-01-01,72
21917506573500,2023-01-01,151
21917506573750,2023-01-01,83
21917506574000,2023-01-01,207
21917506574250,2023-01-01,60
21917506574750,2023-01-01,68
21917506575000,2023-01-01,253
21917506575250,2023-01-01,139
21917506575500,2023-01-01,67
21917506575750,2023-01-01,160
21917506576000,2023-01-01,217
21917506576250,2023-01-01,260
21917506576500,2023-01-01,175
21917506576750,2023-01-01,90
21917506577250,2023-01-01,37
21917506577500,2023-01-01,127
21917506577750,2023-01-01,159
21917506578000,2023-01-01,101
21917506578250,2023-01-01,107
21917506578500,2023-01-01,94
21917506578750,2023-01-01,4
21917506579000,2023-01-01,5
21917506580250,2023-01-01,4
21917506580500,2023-01-01,8
21917506581500,2023-01-01,1
21917506595750,2023-01-01,1
21920006566750,2023-01-01,14
21920006567000,2023-01-01,64
21920006567250,2023-01-01,21
21920006567500,2023-01-01,15
21920006568000,2023-01-01,1
21920006568250,2023-01-01,5
21920006568500,2023-01-01,39
21920006568750,2023-01-01,217
21920006569000,2023-01-01,273
21920006569250,2023-01-01,102
21920006569500,2023-01-01,90
21920006570000,2023-01-01,2
21920006570250,2023-01-01,5
21920006570750,2023-01-01,7
21920006571250,2023-01-01,3
21920006571750,2023-01-01,79
21920006572000,2023-01-01,7
21920006572250,2023-01-01,24
21920006572500,2023-01-01,16
21920006572750,2023-01-01,24
21920006573000,2023-01-01,189
21920006573250,2023-01-01,255
21920006573500,2023-01-01,105
21920006573750,2023-01-01,106
21920006574000,2023-01-01,152
21920006574250,2023-01-01,249
21920006574500,2023-01-01,215
21920006574750,2023-01-01,27
21920006575000,2023-01-01,195
21920006575250,2023-01-01,366
21920006575500,2023-01-01,94
21920006575750,2023-01-01,296
21920006576000,2023-01-01,252
21920006576250,2023-01-01,417
21920006576500,2023-01-01,296
21920006576750,2023-01-01,79
21920006577000,2023-01-01,54
21920006577250,2023-01-01,162
21920006577500,2023-01-01,125
21920006577750,2023-01-01,64
21920006578000,2023-01-01,5
21920006578500,2023-01-01,8
21920006578750,2023-01-01,2
21920006579500,2023-01-01,3
21920006580000,2023-01-01,2
21920006580250,2023-01-01,6
21920006580500,2023-01-01,5
21920006580750,2023-01-01,4
21920006581500,2023-01-01,11
21920006581750,2023-01-01,6
21922506567000,2023-01-01,52
21922506567250,2023-01-01,157
21922506567500,2023-01-01,30
21922506568500,2023-01-01,52
21922506568750,2023-01-01,109
21922506569250,2023-01-01,316
21922506569500,2023-01-01,183
21922506569750,2023-01-01,68
21922506570250,2023-01-01,2
21922506570500,2023-01-01,2
21922506570750,2023-01-01,12
21922506571750,2023-01-01,19
21922506572000,2023-01-01,111
21922506572250,2023-01-01,124
21922506572500,2023-01-01,175
21922506572750,2023-01-01,150
21922506573000,2023-01-01,80
21922506573250,2023-01-01,132
21922506573500,2023-01-01,191
21922506573750,2023-01-01,168
21922506574000,2023-01-01,240
21922506574250,2023-01-01,166
21922506574750,2023-01-01,302
21922506575000,2023-01-01,130
21922506575250,2023-01-01,21
21922506575500,2023-01-01,168
21922506575750,2023-01-01,182
21922506576000,2023-01-01,137
21922506576250,2023-01-01,206
21922506576500,2023-01-01,96
21922506576750,2023-01-01,92
21922506577250,2023-01-01,5
21922506577500,2023-01-01,11
21922506577750,2023-01-01,49
21922506578000,2023-01-01,101
21922506578250,2023-01-01,64
21922506578750,2023-01-01,3
21922506579250,2023-01-01,5
21922506579500,2023-01-01,2
21922506579750,2023-01-01,2
21922506580000,2023-01-01,4
21922506580500,2023-01-01,5
21922506580750,2023-01-01,3
21922506582750,2023-01-01,4
21925006567250,2023-01-01,20
21925006567500,2023-01-01,61
21925006568000,2023-01-01,35
21925006568500,2023-01-01,86
21925006568750,2023-01-01,86
21925006569000,2023-01-01,95
21925006569250,2023-01-01,27
21925006569500,2023-01-01,146
21925006569750,2023-01-01,27
21925006570000,2023-01-01,11
21925006570250,2023-01-01,2
21925006571750,2023-01-01,59
21925006572000,2023-01-01,203
21925006572250,2023-01-01,166
21925006572500,2023-01-01,132
21925006572750,2023-01-01,125
21925006573000,2023-01-01,94
21925006573250,2023-01-01,174
21925006573500,2023-01-01,185
21925006573750,2023-01-01,248
21925006574000,2023-01-01,146
21925006574500,2023-01-01,1
21925006574750,2023-01-01,30
21925006575000,2023-01-01,54
21925006575250,2023-01-01,245
21925006575500,2023-01-01,147
21925006575750,2023-01-01,179
21925006576000,2023-01-01,186
21925006576250,2023-01-01,76
21925006576500,2023-01-01,122
21925006576750,2023-01-01,159
21925006577000,2023-01-01,62
21925006577500,2023-01-01,8
21925006579000,2023-01-01,9
21925006579250,2023-01-01,4
21925006579500,2023-01-01,1
21925006580250,2023-01-01,8
21925006580500,2023-01-01,6
21925006580750,2023-01-01,6
21925006581000,2023-01-01,2
21925006581250,2023-01-01,1
21925006581500,2023-01-01,12
21925006582000,2023-01-01,1
21925006582250,2023-01-01,2
21925006582500,2023-01-01,21
21925006582750,2023-01-01,4
21927506567500,2023-01-01,3
21927506567750,2023-01-01,15
21927506568000,2023-01-01,24
21927506568250,2023-01-01,27
21927506568500,2023-01-01,153
21927506568750,2023-01-01,161
21927506569000,2023-01-01,190
21927506569250,2023-01-01,66
21927506569500,2023-01-01,162
21927506569750,2023-01-01,20
21927506570000,2023-01-01,16
21927506570250,2023-01-01,35
21927506570500,2023-01-01,117
21927506570750,2023-01-01,20
21927506571500,2023-01-01,2
21927506571750,2023-01-01,4
21927506572000,2023-01-01,127
21927506572250,2023-01-01,116
21927506572500,2023-01-01,26
21927506572750,2023-01-01,10
21927506573000,2023-01-01,139
21927506573250,2023-01-01,105
21927506573500,2023-01-01,88
21927506573750,2023-01-01,106
21927506574000,2023-01-01,34
21927506574250,2023-01-01,21
21927506574500,2023-01-01,149
21927506574750,2023-01-01,190
21927506575000,2023-01-01,203
21927506575250,2023-01-01,179
21927506575500,2023-01-01,142
21927506575750,2023-01-01,64
21927506576000,2023-01-01,51
21927506576250,2023-01-01,72
21927506576500,2023-01-01,87
21927506576750,2023-01-01,16
21927506578750,2023-01-01,13
21927506579000,2023-01-01,7
21927506579250,2023-01-01,1
21927506579750,2023-01-01,1
21927506580000,2023-01-01,12
21927506580250,2023-01-01,8
21927506580500,2023-01-01,7
21927506580750,2023-01-01,2
21927506581000,2023-01-01,3
21927506581250,2023-01-01,4
21927506581500,2023-01-01,1
21927506581750,2023-01-01,6
21927506582000,2023-01-01,6
21927506582500,2023-01-01,1
21930006566750,2023-01-01,50
21930006567000,2023-01-01,172
21930006567250,2023-01-01,16
21930006567500,2023-01-01,8
21930006567750,2023-01-01,175
21930006568000,2023-01-01,129
21930006568250,2023-01-01,78
21930006568500,2023-01-01,120
21930006568750,2023-01-01,24
21930006569000,2023-01-01,51
21930006569250,2023-01-01,124
21930006569500,2023-01-01,105
21930006569750,2023-01-01,119
21930006570000,2023-01-01,85
21930006570250,2023-01-01,58
21930006570500,2023-01-01,220
21930006570750,2023-01-01,148
21930006571000,2023-01-01,16
21930006571500,2023-01-01,3
21930006571750,2023-01-01,40
21930006572000,2023-01-01,67
21930006573250,2023-01-01,4
21930006573500,2023-01-01,58
21930006573750,2023-01-01,184
21930006574000,2023-01-01,103
21930006574250,2023-01-01,123
21930006574500,2023-01-01,167
21930006574750,2023-01-01,131
21930006575000,2023-01-01,139
21930006575250,2023-01-01,128
21930006575500,2023-01-01,176
21930006575750,2023-01-01,119
21930006576000,2023-01-01,124
21930006576250,2023-01-01,145
21930006576500,2023-01-01,33
21930006578500,2023-01-01,3
21930006578750,2023-01-01,22
21930006579500,2023-01-01,7
21930006579750,2023-01-01,1
21930006581000,2023-01-01,2
21930006581250,2023-01-01,2
21932506560500,2023-01-01,4
21932506561250,2023-01-01,3
21932506561750,2023-01-01,2
21932506562000,2023-01-01,9
21932506562500,2023-01-01,1
21932506564250,2023-01-01,3
21932506564500,2023-01-01,55
21932506564750,2023-01-01,54
21932506566250,2023-01-01,22
21932506566500,2023-01-01,64
21932506566750,2023-01-01,183
21932506567000,2023-01-01,200
21932506567250,2023-01-01,110
21932506567500,2023-01-01,50
21932506567750,2023-01-01,102
21932506568000,2023-01-01,227
21932506568250,2023-01-01,167
21932506568500,2023-01-01,43
21932506568750,2023-01-01,200
21932506569000,2023-01-01,81
21932506569250,2023-01-01,146
21932506569500,2023-01-01,202
21932506569750,2023-01-01,193
21932506570000,2023-01-01,126
21932506570250,2023-01-01,91
21932506570500,2023-01-01,65
21932506570750,2023-01-01,121
21932506571000,2023-01-01,154
21932506571250,2023-01-01,71
21932506571500,2023-01-01,11
21932506571750,2023-01-01,31
21932506572000,2023-01-01,6
21932506572250,2023-01-01,16
21932506572500,2023-01-01,67
21932506572750,2023-01-01,75
21932506573000,2023-01-01,139
21932506573250,2023-01-01,107
21932506573500,2023-01-01,49
21932506573750,2023-01-01,80
21932506574000,2023-01-01,81
21932506574250,2023-01-01,195
21932506574500,2023-01-01,128
21932506574750,2023-01-01,142
21932506575000,2023-01-01,144
21932506575250,2023-01-01,130
21932506575500,2023-01-01,73
21932506575750,2023-01-01,54
21932506576000,2023-01-01,19
21932506576250,2023-01-01,3
21932506578250,2023-01-01,4
21932506578500,2023-01-01,15
21932506578750,2023-01-01,10
21932506580750,2023-01-01,4
21932506581250,2023-01-01,6
21935006560750,2023-01-01,2
21935006561250,2023-01-01,10
21935006562250,2023-01-01,16
21935006562500,2023-01-01,13
21935006564000,2023-01-01,16
21935006564250,2023-01-01,95
21935006564500,2023-01-01,171
21935006564750,2023-01-01,83
21935006565000,2023-01-01,11
21935006566000,2023-01-01,29
21935006566250,2023-01-01,147
21935006566500,2023-01-01,177
21935006566750,2023-01-01,149
21935006567000,2023-01-01,131
21935006567250,2023-01-01,10
21935006567500,2023-01-01,130
21935006568000,2023-01-01,47
21935006568250,2023-01-01,298
21935006568500,2023-01-01,161
21935006568750,2023-01-01,112
21935006569000,2023-01-01,49
21935006569250,2023-01-01,69
21935006569500,2023-01-01,123
21935006569750,2023-01-01,175
21935006570000,2023-01-01,94
21935006570250,2023-01-01,22
21935006570750,2023-01-01,20
21935006571000,2023-01-01,75
21935006571250,2023-01-01,6
21935006571500,2023-01-01,1
21935006572000,2023-01-01,20
21935006572250,2023-01-01,148
21935006572500,2023-01-01,135
21935006572750,2023-01-01,124
21935006573000,2023-01-01,113
21935006573250,2023-01-01,2
21935006573500,2023-01-01,2
21935006573750,2023-01-01,8
21935006574000,2023-01-01,121
21935006574250,2023-01-01,39
21935006574500,2023-01-01,129
21935006574750,2023-01-01,73
21935006575000,2023-01-01,44
21935006575250,2023-01-01,9
21935006577000,2023-01-01,5
21935006577500,2023-01-01,5
21935006577750,2023-01-01,7
21935006578250,2023-01-01,23
21935006578500,2023-01-01,9
21935006578750,2023-01-01,23
21935006581000,2023-01-01,11
21937506560000,2023-01-01,3
21937506560250,2023-01-01,3
21937506560750,2023-01-01,4
21937506561250,2023-01-01,6
21937506561500,2023-01-01,2
21937506561750,2023-01-01,12
21937506562000,2023-01-01,1
21937506563750,2023-01-01,47
21937506564000,2023-01-01,122
21937506564250,2023-01-01,158
21937506564500,2023-01-01,144
21937506564750,2023-01-01,162
21937506565000,2023-01-01,76
21937506565250,2023-01-01,11
21937506565500,2023-01-01,42
21937506565750,2023-01-01,28
21937506566000,2023-01-01,92
21937506566250,2023-01-01,156
21937506566500,2023-01-01,139
21937506566750,2023-01-01,118
21937506567000,2023-01-01,233
21937506567250,2023-01-01,119
21937506567500,2023-01-01,231
21937506567750,2023-01-01,320
21937506568000,2023-01-01,120
21937506568250,2023-01-01,194
21937506568500,2023-01-01,156
21937506568750,2023-01-01,195
21937506569000,2023-01-01,172
21937506569250,2023-01-01,121
21937506569500,2023-01-01,172
21937506569750,2023-01-01,63
21937506570000,2023-01-01,7
21937506570250,2023-01-01,2
21937506570500,2023-01-01,172
21937506570750,2023-01-01,11
21937506571750,2023-01-01,76
21937506572000,2023-01-01,137
21937506572250,2023-01-01,159
21937506572500,2023-01-01,93
21937506572750,2023-01-01,22
21937506573000,2023-01-01,2
21937506573250,2023-01-01,4
21937506573500,2023-01-01,11
21937506574000,2023-01-01,8
21937506574250,2023-01-01,3
21937506574500,2023-01-01,9
21937506574750,2023-01-01,2
21937506575000,2023-01-01,9
21937506575250,2023-01-01,6
21937506576500,2023-01-01,5
21937506576750,2023-01-01,21
21937506577000,2023-01-01,7
21937506577250,2023-01-01,21
21937506577500,2023-01-01,13
21937506577750,2023-01-01,7
21937506578000,2023-01-01,6
21937506578500,2023-01-01,2
21937506578750,2023-01-01,10
21937506579000,2023-01-01,4
21937506579250,2023-01-01,1
21937506580000,2023-01-01,2
21937506580250,2023-01-01,4
21937506581000,2023-01-01,4
21940006560000,2023-01-01,2
21940006560250,2023-01-01,20
21940006560750,2023-01-01,13
21940006561000,2023-01-01,20
21940006561250,2023-01-01,10
21940006561500,2023-01-01,20
21940006561750,2023-01-01,2
21940006562000,2023-01-01,6
21940006562250,2023-01-01,5
21940006563750,2023-01-01,89
21940006564000,2023-01-01,107
21940006564250,2023-01-01,88
21940006564500,2023-01-01,338
21940006564750,2023-01-01,71
21940006565000,2023-01-01,53
21940006565250,2023-01-01,61
21940006565500,2023-01-01,54
21940006565750,2023-01-01,81
21940006566000,2023-01-01,104
21940006566250,2023-01-01,168
21940006566500,2023-01-01,134
21940006566750,2023-01-01,115
21940006567000,2023-01-01,242
21940006567250,2023-01-01,150
21940006567500,2023-01-01,164
21940006567750,2023-01-01,87
21940006568000,2023-01-01,128
21940006568250,2023-01-01,148
21940006568500,2023-01-01,212
21940006568750,2023-01-01,162
21940006569000,2023-01-01,84
21940006569250,2023-01-01,34
21940006569500,2023-01-01,24
21940006570000,2023-01-01,3
21940006570250,2023-01-01,26
21940006570500,2023-01-01,161
21940006570750,2023-01-01,108
21940006571000,2023-01-01,34
21940006571250,2023-01-01,49
21940006571500,2023-01-01,110
21940006571750,2023-01-01,151
21940006572000,2023-01-01,75
21940006572250,2023-01-01,38
21940006572500,2023-01-01,10
21940006572750,2023-01-01,13
21940006573000,2023-01-01,6
21940006573250,2023-01-01,16
21940006573500,2023-01-01,2
21940006573750,2023-01-01,5
21940006576000,2023-01-01,17
21940006576250,2023-01-01,24
21940006576500,2023-01-01,69
21940006576750,2023-01-01,62
21940006577000,2023-01-01,4
21940006577250,2023-01-01,2
21940006577500,2023-01-01,1
21940006578000,2023-01-01,13
21940006578250,2023-01-01,10
21940006578500,2023-01-01,3
21940006578750,2023-01-01,20
21940006579000,2023-01-01,6
21940006579250,2023-01-01,6
21940006580250,2023-01-01,2
21940006581000,2023-01-01,9
21940006581250,2023-01-01,4
21942506560000,2023-01-01,3
21942506560250,2023-01-01,9
21942506561500,2023-01-01,3
21942506561750,2023-01-01,3
21942506563000,2023-01-01,6
21942506563750,2023-01-01,132
21942506564000,2023-01-01,92
21942506564250,2023-01-01,39
21942506564500,2023-01-01,77
21942506564750,2023-01-01,97
21942506565000,2023-01-01,164
21942506565250,2023-01-01,104
21942506565500,2023-01-01,70
21942506565750,2023-01-01,151
21942506566000,2023-01-01,181
21942506566250,2023-01-01,141
21942506566500,2023-01-01,162
21942506566750,2023-01-01,62
21942506567000,2023-01-01,137
21942506567250,2023-01-01,186
21942506567500,2023-01-01,220
21942506567750,2023-01-01,125
21942506568000,2023-01-01,82
21942506568250,2023-01-01,56
21942506568500,2023-01-01,47
21942506568750,2023-01-01,64
21942506569000,2023-01-01,57
21942506569250,2023-01-01,68
21942506569500,2023-01-01,26
21942506570000,2023-01-01,3
21942506570250,2023-01-01,14
21942506570500,2023-01-01,90
21942506570750,2023-01-01,177
21942506571000,2023-01-01,171
21942506571250,2023-01-01,153
21942506571500,2023-01-01,149
21942506571750,2023-01-01,143
21942506572000,2023-01-01,77
21942506572250,2023-01-01,15
21942506572750,2023-01-01,8
21942506576000,2023-01-01,8
21942506576250,2023-01-01,2
21942506576500,2023-01-01,10
21942506576750,2023-01-01,49
21942506577000,2023-01-01,2
21942506577500,2023-01-01,9
21942506578000,2023-01-01,6
21942506578500,2023-01-01,29
21942506578750,2023-01-01,11
21942506579000,2023-01-01,2
21942506579500,2023-01-01,13
21942506579750,2023-01-01,6
21942506580000,2023-01-01,2
21942506580250,2023-01-01,4
21942506580500,2023-01-01,3
21945006560500,2023-01-01,7
21945006561000,2023-01-01,63
21945006561250,2023-01-01,177
21945006561500,2023-01-01,8
21945006562500,2023-01-01,1
21945006563000,2023-01-01,45
21945006563250,2023-01-01,50
21945006563750,2023-01-01,181
21945006564000,2023-01-01,28
21945006564250,2023-01-01,56
21945006564500,2023-01-01,158
21945006564750,2023-01-01,230
21945006565000,2023-01-01,217
21945006565250,2023-01-01,126
21945006565500,2023-01-01,120
21945006565750,2023-01-01,70
21945006566000,2023-01-01,16
21945006566750,2023-01-01,128
21945006567000,2023-01-01,147
21945006567250,2023-01-01,129
21945006567500,2023-01-01,135
21945006567750,2023-01-01,64
21945006568000,2023-01-01,70
21945006568250,2023-01-01,146
21945006568500,2023-01-01,202
21945006568750,2023-01-01,205
21945006569000,2023-01-01,131
21945006569250,2023-01-01,180
21945006569500,2023-01-01,121
21945006569750,2023-01-01,21
21945006570250,2023-01-01,11
21945006570500,2023-01-01,70
21945006570750,2023-01-01,173
21945006571000,2023-01-01,142
21945006571250,2023-01-01,148
21945006571500,2023-01-01,64
21945006572000,2023-01-01,2
21945006572250,2023-01-01,13
21945006575250,2023-01-01,1
21945006575500,2023-01-01,5
21945006575750,2023-01-01,6
21945006576250,2023-01-01,10
21945006576500,2023-01-01,9
21945006577250,2023-01-01,3
21945006577750,2023-01-01,3
21945006578250,2023-01-01,3
21945006578750,2023-01-01,2
21945006579250,2023-01-01,6
21945006580500,2023-01-01,7
21945006580750,2023-01-01,4
21945006581000,2023-01-01,11
21947506558250,2023-01-01,27
21947506560500,2023-01-01,19
21947506560750,2023-01-01,52
21947506561000,2023-01-01,82
21947506561250,2023-01-01,117
21947506561500,2023-01-01,95
21947506561750,2023-01-01,17
21947506562500,2023-01-01,11
21947506562750,2023-01-01,62
21947506563000,2023-01-01,110
21947506563250,2023-01-01,38
21947506563500,2023-01-01,14
21947506563750,2023-01-01,79
21947506564000,2023-01-01,81
21947506564250,2023-01-01,124
21947506564500,2023-01-01,9
21947506564750,2023-01-01,190
21947506565000,2023-01-01,15
21947506565250,2023-01-01,21
21947506565500,2023-01-01,44
21947506566750,2023-01-01,102
21947506567000,2023-01-01,199
21947506567250,2023-01-01,39
21947506567500,2023-01-01,117
21947506567750,2023-01-01,40
21947506568000,2023-01-01,126
21947506568250,2023-01-01,325
21947506568500,2023-01-01,252
21947506568750,2023-01-01,54
21947506569000,2023-01-01,202
21947506569250,2023-01-01,195
21947506569500,2023-01-01,224
21947506569750,2023-01-01,132
21947506570000,2023-01-01,75
21947506570250,2023-01-01,75
21947506570750,2023-01-01,43
21947506571000,2023-01-01,71
21947506571250,2023-01-01,45
21947506571500,2023-01-01,12
21947506572250,2023-01-01,5
21947506572750,2023-01-01,3
21947506574750,2023-01-01,4
21947506575000,2023-01-01,8
21947506575250,2023-01-01,7
21947506576500,2023-01-01,3
21947506578250,2023-01-01,6
21947506578500,2023-01-01,6
21947506578750,2023-01-01,1
21947506579000,2023-01-01,2
21947506579250,2023-01-01,1
21947506579500,2023-01-01,3
21947506579750,2023-01-01,2
21947506580500,2023-01-01,2
21947506586500,2023-01-01,1
21947506586750,2023-01-01,3
21947506587000,2023-01-01,18
21950006558000,2023-01-01,3
21950006558250,2023-01-01,44
21950006560250,2023-01-01,25
21950006560500,2023-01-01,9
21950006560750,2023-01-01,109
21950006561000,2023-01-01,112
21950006561250,2023-01-01,123
21950006561500,2023-01-01,91
21950006561750,2023-01-01,143
21950006562000,2023-01-01,16
21950006562250,2023-01-01,15
21950006562500,2023-01-01,92
21950006562750,2023-01-01,146
21950006563000,2023-01-01,148
21950006563750,2023-01-01,24
21950006564000,2023-01-01,188
21950006564250,2023-01-01,201
21950006564500,2023-01-01,133
21950006565250,2023-01-01,47
21950006565500,2023-01-01,3
21950006566750,2023-01-01,84
21950006567000,2023-01-01,140
21950006567250,2023-01-01,65
21950006567500,2023-01-01,39
21950006568000,2023-01-01,26
21950006568250,2023-01-01,264
21950006568500,2023-01-01,194
21950006568750,2023-01-01,117
21950006569000,2023-01-01,46
21950006569500,2023-01-01,57
21950006569750,2023-01-01,130
21950006570000,2023-01-01,161
21950006570250,2023-01-01,110
21950006570500,2023-01-01,246
21950006570750,2023-01-01,36
21950006571000,2023-01-01,1
21950006571250,2023-01-01,7
21950006571750,2023-01-01,4
21950006572000,2023-01-01,4
21950006574500,2023-01-01,3
21950006574750,2023-01-01,19
21950006575000,2023-01-01,13
21950006577000,2023-01-01,1
21950006577250,2023-01-01,4
21950006578750,2023-01-01,4
21950006579000,2023-01-01,2
21950006579250,2023-01-01,7
21950006579500,2023-01-01,4
21950006579750,2023-01-01,2
21950006580000,2023-01-01,1
21950006580500,2023-01-01,3
21950006581000,2023-01-01,8
21950006581250,2023-01-01,4
21950006586500,2023-01-01,11
21950006586750,2023-01-01,4
21950006587000,2023-01-01,6
21950006587250,2023-01-01,4
21952506558250,2023-01-01,38
21952506558500,2023-01-01,9
21952506558750,2023-01-01,71
21952506559500,2023-01-01,6
21952506559750,2023-01-01,10
21952506560000,2023-01-01,14
21952506560250,2023-01-01,32
21952506560500,2023-01-01,29
21952506560750,2023-01-01,117
21952506561000,2023-01-01,112
21952506561250,2023-01-01,75
21952506561500,2023-01-01,4
21952506562000,2023-01-01,16
21952506562250,2023-01-01,47
21952506562500,2023-01-01,134
21952506562750,2023-01-01,67
21952506563000,2023-01-01,71
21952506563250,2023-01-01,14
21952506563500,2023-01-01,35
21952506563750,2023-01-01,84
21952506564000,2023-01-01,111
21952506564250,2023-01-01,104
21952506564500,2023-01-01,37
21952506564750,2023-01-01,3
21952506565000,2023-01-01,19
21952506565250,2023-01-01,85
21952506566500,2023-01-01,21
21952506566750,2023-01-01,178
21952506567000,2023-01-01,126
21952506567250,2023-01-01,25
21952506567500,2023-01-01,4
21952506568000,2023-01-01,50
21952506568250,2023-01-01,38
21952506568500,2023-01-01,172
21952506568750,2023-01-01,217
21952506569000,2023-01-01,143
21952506569500,2023-01-01,3
21952506569750,2023-01-01,125
21952506570000,2023-01-01,111
21952506570250,2023-01-01,60
21952506570500,2023-01-01,53
21952506570750,2023-01-01,32
21952506571000,2023-01-01,9
21952506572750,2023-01-01,4
21952506574250,2023-01-01,3
21952506574500,2023-01-01,14
21952506574750,2023-01-01,2
21952506577000,2023-01-01,4
21952506578750,2023-01-01,5
21952506579000,2023-01-01,4
21952506579250,2023-01-01,14
21952506579750,2023-01-01,4
21952506580000,2023-01-01,10
21952506587250,2023-01-01,9
21952506587500,2023-01-01,4
21955006557750,2023-01-01,4
21955006558000,2023-01-01,31
21955006558250,2023-01-01,106
21955006558500,2023-01-01,40
21955006558750,2023-01-01,8
21955006559250,2023-01-01,5
21955006559500,2023-01-01,71
21955006559750,2023-01-01,27
21955006560250,2023-01-01,92
21955006560500,2023-01-01,186
21955006560750,2023-01-01,139
21955006561000,2023-01-01,98
21955006561250,2023-01-01,141
21955006561500,2023-01-01,120
21955006561750,2023-01-01,114
21955006562000,2023-01-01,115
21955006562250,2023-01-01,151
21955006562500,2023-01-01,116
21955006562750,2023-01-01,45
21955006563000,2023-01-01,10
21955006563250,2023-01-01,99
21955006563500,2023-01-01,113
21955006563750,2023-01-01,88
21955006564000,2023-01-01,74
21955006564250,2023-01-01,102
21955006564500,2023-01-01,8
21955006564750,2023-01-01,2
21955006565000,2023-01-01,3
21955006566250,2023-01-01,2
21955006566500,2023-01-01,4
21955006566750,2023-01-01,53
21955006567000,2023-01-01,22
21955006567500,2023-01-01,6
21955006567750,2023-01-01,7
21955006568250,2023-01-01,2
21955006568500,2023-01-01,88
21955006568750,2023-01-01,108
21955006569000,2023-01-01,172
21955006569250,2023-01-01,18
21955006570250,2023-01-01,5
21955006570500,2023-01-01,13
21955006570750,2023-01-01,5
21955006571000,2023-01-01,10
21955006571250,2023-01-01,9
21955006572750,2023-01-01,5
21955006573250,2023-01-01,3
21955006574000,2023-01-01,2
21955006574250,2023-01-01,4
21955006579000,2023-01-01,14
21955006579250,2023-01-01,25
21955006579500,2023-01-01,1
21955006580000,2023-01-01,11
21955006580250,2023-01-01,3
21955006587000,2023-01-01,6
21955006587250,2023-01-01,5
21955006587500,2023-01-01,2
21957506557750,2023-01-01,84
21957506558000,2023-01-01,190
21957506558250,2023-01-01,52
21957506558500,2023-01-01,81
21957506558750,2023-01-01,45
21957506559500,2023-01-01,10
21957506559750,2023-01-01,2
21957506560250,2023-01-01,38
21957506560500,2023-01-01,47
21957506560750,2023-01-01,98
21957506561000,2023-01-01,75
21957506561250,2023-01-01,101
21957506561500,2023-01-01,150
21957506561750,2023-01-01,119
21957506562000,2023-01-01,97
21957506562250,2023-01-01,116
21957506562500,2023-01-01,61
21957506562750,2023-01-01,57
21957506563000,2023-01-01,124
21957506563250,2023-01-01,33
21957506563500,2023-01-01,35
21957506563750,2023-01-01,109
21957506564000,2023-01-01,107
21957506564250,2023-01-01,84
21957506564750,2023-01-01,3
21957506565000,2023-01-01,13
21957506565250,2023-01-01,48
21957506565500,2023-01-01,56
21957506566500,2023-01-01,3
21957506566750,2023-01-01,6
21957506567250,2023-01-01,1
21957506567500,2023-01-01,3
21957506568250,2023-01-01,5
21957506568500,2023-01-01,2
21957506568750,2023-01-01,15
21957506569000,2023-01-01,11
21957506569250,2023-01-01,155
21957506570000,2023-01-01,9
21957506570500,2023-01-01,1
21957506570750,2023-01-01,4
21957506571000,2023-01-01,3
21957506572750,2023-01-01,2
21957506573000,2023-01-01,4
21957506573250,2023-01-01,4
21957506574000,2023-01-01,8
21957506574250,2023-01-01,7
21957506579000,2023-01-01,4
21957506579250,2023-01-01,2
21957506579500,2023-01-01,4
21957506587000,2023-01-01,3
21957506587250,2023-01-01,25
21957506587500,2023-01-01,14
21957506587750,2023-01-01,11
21957506588000,2023-01-01,8
21960006557750,2023-01-01,86
21960006558000,2023-01-01,173
21960006558250,2023-01-01,209
21960006558500,2023-01-01,162
21960006558750,2023-01-01,22
21960006560500,2023-01-01,170
21960006560750,2023-01-01,74
21960006561000,2023-01-01,4
21960006561250,2023-01-01,89
21960006561500,2023-01-01,133
21960006561750,2023-01-01,101
21960006562000,2023-01-01,125
21960006562250,2023-01-01,48
21960006562500,2023-01-01,58
21960006562750,2023-01-01,30
21960006563000,2023-01-01,107
21960006563250,2023-01-01,25
21960006563750,2023-01-01,37
21960006564000,2023-01-01,144
21960006564250,2023-01-01,57
21960006564500,2023-01-01,27
21960006564750,2023-01-01,14
21960006565000,2023-01-01,86
21960006565250,2023-01-01,114
21960006565500,2023-01-01,93
21960006565750,2023-01-01,34
21960006566250,2023-01-01,8
21960006566500,2023-01-01,2
21960006567750,2023-01-01,4
21960006568000,2023-01-01,11
21960006568250,2023-01-01,28
21960006568500,2023-01-01,4
21960006568750,2023-01-01,14
21960006569000,2023-01-01,4
21960006569250,2023-01-01,87
21960006569500,2023-01-01,9
21960006569750,2023-01-01,11
21960006570500,2023-01-01,3
21960006571500,2023-01-01,5
21960006571750,2023-01-01,5
21960006572000,2023-01-01,4
21960006572250,2023-01-01,7
21960006572500,2023-01-01,8
21960006572750,2023-01-01,11
21960006573250,2023-01-01,1
21960006573750,2023-01-01,4
21960006574000,2023-01-01,4
21960006574250,2023-01-01,2
21960006586000,2023-01-01,3
21960006586250,2023-01-01,1
21960006586500,2023-01-01,1
21960006587000,2023-01-01,9
21960006587250,2023-01-01,5
21960006587500,2023-01-01,3
21960006588000,2023-01-01,7
21962506557750,2023-01-01,103
21962506558000,2023-01-01,84
21962506558250,2023-01-01,129
21962506558500,2023-01-01,23
21962506561750,2023-01-01,37
21962506562000,2023-01-01,30
21962506562250,2023-01-01,5
21962506563000,2023-01-01,22
21962506563250,2023-01-01,93
21962506563500,2023-01-01,48
21962506563750,2023-01-01,34
21962506564000,2023-01-01,64
21962506564250,2023-01-01,38
21962506564500,2023-01-01,132
21962506564750,2023-01-01,49
21962506565000,2023-01-01,66
21962506565250,2023-01-01,120
21962506565500,2023-01-01,138
21962506565750,2023-01-01,94
21962506566000,2023-01-01,69
21962506566250,2023-01-01,75
21962506566750,2023-01-01,4
21962506567250,2023-01-01,7
21962506567500,2023-01-01,6
21962506568500,2023-01-01,2
21962506568750,2023-01-01,2
21962506569000,2023-01-01,21
21962506569250,2023-01-01,22
21962506569500,2023-01-01,55
21962506569750,2023-01-01,32
21962506570000,2023-01-01,20
21962506570250,2023-01-01,12
21962506570500,2023-01-01,6
21962506570750,2023-01-01,5
21962506571250,2023-01-01,5
21962506571750,2023-01-01,3
21962506572500,2023-01-01,9
21962506572750,2023-01-01,2
21962506573250,2023-01-01,2
21962506573500,2023-01-01,1
21962506586000,2023-01-01,2
21962506586500,2023-01-01,10
21962506586750,2023-01-01,1
21962506587500,2023-01-01,12
21962506587750,2023-01-01,9
21965006557750,2023-01-01,89
21965006558000,2023-01-01,27
21965006563250,2023-01-01,6
21965006563500,2023-01-01,49
21965006563750,2023-01-01,71
21965006564000,2023-01-01,47
21965006564250,2023-01-01,41
21965006564500,2023-01-01,90
21965006564750,2023-01-01,69
21965006565000,2023-01-01,5
21965006565250,2023-01-01,65
21965006565500,2023-01-01,36
21965006565750,2023-01-01,18
21965006566000,2023-01-01,229
21965006566250,2023-01-01,33
21965006568750,2023-01-01,4
21965006569000,2023-01-01,8
21965006569250,2023-01-01,11
21965006569750,2023-01-01,11
21965006570000,2023-01-01,2
21965006571000,2023-01-01,5
21965006571250,2023-01-01,13
21965006572250,2023-01-01,4
21965006572500,2023-01-01,1
21965006573000,2023-01-01,1
21965006573250,2023-01-01,1
21965006573500,2023-01-01,12
21965006573750,2023-01-01,1
21965006585500,2023-01-01,3
21965006586000,2023-01-01,5
21965006586500,2023-01-01,4
21965006586750,2023-01-01,3
21965006587000,2023-01-01,2
21965006587750,2023-01-01,10
21965006588000,2023-01-01,13
21967506564000,2023-01-01,16
21967506564250,2023-01-01,49
21967506564500,2023-01-01,9
21967506564750,2023-01-01,28
21967506565750,2023-01-01,11
21967506566000,2023-01-01,24
21967506569250,2023-01-01,6
21967506570750,2023-01-01,10
21967506571250,2023-01-01,6
21967506571500,2023-01-01,3
21967506572000,2023-01-01,3
21967506574500,2023-01-01,8
21967506574750,2023-01-01,4
21967506580750,2023-01-01,4
21967506591500,2023-01-01,2
21967506591750,2023-01-01,1
21967506592250,2023-01-01,8
21970006564250,2023-01-01,31
21970006564500,2023-01-01,1
21970006564750,2023-01-01,9
21970006568500,2023-01-01,6
21970006569000,2023-01-01,6
21970006569250,2023-01-01,18
21970006569500,2023-01-01,5
21970006570250,2023-01-01,12
21970006570500,2023-01-01,5
21970006571000,2023-01-01,2
21970006571250,2023-01-01,7
21970006574750,2023-01-01,1
21970006575000,2023-01-01,5
21970006575250,2023-01-01,7
21970006575750,2023-01-01,2
21970006580500,2023-01-01,4
21970006580750,2023-01-01,3
21970006581000,2023-01-01,8
21970006585000,2023-01-01,4
21970006585250,2023-01-01,5
21972506557750,2023-01-01,1
21972506561500,2023-01-01,4
21972506561750,2023-01-01,3
21972506562000,2023-01-01,8
21972506562250,2023-01-01,19
21972506562500,2023-01-01,14
21972506564250,2023-01-01,7
21972506564500,2023-01-01,13
21972506565750,2023-01-01,4
21972506569250,2023-01-01,7
21972506569500,2023-01-01,2
21972506569750,2023-01-01,2
21972506570000,2023-01-01,17
21972506570250,2023-01-01,6
21972506571250,2023-01-01,2
21972506571500,2023-01-01,4
21972506572250,2023-01-01,1
21972506574500,2023-01-01,6
21972506581000,2023-01-01,2
21972506581250,2023-01-01,7
21972506584750,2023-01-01,2
21972506585000,2023-01-01,10
21975006557500,2023-01-01,18
21975006557750,2023-01-01,16
21975006560500,2023-01-01,4
21975006561000,2023-01-01,3
21975006561250,2023-01-01,27
21975006561500,2023-01-01,28
21975006561750,2023-01-01,24
21975006562000,2023-01-01,13
21975006562250,2023-01-01,7
21975006562500,2023-01-01,15
21975006562750,2023-01-01,26
21975006563000,2023-01-01,11
21975006563250,2023-01-01,32
21975006563500,2023-01-01,3
21975006563750,2023-01-01,2
21975006564000,2023-01-01,14
21975006564250,2023-01-01,13
21975006564500,2023-01-01,3
21975006565250,2023-01-01,4
21975006565750,2023-01-01,17
21975006569500,2023-01-01,3
21975006570000,2023-01-01,2
21975006571000,2023-01-01,1
21975006571500,2023-01-01,2
21975006571750,2023-01-01,7
21975006572000,2023-01-01,3
21975006581250,2023-01-01,3
21975006584000,2023-01-01,1
21975006584250,2023-01-01,6
21975006584500,2023-01-01,6
21975006584750,2023-01-01,8
21977506557000,2023-01-01,25
21977506557250,2023-01-01,51
21977506557500,2023-01-01,46
21977506557750,2023-01-01,9
21977506558500,2023-01-01,1
21977506559500,2023-01-01,5
21977506560000,2023-01-01,8
21977506560500,2023-01-01,10
21977506561250,2023-01-01,4
21977506561500,2023-01-01,99
21977506561750,2023-01-01,11
21977506562750,2023-01-01,2
21977506563250,2023-01-01,16
21977506563500,2023-01-01,38
21977506563750,2023-01-01,37
21977506564000,2023-01-01,15
21977506564250,2023-01-01,34
21977506564500,2023-01-01,16
21977506565000,2023-01-01,9
21977506565250,2023-01-01,2
21977506566000,2023-01-01,6
21977506566250,2023-01-01,10
21977506570000,2023-01-01,2
21977506571500,2023-01-01,2
21977506572250,2023-01-01,3
21977506572500,2023-01-01,3
21977506581250,2023-01-01,45
21977506581500,2023-01-01,20
21977506584000,2023-01-01,2
21977506584500,2023-01-01,4
21977506584750,2023-01-01,10
21977506585000,2023-01-01,2
21980006556750,2023-01-01,2
21980006557000,2023-01-01,18
21980006557250,2023-01-01,26
21980006557500,2023-01-01,13
21980006559250,2023-01-01,5
21980006560000,2023-01-01,1
21980006560500,2023-01-01,2
21980006561000,2023-01-01,1
21980006564750,2023-01-01,2
21980006565250,2023-01-01,11
21980006566250,2023-01-01,3
21980006566500,2023-01-01,16
21980006566750,2023-01-01,3
21980006569750,2023-01-01,8
21980006572250,2023-01-01,8
21980006573000,2023-01-01,1
21980006581250,2023-01-01,37
21980006581500,2023-01-01,52
21980006582000,2023-01-01,32
21980006582250,2023-01-01,83
21980006582500,2023-01-01,68
21980006582750,2023-01-01,10
21980006583250,2023-01-01,5
21980006584000,2023-01-01,1
21980006584250,2023-01-01,2
21980006584500,2023-01-01,11
21980006584750,2023-01-01,1
21982506556750,2023-01-01,2
21982506557000,2023-01-01,7
21982506557250,2023-01-01,10
21982506557500,2023-01-01,4
21982506560000,2023-01-01,4
21982506560750,2023-01-01,3
21982506561000,2023-01-01,7
21982506565250,2023-01-01,5
21982506565500,2023-01-01,1
21982506566250,2023-01-01,2
21982506566500,2023-01-01,30
21982506566750,2023-01-01,48
21982506567000,2023-01-01,3
21982506567250,2023-01-01,3
21982506570750,2023-01-01,4
21982506573250,2023-01-01,1
21982506574000,2023-01-01,3
21982506581250,2023-01-01,47
21982506581500,2023-01-01,15
21982506582000,2023-01-01,59
21982506582250,2023-01-01,68
21982506582500,2023-01-01,71
21982506582750,2023-01-01,39
21982506583000,2023-01-01,13
21982506584000,2023-01-01,3
21982506584250,2023-01-01,13
21982506584500,2023-01-01,7
21985006557250,2023-01-01,17
21985006557500,2023-01-01,6
21985006566500,2023-01-01,5
21985006566750,2023-01-01,15
21985006567250,2023-01-01,2
21985006567500,2023-01-01,3
21985006567750,2023-01-01,3
21985006570750,2023-01-01,6
21985006573750,2023-01-01,9
21985006575250,2023-01-01,2
21985006575500,2023-01-01,2
21985006581500,2023-01-01,23
21985006581750,2023-01-01,3
21985006582250,2023-01-01,7
21985006582500,2023-01-01,22
21985006582750,2023-01-01,2
21985006583000,2023-01-01,5
21985006583250,2023-01-01,7
21985006583500,2023-01-01,11
21985006583750,2023-01-01,7
21985006584000,2023-01-01,6
21985006584250,2023-01-01,16
21985006584500,2023-01-01,22
21987506557250,2023-01-01,8
21987506561250,2023-01-01,10
21987506562000,2023-01-01,1
21987506562250,2023-01-01,1
21987506566500,2023-01-01,1
21987506567000,2023-01-01,8
21987506567250,2023-01-01,3
21987506567500,2023-01-01,6
21987506568000,2023-01-01,17
21987506568250,2023-01-01,11
21987506571250,2023-01-01,1
21987506582000,2023-01-01,76
21987506582250,2023-01-01,53
21987506582500,2023-01-01,17
21987506582750,2023-01-01,20
21987506583000,2023-01-01,5
21987506583500,2023-01-01,3
21987506584000,2023-01-01,5
21987506584250,2023-01-01,82
21987506584500,2023-01-01,27
21990006561250,2023-01-01,2
21990006562250,2023-01-01,3
21990006563250,2023-01-01,4
21990006567500,2023-01-01,8
21990006568000,2023-01-01,7
21990006568250,2023-01-01,3
21990006568500,2023-01-01,6
21990006570750,2023-01-01,3
21990006571250,2023-01-01,2
21990006573750,2023-01-01,1
21990006582250,2023-01-01,21
21990006584000,2023-01-01,8
21990006584250,2023-01-01,80
21990006584500,2023-01-01,10
21992506559750,2023-01-01,3
21992506560000,2023-01-01,4
21992506561250,2023-01-01,4
21992506563250,2023-01-01,3
21992506568000,2023-01-01,2
21992506568500,2023-01-01,2
21992506568750,2023-01-01,1
21992506569000,2023-01-01,14
21992506574500,2023-01-01,1
21992506582000,2023-01-01,5
21992506582250,2023-01-01,72
21992506582500,2023-01-01,22
21992506583750,2023-01-01,4
21992506584000,2023-01-01,3
21992506584250,2023-01-01,6
21992506595750,2023-01-01,1
21995006558250,2023-01-01,3
21995006558500,2023-01-01,2
21995006563750,2023-01-01,2
21995006569250,2023-01-01,2
21995006569500,2023-01-01,3
21995006569750,2023-01-01,2
21995006582000,2023-01-01,9
21995006582250,2023-01-01,29
21995006582500,2023-01-01,10
21995006582750,2023-01-01,2
21995006583000,2023-01-01,2
21995006583500,2023-01-01,4
21995006583750,2023-01-01,8
21995006584250,2023-01-01,1
21995006596000,2023-01-01,4
21995006596250,2023-01-01,1
21997506569250,2023-01-01,2
21997506570000,2023-01-01,10
21997506582250,2023-01-01,13
21997506582750,2023-01-01,76
21997506583000,2023-01-01,34
21997506583500,2023-01-01,7
22000006557750,2023-01-01,2
22000006569750,2023-01-01,1
22000006570250,2023-01-01,6
22000006573750,2023-01-01,4
22000006581250,2023-01-01,7
22000006581500,2023-01-01,17
22000006581750,2023-01-01,1
22000006582750,2023-01-01,45
22000006583000,2023-01-01,47
22000006583250,2023-01-01,13
22000006583500,2023-01-01,16
22002506557000,2023-01-01,6
22002506570750,2023-01-01,5
22002506581000,2023-01-01,4
22002506581250,2023-01-01,7
22002506582000,2023-01-01,4
22002506582250,2023-01-01,6
22002506583000,2023-01-01,6
22002506583500,2023-01-01,1
22005006570750,2023-01-01,5
22005006581000,2023-01-01,2
22005006581500,2023-01-01,1
22005006581750,2023-01-01,1
22005006582000,2023-01-01,6
22005006583500,2023-01-01,5
22005006583750,2023-01-01,13
22007506562750,2023-01-01,6
22007506571250,2023-01-01,4
22007506581000,2023-01-01,3
22007506581500,2023-01-01,2
22007506581750,2023-01-01,4
22007506582000,2023-01-01,4
22007506583500,2023-01-01,10
22007506583750,2023-01-01,2
22010006559750,2023-01-01,2
22010006562750,2023-01-01,1
22010006580500,2023-01-01,1
22010006580750,2023-01-01,1
22010006581000,2023-01-01,2
22010006581250,2023-01-01,4
22010006581500,2023-01-01,7
22010006583500,2023-01-01,2
22012506562000,2023-01-01,2
22012506562250,2023-01-01,2
22012506571500,2023-01-01,2
22012506571750,2023-01-01,4
22012506579250,2023-01-01,1
22012506579750,2023-01-01,1
22012506580000,2023-01-01,9
22012506580250,2023-01-01,2
22015006560500,2023-01-01,2
22015006561000,2023-01-01,7
22015006561250,2023-01-01,3
22015006579250,2023-01-01,4
22015006579500,2023-01-01,18
22015006579750,2023-01-01,9
22015006580000,2023-01-01,3
22015006580250,2023-01-01,5
22015006580500,2023-01-01,2
22017506561250,2023-01-01,6
22017506561500,2023-01-01,20
22017506561750,2023-01-01,6
22017506566500,2023-01-01,2
22017506571500,2023-01-01,2
22017506572000,2023-01-01,1
22017506579500,2023-01-01,2
22017506579750,2023-01-01,5
22017506580000,2023-01-01,6
22017506580250,2023-01-01,2
22017506583250,2023-01-01,1
22020006560500,2023-01-01,1
22020006560750,2023-01-01,3
22020006561500,2023-01-01,2
22020006561750,2023-01-01,23
22020006563000,2023-01-01,3
22020006563250,2023-01-01,2
22020006566000,2023-01-01,5
22020006566500,2023-01-01,1
22020006566750,2023-01-01,3
22020006578750,2023-01-01,2
22020006580000,2023-01-01,4
22022506555750,2023-01-01,9
22022506558750,2023-01-01,5
22022506561000,2023-01-01,14
22022506561250,2023-01-01,49
22022506561500,2023-01-01,39
22022506561750,2023-01-01,14
22022506563500,2023-01-01,4
22022506564250,2023-01-01,2
22022506564750,2023-01-01,8
22022506565000,2023-01-01,10
22022506567000,2023-01-01,4
22022506567500,2023-01-01,1
22022506572500,2023-01-01,2
22022506578500,2023-01-01,3
22022506578750,2023-01-01,6
22022506583000,2023-01-01,1
22025006555750,2023-01-01,2
22025006560750,2023-01-01,6
22025006561000,2023-01-01,38
22025006561250,2023-01-01,27
22025006561500,2023-01-01,2
22025006561750,2023-01-01,15
22025006562000,2023-01-01,19
22025006562250,2023-01-01,2
22025006562750,2023-01-01,11
22025006563000,2023-01-01,1
22025006563250,2023-01-01,6
22025006563500,2023-01-01,2
22025006567750,2023-01-01,7
22025006568500,2023-01-01,1
22025006572500,2023-01-01,1
22025006578500,2023-01-01,3
22025006578750,2023-01-01,3
22025006579000,2023-01-01,8
22025006583000,2023-01-01,2
22027506560500,2023-01-01,57
22027506560750,2023-01-01,68
22027506561000,2023-01-01,8
22027506562000,2023-01-01,2
22027506563000,2023-01-01,4
22027506568750,2023-01-01,3
22027506569500,2023-01-01,3
22027506578500,2023-01-01,1
22027506578750,2023-01-01,9
22027506583250,2023-01-01,1
22030006560500,2023-01-01,55
22030006560750,2023-01-01,6
22030006563250,2023-01-01,2
22030006578750,2023-01-01,3
22030006579000,2023-01-01,1
22032506559250,2023-01-01,5
22032506560500,2023-01-01,2
22032506560750,2023-01-01,5
22032506571000,2023-01-01,12
22032506571250,2023-01-01,7
22032506571500,2023-01-01,5
22032506572000,2023-01-01,12
22035006558750,2023-01-01,8
22035006560500,2023-01-01,5
22035006569750,2023-01-01,5
22035006570500,2023-01-01,9
22035006570750,2023-01-01,18
22035006571000,2023-01-01,14
22035006571250,2023-01-01,12
22035006571500,2023-01-01,12
22035006571750,2023-01-01,3
22035006578000,2023-01-01,2
22035006578750,2023-01-01,6
22035006579000,2023-01-01,3
22037506560250,2023-01-01,5
22037506560500,2023-01-01,3
22037506564750,2023-01-01,6
22037506570250,2023-01-01,2
22037506570500,2023-01-01,1
22037506570750,2023-01-01,2
22037506571000,2023-01-01,2
22037506571250,2023-01-01,6
22037506578250,2023-01-01,1
22037506578500,2023-01-01,2
22037506579250,2023-01-01,4
22040006557250,2023-01-01,1
22040006560250,2023-01-01,21
22040006560500,2023-01-01,5
22040006569500,2023-01-01,4
22040006570000,2023-01-01,2
22040006570750,2023-01-01,3
22040006578250,2023-01-01,4
22040006578500,2023-01-01,18
22042506560250,2023-01-01,2
22042506569750,2023-01-01,1
22042506570000,2023-01-01,4
22042506570500,2023-01-01,1
22042506578500,2023-01-01,10
22045006570000,2023-01-01,4
22045006570250,2023-01-01,3
22045006578250,2023-01-01,4
22045006578500,2023-01-01,5
22045006578750,2023-01-01,5
22047506561750,2023-01-01,2
22047506570000,2023-01-01,4
22047506575000,2023-01-01,1
22047506575500,2023-01-01,5
22047506576500,2023-01-01,2
22047506577000,2023-01-01,3
22047506579000,2023-01-01,5
22047506579250,2023-01-01,3
22050006570000,2023-01-01,2
22050006570250,2023-01-01,3
22050006576250,2023-01-01,1
22052506570000,2023-01-01,4
22052506577250,2023-01-01,2
22052506577500,2023-01-01,1
22055006570000,2023-01-01,1
22055006574750,2023-01-01,1
22055006575000,2023-01-01,1
22057506570000,2023-01-01,3
22057506577250,2023-01-01,8
22060006569750,2023-01-01,2
22060006577250,2023-01-01,5
22060006577500,2023-01-01,5
22062506575750,2023-01-01,2
22062506576000,2023-01-01,2
22062506576750,2023-01-01,1
22065006570000,2023-01-01,1
22067506570750,2023-01-01,2
22067506571000,2023-01-01,3
22072506576750,2023-01-01,4
22075006576500,2023-01-01,4
22075006576750,2023-01-01,1
21720006570000,2024-01-01,3
21722506570000,2024-01-01,2
21760006568000,2024-01-01,6
21760006568500,2024-01-01,5
21762506567750,2024-01-01,3
21762506568000,2024-01-01,15
21762506587750,2024-01-01,3
21765006573500,2024-01-01,6
21767506588250,2024-01-01,2
21767506588750,2024-01-01,2
21767506589000,2024-01-01,5
21770006567250,2024-01-01,1
21770006573000,2024-01-01,2
21770006589250,2024-01-01,12
21772506567000,2024-01-01,10
21772506567500,2024-01-01,2
21772506567750,2024-01-01,2
21772506573500,2024-01-01,2
21772506588000,2024-01-01,6
21772506588250,2024-01-01,10
21772506588750,2024-01-01,15
21772506589000,2024-01-01,1
21772506589250,2024-01-01,1
21772506589500,2024-01-01,2
21772506589750,2024-01-01,1
21775006561500,2024-01-01,1
21775006567000,2024-01-01,7
21775006567500,2024-01-01,4
21775006587750,2024-01-01,1
21775006588000,2024-01-01,1
21775006588500,2024-01-01,2
21775006588750,2024-01-01,2
21775006589000,2024-01-01,3
21775006589500,2024-01-01,4
21777506572750,2024-01-01,1
21777506588250,2024-01-01,16
21777506589000,2024-01-01,7
21777506589250,2024-01-01,1
21780006562500,2024-01-01,2
21780006565750,2024-01-01,4
21780006572500,2024-01-01,2
21780006572750,2024-01-01,6
21782506571500,2024-01-01,2
21782506572000,2024-01-01,3
21782506572250,2024-01-01,4
21782506572500,2024-01-01,2
21785006562500,2024-01-01,4
21785006567000,2024-01-01,1
21785006572250,2024-01-01,6
21785006575250,2024-01-01,1
21785006588250,2024-01-01,3
21785006591500,2024-01-01,4
21787506562250,2024-01-01,4
21787506562500,2024-01-01,6
21787506567000,2024-01-01,4
21787506567250,2024-01-01,6
21787506572250,2024-01-01,2
21787506572500,2024-01-01,5
21787506577750,2024-01-01,1
21787506587250,2024-01-01,2
21790006562500,2024-01-01,1
21790006567750,2024-01-01,7
21790006572500,2024-01-01,2
21790006572750,2024-01-01,2
21792506566750,2024-01-01,2
21792506567500,2024-01-01,8
21792506567750,2024-01-01,2
21792506570750,2024-01-01,2
21792506572000,2024-01-01,9
21792506572250,2024-01-01,8
21792506573000,2024-01-01,3
21792506573750,2024-01-01,2
21792506575250,2024-01-01,3
21792506578000,2024-01-01,2
21792506578250,2024-01-01,8
21795006564750,2024-01-01,6
21795006571000,2024-01-01,3
21795006571250,2024-01-01,3
21795006571500,2024-01-01,2
21795006571750,2024-01-01,5
21795006572000,2024-01-01,5
21795006573000,2024-01-01,2
21795006573250,2024-01-01,1
21795006573750,2024-01-01,4
21795006574500,2024-01-01,6
21797506564500,2024-01-01,2
21797506567250,2024-01-01,1
21797506571250,2024-01-01,1
21797506571750,2024-01-01,3
21797506573750,2024-01-01,1
21797506574000,2024-01-01,6
21797506574750,2024-01-01,4
21797506575000,2024-01-01,4
21797506578000,2024-01-01,6
21800006564250,2024-01-01,5
21800006573000,2024-01-01,2
21800006575250,2024-01-01,4
21800006577500,2024-01-01,4
21800006578000,2024-01-01,11
21800006585750,2024-01-01,1
21802506564000,2024-01-01,12
21802506566250,2024-01-01,2
21802506575000,2024-01-01,5
21802506575250,2024-01-01,7
21802506575500,2024-01-01,1
21802506576000,2024-01-01,2
21802506577000,2024-01-01,3
21802506577250,2024-01-01,3
21802506585750,2024-01-01,3
21802506586250,2024-01-01,3
21805006564000,2024-01-01,4
21805006566250,2024-01-01,4
21805006571250,2024-01-01,1
21805006574250,2024-01-01,1
21805006574750,2024-01-01,2
21805006575750,2024-01-01,1
21805006576000,2024-01-01,2
21805006576250,2024-01-01,2
21805006576500,2024-01-01,4
21805006577000,2024-01-01,1
21805006578250,2024-01-01,4
21805006585750,2024-01-01,4
21805006586250,2024-01-01,5
21807506561750,2024-01-01,8
21807506563250,2024-01-01,5
21807506563500,2024-01-01,4
21807506563750,2024-01-01,4
21807506574750,2024-01-01,2
21807506576000,2024-01-01,1
21807506576250,2024-01-01,14
21807506576500,2024-01-01,13
21807506576750,2024-01-01,10
21807506577750,2024-01-01,4
21807506578250,2024-01-01,3
21807506585500,2024-01-01,2
21810006563000,2024-01-01,2
21810006564750,2024-01-01,2
21810006565000,2024-01-01,37
21810006565250,2024-01-01,3
21810006574500,2024-01-01,8
21810006576000,2024-01-01,6
21810006576250,2024-01-01,12
21810006576500,2024-01-01,14
21810006577500,2024-01-01,5
21810006578000,2024-01-01,2
21812506560500,2024-01-01,1
21812506565000,2024-01-01,31
21812506565250,2024-01-01,7
21812506565750,2024-01-01,6
21812506566000,2024-01-01,2
21812506566250,2024-01-01,3
21812506567000,2024-01-01,6
21812506567250,2024-01-01,3
21812506576250,2024-01-01,2
21812506576500,2024-01-01,23
21812506576750,2024-01-01,16
21812506577250,2024-01-01,7
21812506577500,2024-01-01,5
21812506577750,2024-01-01,7
21812506578000,2024-01-01,3
21812506578250,2024-01-01,3
21815006564000,2024-01-01,5
21815006564500,2024-01-01,2
21815006565750,2024-01-01,6
21815006566000,2024-01-01,8
21815006567000,2024-01-01,3
21815006576500,2024-01-01,14
21815006576750,2024-01-01,19
21815006577000,2024-01-01,18
21815006577250,2024-01-01,3
21815006577500,2024-01-01,21
21815006577750,2024-01-01,5
21815006578000,2024-01-01,8
21815006578250,2024-01-01,5
21817506577000,2024-01-01,5
21817506577500,2024-01-01,7
21817506577750,2024-01-01,3
21820006572750,2024-01-01,1
21820006574750,2024-01-01,4
21820006577250,2024-01-01,3
21822506563750,2024-01-01,1
21822506566750,2024-01-01,2
21822506574500,2024-01-01,2
21822506575500,2024-01-01,2
21822506575750,2024-01-01,2
21825006574750,2024-01-01,4
21825006575000,2024-01-01,3
21825006575250,2024-01-01,3
21825006575750,2024-01-01,1
21825006577250,2024-01-01,3
21825006577500,2024-01-01,3
21825006577750,2024-01-01,2
21827506566750,2024-01-01,7
21827506580750,2024-01-01,3
21830006574500,2024-01-01,3
21830006574750,2024-01-01,12
21832506566750,2024-01-01,1
21832506574500,2024-01-01,15
21832506574750,2024-01-01,7
21832506575000,2024-01-01,15
21832506575250,2024-01-01,72
21832506580250,2024-01-01,1
21835006575250,2024-01-01,3
21837506574500,2024-01-01,13
21837506574750,2024-01-01,7
21837506575000,2024-01-01,7
21840006573750,2024-01-01,9
21840006574000,2024-01-01,7
21840006574250,2024-01-01,3
21840006575000,2024-01-01,1
21842506566750,2024-01-01,3
21842506573500,2024-01-01,2
21842506573750,2024-01-01,5
21842506574000,2024-01-01,2
21842506574500,2024-01-01,3
21842506575250,2024-01-01,2
21842506579750,2024-01-01,4
21845006567750,2024-01-01,2
21845006573750,2024-01-01,1
21845006574000,2024-01-01,6
21845006574250,2024-01-01,14
21845006574750,2024-01-01,3
21845006575000,2024-01-01,6
21845006579000,2024-01-01,8
21845006579250,2024-01-01,13
21845006579500,2024-01-01,9
21845006579750,2024-01-01,4
21847506567000,2024-01-01,2
21847506573750,2024-01-01,6
21847506574250,2024-01-01,6
21847506579000,2024-01-01,6
21847506579250,2024-01-01,6
21850006568000,2024-01-01,1
21850006573750,2024-01-01,1
21850006574250,2024-01-01,6
21850006575500,2024-01-01,4
21850006577750,2024-01-01,4
21850006578500,2024-01-01,5
21850006578750,2024-01-01,1
21850006579000,2024-01-01,4
21852506567500,2024-01-01,2
21852506567750,2024-01-01,7
21852506568000,2024-01-01,4
21852506574500,2024-01-01,3
21852506575500,2024-01-01,7
21852506577500,2024-01-01,5
21852506578250,2024-01-01,3
21852506578500,2024-01-01,6
21855006567000,2024-01-01,2
21855006567750,2024-01-01,7
21855006573500,2024-01-01,1
21855006574750,2024-01-01,4
21855006576750,2024-01-01,1
21855006577500,2024-01-01,1
21855006578250,2024-01-01,11
21855006578750,2024-01-01,1
21855006579000,2024-01-01,4
21857506566750,2024-01-01,17
21857506567000,2024-01-01,16
21857506567250,2024-01-01,4
21857506569750,2024-01-01,7
21857506570000,2024-01-01,4
21857506576750,2024-01-01,1
21857506578750,2024-01-01,27
21860006566750,2024-01-01,6
21860006570000,2024-01-01,2
21860006573000,2024-01-01,4
21860006573250,2024-01-01,6
21860006573500,2024-01-01,5
21860006573750,2024-01-01,8
21860006576000,2024-01-01,7
21860006576500,2024-01-01,8
21860006576750,2024-01-01,25
21860006577000,2024-01-01,45
21860006577250,2024-01-01,24
21860006577500,2024-01-01,4
21860006578250,2024-01-01,6
21860006578500,2024-01-01,6
21860006586500,2024-01-01,7
21862506567250,2024-01-01,6
21862506567500,2024-01-01,67
21862506567750,2024-01-01,15
21862506570000,2024-01-01,2
21862506573000,2024-01-01,2
21862506573250,2024-01-01,5
21862506574000,2024-01-01,5
21862506574250,2024-01-01,1
21862506574500,2024-01-01,2
21862506575750,2024-01-01,2
21862506576000,2024-01-01,7
21862506576250,2024-01-01,2
21862506576750,2024-01-01,5
21862506577000,2024-01-01,47
21862506577250,2024-01-01,11
21862506577750,2024-01-01,5
21862506578000,2024-01-01,3
21865006567250,2024-01-01,7
21865006567500,2024-01-01,29
21865006570250,2024-01-01,3
21865006570500,2024-01-01,2
21865006570750,2024-01-01,2
21865006572000,2024-01-01,3
21865006572250,2024-01-01,2
21865006572500,2024-01-01,5
21865006572750,2024-01-01,2
21865006573250,2024-01-01,6
21865006573750,2024-01-01,4
21865006574000,2024-01-01,3
21865006574250,2024-01-01,1
21865006576250,2024-01-01,3
21865006576500,2024-01-01,14
21865006577000,2024-01-01,2
21865006577500,2024-01-01,8
21865006577750,2024-01-01,3
21865006578000,2024-01-01,1
21867506567500,2024-01-01,5
21867506568250,2024-01-01,3
21867506570000,2024-01-01,4
21867506571250,2024-01-01,3
21867506571500,2024-01-01,8
21867506571750,2024-01-01,2
21867506572000,2024-01-01,4
21867506572250,2024-01-01,2
21867506572750,2024-01-01,7
21867506573000,2024-01-01,1
21867506573250,2024-01-01,2
21867506576250,2024-01-01,30
21867506576500,2024-01-01,6
21867506577000,2024-01-01,43
21867506577250,2024-01-01,64
21867506577500,2024-01-01,24
21867506586500,2024-01-01,1
21870006567500,2024-01-01,2
21870006568250,2024-01-01,3
21870006568500,2024-01-01,6
21870006569000,2024-01-01,6
21870006569750,2024-01-01,2
21870006570000,2024-01-01,2
21870006571750,2024-01-01,9
21870006572000,2024-01-01,3
21870006572250,2024-01-01,2
21870006573000,2024-01-01,8
21870006573750,2024-01-01,10
21870006574000,2024-01-01,4
21870006576000,2024-01-01,3
21870006576250,2024-01-01,1
21870006576500,2024-01-01,2
21870006576750,2024-01-01,45
21870006577000,2024-01-01,75
21870006577250,2024-01-01,17
21872506567500,2024-01-01,5
21872506568000,2024-01-01,5
21872506568750,2024-01-01,1
21872506571250,2024-01-01,9
21872506571500,2024-01-01,6
21872506573250,2024-01-01,7
21872506573500,2024-01-01,2
21872506574000,2024-01-01,4
21872506574750,2024-01-01,4
21872506575500,2024-01-01,6
21872506576500,2024-01-01,67
21872506576750,2024-01-01,147
21872506577000,2024-01-01,77
21875006567250,2024-01-01,1
21875006568750,2024-01-01,5
21875006569000,2024-01-01,8
21875006573000,2024-01-01,8
21875006573250,2024-01-01,10
21875006573500,2024-01-01,5
21875006574250,2024-01-01,2
21875006574500,2024-01-01,1
21875006574750,2024-01-01,5
21875006575250,2024-01-01,6
21875006575500,2024-01-01,8
21875006576000,2024-01-01,16
21875006576250,2024-01-01,41
21875006576750,2024-01-01,122
21875006577000,2024-01-01,13
21877506567500,2024-01-01,6
21877506569000,2024-01-01,7
21877506570000,2024-01-01,2
21877506572750,2024-01-01,1
21877506573000,2024-01-01,6
21877506573500,2024-01-01,5
21877506574250,2024-01-01,6
21877506574500,2024-01-01,57
21877506574750,2024-01-01,106
21877506575000,2024-01-01,7
21877506575250,2024-01-01,49
21877506575500,2024-01-01,17
21877506575750,2024-01-01,2
21877506576000,2024-01-01,55
21877506576250,2024-01-01,29
21877506576500,2024-01-01,69
21877506576750,2024-01-01,117
21880006567250,2024-01-01,2
21880006567500,2024-01-01,8
21880006568250,2024-01-01,1
21880006568500,2024-01-01,5
21880006569250,2024-01-01,5
21880006572500,2024-01-01,6
21880006573000,2024-01-01,6
21880006573250,2024-01-01,2
21880006573500,2024-01-01,7
21880006574000,2024-01-01,16
21880006574250,2024-01-01,137
21880006574500,2024-01-01,92
21880006574750,2024-01-01,90
21880006575000,2024-01-01,87
21880006575250,2024-01-01,137
21880006575500,2024-01-01,38
21880006575750,2024-01-01,9
21880006576250,2024-01-01,4
21880006576500,2024-01-01,6
21880006576750,2024-01-01,27
21882506567000,2024-01-01,5
21882506568250,2024-01-01,6
21882506569000,2024-01-01,6
21882506569250,2024-01-01,7
21882506569500,2024-01-01,2
21882506571000,2024-01-01,8
21882506572500,2024-01-01,19
21882506572750,2024-01-01,1
21882506573250,2024-01-01,23
21882506573750,2024-01-01,4
21882506574000,2024-01-01,89
21882506574250,2024-01-01,143
21882506574500,2024-01-01,95
21882506574750,2024-01-01,133
21882506575000,2024-01-01,125
21882506575250,2024-01-01,78
21882506575750,2024-01-01,9
21882506576750,2024-01-01,4
21885006567000,2024-01-01,1
21885006569500,2024-01-01,2
21885006570000,2024-01-01,12
21885006572000,2024-01-01,3
21885006573250,2024-01-01,2
21885006573500,2024-01-01,1
21885006574000,2024-01-01,66
21885006574250,2024-01-01,64
21885006574500,2024-01-01,16
21885006574750,2024-01-01,64
21885006575000,2024-01-01,131
21885006575250,2024-01-01,15
21885006575750,2024-01-01,38
21885006576000,2024-01-01,42
21885006576750,2024-01-01,7
21885006577750,2024-01-01,18
21885006584250,2024-01-01,4
21885006586250,2024-01-01,2
21885006586500,2024-01-01,3
21885006586750,2024-01-01,12
21885006598500,2024-01-01,1
21885006601000,2024-01-01,4
21887506567000,2024-01-01,2
21887506568750,2024-01-01,4
21887506570000,2024-01-01,5
21887506570250,2024-01-01,3
21887506572500,2024-01-01,2
21887506572750,2024-01-01,2
21887506574750,2024-01-01,23
21887506575500,2024-01-01,34
21887506575750,2024-01-01,65
21887506576000,2024-01-01,70
21887506576250,2024-01-01,46
21887506576750,2024-01-01,9
21887506577000,2024-01-01,2
21887506577500,2024-01-01,89
21887506577750,2024-01-01,90
21887506584000,2024-01-01,2
21887506584250,2024-01-01,3
21887506600750,2024-01-01,2
21890006568750,2024-01-01,2
21890006569750,2024-01-01,2
21890006570000,2024-01-01,7
21890006570500,2024-01-01,4
21890006571750,2024-01-01,3
21890006574000,2024-01-01,5
21890006575250,2024-01-01,3
21890006575500,2024-01-01,70
21890006575750,2024-01-01,131
21890006576000,2024-01-01,176
21890006576250,2024-01-01,102
21890006576500,2024-01-01,3
21890006576750,2024-01-01,19
21890006577000,2024-01-01,118
21890006577250,2024-01-01,172
21890006577500,2024-01-01,117
21890006577750,2024-01-01,89
21890006578000,2024-01-01,5
21890006581750,2024-01-01,2
21890006583750,2024-01-01,3
21890006584000,2024-01-01,17
21890006584250,2024-01-01,6
21890006585000,2024-01-01,3
21890006585250,2024-01-01,2
21890006599750,2024-01-01,2
21892506571000,2024-01-01,2
21892506573000,2024-01-01,11
21892506573750,2024-01-01,7
21892506574000,2024-01-01,47
21892506575250,2024-01-01,2
21892506575500,2024-01-01,96
21892506575750,2024-01-01,169
21892506576000,2024-01-01,101
21892506576500,2024-01-01,15
21892506576750,2024-01-01,185
21892506577000,2024-01-01,289
21892506577250,2024-01-01,153
21892506577500,2024-01-01,169
21892506577750,2024-01-01,61
21892506578000,2024-01-01,19
21892506579750,2024-01-01,7
21892506580000,2024-01-01,3
21892506580750,2024-01-01,2
21892506581500,2024-01-01,19
21892506581750,2024-01-01,3
21892506582750,2024-01-01,4
21892506583250,2024-01-01,3
21892506583750,2024-01-01,6
21892506584250,2024-01-01,3
21892506585000,2024-01-01,3
21895006568000,2024-01-01,2
21895006573000,2024-01-01,1
21895006573750,2024-01-01,1
21895006574000,2024-01-01,3
21895006575000,2024-01-01,1
21895006575250,2024-01-01,6
21895006575500,2024-01-01,134
21895006575750,2024-01-01,111
21895006576000,2024-01-01,86
21895006576250,2024-01-01,146
21895006576500,2024-01-01,85
21895006576750,2024-01-01,153
21895006577000,2024-01-01,118
21895006577250,2024-01-01,67
21895006577500,2024-01-01,174
21895006577750,2024-01-01,110
21895006578000,2024-01-01,129
21895006578750,2024-01-01,1
21895006579250,2024-01-01,3
21895006579500,2024-01-01,5
21895006580500,2024-01-01,4
21895006581000,2024-01-01,3
21895006581250,2024-01-01,5
21895006581500,2024-01-01,9
21895006582250,2024-01-01,6
21895006582500,2024-01-01,2
21895006582750,2024-01-01,7
21895006583000,2024-01-01,5
21895006583250,2024-01-01,1
21895006583500,2024-01-01,2
21895006583750,2024-01-01,5
21895006584500,2024-01-01,3
21895006585500,2024-01-01,1
21895006586000,2024-01-01,3
21897506568000,2024-01-01,1
21897506568250,2024-01-01,2
21897506571750,2024-01-01,3
21897506574000,2024-01-01,15
21897506574250,2024-01-01,22
21897506574500,2024-01-01,23
21897506574750,2024-01-01,34
21897506575250,2024-01-01,25
21897506575500,2024-01-01,122
21897506575750,2024-01-01,104
21897506576000,2024-01-01,144
21897506576250,2024-01-01,158
21897506576500,2024-01-01,13
21897506576750,2024-01-01,170
21897506577000,2024-01-01,216
21897506577250,2024-01-01,300
21897506577500,2024-01-01,386
21897506577750,2024-01-01,23
21897506578000,2024-01-01,3
21897506578250,2024-01-01,4
21897506578500,2024-01-01,6
21897506578750,2024-01-01,7
21897506579000,2024-01-01,1
21897506579250,2024-01-01,3
21897506579750,2024-01-01,4
21897506580000,2024-01-01,2
21897506582000,2024-01-01,17
21897506582250,2024-01-01,4
21897506582500,2024-01-01,14
21897506584500,2024-01-01,3
21897506597250,2024-01-01,5
21897506597500,2024-01-01,5
21897506598000,2024-01-01,2
21897506602000,2024-01-01,2
21900006566250,2024-01-01,8
21900006566500,2024-01-01,23
21900006574250,2024-01-01,87
21900006574500,2024-01-01,128
21900006574750,2024-01-01,91
21900006575000,2024-01-01,9
21900006575250,2024-01-01,55
21900006575500,2024-01-01,50
21900006575750,2024-01-01,53
21900006576000,2024-01-01,133
21900006576250,2024-01-01,36
21900006576500,2024-01-01,17
21900006576750,2024-01-01,54
21900006577000,2024-01-01,163
21900006577250,2024-01-01,45
21900006577500,2024-01-01,3
21900006578000,2024-01-01,7
21900006578250,2024-01-01,3
21900006579250,2024-01-01,3
21900006579500,2024-01-01,6
21900006581000,2024-01-01,5
21900006581250,2024-01-01,11
21900006581500,2024-01-01,21
21900006581750,2024-01-01,18
21900006582000,2024-01-01,5
21900006582500,2024-01-01,1
21900006582750,2024-01-01,9
21900006583000,2024-01-01,4
21900006583250,2024-01-01,3
21900006583500,2024-01-01,24
21900006583750,2024-01-01,4
21900006586000,2024-01-01,3
21900006586250,2024-01-01,2
21900006597000,2024-01-01,3
21900006603250,2024-01-01,3
21902506566500,2024-01-01,20
21902506568500,2024-01-01,1
21902506574000,2024-01-01,35
21902506574250,2024-01-01,193
21902506574500,2024-01-01,146
21902506574750,2024-01-01,45
21902506575000,2024-01-01,16
21902506575250,2024-01-01,60
21902506575500,2024-01-01,102
21902506575750,2024-01-01,96
21902506576000,2024-01-01,77
21902506576250,2024-01-01,105
21902506576500,2024-01-01,32
21902506576750,2024-01-01,102
21902506577000,2024-01-01,94
21902506577250,2024-01-01,5
21902506577750,2024-01-01,4
21902506578000,2024-01-01,11
21902506578500,2024-01-01,10
21902506578750,2024-01-01,10
21902506579000,2024-01-01,8
21902506579500,2024-01-01,4
21902506579750,2024-01-01,7
21902506580000,2024-01-01,16
21902506580250,2024-01-01,28
21902506580500,2024-01-01,74
21902506580750,2024-01-01,113
21902506581000,2024-01-01,4
21902506581250,2024-01-01,4
21902506581500,2024-01-01,3
21902506582750,2024-01-01,41
21902506583000,2024-01-01,8
21902506583500,2024-01-01,17
21902506583750,2024-01-01,15
21902506585500,2024-01-01,1
21902506586000,2024-01-01,2
21902506586250,2024-01-01,6
21902506587500,2024-01-01,4
21902506597750,2024-01-01,2
21902506602500,2024-01-01,4
21905006566250,2024-01-01,19
21905006566500,2024-01-01,51
21905006567250,2024-01-01,1
21905006568500,2024-01-01,10
21905006572750,2024-01-01,4
21905006573000,2024-01-01,55
21905006573250,2024-01-01,58
21905006573500,2024-01-01,14
21905006573750,2024-01-01,45
21905006574000,2024-01-01,167
21905006574250,2024-01-01,147
21905006574500,2024-01-01,78
21905006574750,2024-01-01,28
21905006575000,2024-01-01,20
21905006575250,2024-01-01,73
21905006575500,2024-01-01,146
21905006575750,2024-01-01,124
21905006576000,2024-01-01,132
21905006576250,2024-01-01,102
21905006576500,2024-01-01,13
21905006577000,2024-01-01,2
21905006577250,2024-01-01,4
21905006577750,2024-01-01,9
21905006578000,2024-01-01,34
21905006578250,2024-01-01,1
21905006579000,2024-01-01,23
21905006579250,2024-01-01,38
21905006579500,2024-01-01,95
21905006579750,2024-01-01,89
21905006580000,2024-01-01,53
21905006580250,2024-01-01,102
21905006580500,2024-01-01,73
21905006580750,2024-01-01,6
21905006581500,2024-01-01,11
21905006582250,2024-01-01,2
21905006582500,2024-01-01,48
21905006582750,2024-01-01,69
21905006583000,2024-01-01,19
21905006583250,2024-01-01,1
21905006583500,2024-01-01,4
21905006583750,2024-01-01,21
21905006584000,2024-01-01,6
21905006584250,2024-01-01,2
21905006584750,2024-01-01,6
21905006585000,2024-01-01,21
21905006585500,2024-01-01,3
21905006596250,2024-01-01,4
21907506566250,2024-01-01,11
21907506566500,2024-01-01,6
21907506567000,2024-01-01,8
21907506567250,2024-01-01,4
21907506568500,2024-01-01,1
21907506572750,2024-01-01,18
21907506573000,2024-01-01,93
21907506573250,2024-01-01,103
21907506573500,2024-01-01,98
21907506573750,2024-01-01,133
21907506574000,2024-01-01,74
21907506574250,2024-01-01,33
21907506575000,2024-01-01,30
21907506575250,2024-01-01,142
21907506575500,2024-01-01,83
21907506575750,2024-01-01,98
21907506576000,2024-01-01,43
21907506576250,2024-01-01,105
21907506576500,2024-01-01,187
21907506576750,2024-01-01,189
21907506577000,2024-01-01,17
21907506578250,2024-01-01,16
21907506578500,2024-01-01,16
21907506578750,2024-01-01,39
21907506579000,2024-01-01,7
21907506579250,2024-01-01,21
21907506579500,2024-01-01,15
21907506580250,2024-01-01,6
21907506581000,2024-01-01,4
21907506581250,2024-01-01,6
21907506581500,2024-01-01,2
21907506581750,2024-01-01,2
21907506582000,2024-01-01,3
21907506582250,2024-01-01,4
21907506582500,2024-01-01,9
21907506583000,2024-01-01,6
21907506583750,2024-01-01,7
21907506584000,2024-01-01,4
21907506584250,2024-01-01,8
21907506584500,2024-01-01,6
21907506584750,2024-01-01,6
21907506585000,2024-01-01,9
21907506585250,2024-01-01,6
21907506597000,2024-01-01,1
21910006567000,2024-01-01,2
21910006567750,2024-01-01,1
21910006568000,2024-01-01,3
21910006568250,2024-01-01,8
21910006573250,2024-01-01,19
21910006573500,2024-01-01,204
21910006573750,2024-01-01,106
21910006575000,2024-01-01,28
21910006575250,2024-01-01,117
21910006575500,2024-01-01,95
21910006575750,2024-01-01,141
21910006576000,2024-01-01,134
21910006576250,2024-01-01,159
21910006576500,2024-01-01,344
21910006576750,2024-01-01,181
21910006577000,2024-01-01,9
21910006577750,2024-01-01,3
21910006578000,2024-01-01,29
21910006578250,2024-01-01,15
21910006578500,2024-01-01,66
21910006578750,2024-01-01,21
21910006579500,2024-01-01,30
21910006579750,2024-01-01,15
21910006580000,2024-01-01,16
21910006580250,2024-01-01,7
21910006580500,2024-01-01,8
21910006580750,2024-01-01,5
21910006581000,2024-01-01,4
21910006581250,2024-01-01,3
21910006581750,2024-01-01,3
21910006584500,2024-01-01,1
21910006584750,2024-01-01,2
21910006585000,2024-01-01,1
21912506567750,2024-01-01,12
21912506568000,2024-01-01,10
21912506568250,2024-01-01,3
21912506572000,2024-01-01,1
21912506572500,2024-01-01,1
21912506574750,2024-01-01,74
21912506575000,2024-01-01,123
21912506575250,2024-01-01,192
21912506575500,2024-01-01,130
21912506575750,2024-01-01,115
21912506576000,2024-01-01,73
21912506576250,2024-01-01,1
21912506576500,2024-01-01,122
21912506576750,2024-01-01,491
21912506577000,2024-01-01,64
21912506577250,2024-01-01,106
21912506577500,2024-01-01,18
21912506577750,2024-01-01,16
21912506578500,2024-01-01,8
21912506578750,2024-01-01,54
21912506579000,2024-01-01,50
21912506579250,2024-01-01,35
21912506579500,2024-01-01,64
21912506579750,2024-01-01,41
21912506580000,2024-01-01,58
21912506580250,2024-01-01,2
21912506580500,2024-01-01,7
21912506581000,2024-01-01,3
21912506581250,2024-01-01,3
21912506581750,2024-01-01,11
21912506582000,2024-01-01,4
21915006566500,2024-01-01,3
21915006567500,2024-01-01,4
21915006568500,2024-01-01,8
21915006569250,2024-01-01,7
21915006570500,2024-01-01,1
21915006572250,2024-01-01,44
21915006572500,2024-01-01,76
21915006572750,2024-01-01,41
21915006573000,2024-01-01,92
21915006573250,2024-01-01,173
21915006573500,2024-01-01,19
21915006573750,2024-01-01,6
21915006574000,2024-01-01,71
21915006574250,2024-01-01,9
21915006574750,2024-01-01,108
21915006575000,2024-01-01,179
21915006575250,2024-01-01,179
21915006575500,2024-01-01,148
21915006575750,2024-01-01,101
21915006576000,2024-01-01,230
21915006576250,2024-01-01,107
21915006576500,2024-01-01,55
21915006576750,2024-01-01,95
21915006577000,2024-01-01,96
21915006577250,2024-01-01,95
21915006577750,2024-01-01,18
21915006578000,2024-01-01,87
21915006578250,2024-01-01,126
21915006578500,2024-01-01,123
21915006578750,2024-01-01,33
21915006579000,2024-01-01,109
21915006579250,2024-01-01,86
21915006579500,2024-01-01,94
21915006579750,2024-01-01,26
21915006580000,2024-01-01,1
21915006580250,2024-01-01,5
21915006580750,2024-01-01,1
21915006581000,2024-01-01,6
21915006581500,2024-01-01,3
21915006582000,2024-01-01,5
21915006596000,2024-01-01,2
21917506566750,2024-01-01,31
21917506567000,2024-01-01,2
21917506567500,2024-01-01,2
21917506567750,2024-01-01,8
21917506568250,2024-01-01,29
21917506568500,2024-01-01,29
21917506568750,2024-01-01,70
21917506569000,2024-01-01,96
21917506569250,2024-01-01,223
21917506569500,2024-01-01,210
21917506570000,2024-01-01,2
21917506570500,2024-01-01,2
21917506571250,2024-01-01,6
21917506571750,2024-01-01,19
21917506572000,2024-01-01,51
21917506572250,2024-01-01,44
21917506572500,2024-01-01,100
21917506572750,2024-01-01,92
21917506573000,2024-01-01,114
21917506573250,2024-01-01,69
21917506573500,2024-01-01,144
21917506573750,2024-01-01,79
21917506574000,2024-01-01,202
21917506574250,2024-01-01,65
21917506574500,2024-01-01,55
21917506574750,2024-01-01,68
21917506575000,2024-01-01,268
21917506575250,2024-01-01,141
21917506575500,2024-01-01,68
21917506575750,2024-01-01,168
21917506576000,2024-01-01,211
21917506576250,2024-01-01,253
21917506576500,2024-01-01,165
21917506576750,2024-01-01,99
21917506577250,2024-01-01,41
21917506577500,2024-01-01,117
21917506577750,2024-01-01,163
21917506578000,2024-01-01,107
21917506578250,2024-01-01,112
21917506578500,2024-01-01,97
21917506578750,2024-01-01,3
21917506579000,2024-01-01,4
21917506580250,2024-01-01,4
21917506580500,2024-01-01,8
21917506581500,2024-01-01,1
21917506595750,2024-01-01,1
21920006566750,2024-01-01,12
21920006567000,2024-01-01,67
21920006567250,2024-01-01,17
21920006567500,2024-01-01,15
21920006568000,2024-01-01,1
21920006568250,2024-01-01,5
21920006568500,2024-01-01,44
21920006568750,2024-01-01,216
21920006569000,2024-01-01,236
21920006569250,2024-01-01,102
21920006569500,2024-01-01,86
21920006570000,2024-01-01,2
21920006570250,2024-01-01,5
21920006570750,2024-01-01,7
21920006571250,2024-01-01,3
21920006571750,2024-01-01,76
21920006572000,2024-01-01,7
21920006572250,2024-01-01,26
21920006572500,2024-01-01,17
21920006572750,2024-01-01,27
21920006573000,2024-01-01,171
21920006573250,2024-01-01,254
21920006573500,2024-01-01,114
21920006573750,2024-01-01,100
21920006574000,2024-01-01,151
21920006574250,2024-01-01,247
21920006574500,2024-01-01,207
21920006574750,2024-01-01,27
21920006575000,2024-01-01,191
21920006575250,2024-01-01,403
21920006575500,2024-01-01,97
21920006575750,2024-01-01,315
21920006576000,2024-01-01,377
21920006576250,2024-01-01,449
21920006576500,2024-01-01,269
21920006576750,2024-01-01,80
21920006577000,2024-01-01,47
21920006577250,2024-01-01,149
21920006577500,2024-01-01,130
21920006577750,2024-01-01,59
21920006578000,2024-01-01,5
21920006578500,2024-01-01,8
21920006578750,2024-01-01,2
21920006579500,2024-01-01,3
21920006580000,2024-01-01,2
21920006580250,2024-01-01,6
21920006580500,2024-01-01,5
21920006580750,2024-01-01,4
21920006581500,2024-01-01,11
21920006581750,2024-01-01,6
21922506567000,2024-01-01,53
21922506567250,2024-01-01,147
21922506567500,2024-01-01,31
21922506568500,2024-01-01,49
21922506568750,2024-01-01,110
21922506569250,2024-01-01,305
21922506569500,2024-01-01,195
21922506569750,2024-01-01,68
21922506570250,2024-01-01,2
21922506570500,2024-01-01,6
21922506570750,2024-01-01,14
21922506571750,2024-01-01,17
21922506572000,2024-01-01,104
21922506572250,2024-01-01,111
21922506572500,2024-01-01,176
21922506572750,2024-01-01,147
21922506573000,2024-01-01,75
21922506573250,2024-01-01,150
21922506573500,2024-01-01,200
21922506573750,2024-01-01,162
21922506574000,2024-01-01,229
21922506574250,2024-01-01,172
21922506574750,2024-01-01,374
21922506575000,2024-01-01,128
21922506575250,2024-01-01,21
21922506575500,2024-01-01,185
21922506575750,2024-01-01,191
21922506576000,2024-01-01,187
21922506576250,2024-01-01,233
21922506576500,2024-01-01,94
21922506576750,2024-01-01,102
21922506577250,2024-01-01,5
21922506577500,2024-01-01,11
21922506577750,2024-01-01,59
21922506578000,2024-01-01,107
21922506578250,2024-01-01,63
21922506578750,2024-01-01,2
21922506579250,2024-01-01,6
21922506579500,2024-01-01,2
21922506579750,2024-01-01,2
21922506580000,2024-01-01,5
21922506580500,2024-01-01,5
21922506580750,2024-01-01,3
21922506582250,2024-01-01,1
21922506582750,2024-01-01,4
21925006567250,2024-01-01,22
21925006567500,2024-01-01,59
21925006568000,2024-01-01,32
21925006568500,2024-01-01,76
21925006568750,2024-01-01,92
21925006569000,2024-01-01,99
21925006569250,2024-01-01,27
21925006569500,2024-01-01,148
21925006569750,2024-01-01,28
21925006570000,2024-01-01,11
21925006570250,2024-01-01,6
21925006571750,2024-01-01,49
21925006572000,2024-01-01,204
21925006572250,2024-01-01,177
21925006572500,2024-01-01,143
21925006572750,2024-01-01,117
21925006573000,2024-01-01,107
21925006573250,2024-01-01,170
21925006573500,2024-01-01,177
21925006573750,2024-01-01,258
21925006574000,2024-01-01,149
21925006574500,2024-01-01,1
21925006574750,2024-01-01,33
21925006575000,2024-01-01,61
21925006575250,2024-01-01,234
21925006575500,2024-01-01,172
21925006575750,2024-01-01,191
21925006576000,2024-01-01,179
21925006576250,2024-01-01,76
21925006576500,2024-01-01,119
21925006576750,2024-01-01,157
21925006577000,2024-01-01,51
21925006577500,2024-01-01,8
21925006579000,2024-01-01,7
21925006579250,2024-01-01,4
21925006579500,2024-01-01,1
21925006580250,2024-01-01,8
21925006580500,2024-01-01,7
21925006580750,2024-01-01,6
21925006581000,2024-01-01,2
21925006581250,2024-01-01,1
21925006581500,2024-01-01,7
21925006582000,2024-01-01,1
21925006582250,2024-01-01,2
21925006582500,2024-01-01,18
21925006582750,2024-01-01,4
21927506567500,2024-01-01,2
21927506567750,2024-01-01,16
21927506568000,2024-01-01,24
21927506568250,2024-01-01,26
21927506568500,2024-01-01,146
21927506568750,2024-01-01,162
21927506569000,2024-01-01,198
21927506569250,2024-01-01,64
21927506569500,2024-01-01,156
21927506569750,2024-01-01,19
21927506570000,2024-01-01,9
21927506570250,2024-01-01,37
21927506570500,2024-01-01,121
21927506570750,2024-01-01,17
21927506571500,2024-01-01,1
21927506571750,2024-01-01,4
21927506572000,2024-01-01,152
21927506572250,2024-01-01,110
21927506572500,2024-01-01,25
21927506572750,2024-01-01,10
21927506573000,2024-01-01,135
21927506573250,2024-01-01,112
21927506573500,2024-01-01,87
21927506573750,2024-01-01,100
21927506574000,2024-01-01,44
21927506574250,2024-01-01,24
21927506574500,2024-01-01,148
21927506574750,2024-01-01,193
21927506575000,2024-01-01,205
21927506575250,2024-01-01,186
21927506575500,2024-01-01,135
21927506575750,2024-01-01,56
21927506576000,2024-01-01,61
21927506576250,2024-01-01,73
21927506576500,2024-01-01,87
21927506576750,2024-01-01,16
21927506578750,2024-01-01,13
21927506579000,2024-01-01,7
21927506579750,2024-01-01,1
21927506580000,2024-01-01,12
21927506580250,2024-01-01,8
21927506580500,2024-01-01,7
21927506580750,2024-01-01,2
21927506581000,2024-01-01,3
21927506581250,2024-01-01,3
21927506581500,2024-01-01,1
21927506581750,2024-01-01,7
21927506582000,2024-01-01,6
21927506582250,2024-01-01,3
21927506582500,2024-01-01,1
21930006566750,2024-01-01,53
21930006567000,2024-01-01,167
21930006567250,2024-01-01,19
21930006567500,2024-01-01,78
21930006567750,2024-01-01,157
21930006568000,2024-01-01,123
21930006568250,2024-01-01,75
21930006568500,2024-01-01,124
21930006568750,2024-01-01,23
21930006569000,2024-01-01,49
21930006569250,2024-01-01,123
21930006569500,2024-01-01,114
21930006569750,2024-01-01,121
21930006570000,2024-01-01,89
21930006570250,2024-01-01,61
21930006570500,2024-01-01,211
21930006570750,2024-01-01,150
21930006571000,2024-01-01,15
21930006571500,2024-01-01,6
21930006571750,2024-01-01,37
21930006572000,2024-01-01,59
21930006573250,2024-01-01,3
21930006573500,2024-01-01,54
21930006573750,2024-01-01,207
21930006574000,2024-01-01,113
21930006574250,2024-01-01,128
21930006574500,2024-01-01,171
21930006574750,2024-01-01,125
21930006575000,2024-01-01,138
21930006575250,2024-01-01,124
21930006575500,2024-01-01,176
21930006575750,2024-01-01,114
21930006576000,2024-01-01,185
21930006576250,2024-01-01,141
21930006576500,2024-01-01,33
21930006578500,2024-01-01,2
21930006578750,2024-01-01,24
21930006579500,2024-01-01,8
21930006579750,2024-01-01,1
21930006581000,2024-01-01,2
21930006581250,2024-01-01,2
21932506560500,2024-01-01,2
21932506561250,2024-01-01,3
21932506561750,2024-01-01,2
21932506562000,2024-01-01,7
21932506562500,2024-01-01,1
21932506564250,2024-01-01,3
21932506564500,2024-01-01,50
21932506564750,2024-01-01,52
21932506566250,2024-01-01,21
21932506566500,2024-01-01,63
21932506566750,2024-01-01,184
21932506567000,2024-01-01,194
21932506567250,2024-01-01,111
21932506567500,2024-01-01,70
21932506567750,2024-01-01,93
21932506568000,2024-01-01,223
21932506568250,2024-01-01,171
21932506568500,2024-01-01,35
21932506568750,2024-01-01,206
21932506569000,2024-01-01,81
21932506569250,2024-01-01,152
21932506569500,2024-01-01,194
21932506569750,2024-01-01,187
21932506570000,2024-01-01,118
21932506570250,2024-01-01,90
21932506570500,2024-01-01,68
21932506570750,2024-01-01,109
21932506571000,2024-01-01,150
21932506571250,2024-01-01,67
21932506571500,2024-01-01,11
21932506571750,2024-01-01,33
21932506572000,2024-01-01,8
21932506572250,2024-01-01,13
21932506572500,2024-01-01,68
21932506572750,2024-01-01,77
21932506573000,2024-01-01,142
21932506573250,2024-01-01,111
21932506573500,2024-01-01,45
21932506573750,2024-01-01,86
21932506574000,2024-01-01,80
21932506574250,2024-01-01,200
21932506574500,2024-01-01,135
21932506574750,2024-01-01,136
21932506575000,2024-01-01,147
21932506575250,2024-01-01,144
21932506575500,2024-01-01,80
21932506575750,2024-01-01,62
21932506576000,2024-01-01,19
21932506576250,2024-01-01,1
21932506578250,2024-01-01,4
21932506578500,2024-01-01,17
21932506578750,2024-01-01,10
21932506580750,2024-01-01,4
21932506581250,2024-01-01,7
21935006560750,2024-01-01,2
21935006561250,2024-01-01,8
21935006562250,2024-01-01,16
21935006562500,2024-01-01,13
21935006564000,2024-01-01,16
21935006564250,2024-01-01,91
21935006564500,2024-01-01,179
21935006564750,2024-01-01,79
21935006565000,2024-01-01,11
21935006566000,2024-01-01,30
21935006566250,2024-01-01,149
21935006566500,2024-01-01,185
21935006566750,2024-01-01,153
21935006567000,2024-01-01,136
21935006567250,2024-01-01,9
21935006567500,2024-01-01,139
21935006568000,2024-01-01,52
21935006568250,2024-01-01,294
21935006568500,2024-01-01,162
21935006568750,2024-01-01,103
21935006569000,2024-01-01,69
21935006569250,2024-01-01,65
21935006569500,2024-01-01,131
21935006569750,2024-01-01,178
21935006570000,2024-01-01,97
21935006570250,2024-01-01,21
21935006570750,2024-01-01,21
21935006571000,2024-01-01,81
21935006571250,2024-01-01,8
21935006571500,2024-01-01,1
21935006572000,2024-01-01,21
21935006572250,2024-01-01,139
21935006572500,2024-01-01,134
21935006572750,2024-01-01,129
21935006573000,2024-01-01,116
21935006573250,2024-01-01,2
21935006573500,2024-01-01,2
21935006573750,2024-01-01,8
21935006574000,2024-01-01,129
21935006574250,2024-01-01,40
21935006574500,2024-01-01,125
21935006574750,2024-01-01,72
21935006575000,2024-01-01,46
21935006575250,2024-01-01,9
21935006577000,2024-01-01,5
21935006577500,2024-01-01,5
21935006577750,2024-01-01,10
21935006578250,2024-01-01,25
21935006578500,2024-01-01,8
21935006578750,2024-01-01,22
21935006581000,2024-01-01,12
21937506560000,2024-01-01,3
21937506560250,2024-01-01,3
21937506560750,2024-01-01,4
21937506561250,2024-01-01,6
21937506561500,2024-01-01,2
21937506561750,2024-01-01,12
21937506562000,2024-01-01,1
21937506563750,2024-01-01,46
21937506564000,2024-01-01,141
21937506564250,2024-01-01,152
21937506564500,2024-01-01,142
21937506564750,2024-01-01,166
21937506565000,2024-01-01,84
21937506565250,2024-01-01,12
21937506565500,2024-01-01,42
21937506565750,2024-01-01,24
21937506566000,2024-01-01,97
21937506566250,2024-01-01,149
21937506566500,2024-01-01,142
21937506566750,2024-01-01,120
21937506567000,2024-01-01,223
21937506567250,2024-01-01,123
21937506567500,2024-01-01,232
21937506567750,2024-01-01,324
21937506568000,2024-01-01,113
21937506568250,2024-01-01,197
21937506568500,2024-01-01,154
21937506568750,2024-01-01,186
21937506569000,2024-01-01,191
21937506569250,2024-01-01,132
21937506569500,2024-01-01,171
21937506569750,2024-01-01,89
21937506570000,2024-01-01,3
21937506570250,2024-01-01,2
21937506570500,2024-01-01,162
21937506570750,2024-01-01,11
21937506571750,2024-01-01,75
21937506572000,2024-01-01,140
21937506572250,2024-01-01,153
21937506572500,2024-01-01,95
21937506572750,2024-01-01,20
21937506573000,2024-01-01,2
21937506573250,2024-01-01,4
21937506573500,2024-01-01,16
21937506573750,2024-01-01,3
21937506574000,2024-01-01,6
21937506574250,2024-01-01,3
21937506574500,2024-01-01,9
21937506574750,2024-01-01,2
21937506575000,2024-01-01,10
21937506575250,2024-01-01,6
21937506576500,2024-01-01,5
21937506576750,2024-01-01,21
21937506577000,2024-01-01,6
21937506577250,2024-01-01,21
21937506577500,2024-01-01,12
21937506577750,2024-01-01,7
21937506578000,2024-01-01,10
21937506578500,2024-01-01,2
21937506578750,2024-01-01,11
21937506579000,2024-01-01,4
21937506579250,2024-01-01,2
21937506580000,2024-01-01,2
21937506580250,2024-01-01,3
21937506581000,2024-01-01,4
21940006560000,2024-01-01,2
21940006560250,2024-01-01,20
21940006560750,2024-01-01,5
21940006561000,2024-01-01,21
21940006561250,2024-01-01,10
21940006561500,2024-01-01,17
21940006561750,2024-01-01,2
21940006562000,2024-01-01,6
21940006562250,2024-01-01,5
21940006563750,2024-01-01,84
21940006564000,2024-01-01,106
21940006564250,2024-01-01,92
21940006564500,2024-01-01,231
21940006564750,2024-01-01,65
21940006565000,2024-01-01,49
21940006565250,2024-01-01,60
21940006565500,2024-01-01,54
21940006565750,2024-01-01,80
21940006566000,2024-01-01,108
21940006566250,2024-01-01,163
21940006566500,2024-01-01,128
21940006566750,2024-01-01,109
21940006567000,2024-01-01,248
21940006567250,2024-01-01,159
21940006567500,2024-01-01,169
21940006567750,2024-01-01,92
21940006568000,2024-01-01,130
21940006568250,2024-01-01,151
21940006568500,2024-01-01,220
21940006568750,2024-01-01,170
21940006569000,2024-01-01,82
21940006569250,2024-01-01,32
21940006569500,2024-01-01,23
21940006570000,2024-01-01,2
21940006570250,2024-01-01,26
21940006570500,2024-01-01,144
21940006570750,2024-01-01,117
21940006571000,2024-01-01,38
21940006571250,2024-01-01,51
21940006571500,2024-01-01,110
21940006571750,2024-01-01,154
21940006572000,2024-01-01,75
21940006572250,2024-01-01,34
21940006572500,2024-01-01,10
21940006572750,2024-01-01,13
21940006573000,2024-01-01,7
21940006573250,2024-01-01,14
21940006573500,2024-01-01,2
21940006573750,2024-01-01,5
21940006576000,2024-01-01,14
21940006576250,2024-01-01,23
21940006576500,2024-01-01,69
21940006576750,2024-01-01,63
21940006577000,2024-01-01,4
21940006577250,2024-01-01,2
21940006578000,2024-01-01,13
21940006578250,2024-01-01,8
21940006578500,2024-01-01,3
21940006578750,2024-01-01,20
21940006579000,2024-01-01,5
21940006579250,2024-01-01,6
21940006580250,2024-01-01,2
21940006581000,2024-01-01,10
21940006581250,2024-01-01,4
21942506560000,2024-01-01,3
21942506560250,2024-01-01,9
21942506561500,2024-01-01,3
21942506561750,2024-01-01,3
21942506562750,2024-01-01,1
21942506563000,2024-01-01,5
21942506563750,2024-01-01,136
21942506564000,2024-01-01,93
21942506564250,2024-01-01,41
21942506564500,2024-01-01,77
21942506564750,2024-01-01,92
21942506565000,2024-01-01,166
21942506565250,2024-01-01,100
21942506565500,2024-01-01,69
21942506565750,2024-01-01,157
21942506566000,2024-01-01,171
21942506566250,2024-01-01,149
21942506566500,2024-01-01,173
21942506566750,2024-01-01,62
21942506567000,2024-01-01,140
21942506567250,2024-01-01,194
21942506567500,2024-01-01,205
21942506567750,2024-01-01,117
21942506568000,2024-01-01,78
21942506568250,2024-01-01,57
21942506568500,2024-01-01,50
21942506568750,2024-01-01,58
21942506569000,2024-01-01,58
21942506569250,2024-01-01,74
21942506569500,2024-01-01,71
21942506570000,2024-01-01,4
21942506570250,2024-01-01,16
21942506570500,2024-01-01,102
21942506570750,2024-01-01,162
21942506571000,2024-01-01,173
21942506571250,2024-01-01,145
21942506571500,2024-01-01,151
21942506571750,2024-01-01,137
21942506572000,2024-01-01,76
21942506572250,2024-01-01,13
21942506572750,2024-01-01,8
21942506576000,2024-01-01,8
21942506576250,2024-01-01,2
21942506576500,2024-01-01,10
21942506576750,2024-01-01,51
21942506577000,2024-01-01,1
21942506577500,2024-01-01,9
21942506578000,2024-01-01,2
21942506578500,2024-01-01,31
21942506578750,2024-01-01,11
21942506579000,2024-01-01,2
21942506579500,2024-01-01,13
21942506579750,2024-01-01,4
21942506580000,2024-01-01,2
21942506580250,2024-01-01,5
21942506580500,2024-01-01,3
21945006560500,2024-01-01,9
21945006560750,2024-01-01,2
21945006561000,2024-01-01,63
21945006561250,2024-01-01,174
21945006561500,2024-01-01,7
21945006562500,2024-01-01,1
21945006563000,2024-01-01,51
21945006563250,2024-01-01,51
21945006563750,2024-01-01,177
21945006564000,2024-01-01,28
21945006564250,2024-01-01,54
21945006564500,2024-01-01,149
21945006564750,2024-01-01,241
21945006565000,2024-01-01,221
21945006565250,2024-01-01,128
21945006565500,2024-01-01,111
21945006565750,2024-01-01,67
21945006566000,2024-01-01,15
21945006566750,2024-01-01,133
21945006567000,2024-01-01,159
21945006567250,2024-01-01,134
21945006567500,2024-01-01,139
21945006567750,2024-01-01,68
21945006568000,2024-01-01,73
21945006568250,2024-01-01,141
21945006568500,2024-01-01,216
21945006568750,2024-01-01,208
21945006569000,2024-01-01,142
21945006569250,2024-01-01,174
21945006569500,2024-01-01,126
21945006569750,2024-01-01,23
21945006570250,2024-01-01,11
21945006570500,2024-01-01,72
21945006570750,2024-01-01,168
21945006571000,2024-01-01,149
21945006571250,2024-01-01,148
21945006571500,2024-01-01,61
21945006572000,2024-01-01,2
21945006572250,2024-01-01,16
21945006575250,2024-01-01,1
21945006575500,2024-01-01,5
21945006575750,2024-01-01,6
21945006576250,2024-01-01,10
21945006576500,2024-01-01,9
21945006577250,2024-01-01,3
21945006577750,2024-01-01,3
21945006578250,2024-01-01,3
21945006578750,2024-01-01,2
21945006579250,2024-01-01,6
21945006580500,2024-01-01,5
21945006580750,2024-01-01,4
21945006581000,2024-01-01,11
21947506558250,2024-01-01,25
21947506560500,2024-01-01,18
21947506560750,2024-01-01,54
21947506561000,2024-01-01,76
21947506561250,2024-01-01,112
21947506561500,2024-01-01,98
21947506561750,2024-01-01,14
21947506562500,2024-01-01,11
21947506562750,2024-01-01,59
21947506563000,2024-01-01,108
21947506563250,2024-01-01,37
21947506563500,2024-01-01,16
21947506563750,2024-01-01,78
21947506564000,2024-01-01,77
21947506564250,2024-01-01,128
21947506564500,2024-01-01,9
21947506564750,2024-01-01,190
21947506565000,2024-01-01,14
21947506565250,2024-01-01,23
21947506565500,2024-01-01,41
21947506566750,2024-01-01,103
21947506567000,2024-01-01,185
21947506567250,2024-01-01,35
21947506567500,2024-01-01,118
21947506567750,2024-01-01,33
21947506568000,2024-01-01,120
21947506568250,2024-01-01,327
21947506568500,2024-01-01,252
21947506568750,2024-01-01,55
21947506569000,2024-01-01,198
21947506569250,2024-01-01,201
21947506569500,2024-01-01,212
21947506569750,2024-01-01,138
21947506570000,2024-01-01,79
21947506570250,2024-01-01,77
21947506570750,2024-01-01,47
21947506571000,2024-01-01,76
21947506571250,2024-01-01,45
21947506571500,2024-01-01,14
21947506572250,2024-01-01,5
21947506572750,2024-01-01,3
21947506574750,2024-01-01,7
21947506575000,2024-01-01,6
21947506575250,2024-01-01,7
21947506576500,2024-01-01,3
21947506578250,2024-01-01,6
21947506578500,2024-01-01,6
21947506578750,2024-01-01,1
21947506579000,2024-01-01,2
21947506579250,2024-01-01,2
21947506579500,2024-01-01,3
21947506579750,2024-01-01,5
21947506580500,2024-01-01,2
21947506586500,2024-01-01,1
21947506586750,2024-01-01,2
21947506587000,2024-01-01,18
21950006558000,2024-01-01,3
21950006558250,2024-01-01,41
21950006558750,2024-01-01,4
21950006560250,2024-01-01,21
21950006560500,2024-01-01,12
21950006560750,2024-01-01,98
21950006561000,2024-01-01,103
21950006561250,2024-01-01,136
21950006561500,2024-01-01,94
21950006561750,2024-01-01,143
21950006562000,2024-01-01,25
21950006562250,2024-01-01,15
21950006562500,2024-01-01,89
21950006562750,2024-01-01,162
21950006563000,2024-01-01,152
21950006563750,2024-01-01,24
21950006564000,2024-01-01,187
21950006564250,2024-01-01,204
21950006564500,2024-01-01,137
21950006565250,2024-01-01,48
21950006565500,2024-01-01,3
21950006566750,2024-01-01,93
21950006567000,2024-01-01,146
21950006567250,2024-01-01,50
21950006567500,2024-01-01,37
21950006568000,2024-01-01,27
21950006568250,2024-01-01,253
21950006568500,2024-01-01,205
21950006568750,2024-01-01,121
21950006569000,2024-01-01,44
21950006569500,2024-01-01,56
21950006569750,2024-01-01,132
21950006570000,2024-01-01,165
21950006570250,2024-01-01,110
21950006570500,2024-01-01,241
21950006570750,2024-01-01,42
21950006571250,2024-01-01,7
21950006571750,2024-01-01,3
21950006572000,2024-01-01,4
21950006574500,2024-01-01,3
21950006574750,2024-01-01,23
21950006575000,2024-01-01,13
21950006577000,2024-01-01,1
21950006577250,2024-01-01,4
21950006578750,2024-01-01,4
21950006579000,2024-01-01,2
21950006579250,2024-01-01,10
21950006579500,2024-01-01,4
21950006579750,2024-01-01,3
21950006580000,2024-01-01,1
21950006580500,2024-01-01,3
21950006581000,2024-01-01,8
21950006581250,2024-01-01,4
21950006586500,2024-01-01,13
21950006586750,2024-01-01,4
21950006587000,2024-01-01,5
21950006587250,2024-01-01,4
21950006587500,2024-01-01,1
21952506558250,2024-01-01,37
21952506558500,2024-01-01,8
21952506558750,2024-01-01,66
21952506559500,2024-01-01,8
21952506559750,2024-01-01,13
21952506560000,2024-01-01,14
21952506560250,2024-01-01,34
21952506560500,2024-01-01,33
21952506560750,2024-01-01,123
21952506561000,2024-01-01,110
21952506561250,2024-01-01,76
21952506561500,2024-01-01,2
21952506562000,2024-01-01,16
21952506562250,2024-01-01,50
21952506562500,2024-01-01,127
21952506562750,2024-01-01,67
21952506563000,2024-01-01,69
21952506563250,2024-01-01,15
21952506563500,2024-01-01,39
21952506563750,2024-01-01,82
21952506564000,2024-01-01,96
21952506564250,2024-01-01,114
21952506564500,2024-01-01,32
21952506564750,2024-01-01,3
21952506565000,2024-01-01,19
21952506565250,2024-01-01,76
21952506566500,2024-01-01,32
21952506566750,2024-01-01,163
21952506567000,2024-01-01,123
21952506567250,2024-01-01,26
21952506567500,2024-01-01,4
21952506568000,2024-01-01,52
21952506568250,2024-01-01,36
21952506568500,2024-01-01,172
21952506568750,2024-01-01,220
21952506569000,2024-01-01,150
21952506569500,2024-01-01,3
21952506569750,2024-01-01,122
21952506570000,2024-01-01,114
21952506570250,2024-01-01,59
21952506570500,2024-01-01,55
21952506570750,2024-01-01,31
21952506571000,2024-01-01,9
21952506572750,2024-01-01,4
21952506574250,2024-01-01,3
21952506574500,2024-01-01,14
21952506574750,2024-01-01,2
21952506577000,2024-01-01,4
21952506578750,2024-01-01,5
21952506579000,2024-01-01,4
21952506579250,2024-01-01,14
21952506579750,2024-01-01,4
21952506580000,2024-01-01,10
21952506587250,2024-01-01,9
21952506587500,2024-01-01,3
21955006557750,2024-01-01,3
21955006558000,2024-01-01,33
21955006558250,2024-01-01,106
21955006558500,2024-01-01,46
21955006558750,2024-01-01,8
21955006559250,2024-01-01,9
21955006559500,2024-01-01,74
21955006559750,2024-01-01,24
21955006560250,2024-01-01,88
21955006560500,2024-01-01,196
21955006560750,2024-01-01,135
21955006561000,2024-01-01,96
21955006561250,2024-01-01,153
21955006561500,2024-01-01,120
21955006561750,2024-01-01,115
21955006562000,2024-01-01,116
21955006562250,2024-01-01,145
21955006562500,2024-01-01,125
21955006562750,2024-01-01,45
21955006563000,2024-01-01,8
21955006563250,2024-01-01,101
21955006563500,2024-01-01,118
21955006563750,2024-01-01,86
21955006564000,2024-01-01,73
21955006564250,2024-01-01,100
21955006564500,2024-01-01,7
21955006564750,2024-01-01,2
21955006565000,2024-01-01,3
21955006566250,2024-01-01,2
21955006566500,2024-01-01,4
21955006566750,2024-01-01,64
21955006567000,2024-01-01,24
21955006567500,2024-01-01,6
21955006567750,2024-01-01,8
21955006568250,2024-01-01,2
21955006568500,2024-01-01,92
21955006568750,2024-01-01,100
21955006569000,2024-01-01,175
21955006569250,2024-01-01,20
21955006570250,2024-01-01,5
21955006570500,2024-01-01,13
21955006570750,2024-01-01,5
21955006571000,2024-01-01,10
21955006571250,2024-01-01,9
21955006572750,2024-01-01,5
21955006573250,2024-01-01,3
21955006574000,2024-01-01,2
21955006574250,2024-01-01,4
21955006579000,2024-01-01,13
21955006579250,2024-01-01,27
21955006579500,2024-01-01,1
21955006580000,2024-01-01,11
21955006580250,2024-01-01,3
21955006587000,2024-01-01,6
21955006587250,2024-01-01,5
21955006587500,2024-01-01,2
21957506557750,2024-01-01,92
21957506558000,2024-01-01,195
21957506558250,2024-01-01,57
21957506558500,2024-01-01,76
21957506558750,2024-01-01,48
21957506559500,2024-01-01,10
21957506559750,2024-01-01,2
21957506560250,2024-01-01,39
21957506560500,2024-01-01,48
21957506560750,2024-01-01,99
21957506561000,2024-01-01,70
21957506561250,2024-01-01,95
21957506561500,2024-01-01,152
21957506561750,2024-01-01,125
21957506562000,2024-01-01,88
21957506562250,2024-01-01,118
21957506562500,2024-01-01,66
21957506562750,2024-01-01,51
21957506563000,2024-01-01,125
21957506563250,2024-01-01,32
21957506563500,2024-01-01,36
21957506563750,2024-01-01,109
21957506564000,2024-01-01,101
21957506564250,2024-01-01,83
21957506564750,2024-01-01,3
21957506565000,2024-01-01,12
21957506565250,2024-01-01,53
21957506565500,2024-01-01,56
21957506566500,2024-01-01,4
21957506566750,2024-01-01,7
21957506567250,2024-01-01,1
21957506567500,2024-01-01,3
21957506568250,2024-01-01,4
21957506568500,2024-01-01,2
21957506568750,2024-01-01,14
21957506569000,2024-01-01,9
21957506569250,2024-01-01,159
21957506570000,2024-01-01,10
21957506570500,2024-01-01,1
21957506570750,2024-01-01,3
21957506571000,2024-01-01,2
21957506572750,2024-01-01,2
21957506573000,2024-01-01,4
21957506573250,2024-01-01,4
21957506574000,2024-01-01,7
21957506574250,2024-01-01,7
21957506579000,2024-01-01,5
21957506579250,2024-01-01,2
21957506579500,2024-01-01,4
21957506587000,2024-01-01,2
21957506587250,2024-01-01,27
21957506587500,2024-01-01,13
21957506587750,2024-01-01,11
21957506588000,2024-01-01,7
21960006557750,2024-01-01,84
21960006558000,2024-01-01,179
21960006558250,2024-01-01,197
21960006558500,2024-01-01,168
21960006558750,2024-01-01,20
21960006560500,2024-01-01,161
21960006560750,2024-01-01,74
21960006561000,2024-01-01,4
21960006561250,2024-01-01,88
21960006561500,2024-01-01,127
21960006561750,2024-01-01,105
21960006562000,2024-01-01,125
21960006562250,2024-01-01,54
21960006562500,2024-01-01,60
21960006562750,2024-01-01,29
21960006563000,2024-01-01,107
21960006563250,2024-01-01,26
21960006563750,2024-01-01,41
21960006564000,2024-01-01,149
21960006564250,2024-01-01,61
21960006564500,2024-01-01,29
21960006564750,2024-01-01,15
21960006565000,2024-01-01,87
21960006565250,2024-01-01,115
21960006565500,2024-01-01,92
21960006565750,2024-01-01,40
21960006566250,2024-01-01,4
21960006566500,2024-01-01,7
21960006567750,2024-01-01,4
21960006568000,2024-01-01,13
21960006568250,2024-01-01,27
21960006568500,2024-01-01,4
21960006568750,2024-01-01,12
21960006569000,2024-01-01,6
21960006569250,2024-01-01,85
21960006569500,2024-01-01,9
21960006569750,2024-01-01,11
21960006570500,2024-01-01,4
21960006571500,2024-01-01,5
21960006571750,2024-01-01,3
21960006572000,2024-01-01,5
21960006572250,2024-01-01,13
21960006572500,2024-01-01,8
21960006572750,2024-01-01,13
21960006573250,2024-01-01,1
21960006573750,2024-01-01,4
21960006574000,2024-01-01,5
21960006574250,2024-01-01,2
21960006586000,2024-01-01,3
21960006586250,2024-01-01,1
21960006586500,2024-01-01,1
21960006587000,2024-01-01,9
21960006587250,2024-01-01,5
21960006587500,2024-01-01,3
21960006588000,2024-01-01,7
21962506557750,2024-01-01,108
21962506558000,2024-01-01,76
21962506558250,2024-01-01,120
21962506558500,2024-01-01,22
21962506561750,2024-01-01,35
21962506562000,2024-01-01,28
21962506562250,2024-01-01,3
21962506563000,2024-01-01,20
21962506563250,2024-01-01,89
21962506563500,2024-01-01,45
21962506563750,2024-01-01,34
21962506564000,2024-01-01,60
21962506564250,2024-01-01,49
21962506564500,2024-01-01,141
21962506564750,2024-01-01,36
21962506565000,2024-01-01,62
21962506565250,2024-01-01,117
21962506565500,2024-01-01,147
21962506565750,2024-01-01,98
21962506566000,2024-01-01,73
21962506566250,2024-01-01,74
21962506566750,2024-01-01,4
21962506567250,2024-01-01,6
21962506567500,2024-01-01,5
21962506568500,2024-01-01,1
21962506568750,2024-01-01,2
21962506569000,2024-01-01,23
21962506569250,2024-01-01,42
21962506569500,2024-01-01,54
21962506569750,2024-01-01,31
21962506570000,2024-01-01,19
21962506570250,2024-01-01,12
21962506570500,2024-01-01,6
21962506570750,2024-01-01,5
21962506571250,2024-01-01,5
21962506571750,2024-01-01,3
21962506572500,2024-01-01,9
21962506572750,2024-01-01,2
21962506573250,2024-01-01,2
21962506573500,2024-01-01,1
21962506586000,2024-01-01,2
21962506586500,2024-01-01,14
21962506586750,2024-01-01,1
21962506587500,2024-01-01,12
21962506587750,2024-01-01,8
21965006557750,2024-01-01,95
21965006558000,2024-01-01,27
21965006563250,2024-01-01,5
21965006563500,2024-01-01,63
21965006563750,2024-01-01,78
21965006564000,2024-01-01,50
21965006564250,2024-01-01,43
21965006564500,2024-01-01,97
21965006564750,2024-01-01,69
21965006565000,2024-01-01,5
21965006565250,2024-01-01,61
21965006565500,2024-01-01,39
21965006565750,2024-01-01,21
21965006566000,2024-01-01,206
21965006566250,2024-01-01,31
21965006568750,2024-01-01,3
21965006569000,2024-01-01,8
21965006569250,2024-01-01,9
21965006569750,2024-01-01,11
21965006570000,2024-01-01,2
21965006571000,2024-01-01,4
21965006571250,2024-01-01,11
21965006572250,2024-01-01,4
21965006572500,2024-01-01,1
21965006573000,2024-01-01,1
21965006573250,2024-01-01,2
21965006573500,2024-01-01,13
21965006573750,2024-01-01,1
21965006585500,2024-01-01,3
21965006586000,2024-01-01,5
21965006586500,2024-01-01,4
21965006586750,2024-01-01,3
21965006587000,2024-01-01,2
21965006587750,2024-01-01,10
21965006588000,2024-01-01,11
21967506564000,2024-01-01,11
21967506564250,2024-01-01,50
21967506564500,2024-01-01,9
21967506564750,2024-01-01,25
21967506565750,2024-01-01,11
21967506566000,2024-01-01,25
21967506569250,2024-01-01,6
21967506570750,2024-01-01,10
21967506571250,2024-01-01,6
21967506571500,2024-01-01,2
21967506572000,2024-01-01,3
21967506574500,2024-01-01,8
21967506574750,2024-01-01,4
21967506580750,2024-01-01,1
21967506591500,2024-01-01,2
21967506591750,2024-01-01,1
21967506592250,2024-01-01,9
21970006562500,2024-01-01,2
21970006564250,2024-01-01,31
21970006564500,2024-01-01,1
21970006564750,2024-01-01,9
21970006568500,2024-01-01,6
21970006569000,2024-01-01,6
21970006569250,2024-01-01,17
21970006569500,2024-01-01,2
21970006570250,2024-01-01,13
21970006570500,2024-01-01,4
21970006571000,2024-01-01,3
21970006571250,2024-01-01,7
21970006574750,2024-01-01,2
21970006575000,2024-01-01,5
21970006575250,2024-01-01,6
21970006575750,2024-01-01,2
21970006580500,2024-01-01,4
21970006580750,2024-01-01,5
21970006581000,2024-01-01,7
21970006585000,2024-01-01,4
21970006585250,2024-01-01,4
21972506561500,2024-01-01,4
21972506561750,2024-01-01,3
21972506562000,2024-01-01,6
21972506562250,2024-01-01,19
21972506562500,2024-01-01,12
21972506564250,2024-01-01,7
21972506564500,2024-01-01,11
21972506565750,2024-01-01,5
21972506569250,2024-01-01,7
21972506569500,2024-01-01,2
21972506569750,2024-01-01,2
21972506570000,2024-01-01,19
21972506570250,2024-01-01,6
21972506571250,2024-01-01,2
21972506571500,2024-01-01,4
21972506572250,2024-01-01,1
21972506574500,2024-01-01,6
21972506581000,2024-01-01,1
21972506581250,2024-01-01,7
21972506584750,2024-01-01,2
21972506585000,2024-01-01,10
21975006557500,2024-01-01,19
21975006557750,2024-01-01,13
21975006560500,2024-01-01,4
21975006561000,2024-01-01,3
21975006561250,2024-01-01,25
21975006561500,2024-01-01,29
21975006561750,2024-01-01,22
21975006562000,2024-01-01,11
21975006562250,2024-01-01,9
21975006562500,2024-01-01,13
21975006562750,2024-01-01,29
21975006563000,2024-01-01,11
21975006563250,2024-01-01,31
21975006563500,2024-01-01,3
21975006563750,2024-01-01,2
21975006564000,2024-01-01,17
21975006564250,2024-01-01,13
21975006564500,2024-01-01,3
21975006565250,2024-01-01,4
21975006565750,2024-01-01,17
21975006569500,2024-01-01,3
21975006570000,2024-01-01,2
21975006571000,2024-01-01,1
21975006571500,2024-01-01,1
21975006571750,2024-01-01,7
21975006572000,2024-01-01,1
21975006581250,2024-01-01,3
21975006584000,2024-01-01,1
21975006584250,2024-01-01,5
21975006584500,2024-01-01,5
21975006584750,2024-01-01,8
21977506557000,2024-01-01,23
21977506557250,2024-01-01,56
21977506557500,2024-01-01,50
21977506557750,2024-01-01,9
21977506558500,2024-01-01,1
21977506559500,2024-01-01,5
21977506560000,2024-01-01,8
21977506560500,2024-01-01,7
21977506561250,2024-01-01,4
21977506561500,2024-01-01,102
21977506561750,2024-01-01,11
21977506562750,2024-01-01,2
21977506563250,2024-01-01,20
21977506563500,2024-01-01,35
21977506563750,2024-01-01,37
21977506564000,2024-01-01,14
21977506564250,2024-01-01,34
21977506564500,2024-01-01,19
21977506565000,2024-01-01,8
21977506565250,2024-01-01,2
21977506566000,2024-01-01,6
21977506566250,2024-01-01,11
21977506570000,2024-01-01,1
21977506571500,2024-01-01,2
21977506572250,2024-01-01,3
21977506572500,2024-01-01,2
21977506581250,2024-01-01,46
21977506581500,2024-01-01,19
21977506584000,2024-01-01,2
21977506584500,2024-01-01,3
21977506584750,2024-01-01,10
21977506585000,2024-01-01,2
21980006556750,2024-01-01,2
21980006557000,2024-01-01,19
21980006557250,2024-01-01,26
21980006557500,2024-01-01,12
21980006559250,2024-01-01,5
21980006559500,2024-01-01,2
21980006560000,2024-01-01,1
21980006560500,2024-01-01,2
21980006561000,2024-01-01,1
21980006564750,2024-01-01,2
21980006565250,2024-01-01,11
21980006566250,2024-01-01,3
21980006566500,2024-01-01,18
21980006566750,2024-01-01,5
21980006569750,2024-01-01,8
21980006572250,2024-01-01,8
21980006573000,2024-01-01,1
21980006581250,2024-01-01,45
21980006581500,2024-01-01,45
21980006582000,2024-01-01,31
21980006582250,2024-01-01,85
21980006582500,2024-01-01,64
21980006582750,2024-01-01,10
21980006583250,2024-01-01,5
21980006584000,2024-01-01,1
21980006584250,2024-01-01,2
21980006584500,2024-01-01,13
21980006584750,2024-01-01,1
21982506556750,2024-01-01,2
21982506557000,2024-01-01,8
21982506557250,2024-01-01,10
21982506557500,2024-01-01,4
21982506560000,2024-01-01,4
21982506560750,2024-01-01,3
21982506561000,2024-01-01,7
21982506565250,2024-01-01,5
21982506565500,2024-01-01,1
21982506566250,2024-01-01,2
21982506566500,2024-01-01,30
21982506566750,2024-01-01,48
21982506567000,2024-01-01,1
21982506567250,2024-01-01,3
21982506570750,2024-01-01,4
21982506573250,2024-01-01,1
21982506574000,2024-01-01,3
21982506581250,2024-01-01,50
21982506581500,2024-01-01,16
21982506582000,2024-01-01,59
21982506582250,2024-01-01,68
21982506582500,2024-01-01,71
21982506582750,2024-01-01,40
21982506583000,2024-01-01,13
21982506584000,2024-01-01,3
21982506584250,2024-01-01,12
21982506584500,2024-01-01,7
21985006557250,2024-01-01,17
21985006557500,2024-01-01,6
21985006566500,2024-01-01,5
21985006566750,2024-01-01,16
21985006567250,2024-01-01,2
21985006567500,2024-01-01,3
21985006567750,2024-01-01,2
21985006570750,2024-01-01,6
21985006573750,2024-01-01,9
21985006575250,2024-01-01,2
21985006575500,2024-01-01,2
21985006581500,2024-01-01,42
21985006581750,2024-01-01,3
21985006582250,2024-01-01,6
21985006582500,2024-01-01,20
21985006582750,2024-01-01,2
21985006583000,2024-01-01,5
21985006583250,2024-01-01,7
21985006583500,2024-01-01,11
21985006583750,2024-01-01,7
21985006584000,2024-01-01,6
21985006584250,2024-01-01,16
21985006584500,2024-01-01,24
21987506557250,2024-01-01,9
21987506561250,2024-01-01,11
21987506562000,2024-01-01,1
21987506562250,2024-01-01,3
21987506567000,2024-01-01,10
21987506567250,2024-01-01,2
21987506567500,2024-01-01,6
21987506568000,2024-01-01,16
21987506568250,2024-01-01,12
21987506571250,2024-01-01,1
21987506582000,2024-01-01,78
21987506582250,2024-01-01,56
21987506582500,2024-01-01,19
21987506582750,2024-01-01,20
21987506583000,2024-01-01,3
21987506583500,2024-01-01,3
21987506584000,2024-01-01,11
21987506584250,2024-01-01,82
21987506584500,2024-01-01,24
21990006561250,2024-01-01,3
21990006562250,2024-01-01,3
21990006563250,2024-01-01,4
21990006567500,2024-01-01,7
21990006568000,2024-01-01,10
21990006568250,2024-01-01,4
21990006568500,2024-01-01,6
21990006570750,2024-01-01,3
21990006571250,2024-01-01,2
21990006573750,2024-01-01,1
21990006582250,2024-01-01,20
21990006584000,2024-01-01,8
21990006584250,2024-01-01,80
21990006584500,2024-01-01,11
21992506559750,2024-01-01,4
21992506560000,2024-01-01,3
21992506561250,2024-01-01,6
21992506563250,2024-01-01,1
21992506568000,2024-01-01,2
21992506568500,2024-01-01,2
21992506568750,2024-01-01,1
21992506569000,2024-01-01,10
21992506574500,2024-01-01,1
21992506582000,2024-01-01,5
21992506582250,2024-01-01,75
21992506582500,2024-01-01,21
21992506583750,2024-01-01,5
21992506584000,2024-01-01,3
21992506584250,2024-01-01,6
21992506595750,2024-01-01,1
21995006558000,2024-01-01,1
21995006558250,2024-01-01,3
21995006558500,2024-01-01,2
21995006563750,2024-01-01,2
21995006569250,2024-01-01,2
21995006569500,2024-01-01,6
21995006569750,2024-01-01,2
21995006582000,2024-01-01,12
21995006582250,2024-01-01,23
21995006582500,2024-01-01,9
21995006582750,2024-01-01,2
21995006583000,2024-01-01,2
21995006583500,2024-01-01,5
21995006583750,2024-01-01,8
21995006584250,2024-01-01,1
21995006596250,2024-01-01,1
21997506569250,2024-01-01,2
21997506570000,2024-01-01,10
21997506582250,2024-01-01,10
21997506582750,2024-01-01,73
21997506583000,2024-01-01,37
21997506583500,2024-01-01,7
22000006557750,2024-01-01,2
22000006569750,2024-01-01,1
22000006570250,2024-01-01,6
22000006573750,2024-01-01,4
22000006581250,2024-01-01,6
22000006581500,2024-01-01,16
22000006582750,2024-01-01,43
22000006583000,2024-01-01,46
22000006583250,2024-01-01,14
22000006583500,2024-01-01,18
22002506557000,2024-01-01,4
22002506570750,2024-01-01,5
22002506581000,2024-01-01,4
22002506581250,2024-01-01,7
22002506582000,2024-01-01,5
22002506582250,2024-01-01,5
22002506583000,2024-01-01,6
22002506583500,2024-01-01,1
22005006570750,2024-01-01,2
22005006581000,2024-01-01,2
22005006581500,2024-01-01,1
22005006581750,2024-01-01,1
22005006582000,2024-01-01,6
22005006583500,2024-01-01,4
22005006583750,2024-01-01,14
22007506562750,2024-01-01,6
22007506571250,2024-01-01,4
22007506581000,2024-01-01,3
22007506581500,2024-01-01,2
22007506581750,2024-01-01,4
22007506582000,2024-01-01,4
22007506583500,2024-01-01,10
22007506583750,2024-01-01,2
22010006559750,2024-01-01,2
22010006562750,2024-01-01,1
22010006580500,2024-01-01,1
22010006580750,2024-01-01,1
22010006581000,2024-01-01,2
22010006581250,2024-01-01,3
22010006581500,2024-01-01,7
22010006583500,2024-01-01,2
22012506562000,2024-01-01,2
22012506571500,2024-01-01,2
22012506571750,2024-01-01,4
22012506579250,2024-01-01,1
22012506579750,2024-01-01,1
22012506580000,2024-01-01,10
22012506580250,2024-01-01,2
22012506580750,2024-01-01,3
22015006560500,2024-01-01,2
22015006561000,2024-01-01,8
22015006561250,2024-01-01,2
22015006579250,2024-01-01,3
22015006579500,2024-01-01,17
22015006579750,2024-01-01,10
22015006580000,2024-01-01,3
22015006580250,2024-01-01,5
22015006580500,2024-01-01,2
22017506561250,2024-01-01,6
22017506561500,2024-01-01,16
22017506561750,2024-01-01,8
22017506566500,2024-01-01,2
22017506571500,2024-01-01,2
22017506572000,2024-01-01,4
22017506579500,2024-01-01,2
22017506579750,2024-01-01,5
22017506580000,2024-01-01,6
22017506580250,2024-01-01,1
22017506583250,2024-01-01,1
22020006560500,2024-01-01,1
22020006560750,2024-01-01,3
22020006561500,2024-01-01,2
22020006561750,2024-01-01,24
22020006563000,2024-01-01,3
22020006563250,2024-01-01,2
22020006566000,2024-01-01,6
22020006566500,2024-01-01,1
22020006566750,2024-01-01,3
22020006578750,2024-01-01,1
22020006580000,2024-01-01,4
22022506555750,2024-01-01,2
22022506558750,2024-01-01,5
22022506561000,2024-01-01,14
22022506561250,2024-01-01,47
22022506561500,2024-01-01,37
22022506561750,2024-01-01,13
22022506563500,2024-01-01,5
22022506564250,2024-01-01,2
22022506564750,2024-01-01,7
22022506565000,2024-01-01,8
22022506567000,2024-01-01,5
22022506567500,2024-01-01,1
22022506572500,2024-01-01,2
22022506578500,2024-01-01,2
22022506578750,2024-01-01,6
22022506583000,2024-01-01,1
22025006555750,2024-01-01,2
22025006560750,2024-01-01,6
22025006561000,2024-01-01,40
22025006561250,2024-01-01,25
22025006561500,2024-01-01,2
22025006561750,2024-01-01,16
22025006562000,2024-01-01,17
22025006562250,2024-01-01,2
22025006562750,2024-01-01,11
22025006563000,2024-01-01,1
22025006563250,2024-01-01,7
22025006563500,2024-01-01,2
22025006567750,2024-01-01,6
22025006568500,2024-01-01,2
22025006572500,2024-01-01,1
22025006578500,2024-01-01,3
22025006578750,2024-01-01,3
22025006579000,2024-01-01,8
22025006583000,2024-01-01,2
22027506560500,2024-01-01,58
22027506560750,2024-01-01,66
22027506561000,2024-01-01,8
22027506562000,2024-01-01,2
22027506563000,2024-01-01,4
22027506568750,2024-01-01,3
22027506569500,2024-01-01,2
22027506578500,2024-01-01,1
22027506578750,2024-01-01,7
22027506583250,2024-01-01,1
22030006560500,2024-01-01,56
22030006560750,2024-01-01,7
22030006563250,2024-01-01,2
22030006578750,2024-01-01,3
22030006579000,2024-01-01,1
22032506559250,2024-01-01,5
22032506560500,2024-01-01,2
22032506560750,2024-01-01,5
22032506571000,2024-01-01,15
22032506571250,2024-01-01,6
22032506571500,2024-01-01,5
22032506572000,2024-01-01,12
22035006558750,2024-01-01,8
22035006560500,2024-01-01,4
22035006569750,2024-01-01,5
22035006570500,2024-01-01,10
22035006570750,2024-01-01,21
22035006571000,2024-01-01,13
22035006571250,2024-01-01,11
22035006571500,2024-01-01,13
22035006571750,2024-01-01,3
22035006578000,2024-01-01,2
22035006578750,2024-01-01,6
22035006579000,2024-01-01,3
22037506560250,2024-01-01,5
22037506560500,2024-01-01,3
22037506564750,2024-01-01,6
22037506570250,2024-01-01,3
22037506570500,2024-01-01,1
22037506570750,2024-01-01,2
22037506571000,2024-01-01,2
22037506571250,2024-01-01,5
22037506578500,2024-01-01,2
22037506579250,2024-01-01,4
22040006557250,2024-01-01,1
22040006560250,2024-01-01,21
22040006560500,2024-01-01,5
22040006569500,2024-01-01,4
22040006570000,2024-01-01,2
22040006570750,2024-01-01,3
22040006578250,2024-01-01,4
22040006578500,2024-01-01,17
22042506560250,2024-01-01,2
22042506569750,2024-01-01,1
22042506570000,2024-01-01,3
22042506570500,2024-01-01,1
22042506578500,2024-01-01,9
22045006570000,2024-01-01,4
22045006570250,2024-01-01,3
22045006578250,2024-01-01,4
22045006578500,2024-01-01,5
22045006578750,2024-01-01,5
22047506561750,2024-01-01,2
22047506570000,2024-01-01,3
22047506575000,2024-01-01,1
22047506575500,2024-01-01,5
22047506576500,2024-01-01,2
22047506577000,2024-01-01,3
22047506579000,2024-01-01,5
22047506579250,2024-01-01,3
22050006570000,2024-01-01,2
22050006570250,2024-01-01,3
22050006576250,2024-01-01,1
22052506570000,2024-01-01,4
22052506577250,2024-01-01,2
22052506577500,2024-01-01,1
22055006570000,2024-01-01,2
22055006574750,2024-01-01,1
22055006575000,2024-01-01,1
22057506570000,2024-01-01,3
22057506577250,2024-01-01,8
22060006569750,2024-01-01,2
22060006577250,2024-01-01,5
22060006577500,2024-01-01,4
22062506575750,2024-01-01,2
22062506576000,2024-01-01,2
22062506576750,2024-01-01,1
22065006570000,2024-01-01,1
22067506570750,2024-01-01,2
22067506571000,2024-01-01,3
22072506576750,2024-01-01,4
22075006576500,2024-01-01,4
22075006576750,2024-01-01,1
21715006570000,2025-01-01,2
21720006570000,2025-01-01,2
21722506570000,2025-01-01,2
21760006568000,2025-01-01,6
21760006568500,2025-01-01,5
21762506567750,2025-01-01,3
21762506568000,2025-01-01,13
21762506587750,2025-01-01,4
21765006573500,2025-01-01,8
21767506588250,2025-01-01,2
21767506588750,2025-01-01,4
21767506589000,2025-01-01,5
21770006567250,2025-01-01,3
21770006573000,2025-01-01,2
21770006589250,2025-01-01,12
21772506567000,2025-01-01,10
21772506567500,2025-01-01,2
21772506567750,2025-01-01,4
21772506573500,2025-01-01,2
21772506588000,2025-01-01,3
21772506588250,2025-01-01,9
21772506588750,2025-01-01,14
21772506589000,2025-01-01,1
21772506589250,2025-01-01,1
21772506589500,2025-01-01,2
21772506589750,2025-01-01,1
21775006561500,2025-01-01,3
21775006563500,2025-01-01,4
21775006567000,2025-01-01,7
21775006567500,2025-01-01,4
21775006587750,2025-01-01,1
21775006588000,2025-01-01,2
21775006588500,2025-01-01,6
21775006588750,2025-01-01,2
21775006589000,2025-01-01,2
21775006589500,2025-01-01,4
21777506572750,2025-01-01,1
21777506588250,2025-01-01,17
21777506588750,2025-01-01,2
21777506589000,2025-01-01,7
21780006562500,2025-01-01,2
21780006565750,2025-01-01,4
21780006572500,2025-01-01,2
21780006572750,2025-01-01,6
21782506571500,2025-01-01,2
21782506572000,2025-01-01,3
21782506572250,2025-01-01,3
21782506572500,2025-01-01,2
21785006562500,2025-01-01,3
21785006567000,2025-01-01,2
21785006572250,2025-01-01,6
21785006575250,2025-01-01,1
21785006588250,2025-01-01,3
21785006591500,2025-01-01,4
21787506562250,2025-01-01,4
21787506562500,2025-01-01,6
21787506567000,2025-01-01,3
21787506567250,2025-01-01,6
21787506572250,2025-01-01,2
21787506572500,2025-01-01,5
21787506577750,2025-01-01,1
21787506587250,2025-01-01,2
21790006562500,2025-01-01,1
21790006567750,2025-01-01,8
21790006572500,2025-01-01,3
21790006572750,2025-01-01,2
21792506562250,2025-01-01,1
21792506566750,2025-01-01,2
21792506567250,2025-01-01,2
21792506567500,2025-01-01,8
21792506567750,2025-01-01,2
21792506570750,2025-01-01,2
21792506572000,2025-01-01,11
21792506572250,2025-01-01,8
21792506572500,2025-01-01,4
21792506573000,2025-01-01,3
21792506573750,2025-01-01,2
21792506575250,2025-01-01,5
21792506578000,2025-01-01,2
21792506578250,2025-01-01,8
21795006564750,2025-01-01,6
21795006571000,2025-01-01,3
21795006571250,2025-01-01,3
21795006571500,2025-01-01,2
21795006571750,2025-01-01,5
21795006572000,2025-01-01,4
21795006573000,2025-01-01,2
21795006573250,2025-01-01,1
21795006573750,2025-01-01,4
21795006574500,2025-01-01,6
21797506564500,2025-01-01,2
21797506567250,2025-01-01,1
21797506571250,2025-01-01,1
21797506571750,2025-01-01,3
21797506573750,2025-01-01,1
21797506574000,2025-01-01,6
21797506574750,2025-01-01,4
21797506575000,2025-01-01,4
21797506578000,2025-01-01,7
21800006564250,2025-01-01,5
21800006573000,2025-01-01,2
21800006575250,2025-01-01,4
21800006577500,2025-01-01,4
21800006578000,2025-01-01,11
21800006585750,2025-01-01,1
21802506564000,2025-01-01,12
21802506566250,2025-01-01,1
21802506575000,2025-01-01,5
21802506575250,2025-01-01,8
21802506575500,2025-01-01,1
21802506576000,2025-01-01,2
21802506577000,2025-01-01,3
21802506577250,2025-01-01,4
21802506585750,2025-01-01,2
21805006564000,2025-01-01,2
21805006566250,2025-01-01,3
21805006571250,2025-01-01,4
21805006574250,2025-01-01,1
21805006574750,2025-01-01,2
21805006575750,2025-01-01,2
21805006576000,2025-01-01,2
21805006576250,2025-01-01,2
21805006576500,2025-01-01,3
21805006577000,2025-01-01,1
21805006578250,2025-01-01,4
21805006585750,2025-01-01,1
21805006586250,2025-01-01,6
21807506561750,2025-01-01,7
21807506563250,2025-01-01,3
21807506563500,2025-01-01,4
21807506563750,2025-01-01,4
21807506574750,2025-01-01,2
21807506576000,2025-01-01,1
21807506576250,2025-01-01,14
21807506576500,2025-01-01,12
21807506576750,2025-01-01,10
21807506577750,2025-01-01,4
21807506578250,2025-01-01,3
21807506585500,2025-01-01,2
21810006563000,2025-01-01,2
21810006564750,2025-01-01,3
21810006565000,2025-01-01,35
21810006565250,2025-01-01,4
21810006574500,2025-01-01,8
21810006576000,2025-01-01,6
21810006576250,2025-01-01,12
21810006576500,2025-01-01,14
21810006577500,2025-01-01,5
21810006578000,2025-01-01,1
21812506560500,2025-01-01,1
21812506565000,2025-01-01,27
21812506565250,2025-01-01,8
21812506565750,2025-01-01,6
21812506566000,2025-01-01,2
21812506566250,2025-01-01,3
21812506567000,2025-01-01,6
21812506567250,2025-01-01,3
21812506576250,2025-01-01,2
21812506576500,2025-01-01,23
21812506576750,2025-01-01,11
21812506577250,2025-01-01,7
21812506577500,2025-01-01,5
21812506577750,2025-01-01,7
21812506578000,2025-01-01,3
21812506578250,2025-01-01,3
21815006564000,2025-01-01,5
21815006564500,2025-01-01,2
21815006565750,2025-01-01,3
21815006566000,2025-01-01,8
21815006567000,2025-01-01,4
21815006576500,2025-01-01,15
21815006576750,2025-01-01,20
21815006577000,2025-01-01,18
21815006577250,2025-01-01,3
21815006577500,2025-01-01,22
21815006577750,2025-01-01,5
21815006578000,2025-01-01,8
21815006578250,2025-01-01,8
21817506577000,2025-01-01,5
21817506577500,2025-01-01,7
21817506577750,2025-01-01,3
21820006572750,2025-01-01,1
21820006577250,2025-01-01,3
21822506563750,2025-01-01,1
21822506566750,2025-01-01,2
21822506574500,2025-01-01,2
21822506575500,2025-01-01,2
21822506575750,2025-01-01,2
21825006574750,2025-01-01,5
21825006575000,2025-01-01,3
21825006575250,2025-01-01,3
21825006575750,2025-01-01,1
21825006577250,2025-01-01,3
21825006577500,2025-01-01,3
21825006577750,2025-01-01,2
21827506566750,2025-01-01,7
21827506580750,2025-01-01,3
21830006574500,2025-01-01,3
21830006574750,2025-01-01,12
21832506566750,2025-01-01,1
21832506574500,2025-01-01,15
21832506574750,2025-01-01,7
21832506575000,2025-01-01,18
21832506575250,2025-01-01,72
21832506580250,2025-01-01,1
21835006575250,2025-01-01,2
21837506574500,2025-01-01,10
21837506574750,2025-01-01,7
21837506575000,2025-01-01,8
21840006573750,2025-01-01,8
21840006574000,2025-01-01,9
21840006574250,2025-01-01,5
21840006575000,2025-01-01,1
21842506566750,2025-01-01,2
21842506573500,2025-01-01,2
21842506573750,2025-01-01,5
21842506574000,2025-01-01,3
21842506574500,2025-01-01,3
21842506575250,2025-01-01,2
21842506579750,2025-01-01,4
21845006573750,2025-01-01,1
21845006574000,2025-01-01,5
21845006574250,2025-01-01,14
21845006574750,2025-01-01,3
21845006575000,2025-01-01,6
21845006579000,2025-01-01,7
21845006579250,2025-01-01,10
21845006579500,2025-01-01,9
21845006579750,2025-01-01,4
21847506567000,2025-01-01,2
21847506573750,2025-01-01,6
21847506574250,2025-01-01,7
21847506579000,2025-01-01,5
21847506579250,2025-01-01,5
21850006568000,2025-01-01,1
21850006573750,2025-01-01,1
21850006574250,2025-01-01,6
21850006575500,2025-01-01,4
21850006577750,2025-01-01,5
21850006578500,2025-01-01,5
21850006578750,2025-01-01,1
21850006579000,2025-01-01,4
21852506567500,2025-01-01,3
21852506567750,2025-01-01,7
21852506568000,2025-01-01,6
21852506574500,2025-01-01,3
21852506575500,2025-01-01,4
21852506577500,2025-01-01,5
21852506578250,2025-01-01,3
21852506578500,2025-01-01,6
21855006567000,2025-01-01,3
21855006567750,2025-01-01,8
21855006573500,2025-01-01,1
21855006574750,2025-01-01,4
21855006576750,2025-01-01,1
21855006577500,2025-01-01,1
21855006578250,2025-01-01,12
21855006578750,2025-01-01,1
21855006579000,2025-01-01,4
21857506566750,2025-01-01,17
21857506567000,2025-01-01,16
21857506567250,2025-01-01,4
21857506569750,2025-01-01,7
21857506570000,2025-01-01,5
21857506576750,2025-01-01,1
21857506578750,2025-01-01,27
21860006566750,2025-01-01,7
21860006570000,2025-01-01,2
21860006573000,2025-01-01,4
21860006573250,2025-01-01,6
21860006573500,2025-01-01,5
21860006573750,2025-01-01,8
21860006576000,2025-01-01,7
21860006576500,2025-01-01,8
21860006576750,2025-01-01,27
21860006577000,2025-01-01,41
21860006577250,2025-01-01,25
21860006577500,2025-01-01,4
21860006578250,2025-01-01,7
21860006578500,2025-01-01,6
21860006586500,2025-01-01,7
21862506567250,2025-01-01,5
21862506567500,2025-01-01,67
21862506567750,2025-01-01,14
21862506573000,2025-01-01,2
21862506573250,2025-01-01,6
21862506574000,2025-01-01,5
21862506574500,2025-01-01,2
21862506575750,2025-01-01,2
21862506576000,2025-01-01,7
21862506576250,2025-01-01,2
21862506576750,2025-01-01,5
21862506577000,2025-01-01,43
21862506577250,2025-01-01,11
21862506577750,2025-01-01,5
21862506578000,2025-01-01,3
21865006567250,2025-01-01,7
21865006567500,2025-01-01,29
21865006570250,2025-01-01,3
21865006570500,2025-01-01,1
21865006570750,2025-01-01,2
21865006572000,2025-01-01,2
21865006572250,2025-01-01,2
21865006572500,2025-01-01,5
21865006572750,2025-01-01,2
21865006573250,2025-01-01,5
21865006573750,2025-01-01,4
21865006574000,2025-01-01,4
21865006574250,2025-01-01,1
21865006576250,2025-01-01,3
21865006576500,2025-01-01,14
21865006577000,2025-01-01,2
21865006577500,2025-01-01,6
21865006577750,2025-01-01,3
21865006578000,2025-01-01,1
21867506567500,2025-01-01,4
21867506568250,2025-01-01,4
21867506570000,2025-01-01,4
21867506571250,2025-01-01,3
21867506571500,2025-01-01,10
21867506571750,2025-01-01,1
21867506572000,2025-01-01,4
21867506572250,2025-01-01,2
21867506572750,2025-01-01,9
21867506573000,2025-01-01,1
21867506573250,2025-01-01,2
21867506576250,2025-01-01,31
21867506576500,2025-01-01,6
21867506577000,2025-01-01,42
21867506577250,2025-01-01,75
21867506577500,2025-01-01,22
21867506586500,2025-01-01,1
21870006567500,2025-01-01,2
21870006568250,2025-01-01,2
21870006568500,2025-01-01,7
21870006569000,2025-01-01,6
21870006569750,2025-01-01,2
21870006570000,2025-01-01,2
21870006571750,2025-01-01,7
21870006572000,2025-01-01,2
21870006572250,2025-01-01,2
21870006573000,2025-01-01,7
21870006573750,2025-01-01,10
21870006574000,2025-01-01,4
21870006576000,2025-01-01,2
21870006576250,2025-01-01,1
21870006576500,2025-01-01,2
21870006576750,2025-01-01,44
21870006577000,2025-01-01,72
21870006577250,2025-01-01,15
21872506567500,2025-01-01,2
21872506568000,2025-01-01,1
21872506568750,2025-01-01,1
21872506571250,2025-01-01,8
21872506571500,2025-01-01,6
21872506573250,2025-01-01,6
21872506573500,2025-01-01,4
21872506574000,2025-01-01,4
21872506574750,2025-01-01,3
21872506575500,2025-01-01,4
21872506576500,2025-01-01,65
21872506576750,2025-01-01,142
21872506577000,2025-01-01,76
21875006567250,2025-01-01,1
21875006568750,2025-01-01,5
21875006569000,2025-01-01,8
21875006573000,2025-01-01,10
21875006573250,2025-01-01,12
21875006573500,2025-01-01,5
21875006574250,2025-01-01,2
21875006574500,2025-01-01,1
21875006574750,2025-01-01,5
21875006575250,2025-01-01,7
21875006575500,2025-01-01,8
21875006576000,2025-01-01,16
21875006576250,2025-01-01,32
21875006576750,2025-01-01,142
21875006577000,2025-01-01,13
21877506567500,2025-01-01,6
21877506569000,2025-01-01,5
21877506570000,2025-01-01,2
21877506572750,2025-01-01,1
21877506573000,2025-01-01,6
21877506573500,2025-01-01,5
21877506574250,2025-01-01,7
21877506574500,2025-01-01,60
21877506574750,2025-01-01,106
21877506575000,2025-01-01,8
21877506575250,2025-01-01,52
21877506575500,2025-01-01,20
21877506575750,2025-01-01,2
21877506576000,2025-01-01,52
21877506576250,2025-01-01,31
21877506576500,2025-01-01,68
21877506576750,2025-01-01,110
21880006567250,2025-01-01,1
21880006567500,2025-01-01,8
21880006568250,2025-01-01,1
21880006568500,2025-01-01,3
21880006569250,2025-01-01,5
21880006572500,2025-01-01,6
21880006573000,2025-01-01,5
21880006573250,2025-01-01,2
21880006573500,2025-01-01,6
21880006574000,2025-01-01,16
21880006574250,2025-01-01,133
21880006574500,2025-01-01,90
21880006574750,2025-01-01,91
21880006575000,2025-01-01,90
21880006575250,2025-01-01,124
21880006575500,2025-01-01,36
21880006575750,2025-01-01,10
21880006576250,2025-01-01,8
21880006576500,2025-01-01,5
21880006576750,2025-01-01,27
21882506567000,2025-01-01,6
21882506568250,2025-01-01,7
21882506569000,2025-01-01,4
21882506569250,2025-01-01,7
21882506569500,2025-01-01,2
21882506571000,2025-01-01,8
21882506572500,2025-01-01,17
21882506572750,2025-01-01,2
21882506573250,2025-01-01,23
21882506573750,2025-01-01,4
21882506574000,2025-01-01,90
21882506574250,2025-01-01,152
21882506574500,2025-01-01,94
21882506574750,2025-01-01,128
21882506575000,2025-01-01,118
21882506575250,2025-01-01,74
21882506575750,2025-01-01,9
21882506576750,2025-01-01,4
21885006567000,2025-01-01,1
21885006569500,2025-01-01,2
21885006570000,2025-01-01,11
21885006572000,2025-01-01,3
21885006573250,2025-01-01,2
21885006573500,2025-01-01,6
21885006574000,2025-01-01,67
21885006574250,2025-01-01,64
21885006574500,2025-01-01,17
21885006574750,2025-01-01,61
21885006575000,2025-01-01,124
21885006575250,2025-01-01,21
21885006575750,2025-01-01,41
21885006576000,2025-01-01,41
21885006576750,2025-01-01,6
21885006577750,2025-01-01,23
21885006584250,2025-01-01,4
21885006586250,2025-01-01,2
21885006586500,2025-01-01,3
21885006586750,2025-01-01,12
21885006598500,2025-01-01,1
21885006601000,2025-01-01,4
21887506567000,2025-01-01,4
21887506568750,2025-01-01,4
21887506570000,2025-01-01,5
21887506570250,2025-01-01,3
21887506572500,2025-01-01,2
21887506572750,2025-01-01,2
21887506574750,2025-01-01,22
21887506575500,2025-01-01,33
21887506575750,2025-01-01,62
21887506576000,2025-01-01,69
21887506576250,2025-01-01,45
21887506576750,2025-01-01,9
21887506577000,2025-01-01,2
21887506577500,2025-01-01,90
21887506577750,2025-01-01,94
21887506584000,2025-01-01,2
21887506584250,2025-01-01,3
21887506586750,2025-01-01,1
21887506600750,2025-01-01,2
21890006568750,2025-01-01,2
21890006569750,2025-01-01,2
21890006570000,2025-01-01,9
21890006570500,2025-01-01,4
21890006571750,2025-01-01,3
21890006574000,2025-01-01,5
21890006575250,2025-01-01,3
21890006575500,2025-01-01,69
21890006575750,2025-01-01,134
21890006576000,2025-01-01,176
21890006576250,2025-01-01,96
21890006576500,2025-01-01,3
21890006576750,2025-01-01,20
21890006577000,2025-01-01,113
21890006577250,2025-01-01,144
21890006577500,2025-01-01,119
21890006577750,2025-01-01,86
21890006578000,2025-01-01,4
21890006581750,2025-01-01,2
21890006583750,2025-01-01,3
21890006584000,2025-01-01,14
21890006584250,2025-01-01,6
21890006585000,2025-01-01,3
21890006585250,2025-01-01,2
21890006599750,2025-01-01,2
21892506571000,2025-01-01,2
21892506573000,2025-01-01,13
21892506573750,2025-01-01,8
21892506574000,2025-01-01,48
21892506575250,2025-01-01,2
21892506575500,2025-01-01,94
21892506575750,2025-01-01,170
21892506576000,2025-01-01,101
21892506576500,2025-01-01,14
21892506576750,2025-01-01,197
21892506577000,2025-01-01,293
21892506577250,2025-01-01,177
21892506577500,2025-01-01,166
21892506577750,2025-01-01,63
21892506578000,2025-01-01,23
21892506579750,2025-01-01,7
21892506580000,2025-01-01,3
21892506580750,2025-01-01,2
21892506581500,2025-01-01,19
21892506581750,2025-01-01,3
21892506582750,2025-01-01,4
21892506583250,2025-01-01,3
21892506583750,2025-01-01,6
21892506584250,2025-01-01,3
21892506585000,2025-01-01,2
21895006568000,2025-01-01,2
21895006573000,2025-01-01,1
21895006573750,2025-01-01,1
21895006574000,2025-01-01,7
21895006575000,2025-01-01,1
21895006575250,2025-01-01,6
21895006575500,2025-01-01,141
21895006575750,2025-01-01,117
21895006576000,2025-01-01,87
21895006576250,2025-01-01,145
21895006576500,2025-01-01,86
21895006576750,2025-01-01,155
21895006577000,2025-01-01,120
21895006577250,2025-01-01,68
21895006577500,2025-01-01,177
21895006577750,2025-01-01,105
21895006578000,2025-01-01,124
21895006579000,2025-01-01,2
21895006579250,2025-01-01,3
21895006579500,2025-01-01,6
21895006580500,2025-01-01,4
21895006581000,2025-01-01,3
21895006581250,2025-01-01,5
21895006581500,2025-01-01,9
21895006582250,2025-01-01,6
21895006582500,2025-01-01,2
21895006582750,2025-01-01,6
21895006583000,2025-01-01,5
21895006583250,2025-01-01,1
21895006583500,2025-01-01,2
21895006583750,2025-01-01,5
21895006584500,2025-01-01,3
21895006585500,2025-01-01,1
21895006586000,2025-01-01,2
21897506568000,2025-01-01,1
21897506568250,2025-01-01,2
21897506571750,2025-01-01,3
21897506574000,2025-01-01,14
21897506574250,2025-01-01,21
21897506574500,2025-01-01,23
21897506574750,2025-01-01,36
21897506575250,2025-01-01,21
21897506575500,2025-01-01,119
21897506575750,2025-01-01,106
21897506576000,2025-01-01,134
21897506576250,2025-01-01,167
21897506576500,2025-01-01,13
21897506576750,2025-01-01,170
21897506577000,2025-01-01,226
21897506577250,2025-01-01,287
21897506577500,2025-01-01,379
21897506577750,2025-01-01,28
21897506578000,2025-01-01,3
21897506578250,2025-01-01,4
21897506578500,2025-01-01,6
21897506578750,2025-01-01,6
21897506579000,2025-01-01,1
21897506579250,2025-01-01,5
21897506579750,2025-01-01,3
21897506580000,2025-01-01,2
21897506582000,2025-01-01,16
21897506582250,2025-01-01,7
21897506582500,2025-01-01,14
21897506584500,2025-01-01,3
21897506597250,2025-01-01,5
21897506597500,2025-01-01,5
21897506598000,2025-01-01,2
21897506602000,2025-01-01,2
21900006566250,2025-01-01,8
21900006566500,2025-01-01,23
21900006574250,2025-01-01,86
21900006574500,2025-01-01,132
21900006574750,2025-01-01,89
21900006575000,2025-01-01,8
21900006575250,2025-01-01,52
21900006575500,2025-01-01,47
21900006575750,2025-01-01,57
21900006576000,2025-01-01,135
21900006576250,2025-01-01,37
21900006576500,2025-01-01,17
21900006576750,2025-01-01,60
21900006577000,2025-01-01,161
21900006577250,2025-01-01,43
21900006577500,2025-01-01,4
21900006578000,2025-01-01,10
21900006578250,2025-01-01,3
21900006579250,2025-01-01,3
21900006579500,2025-01-01,6
21900006581000,2025-01-01,4
21900006581250,2025-01-01,12
21900006581500,2025-01-01,18
21900006581750,2025-01-01,17
21900006582000,2025-01-01,5
21900006582500,2025-01-01,1
21900006582750,2025-01-01,9
21900006583000,2025-01-01,4
21900006583250,2025-01-01,3
21900006583500,2025-01-01,21
21900006583750,2025-01-01,6
21900006586000,2025-01-01,3
21900006586250,2025-01-01,2
21900006597000,2025-01-01,3
21900006603250,2025-01-01,3
21902506566500,2025-01-01,17
21902506568500,2025-01-01,1
21902506574000,2025-01-01,38
21902506574250,2025-01-01,198
21902506574500,2025-01-01,147
21902506574750,2025-01-01,47
21902506575000,2025-01-01,18
21902506575250,2025-01-01,61
21902506575500,2025-01-01,110
21902506575750,2025-01-01,92
21902506576000,2025-01-01,80
21902506576250,2025-01-01,104
21902506576500,2025-01-01,32
21902506576750,2025-01-01,102
21902506577000,2025-01-01,85
21902506577250,2025-01-01,5
21902506577500,2025-01-01,6
21902506577750,2025-01-01,6
21902506578000,2025-01-01,11
21902506578500,2025-01-01,9
21902506578750,2025-01-01,12
21902506579000,2025-01-01,8
21902506579500,2025-01-01,4
21902506579750,2025-01-01,6
21902506580000,2025-01-01,17
21902506580250,2025-01-01,35
21902506580500,2025-01-01,64
21902506580750,2025-01-01,111
21902506581000,2025-01-01,4
21902506581250,2025-01-01,5
21902506581500,2025-01-01,3
21902506582750,2025-01-01,41
21902506583000,2025-01-01,8
21902506583500,2025-01-01,17
21902506583750,2025-01-01,14
21902506585500,2025-01-01,1
21902506586000,2025-01-01,2
21902506586250,2025-01-01,6
21902506587500,2025-01-01,4
21902506597750,2025-01-01,2
21902506602500,2025-01-01,4
21905006566250,2025-01-01,19
21905006566500,2025-01-01,46
21905006567250,2025-01-01,2
21905006568500,2025-01-01,10
21905006572750,2025-01-01,5
21905006573000,2025-01-01,62
21905006573250,2025-01-01,57
21905006573500,2025-01-01,13
21905006573750,2025-01-01,44
21905006574000,2025-01-01,161
21905006574250,2025-01-01,152
21905006574500,2025-01-01,84
21905006574750,2025-01-01,29
21905006575000,2025-01-01,24
21905006575250,2025-01-01,75
21905006575500,2025-01-01,143
21905006575750,2025-01-01,129
21905006576000,2025-01-01,134
21905006576250,2025-01-01,98
21905006576500,2025-01-01,13
21905006577000,2025-01-01,2
21905006577250,2025-01-01,3
21905006577750,2025-01-01,8
21905006578000,2025-01-01,32
21905006578250,2025-01-01,1
21905006579000,2025-01-01,26
21905006579250,2025-01-01,36
21905006579500,2025-01-01,94
21905006579750,2025-01-01,95
21905006580000,2025-01-01,50
21905006580250,2025-01-01,107
21905006580500,2025-01-01,72
21905006580750,2025-01-01,6
21905006581500,2025-01-01,11
21905006582250,2025-01-01,2
21905006582500,2025-01-01,50
21905006582750,2025-01-01,71
21905006583000,2025-01-01,20
21905006583250,2025-01-01,1
21905006583500,2025-01-01,3
21905006583750,2025-01-01,21
21905006584000,2025-01-01,6
21905006584250,2025-01-01,2
21905006584750,2025-01-01,6
21905006585000,2025-01-01,21
21905006585500,2025-01-01,3
21905006596250,2025-01-01,4
21907506566250,2025-01-01,10
21907506566500,2025-01-01,6
21907506567000,2025-01-01,8
21907506567250,2025-01-01,4
21907506568500,2025-01-01,1
21907506572750,2025-01-01,18
21907506573000,2025-01-01,94
21907506573250,2025-01-01,98
21907506573500,2025-01-01,102
21907506573750,2025-01-01,133
21907506574000,2025-01-01,68
21907506574250,2025-01-01,39
21907506575000,2025-01-01,27
21907506575250,2025-01-01,151
21907506575500,2025-01-01,83
21907506575750,2025-01-01,95
21907506576000,2025-01-01,40
21907506576250,2025-01-01,108
21907506576500,2025-01-01,191
21907506576750,2025-01-01,179
21907506577000,2025-01-01,16
21907506578250,2025-01-01,14
21907506578500,2025-01-01,12
21907506578750,2025-01-01,41
21907506579000,2025-01-01,7
21907506579250,2025-01-01,23
21907506579500,2025-01-01,15
21907506580250,2025-01-01,6
21907506581000,2025-01-01,6
21907506581250,2025-01-01,6
21907506581500,2025-01-01,5
21907506581750,2025-01-01,2
21907506582000,2025-01-01,3
21907506582250,2025-01-01,4
21907506582500,2025-01-01,13
21907506583000,2025-01-01,4
21907506583750,2025-01-01,6
21907506584000,2025-01-01,3
21907506584250,2025-01-01,9
21907506584500,2025-01-01,6
21907506584750,2025-01-01,6
21907506585000,2025-01-01,9
21907506585250,2025-01-01,6
21907506597000,2025-01-01,1
21910006567000,2025-01-01,2
21910006567750,2025-01-01,1
21910006568000,2025-01-01,3
21910006568250,2025-01-01,8
21910006573250,2025-01-01,19
21910006573500,2025-01-01,207
21910006573750,2025-01-01,108
21910006574750,2025-01-01,1
21910006575000,2025-01-01,28
21910006575250,2025-01-01,118
21910006575500,2025-01-01,100
21910006575750,2025-01-01,139
21910006576000,2025-01-01,134
21910006576250,2025-01-01,166
21910006576500,2025-01-01,351
21910006576750,2025-01-01,184
21910006577000,2025-01-01,8
21910006577750,2025-01-01,3
21910006578000,2025-01-01,30
21910006578250,2025-01-01,17
21910006578500,2025-01-01,65
21910006578750,2025-01-01,24
21910006579500,2025-01-01,33
21910006579750,2025-01-01,17
21910006580000,2025-01-01,17
21910006580250,2025-01-01,7
21910006580500,2025-01-01,11
21910006580750,2025-01-01,5
21910006581000,2025-01-01,4
21910006581250,2025-01-01,1
21910006581750,2025-01-01,3
21910006584500,2025-01-01,1
21910006584750,2025-01-01,2
21910006585000,2025-01-01,1
21912506567750,2025-01-01,11
21912506568000,2025-01-01,10
21912506568250,2025-01-01,3
21912506572000,2025-01-01,1
21912506572500,2025-01-01,1
21912506574000,2025-01-01,1
21912506574750,2025-01-01,68
21912506575000,2025-01-01,120
21912506575250,2025-01-01,201
21912506575500,2025-01-01,123
21912506575750,2025-01-01,127
21912506576000,2025-01-01,71
21912506576250,2025-01-01,4
21912506576500,2025-01-01,150
21912506576750,2025-01-01,504
21912506577000,2025-01-01,64
21912506577250,2025-01-01,103
21912506577500,2025-01-01,18
21912506577750,2025-01-01,16
21912506578500,2025-01-01,5
21912506578750,2025-01-01,54
21912506579000,2025-01-01,45
21912506579250,2025-01-01,35
21912506579500,2025-01-01,63
21912506579750,2025-01-01,43
21912506580000,2025-01-01,61
21912506580250,2025-01-01,2
21912506580500,2025-01-01,7
21912506581000,2025-01-01,3
21912506581250,2025-01-01,4
21912506581750,2025-01-01,11
21912506582000,2025-01-01,4
21915006566500,2025-01-01,2
21915006567500,2025-01-01,4
21915006568500,2025-01-01,8
21915006569250,2025-01-01,7
21915006570500,2025-01-01,1
21915006572250,2025-01-01,47
21915006572500,2025-01-01,81
21915006572750,2025-01-01,42
21915006573000,2025-01-01,96
21915006573250,2025-01-01,170
21915006573500,2025-01-01,12
21915006573750,2025-01-01,6
21915006574000,2025-01-01,66
21915006574250,2025-01-01,9
21915006574750,2025-01-01,114
21915006575000,2025-01-01,171
21915006575250,2025-01-01,170
21915006575500,2025-01-01,136
21915006575750,2025-01-01,113
21915006576000,2025-01-01,229
21915006576250,2025-01-01,107
21915006576500,2025-01-01,60
21915006576750,2025-01-01,91
21915006577000,2025-01-01,97
21915006577250,2025-01-01,94
21915006577750,2025-01-01,17
21915006578000,2025-01-01,88
21915006578250,2025-01-01,118
21915006578500,2025-01-01,135
21915006578750,2025-01-01,30
21915006579000,2025-01-01,109
21915006579250,2025-01-01,91
21915006579500,2025-01-01,98
21915006579750,2025-01-01,27
21915006580000,2025-01-01,1
21915006580250,2025-01-01,5
21915006581000,2025-01-01,5
21915006581500,2025-01-01,5
21915006582000,2025-01-01,5
21915006596000,2025-01-01,2
21917506566750,2025-01-01,32
21917506567000,2025-01-01,2
21917506567500,2025-01-01,2
21917506567750,2025-01-01,9
21917506568250,2025-01-01,30
21917506568500,2025-01-01,34
21917506568750,2025-01-01,72
21917506569000,2025-01-01,97
21917506569250,2025-01-01,213
21917506569500,2025-01-01,230
21917506570000,2025-01-01,2
21917506570500,2025-01-01,2
21917506571250,2025-01-01,7
21917506571750,2025-01-01,18
21917506572000,2025-01-01,55
21917506572250,2025-01-01,46
21917506572500,2025-01-01,104
21917506572750,2025-01-01,89
21917506573000,2025-01-01,112
21917506573250,2025-01-01,71
21917506573500,2025-01-01,174
21917506573750,2025-01-01,75
21917506574000,2025-01-01,198
21917506574250,2025-01-01,60
21917506574500,2025-01-01,58
21917506574750,2025-01-01,66
21917506575000,2025-01-01,277
21917506575250,2025-01-01,155
21917506575500,2025-01-01,70
21917506575750,2025-01-01,169
21917506576000,2025-01-01,200
21917506576250,2025-01-01,260
21917506576500,2025-01-01,150
21917506576750,2025-01-01,95
21917506577250,2025-01-01,36
21917506577500,2025-01-01,109
21917506577750,2025-01-01,163
21917506578000,2025-01-01,104
21917506578250,2025-01-01,111
21917506578500,2025-01-01,89
21917506578750,2025-01-01,3
21917506579000,2025-01-01,4
21917506580250,2025-01-01,4
21917506580500,2025-01-01,7
21917506581500,2025-01-01,1
21917506595750,2025-01-01,1
21920006566750,2025-01-01,12
21920006567000,2025-01-01,68
21920006567250,2025-01-01,26
21920006567500,2025-01-01,13
21920006568250,2025-01-01,5
21920006568500,2025-01-01,45
21920006568750,2025-01-01,215
21920006569000,2025-01-01,251
21920006569250,2025-01-01,98
21920006569500,2025-01-01,86
21920006570000,2025-01-01,2
21920006570250,2025-01-01,3
21920006570750,2025-01-01,7
21920006571250,2025-01-01,3
21920006571750,2025-01-01,73
21920006572000,2025-01-01,6
21920006572250,2025-01-01,24
21920006572500,2025-01-01,16
21920006572750,2025-01-01,27
21920006573000,2025-01-01,171
21920006573250,2025-01-01,245
21920006573500,2025-01-01,113
21920006573750,2025-01-01,107
21920006574000,2025-01-01,159
21920006574250,2025-01-01,253
21920006574500,2025-01-01,202
21920006574750,2025-01-01,27
21920006575000,2025-01-01,190
21920006575250,2025-01-01,394
21920006575500,2025-01-01,113
21920006575750,2025-01-01,322
21920006576000,2025-01-01,361
21920006576250,2025-01-01,432
21920006576500,2025-01-01,304
21920006576750,2025-01-01,80
21920006577000,2025-01-01,51
21920006577250,2025-01-01,150
21920006577500,2025-01-01,133
21920006577750,2025-01-01,60
21920006578000,2025-01-01,5
21920006578500,2025-01-01,6
21920006578750,2025-01-01,1
21920006579500,2025-01-01,4
21920006580000,2025-01-01,2
21920006580250,2025-01-01,6
21920006580500,2025-01-01,5
21920006580750,2025-01-01,4
21920006581500,2025-01-01,11
21920006581750,2025-01-01,6
21922506567000,2025-01-01,52
21922506567250,2025-01-01,147
21922506567500,2025-01-01,32
21922506568500,2025-01-01,49
21922506568750,2025-01-01,109
21922506569250,2025-01-01,307
21922506569500,2025-01-01,191
21922506569750,2025-01-01,66
21922506570250,2025-01-01,2
21922506570500,2025-01-01,5
21922506570750,2025-01-01,13
21922506571750,2025-01-01,18
21922506572000,2025-01-01,104
21922506572250,2025-01-01,116
21922506572500,2025-01-01,181
21922506572750,2025-01-01,141
21922506573000,2025-01-01,77
21922506573250,2025-01-01,148
21922506573500,2025-01-01,205
21922506573750,2025-01-01,158
21922506574000,2025-01-01,227
21922506574250,2025-01-01,157
21922506574750,2025-01-01,392
21922506575000,2025-01-01,154
21922506575250,2025-01-01,21
21922506575500,2025-01-01,205
21922506575750,2025-01-01,222
21922506576000,2025-01-01,204
21922506576250,2025-01-01,252
21922506576500,2025-01-01,92
21922506576750,2025-01-01,102
21922506577250,2025-01-01,5
21922506577500,2025-01-01,10
21922506577750,2025-01-01,65
21922506578000,2025-01-01,108
21922506578250,2025-01-01,59
21922506578750,2025-01-01,1
21922506579250,2025-01-01,5
21922506579500,2025-01-01,2
21922506579750,2025-01-01,2
21922506580000,2025-01-01,5
21922506580500,2025-01-01,5
21922506580750,2025-01-01,3
21922506582250,2025-01-01,1
21922506582750,2025-01-01,3
21925006567250,2025-01-01,22
21925006567500,2025-01-01,64
21925006568000,2025-01-01,32
21925006568500,2025-01-01,78
21925006568750,2025-01-01,87
21925006569000,2025-01-01,95
21925006569250,2025-01-01,30
21925006569500,2025-01-01,150
21925006569750,2025-01-01,28
21925006570000,2025-01-01,11
21925006570250,2025-01-01,5
21925006571750,2025-01-01,45
21925006572000,2025-01-01,210
21925006572250,2025-01-01,166
21925006572500,2025-01-01,137
21925006572750,2025-01-01,119
21925006573000,2025-01-01,109
21925006573250,2025-01-01,174
21925006573500,2025-01-01,175
21925006573750,2025-01-01,251
21925006574000,2025-01-01,142
21925006574500,2025-01-01,1
21925006574750,2025-01-01,22
21925006575000,2025-01-01,59
21925006575250,2025-01-01,244
21925006575500,2025-01-01,174
21925006575750,2025-01-01,194
21925006576000,2025-01-01,171
21925006576250,2025-01-01,75
21925006576500,2025-01-01,114
21925006576750,2025-01-01,171
21925006577000,2025-01-01,49
21925006577500,2025-01-01,8
21925006579000,2025-01-01,11
21925006579250,2025-01-01,4
21925006579500,2025-01-01,1
21925006580250,2025-01-01,7
21925006580500,2025-01-01,6
21925006580750,2025-01-01,6
21925006581000,2025-01-01,2
21925006581250,2025-01-01,1
21925006581500,2025-01-01,10
21925006582000,2025-01-01,1
21925006582250,2025-01-01,2
21925006582500,2025-01-01,18
21925006582750,2025-01-01,4
21927506567500,2025-01-01,2
21927506567750,2025-01-01,16
21927506568000,2025-01-01,23
21927506568250,2025-01-01,25
21927506568500,2025-01-01,153
21927506568750,2025-01-01,171
21927506569000,2025-01-01,190
21927506569250,2025-01-01,67
21927506569500,2025-01-01,157
21927506569750,2025-01-01,17
21927506570000,2025-01-01,9
21927506570250,2025-01-01,39
21927506570500,2025-01-01,123
21927506570750,2025-01-01,17
21927506571500,2025-01-01,1
21927506571750,2025-01-01,4
21927506572000,2025-01-01,157
21927506572250,2025-01-01,108
21927506572500,2025-01-01,24
21927506572750,2025-01-01,10
21927506573000,2025-01-01,130
21927506573250,2025-01-01,98
21927506573500,2025-01-01,87
21927506573750,2025-01-01,104
21927506574000,2025-01-01,41
21927506574250,2025-01-01,24
21927506574500,2025-01-01,150
21927506574750,2025-01-01,196
21927506575000,2025-01-01,211
21927506575250,2025-01-01,191
21927506575500,2025-01-01,136
21927506575750,2025-01-01,55
21927506576000,2025-01-01,61
21927506576250,2025-01-01,76
21927506576500,2025-01-01,81
21927506576750,2025-01-01,16
21927506578750,2025-01-01,13
21927506579000,2025-01-01,7
21927506579250,2025-01-01,2
21927506579750,2025-01-01,1
21927506580000,2025-01-01,8
21927506580250,2025-01-01,8
21927506580500,2025-01-01,7
21927506580750,2025-01-01,2
21927506581000,2025-01-01,3
21927506581250,2025-01-01,3
21927506581500,2025-01-01,1
21927506581750,2025-01-01,6
21927506582000,2025-01-01,6
21927506582250,2025-01-01,1
21927506582500,2025-01-01,1
21930006566750,2025-01-01,51
21930006567000,2025-01-01,172
21930006567250,2025-01-01,19
21930006567500,2025-01-01,82
21930006567750,2025-01-01,155
21930006568000,2025-01-01,122
21930006568250,2025-01-01,79
21930006568500,2025-01-01,127
21930006568750,2025-01-01,24
21930006569000,2025-01-01,50
21930006569250,2025-01-01,123
21930006569500,2025-01-01,118
21930006569750,2025-01-01,135
21930006570000,2025-01-01,96
21930006570250,2025-01-01,53
21930006570500,2025-01-01,198
21930006570750,2025-01-01,149
21930006571000,2025-01-01,12
21930006571500,2025-01-01,6
21930006571750,2025-01-01,41
21930006572000,2025-01-01,66
21930006573250,2025-01-01,3
21930006573500,2025-01-01,52
21930006573750,2025-01-01,193
21930006574000,2025-01-01,113
21930006574250,2025-01-01,140
21930006574500,2025-01-01,176
21930006574750,2025-01-01,129
21930006575000,2025-01-01,137
21930006575250,2025-01-01,134
21930006575500,2025-01-01,175
21930006575750,2025-01-01,112
21930006576000,2025-01-01,158
21930006576250,2025-01-01,137
21930006576500,2025-01-01,31
21930006578500,2025-01-01,2
21930006578750,2025-01-01,22
21930006579500,2025-01-01,8
21930006579750,2025-01-01,1
21930006581000,2025-01-01,2
21930006581250,2025-01-01,2
21932506560500,2025-01-01,2
21932506561250,2025-01-01,3
21932506561750,2025-01-01,2
21932506562000,2025-01-01,8
21932506562500,2025-01-01,1
21932506564250,2025-01-01,3
21932506564500,2025-01-01,49
21932506564750,2025-01-01,53
21932506566250,2025-01-01,20
21932506566500,2025-01-01,73
21932506566750,2025-01-01,171
21932506567000,2025-01-01,187
21932506567250,2025-01-01,106
21932506567500,2025-01-01,63
21932506567750,2025-01-01,95
21932506568000,2025-01-01,219
21932506568250,2025-01-01,174
21932506568500,2025-01-01,35
21932506568750,2025-01-01,205
21932506569000,2025-01-01,76
21932506569250,2025-01-01,147
21932506569500,2025-01-01,194
21932506569750,2025-01-01,181
21932506570000,2025-01-01,110
21932506570250,2025-01-01,94
21932506570500,2025-01-01,74
21932506570750,2025-01-01,110
21932506571000,2025-01-01,146
21932506571250,2025-01-01,74
21932506571500,2025-01-01,17
21932506571750,2025-01-01,32
21932506572000,2025-01-01,7
21932506572250,2025-01-01,17
21932506572500,2025-01-01,70
21932506572750,2025-01-01,86
21932506573000,2025-01-01,134
21932506573250,2025-01-01,107
21932506573500,2025-01-01,47
21932506573750,2025-01-01,83
21932506574000,2025-01-01,78
21932506574250,2025-01-01,208
21932506574500,2025-01-01,130
21932506574750,2025-01-01,130
21932506575000,2025-01-01,149
21932506575250,2025-01-01,134
21932506575500,2025-01-01,82
21932506575750,2025-01-01,56
21932506576000,2025-01-01,19
21932506576250,2025-01-01,1
21932506578250,2025-01-01,4
21932506578500,2025-01-01,17
21932506578750,2025-01-01,10
21932506580750,2025-01-01,4
21932506581250,2025-01-01,5
21935006560750,2025-01-01,2
21935006561250,2025-01-01,9
21935006562250,2025-01-01,16
21935006562500,2025-01-01,14
21935006564000,2025-01-01,15
21935006564250,2025-01-01,92
21935006564500,2025-01-01,181
21935006564750,2025-01-01,77
21935006565000,2025-01-01,11
21935006566000,2025-01-01,28
21935006566250,2025-01-01,154
21935006566500,2025-01-01,195
21935006566750,2025-01-01,160
21935006567000,2025-01-01,153
21935006567250,2025-01-01,7
21935006567500,2025-01-01,68
21935006568000,2025-01-01,53
21935006568250,2025-01-01,283
21935006568500,2025-01-01,162
21935006568750,2025-01-01,99
21935006569000,2025-01-01,78
21935006569250,2025-01-01,66
21935006569500,2025-01-01,119
21935006569750,2025-01-01,183
21935006570000,2025-01-01,98
21935006570250,2025-01-01,24
21935006570750,2025-01-01,18
21935006571000,2025-01-01,93
21935006571250,2025-01-01,11
21935006571500,2025-01-01,1
21935006572000,2025-01-01,22
21935006572250,2025-01-01,132
21935006572500,2025-01-01,129
21935006572750,2025-01-01,139
21935006573000,2025-01-01,118
21935006573250,2025-01-01,2
21935006573500,2025-01-01,2
21935006573750,2025-01-01,8
21935006574000,2025-01-01,133
21935006574250,2025-01-01,41
21935006574500,2025-01-01,125
21935006574750,2025-01-01,69
21935006575000,2025-01-01,41
21935006575250,2025-01-01,11
21935006577000,2025-01-01,5
21935006577500,2025-01-01,5
21935006577750,2025-01-01,10
21935006578250,2025-01-01,26
21935006578500,2025-01-01,8
21935006578750,2025-01-01,21
21935006581000,2025-01-01,12
21937506560000,2025-01-01,3
21937506560250,2025-01-01,3
21937506560750,2025-01-01,4
21937506561250,2025-01-01,6
21937506561500,2025-01-01,2
21937506561750,2025-01-01,12
21937506562000,2025-01-01,1
21937506563750,2025-01-01,47
21937506564000,2025-01-01,138
21937506564250,2025-01-01,153
21937506564500,2025-01-01,150
21937506564750,2025-01-01,169
21937506565000,2025-01-01,85
21937506565250,2025-01-01,10
21937506565500,2025-01-01,44
21937506565750,2025-01-01,26
21937506566000,2025-01-01,95
21937506566250,2025-01-01,148
21937506566500,2025-01-01,144
21937506566750,2025-01-01,117
21937506567000,2025-01-01,230
21937506567250,2025-01-01,122
21937506567500,2025-01-01,219
21937506567750,2025-01-01,320
21937506568000,2025-01-01,113
21937506568250,2025-01-01,187
21937506568500,2025-01-01,154
21937506568750,2025-01-01,216
21937506569000,2025-01-01,195
21937506569250,2025-01-01,109
21937506569500,2025-01-01,182
21937506569750,2025-01-01,103
21937506570000,2025-01-01,3
21937506570250,2025-01-01,2
21937506570500,2025-01-01,175
21937506570750,2025-01-01,12
21937506571750,2025-01-01,76
21937506572000,2025-01-01,139
21937506572250,2025-01-01,147
21937506572500,2025-01-01,94
21937506572750,2025-01-01,22
21937506573000,2025-01-01,4
21937506573250,2025-01-01,4
21937506573500,2025-01-01,16
21937506573750,2025-01-01,4
21937506574000,2025-01-01,5
21937506574250,2025-01-01,3
21937506574500,2025-01-01,9
21937506574750,2025-01-01,2
21937506575000,2025-01-01,12
21937506575250,2025-01-01,6
21937506576500,2025-01-01,7
21937506576750,2025-01-01,19
21937506577000,2025-01-01,6
21937506577250,2025-01-01,21
21937506577500,2025-01-01,12
21937506577750,2025-01-01,7
21937506578000,2025-01-01,10
21937506578500,2025-01-01,2
21937506578750,2025-01-01,13
21937506579000,2025-01-01,5
21937506579250,2025-01-01,1
21937506580000,2025-01-01,3
21937506580250,2025-01-01,3
21937506581000,2025-01-01,4
21940006560000,2025-01-01,6
21940006560250,2025-01-01,17
21940006560750,2025-01-01,8
21940006561000,2025-01-01,22
21940006561250,2025-01-01,10
21940006561500,2025-01-01,30
21940006561750,2025-01-01,2
21940006562000,2025-01-01,6
21940006562250,2025-01-01,5
21940006563750,2025-01-01,88
21940006564000,2025-01-01,104
21940006564250,2025-01-01,90
21940006564500,2025-01-01,126
21940006564750,2025-01-01,60
21940006565000,2025-01-01,50
21940006565250,2025-01-01,67
21940006565500,2025-01-01,58
21940006565750,2025-01-01,76
21940006566000,2025-01-01,110
21940006566250,2025-01-01,170
21940006566500,2025-01-01,136
21940006566750,2025-01-01,115
21940006567000,2025-01-01,249
21940006567250,2025-01-01,152
21940006567500,2025-01-01,217
21940006567750,2025-01-01,95
21940006568000,2025-01-01,128
21940006568250,2025-01-01,161
21940006568500,2025-01-01,234
21940006568750,2025-01-01,167
21940006569000,2025-01-01,80
21940006569250,2025-01-01,32
21940006569500,2025-01-01,22
21940006570000,2025-01-01,2
21940006570250,2025-01-01,29
21940006570500,2025-01-01,152
21940006570750,2025-01-01,119
21940006571000,2025-01-01,30
21940006571250,2025-01-01,46
21940006571500,2025-01-01,107
21940006571750,2025-01-01,156
21940006572000,2025-01-01,77
21940006572250,2025-01-01,37
21940006572500,2025-01-01,10
21940006572750,2025-01-01,12
21940006573000,2025-01-01,6
21940006573250,2025-01-01,13
21940006573500,2025-01-01,2
21940006573750,2025-01-01,5
21940006576000,2025-01-01,17
21940006576250,2025-01-01,22
21940006576500,2025-01-01,74
21940006576750,2025-01-01,61
21940006577000,2025-01-01,4
21940006577250,2025-01-01,2
21940006578000,2025-01-01,12
21940006578250,2025-01-01,11
21940006578500,2025-01-01,5
21940006578750,2025-01-01,20
21940006579000,2025-01-01,5
21940006579250,2025-01-01,3
21940006580250,2025-01-01,2
21940006581000,2025-01-01,10
21940006581250,2025-01-01,4
21942506560000,2025-01-01,3
21942506560250,2025-01-01,8
21942506561500,2025-01-01,2
21942506561750,2025-01-01,4
21942506562750,2025-01-01,1
21942506563000,2025-01-01,5
21942506563750,2025-01-01,138
21942506564000,2025-01-01,92
21942506564250,2025-01-01,39
21942506564500,2025-01-01,82
21942506564750,2025-01-01,105
21942506565000,2025-01-01,162
21942506565250,2025-01-01,101
21942506565500,2025-01-01,72
21942506565750,2025-01-01,158
21942506566000,2025-01-01,173
21942506566250,2025-01-01,148
21942506566500,2025-01-01,189
21942506566750,2025-01-01,62
21942506567000,2025-01-01,139
21942506567250,2025-01-01,191
21942506567500,2025-01-01,217
21942506567750,2025-01-01,118
21942506568000,2025-01-01,80
21942506568250,2025-01-01,54
21942506568500,2025-01-01,48
21942506568750,2025-01-01,61
21942506569000,2025-01-01,57
21942506569250,2025-01-01,71
21942506569500,2025-01-01,77
21942506570000,2025-01-01,4
21942506570250,2025-01-01,17
21942506570500,2025-01-01,92
21942506570750,2025-01-01,165
21942506571000,2025-01-01,160
21942506571250,2025-01-01,150
21942506571500,2025-01-01,149
21942506571750,2025-01-01,144
21942506572000,2025-01-01,79
21942506572250,2025-01-01,13
21942506572750,2025-01-01,6
21942506576000,2025-01-01,8
21942506576250,2025-01-01,2
21942506576500,2025-01-01,10
21942506576750,2025-01-01,51
21942506577000,2025-01-01,1
21942506577500,2025-01-01,8
21942506578000,2025-01-01,2
21942506578500,2025-01-01,29
21942506578750,2025-01-01,12
21942506579000,2025-01-01,2
21942506579500,2025-01-01,8
21942506579750,2025-01-01,4
21942506580000,2025-01-01,2
21942506580250,2025-01-01,5
21942506580500,2025-01-01,3
21945006560500,2025-01-01,9
21945006560750,2025-01-01,2
21945006561000,2025-01-01,61
21945006561250,2025-01-01,173
21945006561500,2025-01-01,10
21945006562500,2025-01-01,1
21945006563000,2025-01-01,52
21945006563250,2025-01-01,50
21945006563750,2025-01-01,188
21945006564000,2025-01-01,22
21945006564250,2025-01-01,53
21945006564500,2025-01-01,158
21945006564750,2025-01-01,228
21945006565000,2025-01-01,220
21945006565250,2025-01-01,131
21945006565500,2025-01-01,113
21945006565750,2025-01-01,70
21945006566000,2025-01-01,15
21945006566750,2025-01-01,133
21945006567000,2025-01-01,157
21945006567250,2025-01-01,136
21945006567500,2025-01-01,138
21945006567750,2025-01-01,73
21945006568000,2025-01-01,77
21945006568250,2025-01-01,137
21945006568500,2025-01-01,219
21945006568750,2025-01-01,211
21945006569000,2025-01-01,143
21945006569250,2025-01-01,175
21945006569500,2025-01-01,127
21945006569750,2025-01-01,24
21945006570250,2025-01-01,11
21945006570500,2025-01-01,76
21945006570750,2025-01-01,163
21945006571000,2025-01-01,140
21945006571250,2025-01-01,138
21945006571500,2025-01-01,63
21945006572000,2025-01-01,2
21945006572250,2025-01-01,17
21945006575250,2025-01-01,1
21945006575500,2025-01-01,5
21945006575750,2025-01-01,6
21945006576250,2025-01-01,9
21945006576500,2025-01-01,9
21945006577250,2025-01-01,3
21945006577750,2025-01-01,3
21945006578250,2025-01-01,3
21945006578750,2025-01-01,2
21945006579250,2025-01-01,6
21945006580500,2025-01-01,5
21945006580750,2025-01-01,4
21945006581000,2025-01-01,11
21947506558250,2025-01-01,27
21947506560500,2025-01-01,16
21947506560750,2025-01-01,52
21947506561000,2025-01-01,77
21947506561250,2025-01-01,127
21947506561500,2025-01-01,88
21947506561750,2025-01-01,15
21947506562500,2025-01-01,11
21947506562750,2025-01-01,58
21947506563000,2025-01-01,105
21947506563250,2025-01-01,36
21947506563500,2025-01-01,19
21947506563750,2025-01-01,83
21947506564000,2025-01-01,78
21947506564250,2025-01-01,131
21947506564500,2025-01-01,9
21947506564750,2025-01-01,186
21947506565000,2025-01-01,16
21947506565250,2025-01-01,21
21947506565500,2025-01-01,36
21947506566750,2025-01-01,106
21947506567000,2025-01-01,187
21947506567250,2025-01-01,36
21947506567500,2025-01-01,102
21947506567750,2025-01-01,28
21947506568000,2025-01-01,118
21947506568250,2025-01-01,336
21947506568500,2025-01-01,264
21947506568750,2025-01-01,55
21947506569000,2025-01-01,200
21947506569250,2025-01-01,198
21947506569500,2025-01-01,220
21947506569750,2025-01-01,133
21947506570000,2025-01-01,77
21947506570250,2025-01-01,76
21947506570750,2025-01-01,52
21947506571000,2025-01-01,81
21947506571250,2025-01-01,38
21947506571500,2025-01-01,15
21947506572250,2025-01-01,5
21947506572750,2025-01-01,3
21947506574750,2025-01-01,7
21947506575000,2025-01-01,6
21947506575250,2025-01-01,8
21947506576500,2025-01-01,3
21947506578250,2025-01-01,6
21947506578500,2025-01-01,6
21947506578750,2025-01-01,1
21947506579000,2025-01-01,2
21947506579250,2025-01-01,1
21947506579500,2025-01-01,4
21947506579750,2025-01-01,5
21947506580500,2025-01-01,2
21947506586500,2025-01-01,1
21947506586750,2025-01-01,4
21947506587000,2025-01-01,18
21950006558000,2025-01-01,3
21950006558250,2025-01-01,39
21950006558750,2025-01-01,4
21950006560250,2025-01-01,22
21950006560500,2025-01-01,12
21950006560750,2025-01-01,98
21950006561000,2025-01-01,109
21950006561250,2025-01-01,143
21950006561500,2025-01-01,96
21950006561750,2025-01-01,143
21950006562000,2025-01-01,28
21950006562250,2025-01-01,14
21950006562500,2025-01-01,88
21950006562750,2025-01-01,146
21950006563000,2025-01-01,149
21950006563750,2025-01-01,23
21950006564000,2025-01-01,176
21950006564250,2025-01-01,211
21950006564500,2025-01-01,129
21950006565250,2025-01-01,47
21950006565500,2025-01-01,3
21950006566750,2025-01-01,88
21950006567000,2025-01-01,147
21950006567250,2025-01-01,47
21950006567500,2025-01-01,36
21950006568000,2025-01-01,31
21950006568250,2025-01-01,243
21950006568500,2025-01-01,207
21950006568750,2025-01-01,112
21950006569000,2025-01-01,49
21950006569500,2025-01-01,58
21950006569750,2025-01-01,129
21950006570000,2025-01-01,165
21950006570250,2025-01-01,97
21950006570500,2025-01-01,250
21950006570750,2025-01-01,41
21950006571000,2025-01-01,3
21950006571250,2025-01-01,7
21950006571750,2025-01-01,3
21950006572000,2025-01-01,4
21950006574500,2025-01-01,3
21950006574750,2025-01-01,21
21950006575000,2025-01-01,13
21950006577000,2025-01-01,1
21950006577250,2025-01-01,4
21950006578750,2025-01-01,5
21950006579000,2025-01-01,2
21950006579250,2025-01-01,10
21950006579500,2025-01-01,4
21950006579750,2025-01-01,3
21950006580000,2025-01-01,1
21950006580500,2025-01-01,3
21950006581000,2025-01-01,8
21950006581250,2025-01-01,3
21950006586500,2025-01-01,10
21950006586750,2025-01-01,5
21950006587000,2025-01-01,5
21950006587250,2025-01-01,4
21950006587500,2025-01-01,1
21952506558250,2025-01-01,39
21952506558500,2025-01-01,6
21952506558750,2025-01-01,69
21952506559500,2025-01-01,8
21952506559750,2025-01-01,12
21952506560000,2025-01-01,11
21952506560250,2025-01-01,33
21952506560500,2025-01-01,30
21952506560750,2025-01-01,129
21952506561000,2025-01-01,107
21952506561250,2025-01-01,75
21952506561500,2025-01-01,2
21952506562000,2025-01-01,17
21952506562250,2025-01-01,52
21952506562500,2025-01-01,127
21952506562750,2025-01-01,68
21952506563000,2025-01-01,73
21952506563250,2025-01-01,13
21952506563500,2025-01-01,42
21952506563750,2025-01-01,82
21952506564000,2025-01-01,100
21952506564250,2025-01-01,115
21952506564500,2025-01-01,33
21952506564750,2025-01-01,3
21952506565000,2025-01-01,19
21952506565250,2025-01-01,84
21952506566500,2025-01-01,39
21952506566750,2025-01-01,173
21952506567000,2025-01-01,123
21952506567250,2025-01-01,24
21952506567500,2025-01-01,1
21952506568000,2025-01-01,52
21952506568250,2025-01-01,39
21952506568500,2025-01-01,160
21952506568750,2025-01-01,222
21952506569000,2025-01-01,156
21952506569500,2025-01-01,2
21952506569750,2025-01-01,127
21952506570000,2025-01-01,123
21952506570250,2025-01-01,69
21952506570500,2025-01-01,54
21952506570750,2025-01-01,33
21952506571000,2025-01-01,9
21952506572750,2025-01-01,4
21952506574250,2025-01-01,3
21952506574500,2025-01-01,13
21952506574750,2025-01-01,2
21952506577000,2025-01-01,4
21952506578750,2025-01-01,5
21952506579000,2025-01-01,4
21952506579250,2025-01-01,16
21952506579750,2025-01-01,4
21952506580000,2025-01-01,10
21952506587250,2025-01-01,8
21952506587500,2025-01-01,3
21955006557750,2025-01-01,5
21955006558000,2025-01-01,29
21955006558250,2025-01-01,105
21955006558500,2025-01-01,48
21955006558750,2025-01-01,8
21955006559250,2025-01-01,12
21955006559500,2025-01-01,72
21955006559750,2025-01-01,27
21955006560250,2025-01-01,90
21955006560500,2025-01-01,198
21955006560750,2025-01-01,126
21955006561000,2025-01-01,92
21955006561250,2025-01-01,151
21955006561500,2025-01-01,122
21955006561750,2025-01-01,117
21955006562000,2025-01-01,112
21955006562250,2025-01-01,144
21955006562500,2025-01-01,137
21955006562750,2025-01-01,40
21955006563000,2025-01-01,10
21955006563250,2025-01-01,99
21955006563500,2025-01-01,127
21955006563750,2025-01-01,90
21955006564000,2025-01-01,72
21955006564250,2025-01-01,101
21955006564500,2025-01-01,4
21955006564750,2025-01-01,2
21955006565000,2025-01-01,3
21955006566250,2025-01-01,2
21955006566500,2025-01-01,4
21955006566750,2025-01-01,62
21955006567000,2025-01-01,23
21955006567500,2025-01-01,6
21955006567750,2025-01-01,11
21955006568250,2025-01-01,1
21955006568500,2025-01-01,91
21955006568750,2025-01-01,101
21955006569000,2025-01-01,174
21955006569250,2025-01-01,19
21955006570250,2025-01-01,5
21955006570500,2025-01-01,14
21955006570750,2025-01-01,5
21955006571000,2025-01-01,11
21955006571250,2025-01-01,9
21955006572750,2025-01-01,5
21955006573250,2025-01-01,3
21955006574000,2025-01-01,2
21955006574250,2025-01-01,4
21955006579000,2025-01-01,13
21955006579250,2025-01-01,24
21955006579500,2025-01-01,1
21955006580000,2025-01-01,10
21955006580250,2025-01-01,1
21955006587000,2025-01-01,6
21955006587250,2025-01-01,5
21955006587500,2025-01-01,2
21957506557750,2025-01-01,88
21957506558000,2025-01-01,200
21957506558250,2025-01-01,69
21957506558500,2025-01-01,78
21957506558750,2025-01-01,51
21957506559500,2025-01-01,10
21957506559750,2025-01-01,2
21957506560250,2025-01-01,36
21957506560500,2025-01-01,51
21957506560750,2025-01-01,95
21957506561000,2025-01-01,71
21957506561250,2025-01-01,91
21957506561500,2025-01-01,144
21957506561750,2025-01-01,121
21957506562000,2025-01-01,86
21957506562250,2025-01-01,109
21957506562500,2025-01-01,66
21957506562750,2025-01-01,52
21957506563000,2025-01-01,119
21957506563250,2025-01-01,31
21957506563500,2025-01-01,36
21957506563750,2025-01-01,113
21957506564000,2025-01-01,101
21957506564250,2025-01-01,77
21957506564750,2025-01-01,3
21957506565000,2025-01-01,15
21957506565250,2025-01-01,58
21957506565500,2025-01-01,65
21957506566500,2025-01-01,5
21957506566750,2025-01-01,9
21957506567250,2025-01-01,1
21957506567500,2025-01-01,3
21957506568250,2025-01-01,5
21957506568500,2025-01-01,2
21957506568750,2025-01-01,15
21957506569000,2025-01-01,6
21957506569250,2025-01-01,154
21957506570000,2025-01-01,10
21957506570500,2025-01-01,1
21957506570750,2025-01-01,3
21957506571000,2025-01-01,2
21957506572750,2025-01-01,2
21957506573000,2025-01-01,4
21957506573250,2025-01-01,4
21957506574000,2025-01-01,8
21957506574250,2025-01-01,10
21957506579000,2025-01-01,5
21957506579250,2025-01-01,2
21957506579500,2025-01-01,4
21957506587000,2025-01-01,2
21957506587250,2025-01-01,24
21957506587500,2025-01-01,14
21957506587750,2025-01-01,11
21957506588000,2025-01-01,8
21960006557750,2025-01-01,83
21960006558000,2025-01-01,177
21960006558250,2025-01-01,192
21960006558500,2025-01-01,166
21960006558750,2025-01-01,21
21960006559750,2025-01-01,1
21960006560500,2025-01-01,163
21960006560750,2025-01-01,70
21960006561000,2025-01-01,17
21960006561250,2025-01-01,92
21960006561500,2025-01-01,132
21960006561750,2025-01-01,104
21960006562000,2025-01-01,120
21960006562250,2025-01-01,64
21960006562500,2025-01-01,58
21960006562750,2025-01-01,28
21960006563000,2025-01-01,103
21960006563250,2025-01-01,24
21960006563750,2025-01-01,41
21960006564000,2025-01-01,146
21960006564250,2025-01-01,59
21960006564500,2025-01-01,24
21960006564750,2025-01-01,17
21960006565000,2025-01-01,85
21960006565250,2025-01-01,117
21960006565500,2025-01-01,88
21960006565750,2025-01-01,41
21960006566250,2025-01-01,3
21960006566500,2025-01-01,4
21960006567750,2025-01-01,3
21960006568000,2025-01-01,13
21960006568250,2025-01-01,26
21960006568500,2025-01-01,5
21960006568750,2025-01-01,11
21960006569000,2025-01-01,6
21960006569250,2025-01-01,91
21960006569500,2025-01-01,6
21960006569750,2025-01-01,9
21960006570500,2025-01-01,4
21960006571500,2025-01-01,5
21960006571750,2025-01-01,3
21960006572000,2025-01-01,7
21960006572250,2025-01-01,9
21960006572500,2025-01-01,8
21960006572750,2025-01-01,12
21960006573250,2025-01-01,1
21960006573750,2025-01-01,4
21960006574000,2025-01-01,5
21960006586000,2025-01-01,3
21960006586250,2025-01-01,1
21960006586500,2025-01-01,1
21960006587000,2025-01-01,9
21960006587250,2025-01-01,6
21960006587500,2025-01-01,3
21960006588000,2025-01-01,7
21962506557750,2025-01-01,110
21962506558000,2025-01-01,73
21962506558250,2025-01-01,133
21962506558500,2025-01-01,18
21962506561750,2025-01-01,37
21962506562000,2025-01-01,28
21962506562250,2025-01-01,3
21962506563000,2025-01-01,19
21962506563250,2025-01-01,89
21962506563500,2025-01-01,42
21962506563750,2025-01-01,35
21962506564000,2025-01-01,63
21962506564250,2025-01-01,58
21962506564500,2025-01-01,146
21962506564750,2025-01-01,36
21962506565000,2025-01-01,59
21962506565250,2025-01-01,110
21962506565500,2025-01-01,135
21962506565750,2025-01-01,100
21962506566000,2025-01-01,71
21962506566250,2025-01-01,77
21962506566750,2025-01-01,4
21962506567250,2025-01-01,6
21962506567500,2025-01-01,4
21962506568500,2025-01-01,1
21962506568750,2025-01-01,2
21962506569000,2025-01-01,21
21962506569250,2025-01-01,66
21962506569500,2025-01-01,50
21962506569750,2025-01-01,30
21962506570000,2025-01-01,21
21962506570250,2025-01-01,12
21962506570500,2025-01-01,5
21962506570750,2025-01-01,5
21962506571250,2025-01-01,4
21962506571750,2025-01-01,3
21962506572500,2025-01-01,8
21962506572750,2025-01-01,2
21962506573250,2025-01-01,2
21962506573500,2025-01-01,1
21962506586000,2025-01-01,2
21962506586500,2025-01-01,11
21962506586750,2025-01-01,1
21962506587500,2025-01-01,8
21962506587750,2025-01-01,9
21965006557750,2025-01-01,94
21965006558000,2025-01-01,30
21965006563250,2025-01-01,6
21965006563500,2025-01-01,62
21965006563750,2025-01-01,79
21965006564000,2025-01-01,50
21965006564250,2025-01-01,43
21965006564500,2025-01-01,102
21965006564750,2025-01-01,74
21965006565000,2025-01-01,5
21965006565250,2025-01-01,50
21965006565500,2025-01-01,45
21965006565750,2025-01-01,18
21965006566000,2025-01-01,208
21965006566250,2025-01-01,30
21965006568750,2025-01-01,2
21965006569000,2025-01-01,8
21965006569250,2025-01-01,10
21965006569750,2025-01-01,13
21965006570000,2025-01-01,2
21965006571000,2025-01-01,5
21965006571250,2025-01-01,12
21965006572250,2025-01-01,4
21965006572500,2025-01-01,1
21965006573000,2025-01-01,1
21965006573250,2025-01-01,2
21965006573500,2025-01-01,13
21965006573750,2025-01-01,1
21965006585500,2025-01-01,4
21965006586000,2025-01-01,5
21965006586500,2025-01-01,4
21965006586750,2025-01-01,3
21965006587000,2025-01-01,2
21965006587750,2025-01-01,11
21965006588000,2025-01-01,11
21967506564000,2025-01-01,10
21967506564250,2025-01-01,51
21967506564500,2025-01-01,10
21967506564750,2025-01-01,26
21967506565750,2025-01-01,10
21967506566000,2025-01-01,16
21967506569250,2025-01-01,6
21967506570750,2025-01-01,10
21967506571250,2025-01-01,6
21967506571500,2025-01-01,2
21967506572000,2025-01-01,3
21967506574500,2025-01-01,9
21967506574750,2025-01-01,2
21967506580750,2025-01-01,1
21967506591500,2025-01-01,2
21967506591750,2025-01-01,1
21967506592250,2025-01-01,11
21970006562500,2025-01-01,2
21970006564250,2025-01-01,32
21970006564500,2025-01-01,1
21970006564750,2025-01-01,11
21970006568500,2025-01-01,6
21970006569000,2025-01-01,6
21970006569250,2025-01-01,16
21970006569500,2025-01-01,4
21970006570250,2025-01-01,11
21970006570500,2025-01-01,4
21970006571000,2025-01-01,2
21970006571250,2025-01-01,6
21970006574750,2025-01-01,2
21970006575000,2025-01-01,5
21970006575250,2025-01-01,6
21970006575500,2025-01-01,2
21970006575750,2025-01-01,2
21970006580500,2025-01-01,4
21970006580750,2025-01-01,5
21970006581000,2025-01-01,11
21970006585000,2025-01-01,4
21970006585250,2025-01-01,5
21972506557750,2025-01-01,4
21972506561500,2025-01-01,3
21972506561750,2025-01-01,3
21972506562000,2025-01-01,7
21972506562250,2025-01-01,15
21972506562500,2025-01-01,12
21972506564250,2025-01-01,7
21972506564500,2025-01-01,13
21972506565750,2025-01-01,5
21972506569250,2025-01-01,7
21972506569500,2025-01-01,2
21972506569750,2025-01-01,2
21972506570000,2025-01-01,18
21972506570250,2025-01-01,8
21972506571250,2025-01-01,2
21972506571500,2025-01-01,4
21972506572250,2025-01-01,1
21972506574500,2025-01-01,6
21972506581000,2025-01-01,2
21972506581250,2025-01-01,7
21972506584750,2025-01-01,3
21972506585000,2025-01-01,9
21975006557500,2025-01-01,20
21975006557750,2025-01-01,17
21975006560500,2025-01-01,4
21975006561000,2025-01-01,3
21975006561250,2025-01-01,20
21975006561500,2025-01-01,27
21975006561750,2025-01-01,19
21975006562000,2025-01-01,9
21975006562250,2025-01-01,8
21975006562500,2025-01-01,12
21975006562750,2025-01-01,28
21975006563000,2025-01-01,12
21975006563250,2025-01-01,29
21975006563500,2025-01-01,3
21975006563750,2025-01-01,2
21975006564000,2025-01-01,16
21975006564250,2025-01-01,13
21975006564500,2025-01-01,3
21975006565250,2025-01-01,4
21975006565750,2025-01-01,18
21975006566000,2025-01-01,1
21975006569500,2025-01-01,2
21975006570000,2025-01-01,2
21975006571000,2025-01-01,1
21975006571500,2025-01-01,1
21975006571750,2025-01-01,7
21975006572000,2025-01-01,1
21975006581250,2025-01-01,2
21975006584000,2025-01-01,1
21975006584250,2025-01-01,5
21975006584500,2025-01-01,5
21975006584750,2025-01-01,7
21977506557000,2025-01-01,24
21977506557250,2025-01-01,48
21977506557500,2025-01-01,49
21977506557750,2025-01-01,11
21977506558500,2025-01-01,1
21977506559500,2025-01-01,5
21977506560000,2025-01-01,8
21977506560500,2025-01-01,10
21977506561250,2025-01-01,4
21977506561500,2025-01-01,102
21977506561750,2025-01-01,10
21977506562750,2025-01-01,2
21977506563250,2025-01-01,18
21977506563500,2025-01-01,34
21977506563750,2025-01-01,37
21977506564000,2025-01-01,14
21977506564250,2025-01-01,31
21977506564500,2025-01-01,20
21977506565000,2025-01-01,8
21977506565250,2025-01-01,2
21977506566000,2025-01-01,6
21977506566250,2025-01-01,12
21977506570000,2025-01-01,1
21977506571500,2025-01-01,2
21977506572250,2025-01-01,3
21977506572500,2025-01-01,2
21977506581250,2025-01-01,46
21977506581500,2025-01-01,23
21977506584000,2025-01-01,2
21977506584500,2025-01-01,3
21977506584750,2025-01-01,10
21977506585000,2025-01-01,2
21980006556750,2025-01-01,2
21980006557000,2025-01-01,21
21980006557250,2025-01-01,31
21980006557500,2025-01-01,13
21980006559250,2025-01-01,4
21980006559500,2025-01-01,2
21980006560000,2025-01-01,1
21980006560500,2025-01-01,2
21980006561000,2025-01-01,1
21980006564750,2025-01-01,2
21980006565250,2025-01-01,11
21980006566250,2025-01-01,3
21980006566500,2025-01-01,16
21980006566750,2025-01-01,3
21980006569750,2025-01-01,8
21980006572250,2025-01-01,8
21980006573000,2025-01-01,1
21980006581250,2025-01-01,47
21980006581500,2025-01-01,41
21980006582000,2025-01-01,31
21980006582250,2025-01-01,82
21980006582500,2025-01-01,62
21980006582750,2025-01-01,10
21980006583250,2025-01-01,5
21980006584000,2025-01-01,1
21980006584250,2025-01-01,2
21980006584500,2025-01-01,13
21980006584750,2025-01-01,1
21982506556750,2025-01-01,2
21982506557000,2025-01-01,16
21982506557250,2025-01-01,10
21982506557500,2025-01-01,4
21982506560000,2025-01-01,5
21982506560750,2025-01-01,3
21982506561000,2025-01-01,8
21982506565250,2025-01-01,5
21982506565500,2025-01-01,1
21982506566250,2025-01-01,3
21982506566500,2025-01-01,27
21982506566750,2025-01-01,51
21982506567000,2025-01-01,1
21982506567250,2025-01-01,3
21982506570750,2025-01-01,4
21982506573250,2025-01-01,1
21982506574000,2025-01-01,2
21982506581250,2025-01-01,49
21982506581500,2025-01-01,18
21982506582000,2025-01-01,61
21982506582250,2025-01-01,70
21982506582500,2025-01-01,73
21982506582750,2025-01-01,38
21982506583000,2025-01-01,13
21982506584000,2025-01-01,3
21982506584250,2025-01-01,11
21982506584500,2025-01-01,5
21985006557250,2025-01-01,17
21985006557500,2025-01-01,6
21985006566500,2025-01-01,5
21985006566750,2025-01-01,14
21985006567250,2025-01-01,1
21985006567500,2025-01-01,6
21985006567750,2025-01-01,2
21985006570750,2025-01-01,6
21985006573750,2025-01-01,9
21985006575250,2025-01-01,2
21985006575500,2025-01-01,2
21985006581500,2025-01-01,43
21985006581750,2025-01-01,3
21985006582250,2025-01-01,10
21985006582500,2025-01-01,27
21985006582750,2025-01-01,2
21985006583000,2025-01-01,4
21985006583250,2025-01-01,7
21985006583500,2025-01-01,10
21985006583750,2025-01-01,7
21985006584000,2025-01-01,5
21985006584250,2025-01-01,14
21985006584500,2025-01-01,23
21987506557250,2025-01-01,13
21987506561250,2025-01-01,13
21987506562000,2025-01-01,1
21987506562250,2025-01-01,3
21987506567000,2025-01-01,10
21987506567250,2025-01-01,2
21987506567500,2025-01-01,6
21987506568000,2025-01-01,17
21987506568250,2025-01-01,13
21987506571250,2025-01-01,1
21987506582000,2025-01-01,80
21987506582250,2025-01-01,59
21987506582500,2025-01-01,19
21987506582750,2025-01-01,20
21987506583000,2025-01-01,3
21987506583500,2025-01-01,4
21987506584000,2025-01-01,11
21987506584250,2025-01-01,79
21987506584500,2025-01-01,25
21990006561250,2025-01-01,3
21990006562250,2025-01-01,3
21990006563250,2025-01-01,3
21990006567500,2025-01-01,7
21990006568000,2025-01-01,10
21990006568250,2025-01-01,4
21990006568500,2025-01-01,6
21990006570750,2025-01-01,2
21990006573750,2025-01-01,2
21990006582250,2025-01-01,20
21990006584000,2025-01-01,7
21990006584250,2025-01-01,75
21990006584500,2025-01-01,10
21992506559750,2025-01-01,3
21992506560000,2025-01-01,2
21992506561250,2025-01-01,6
21992506563250,2025-01-01,1
21992506568000,2025-01-01,2
21992506568500,2025-01-01,2
21992506568750,2025-01-01,2
21992506569000,2025-01-01,15
21992506574500,2025-01-01,1
21992506582000,2025-01-01,5
21992506582250,2025-01-01,77
21992506582500,2025-01-01,19
21992506583750,2025-01-01,5
21992506584000,2025-01-01,3
21992506584250,2025-01-01,7
21992506595750,2025-01-01,2
21995006558000,2025-01-01,1
21995006558250,2025-01-01,7
21995006558500,2025-01-01,2
21995006563750,2025-01-01,2
21995006569250,2025-01-01,2
21995006569500,2025-01-01,6
21995006569750,2025-01-01,2
21995006582000,2025-01-01,12
21995006582250,2025-01-01,22
21995006582500,2025-01-01,8
21995006582750,2025-01-01,3
21995006583000,2025-01-01,2
21995006583500,2025-01-01,4
21995006583750,2025-01-01,5
21995006584250,2025-01-01,1
21995006596250,2025-01-01,1
21997506569250,2025-01-01,2
21997506570000,2025-01-01,10
21997506582250,2025-01-01,10
21997506582750,2025-01-01,73
21997506583000,2025-01-01,39
21997506583500,2025-01-01,7
22000006557750,2025-01-01,1
22000006569750,2025-01-01,1
22000006570250,2025-01-01,6
22000006581250,2025-01-01,6
22000006581500,2025-01-01,17
22000006582750,2025-01-01,42
22000006583000,2025-01-01,42
22000006583250,2025-01-01,14
22000006583500,2025-01-01,17
22002506557000,2025-01-01,5
22002506570750,2025-01-01,5
22002506581000,2025-01-01,5
22002506581250,2025-01-01,7
22002506582000,2025-01-01,5
22002506582250,2025-01-01,6
22002506583000,2025-01-01,6
22002506583500,2025-01-01,1
22005006570750,2025-01-01,2
22005006581000,2025-01-01,2
22005006581500,2025-01-01,1
22005006581750,2025-01-01,5
22005006582000,2025-01-01,6
22005006583500,2025-01-01,8
22005006583750,2025-01-01,13
22007506562750,2025-01-01,4
22007506571250,2025-01-01,4
22007506581000,2025-01-01,5
22007506581500,2025-01-01,2
22007506581750,2025-01-01,4
22007506582000,2025-01-01,8
22007506583500,2025-01-01,10
22007506583750,2025-01-01,2
22010006559750,2025-01-01,2
22010006562750,2025-01-01,1
22010006580500,2025-01-01,1
22010006580750,2025-01-01,2
22010006581000,2025-01-01,2
22010006581250,2025-01-01,3
22010006581500,2025-01-01,8
22010006583500,2025-01-01,2
22012506562000,2025-01-01,2
22012506571500,2025-01-01,4
22012506571750,2025-01-01,4
22012506579250,2025-01-01,1
22012506579750,2025-01-01,1
22012506580000,2025-01-01,8
22012506580250,2025-01-01,2
22012506580750,2025-01-01,3
22015006560500,2025-01-01,2
22015006561000,2025-01-01,8
22015006561250,2025-01-01,5
22015006579250,2025-01-01,6
22015006579500,2025-01-01,17
22015006579750,2025-01-01,9
22015006580000,2025-01-01,2
22015006580500,2025-01-01,2
22017506561250,2025-01-01,7
22017506561500,2025-01-01,18
22017506561750,2025-01-01,8
22017506566500,2025-01-01,2
22017506571500,2025-01-01,2
22017506572000,2025-01-01,4
22017506579500,2025-01-01,2
22017506579750,2025-01-01,5
22017506580000,2025-01-01,7
22017506580250,2025-01-01,1
22017506583250,2025-01-01,1
22020006560500,2025-01-01,1
22020006560750,2025-01-01,3
22020006561500,2025-01-01,2
22020006561750,2025-01-01,22
22020006563000,2025-01-01,3
22020006563250,2025-01-01,2
22020006566000,2025-01-01,6
22020006566500,2025-01-01,1
22020006566750,2025-01-01,2
22020006578750,2025-01-01,1
22020006580000,2025-01-01,4
22022506555750,2025-01-01,2
22022506558750,2025-01-01,5
22022506561000,2025-01-01,14
22022506561250,2025-01-01,53
22022506561500,2025-01-01,37
22022506561750,2025-01-01,16
22022506563500,2025-01-01,5
22022506564250,2025-01-01,2
22022506564750,2025-01-01,7
22022506565000,2025-01-01,9
22022506567000,2025-01-01,4
22022506567500,2025-01-01,1
22022506572500,2025-01-01,2
22022506578500,2025-01-01,3
22022506578750,2025-01-01,7
22022506583000,2025-01-01,1
22025006555750,2025-01-01,1
22025006560750,2025-01-01,6
22025006561000,2025-01-01,42
22025006561250,2025-01-01,29
22025006561500,2025-01-01,2
22025006561750,2025-01-01,17
22025006562000,2025-01-01,21
22025006562250,2025-01-01,2
22025006562750,2025-01-01,11
22025006563000,2025-01-01,1
22025006563250,2025-01-01,7
22025006563500,2025-01-01,2
22025006567750,2025-01-01,6
22025006568500,2025-01-01,2
22025006572500,2025-01-01,1
22025006578500,2025-01-01,4
22025006578750,2025-01-01,3
22025006579000,2025-01-01,9
22025006583000,2025-01-01,2
22027506560500,2025-01-01,56
22027506560750,2025-01-01,65
22027506561000,2025-01-01,8
22027506562000,2025-01-01,2
22027506563000,2025-01-01,4
22027506568750,2025-01-01,3
22027506569500,2025-01-01,2
22027506578500,2025-01-01,1
22027506578750,2025-01-01,7
22027506583250,2025-01-01,1
22030006560500,2025-01-01,57
22030006560750,2025-01-01,7
22030006563250,2025-01-01,2
22030006578750,2025-01-01,2
22030006579000,2025-01-01,1
22032506559250,2025-01-01,5
22032506560500,2025-01-01,2
22032506560750,2025-01-01,5
22032506571000,2025-01-01,16
22032506571250,2025-01-01,6
22032506571500,2025-01-01,4
22032506572000,2025-01-01,14
22035006558750,2025-01-01,8
22035006560500,2025-01-01,5
22035006569750,2025-01-01,6
22035006570500,2025-01-01,11
22035006570750,2025-01-01,21
22035006571000,2025-01-01,13
22035006571250,2025-01-01,10
22035006571500,2025-01-01,14
22035006571750,2025-01-01,3
22035006578000,2025-01-01,2
22035006578750,2025-01-01,5
22035006579000,2025-01-01,3
22037506560250,2025-01-01,4
22037506560500,2025-01-01,3
22037506564750,2025-01-01,6
22037506570250,2025-01-01,4
22037506570500,2025-01-01,1
22037506570750,2025-01-01,2
22037506571000,2025-01-01,2
22037506571250,2025-01-01,2
22037506578500,2025-01-01,1
22037506579250,2025-01-01,4
22040006557250,2025-01-01,1
22040006560250,2025-01-01,21
22040006560500,2025-01-01,3
22040006569500,2025-01-01,4
22040006570000,2025-01-01,2
22040006570750,2025-01-01,4
22040006578250,2025-01-01,4
22040006578500,2025-01-01,17
22042506560250,2025-01-01,2
22042506569750,2025-01-01,1
22042506570000,2025-01-01,3
22042506570500,2025-01-01,1
22042506578500,2025-01-01,10
22045006570000,2025-01-01,4
22045006570250,2025-01-01,3
22045006578250,2025-01-01,2
22045006578500,2025-01-01,5
22045006578750,2025-01-01,5
22047506561750,2025-01-01,2
22047506570000,2025-01-01,2
22047506575000,2025-01-01,1
22047506575500,2025-01-01,5
22047506576500,2025-01-01,3
22047506577000,2025-01-01,3
22047506579000,2025-01-01,5
22047506579250,2025-01-01,3
22050006570000,2025-01-01,2
22050006570250,2025-01-01,4
22050006576250,2025-01-01,1
22052506570000,2025-01-01,4
22052506577250,2025-01-01,2
22052506577500,2025-01-01,1
22055006570000,2025-01-01,2
22055006575000,2025-01-01,1
22057506570000,2025-01-01,3
22057506577250,2025-01-01,7
22060006569750,2025-01-01,4
22060006577250,2025-01-01,5
22060006577500,2025-01-01,4
22062506575750,2025-01-01,2
22062506576000,2025-01-01,2
22062506576750,2025-01-01,1
22065006570000,2025-01-01,1
22067506570750,2025-01-01,2
22067506571000,2025-01-01,2
22072506576750,2025-01-01,4
22075006576500,2025-01-01,4
22075006576750,2025-01-01,1
