Loaded .env file from: D:\Scripts\analyse\Telemark\Python\token.env
X_FUNCTIONS_KEY loaded successfully.
Loaded .env file from: D:\Scripts\analyse\Telemark\Python\token.env
GITHUB_TOKEN loaded successfully.
Downloading file from Enhetsregisteret...
Total file size: 199.9 MB
Writing downloaded content to file...

Download progress: [                                                  ] 32768/209662099 bytes
Download progress: [                                                  ] 65536/209662099 bytes
Download progress: [                                                  ] 98304/209662099 bytes
Download progress: [                                                  ] 131072/209662099 bytes
Download progress: [                                                  ] 163840/209662099 bytes
Download progress: [                                                  ] 196608/209662099 bytes
Download progress: [                                                  ] 229376/209662099 bytes
Download progress: [                                                  ] 262144/209662099 bytes
Download progress: [                                                  ] 294912/209662099 bytes
Download progress: [                                                  ] 327680/209662099 bytes
Download progress: [                                                  ] 360448/209662099 bytes
Download progress: [                                                  ] 393216/209662099 bytes
Download progress: [                                                  ] 425984/209662099 bytes
Download progress: [                                                  ] 458752/209662099 bytes
Download progress: [                                                  ] 491520/209662099 bytes
Download progress: [                                                  ] 524288/209662099 bytes
Download progress: [                                                  ] 557056/209662099 bytes
Download progress: [                                                  ] 589824/209662099 bytes
Download progress: [                                                  ] 622592/209662099 bytes
Download progress: [                                                  ] 655360/209662099 bytes
Download progress: [                                                  ] 688128/209662099 bytes
Download progress: [                                                  ] 720896/209662099 bytes
Download progress: [                                                  ] 753664/209662099 bytes
Download progress: [                                                  ] 786432/209662099 bytes
Download progress: [                                                  ] 819200/209662099 bytes
Download progress: [                                                  ] 851968/209662099 bytes
Download progress: [                                                  ] 884736/209662099 bytes
Download progress: [                                                  ] 917504/209662099 bytes
Download progress: [                                                  ] 950272/209662099 bytes
Download progress: [                                                  ] 983040/209662099 bytes
Download progress: [                                                  ] 1015808/209662099 bytes
Download progress: [                                                  ] 1048576/209662099 bytes
Download progress: [                                                  ] 1081344/209662099 bytes
Download progress: [                                                  ] 1114112/209662099 bytes
Download progress: [                                                  ] 1146880/209662099 bytes
Download progress: [                                                  ] 1179648/209662099 bytes
Download progress: [                                                  ] 1212416/209662099 bytes
Download progress: [                                                  ] 1245184/209662099 bytes
Download progress: [                                                  ] 1277952/209662099 bytes
Download progress: [                                                  ] 1310720/209662099 bytes
Download progress: [                                                  ] 1343488/209662099 bytes
Download progress: [                                                  ] 1376256/209662099 bytes
Download progress: [                                                  ] 1409024/209662099 bytes
Download progress: [                                                  ] 1441792/209662099 bytes
Download progress: [                                                  ] 1474560/209662099 bytes
Download progress: [                                                  ] 1507328/209662099 bytes
Download progress: [                                                  ] 1540096/209662099 bytes
Download progress: [                                                  ] 1572864/209662099 bytes
Download progress: [                                                  ] 1605632/209662099 bytes
Download progress: [                                                  ] 1638400/209662099 bytes
Download progress: [                                                  ] 1671168/209662099 bytes
Download progress: [                                                  ] 1703936/209662099 bytes
Download progress: [                                                  ] 1736704/209662099 bytes
Download progress: [                                                  ] 1769472/209662099 bytes
Download progress: [                                                  ] 1802240/209662099 bytes
Download progress: [                                                  ] 1835008/209662099 bytes
Download progress: [                                                  ] 1867776/209662099 bytes
Download progress: [                                                  ] 1900544/209662099 bytes
Download progress: [                                                  ] 1933312/209662099 bytes
Download progress: [                                                  ] 1966080/209662099 bytes
Download progress: [                                                  ] 1998848/209662099 bytes
Download progress: [                                                  ] 2031616/209662099 bytes
Download progress: [                                                  ] 2064384/209662099 bytes
Download progress: [                                                  ] 2097152/209662099 bytes
Download progress: [                                                  ] 2129920/209662099 bytes
Download progress: [                                                  ] 2162688/209662099 bytes
Download progress: [                                                  ] 2195456/209662099 bytes
Download progress: [                                                  ] 2228224/209662099 bytes
Download progress: [                                                  ] 2260992/209662099 bytes
Download progress: [                                                  ] 2293760/209662099 bytes
Download progress: [                                                  ] 2326528/209662099 bytes
Download progress: [                                                  ] 2359296/209662099 bytes
Download progress: [                                                  ] 2392064/209662099 bytes
Download progress: [                                                  ] 2424832/209662099 bytes
Download progress: [                                                  ] 2457600/209662099 bytes
Download progress: [                                                  ] 2490368/209662099 bytes
Download progress: [                                                  ] 2523136/209662099 bytes
Download progress: [                                                  ] 2555904/209662099 bytes
Download progress: [                                                  ] 2588672/209662099 bytes
Download progress: [                                                  ] 2621440/209662099 bytes
Download progress: [                                                  ] 2654208/209662099 bytes
Download progress: [                                                  ] 2686976/209662099 bytes
Download progress: [                                                  ] 2719744/209662099 bytes
Download progress: [                                                  ] 2752512/209662099 bytes
Download progress: [                                                  ] 2785280/209662099 bytes
Download progress: [                                                  ] 2818048/209662099 bytes
Download progress: [                                                  ] 2850816/209662099 bytes
Download progress: [                                                  ] 2883584/209662099 bytes
Download progress: [                                                  ] 2916352/209662099 bytes
Download progress: [                                                  ] 2949120/209662099 bytes
Download progress: [                                                  ] 2981888/209662099 bytes
Download progress: [                                                  ] 3014656/209662099 bytes
Download progress: [                                                  ] 3047424/209662099 bytes
Download progress: [                                                  ] 3080192/209662099 bytes
Download progress: [                                                  ] 3112960/209662099 bytes
Download progress: [                                                  ] 3145728/209662099 bytes
Download progress: [                                                  ] 3178496/209662099 bytes
Download progress: [                                                  ] 3211264/209662099 bytes
Download progress: [                                                  ] 3244032/209662099 bytes
Download progress: [                                                  ] 3276800/209662099 bytes
Download progress: [                                                  ] 3309568/209662099 bytes
Download progress: [                                                  ] 3342336/209662099 bytes
Download progress: [                                                  ] 3375104/209662099 bytes
Download progress: [                                                  ] 3407872/209662099 bytes
Download progress: [                                                  ] 3440640/209662099 bytes
Download progress: [                                                  ] 3473408/209662099 bytes
Download progress: [                                                  ] 3506176/209662099 bytes
Download progress: [                                                  ] 3538944/209662099 bytes
Download progress: [                                                  ] 3571712/209662099 bytes
Download progress: [                                                  ] 3604480/209662099 bytes
Download progress: [                                                  ] 3637248/209662099 bytes
Download progress: [                                                  ] 3670016/209662099 bytes
Download progress: [                                                  ] 3702784/209662099 bytes
Download progress: [                                                  ] 3735552/209662099 bytes
Download progress: [                                                  ] 3768320/209662099 bytes
Download progress: [                                                  ] 3801088/209662099 bytes
Download progress: [                                                  ] 3833856/209662099 bytes
Download progress: [                                                  ] 3866624/209662099 bytes
Download progress: [                                                  ] 3899392/209662099 bytes
Download progress: [                                                  ] 3932160/209662099 bytes
Download progress: [                                                  ] 3964928/209662099 bytes
Download progress: [                                                  ] 3997696/209662099 bytes
Download progress: [                                                  ] 4030464/209662099 bytes
Download progress: [                                                  ] 4063232/209662099 bytes
Download progress: [                                                  ] 4096000/209662099 bytes
Download progress: [                                                  ] 4128768/209662099 bytes
Download progress: [                                                  ] 4161536/209662099 bytes
Download progress: [=                                                 ] 4194304/209662099 bytes
Download progress: [=                                                 ] 4227072/209662099 bytes
Download progress: [=                                                 ] 4259840/209662099 bytes
Download progress: [=                                                 ] 4292608/209662099 bytes
Download progress: [=                                                 ] 4325376/209662099 bytes
Download progress: [=                                                 ] 4358144/209662099 bytes
Download progress: [=                                                 ] 4390912/209662099 bytes
Download progress: [=                                                 ] 4423680/209662099 bytes
Download progress: [=                                                 ] 4456448/209662099 bytes
Download progress: [=                                                 ] 4489216/209662099 bytes
Download progress: [=                                                 ] 4521984/209662099 bytes
Download progress: [=                                                 ] 4554752/209662099 bytes
Download progress: [=                                                 ] 4587520/209662099 bytes
Download progress: [=                                                 ] 4620288/209662099 bytes
Download progress: [=                                                 ] 4653056/209662099 bytes
Download progress: [=                                                 ] 4685824/209662099 bytes
Download progress: [=                                                 ] 4718592/209662099 bytes
Download progress: [=                                                 ] 4751360/209662099 bytes
Download progress: [=                                                 ] 4784128/209662099 bytes
Download progress: [=                                                 ] 4816896/209662099 bytes
Download progress: [=                                                 ] 4849664/209662099 bytes
Download progress: [=                                                 ] 4882432/209662099 bytes
Download progress: [=                                                 ] 4915200/209662099 bytes
Download progress: [=                                                 ] 4947968/209662099 bytes
Download progress: [=                                                 ] 4980736/209662099 bytes
Download progress: [=                                                 ] 5013504/209662099 bytes
Download progress: [=                                                 ] 5046272/209662099 bytes
Download progress: [=                                                 ] 5079040/209662099 bytes
Download progress: [=                                                 ] 5111808/209662099 bytes
Download progress: [=                                                 ] 5144576/209662099 bytes
Download progress: [=                                                 ] 5177344/209662099 bytes
Download progress: [=                                                 ] 5210112/209662099 bytes
Download progress: [=                                                 ] 5242880/209662099 bytes
Download progress: [=                                                 ] 5275648/209662099 bytes
Download progress: [=                                                 ] 5308416/209662099 bytes
Download progress: [=                                                 ] 5341184/209662099 bytes
Download progress: [=                                                 ] 5373952/209662099 bytes
Download progress: [=                                                 ] 5406720/209662099 bytes
Download progress: [=                                                 ] 5439488/209662099 bytes
Download progress: [=                                                 ] 5472256/209662099 bytes
Download progress: [=                                                 ] 5505024/209662099 bytes
Download progress: [=                                                 ] 5537792/209662099 bytes
Download progress: [=                                                 ] 5570560/209662099 bytes
Download progress: [=                                                 ] 5603328/209662099 bytes
Download progress: [=                                                 ] 5636096/209662099 bytes
Download progress: [=                                                 ] 5668864/209662099 bytes
Download progress: [=                                                 ] 5701632/209662099 bytes
Download progress: [=                                                 ] 5734400/209662099 bytes
Download progress: [=                                                 ] 5767168/209662099 bytes
Download progress: [=                                                 ] 5799936/209662099 bytes
Download progress: [=                                                 ] 5832704/209662099 bytes
Download progress: [=                                                 ] 5865472/209662099 bytes
Download progress: [=                                                 ] 5898240/209662099 bytes
Download progress: [=                                                 ] 5931008/209662099 bytes
Download progress: [=                                                 ] 5963776/209662099 bytes
Download progress: [=                                                 ] 5996544/209662099 bytes
Download progress: [=                                                 ] 6029312/209662099 bytes
Download progress: [=                                                 ] 6062080/209662099 bytes
Download progress: [=                                                 ] 6094848/209662099 bytes
Download progress: [=                                                 ] 6127616/209662099 bytes
Download progress: [=                                                 ] 6160384/209662099 bytes
Download progress: [=                                                 ] 6193152/209662099 bytes
Download progress: [=                                                 ] 6225920/209662099 bytes
Download progress: [=                                                 ] 6258688/209662099 bytes
Download progress: [=                                                 ] 6291456/209662099 bytes
Download progress: [=                                                 ] 6324224/209662099 bytes
Download progress: [=                                                 ] 6356992/209662099 bytes
Download progress: [=                                                 ] 6389760/209662099 bytes
Download progress: [=                                                 ] 6422528/209662099 bytes
Download progress: [=                                                 ] 6455296/209662099 bytes
Download progress: [=                                                 ] 6488064/209662099 bytes
Download progress: [=                                                 ] 6520832/209662099 bytes
Download progress: [=                                                 ] 6553600/209662099 bytes
Download progress: [=                                                 ] 6586368/209662099 bytes
Download progress: [=                                                 ] 6619136/209662099 bytes
Download progress: [=                                                 ] 6651904/209662099 bytes
Download progress: [=                                                 ] 6684672/209662099 bytes
Download progress: [=                                                 ] 6717440/209662099 bytes
Download progress: [=                                                 ] 6750208/209662099 bytes
Download progress: [=                                                 ] 6782976/209662099 bytes
Download progress: [=                                                 ] 6815744/209662099 bytes
Download progress: [=                                                 ] 6848512/209662099 bytes
Download progress: [=                                                 ] 6881280/209662099 bytes
Download progress: [=                                                 ] 6914048/209662099 bytes
Download progress: [=                                                 ] 6946816/209662099 bytes
Download progress: [=                                                 ] 6979584/209662099 bytes
Download progress: [=                                                 ] 7012352/209662099 bytes
Download progress: [=                                                 ] 7045120/209662099 bytes
Download progress: [=                                                 ] 7077888/209662099 bytes
Download progress: [=                                                 ] 7110656/209662099 bytes
Download progress: [=                                                 ] 7143424/209662099 bytes
Download progress: [=                                                 ] 7176192/209662099 bytes
Download progress: [=                                                 ] 7208960/209662099 bytes
Download progress: [=                                                 ] 7241728/209662099 bytes
Download progress: [=                                                 ] 7274496/209662099 bytes
Download progress: [=                                                 ] 7307264/209662099 bytes
Download progress: [=                                                 ] 7340032/209662099 bytes
Download progress: [=                                                 ] 7372800/209662099 bytes
Download progress: [=                                                 ] 7405568/209662099 bytes
Download progress: [=                                                 ] 7438336/209662099 bytes
Download progress: [=                                                 ] 7471104/209662099 bytes
Download progress: [=                                                 ] 7503872/209662099 bytes
Download progress: [=                                                 ] 7536640/209662099 bytes
Download progress: [=                                                 ] 7569408/209662099 bytes
Download progress: [=                                                 ] 7602176/209662099 bytes
Download progress: [=                                                 ] 7634944/209662099 bytes
Download progress: [=                                                 ] 7667712/209662099 bytes
Download progress: [=                                                 ] 7700480/209662099 bytes
Download progress: [=                                                 ] 7733248/209662099 bytes
Download progress: [=                                                 ] 7766016/209662099 bytes
Download progress: [=                                                 ] 7798784/209662099 bytes
Download progress: [=                                                 ] 7831552/209662099 bytes
Download progress: [=                                                 ] 7864320/209662099 bytes
Download progress: [=                                                 ] 7897088/209662099 bytes
Download progress: [=                                                 ] 7929856/209662099 bytes
Download progress: [=                                                 ] 7962624/209662099 bytes
Download progress: [=                                                 ] 7995392/209662099 bytes
Download progress: [=                                                 ] 8028160/209662099 bytes
Download progress: [=                                                 ] 8060928/209662099 bytes
Download progress: [=                                                 ] 8093696/209662099 bytes
Download progress: [=                                                 ] 8126464/209662099 bytes
Download progress: [=                                                 ] 8159232/209662099 bytes
Download progress: [=                                                 ] 8192000/209662099 bytes
Download progress: [=                                                 ] 8224768/209662099 bytes
Download progress: [=                                                 ] 8257536/209662099 bytes
Download progress: [=                                                 ] 8290304/209662099 bytes
Download progress: [=                                                 ] 8323072/209662099 bytes
Download progress: [=                                                 ] 8355840/209662099 bytes
Download progress: [==                                                ] 8388608/209662099 bytes
Download progress: [==                                                ] 8421376/209662099 bytes
Download progress: [==                                                ] 8454144/209662099 bytes
Download progress: [==                                                ] 8486912/209662099 bytes
Download progress: [==                                                ] 8519680/209662099 bytes
Download progress: [==                                                ] 8552448/209662099 bytes
Download progress: [==                                                ] 8585216/209662099 bytes
Download progress: [==                                                ] 8617984/209662099 bytes
Download progress: [==                                                ] 8650752/209662099 bytes
Download progress: [==                                                ] 8683520/209662099 bytes
Download progress: [==                                                ] 8716288/209662099 bytes
Download progress: [==                                                ] 8749056/209662099 bytes
Download progress: [==                                                ] 8781824/209662099 bytes
Download progress: [==                                                ] 8814592/209662099 bytes
Download progress: [==                                                ] 8847360/209662099 bytes
Download progress: [==                                                ] 8880128/209662099 bytes
Download progress: [==                                                ] 8912896/209662099 bytes
Download progress: [==                                                ] 8945664/209662099 bytes
Download progress: [==                                                ] 8978432/209662099 bytes
Download progress: [==                                                ] 9011200/209662099 bytes
Download progress: [==                                                ] 9043968/209662099 bytes
Download progress: [==                                                ] 9076736/209662099 bytes
Download progress: [==                                                ] 9109504/209662099 bytes
Download progress: [==                                                ] 9142272/209662099 bytes
Download progress: [==                                                ] 9175040/209662099 bytes
Download progress: [==                                                ] 9207808/209662099 bytes
Download progress: [==                                                ] 9240576/209662099 bytes
Download progress: [==                                                ] 9273344/209662099 bytes
Download progress: [==                                                ] 9306112/209662099 bytes
Download progress: [==                                                ] 9338880/209662099 bytes
Download progress: [==                                                ] 9371648/209662099 bytes
Download progress: [==                                                ] 9404416/209662099 bytes
Download progress: [==                                                ] 9437184/209662099 bytes
Download progress: [==                                                ] 9469952/209662099 bytes
Download progress: [==                                                ] 9502720/209662099 bytes
Download progress: [==                                                ] 9535488/209662099 bytes
Download progress: [==                                                ] 9568256/209662099 bytes
Download progress: [==                                                ] 9601024/209662099 bytes
Download progress: [==                                                ] 9633792/209662099 bytes
Download progress: [==                                                ] 9666560/209662099 bytes
Download progress: [==                                                ] 9699328/209662099 bytes
Download progress: [==                                                ] 9732096/209662099 bytes
Download progress: [==                                                ] 9764864/209662099 bytes
Download progress: [==                                                ] 9797632/209662099 bytes
Download progress: [==                                                ] 9830400/209662099 bytes
Download progress: [==                                                ] 9863168/209662099 bytes
Download progress: [==                                                ] 9895936/209662099 bytes
Download progress: [==                                                ] 9928704/209662099 bytes
Download progress: [==                                                ] 9961472/209662099 bytes
Download progress: [==                                                ] 9994240/209662099 bytes
Download progress: [==                                                ] 10027008/209662099 bytes
Download progress: [==                                                ] 10059776/209662099 bytes
Download progress: [==                                                ] 10092544/209662099 bytes
Download progress: [==                                                ] 10125312/209662099 bytes
Download progress: [==                                                ] 10158080/209662099 bytes
Download progress: [==                                                ] 10190848/209662099 bytes
Download progress: [==                                                ] 10223616/209662099 bytes
Download progress: [==                                                ] 10256384/209662099 bytes
Download progress: [==                                                ] 10289152/209662099 bytes
Download progress: [==                                                ] 10321920/209662099 bytes
Download progress: [==                                                ] 10354688/209662099 bytes
Download progress: [==                                                ] 10387456/209662099 bytes
Download progress: [==                                                ] 10420224/209662099 bytes
Download progress: [==                                                ] 10452992/209662099 bytes
Download progress: [==                                                ] 10485760/209662099 bytes
Download progress: [==                                                ] 10518528/209662099 bytes
Download progress: [==                                                ] 10551296/209662099 bytes
Download progress: [==                                                ] 10584064/209662099 bytes
Download progress: [==                                                ] 10616832/209662099 bytes
Download progress: [==                                                ] 10649600/209662099 bytes
Download progress: [==                                                ] 10682368/209662099 bytes
Download progress: [==                                                ] 10715136/209662099 bytes
Download progress: [==                                                ] 10747904/209662099 bytes
Download progress: [==                                                ] 10780672/209662099 bytes
Download progress: [==                                                ] 10813440/209662099 bytes
Download progress: [==                                                ] 10846208/209662099 bytes
Download progress: [==                                                ] 10878976/209662099 bytes
Download progress: [==                                                ] 10911744/209662099 bytes
Download progress: [==                                                ] 10944512/209662099 bytes
Download progress: [==                                                ] 10977280/209662099 bytes
Download progress: [==                                                ] 11010048/209662099 bytes
Download progress: [==                                                ] 11042816/209662099 bytes
Download progress: [==                                                ] 11075584/209662099 bytes
Download progress: [==                                                ] 11108352/209662099 bytes
Download progress: [==                                                ] 11141120/209662099 bytes
Download progress: [==                                                ] 11173888/209662099 bytes
Download progress: [==                                                ] 11206656/209662099 bytes
Download progress: [==                                                ] 11239424/209662099 bytes
Download progress: [==                                                ] 11272192/209662099 bytes
Download progress: [==                                                ] 11304960/209662099 bytes
Download progress: [==                                                ] 11337728/209662099 bytes
Download progress: [==                                                ] 11370496/209662099 bytes
Download progress: [==                                                ] 11403264/209662099 bytes
Download progress: [==                                                ] 11436032/209662099 bytes
Download progress: [==                                                ] 11468800/209662099 bytes
Download progress: [==                                                ] 11501568/209662099 bytes
Download progress: [==                                                ] 11534336/209662099 bytes
Download progress: [==                                                ] 11567104/209662099 bytes
Download progress: [==                                                ] 11599872/209662099 bytes
Download progress: [==                                                ] 11632640/209662099 bytes
Download progress: [==                                                ] 11665408/209662099 bytes
Download progress: [==                                                ] 11698176/209662099 bytes
Download progress: [==                                                ] 11730944/209662099 bytes
Download progress: [==                                                ] 11763712/209662099 bytes
Download progress: [==                                                ] 11796480/209662099 bytes
Download progress: [==                                                ] 11829248/209662099 bytes
Download progress: [==                                                ] 11862016/209662099 bytes
Download progress: [==                                                ] 11894784/209662099 bytes
Download progress: [==                                                ] 11927552/209662099 bytes
Download progress: [==                                                ] 11960320/209662099 bytes
Download progress: [==                                                ] 11993088/209662099 bytes
Download progress: [==                                                ] 12025856/209662099 bytes
Download progress: [==                                                ] 12058624/209662099 bytes
Download progress: [==                                                ] 12091392/209662099 bytes
Download progress: [==                                                ] 12124160/209662099 bytes
Download progress: [==                                                ] 12156928/209662099 bytes
Download progress: [==                                                ] 12189696/209662099 bytes
Download progress: [==                                                ] 12222464/209662099 bytes
Download progress: [==                                                ] 12255232/209662099 bytes
Download progress: [==                                                ] 12288000/209662099 bytes
Download progress: [==                                                ] 12320768/209662099 bytes
Download progress: [==                                                ] 12353536/209662099 bytes
Download progress: [==                                                ] 12386304/209662099 bytes
Download progress: [==                                                ] 12419072/209662099 bytes
Download progress: [==                                                ] 12451840/209662099 bytes
Download progress: [==                                                ] 12484608/209662099 bytes
Download progress: [==                                                ] 12517376/209662099 bytes
Download progress: [==                                                ] 12550144/209662099 bytes
Download progress: [===                                               ] 12582912/209662099 bytes
Download progress: [===                                               ] 12615680/209662099 bytes
Download progress: [===                                               ] 12648448/209662099 bytes
Download progress: [===                                               ] 12681216/209662099 bytes
Download progress: [===                                               ] 12713984/209662099 bytes
Download progress: [===                                               ] 12746752/209662099 bytes
Download progress: [===                                               ] 12779520/209662099 bytes
Download progress: [===                                               ] 12812288/209662099 bytes
Download progress: [===                                               ] 12845056/209662099 bytes
Download progress: [===                                               ] 12877824/209662099 bytes
Download progress: [===                                               ] 12910592/209662099 bytes
Download progress: [===                                               ] 12943360/209662099 bytes
Download progress: [===                                               ] 12976128/209662099 bytes
Download progress: [===                                               ] 13008896/209662099 bytes
Download progress: [===                                               ] 13041664/209662099 bytes
Download progress: [===                                               ] 13074432/209662099 bytes
Download progress: [===                                               ] 13107200/209662099 bytes
Download progress: [===                                               ] 13139968/209662099 bytes
Download progress: [===                                               ] 13172736/209662099 bytes
Download progress: [===                                               ] 13205504/209662099 bytes
Download progress: [===                                               ] 13238272/209662099 bytes
Download progress: [===                                               ] 13271040/209662099 bytes
Download progress: [===                                               ] 13303808/209662099 bytes
Download progress: [===                                               ] 13336576/209662099 bytes
Download progress: [===                                               ] 13369344/209662099 bytes
Download progress: [===                                               ] 13402112/209662099 bytes
Download progress: [===                                               ] 13434880/209662099 bytes
Download progress: [===                                               ] 13467648/209662099 bytes
Download progress: [===                                               ] 13500416/209662099 bytes
Download progress: [===                                               ] 13533184/209662099 bytes
Download progress: [===                                               ] 13565952/209662099 bytes
Download progress: [===                                               ] 13598720/209662099 bytes
Download progress: [===                                               ] 13631488/209662099 bytes
Download progress: [===                                               ] 13664256/209662099 bytes
Download progress: [===                                               ] 13697024/209662099 bytes
Download progress: [===                                               ] 13729792/209662099 bytes
Download progress: [===                                               ] 13762560/209662099 bytes
Download progress: [===                                               ] 13795328/209662099 bytes
Download progress: [===                                               ] 13828096/209662099 bytes
Download progress: [===                                               ] 13860864/209662099 bytes
Download progress: [===                                               ] 13893632/209662099 bytes
Download progress: [===                                               ] 13926400/209662099 bytes
Download progress: [===                                               ] 13959168/209662099 bytes
Download progress: [===                                               ] 13991936/209662099 bytes
Download progress: [===                                               ] 14024704/209662099 bytes
Download progress: [===                                               ] 14057472/209662099 bytes
Download progress: [===                                               ] 14090240/209662099 bytes
Download progress: [===                                               ] 14123008/209662099 bytes
Download progress: [===                                               ] 14155776/209662099 bytes
Download progress: [===                                               ] 14188544/209662099 bytes
Download progress: [===                                               ] 14221312/209662099 bytes
Download progress: [===                                               ] 14254080/209662099 bytes
Download progress: [===                                               ] 14286848/209662099 bytes
Download progress: [===                                               ] 14319616/209662099 bytes
Download progress: [===                                               ] 14352384/209662099 bytes
Download progress: [===                                               ] 14385152/209662099 bytes
Download progress: [===                                               ] 14417920/209662099 bytes
Download progress: [===                                               ] 14450688/209662099 bytes
Download progress: [===                                               ] 14483456/209662099 bytes
Download progress: [===                                               ] 14516224/209662099 bytes
Download progress: [===                                               ] 14548992/209662099 bytes
Download progress: [===                                               ] 14581760/209662099 bytes
Download progress: [===                                               ] 14614528/209662099 bytes
Download progress: [===                                               ] 14647296/209662099 bytes
Download progress: [===                                               ] 14680064/209662099 bytes
Download progress: [===                                               ] 14712832/209662099 bytes
Download progress: [===                                               ] 14745600/209662099 bytes
Download progress: [===                                               ] 14778368/209662099 bytes
Download progress: [===                                               ] 14811136/209662099 bytes
Download progress: [===                                               ] 14843904/209662099 bytes
Download progress: [===                                               ] 14876672/209662099 bytes
Download progress: [===                                               ] 14909440/209662099 bytes
Download progress: [===                                               ] 14942208/209662099 bytes
Download progress: [===                                               ] 14974976/209662099 bytes
Download progress: [===                                               ] 15007744/209662099 bytes
Download progress: [===                                               ] 15040512/209662099 bytes
Download progress: [===                                               ] 15073280/209662099 bytes
Download progress: [===                                               ] 15106048/209662099 bytes
Download progress: [===                                               ] 15138816/209662099 bytes
Download progress: [===                                               ] 15171584/209662099 bytes
Download progress: [===                                               ] 15204352/209662099 bytes
Download progress: [===                                               ] 15237120/209662099 bytes
Download progress: [===                                               ] 15269888/209662099 bytes
Download progress: [===                                               ] 15302656/209662099 bytes
Download progress: [===                                               ] 15335424/209662099 bytes
Download progress: [===                                               ] 15368192/209662099 bytes
Download progress: [===                                               ] 15400960/209662099 bytes
Download progress: [===                                               ] 15433728/209662099 bytes
Download progress: [===                                               ] 15466496/209662099 bytes
Download progress: [===                                               ] 15499264/209662099 bytes
Download progress: [===                                               ] 15532032/209662099 bytes
Download progress: [===                                               ] 15564800/209662099 bytes
Download progress: [===                                               ] 15597568/209662099 bytes
Download progress: [===                                               ] 15630336/209662099 bytes
Download progress: [===                                               ] 15663104/209662099 bytes
Download progress: [===                                               ] 15695872/209662099 bytes
Download progress: [===                                               ] 15728640/209662099 bytes
Download progress: [===                                               ] 15761408/209662099 bytes
Download progress: [===                                               ] 15794176/209662099 bytes
Download progress: [===                                               ] 15826944/209662099 bytes
Download progress: [===                                               ] 15859712/209662099 bytes
Download progress: [===                                               ] 15892480/209662099 bytes
Download progress: [===                                               ] 15925248/209662099 bytes
Download progress: [===                                               ] 15958016/209662099 bytes
Download progress: [===                                               ] 15990784/209662099 bytes
Download progress: [===                                               ] 16023552/209662099 bytes
Download progress: [===                                               ] 16056320/209662099 bytes
Download progress: [===                                               ] 16089088/209662099 bytes
Download progress: [===                                               ] 16121856/209662099 bytes
Download progress: [===                                               ] 16154624/209662099 bytes
Download progress: [===                                               ] 16187392/209662099 bytes
Download progress: [===                                               ] 16220160/209662099 bytes
Download progress: [===                                               ] 16252928/209662099 bytes
Download progress: [===                                               ] 16285696/209662099 bytes
Download progress: [===                                               ] 16318464/209662099 bytes
Download progress: [===                                               ] 16351232/209662099 bytes
Download progress: [===                                               ] 16384000/209662099 bytes
Download progress: [===                                               ] 16416768/209662099 bytes
Download progress: [===                                               ] 16449536/209662099 bytes
Download progress: [===                                               ] 16482304/209662099 bytes
Download progress: [===                                               ] 16515072/209662099 bytes
Download progress: [===                                               ] 16547840/209662099 bytes
Download progress: [===                                               ] 16580608/209662099 bytes
Download progress: [===                                               ] 16613376/209662099 bytes
Download progress: [===                                               ] 16646144/209662099 bytes
Download progress: [===                                               ] 16678912/209662099 bytes
Download progress: [===                                               ] 16711680/209662099 bytes
Download progress: [===                                               ] 16744448/209662099 bytes
Download progress: [====                                              ] 16777216/209662099 bytes
Download progress: [====                                              ] 16809984/209662099 bytes
Download progress: [====                                              ] 16842752/209662099 bytes
Download progress: [====                                              ] 16875520/209662099 bytes
Download progress: [====                                              ] 16908288/209662099 bytes
Download progress: [====                                              ] 16941056/209662099 bytes
Download progress: [====                                              ] 16973824/209662099 bytes
Download progress: [====                                              ] 17006592/209662099 bytes
Download progress: [====                                              ] 17039360/209662099 bytes
Download progress: [====                                              ] 17072128/209662099 bytes
Download progress: [====                                              ] 17104896/209662099 bytes
Download progress: [====                                              ] 17137664/209662099 bytes
Download progress: [====                                              ] 17170432/209662099 bytes
Download progress: [====                                              ] 17203200/209662099 bytes
Download progress: [====                                              ] 17235968/209662099 bytes
Download progress: [====                                              ] 17268736/209662099 bytes
Download progress: [====                                              ] 17301504/209662099 bytes
Download progress: [====                                              ] 17334272/209662099 bytes
Download progress: [====                                              ] 17367040/209662099 bytes
Download progress: [====                                              ] 17399808/209662099 bytes
Download progress: [====                                              ] 17432576/209662099 bytes
Download progress: [====                                              ] 17465344/209662099 bytes
Download progress: [====                                              ] 17498112/209662099 bytes
Download progress: [====                                              ] 17530880/209662099 bytes
Download progress: [====                                              ] 17563648/209662099 bytes
Download progress: [====                                              ] 17596416/209662099 bytes
Download progress: [====                                              ] 17629184/209662099 bytes
Download progress: [====                                              ] 17661952/209662099 bytes
Download progress: [====                                              ] 17694720/209662099 bytes
Download progress: [====                                              ] 17727488/209662099 bytes
Download progress: [====                                              ] 17760256/209662099 bytes
Download progress: [====                                              ] 17793024/209662099 bytes
Download progress: [====                                              ] 17825792/209662099 bytes
Download progress: [====                                              ] 17858560/209662099 bytes
Download progress: [====                                              ] 17891328/209662099 bytes
Download progress: [====                                              ] 17924096/209662099 bytes
Download progress: [====                                              ] 17956864/209662099 bytes
Download progress: [====                                              ] 17989632/209662099 bytes
Download progress: [====                                              ] 18022400/209662099 bytes
Download progress: [====                                              ] 18055168/209662099 bytes
Download progress: [====                                              ] 18087936/209662099 bytes
Download progress: [====                                              ] 18120704/209662099 bytes
Download progress: [====                                              ] 18153472/209662099 bytes
Download progress: [====                                              ] 18186240/209662099 bytes
Download progress: [====                                              ] 18219008/209662099 bytes
Download progress: [====                                              ] 18251776/209662099 bytes
Download progress: [====                                              ] 18284544/209662099 bytes
Download progress: [====                                              ] 18317312/209662099 bytes
Download progress: [====                                              ] 18350080/209662099 bytes
Download progress: [====                                              ] 18382848/209662099 bytes
Download progress: [====                                              ] 18415616/209662099 bytes
Download progress: [====                                              ] 18448384/209662099 bytes
Download progress: [====                                              ] 18481152/209662099 bytes
Download progress: [====                                              ] 18513920/209662099 bytes
Download progress: [====                                              ] 18546688/209662099 bytes
Download progress: [====                                              ] 18579456/209662099 bytes
Download progress: [====                                              ] 18612224/209662099 bytes
Download progress: [====                                              ] 18644992/209662099 bytes
Download progress: [====                                              ] 18677760/209662099 bytes
Download progress: [====                                              ] 18710528/209662099 bytes
Download progress: [====                                              ] 18743296/209662099 bytes
Download progress: [====                                              ] 18776064/209662099 bytes
Download progress: [====                                              ] 18808832/209662099 bytes
Download progress: [====                                              ] 18841600/209662099 bytes
Download progress: [====                                              ] 18874368/209662099 bytes
Download progress: [====                                              ] 18907136/209662099 bytes
Download progress: [====                                              ] 18939904/209662099 bytes
Download progress: [====                                              ] 18972672/209662099 bytes
Download progress: [====                                              ] 19005440/209662099 bytes
Download progress: [====                                              ] 19038208/209662099 bytes
Download progress: [====                                              ] 19070976/209662099 bytes
Download progress: [====                                              ] 19103744/209662099 bytes
Download progress: [====                                              ] 19136512/209662099 bytes
Download progress: [====                                              ] 19169280/209662099 bytes
Download progress: [====                                              ] 19202048/209662099 bytes
Download progress: [====                                              ] 19234816/209662099 bytes
Download progress: [====                                              ] 19267584/209662099 bytes
Download progress: [====                                              ] 19300352/209662099 bytes
Download progress: [====                                              ] 19333120/209662099 bytes
Download progress: [====                                              ] 19365888/209662099 bytes
Download progress: [====                                              ] 19398656/209662099 bytes
Download progress: [====                                              ] 19431424/209662099 bytes
Download progress: [====                                              ] 19464192/209662099 bytes
Download progress: [====                                              ] 19496960/209662099 bytes
Download progress: [====                                              ] 19529728/209662099 bytes
Download progress: [====                                              ] 19562496/209662099 bytes
Download progress: [====                                              ] 19595264/209662099 bytes
Download progress: [====                                              ] 19628032/209662099 bytes
Download progress: [====                                              ] 19660800/209662099 bytes
Download progress: [====                                              ] 19693568/209662099 bytes
Download progress: [====                                              ] 19726336/209662099 bytes
Download progress: [====                                              ] 19759104/209662099 bytes
Download progress: [====                                              ] 19791872/209662099 bytes
Download progress: [====                                              ] 19824640/209662099 bytes
Download progress: [====                                              ] 19857408/209662099 bytes
Download progress: [====                                              ] 19890176/209662099 bytes
Download progress: [====                                              ] 19922944/209662099 bytes
Download progress: [====                                              ] 19955712/209662099 bytes
Download progress: [====                                              ] 19988480/209662099 bytes
Download progress: [====                                              ] 20021248/209662099 bytes
Download progress: [====                                              ] 20054016/209662099 bytes
Download progress: [====                                              ] 20086784/209662099 bytes
Download progress: [====                                              ] 20119552/209662099 bytes
Download progress: [====                                              ] 20152320/209662099 bytes
Download progress: [====                                              ] 20185088/209662099 bytes
Download progress: [====                                              ] 20217856/209662099 bytes
Download progress: [====                                              ] 20250624/209662099 bytes
Download progress: [====                                              ] 20283392/209662099 bytes
Download progress: [====                                              ] 20316160/209662099 bytes
Download progress: [====                                              ] 20348928/209662099 bytes
Download progress: [====                                              ] 20381696/209662099 bytes
Download progress: [====                                              ] 20414464/209662099 bytes
Download progress: [====                                              ] 20447232/209662099 bytes
Download progress: [====                                              ] 20480000/209662099 bytes
Download progress: [====                                              ] 20512768/209662099 bytes
Download progress: [====                                              ] 20545536/209662099 bytes
Download progress: [====                                              ] 20578304/209662099 bytes
Download progress: [====                                              ] 20611072/209662099 bytes
Download progress: [====                                              ] 20643840/209662099 bytes
Download progress: [====                                              ] 20676608/209662099 bytes
Download progress: [====                                              ] 20709376/209662099 bytes
Download progress: [====                                              ] 20742144/209662099 bytes
Download progress: [====                                              ] 20774912/209662099 bytes
Download progress: [====                                              ] 20807680/209662099 bytes
Download progress: [====                                              ] 20840448/209662099 bytes
Download progress: [====                                              ] 20873216/209662099 bytes
Download progress: [====                                              ] 20905984/209662099 bytes
Download progress: [====                                              ] 20938752/209662099 bytes
Download progress: [=====                                             ] 20971520/209662099 bytes
Download progress: [=====                                             ] 21004288/209662099 bytes
Download progress: [=====                                             ] 21037056/209662099 bytes
Download progress: [=====                                             ] 21069824/209662099 bytes
Download progress: [=====                                             ] 21102592/209662099 bytes
Download progress: [=====                                             ] 21135360/209662099 bytes
Download progress: [=====                                             ] 21168128/209662099 bytes
Download progress: [=====                                             ] 21200896/209662099 bytes
Download progress: [=====                                             ] 21233664/209662099 bytes
Download progress: [=====                                             ] 21266432/209662099 bytes
Download progress: [=====                                             ] 21299200/209662099 bytes
Download progress: [=====                                             ] 21331968/209662099 bytes
Download progress: [=====                                             ] 21364736/209662099 bytes
Download progress: [=====                                             ] 21397504/209662099 bytes
Download progress: [=====                                             ] 21430272/209662099 bytes
Download progress: [=====                                             ] 21463040/209662099 bytes
Download progress: [=====                                             ] 21495808/209662099 bytes
Download progress: [=====                                             ] 21528576/209662099 bytes
Download progress: [=====                                             ] 21561344/209662099 bytes
Download progress: [=====                                             ] 21594112/209662099 bytes
Download progress: [=====                                             ] 21626880/209662099 bytes
Download progress: [=====                                             ] 21659648/209662099 bytes
Download progress: [=====                                             ] 21692416/209662099 bytes
Download progress: [=====                                             ] 21725184/209662099 bytes
Download progress: [=====                                             ] 21757952/209662099 bytes
Download progress: [=====                                             ] 21790720/209662099 bytes
Download progress: [=====                                             ] 21823488/209662099 bytes
Download progress: [=====                                             ] 21856256/209662099 bytes
Download progress: [=====                                             ] 21889024/209662099 bytes
Download progress: [=====                                             ] 21921792/209662099 bytes
Download progress: [=====                                             ] 21954560/209662099 bytes
Download progress: [=====                                             ] 21987328/209662099 bytes
Download progress: [=====                                             ] 22020096/209662099 bytes
Download progress: [=====                                             ] 22052864/209662099 bytes
Download progress: [=====                                             ] 22085632/209662099 bytes
Download progress: [=====                                             ] 22118400/209662099 bytes
Download progress: [=====                                             ] 22151168/209662099 bytes
Download progress: [=====                                             ] 22183936/209662099 bytes
Download progress: [=====                                             ] 22216704/209662099 bytes
Download progress: [=====                                             ] 22249472/209662099 bytes
Download progress: [=====                                             ] 22282240/209662099 bytes
Download progress: [=====                                             ] 22315008/209662099 bytes
Download progress: [=====                                             ] 22347776/209662099 bytes
Download progress: [=====                                             ] 22380544/209662099 bytes
Download progress: [=====                                             ] 22413312/209662099 bytes
Download progress: [=====                                             ] 22446080/209662099 bytes
Download progress: [=====                                             ] 22478848/209662099 bytes
Download progress: [=====                                             ] 22511616/209662099 bytes
Download progress: [=====                                             ] 22544384/209662099 bytes
Download progress: [=====                                             ] 22577152/209662099 bytes
Download progress: [=====                                             ] 22609920/209662099 bytes
Download progress: [=====                                             ] 22642688/209662099 bytes
Download progress: [=====                                             ] 22675456/209662099 bytes
Download progress: [=====                                             ] 22708224/209662099 bytes
Download progress: [=====                                             ] 22740992/209662099 bytes
Download progress: [=====                                             ] 22773760/209662099 bytes
Download progress: [=====                                             ] 22806528/209662099 bytes
Download progress: [=====                                             ] 22839296/209662099 bytes
Download progress: [=====                                             ] 22872064/209662099 bytes
Download progress: [=====                                             ] 22904832/209662099 bytes
Download progress: [=====                                             ] 22937600/209662099 bytes
Download progress: [=====                                             ] 22970368/209662099 bytes
Download progress: [=====                                             ] 23003136/209662099 bytes
Download progress: [=====                                             ] 23035904/209662099 bytes
Download progress: [=====                                             ] 23068672/209662099 bytes
Download progress: [=====                                             ] 23101440/209662099 bytes
Download progress: [=====                                             ] 23134208/209662099 bytes
Download progress: [=====                                             ] 23166976/209662099 bytes
Download progress: [=====                                             ] 23199744/209662099 bytes
Download progress: [=====                                             ] 23232512/209662099 bytes
Download progress: [=====                                             ] 23265280/209662099 bytes
Download progress: [=====                                             ] 23298048/209662099 bytes
Download progress: [=====                                             ] 23330816/209662099 bytes
Download progress: [=====                                             ] 23363584/209662099 bytes
Download progress: [=====                                             ] 23396352/209662099 bytes
Download progress: [=====                                             ] 23429120/209662099 bytes
Download progress: [=====                                             ] 23461888/209662099 bytes
Download progress: [=====                                             ] 23494656/209662099 bytes
Download progress: [=====                                             ] 23527424/209662099 bytes
Download progress: [=====                                             ] 23560192/209662099 bytes
Download progress: [=====                                             ] 23592960/209662099 bytes
Download progress: [=====                                             ] 23625728/209662099 bytes
Download progress: [=====                                             ] 23658496/209662099 bytes
Download progress: [=====                                             ] 23691264/209662099 bytes
Download progress: [=====                                             ] 23724032/209662099 bytes
Download progress: [=====                                             ] 23756800/209662099 bytes
Download progress: [=====                                             ] 23789568/209662099 bytes
Download progress: [=====                                             ] 23822336/209662099 bytes
Download progress: [=====                                             ] 23855104/209662099 bytes
Download progress: [=====                                             ] 23887872/209662099 bytes
Download progress: [=====                                             ] 23920640/209662099 bytes
Download progress: [=====                                             ] 23953408/209662099 bytes
Download progress: [=====                                             ] 23986176/209662099 bytes
Download progress: [=====                                             ] 24018944/209662099 bytes
Download progress: [=====                                             ] 24051712/209662099 bytes
Download progress: [=====                                             ] 24084480/209662099 bytes
Download progress: [=====                                             ] 24117248/209662099 bytes
Download progress: [=====                                             ] 24150016/209662099 bytes
Download progress: [=====                                             ] 24182784/209662099 bytes
Download progress: [=====                                             ] 24215552/209662099 bytes
Download progress: [=====                                             ] 24248320/209662099 bytes
Download progress: [=====                                             ] 24281088/209662099 bytes
Download progress: [=====                                             ] 24313856/209662099 bytes
Download progress: [=====                                             ] 24346624/209662099 bytes
Download progress: [=====                                             ] 24379392/209662099 bytes
Download progress: [=====                                             ] 24412160/209662099 bytes
Download progress: [=====                                             ] 24444928/209662099 bytes
Download progress: [=====                                             ] 24477696/209662099 bytes
Download progress: [=====                                             ] 24510464/209662099 bytes
Download progress: [=====                                             ] 24543232/209662099 bytes
Download progress: [=====                                             ] 24576000/209662099 bytes
Download progress: [=====                                             ] 24608768/209662099 bytes
Download progress: [=====                                             ] 24641536/209662099 bytes
Download progress: [=====                                             ] 24674304/209662099 bytes
Download progress: [=====                                             ] 24707072/209662099 bytes
Download progress: [=====                                             ] 24739840/209662099 bytes
Download progress: [=====                                             ] 24772608/209662099 bytes
Download progress: [=====                                             ] 24805376/209662099 bytes
Download progress: [=====                                             ] 24838144/209662099 bytes
Download progress: [=====                                             ] 24870912/209662099 bytes
Download progress: [=====                                             ] 24903680/209662099 bytes
Download progress: [=====                                             ] 24936448/209662099 bytes
Download progress: [=====                                             ] 24969216/209662099 bytes
Download progress: [=====                                             ] 25001984/209662099 bytes
Download progress: [=====                                             ] 25034752/209662099 bytes
Download progress: [=====                                             ] 25067520/209662099 bytes
Download progress: [=====                                             ] 25100288/209662099 bytes
Download progress: [=====                                             ] 25133056/209662099 bytes
Download progress: [======                                            ] 25165824/209662099 bytes
Download progress: [======                                            ] 25198592/209662099 bytes
Download progress: [======                                            ] 25231360/209662099 bytes
Download progress: [======                                            ] 25264128/209662099 bytes
Download progress: [======                                            ] 25296896/209662099 bytes
Download progress: [======                                            ] 25329664/209662099 bytes
Download progress: [======                                            ] 25362432/209662099 bytes
Download progress: [======                                            ] 25395200/209662099 bytes
Download progress: [======                                            ] 25427968/209662099 bytes
Download progress: [======                                            ] 25460736/209662099 bytes
Download progress: [======                                            ] 25493504/209662099 bytes
Download progress: [======                                            ] 25526272/209662099 bytes
Download progress: [======                                            ] 25559040/209662099 bytes
Download progress: [======                                            ] 25591808/209662099 bytes
Download progress: [======                                            ] 25624576/209662099 bytes
Download progress: [======                                            ] 25657344/209662099 bytes
Download progress: [======                                            ] 25690112/209662099 bytes
Download progress: [======                                            ] 25722880/209662099 bytes
Download progress: [======                                            ] 25755648/209662099 bytes
Download progress: [======                                            ] 25788416/209662099 bytes
Download progress: [======                                            ] 25821184/209662099 bytes
Download progress: [======                                            ] 25853952/209662099 bytes
Download progress: [======                                            ] 25886720/209662099 bytes
Download progress: [======                                            ] 25919488/209662099 bytes
Download progress: [======                                            ] 25952256/209662099 bytes
Download progress: [======                                            ] 25985024/209662099 bytes
Download progress: [======                                            ] 26017792/209662099 bytes
Download progress: [======                                            ] 26050560/209662099 bytes
Download progress: [======                                            ] 26083328/209662099 bytes
Download progress: [======                                            ] 26116096/209662099 bytes
Download progress: [======                                            ] 26148864/209662099 bytes
Download progress: [======                                            ] 26181632/209662099 bytes
Download progress: [======                                            ] 26214400/209662099 bytes
Download progress: [======                                            ] 26247168/209662099 bytes
Download progress: [======                                            ] 26279936/209662099 bytes
Download progress: [======                                            ] 26312704/209662099 bytes
Download progress: [======                                            ] 26345472/209662099 bytes
Download progress: [======                                            ] 26378240/209662099 bytes
Download progress: [======                                            ] 26411008/209662099 bytes
Download progress: [======                                            ] 26443776/209662099 bytes
Download progress: [======                                            ] 26476544/209662099 bytes
Download progress: [======                                            ] 26509312/209662099 bytes
Download progress: [======                                            ] 26542080/209662099 bytes
Download progress: [======                                            ] 26574848/209662099 bytes
Download progress: [======                                            ] 26607616/209662099 bytes
Download progress: [======                                            ] 26640384/209662099 bytes
Download progress: [======                                            ] 26673152/209662099 bytes
Download progress: [======                                            ] 26705920/209662099 bytes
Download progress: [======                                            ] 26738688/209662099 bytes
Download progress: [======                                            ] 26771456/209662099 bytes
Download progress: [======                                            ] 26804224/209662099 bytes
Download progress: [======                                            ] 26836992/209662099 bytes
Download progress: [======                                            ] 26869760/209662099 bytes
Download progress: [======                                            ] 26902528/209662099 bytes
Download progress: [======                                            ] 26935296/209662099 bytes
Download progress: [======                                            ] 26968064/209662099 bytes
Download progress: [======                                            ] 27000832/209662099 bytes
Download progress: [======                                            ] 27033600/209662099 bytes
Download progress: [======                                            ] 27066368/209662099 bytes
Download progress: [======                                            ] 27099136/209662099 bytes
Download progress: [======                                            ] 27131904/209662099 bytes
Download progress: [======                                            ] 27164672/209662099 bytes
Download progress: [======                                            ] 27197440/209662099 bytes
Download progress: [======                                            ] 27230208/209662099 bytes
Download progress: [======                                            ] 27262976/209662099 bytes
Download progress: [======                                            ] 27295744/209662099 bytes
Download progress: [======                                            ] 27328512/209662099 bytes
Download progress: [======                                            ] 27361280/209662099 bytes
Download progress: [======                                            ] 27394048/209662099 bytes
Download progress: [======                                            ] 27426816/209662099 bytes
Download progress: [======                                            ] 27459584/209662099 bytes
Download progress: [======                                            ] 27492352/209662099 bytes
Download progress: [======                                            ] 27525120/209662099 bytes
Download progress: [======                                            ] 27557888/209662099 bytes
Download progress: [======                                            ] 27590656/209662099 bytes
Download progress: [======                                            ] 27623424/209662099 bytes
Download progress: [======                                            ] 27656192/209662099 bytes
Download progress: [======                                            ] 27688960/209662099 bytes
Download progress: [======                                            ] 27721728/209662099 bytes
Download progress: [======                                            ] 27754496/209662099 bytes
Download progress: [======                                            ] 27787264/209662099 bytes
Download progress: [======                                            ] 27820032/209662099 bytes
Download progress: [======                                            ] 27852800/209662099 bytes
Download progress: [======                                            ] 27885568/209662099 bytes
Download progress: [======                                            ] 27918336/209662099 bytes
Download progress: [======                                            ] 27951104/209662099 bytes
Download progress: [======                                            ] 27983872/209662099 bytes
Download progress: [======                                            ] 28016640/209662099 bytes
Download progress: [======                                            ] 28049408/209662099 bytes
Download progress: [======                                            ] 28082176/209662099 bytes
Download progress: [======                                            ] 28114944/209662099 bytes
Download progress: [======                                            ] 28147712/209662099 bytes
Download progress: [======                                            ] 28180480/209662099 bytes
Download progress: [======                                            ] 28213248/209662099 bytes
Download progress: [======                                            ] 28246016/209662099 bytes
Download progress: [======                                            ] 28278784/209662099 bytes
Download progress: [======                                            ] 28311552/209662099 bytes
Download progress: [======                                            ] 28344320/209662099 bytes
Download progress: [======                                            ] 28377088/209662099 bytes
Download progress: [======                                            ] 28409856/209662099 bytes
Download progress: [======                                            ] 28442624/209662099 bytes
Download progress: [======                                            ] 28475392/209662099 bytes
Download progress: [======                                            ] 28508160/209662099 bytes
Download progress: [======                                            ] 28540928/209662099 bytes
Download progress: [======                                            ] 28573696/209662099 bytes
Download progress: [======                                            ] 28606464/209662099 bytes
Download progress: [======                                            ] 28639232/209662099 bytes
Download progress: [======                                            ] 28672000/209662099 bytes
Download progress: [======                                            ] 28704768/209662099 bytes
Download progress: [======                                            ] 28737536/209662099 bytes
Download progress: [======                                            ] 28770304/209662099 bytes
Download progress: [======                                            ] 28803072/209662099 bytes
Download progress: [======                                            ] 28835840/209662099 bytes
Download progress: [======                                            ] 28868608/209662099 bytes
Download progress: [======                                            ] 28901376/209662099 bytes
Download progress: [======                                            ] 28934144/209662099 bytes
Download progress: [======                                            ] 28966912/209662099 bytes
Download progress: [======                                            ] 28999680/209662099 bytes
Download progress: [======                                            ] 29032448/209662099 bytes
Download progress: [======                                            ] 29065216/209662099 bytes
Download progress: [======                                            ] 29097984/209662099 bytes
Download progress: [======                                            ] 29130752/209662099 bytes
Download progress: [======                                            ] 29163520/209662099 bytes
Download progress: [======                                            ] 29196288/209662099 bytes
Download progress: [======                                            ] 29229056/209662099 bytes
Download progress: [======                                            ] 29261824/209662099 bytes
Download progress: [======                                            ] 29294592/209662099 bytes
Download progress: [======                                            ] 29327360/209662099 bytes
Download progress: [=======                                           ] 29360128/209662099 bytes
Download progress: [=======                                           ] 29392896/209662099 bytes
Download progress: [=======                                           ] 29425664/209662099 bytes
Download progress: [=======                                           ] 29458432/209662099 bytes
Download progress: [=======                                           ] 29491200/209662099 bytes
Download progress: [=======                                           ] 29523968/209662099 bytes
Download progress: [=======                                           ] 29556736/209662099 bytes
Download progress: [=======                                           ] 29589504/209662099 bytes
Download progress: [=======                                           ] 29622272/209662099 bytes
Download progress: [=======                                           ] 29655040/209662099 bytes
Download progress: [=======                                           ] 29687808/209662099 bytes
Download progress: [=======                                           ] 29720576/209662099 bytes
Download progress: [=======                                           ] 29753344/209662099 bytes
Download progress: [=======                                           ] 29786112/209662099 bytes
Download progress: [=======                                           ] 29818880/209662099 bytes
Download progress: [=======                                           ] 29851648/209662099 bytes
Download progress: [=======                                           ] 29884416/209662099 bytes
Download progress: [=======                                           ] 29917184/209662099 bytes
Download progress: [=======                                           ] 29949952/209662099 bytes
Download progress: [=======                                           ] 29982720/209662099 bytes
Download progress: [=======                                           ] 30015488/209662099 bytes
Download progress: [=======                                           ] 30048256/209662099 bytes
Download progress: [=======                                           ] 30081024/209662099 bytes
Download progress: [=======                                           ] 30113792/209662099 bytes
Download progress: [=======                                           ] 30146560/209662099 bytes
Download progress: [=======                                           ] 30179328/209662099 bytes
Download progress: [=======                                           ] 30212096/209662099 bytes
Download progress: [=======                                           ] 30244864/209662099 bytes
Download progress: [=======                                           ] 30277632/209662099 bytes
Download progress: [=======                                           ] 30310400/209662099 bytes
Download progress: [=======                                           ] 30343168/209662099 bytes
Download progress: [=======                                           ] 30375936/209662099 bytes
Download progress: [=======                                           ] 30408704/209662099 bytes
Download progress: [=======                                           ] 30441472/209662099 bytes
Download progress: [=======                                           ] 30474240/209662099 bytes
Download progress: [=======                                           ] 30507008/209662099 bytes
Download progress: [=======                                           ] 30539776/209662099 bytes
Download progress: [=======                                           ] 30572544/209662099 bytes
Download progress: [=======                                           ] 30605312/209662099 bytes
Download progress: [=======                                           ] 30638080/209662099 bytes
Download progress: [=======                                           ] 30670848/209662099 bytes
Download progress: [=======                                           ] 30703616/209662099 bytes
Download progress: [=======                                           ] 30736384/209662099 bytes
Download progress: [=======                                           ] 30769152/209662099 bytes
Download progress: [=======                                           ] 30801920/209662099 bytes
Download progress: [=======                                           ] 30834688/209662099 bytes
Download progress: [=======                                           ] 30867456/209662099 bytes
Download progress: [=======                                           ] 30900224/209662099 bytes
Download progress: [=======                                           ] 30932992/209662099 bytes
Download progress: [=======                                           ] 30965760/209662099 bytes
Download progress: [=======                                           ] 30998528/209662099 bytes
Download progress: [=======                                           ] 31031296/209662099 bytes
Download progress: [=======                                           ] 31064064/209662099 bytes
Download progress: [=======                                           ] 31096832/209662099 bytes
Download progress: [=======                                           ] 31129600/209662099 bytes
Download progress: [=======                                           ] 31162368/209662099 bytes
Download progress: [=======                                           ] 31195136/209662099 bytes
Download progress: [=======                                           ] 31227904/209662099 bytes
Download progress: [=======                                           ] 31260672/209662099 bytes
Download progress: [=======                                           ] 31293440/209662099 bytes
Download progress: [=======                                           ] 31326208/209662099 bytes
Download progress: [=======                                           ] 31358976/209662099 bytes
Download progress: [=======                                           ] 31391744/209662099 bytes
Download progress: [=======                                           ] 31424512/209662099 bytes
Download progress: [=======                                           ] 31457280/209662099 bytes
Download progress: [=======                                           ] 31490048/209662099 bytes
Download progress: [=======                                           ] 31522816/209662099 bytes
Download progress: [=======                                           ] 31555584/209662099 bytes
Download progress: [=======                                           ] 31588352/209662099 bytes
Download progress: [=======                                           ] 31621120/209662099 bytes
Download progress: [=======                                           ] 31653888/209662099 bytes
Download progress: [=======                                           ] 31686656/209662099 bytes
Download progress: [=======                                           ] 31719424/209662099 bytes
Download progress: [=======                                           ] 31752192/209662099 bytes
Download progress: [=======                                           ] 31784960/209662099 bytes
Download progress: [=======                                           ] 31817728/209662099 bytes
Download progress: [=======                                           ] 31850496/209662099 bytes
Download progress: [=======                                           ] 31883264/209662099 bytes
Download progress: [=======                                           ] 31916032/209662099 bytes
Download progress: [=======                                           ] 31948800/209662099 bytes
Download progress: [=======                                           ] 31981568/209662099 bytes
Download progress: [=======                                           ] 32014336/209662099 bytes
Download progress: [=======                                           ] 32047104/209662099 bytes
Download progress: [=======                                           ] 32079872/209662099 bytes
Download progress: [=======                                           ] 32112640/209662099 bytes
Download progress: [=======                                           ] 32145408/209662099 bytes
Download progress: [=======                                           ] 32178176/209662099 bytes
Download progress: [=======                                           ] 32210944/209662099 bytes
Download progress: [=======                                           ] 32243712/209662099 bytes
Download progress: [=======                                           ] 32276480/209662099 bytes
Download progress: [=======                                           ] 32309248/209662099 bytes
Download progress: [=======                                           ] 32342016/209662099 bytes
Download progress: [=======                                           ] 32374784/209662099 bytes
Download progress: [=======                                           ] 32407552/209662099 bytes
Download progress: [=======                                           ] 32440320/209662099 bytes
Download progress: [=======                                           ] 32473088/209662099 bytes
Download progress: [=======                                           ] 32505856/209662099 bytes
Download progress: [=======                                           ] 32538624/209662099 bytes
Download progress: [=======                                           ] 32571392/209662099 bytes
Download progress: [=======                                           ] 32604160/209662099 bytes
Download progress: [=======                                           ] 32636928/209662099 bytes
Download progress: [=======                                           ] 32669696/209662099 bytes
Download progress: [=======                                           ] 32702464/209662099 bytes
Download progress: [=======                                           ] 32735232/209662099 bytes
Download progress: [=======                                           ] 32768000/209662099 bytes
Download progress: [=======                                           ] 32800768/209662099 bytes
Download progress: [=======                                           ] 32833536/209662099 bytes
Download progress: [=======                                           ] 32866304/209662099 bytes
Download progress: [=======                                           ] 32899072/209662099 bytes
Download progress: [=======                                           ] 32931840/209662099 bytes
Download progress: [=======                                           ] 32964608/209662099 bytes
Download progress: [=======                                           ] 32997376/209662099 bytes
Download progress: [=======                                           ] 33030144/209662099 bytes
Download progress: [=======                                           ] 33062912/209662099 bytes
Download progress: [=======                                           ] 33095680/209662099 bytes
Download progress: [=======                                           ] 33128448/209662099 bytes
Download progress: [=======                                           ] 33161216/209662099 bytes
Download progress: [=======                                           ] 33193984/209662099 bytes
Download progress: [=======                                           ] 33226752/209662099 bytes
Download progress: [=======                                           ] 33259520/209662099 bytes
Download progress: [=======                                           ] 33292288/209662099 bytes
Download progress: [=======                                           ] 33325056/209662099 bytes
Download progress: [=======                                           ] 33357824/209662099 bytes
Download progress: [=======                                           ] 33390592/209662099 bytes
Download progress: [=======                                           ] 33423360/209662099 bytes
Download progress: [=======                                           ] 33456128/209662099 bytes
Download progress: [=======                                           ] 33488896/209662099 bytes
Download progress: [=======                                           ] 33521664/209662099 bytes
Download progress: [========                                          ] 33554432/209662099 bytes
Download progress: [========                                          ] 33587200/209662099 bytes
Download progress: [========                                          ] 33619968/209662099 bytes
Download progress: [========                                          ] 33652736/209662099 bytes
Download progress: [========                                          ] 33685504/209662099 bytes
Download progress: [========                                          ] 33718272/209662099 bytes
Download progress: [========                                          ] 33751040/209662099 bytes
Download progress: [========                                          ] 33783808/209662099 bytes
Download progress: [========                                          ] 33816576/209662099 bytes
Download progress: [========                                          ] 33849344/209662099 bytes
Download progress: [========                                          ] 33882112/209662099 bytes
Download progress: [========                                          ] 33914880/209662099 bytes
Download progress: [========                                          ] 33947648/209662099 bytes
Download progress: [========                                          ] 33980416/209662099 bytes
Download progress: [========                                          ] 34013184/209662099 bytes
Download progress: [========                                          ] 34045952/209662099 bytes
Download progress: [========                                          ] 34078720/209662099 bytes
Download progress: [========                                          ] 34111488/209662099 bytes
Download progress: [========                                          ] 34144256/209662099 bytes
Download progress: [========                                          ] 34177024/209662099 bytes
Download progress: [========                                          ] 34209792/209662099 bytes
Download progress: [========                                          ] 34242560/209662099 bytes
Download progress: [========                                          ] 34275328/209662099 bytes
Download progress: [========                                          ] 34308096/209662099 bytes
Download progress: [========                                          ] 34340864/209662099 bytes
Download progress: [========                                          ] 34373632/209662099 bytes
Download progress: [========                                          ] 34406400/209662099 bytes
Download progress: [========                                          ] 34439168/209662099 bytes
Download progress: [========                                          ] 34471936/209662099 bytes
Download progress: [========                                          ] 34504704/209662099 bytes
Download progress: [========                                          ] 34537472/209662099 bytes
Download progress: [========                                          ] 34570240/209662099 bytes
Download progress: [========                                          ] 34603008/209662099 bytes
Download progress: [========                                          ] 34635776/209662099 bytes
Download progress: [========                                          ] 34668544/209662099 bytes
Download progress: [========                                          ] 34701312/209662099 bytes
Download progress: [========                                          ] 34734080/209662099 bytes
Download progress: [========                                          ] 34766848/209662099 bytes
Download progress: [========                                          ] 34799616/209662099 bytes
Download progress: [========                                          ] 34832384/209662099 bytes
Download progress: [========                                          ] 34865152/209662099 bytes
Download progress: [========                                          ] 34897920/209662099 bytes
Download progress: [========                                          ] 34930688/209662099 bytes
Download progress: [========                                          ] 34963456/209662099 bytes
Download progress: [========                                          ] 34996224/209662099 bytes
Download progress: [========                                          ] 35028992/209662099 bytes
Download progress: [========                                          ] 35061760/209662099 bytes
Download progress: [========                                          ] 35094528/209662099 bytes
Download progress: [========                                          ] 35127296/209662099 bytes
Download progress: [========                                          ] 35160064/209662099 bytes
Download progress: [========                                          ] 35192832/209662099 bytes
Download progress: [========                                          ] 35225600/209662099 bytes
Download progress: [========                                          ] 35258368/209662099 bytes
Download progress: [========                                          ] 35291136/209662099 bytes
Download progress: [========                                          ] 35323904/209662099 bytes
Download progress: [========                                          ] 35356672/209662099 bytes
Download progress: [========                                          ] 35389440/209662099 bytes
Download progress: [========                                          ] 35422208/209662099 bytes
Download progress: [========                                          ] 35454976/209662099 bytes
Download progress: [========                                          ] 35487744/209662099 bytes
Download progress: [========                                          ] 35520512/209662099 bytes
Download progress: [========                                          ] 35553280/209662099 bytes
Download progress: [========                                          ] 35586048/209662099 bytes
Download progress: [========                                          ] 35618816/209662099 bytes
Download progress: [========                                          ] 35651584/209662099 bytes
Download progress: [========                                          ] 35684352/209662099 bytes
Download progress: [========                                          ] 35717120/209662099 bytes
Download progress: [========                                          ] 35749888/209662099 bytes
Download progress: [========                                          ] 35782656/209662099 bytes
Download progress: [========                                          ] 35815424/209662099 bytes
Download progress: [========                                          ] 35848192/209662099 bytes
Download progress: [========                                          ] 35880960/209662099 bytes
Download progress: [========                                          ] 35913728/209662099 bytes
Download progress: [========                                          ] 35946496/209662099 bytes
Download progress: [========                                          ] 35979264/209662099 bytes
Download progress: [========                                          ] 36012032/209662099 bytes
Download progress: [========                                          ] 36044800/209662099 bytes
Download progress: [========                                          ] 36077568/209662099 bytes
Download progress: [========                                          ] 36110336/209662099 bytes
Download progress: [========                                          ] 36143104/209662099 bytes
Download progress: [========                                          ] 36175872/209662099 bytes
Download progress: [========                                          ] 36208640/209662099 bytes
Download progress: [========                                          ] 36241408/209662099 bytes
Download progress: [========                                          ] 36274176/209662099 bytes
Download progress: [========                                          ] 36306944/209662099 bytes
Download progress: [========                                          ] 36339712/209662099 bytes
Download progress: [========                                          ] 36372480/209662099 bytes
Download progress: [========                                          ] 36405248/209662099 bytes
Download progress: [========                                          ] 36438016/209662099 bytes
Download progress: [========                                          ] 36470784/209662099 bytes
Download progress: [========                                          ] 36503552/209662099 bytes
Download progress: [========                                          ] 36536320/209662099 bytes
Download progress: [========                                          ] 36569088/209662099 bytes
Download progress: [========                                          ] 36601856/209662099 bytes
Download progress: [========                                          ] 36634624/209662099 bytes
Download progress: [========                                          ] 36667392/209662099 bytes
Download progress: [========                                          ] 36700160/209662099 bytes
Download progress: [========                                          ] 36732928/209662099 bytes
Download progress: [========                                          ] 36765696/209662099 bytes
Download progress: [========                                          ] 36798464/209662099 bytes
Download progress: [========                                          ] 36831232/209662099 bytes
Download progress: [========                                          ] 36864000/209662099 bytes
Download progress: [========                                          ] 36896768/209662099 bytes
Download progress: [========                                          ] 36929536/209662099 bytes
Download progress: [========                                          ] 36962304/209662099 bytes
Download progress: [========                                          ] 36995072/209662099 bytes
Download progress: [========                                          ] 37027840/209662099 bytes
Download progress: [========                                          ] 37060608/209662099 bytes
Download progress: [========                                          ] 37093376/209662099 bytes
Download progress: [========                                          ] 37126144/209662099 bytes
Download progress: [========                                          ] 37158912/209662099 bytes
Download progress: [========                                          ] 37191680/209662099 bytes
Download progress: [========                                          ] 37224448/209662099 bytes
Download progress: [========                                          ] 37257216/209662099 bytes
Download progress: [========                                          ] 37289984/209662099 bytes
Download progress: [========                                          ] 37322752/209662099 bytes
Download progress: [========                                          ] 37355520/209662099 bytes
Download progress: [========                                          ] 37388288/209662099 bytes
Download progress: [========                                          ] 37421056/209662099 bytes
Download progress: [========                                          ] 37453824/209662099 bytes
Download progress: [========                                          ] 37486592/209662099 bytes
Download progress: [========                                          ] 37519360/209662099 bytes
Download progress: [========                                          ] 37552128/209662099 bytes
Download progress: [========                                          ] 37584896/209662099 bytes
Download progress: [========                                          ] 37617664/209662099 bytes
Download progress: [========                                          ] 37650432/209662099 bytes
Download progress: [========                                          ] 37683200/209662099 bytes
Download progress: [========                                          ] 37715968/209662099 bytes
Download progress: [=========                                         ] 37748736/209662099 bytes
Download progress: [=========                                         ] 37781504/209662099 bytes
Download progress: [=========                                         ] 37814272/209662099 bytes
Download progress: [=========                                         ] 37847040/209662099 bytes
Download progress: [=========                                         ] 37879808/209662099 bytes
Download progress: [=========                                         ] 37912576/209662099 bytes
Download progress: [=========                                         ] 37945344/209662099 bytes
Download progress: [=========                                         ] 37978112/209662099 bytes
Download progress: [=========                                         ] 38010880/209662099 bytes
Download progress: [=========                                         ] 38043648/209662099 bytes
Download progress: [=========                                         ] 38076416/209662099 bytes
Download progress: [=========                                         ] 38109184/209662099 bytes
Download progress: [=========                                         ] 38141952/209662099 bytes
Download progress: [=========                                         ] 38174720/209662099 bytes
Download progress: [=========                                         ] 38207488/209662099 bytes
Download progress: [=========                                         ] 38240256/209662099 bytes
Download progress: [=========                                         ] 38273024/209662099 bytes
Download progress: [=========                                         ] 38305792/209662099 bytes
Download progress: [=========                                         ] 38338560/209662099 bytes
Download progress: [=========                                         ] 38371328/209662099 bytes
Download progress: [=========                                         ] 38404096/209662099 bytes
Download progress: [=========                                         ] 38436864/209662099 bytes
Download progress: [=========                                         ] 38469632/209662099 bytes
Download progress: [=========                                         ] 38502400/209662099 bytes
Download progress: [=========                                         ] 38535168/209662099 bytes
Download progress: [=========                                         ] 38567936/209662099 bytes
Download progress: [=========                                         ] 38600704/209662099 bytes
Download progress: [=========                                         ] 38633472/209662099 bytes
Download progress: [=========                                         ] 38666240/209662099 bytes
Download progress: [=========                                         ] 38699008/209662099 bytes
Download progress: [=========                                         ] 38731776/209662099 bytes
Download progress: [=========                                         ] 38764544/209662099 bytes
Download progress: [=========                                         ] 38797312/209662099 bytes
Download progress: [=========                                         ] 38830080/209662099 bytes
Download progress: [=========                                         ] 38862848/209662099 bytes
Download progress: [=========                                         ] 38895616/209662099 bytes
Download progress: [=========                                         ] 38928384/209662099 bytes
Download progress: [=========                                         ] 38961152/209662099 bytes
Download progress: [=========                                         ] 38993920/209662099 bytes
Download progress: [=========                                         ] 39026688/209662099 bytes
Download progress: [=========                                         ] 39059456/209662099 bytes
Download progress: [=========                                         ] 39092224/209662099 bytes
Download progress: [=========                                         ] 39124992/209662099 bytes
Download progress: [=========                                         ] 39157760/209662099 bytes
Download progress: [=========                                         ] 39190528/209662099 bytes
Download progress: [=========                                         ] 39223296/209662099 bytes
Download progress: [=========                                         ] 39256064/209662099 bytes
Download progress: [=========                                         ] 39288832/209662099 bytes
Download progress: [=========                                         ] 39321600/209662099 bytes
Download progress: [=========                                         ] 39354368/209662099 bytes
Download progress: [=========                                         ] 39387136/209662099 bytes
Download progress: [=========                                         ] 39419904/209662099 bytes
Download progress: [=========                                         ] 39452672/209662099 bytes
Download progress: [=========                                         ] 39485440/209662099 bytes
Download progress: [=========                                         ] 39518208/209662099 bytes
Download progress: [=========                                         ] 39550976/209662099 bytes
Download progress: [=========                                         ] 39583744/209662099 bytes
Download progress: [=========                                         ] 39616512/209662099 bytes
Download progress: [=========                                         ] 39649280/209662099 bytes
Download progress: [=========                                         ] 39682048/209662099 bytes
Download progress: [=========                                         ] 39714816/209662099 bytes
Download progress: [=========                                         ] 39747584/209662099 bytes
Download progress: [=========                                         ] 39780352/209662099 bytes
Download progress: [=========                                         ] 39813120/209662099 bytes
Download progress: [=========                                         ] 39845888/209662099 bytes
Download progress: [=========                                         ] 39878656/209662099 bytes
Download progress: [=========                                         ] 39911424/209662099 bytes
Download progress: [=========                                         ] 39944192/209662099 bytes
Download progress: [=========                                         ] 39976960/209662099 bytes
Download progress: [=========                                         ] 40009728/209662099 bytes
Download progress: [=========                                         ] 40042496/209662099 bytes
Download progress: [=========                                         ] 40075264/209662099 bytes
Download progress: [=========                                         ] 40108032/209662099 bytes
Download progress: [=========                                         ] 40140800/209662099 bytes
Download progress: [=========                                         ] 40173568/209662099 bytes
Download progress: [=========                                         ] 40206336/209662099 bytes
Download progress: [=========                                         ] 40239104/209662099 bytes
Download progress: [=========                                         ] 40271872/209662099 bytes
Download progress: [=========                                         ] 40304640/209662099 bytes
Download progress: [=========                                         ] 40337408/209662099 bytes
Download progress: [=========                                         ] 40370176/209662099 bytes
Download progress: [=========                                         ] 40402944/209662099 bytes
Download progress: [=========                                         ] 40435712/209662099 bytes
Download progress: [=========                                         ] 40468480/209662099 bytes
Download progress: [=========                                         ] 40501248/209662099 bytes
Download progress: [=========                                         ] 40534016/209662099 bytes
Download progress: [=========                                         ] 40566784/209662099 bytes
Download progress: [=========                                         ] 40599552/209662099 bytes
Download progress: [=========                                         ] 40632320/209662099 bytes
Download progress: [=========                                         ] 40665088/209662099 bytes
Download progress: [=========                                         ] 40697856/209662099 bytes
Download progress: [=========                                         ] 40730624/209662099 bytes
Download progress: [=========                                         ] 40763392/209662099 bytes
Download progress: [=========                                         ] 40796160/209662099 bytes
Download progress: [=========                                         ] 40828928/209662099 bytes
Download progress: [=========                                         ] 40861696/209662099 bytes
Download progress: [=========                                         ] 40894464/209662099 bytes
Download progress: [=========                                         ] 40927232/209662099 bytes
Download progress: [=========                                         ] 40960000/209662099 bytes
Download progress: [=========                                         ] 40992768/209662099 bytes
Download progress: [=========                                         ] 41025536/209662099 bytes
Download progress: [=========                                         ] 41058304/209662099 bytes
Download progress: [=========                                         ] 41091072/209662099 bytes
Download progress: [=========                                         ] 41123840/209662099 bytes
Download progress: [=========                                         ] 41156608/209662099 bytes
Download progress: [=========                                         ] 41189376/209662099 bytes
Download progress: [=========                                         ] 41222144/209662099 bytes
Download progress: [=========                                         ] 41254912/209662099 bytes
Download progress: [=========                                         ] 41287680/209662099 bytes
Download progress: [=========                                         ] 41320448/209662099 bytes
Download progress: [=========                                         ] 41353216/209662099 bytes
Download progress: [=========                                         ] 41385984/209662099 bytes
Download progress: [=========                                         ] 41418752/209662099 bytes
Download progress: [=========                                         ] 41451520/209662099 bytes
Download progress: [=========                                         ] 41484288/209662099 bytes
Download progress: [=========                                         ] 41517056/209662099 bytes
Download progress: [=========                                         ] 41549824/209662099 bytes
Download progress: [=========                                         ] 41582592/209662099 bytes
Download progress: [=========                                         ] 41615360/209662099 bytes
Download progress: [=========                                         ] 41648128/209662099 bytes
Download progress: [=========                                         ] 41680896/209662099 bytes
Download progress: [=========                                         ] 41713664/209662099 bytes
Download progress: [=========                                         ] 41746432/209662099 bytes
Download progress: [=========                                         ] 41779200/209662099 bytes
Download progress: [=========                                         ] 41811968/209662099 bytes
Download progress: [=========                                         ] 41844736/209662099 bytes
Download progress: [=========                                         ] 41877504/209662099 bytes
Download progress: [=========                                         ] 41910272/209662099 bytes
Download progress: [==========                                        ] 41943040/209662099 bytes
Download progress: [==========                                        ] 41975808/209662099 bytes
Download progress: [==========                                        ] 42008576/209662099 bytes
Download progress: [==========                                        ] 42041344/209662099 bytes
Download progress: [==========                                        ] 42074112/209662099 bytes
Download progress: [==========                                        ] 42106880/209662099 bytes
Download progress: [==========                                        ] 42139648/209662099 bytes
Download progress: [==========                                        ] 42172416/209662099 bytes
Download progress: [==========                                        ] 42205184/209662099 bytes
Download progress: [==========                                        ] 42237952/209662099 bytes
Download progress: [==========                                        ] 42270720/209662099 bytes
Download progress: [==========                                        ] 42303488/209662099 bytes
Download progress: [==========                                        ] 42336256/209662099 bytes
Download progress: [==========                                        ] 42369024/209662099 bytes
Download progress: [==========                                        ] 42401792/209662099 bytes
Download progress: [==========                                        ] 42434560/209662099 bytes
Download progress: [==========                                        ] 42467328/209662099 bytes
Download progress: [==========                                        ] 42500096/209662099 bytes
Download progress: [==========                                        ] 42532864/209662099 bytes
Download progress: [==========                                        ] 42565632/209662099 bytes
Download progress: [==========                                        ] 42598400/209662099 bytes
Download progress: [==========                                        ] 42631168/209662099 bytes
Download progress: [==========                                        ] 42663936/209662099 bytes
Download progress: [==========                                        ] 42696704/209662099 bytes
Download progress: [==========                                        ] 42729472/209662099 bytes
Download progress: [==========                                        ] 42762240/209662099 bytes
Download progress: [==========                                        ] 42795008/209662099 bytes
Download progress: [==========                                        ] 42827776/209662099 bytes
Download progress: [==========                                        ] 42860544/209662099 bytes
Download progress: [==========                                        ] 42893312/209662099 bytes
Download progress: [==========                                        ] 42926080/209662099 bytes
Download progress: [==========                                        ] 42958848/209662099 bytes
Download progress: [==========                                        ] 42991616/209662099 bytes
Download progress: [==========                                        ] 43024384/209662099 bytes
Download progress: [==========                                        ] 43057152/209662099 bytes
Download progress: [==========                                        ] 43089920/209662099 bytes
Download progress: [==========                                        ] 43122688/209662099 bytes
Download progress: [==========                                        ] 43155456/209662099 bytes
Download progress: [==========                                        ] 43188224/209662099 bytes
Download progress: [==========                                        ] 43220992/209662099 bytes
Download progress: [==========                                        ] 43253760/209662099 bytes
Download progress: [==========                                        ] 43286528/209662099 bytes
Download progress: [==========                                        ] 43319296/209662099 bytes
Download progress: [==========                                        ] 43352064/209662099 bytes
Download progress: [==========                                        ] 43384832/209662099 bytes
Download progress: [==========                                        ] 43417600/209662099 bytes
Download progress: [==========                                        ] 43450368/209662099 bytes
Download progress: [==========                                        ] 43483136/209662099 bytes
Download progress: [==========                                        ] 43515904/209662099 bytes
Download progress: [==========                                        ] 43548672/209662099 bytes
Download progress: [==========                                        ] 43581440/209662099 bytes
Download progress: [==========                                        ] 43614208/209662099 bytes
Download progress: [==========                                        ] 43646976/209662099 bytes
Download progress: [==========                                        ] 43679744/209662099 bytes
Download progress: [==========                                        ] 43712512/209662099 bytes
Download progress: [==========                                        ] 43745280/209662099 bytes
Download progress: [==========                                        ] 43778048/209662099 bytes
Download progress: [==========                                        ] 43810816/209662099 bytes
Download progress: [==========                                        ] 43843584/209662099 bytes
Download progress: [==========                                        ] 43876352/209662099 bytes
Download progress: [==========                                        ] 43909120/209662099 bytes
Download progress: [==========                                        ] 43941888/209662099 bytes
Download progress: [==========                                        ] 43974656/209662099 bytes
Download progress: [==========                                        ] 44007424/209662099 bytes
Download progress: [==========                                        ] 44040192/209662099 bytes
Download progress: [==========                                        ] 44072960/209662099 bytes
Download progress: [==========                                        ] 44105728/209662099 bytes
Download progress: [==========                                        ] 44138496/209662099 bytes
Download progress: [==========                                        ] 44171264/209662099 bytes
Download progress: [==========                                        ] 44204032/209662099 bytes
Download progress: [==========                                        ] 44236800/209662099 bytes
Download progress: [==========                                        ] 44269568/209662099 bytes
Download progress: [==========                                        ] 44302336/209662099 bytes
Download progress: [==========                                        ] 44335104/209662099 bytes
Download progress: [==========                                        ] 44367872/209662099 bytes
Download progress: [==========                                        ] 44400640/209662099 bytes
Download progress: [==========                                        ] 44433408/209662099 bytes
Download progress: [==========                                        ] 44466176/209662099 bytes
Download progress: [==========                                        ] 44498944/209662099 bytes
Download progress: [==========                                        ] 44531712/209662099 bytes
Download progress: [==========                                        ] 44564480/209662099 bytes
Download progress: [==========                                        ] 44597248/209662099 bytes
Download progress: [==========                                        ] 44630016/209662099 bytes
Download progress: [==========                                        ] 44662784/209662099 bytes
Download progress: [==========                                        ] 44695552/209662099 bytes
Download progress: [==========                                        ] 44728320/209662099 bytes
Download progress: [==========                                        ] 44761088/209662099 bytes
Download progress: [==========                                        ] 44793856/209662099 bytes
Download progress: [==========                                        ] 44826624/209662099 bytes
Download progress: [==========                                        ] 44859392/209662099 bytes
Download progress: [==========                                        ] 44892160/209662099 bytes
Download progress: [==========                                        ] 44924928/209662099 bytes
Download progress: [==========                                        ] 44957696/209662099 bytes
Download progress: [==========                                        ] 44990464/209662099 bytes
Download progress: [==========                                        ] 45023232/209662099 bytes
Download progress: [==========                                        ] 45056000/209662099 bytes
Download progress: [==========                                        ] 45088768/209662099 bytes
Download progress: [==========                                        ] 45121536/209662099 bytes
Download progress: [==========                                        ] 45154304/209662099 bytes
Download progress: [==========                                        ] 45187072/209662099 bytes
Download progress: [==========                                        ] 45219840/209662099 bytes
Download progress: [==========                                        ] 45252608/209662099 bytes
Download progress: [==========                                        ] 45285376/209662099 bytes
Download progress: [==========                                        ] 45318144/209662099 bytes
Download progress: [==========                                        ] 45350912/209662099 bytes
Download progress: [==========                                        ] 45383680/209662099 bytes
Download progress: [==========                                        ] 45416448/209662099 bytes
Download progress: [==========                                        ] 45449216/209662099 bytes
Download progress: [==========                                        ] 45481984/209662099 bytes
Download progress: [==========                                        ] 45514752/209662099 bytes
Download progress: [==========                                        ] 45547520/209662099 bytes
Download progress: [==========                                        ] 45580288/209662099 bytes
Download progress: [==========                                        ] 45613056/209662099 bytes
Download progress: [==========                                        ] 45645824/209662099 bytes
Download progress: [==========                                        ] 45678592/209662099 bytes
Download progress: [==========                                        ] 45711360/209662099 bytes
Download progress: [==========                                        ] 45744128/209662099 bytes
Download progress: [==========                                        ] 45776896/209662099 bytes
Download progress: [==========                                        ] 45809664/209662099 bytes
Download progress: [==========                                        ] 45842432/209662099 bytes
Download progress: [==========                                        ] 45875200/209662099 bytes
Download progress: [==========                                        ] 45907968/209662099 bytes
Download progress: [==========                                        ] 45940736/209662099 bytes
Download progress: [==========                                        ] 45973504/209662099 bytes
Download progress: [==========                                        ] 46006272/209662099 bytes
Download progress: [==========                                        ] 46039040/209662099 bytes
Download progress: [==========                                        ] 46071808/209662099 bytes
Download progress: [==========                                        ] 46104576/209662099 bytes
Download progress: [===========                                       ] 46137344/209662099 bytes
Download progress: [===========                                       ] 46170112/209662099 bytes
Download progress: [===========                                       ] 46202880/209662099 bytes
Download progress: [===========                                       ] 46235648/209662099 bytes
Download progress: [===========                                       ] 46268416/209662099 bytes
Download progress: [===========                                       ] 46301184/209662099 bytes
Download progress: [===========                                       ] 46333952/209662099 bytes
Download progress: [===========                                       ] 46366720/209662099 bytes
Download progress: [===========                                       ] 46399488/209662099 bytes
Download progress: [===========                                       ] 46432256/209662099 bytes
Download progress: [===========                                       ] 46465024/209662099 bytes
Download progress: [===========                                       ] 46497792/209662099 bytes
Download progress: [===========                                       ] 46530560/209662099 bytes
Download progress: [===========                                       ] 46563328/209662099 bytes
Download progress: [===========                                       ] 46596096/209662099 bytes
Download progress: [===========                                       ] 46628864/209662099 bytes
Download progress: [===========                                       ] 46661632/209662099 bytes
Download progress: [===========                                       ] 46694400/209662099 bytes
Download progress: [===========                                       ] 46727168/209662099 bytes
Download progress: [===========                                       ] 46759936/209662099 bytes
Download progress: [===========                                       ] 46792704/209662099 bytes
Download progress: [===========                                       ] 46825472/209662099 bytes
Download progress: [===========                                       ] 46858240/209662099 bytes
Download progress: [===========                                       ] 46891008/209662099 bytes
Download progress: [===========                                       ] 46923776/209662099 bytes
Download progress: [===========                                       ] 46956544/209662099 bytes
Download progress: [===========                                       ] 46989312/209662099 bytes
Download progress: [===========                                       ] 47022080/209662099 bytes
Download progress: [===========                                       ] 47054848/209662099 bytes
Download progress: [===========                                       ] 47087616/209662099 bytes
Download progress: [===========                                       ] 47120384/209662099 bytes
Download progress: [===========                                       ] 47153152/209662099 bytes
Download progress: [===========                                       ] 47185920/209662099 bytes
Download progress: [===========                                       ] 47218688/209662099 bytes
Download progress: [===========                                       ] 47251456/209662099 bytes
Download progress: [===========                                       ] 47284224/209662099 bytes
Download progress: [===========                                       ] 47316992/209662099 bytes
Download progress: [===========                                       ] 47349760/209662099 bytes
Download progress: [===========                                       ] 47382528/209662099 bytes
Download progress: [===========                                       ] 47415296/209662099 bytes
Download progress: [===========                                       ] 47448064/209662099 bytes
Download progress: [===========                                       ] 47480832/209662099 bytes
Download progress: [===========                                       ] 47513600/209662099 bytes
Download progress: [===========                                       ] 47546368/209662099 bytes
Download progress: [===========                                       ] 47579136/209662099 bytes
Download progress: [===========                                       ] 47611904/209662099 bytes
Download progress: [===========                                       ] 47644672/209662099 bytes
Download progress: [===========                                       ] 47677440/209662099 bytes
Download progress: [===========                                       ] 47710208/209662099 bytes
Download progress: [===========                                       ] 47742976/209662099 bytes
Download progress: [===========                                       ] 47775744/209662099 bytes
Download progress: [===========                                       ] 47808512/209662099 bytes
Download progress: [===========                                       ] 47841280/209662099 bytes
Download progress: [===========                                       ] 47874048/209662099 bytes
Download progress: [===========                                       ] 47906816/209662099 bytes
Download progress: [===========                                       ] 47939584/209662099 bytes
Download progress: [===========                                       ] 47972352/209662099 bytes
Download progress: [===========                                       ] 48005120/209662099 bytes
Download progress: [===========                                       ] 48037888/209662099 bytes
Download progress: [===========                                       ] 48070656/209662099 bytes
Download progress: [===========                                       ] 48103424/209662099 bytes
Download progress: [===========                                       ] 48136192/209662099 bytes
Download progress: [===========                                       ] 48168960/209662099 bytes
Download progress: [===========                                       ] 48201728/209662099 bytes
Download progress: [===========                                       ] 48234496/209662099 bytes
Download progress: [===========                                       ] 48267264/209662099 bytes
Download progress: [===========                                       ] 48300032/209662099 bytes
Download progress: [===========                                       ] 48332800/209662099 bytes
Download progress: [===========                                       ] 48365568/209662099 bytes
Download progress: [===========                                       ] 48398336/209662099 bytes
Download progress: [===========                                       ] 48431104/209662099 bytes
Download progress: [===========                                       ] 48463872/209662099 bytes
Download progress: [===========                                       ] 48496640/209662099 bytes
Download progress: [===========                                       ] 48529408/209662099 bytes
Download progress: [===========                                       ] 48562176/209662099 bytes
Download progress: [===========                                       ] 48594944/209662099 bytes
Download progress: [===========                                       ] 48627712/209662099 bytes
Download progress: [===========                                       ] 48660480/209662099 bytes
Download progress: [===========                                       ] 48693248/209662099 bytes
Download progress: [===========                                       ] 48726016/209662099 bytes
Download progress: [===========                                       ] 48758784/209662099 bytes
Download progress: [===========                                       ] 48791552/209662099 bytes
Download progress: [===========                                       ] 48824320/209662099 bytes
Download progress: [===========                                       ] 48857088/209662099 bytes
Download progress: [===========                                       ] 48889856/209662099 bytes
Download progress: [===========                                       ] 48922624/209662099 bytes
Download progress: [===========                                       ] 48955392/209662099 bytes
Download progress: [===========                                       ] 48988160/209662099 bytes
Download progress: [===========                                       ] 49020928/209662099 bytes
Download progress: [===========                                       ] 49053696/209662099 bytes
Download progress: [===========                                       ] 49086464/209662099 bytes
Download progress: [===========                                       ] 49119232/209662099 bytes
Download progress: [===========                                       ] 49152000/209662099 bytes
Download progress: [===========                                       ] 49184768/209662099 bytes
Download progress: [===========                                       ] 49217536/209662099 bytes
Download progress: [===========                                       ] 49250304/209662099 bytes
Download progress: [===========                                       ] 49283072/209662099 bytes
Download progress: [===========                                       ] 49315840/209662099 bytes
Download progress: [===========                                       ] 49348608/209662099 bytes
Download progress: [===========                                       ] 49381376/209662099 bytes
Download progress: [===========                                       ] 49414144/209662099 bytes
Download progress: [===========                                       ] 49446912/209662099 bytes
Download progress: [===========                                       ] 49479680/209662099 bytes
Download progress: [===========                                       ] 49512448/209662099 bytes
Download progress: [===========                                       ] 49545216/209662099 bytes
Download progress: [===========                                       ] 49577984/209662099 bytes
Download progress: [===========                                       ] 49610752/209662099 bytes
Download progress: [===========                                       ] 49643520/209662099 bytes
Download progress: [===========                                       ] 49676288/209662099 bytes
Download progress: [===========                                       ] 49709056/209662099 bytes
Download progress: [===========                                       ] 49741824/209662099 bytes
Download progress: [===========                                       ] 49774592/209662099 bytes
Download progress: [===========                                       ] 49807360/209662099 bytes
Download progress: [===========                                       ] 49840128/209662099 bytes
Download progress: [===========                                       ] 49872896/209662099 bytes
Download progress: [===========                                       ] 49905664/209662099 bytes
Download progress: [===========                                       ] 49938432/209662099 bytes
Download progress: [===========                                       ] 49971200/209662099 bytes
Download progress: [===========                                       ] 50003968/209662099 bytes
Download progress: [===========                                       ] 50036736/209662099 bytes
Download progress: [===========                                       ] 50069504/209662099 bytes
Download progress: [===========                                       ] 50102272/209662099 bytes
Download progress: [===========                                       ] 50135040/209662099 bytes
Download progress: [===========                                       ] 50167808/209662099 bytes
Download progress: [===========                                       ] 50200576/209662099 bytes
Download progress: [===========                                       ] 50233344/209662099 bytes
Download progress: [===========                                       ] 50266112/209662099 bytes
Download progress: [===========                                       ] 50298880/209662099 bytes
Download progress: [============                                      ] 50331648/209662099 bytes
Download progress: [============                                      ] 50364416/209662099 bytes
Download progress: [============                                      ] 50397184/209662099 bytes
Download progress: [============                                      ] 50429952/209662099 bytes
Download progress: [============                                      ] 50462720/209662099 bytes
Download progress: [============                                      ] 50495488/209662099 bytes
Download progress: [============                                      ] 50528256/209662099 bytes
Download progress: [============                                      ] 50561024/209662099 bytes
Download progress: [============                                      ] 50593792/209662099 bytes
Download progress: [============                                      ] 50626560/209662099 bytes
Download progress: [============                                      ] 50659328/209662099 bytes
Download progress: [============                                      ] 50692096/209662099 bytes
Download progress: [============                                      ] 50724864/209662099 bytes
Download progress: [============                                      ] 50757632/209662099 bytes
Download progress: [============                                      ] 50790400/209662099 bytes
Download progress: [============                                      ] 50823168/209662099 bytes
Download progress: [============                                      ] 50855936/209662099 bytes
Download progress: [============                                      ] 50888704/209662099 bytes
Download progress: [============                                      ] 50921472/209662099 bytes
Download progress: [============                                      ] 50954240/209662099 bytes
Download progress: [============                                      ] 50987008/209662099 bytes
Download progress: [============                                      ] 51019776/209662099 bytes
Download progress: [============                                      ] 51052544/209662099 bytes
Download progress: [============                                      ] 51085312/209662099 bytes
Download progress: [============                                      ] 51118080/209662099 bytes
Download progress: [============                                      ] 51150848/209662099 bytes
Download progress: [============                                      ] 51183616/209662099 bytes
Download progress: [============                                      ] 51216384/209662099 bytes
Download progress: [============                                      ] 51249152/209662099 bytes
Download progress: [============                                      ] 51281920/209662099 bytes
Download progress: [============                                      ] 51314688/209662099 bytes
Download progress: [============                                      ] 51347456/209662099 bytes
Download progress: [============                                      ] 51380224/209662099 bytes
Download progress: [============                                      ] 51412992/209662099 bytes
Download progress: [============                                      ] 51445760/209662099 bytes
Download progress: [============                                      ] 51478528/209662099 bytes
Download progress: [============                                      ] 51511296/209662099 bytes
Download progress: [============                                      ] 51544064/209662099 bytes
Download progress: [============                                      ] 51576832/209662099 bytes
Download progress: [============                                      ] 51609600/209662099 bytes
Download progress: [============                                      ] 51642368/209662099 bytes
Download progress: [============                                      ] 51675136/209662099 bytes
Download progress: [============                                      ] 51707904/209662099 bytes
Download progress: [============                                      ] 51740672/209662099 bytes
Download progress: [============                                      ] 51773440/209662099 bytes
Download progress: [============                                      ] 51806208/209662099 bytes
Download progress: [============                                      ] 51838976/209662099 bytes
Download progress: [============                                      ] 51871744/209662099 bytes
Download progress: [============                                      ] 51904512/209662099 bytes
Download progress: [============                                      ] 51937280/209662099 bytes
Download progress: [============                                      ] 51970048/209662099 bytes
Download progress: [============                                      ] 52002816/209662099 bytes
Download progress: [============                                      ] 52035584/209662099 bytes
Download progress: [============                                      ] 52068352/209662099 bytes
Download progress: [============                                      ] 52101120/209662099 bytes
Download progress: [============                                      ] 52133888/209662099 bytes
Download progress: [============                                      ] 52166656/209662099 bytes
Download progress: [============                                      ] 52199424/209662099 bytes
Download progress: [============                                      ] 52232192/209662099 bytes
Download progress: [============                                      ] 52264960/209662099 bytes
Download progress: [============                                      ] 52297728/209662099 bytes
Download progress: [============                                      ] 52330496/209662099 bytes
Download progress: [============                                      ] 52363264/209662099 bytes
Download progress: [============                                      ] 52396032/209662099 bytes
Download progress: [============                                      ] 52428800/209662099 bytes
Download progress: [============                                      ] 52461568/209662099 bytes
Download progress: [============                                      ] 52494336/209662099 bytes
Download progress: [============                                      ] 52527104/209662099 bytes
Download progress: [============                                      ] 52559872/209662099 bytes
Download progress: [============                                      ] 52592640/209662099 bytes
Download progress: [============                                      ] 52625408/209662099 bytes
Download progress: [============                                      ] 52658176/209662099 bytes
Download progress: [============                                      ] 52690944/209662099 bytes
Download progress: [============                                      ] 52723712/209662099 bytes
Download progress: [============                                      ] 52756480/209662099 bytes
Download progress: [============                                      ] 52789248/209662099 bytes
Download progress: [============                                      ] 52822016/209662099 bytes
Download progress: [============                                      ] 52854784/209662099 bytes
Download progress: [============                                      ] 52887552/209662099 bytes
Download progress: [============                                      ] 52920320/209662099 bytes
Download progress: [============                                      ] 52953088/209662099 bytes
Download progress: [============                                      ] 52985856/209662099 bytes
Download progress: [============                                      ] 53018624/209662099 bytes
Download progress: [============                                      ] 53051392/209662099 bytes
Download progress: [============                                      ] 53084160/209662099 bytes
Download progress: [============                                      ] 53116928/209662099 bytes
Download progress: [============                                      ] 53149696/209662099 bytes
Download progress: [============                                      ] 53182464/209662099 bytes
Download progress: [============                                      ] 53215232/209662099 bytes
Download progress: [============                                      ] 53248000/209662099 bytes
Download progress: [============                                      ] 53280768/209662099 bytes
Download progress: [============                                      ] 53313536/209662099 bytes
Download progress: [============                                      ] 53346304/209662099 bytes
Download progress: [============                                      ] 53379072/209662099 bytes
Download progress: [============                                      ] 53411840/209662099 bytes
Download progress: [============                                      ] 53444608/209662099 bytes
Download progress: [============                                      ] 53477376/209662099 bytes
Download progress: [============                                      ] 53510144/209662099 bytes
Download progress: [============                                      ] 53542912/209662099 bytes
Download progress: [============                                      ] 53575680/209662099 bytes
Download progress: [============                                      ] 53608448/209662099 bytes
Download progress: [============                                      ] 53641216/209662099 bytes
Download progress: [============                                      ] 53673984/209662099 bytes
Download progress: [============                                      ] 53706752/209662099 bytes
Download progress: [============                                      ] 53739520/209662099 bytes
Download progress: [============                                      ] 53772288/209662099 bytes
Download progress: [============                                      ] 53805056/209662099 bytes
Download progress: [============                                      ] 53837824/209662099 bytes
Download progress: [============                                      ] 53870592/209662099 bytes
Download progress: [============                                      ] 53903360/209662099 bytes
Download progress: [============                                      ] 53936128/209662099 bytes
Download progress: [============                                      ] 53968896/209662099 bytes
Download progress: [============                                      ] 54001664/209662099 bytes
Download progress: [============                                      ] 54034432/209662099 bytes
Download progress: [============                                      ] 54067200/209662099 bytes
Download progress: [============                                      ] 54099968/209662099 bytes
Download progress: [============                                      ] 54132736/209662099 bytes
Download progress: [============                                      ] 54165504/209662099 bytes
Download progress: [============                                      ] 54198272/209662099 bytes
Download progress: [============                                      ] 54231040/209662099 bytes
Download progress: [============                                      ] 54263808/209662099 bytes
Download progress: [============                                      ] 54296576/209662099 bytes
Download progress: [============                                      ] 54329344/209662099 bytes
Download progress: [============                                      ] 54362112/209662099 bytes
Download progress: [============                                      ] 54394880/209662099 bytes
Download progress: [============                                      ] 54427648/209662099 bytes
Download progress: [============                                      ] 54460416/209662099 bytes
Download progress: [============                                      ] 54493184/209662099 bytes
Download progress: [=============                                     ] 54525952/209662099 bytes
Download progress: [=============                                     ] 54558720/209662099 bytes
Download progress: [=============                                     ] 54591488/209662099 bytes
Download progress: [=============                                     ] 54624256/209662099 bytes
Download progress: [=============                                     ] 54657024/209662099 bytes
Download progress: [=============                                     ] 54689792/209662099 bytes
Download progress: [=============                                     ] 54722560/209662099 bytes
Download progress: [=============                                     ] 54755328/209662099 bytes
Download progress: [=============                                     ] 54788096/209662099 bytes
Download progress: [=============                                     ] 54820864/209662099 bytes
Download progress: [=============                                     ] 54853632/209662099 bytes
Download progress: [=============                                     ] 54886400/209662099 bytes
Download progress: [=============                                     ] 54919168/209662099 bytes
Download progress: [=============                                     ] 54951936/209662099 bytes
Download progress: [=============                                     ] 54984704/209662099 bytes
Download progress: [=============                                     ] 55017472/209662099 bytes
Download progress: [=============                                     ] 55050240/209662099 bytes
Download progress: [=============                                     ] 55083008/209662099 bytes
Download progress: [=============                                     ] 55115776/209662099 bytes
Download progress: [=============                                     ] 55148544/209662099 bytes
Download progress: [=============                                     ] 55181312/209662099 bytes
Download progress: [=============                                     ] 55214080/209662099 bytes
Download progress: [=============                                     ] 55246848/209662099 bytes
Download progress: [=============                                     ] 55279616/209662099 bytes
Download progress: [=============                                     ] 55312384/209662099 bytes
Download progress: [=============                                     ] 55345152/209662099 bytes
Download progress: [=============                                     ] 55377920/209662099 bytes
Download progress: [=============                                     ] 55410688/209662099 bytes
Download progress: [=============                                     ] 55443456/209662099 bytes
Download progress: [=============                                     ] 55476224/209662099 bytes
Download progress: [=============                                     ] 55508992/209662099 bytes
Download progress: [=============                                     ] 55541760/209662099 bytes
Download progress: [=============                                     ] 55574528/209662099 bytes
Download progress: [=============                                     ] 55607296/209662099 bytes
Download progress: [=============                                     ] 55640064/209662099 bytes
Download progress: [=============                                     ] 55672832/209662099 bytes
Download progress: [=============                                     ] 55705600/209662099 bytes
Download progress: [=============                                     ] 55738368/209662099 bytes
Download progress: [=============                                     ] 55771136/209662099 bytes
Download progress: [=============                                     ] 55803904/209662099 bytes
Download progress: [=============                                     ] 55836672/209662099 bytes
Download progress: [=============                                     ] 55869440/209662099 bytes
Download progress: [=============                                     ] 55902208/209662099 bytes
Download progress: [=============                                     ] 55934976/209662099 bytes
Download progress: [=============                                     ] 55967744/209662099 bytes
Download progress: [=============                                     ] 56000512/209662099 bytes
Download progress: [=============                                     ] 56033280/209662099 bytes
Download progress: [=============                                     ] 56066048/209662099 bytes
Download progress: [=============                                     ] 56098816/209662099 bytes
Download progress: [=============                                     ] 56131584/209662099 bytes
Download progress: [=============                                     ] 56164352/209662099 bytes
Download progress: [=============                                     ] 56197120/209662099 bytes
Download progress: [=============                                     ] 56229888/209662099 bytes
Download progress: [=============                                     ] 56262656/209662099 bytes
Download progress: [=============                                     ] 56295424/209662099 bytes
Download progress: [=============                                     ] 56328192/209662099 bytes
Download progress: [=============                                     ] 56360960/209662099 bytes
Download progress: [=============                                     ] 56393728/209662099 bytes
Download progress: [=============                                     ] 56426496/209662099 bytes
Download progress: [=============                                     ] 56459264/209662099 bytes
Download progress: [=============                                     ] 56492032/209662099 bytes
Download progress: [=============                                     ] 56524800/209662099 bytes
Download progress: [=============                                     ] 56557568/209662099 bytes
Download progress: [=============                                     ] 56590336/209662099 bytes
Download progress: [=============                                     ] 56623104/209662099 bytes
Download progress: [=============                                     ] 56655872/209662099 bytes
Download progress: [=============                                     ] 56688640/209662099 bytes
Download progress: [=============                                     ] 56721408/209662099 bytes
Download progress: [=============                                     ] 56754176/209662099 bytes
Download progress: [=============                                     ] 56786944/209662099 bytes
Download progress: [=============                                     ] 56819712/209662099 bytes
Download progress: [=============                                     ] 56852480/209662099 bytes
Download progress: [=============                                     ] 56885248/209662099 bytes
Download progress: [=============                                     ] 56918016/209662099 bytes
Download progress: [=============                                     ] 56950784/209662099 bytes
Download progress: [=============                                     ] 56983552/209662099 bytes
Download progress: [=============                                     ] 57016320/209662099 bytes
Download progress: [=============                                     ] 57049088/209662099 bytes
Download progress: [=============                                     ] 57081856/209662099 bytes
Download progress: [=============                                     ] 57114624/209662099 bytes
Download progress: [=============                                     ] 57147392/209662099 bytes
Download progress: [=============                                     ] 57180160/209662099 bytes
Download progress: [=============                                     ] 57212928/209662099 bytes
Download progress: [=============                                     ] 57245696/209662099 bytes
Download progress: [=============                                     ] 57278464/209662099 bytes
Download progress: [=============                                     ] 57311232/209662099 bytes
Download progress: [=============                                     ] 57344000/209662099 bytes
Download progress: [=============                                     ] 57376768/209662099 bytes
Download progress: [=============                                     ] 57409536/209662099 bytes
Download progress: [=============                                     ] 57442304/209662099 bytes
Download progress: [=============                                     ] 57475072/209662099 bytes
Download progress: [=============                                     ] 57507840/209662099 bytes
Download progress: [=============                                     ] 57540608/209662099 bytes
Download progress: [=============                                     ] 57573376/209662099 bytes
Download progress: [=============                                     ] 57606144/209662099 bytes
Download progress: [=============                                     ] 57638912/209662099 bytes
Download progress: [=============                                     ] 57671680/209662099 bytes
Download progress: [=============                                     ] 57704448/209662099 bytes
Download progress: [=============                                     ] 57737216/209662099 bytes
Download progress: [=============                                     ] 57769984/209662099 bytes
Download progress: [=============                                     ] 57802752/209662099 bytes
Download progress: [=============                                     ] 57835520/209662099 bytes
Download progress: [=============                                     ] 57868288/209662099 bytes
Download progress: [=============                                     ] 57901056/209662099 bytes
Download progress: [=============                                     ] 57933824/209662099 bytes
Download progress: [=============                                     ] 57966592/209662099 bytes
Download progress: [=============                                     ] 57999360/209662099 bytes
Download progress: [=============                                     ] 58032128/209662099 bytes
Download progress: [=============                                     ] 58064896/209662099 bytes
Download progress: [=============                                     ] 58097664/209662099 bytes
Download progress: [=============                                     ] 58130432/209662099 bytes
Download progress: [=============                                     ] 58163200/209662099 bytes
Download progress: [=============                                     ] 58195968/209662099 bytes
Download progress: [=============                                     ] 58228736/209662099 bytes
Download progress: [=============                                     ] 58261504/209662099 bytes
Download progress: [=============                                     ] 58294272/209662099 bytes
Download progress: [=============                                     ] 58327040/209662099 bytes
Download progress: [=============                                     ] 58359808/209662099 bytes
Download progress: [=============                                     ] 58392576/209662099 bytes
Download progress: [=============                                     ] 58425344/209662099 bytes
Download progress: [=============                                     ] 58458112/209662099 bytes
Download progress: [=============                                     ] 58490880/209662099 bytes
Download progress: [=============                                     ] 58523648/209662099 bytes
Download progress: [=============                                     ] 58556416/209662099 bytes
Download progress: [=============                                     ] 58589184/209662099 bytes
Download progress: [=============                                     ] 58621952/209662099 bytes
Download progress: [=============                                     ] 58654720/209662099 bytes
Download progress: [=============                                     ] 58687488/209662099 bytes
Download progress: [==============                                    ] 58720256/209662099 bytes
Download progress: [==============                                    ] 58753024/209662099 bytes
Download progress: [==============                                    ] 58785792/209662099 bytes
Download progress: [==============                                    ] 58818560/209662099 bytes
Download progress: [==============                                    ] 58851328/209662099 bytes
Download progress: [==============                                    ] 58884096/209662099 bytes
Download progress: [==============                                    ] 58916864/209662099 bytes
Download progress: [==============                                    ] 58949632/209662099 bytes
Download progress: [==============                                    ] 58982400/209662099 bytes
Download progress: [==============                                    ] 59015168/209662099 bytes
Download progress: [==============                                    ] 59047936/209662099 bytes
Download progress: [==============                                    ] 59080704/209662099 bytes
Download progress: [==============                                    ] 59113472/209662099 bytes
Download progress: [==============                                    ] 59146240/209662099 bytes
Download progress: [==============                                    ] 59179008/209662099 bytes
Download progress: [==============                                    ] 59211776/209662099 bytes
Download progress: [==============                                    ] 59244544/209662099 bytes
Download progress: [==============                                    ] 59277312/209662099 bytes
Download progress: [==============                                    ] 59310080/209662099 bytes
Download progress: [==============                                    ] 59342848/209662099 bytes
Download progress: [==============                                    ] 59375616/209662099 bytes
Download progress: [==============                                    ] 59408384/209662099 bytes
Download progress: [==============                                    ] 59441152/209662099 bytes
Download progress: [==============                                    ] 59473920/209662099 bytes
Download progress: [==============                                    ] 59506688/209662099 bytes
Download progress: [==============                                    ] 59539456/209662099 bytes
Download progress: [==============                                    ] 59572224/209662099 bytes
Download progress: [==============                                    ] 59604992/209662099 bytes
Download progress: [==============                                    ] 59637760/209662099 bytes
Download progress: [==============                                    ] 59670528/209662099 bytes
Download progress: [==============                                    ] 59703296/209662099 bytes
Download progress: [==============                                    ] 59736064/209662099 bytes
Download progress: [==============                                    ] 59768832/209662099 bytes
Download progress: [==============                                    ] 59801600/209662099 bytes
Download progress: [==============                                    ] 59834368/209662099 bytes
Download progress: [==============                                    ] 59867136/209662099 bytes
Download progress: [==============                                    ] 59899904/209662099 bytes
Download progress: [==============                                    ] 59932672/209662099 bytes
Download progress: [==============                                    ] 59965440/209662099 bytes
Download progress: [==============                                    ] 59998208/209662099 bytes
Download progress: [==============                                    ] 60030976/209662099 bytes
Download progress: [==============                                    ] 60063744/209662099 bytes
Download progress: [==============                                    ] 60096512/209662099 bytes
Download progress: [==============                                    ] 60129280/209662099 bytes
Download progress: [==============                                    ] 60162048/209662099 bytes
Download progress: [==============                                    ] 60194816/209662099 bytes
Download progress: [==============                                    ] 60227584/209662099 bytes
Download progress: [==============                                    ] 60260352/209662099 bytes
Download progress: [==============                                    ] 60293120/209662099 bytes
Download progress: [==============                                    ] 60325888/209662099 bytes
Download progress: [==============                                    ] 60358656/209662099 bytes
Download progress: [==============                                    ] 60391424/209662099 bytes
Download progress: [==============                                    ] 60424192/209662099 bytes
Download progress: [==============                                    ] 60456960/209662099 bytes
Download progress: [==============                                    ] 60489728/209662099 bytes
Download progress: [==============                                    ] 60522496/209662099 bytes
Download progress: [==============                                    ] 60555264/209662099 bytes
Download progress: [==============                                    ] 60588032/209662099 bytes
Download progress: [==============                                    ] 60620800/209662099 bytes
Download progress: [==============                                    ] 60653568/209662099 bytes
Download progress: [==============                                    ] 60686336/209662099 bytes
Download progress: [==============                                    ] 60719104/209662099 bytes
Download progress: [==============                                    ] 60751872/209662099 bytes
Download progress: [==============                                    ] 60784640/209662099 bytes
Download progress: [==============                                    ] 60817408/209662099 bytes
Download progress: [==============                                    ] 60850176/209662099 bytes
Download progress: [==============                                    ] 60882944/209662099 bytes
Download progress: [==============                                    ] 60915712/209662099 bytes
Download progress: [==============                                    ] 60948480/209662099 bytes
Download progress: [==============                                    ] 60981248/209662099 bytes
Download progress: [==============                                    ] 61014016/209662099 bytes
Download progress: [==============                                    ] 61046784/209662099 bytes
Download progress: [==============                                    ] 61079552/209662099 bytes
Download progress: [==============                                    ] 61112320/209662099 bytes
Download progress: [==============                                    ] 61145088/209662099 bytes
Download progress: [==============                                    ] 61177856/209662099 bytes
Download progress: [==============                                    ] 61210624/209662099 bytes
Download progress: [==============                                    ] 61243392/209662099 bytes
Download progress: [==============                                    ] 61276160/209662099 bytes
Download progress: [==============                                    ] 61308928/209662099 bytes
Download progress: [==============                                    ] 61341696/209662099 bytes
Download progress: [==============                                    ] 61374464/209662099 bytes
Download progress: [==============                                    ] 61407232/209662099 bytes
Download progress: [==============                                    ] 61440000/209662099 bytes
Download progress: [==============                                    ] 61472768/209662099 bytes
Download progress: [==============                                    ] 61505536/209662099 bytes
Download progress: [==============                                    ] 61538304/209662099 bytes
Download progress: [==============                                    ] 61571072/209662099 bytes
Download progress: [==============                                    ] 61603840/209662099 bytes
Download progress: [==============                                    ] 61636608/209662099 bytes
Download progress: [==============                                    ] 61669376/209662099 bytes
Download progress: [==============                                    ] 61702144/209662099 bytes
Download progress: [==============                                    ] 61734912/209662099 bytes
Download progress: [==============                                    ] 61767680/209662099 bytes
Download progress: [==============                                    ] 61800448/209662099 bytes
Download progress: [==============                                    ] 61833216/209662099 bytes
Download progress: [==============                                    ] 61865984/209662099 bytes
Download progress: [==============                                    ] 61898752/209662099 bytes
Download progress: [==============                                    ] 61931520/209662099 bytes
Download progress: [==============                                    ] 61964288/209662099 bytes
Download progress: [==============                                    ] 61997056/209662099 bytes
Download progress: [==============                                    ] 62029824/209662099 bytes
Download progress: [==============                                    ] 62062592/209662099 bytes
Download progress: [==============                                    ] 62095360/209662099 bytes
Download progress: [==============                                    ] 62128128/209662099 bytes
Download progress: [==============                                    ] 62160896/209662099 bytes
Download progress: [==============                                    ] 62193664/209662099 bytes
Download progress: [==============                                    ] 62226432/209662099 bytes
Download progress: [==============                                    ] 62259200/209662099 bytes
Download progress: [==============                                    ] 62291968/209662099 bytes
Download progress: [==============                                    ] 62324736/209662099 bytes
Download progress: [==============                                    ] 62357504/209662099 bytes
Download progress: [==============                                    ] 62390272/209662099 bytes
Download progress: [==============                                    ] 62423040/209662099 bytes
Download progress: [==============                                    ] 62455808/209662099 bytes
Download progress: [==============                                    ] 62488576/209662099 bytes
Download progress: [==============                                    ] 62521344/209662099 bytes
Download progress: [==============                                    ] 62554112/209662099 bytes
Download progress: [==============                                    ] 62586880/209662099 bytes
Download progress: [==============                                    ] 62619648/209662099 bytes
Download progress: [==============                                    ] 62652416/209662099 bytes
Download progress: [==============                                    ] 62685184/209662099 bytes
Download progress: [==============                                    ] 62717952/209662099 bytes
Download progress: [==============                                    ] 62750720/209662099 bytes
Download progress: [==============                                    ] 62783488/209662099 bytes
Download progress: [==============                                    ] 62816256/209662099 bytes
Download progress: [==============                                    ] 62849024/209662099 bytes
Download progress: [==============                                    ] 62881792/209662099 bytes
Download progress: [===============                                   ] 62914560/209662099 bytes
Download progress: [===============                                   ] 62947328/209662099 bytes
Download progress: [===============                                   ] 62980096/209662099 bytes
Download progress: [===============                                   ] 63012864/209662099 bytes
Download progress: [===============                                   ] 63045632/209662099 bytes
Download progress: [===============                                   ] 63078400/209662099 bytes
Download progress: [===============                                   ] 63111168/209662099 bytes
Download progress: [===============                                   ] 63143936/209662099 bytes
Download progress: [===============                                   ] 63176704/209662099 bytes
Download progress: [===============                                   ] 63209472/209662099 bytes
Download progress: [===============                                   ] 63242240/209662099 bytes
Download progress: [===============                                   ] 63275008/209662099 bytes
Download progress: [===============                                   ] 63307776/209662099 bytes
Download progress: [===============                                   ] 63340544/209662099 bytes
Download progress: [===============                                   ] 63373312/209662099 bytes
Download progress: [===============                                   ] 63406080/209662099 bytes
Download progress: [===============                                   ] 63438848/209662099 bytes
Download progress: [===============                                   ] 63471616/209662099 bytes
Download progress: [===============                                   ] 63504384/209662099 bytes
Download progress: [===============                                   ] 63537152/209662099 bytes
Download progress: [===============                                   ] 63569920/209662099 bytes
Download progress: [===============                                   ] 63602688/209662099 bytes
Download progress: [===============                                   ] 63635456/209662099 bytes
Download progress: [===============                                   ] 63668224/209662099 bytes
Download progress: [===============                                   ] 63700992/209662099 bytes
Download progress: [===============                                   ] 63733760/209662099 bytes
Download progress: [===============                                   ] 63766528/209662099 bytes
Download progress: [===============                                   ] 63799296/209662099 bytes
Download progress: [===============                                   ] 63832064/209662099 bytes
Download progress: [===============                                   ] 63864832/209662099 bytes
Download progress: [===============                                   ] 63897600/209662099 bytes
Download progress: [===============                                   ] 63930368/209662099 bytes
Download progress: [===============                                   ] 63963136/209662099 bytes
Download progress: [===============                                   ] 63995904/209662099 bytes
Download progress: [===============                                   ] 64028672/209662099 bytes
Download progress: [===============                                   ] 64061440/209662099 bytes
Download progress: [===============                                   ] 64094208/209662099 bytes
Download progress: [===============                                   ] 64126976/209662099 bytes
Download progress: [===============                                   ] 64159744/209662099 bytes
Download progress: [===============                                   ] 64192512/209662099 bytes
Download progress: [===============                                   ] 64225280/209662099 bytes
Download progress: [===============                                   ] 64258048/209662099 bytes
Download progress: [===============                                   ] 64290816/209662099 bytes
Download progress: [===============                                   ] 64323584/209662099 bytes
Download progress: [===============                                   ] 64356352/209662099 bytes
Download progress: [===============                                   ] 64389120/209662099 bytes
Download progress: [===============                                   ] 64421888/209662099 bytes
Download progress: [===============                                   ] 64454656/209662099 bytes
Download progress: [===============                                   ] 64487424/209662099 bytes
Download progress: [===============                                   ] 64520192/209662099 bytes
Download progress: [===============                                   ] 64552960/209662099 bytes
Download progress: [===============                                   ] 64585728/209662099 bytes
Download progress: [===============                                   ] 64618496/209662099 bytes
Download progress: [===============                                   ] 64651264/209662099 bytes
Download progress: [===============                                   ] 64684032/209662099 bytes
Download progress: [===============                                   ] 64716800/209662099 bytes
Download progress: [===============                                   ] 64749568/209662099 bytes
Download progress: [===============                                   ] 64782336/209662099 bytes
Download progress: [===============                                   ] 64815104/209662099 bytes
Download progress: [===============                                   ] 64847872/209662099 bytes
Download progress: [===============                                   ] 64880640/209662099 bytes
Download progress: [===============                                   ] 64913408/209662099 bytes
Download progress: [===============                                   ] 64946176/209662099 bytes
Download progress: [===============                                   ] 64978944/209662099 bytes
Download progress: [===============                                   ] 65011712/209662099 bytes
Download progress: [===============                                   ] 65044480/209662099 bytes
Download progress: [===============                                   ] 65077248/209662099 bytes
Download progress: [===============                                   ] 65110016/209662099 bytes
Download progress: [===============                                   ] 65142784/209662099 bytes
Download progress: [===============                                   ] 65175552/209662099 bytes
Download progress: [===============                                   ] 65208320/209662099 bytes
Download progress: [===============                                   ] 65241088/209662099 bytes
Download progress: [===============                                   ] 65273856/209662099 bytes
Download progress: [===============                                   ] 65306624/209662099 bytes
Download progress: [===============                                   ] 65339392/209662099 bytes
Download progress: [===============                                   ] 65372160/209662099 bytes
Download progress: [===============                                   ] 65404928/209662099 bytes
Download progress: [===============                                   ] 65437696/209662099 bytes
Download progress: [===============                                   ] 65470464/209662099 bytes
Download progress: [===============                                   ] 65503232/209662099 bytes
Download progress: [===============                                   ] 65536000/209662099 bytes
Download progress: [===============                                   ] 65568768/209662099 bytes
Download progress: [===============                                   ] 65601536/209662099 bytes
Download progress: [===============                                   ] 65634304/209662099 bytes
Download progress: [===============                                   ] 65667072/209662099 bytes
Download progress: [===============                                   ] 65699840/209662099 bytes
Download progress: [===============                                   ] 65732608/209662099 bytes
Download progress: [===============                                   ] 65765376/209662099 bytes
Download progress: [===============                                   ] 65798144/209662099 bytes
Download progress: [===============                                   ] 65830912/209662099 bytes
Download progress: [===============                                   ] 65863680/209662099 bytes
Download progress: [===============                                   ] 65896448/209662099 bytes
Download progress: [===============                                   ] 65929216/209662099 bytes
Download progress: [===============                                   ] 65961984/209662099 bytes
Download progress: [===============                                   ] 65994752/209662099 bytes
Download progress: [===============                                   ] 66027520/209662099 bytes
Download progress: [===============                                   ] 66060288/209662099 bytes
Download progress: [===============                                   ] 66093056/209662099 bytes
Download progress: [===============                                   ] 66125824/209662099 bytes
Download progress: [===============                                   ] 66158592/209662099 bytes
Download progress: [===============                                   ] 66191360/209662099 bytes
Download progress: [===============                                   ] 66224128/209662099 bytes
Download progress: [===============                                   ] 66256896/209662099 bytes
Download progress: [===============                                   ] 66289664/209662099 bytes
Download progress: [===============                                   ] 66322432/209662099 bytes
Download progress: [===============                                   ] 66355200/209662099 bytes
Download progress: [===============                                   ] 66387968/209662099 bytes
Download progress: [===============                                   ] 66420736/209662099 bytes
Download progress: [===============                                   ] 66453504/209662099 bytes
Download progress: [===============                                   ] 66486272/209662099 bytes
Download progress: [===============                                   ] 66519040/209662099 bytes
Download progress: [===============                                   ] 66551808/209662099 bytes
Download progress: [===============                                   ] 66584576/209662099 bytes
Download progress: [===============                                   ] 66617344/209662099 bytes
Download progress: [===============                                   ] 66650112/209662099 bytes
Download progress: [===============                                   ] 66682880/209662099 bytes
Download progress: [===============                                   ] 66715648/209662099 bytes
Download progress: [===============                                   ] 66748416/209662099 bytes
Download progress: [===============                                   ] 66781184/209662099 bytes
Download progress: [===============                                   ] 66813952/209662099 bytes
Download progress: [===============                                   ] 66846720/209662099 bytes
Download progress: [===============                                   ] 66879488/209662099 bytes
Download progress: [===============                                   ] 66912256/209662099 bytes
Download progress: [===============                                   ] 66945024/209662099 bytes
Download progress: [===============                                   ] 66977792/209662099 bytes
Download progress: [===============                                   ] 67010560/209662099 bytes
Download progress: [===============                                   ] 67043328/209662099 bytes
Download progress: [===============                                   ] 67076096/209662099 bytes
Download progress: [================                                  ] 67108864/209662099 bytes
Download progress: [================                                  ] 67141632/209662099 bytes
Download progress: [================                                  ] 67174400/209662099 bytes
Download progress: [================                                  ] 67207168/209662099 bytes
Download progress: [================                                  ] 67239936/209662099 bytes
Download progress: [================                                  ] 67272704/209662099 bytes
Download progress: [================                                  ] 67305472/209662099 bytes
Download progress: [================                                  ] 67338240/209662099 bytes
Download progress: [================                                  ] 67371008/209662099 bytes
Download progress: [================                                  ] 67403776/209662099 bytes
Download progress: [================                                  ] 67436544/209662099 bytes
Download progress: [================                                  ] 67469312/209662099 bytes
Download progress: [================                                  ] 67502080/209662099 bytes
Download progress: [================                                  ] 67534848/209662099 bytes
Download progress: [================                                  ] 67567616/209662099 bytes
Download progress: [================                                  ] 67600384/209662099 bytes
Download progress: [================                                  ] 67633152/209662099 bytes
Download progress: [================                                  ] 67665920/209662099 bytes
Download progress: [================                                  ] 67698688/209662099 bytes
Download progress: [================                                  ] 67731456/209662099 bytes
Download progress: [================                                  ] 67764224/209662099 bytes
Download progress: [================                                  ] 67796992/209662099 bytes
Download progress: [================                                  ] 67829760/209662099 bytes
Download progress: [================                                  ] 67862528/209662099 bytes
Download progress: [================                                  ] 67895296/209662099 bytes
Download progress: [================                                  ] 67928064/209662099 bytes
Download progress: [================                                  ] 67960832/209662099 bytes
Download progress: [================                                  ] 67993600/209662099 bytes
Download progress: [================                                  ] 68026368/209662099 bytes
Download progress: [================                                  ] 68059136/209662099 bytes
Download progress: [================                                  ] 68091904/209662099 bytes
Download progress: [================                                  ] 68124672/209662099 bytes
Download progress: [================                                  ] 68157440/209662099 bytes
Download progress: [================                                  ] 68190208/209662099 bytes
Download progress: [================                                  ] 68222976/209662099 bytes
Download progress: [================                                  ] 68255744/209662099 bytes
Download progress: [================                                  ] 68288512/209662099 bytes
Download progress: [================                                  ] 68321280/209662099 bytes
Download progress: [================                                  ] 68354048/209662099 bytes
Download progress: [================                                  ] 68386816/209662099 bytes
Download progress: [================                                  ] 68419584/209662099 bytes
Download progress: [================                                  ] 68452352/209662099 bytes
Download progress: [================                                  ] 68485120/209662099 bytes
Download progress: [================                                  ] 68517888/209662099 bytes
Download progress: [================                                  ] 68550656/209662099 bytes
Download progress: [================                                  ] 68583424/209662099 bytes
Download progress: [================                                  ] 68616192/209662099 bytes
Download progress: [================                                  ] 68648960/209662099 bytes
Download progress: [================                                  ] 68681728/209662099 bytes
Download progress: [================                                  ] 68714496/209662099 bytes
Download progress: [================                                  ] 68747264/209662099 bytes
Download progress: [================                                  ] 68780032/209662099 bytes
Download progress: [================                                  ] 68812800/209662099 bytes
Download progress: [================                                  ] 68845568/209662099 bytes
Download progress: [================                                  ] 68878336/209662099 bytes
Download progress: [================                                  ] 68911104/209662099 bytes
Download progress: [================                                  ] 68943872/209662099 bytes
Download progress: [================                                  ] 68976640/209662099 bytes
Download progress: [================                                  ] 69009408/209662099 bytes
Download progress: [================                                  ] 69042176/209662099 bytes
Download progress: [================                                  ] 69074944/209662099 bytes
Download progress: [================                                  ] 69107712/209662099 bytes
Download progress: [================                                  ] 69140480/209662099 bytes
Download progress: [================                                  ] 69173248/209662099 bytes
Download progress: [================                                  ] 69206016/209662099 bytes
Download progress: [================                                  ] 69238784/209662099 bytes
Download progress: [================                                  ] 69271552/209662099 bytes
Download progress: [================                                  ] 69304320/209662099 bytes
Download progress: [================                                  ] 69337088/209662099 bytes
Download progress: [================                                  ] 69369856/209662099 bytes
Download progress: [================                                  ] 69402624/209662099 bytes
Download progress: [================                                  ] 69435392/209662099 bytes
Download progress: [================                                  ] 69468160/209662099 bytes
Download progress: [================                                  ] 69500928/209662099 bytes
Download progress: [================                                  ] 69533696/209662099 bytes
Download progress: [================                                  ] 69566464/209662099 bytes
Download progress: [================                                  ] 69599232/209662099 bytes
Download progress: [================                                  ] 69632000/209662099 bytes
Download progress: [================                                  ] 69664768/209662099 bytes
Download progress: [================                                  ] 69697536/209662099 bytes
Download progress: [================                                  ] 69730304/209662099 bytes
Download progress: [================                                  ] 69763072/209662099 bytes
Download progress: [================                                  ] 69795840/209662099 bytes
Download progress: [================                                  ] 69828608/209662099 bytes
Download progress: [================                                  ] 69861376/209662099 bytes
Download progress: [================                                  ] 69894144/209662099 bytes
Download progress: [================                                  ] 69926912/209662099 bytes
Download progress: [================                                  ] 69959680/209662099 bytes
Download progress: [================                                  ] 69992448/209662099 bytes
Download progress: [================                                  ] 70025216/209662099 bytes
Download progress: [================                                  ] 70057984/209662099 bytes
Download progress: [================                                  ] 70090752/209662099 bytes
Download progress: [================                                  ] 70123520/209662099 bytes
Download progress: [================                                  ] 70156288/209662099 bytes
Download progress: [================                                  ] 70189056/209662099 bytes
Download progress: [================                                  ] 70221824/209662099 bytes
Download progress: [================                                  ] 70254592/209662099 bytes
Download progress: [================                                  ] 70287360/209662099 bytes
Download progress: [================                                  ] 70320128/209662099 bytes
Download progress: [================                                  ] 70352896/209662099 bytes
Download progress: [================                                  ] 70385664/209662099 bytes
Download progress: [================                                  ] 70418432/209662099 bytes
Download progress: [================                                  ] 70451200/209662099 bytes
Download progress: [================                                  ] 70483968/209662099 bytes
Download progress: [================                                  ] 70516736/209662099 bytes
Download progress: [================                                  ] 70549504/209662099 bytes
Download progress: [================                                  ] 70582272/209662099 bytes
Download progress: [================                                  ] 70615040/209662099 bytes
Download progress: [================                                  ] 70647808/209662099 bytes
Download progress: [================                                  ] 70680576/209662099 bytes
Download progress: [================                                  ] 70713344/209662099 bytes
Download progress: [================                                  ] 70746112/209662099 bytes
Download progress: [================                                  ] 70778880/209662099 bytes
Download progress: [================                                  ] 70811648/209662099 bytes
Download progress: [================                                  ] 70844416/209662099 bytes
Download progress: [================                                  ] 70877184/209662099 bytes
Download progress: [================                                  ] 70909952/209662099 bytes
Download progress: [================                                  ] 70942720/209662099 bytes
Download progress: [================                                  ] 70975488/209662099 bytes
Download progress: [================                                  ] 71008256/209662099 bytes
Download progress: [================                                  ] 71041024/209662099 bytes
Download progress: [================                                  ] 71073792/209662099 bytes
Download progress: [================                                  ] 71106560/209662099 bytes
Download progress: [================                                  ] 71139328/209662099 bytes
Download progress: [================                                  ] 71172096/209662099 bytes
Download progress: [================                                  ] 71204864/209662099 bytes
Download progress: [================                                  ] 71237632/209662099 bytes
Download progress: [================                                  ] 71270400/209662099 bytes
Download progress: [=================                                 ] 71303168/209662099 bytes
Download progress: [=================                                 ] 71335936/209662099 bytes
Download progress: [=================                                 ] 71368704/209662099 bytes
Download progress: [=================                                 ] 71401472/209662099 bytes
Download progress: [=================                                 ] 71434240/209662099 bytes
Download progress: [=================                                 ] 71467008/209662099 bytes
Download progress: [=================                                 ] 71499776/209662099 bytes
Download progress: [=================                                 ] 71532544/209662099 bytes
Download progress: [=================                                 ] 71565312/209662099 bytes
Download progress: [=================                                 ] 71598080/209662099 bytes
Download progress: [=================                                 ] 71630848/209662099 bytes
Download progress: [=================                                 ] 71663616/209662099 bytes
Download progress: [=================                                 ] 71696384/209662099 bytes
Download progress: [=================                                 ] 71729152/209662099 bytes
Download progress: [=================                                 ] 71761920/209662099 bytes
Download progress: [=================                                 ] 71794688/209662099 bytes
Download progress: [=================                                 ] 71827456/209662099 bytes
Download progress: [=================                                 ] 71860224/209662099 bytes
Download progress: [=================                                 ] 71892992/209662099 bytes
Download progress: [=================                                 ] 71925760/209662099 bytes
Download progress: [=================                                 ] 71958528/209662099 bytes
Download progress: [=================                                 ] 71991296/209662099 bytes
Download progress: [=================                                 ] 72024064/209662099 bytes
Download progress: [=================                                 ] 72056832/209662099 bytes
Download progress: [=================                                 ] 72089600/209662099 bytes
Download progress: [=================                                 ] 72122368/209662099 bytes
Download progress: [=================                                 ] 72155136/209662099 bytes
Download progress: [=================                                 ] 72187904/209662099 bytes
Download progress: [=================                                 ] 72220672/209662099 bytes
Download progress: [=================                                 ] 72253440/209662099 bytes
Download progress: [=================                                 ] 72286208/209662099 bytes
Download progress: [=================                                 ] 72318976/209662099 bytes
Download progress: [=================                                 ] 72351744/209662099 bytes
Download progress: [=================                                 ] 72384512/209662099 bytes
Download progress: [=================                                 ] 72417280/209662099 bytes
Download progress: [=================                                 ] 72450048/209662099 bytes
Download progress: [=================                                 ] 72482816/209662099 bytes
Download progress: [=================                                 ] 72515584/209662099 bytes
Download progress: [=================                                 ] 72548352/209662099 bytes
Download progress: [=================                                 ] 72581120/209662099 bytes
Download progress: [=================                                 ] 72613888/209662099 bytes
Download progress: [=================                                 ] 72646656/209662099 bytes
Download progress: [=================                                 ] 72679424/209662099 bytes
Download progress: [=================                                 ] 72712192/209662099 bytes
Download progress: [=================                                 ] 72744960/209662099 bytes
Download progress: [=================                                 ] 72777728/209662099 bytes
Download progress: [=================                                 ] 72810496/209662099 bytes
Download progress: [=================                                 ] 72843264/209662099 bytes
Download progress: [=================                                 ] 72876032/209662099 bytes
Download progress: [=================                                 ] 72908800/209662099 bytes
Download progress: [=================                                 ] 72941568/209662099 bytes
Download progress: [=================                                 ] 72974336/209662099 bytes
Download progress: [=================                                 ] 73007104/209662099 bytes
Download progress: [=================                                 ] 73039872/209662099 bytes
Download progress: [=================                                 ] 73072640/209662099 bytes
Download progress: [=================                                 ] 73105408/209662099 bytes
Download progress: [=================                                 ] 73138176/209662099 bytes
Download progress: [=================                                 ] 73170944/209662099 bytes
Download progress: [=================                                 ] 73203712/209662099 bytes
Download progress: [=================                                 ] 73236480/209662099 bytes
Download progress: [=================                                 ] 73269248/209662099 bytes
Download progress: [=================                                 ] 73302016/209662099 bytes
Download progress: [=================                                 ] 73334784/209662099 bytes
Download progress: [=================                                 ] 73367552/209662099 bytes
Download progress: [=================                                 ] 73400320/209662099 bytes
Download progress: [=================                                 ] 73433088/209662099 bytes
Download progress: [=================                                 ] 73465856/209662099 bytes
Download progress: [=================                                 ] 73498624/209662099 bytes
Download progress: [=================                                 ] 73531392/209662099 bytes
Download progress: [=================                                 ] 73564160/209662099 bytes
Download progress: [=================                                 ] 73596928/209662099 bytes
Download progress: [=================                                 ] 73629696/209662099 bytes
Download progress: [=================                                 ] 73662464/209662099 bytes
Download progress: [=================                                 ] 73695232/209662099 bytes
Download progress: [=================                                 ] 73728000/209662099 bytes
Download progress: [=================                                 ] 73760768/209662099 bytes
Download progress: [=================                                 ] 73793536/209662099 bytes
Download progress: [=================                                 ] 73826304/209662099 bytes
Download progress: [=================                                 ] 73859072/209662099 bytes
Download progress: [=================                                 ] 73891840/209662099 bytes
Download progress: [=================                                 ] 73924608/209662099 bytes
Download progress: [=================                                 ] 73957376/209662099 bytes
Download progress: [=================                                 ] 73990144/209662099 bytes
Download progress: [=================                                 ] 74022912/209662099 bytes
Download progress: [=================                                 ] 74055680/209662099 bytes
Download progress: [=================                                 ] 74088448/209662099 bytes
Download progress: [=================                                 ] 74121216/209662099 bytes
Download progress: [=================                                 ] 74153984/209662099 bytes
Download progress: [=================                                 ] 74186752/209662099 bytes
Download progress: [=================                                 ] 74219520/209662099 bytes
Download progress: [=================                                 ] 74252288/209662099 bytes
Download progress: [=================                                 ] 74285056/209662099 bytes
Download progress: [=================                                 ] 74317824/209662099 bytes
Download progress: [=================                                 ] 74350592/209662099 bytes
Download progress: [=================                                 ] 74383360/209662099 bytes
Download progress: [=================                                 ] 74416128/209662099 bytes
Download progress: [=================                                 ] 74448896/209662099 bytes
Download progress: [=================                                 ] 74481664/209662099 bytes
Download progress: [=================                                 ] 74514432/209662099 bytes
Download progress: [=================                                 ] 74547200/209662099 bytes
Download progress: [=================                                 ] 74579968/209662099 bytes
Download progress: [=================                                 ] 74612736/209662099 bytes
Download progress: [=================                                 ] 74645504/209662099 bytes
Download progress: [=================                                 ] 74678272/209662099 bytes
Download progress: [=================                                 ] 74711040/209662099 bytes
Download progress: [=================                                 ] 74743808/209662099 bytes
Download progress: [=================                                 ] 74776576/209662099 bytes
Download progress: [=================                                 ] 74809344/209662099 bytes
Download progress: [=================                                 ] 74842112/209662099 bytes
Download progress: [=================                                 ] 74874880/209662099 bytes
Download progress: [=================                                 ] 74907648/209662099 bytes
Download progress: [=================                                 ] 74940416/209662099 bytes
Download progress: [=================                                 ] 74973184/209662099 bytes
Download progress: [=================                                 ] 75005952/209662099 bytes
Download progress: [=================                                 ] 75038720/209662099 bytes
Download progress: [=================                                 ] 75071488/209662099 bytes
Download progress: [=================                                 ] 75104256/209662099 bytes
Download progress: [=================                                 ] 75137024/209662099 bytes
Download progress: [=================                                 ] 75169792/209662099 bytes
Download progress: [=================                                 ] 75202560/209662099 bytes
Download progress: [=================                                 ] 75235328/209662099 bytes
Download progress: [=================                                 ] 75268096/209662099 bytes
Download progress: [=================                                 ] 75300864/209662099 bytes
Download progress: [=================                                 ] 75333632/209662099 bytes
Download progress: [=================                                 ] 75366400/209662099 bytes
Download progress: [=================                                 ] 75399168/209662099 bytes
Download progress: [=================                                 ] 75431936/209662099 bytes
Download progress: [=================                                 ] 75464704/209662099 bytes
Download progress: [==================                                ] 75497472/209662099 bytes
Download progress: [==================                                ] 75530240/209662099 bytes
Download progress: [==================                                ] 75563008/209662099 bytes
Download progress: [==================                                ] 75595776/209662099 bytes
Download progress: [==================                                ] 75628544/209662099 bytes
Download progress: [==================                                ] 75661312/209662099 bytes
Download progress: [==================                                ] 75694080/209662099 bytes
Download progress: [==================                                ] 75726848/209662099 bytes
Download progress: [==================                                ] 75759616/209662099 bytes
Download progress: [==================                                ] 75792384/209662099 bytes
Download progress: [==================                                ] 75825152/209662099 bytes
Download progress: [==================                                ] 75857920/209662099 bytes
Download progress: [==================                                ] 75890688/209662099 bytes
Download progress: [==================                                ] 75923456/209662099 bytes
Download progress: [==================                                ] 75956224/209662099 bytes
Download progress: [==================                                ] 75988992/209662099 bytes
Download progress: [==================                                ] 76021760/209662099 bytes
Download progress: [==================                                ] 76054528/209662099 bytes
Download progress: [==================                                ] 76087296/209662099 bytes
Download progress: [==================                                ] 76120064/209662099 bytes
Download progress: [==================                                ] 76152832/209662099 bytes
Download progress: [==================                                ] 76185600/209662099 bytes
Download progress: [==================                                ] 76218368/209662099 bytes
Download progress: [==================                                ] 76251136/209662099 bytes
Download progress: [==================                                ] 76283904/209662099 bytes
Download progress: [==================                                ] 76316672/209662099 bytes
Download progress: [==================                                ] 76349440/209662099 bytes
Download progress: [==================                                ] 76382208/209662099 bytes
Download progress: [==================                                ] 76414976/209662099 bytes
Download progress: [==================                                ] 76447744/209662099 bytes
Download progress: [==================                                ] 76480512/209662099 bytes
Download progress: [==================                                ] 76513280/209662099 bytes
Download progress: [==================                                ] 76546048/209662099 bytes
Download progress: [==================                                ] 76578816/209662099 bytes
Download progress: [==================                                ] 76611584/209662099 bytes
Download progress: [==================                                ] 76644352/209662099 bytes
Download progress: [==================                                ] 76677120/209662099 bytes
Download progress: [==================                                ] 76709888/209662099 bytes
Download progress: [==================                                ] 76742656/209662099 bytes
Download progress: [==================                                ] 76775424/209662099 bytes
Download progress: [==================                                ] 76808192/209662099 bytes
Download progress: [==================                                ] 76840960/209662099 bytes
Download progress: [==================                                ] 76873728/209662099 bytes
Download progress: [==================                                ] 76906496/209662099 bytes
Download progress: [==================                                ] 76939264/209662099 bytes
Download progress: [==================                                ] 76972032/209662099 bytes
Download progress: [==================                                ] 77004800/209662099 bytes
Download progress: [==================                                ] 77037568/209662099 bytes
Download progress: [==================                                ] 77070336/209662099 bytes
Download progress: [==================                                ] 77103104/209662099 bytes
Download progress: [==================                                ] 77135872/209662099 bytes
Download progress: [==================                                ] 77168640/209662099 bytes
Download progress: [==================                                ] 77201408/209662099 bytes
Download progress: [==================                                ] 77234176/209662099 bytes
Download progress: [==================                                ] 77266944/209662099 bytes
Download progress: [==================                                ] 77299712/209662099 bytes
Download progress: [==================                                ] 77332480/209662099 bytes
Download progress: [==================                                ] 77365248/209662099 bytes
Download progress: [==================                                ] 77398016/209662099 bytes
Download progress: [==================                                ] 77430784/209662099 bytes
Download progress: [==================                                ] 77463552/209662099 bytes
Download progress: [==================                                ] 77496320/209662099 bytes
Download progress: [==================                                ] 77529088/209662099 bytes
Download progress: [==================                                ] 77561856/209662099 bytes
Download progress: [==================                                ] 77594624/209662099 bytes
Download progress: [==================                                ] 77627392/209662099 bytes
Download progress: [==================                                ] 77660160/209662099 bytes
Download progress: [==================                                ] 77692928/209662099 bytes
Download progress: [==================                                ] 77725696/209662099 bytes
Download progress: [==================                                ] 77758464/209662099 bytes
Download progress: [==================                                ] 77791232/209662099 bytes
Download progress: [==================                                ] 77824000/209662099 bytes
Download progress: [==================                                ] 77856768/209662099 bytes
Download progress: [==================                                ] 77889536/209662099 bytes
Download progress: [==================                                ] 77922304/209662099 bytes
Download progress: [==================                                ] 77955072/209662099 bytes
Download progress: [==================                                ] 77987840/209662099 bytes
Download progress: [==================                                ] 78020608/209662099 bytes
Download progress: [==================                                ] 78053376/209662099 bytes
Download progress: [==================                                ] 78086144/209662099 bytes
Download progress: [==================                                ] 78118912/209662099 bytes
Download progress: [==================                                ] 78151680/209662099 bytes
Download progress: [==================                                ] 78184448/209662099 bytes
Download progress: [==================                                ] 78217216/209662099 bytes
Download progress: [==================                                ] 78249984/209662099 bytes
Download progress: [==================                                ] 78282752/209662099 bytes
Download progress: [==================                                ] 78315520/209662099 bytes
Download progress: [==================                                ] 78348288/209662099 bytes
Download progress: [==================                                ] 78381056/209662099 bytes
Download progress: [==================                                ] 78413824/209662099 bytes
Download progress: [==================                                ] 78446592/209662099 bytes
Download progress: [==================                                ] 78479360/209662099 bytes
Download progress: [==================                                ] 78512128/209662099 bytes
Download progress: [==================                                ] 78544896/209662099 bytes
Download progress: [==================                                ] 78577664/209662099 bytes
Download progress: [==================                                ] 78610432/209662099 bytes
Download progress: [==================                                ] 78643200/209662099 bytes
Download progress: [==================                                ] 78675968/209662099 bytes
Download progress: [==================                                ] 78708736/209662099 bytes
Download progress: [==================                                ] 78741504/209662099 bytes
Download progress: [==================                                ] 78774272/209662099 bytes
Download progress: [==================                                ] 78807040/209662099 bytes
Download progress: [==================                                ] 78839808/209662099 bytes
Download progress: [==================                                ] 78872576/209662099 bytes
Download progress: [==================                                ] 78905344/209662099 bytes
Download progress: [==================                                ] 78938112/209662099 bytes
Download progress: [==================                                ] 78970880/209662099 bytes
Download progress: [==================                                ] 79003648/209662099 bytes
Download progress: [==================                                ] 79036416/209662099 bytes
Download progress: [==================                                ] 79069184/209662099 bytes
Download progress: [==================                                ] 79101952/209662099 bytes
Download progress: [==================                                ] 79134720/209662099 bytes
Download progress: [==================                                ] 79167488/209662099 bytes
Download progress: [==================                                ] 79200256/209662099 bytes
Download progress: [==================                                ] 79233024/209662099 bytes
Download progress: [==================                                ] 79265792/209662099 bytes
Download progress: [==================                                ] 79298560/209662099 bytes
Download progress: [==================                                ] 79331328/209662099 bytes
Download progress: [==================                                ] 79364096/209662099 bytes
Download progress: [==================                                ] 79396864/209662099 bytes
Download progress: [==================                                ] 79429632/209662099 bytes
Download progress: [==================                                ] 79462400/209662099 bytes
Download progress: [==================                                ] 79495168/209662099 bytes
Download progress: [==================                                ] 79527936/209662099 bytes
Download progress: [==================                                ] 79560704/209662099 bytes
Download progress: [==================                                ] 79593472/209662099 bytes
Download progress: [==================                                ] 79626240/209662099 bytes
Download progress: [==================                                ] 79659008/209662099 bytes
Download progress: [===================                               ] 79691776/209662099 bytes
Download progress: [===================                               ] 79724544/209662099 bytes
Download progress: [===================                               ] 79757312/209662099 bytes
Download progress: [===================                               ] 79790080/209662099 bytes
Download progress: [===================                               ] 79822848/209662099 bytes
Download progress: [===================                               ] 79855616/209662099 bytes
Download progress: [===================                               ] 79888384/209662099 bytes
Download progress: [===================                               ] 79921152/209662099 bytes
Download progress: [===================                               ] 79953920/209662099 bytes
Download progress: [===================                               ] 79986688/209662099 bytes
Download progress: [===================                               ] 80019456/209662099 bytes
Download progress: [===================                               ] 80052224/209662099 bytes
Download progress: [===================                               ] 80084992/209662099 bytes
Download progress: [===================                               ] 80117760/209662099 bytes
Download progress: [===================                               ] 80150528/209662099 bytes
Download progress: [===================                               ] 80183296/209662099 bytes
Download progress: [===================                               ] 80216064/209662099 bytes
Download progress: [===================                               ] 80248832/209662099 bytes
Download progress: [===================                               ] 80281600/209662099 bytes
Download progress: [===================                               ] 80314368/209662099 bytes
Download progress: [===================                               ] 80347136/209662099 bytes
Download progress: [===================                               ] 80379904/209662099 bytes
Download progress: [===================                               ] 80412672/209662099 bytes
Download progress: [===================                               ] 80445440/209662099 bytes
Download progress: [===================                               ] 80478208/209662099 bytes
Download progress: [===================                               ] 80510976/209662099 bytes
Download progress: [===================                               ] 80543744/209662099 bytes
Download progress: [===================                               ] 80576512/209662099 bytes
Download progress: [===================                               ] 80609280/209662099 bytes
Download progress: [===================                               ] 80642048/209662099 bytes
Download progress: [===================                               ] 80674816/209662099 bytes
Download progress: [===================                               ] 80707584/209662099 bytes
Download progress: [===================                               ] 80740352/209662099 bytes
Download progress: [===================                               ] 80773120/209662099 bytes
Download progress: [===================                               ] 80805888/209662099 bytes
Download progress: [===================                               ] 80838656/209662099 bytes
Download progress: [===================                               ] 80871424/209662099 bytes
Download progress: [===================                               ] 80904192/209662099 bytes
Download progress: [===================                               ] 80936960/209662099 bytes
Download progress: [===================                               ] 80969728/209662099 bytes
Download progress: [===================                               ] 81002496/209662099 bytes
Download progress: [===================                               ] 81035264/209662099 bytes
Download progress: [===================                               ] 81068032/209662099 bytes
Download progress: [===================                               ] 81100800/209662099 bytes
Download progress: [===================                               ] 81133568/209662099 bytes
Download progress: [===================                               ] 81166336/209662099 bytes
Download progress: [===================                               ] 81199104/209662099 bytes
Download progress: [===================                               ] 81231872/209662099 bytes
Download progress: [===================                               ] 81264640/209662099 bytes
Download progress: [===================                               ] 81297408/209662099 bytes
Download progress: [===================                               ] 81330176/209662099 bytes
Download progress: [===================                               ] 81362944/209662099 bytes
Download progress: [===================                               ] 81395712/209662099 bytes
Download progress: [===================                               ] 81428480/209662099 bytes
Download progress: [===================                               ] 81461248/209662099 bytes
Download progress: [===================                               ] 81494016/209662099 bytes
Download progress: [===================                               ] 81526784/209662099 bytes
Download progress: [===================                               ] 81559552/209662099 bytes
Download progress: [===================                               ] 81592320/209662099 bytes
Download progress: [===================                               ] 81625088/209662099 bytes
Download progress: [===================                               ] 81657856/209662099 bytes
Download progress: [===================                               ] 81690624/209662099 bytes
Download progress: [===================                               ] 81723392/209662099 bytes
Download progress: [===================                               ] 81756160/209662099 bytes
Download progress: [===================                               ] 81788928/209662099 bytes
Download progress: [===================                               ] 81821696/209662099 bytes
Download progress: [===================                               ] 81854464/209662099 bytes
Download progress: [===================                               ] 81887232/209662099 bytes
Download progress: [===================                               ] 81920000/209662099 bytes
Download progress: [===================                               ] 81952768/209662099 bytes
Download progress: [===================                               ] 81985536/209662099 bytes
Download progress: [===================                               ] 82018304/209662099 bytes
Download progress: [===================                               ] 82051072/209662099 bytes
Download progress: [===================                               ] 82083840/209662099 bytes
Download progress: [===================                               ] 82116608/209662099 bytes
Download progress: [===================                               ] 82149376/209662099 bytes
Download progress: [===================                               ] 82182144/209662099 bytes
Download progress: [===================                               ] 82214912/209662099 bytes
Download progress: [===================                               ] 82247680/209662099 bytes
Download progress: [===================                               ] 82280448/209662099 bytes
Download progress: [===================                               ] 82313216/209662099 bytes
Download progress: [===================                               ] 82345984/209662099 bytes
Download progress: [===================                               ] 82378752/209662099 bytes
Download progress: [===================                               ] 82411520/209662099 bytes
Download progress: [===================                               ] 82444288/209662099 bytes
Download progress: [===================                               ] 82477056/209662099 bytes
Download progress: [===================                               ] 82509824/209662099 bytes
Download progress: [===================                               ] 82542592/209662099 bytes
Download progress: [===================                               ] 82575360/209662099 bytes
Download progress: [===================                               ] 82608128/209662099 bytes
Download progress: [===================                               ] 82640896/209662099 bytes
Download progress: [===================                               ] 82673664/209662099 bytes
Download progress: [===================                               ] 82706432/209662099 bytes
Download progress: [===================                               ] 82739200/209662099 bytes
Download progress: [===================                               ] 82771968/209662099 bytes
Download progress: [===================                               ] 82804736/209662099 bytes
Download progress: [===================                               ] 82837504/209662099 bytes
Download progress: [===================                               ] 82870272/209662099 bytes
Download progress: [===================                               ] 82903040/209662099 bytes
Download progress: [===================                               ] 82935808/209662099 bytes
Download progress: [===================                               ] 82968576/209662099 bytes
Download progress: [===================                               ] 83001344/209662099 bytes
Download progress: [===================                               ] 83034112/209662099 bytes
Download progress: [===================                               ] 83066880/209662099 bytes
Download progress: [===================                               ] 83099648/209662099 bytes
Download progress: [===================                               ] 83132416/209662099 bytes
Download progress: [===================                               ] 83165184/209662099 bytes
Download progress: [===================                               ] 83197952/209662099 bytes
Download progress: [===================                               ] 83230720/209662099 bytes
Download progress: [===================                               ] 83263488/209662099 bytes
Download progress: [===================                               ] 83296256/209662099 bytes
Download progress: [===================                               ] 83329024/209662099 bytes
Download progress: [===================                               ] 83361792/209662099 bytes
Download progress: [===================                               ] 83394560/209662099 bytes
Download progress: [===================                               ] 83427328/209662099 bytes
Download progress: [===================                               ] 83460096/209662099 bytes
Download progress: [===================                               ] 83492864/209662099 bytes
Download progress: [===================                               ] 83525632/209662099 bytes
Download progress: [===================                               ] 83558400/209662099 bytes
Download progress: [===================                               ] 83591168/209662099 bytes
Download progress: [===================                               ] 83623936/209662099 bytes
Download progress: [===================                               ] 83656704/209662099 bytes
Download progress: [===================                               ] 83689472/209662099 bytes
Download progress: [===================                               ] 83722240/209662099 bytes
Download progress: [===================                               ] 83755008/209662099 bytes
Download progress: [===================                               ] 83787776/209662099 bytes
Download progress: [===================                               ] 83820544/209662099 bytes
Download progress: [===================                               ] 83853312/209662099 bytes
Download progress: [====================                              ] 83886080/209662099 bytes
Download progress: [====================                              ] 83918848/209662099 bytes
Download progress: [====================                              ] 83951616/209662099 bytes
Download progress: [====================                              ] 83984384/209662099 bytes
Download progress: [====================                              ] 84017152/209662099 bytes
Download progress: [====================                              ] 84049920/209662099 bytes
Download progress: [====================                              ] 84082688/209662099 bytes
Download progress: [====================                              ] 84115456/209662099 bytes
Download progress: [====================                              ] 84148224/209662099 bytes
Download progress: [====================                              ] 84180992/209662099 bytes
Download progress: [====================                              ] 84213760/209662099 bytes
Download progress: [====================                              ] 84246528/209662099 bytes
Download progress: [====================                              ] 84279296/209662099 bytes
Download progress: [====================                              ] 84312064/209662099 bytes
Download progress: [====================                              ] 84344832/209662099 bytes
Download progress: [====================                              ] 84377600/209662099 bytes
Download progress: [====================                              ] 84410368/209662099 bytes
Download progress: [====================                              ] 84443136/209662099 bytes
Download progress: [====================                              ] 84475904/209662099 bytes
Download progress: [====================                              ] 84508672/209662099 bytes
Download progress: [====================                              ] 84541440/209662099 bytes
Download progress: [====================                              ] 84574208/209662099 bytes
Download progress: [====================                              ] 84606976/209662099 bytes
Download progress: [====================                              ] 84639744/209662099 bytes
Download progress: [====================                              ] 84672512/209662099 bytes
Download progress: [====================                              ] 84705280/209662099 bytes
Download progress: [====================                              ] 84738048/209662099 bytes
Download progress: [====================                              ] 84770816/209662099 bytes
Download progress: [====================                              ] 84803584/209662099 bytes
Download progress: [====================                              ] 84836352/209662099 bytes
Download progress: [====================                              ] 84869120/209662099 bytes
Download progress: [====================                              ] 84901888/209662099 bytes
Download progress: [====================                              ] 84934656/209662099 bytes
Download progress: [====================                              ] 84967424/209662099 bytes
Download progress: [====================                              ] 85000192/209662099 bytes
Download progress: [====================                              ] 85032960/209662099 bytes
Download progress: [====================                              ] 85065728/209662099 bytes
Download progress: [====================                              ] 85098496/209662099 bytes
Download progress: [====================                              ] 85131264/209662099 bytes
Download progress: [====================                              ] 85164032/209662099 bytes
Download progress: [====================                              ] 85196800/209662099 bytes
Download progress: [====================                              ] 85229568/209662099 bytes
Download progress: [====================                              ] 85262336/209662099 bytes
Download progress: [====================                              ] 85295104/209662099 bytes
Download progress: [====================                              ] 85327872/209662099 bytes
Download progress: [====================                              ] 85360640/209662099 bytes
Download progress: [====================                              ] 85393408/209662099 bytes
Download progress: [====================                              ] 85426176/209662099 bytes
Download progress: [====================                              ] 85458944/209662099 bytes
Download progress: [====================                              ] 85491712/209662099 bytes
Download progress: [====================                              ] 85524480/209662099 bytes
Download progress: [====================                              ] 85557248/209662099 bytes
Download progress: [====================                              ] 85590016/209662099 bytes
Download progress: [====================                              ] 85622784/209662099 bytes
Download progress: [====================                              ] 85655552/209662099 bytes
Download progress: [====================                              ] 85688320/209662099 bytes
Download progress: [====================                              ] 85721088/209662099 bytes
Download progress: [====================                              ] 85753856/209662099 bytes
Download progress: [====================                              ] 85786624/209662099 bytes
Download progress: [====================                              ] 85819392/209662099 bytes
Download progress: [====================                              ] 85852160/209662099 bytes
Download progress: [====================                              ] 85884928/209662099 bytes
Download progress: [====================                              ] 85917696/209662099 bytes
Download progress: [====================                              ] 85950464/209662099 bytes
Download progress: [====================                              ] 85983232/209662099 bytes
Download progress: [====================                              ] 86016000/209662099 bytes
Download progress: [====================                              ] 86048768/209662099 bytes
Download progress: [====================                              ] 86081536/209662099 bytes
Download progress: [====================                              ] 86114304/209662099 bytes
Download progress: [====================                              ] 86147072/209662099 bytes
Download progress: [====================                              ] 86179840/209662099 bytes
Download progress: [====================                              ] 86212608/209662099 bytes
Download progress: [====================                              ] 86245376/209662099 bytes
Download progress: [====================                              ] 86278144/209662099 bytes
Download progress: [====================                              ] 86310912/209662099 bytes
Download progress: [====================                              ] 86343680/209662099 bytes
Download progress: [====================                              ] 86376448/209662099 bytes
Download progress: [====================                              ] 86409216/209662099 bytes
Download progress: [====================                              ] 86441984/209662099 bytes
Download progress: [====================                              ] 86474752/209662099 bytes
Download progress: [====================                              ] 86507520/209662099 bytes
Download progress: [====================                              ] 86540288/209662099 bytes
Download progress: [====================                              ] 86573056/209662099 bytes
Download progress: [====================                              ] 86605824/209662099 bytes
Download progress: [====================                              ] 86638592/209662099 bytes
Download progress: [====================                              ] 86671360/209662099 bytes
Download progress: [====================                              ] 86704128/209662099 bytes
Download progress: [====================                              ] 86736896/209662099 bytes
Download progress: [====================                              ] 86769664/209662099 bytes
Download progress: [====================                              ] 86802432/209662099 bytes
Download progress: [====================                              ] 86835200/209662099 bytes
Download progress: [====================                              ] 86867968/209662099 bytes
Download progress: [====================                              ] 86900736/209662099 bytes
Download progress: [====================                              ] 86933504/209662099 bytes
Download progress: [====================                              ] 86966272/209662099 bytes
Download progress: [====================                              ] 86999040/209662099 bytes
Download progress: [====================                              ] 87031808/209662099 bytes
Download progress: [====================                              ] 87064576/209662099 bytes
Download progress: [====================                              ] 87097344/209662099 bytes
Download progress: [====================                              ] 87130112/209662099 bytes
Download progress: [====================                              ] 87162880/209662099 bytes
Download progress: [====================                              ] 87195648/209662099 bytes
Download progress: [====================                              ] 87228416/209662099 bytes
Download progress: [====================                              ] 87261184/209662099 bytes
Download progress: [====================                              ] 87293952/209662099 bytes
Download progress: [====================                              ] 87326720/209662099 bytes
Download progress: [====================                              ] 87359488/209662099 bytes
Download progress: [====================                              ] 87392256/209662099 bytes
Download progress: [====================                              ] 87425024/209662099 bytes
Download progress: [====================                              ] 87457792/209662099 bytes
Download progress: [====================                              ] 87490560/209662099 bytes
Download progress: [====================                              ] 87523328/209662099 bytes
Download progress: [====================                              ] 87556096/209662099 bytes
Download progress: [====================                              ] 87588864/209662099 bytes
Download progress: [====================                              ] 87621632/209662099 bytes
Download progress: [====================                              ] 87654400/209662099 bytes
Download progress: [====================                              ] 87687168/209662099 bytes
Download progress: [====================                              ] 87719936/209662099 bytes
Download progress: [====================                              ] 87752704/209662099 bytes
Download progress: [====================                              ] 87785472/209662099 bytes
Download progress: [====================                              ] 87818240/209662099 bytes
Download progress: [====================                              ] 87851008/209662099 bytes
Download progress: [====================                              ] 87883776/209662099 bytes
Download progress: [====================                              ] 87916544/209662099 bytes
Download progress: [====================                              ] 87949312/209662099 bytes
Download progress: [====================                              ] 87982080/209662099 bytes
Download progress: [====================                              ] 88014848/209662099 bytes
Download progress: [====================                              ] 88047616/209662099 bytes
Download progress: [=====================                             ] 88080384/209662099 bytes
Download progress: [=====================                             ] 88113152/209662099 bytes
Download progress: [=====================                             ] 88145920/209662099 bytes
Download progress: [=====================                             ] 88178688/209662099 bytes
Download progress: [=====================                             ] 88211456/209662099 bytes
Download progress: [=====================                             ] 88244224/209662099 bytes
Download progress: [=====================                             ] 88276992/209662099 bytes
Download progress: [=====================                             ] 88309760/209662099 bytes
Download progress: [=====================                             ] 88342528/209662099 bytes
Download progress: [=====================                             ] 88375296/209662099 bytes
Download progress: [=====================                             ] 88408064/209662099 bytes
Download progress: [=====================                             ] 88440832/209662099 bytes
Download progress: [=====================                             ] 88473600/209662099 bytes
Download progress: [=====================                             ] 88506368/209662099 bytes
Download progress: [=====================                             ] 88539136/209662099 bytes
Download progress: [=====================                             ] 88571904/209662099 bytes
Download progress: [=====================                             ] 88604672/209662099 bytes
Download progress: [=====================                             ] 88637440/209662099 bytes
Download progress: [=====================                             ] 88670208/209662099 bytes
Download progress: [=====================                             ] 88702976/209662099 bytes
Download progress: [=====================                             ] 88735744/209662099 bytes
Download progress: [=====================                             ] 88768512/209662099 bytes
Download progress: [=====================                             ] 88801280/209662099 bytes
Download progress: [=====================                             ] 88834048/209662099 bytes
Download progress: [=====================                             ] 88866816/209662099 bytes
Download progress: [=====================                             ] 88899584/209662099 bytes
Download progress: [=====================                             ] 88932352/209662099 bytes
Download progress: [=====================                             ] 88965120/209662099 bytes
Download progress: [=====================                             ] 88997888/209662099 bytes
Download progress: [=====================                             ] 89030656/209662099 bytes
Download progress: [=====================                             ] 89063424/209662099 bytes
Download progress: [=====================                             ] 89096192/209662099 bytes
Download progress: [=====================                             ] 89128960/209662099 bytes
Download progress: [=====================                             ] 89161728/209662099 bytes
Download progress: [=====================                             ] 89194496/209662099 bytes
Download progress: [=====================                             ] 89227264/209662099 bytes
Download progress: [=====================                             ] 89260032/209662099 bytes
Download progress: [=====================                             ] 89292800/209662099 bytes
Download progress: [=====================                             ] 89325568/209662099 bytes
Download progress: [=====================                             ] 89358336/209662099 bytes
Download progress: [=====================                             ] 89391104/209662099 bytes
Download progress: [=====================                             ] 89423872/209662099 bytes
Download progress: [=====================                             ] 89456640/209662099 bytes
Download progress: [=====================                             ] 89489408/209662099 bytes
Download progress: [=====================                             ] 89522176/209662099 bytes
Download progress: [=====================                             ] 89554944/209662099 bytes
Download progress: [=====================                             ] 89587712/209662099 bytes
Download progress: [=====================                             ] 89620480/209662099 bytes
Download progress: [=====================                             ] 89653248/209662099 bytes
Download progress: [=====================                             ] 89686016/209662099 bytes
Download progress: [=====================                             ] 89718784/209662099 bytes
Download progress: [=====================                             ] 89751552/209662099 bytes
Download progress: [=====================                             ] 89784320/209662099 bytes
Download progress: [=====================                             ] 89817088/209662099 bytes
Download progress: [=====================                             ] 89849856/209662099 bytes
Download progress: [=====================                             ] 89882624/209662099 bytes
Download progress: [=====================                             ] 89915392/209662099 bytes
Download progress: [=====================                             ] 89948160/209662099 bytes
Download progress: [=====================                             ] 89980928/209662099 bytes
Download progress: [=====================                             ] 90013696/209662099 bytes
Download progress: [=====================                             ] 90046464/209662099 bytes
Download progress: [=====================                             ] 90079232/209662099 bytes
Download progress: [=====================                             ] 90112000/209662099 bytes
Download progress: [=====================                             ] 90144768/209662099 bytes
Download progress: [=====================                             ] 90177536/209662099 bytes
Download progress: [=====================                             ] 90210304/209662099 bytes
Download progress: [=====================                             ] 90243072/209662099 bytes
Download progress: [=====================                             ] 90275840/209662099 bytes
Download progress: [=====================                             ] 90308608/209662099 bytes
Download progress: [=====================                             ] 90341376/209662099 bytes
Download progress: [=====================                             ] 90374144/209662099 bytes
Download progress: [=====================                             ] 90406912/209662099 bytes
Download progress: [=====================                             ] 90439680/209662099 bytes
Download progress: [=====================                             ] 90472448/209662099 bytes
Download progress: [=====================                             ] 90505216/209662099 bytes
Download progress: [=====================                             ] 90537984/209662099 bytes
Download progress: [=====================                             ] 90570752/209662099 bytes
Download progress: [=====================                             ] 90603520/209662099 bytes
Download progress: [=====================                             ] 90636288/209662099 bytes
Download progress: [=====================                             ] 90669056/209662099 bytes
Download progress: [=====================                             ] 90701824/209662099 bytes
Download progress: [=====================                             ] 90734592/209662099 bytes
Download progress: [=====================                             ] 90767360/209662099 bytes
Download progress: [=====================                             ] 90800128/209662099 bytes
Download progress: [=====================                             ] 90832896/209662099 bytes
Download progress: [=====================                             ] 90865664/209662099 bytes
Download progress: [=====================                             ] 90898432/209662099 bytes
Download progress: [=====================                             ] 90931200/209662099 bytes
Download progress: [=====================                             ] 90963968/209662099 bytes
Download progress: [=====================                             ] 90996736/209662099 bytes
Download progress: [=====================                             ] 91029504/209662099 bytes
Download progress: [=====================                             ] 91062272/209662099 bytes
Download progress: [=====================                             ] 91095040/209662099 bytes
Download progress: [=====================                             ] 91127808/209662099 bytes
Download progress: [=====================                             ] 91160576/209662099 bytes
Download progress: [=====================                             ] 91193344/209662099 bytes
Download progress: [=====================                             ] 91226112/209662099 bytes
Download progress: [=====================                             ] 91258880/209662099 bytes
Download progress: [=====================                             ] 91291648/209662099 bytes
Download progress: [=====================                             ] 91324416/209662099 bytes
Download progress: [=====================                             ] 91357184/209662099 bytes
Download progress: [=====================                             ] 91389952/209662099 bytes
Download progress: [=====================                             ] 91422720/209662099 bytes
Download progress: [=====================                             ] 91455488/209662099 bytes
Download progress: [=====================                             ] 91488256/209662099 bytes
Download progress: [=====================                             ] 91521024/209662099 bytes
Download progress: [=====================                             ] 91553792/209662099 bytes
Download progress: [=====================                             ] 91586560/209662099 bytes
Download progress: [=====================                             ] 91619328/209662099 bytes
Download progress: [=====================                             ] 91652096/209662099 bytes
Download progress: [=====================                             ] 91684864/209662099 bytes
Download progress: [=====================                             ] 91717632/209662099 bytes
Download progress: [=====================                             ] 91750400/209662099 bytes
Download progress: [=====================                             ] 91783168/209662099 bytes
Download progress: [=====================                             ] 91815936/209662099 bytes
Download progress: [=====================                             ] 91848704/209662099 bytes
Download progress: [=====================                             ] 91881472/209662099 bytes
Download progress: [=====================                             ] 91914240/209662099 bytes
Download progress: [=====================                             ] 91947008/209662099 bytes
Download progress: [=====================                             ] 91979776/209662099 bytes
Download progress: [=====================                             ] 92012544/209662099 bytes
Download progress: [=====================                             ] 92045312/209662099 bytes
Download progress: [=====================                             ] 92078080/209662099 bytes
Download progress: [=====================                             ] 92110848/209662099 bytes
Download progress: [=====================                             ] 92143616/209662099 bytes
Download progress: [=====================                             ] 92176384/209662099 bytes
Download progress: [=====================                             ] 92209152/209662099 bytes
Download progress: [=====================                             ] 92241920/209662099 bytes
Download progress: [======================                            ] 92274688/209662099 bytes
Download progress: [======================                            ] 92307456/209662099 bytes
Download progress: [======================                            ] 92340224/209662099 bytes
Download progress: [======================                            ] 92372992/209662099 bytes
Download progress: [======================                            ] 92405760/209662099 bytes
Download progress: [======================                            ] 92438528/209662099 bytes
Download progress: [======================                            ] 92471296/209662099 bytes
Download progress: [======================                            ] 92504064/209662099 bytes
Download progress: [======================                            ] 92536832/209662099 bytes
Download progress: [======================                            ] 92569600/209662099 bytes
Download progress: [======================                            ] 92602368/209662099 bytes
Download progress: [======================                            ] 92635136/209662099 bytes
Download progress: [======================                            ] 92667904/209662099 bytes
Download progress: [======================                            ] 92700672/209662099 bytes
Download progress: [======================                            ] 92733440/209662099 bytes
Download progress: [======================                            ] 92766208/209662099 bytes
Download progress: [======================                            ] 92798976/209662099 bytes
Download progress: [======================                            ] 92831744/209662099 bytes
Download progress: [======================                            ] 92864512/209662099 bytes
Download progress: [======================                            ] 92897280/209662099 bytes
Download progress: [======================                            ] 92930048/209662099 bytes
Download progress: [======================                            ] 92962816/209662099 bytes
Download progress: [======================                            ] 92995584/209662099 bytes
Download progress: [======================                            ] 93028352/209662099 bytes
Download progress: [======================                            ] 93061120/209662099 bytes
Download progress: [======================                            ] 93093888/209662099 bytes
Download progress: [======================                            ] 93126656/209662099 bytes
Download progress: [======================                            ] 93159424/209662099 bytes
Download progress: [======================                            ] 93192192/209662099 bytes
Download progress: [======================                            ] 93224960/209662099 bytes
Download progress: [======================                            ] 93257728/209662099 bytes
Download progress: [======================                            ] 93290496/209662099 bytes
Download progress: [======================                            ] 93323264/209662099 bytes
Download progress: [======================                            ] 93356032/209662099 bytes
Download progress: [======================                            ] 93388800/209662099 bytes
Download progress: [======================                            ] 93421568/209662099 bytes
Download progress: [======================                            ] 93454336/209662099 bytes
Download progress: [======================                            ] 93487104/209662099 bytes
Download progress: [======================                            ] 93519872/209662099 bytes
Download progress: [======================                            ] 93552640/209662099 bytes
Download progress: [======================                            ] 93585408/209662099 bytes
Download progress: [======================                            ] 93618176/209662099 bytes
Download progress: [======================                            ] 93650944/209662099 bytes
Download progress: [======================                            ] 93683712/209662099 bytes
Download progress: [======================                            ] 93716480/209662099 bytes
Download progress: [======================                            ] 93749248/209662099 bytes
Download progress: [======================                            ] 93782016/209662099 bytes
Download progress: [======================                            ] 93814784/209662099 bytes
Download progress: [======================                            ] 93847552/209662099 bytes
Download progress: [======================                            ] 93880320/209662099 bytes
Download progress: [======================                            ] 93913088/209662099 bytes
Download progress: [======================                            ] 93945856/209662099 bytes
Download progress: [======================                            ] 93978624/209662099 bytes
Download progress: [======================                            ] 94011392/209662099 bytes
Download progress: [======================                            ] 94044160/209662099 bytes
Download progress: [======================                            ] 94076928/209662099 bytes
Download progress: [======================                            ] 94109696/209662099 bytes
Download progress: [======================                            ] 94142464/209662099 bytes
Download progress: [======================                            ] 94175232/209662099 bytes
Download progress: [======================                            ] 94208000/209662099 bytes
Download progress: [======================                            ] 94240768/209662099 bytes
Download progress: [======================                            ] 94273536/209662099 bytes
Download progress: [======================                            ] 94306304/209662099 bytes
Download progress: [======================                            ] 94339072/209662099 bytes
Download progress: [======================                            ] 94371840/209662099 bytes
Download progress: [======================                            ] 94404608/209662099 bytes
Download progress: [======================                            ] 94437376/209662099 bytes
Download progress: [======================                            ] 94470144/209662099 bytes
Download progress: [======================                            ] 94502912/209662099 bytes
Download progress: [======================                            ] 94535680/209662099 bytes
Download progress: [======================                            ] 94568448/209662099 bytes
Download progress: [======================                            ] 94601216/209662099 bytes
Download progress: [======================                            ] 94633984/209662099 bytes
Download progress: [======================                            ] 94666752/209662099 bytes
Download progress: [======================                            ] 94699520/209662099 bytes
Download progress: [======================                            ] 94732288/209662099 bytes
Download progress: [======================                            ] 94765056/209662099 bytes
Download progress: [======================                            ] 94797824/209662099 bytes
Download progress: [======================                            ] 94830592/209662099 bytes
Download progress: [======================                            ] 94863360/209662099 bytes
Download progress: [======================                            ] 94896128/209662099 bytes
Download progress: [======================                            ] 94928896/209662099 bytes
Download progress: [======================                            ] 94961664/209662099 bytes
Download progress: [======================                            ] 94994432/209662099 bytes
Download progress: [======================                            ] 95027200/209662099 bytes
Download progress: [======================                            ] 95059968/209662099 bytes
Download progress: [======================                            ] 95092736/209662099 bytes
Download progress: [======================                            ] 95125504/209662099 bytes
Download progress: [======================                            ] 95158272/209662099 bytes
Download progress: [======================                            ] 95191040/209662099 bytes
Download progress: [======================                            ] 95223808/209662099 bytes
Download progress: [======================                            ] 95256576/209662099 bytes
Download progress: [======================                            ] 95289344/209662099 bytes
Download progress: [======================                            ] 95322112/209662099 bytes
Download progress: [======================                            ] 95354880/209662099 bytes
Download progress: [======================                            ] 95387648/209662099 bytes
Download progress: [======================                            ] 95420416/209662099 bytes
Download progress: [======================                            ] 95453184/209662099 bytes
Download progress: [======================                            ] 95485952/209662099 bytes
Download progress: [======================                            ] 95518720/209662099 bytes
Download progress: [======================                            ] 95551488/209662099 bytes
Download progress: [======================                            ] 95584256/209662099 bytes
Download progress: [======================                            ] 95617024/209662099 bytes
Download progress: [======================                            ] 95649792/209662099 bytes
Download progress: [======================                            ] 95682560/209662099 bytes
Download progress: [======================                            ] 95715328/209662099 bytes
Download progress: [======================                            ] 95748096/209662099 bytes
Download progress: [======================                            ] 95780864/209662099 bytes
Download progress: [======================                            ] 95813632/209662099 bytes
Download progress: [======================                            ] 95846400/209662099 bytes
Download progress: [======================                            ] 95879168/209662099 bytes
Download progress: [======================                            ] 95911936/209662099 bytes
Download progress: [======================                            ] 95944704/209662099 bytes
Download progress: [======================                            ] 95977472/209662099 bytes
Download progress: [======================                            ] 96010240/209662099 bytes
Download progress: [======================                            ] 96043008/209662099 bytes
Download progress: [======================                            ] 96075776/209662099 bytes
Download progress: [======================                            ] 96108544/209662099 bytes
Download progress: [======================                            ] 96141312/209662099 bytes
Download progress: [======================                            ] 96174080/209662099 bytes
Download progress: [======================                            ] 96206848/209662099 bytes
Download progress: [======================                            ] 96239616/209662099 bytes
Download progress: [======================                            ] 96272384/209662099 bytes
Download progress: [======================                            ] 96305152/209662099 bytes
Download progress: [======================                            ] 96337920/209662099 bytes
Download progress: [======================                            ] 96370688/209662099 bytes
Download progress: [======================                            ] 96403456/209662099 bytes
Download progress: [======================                            ] 96436224/209662099 bytes
Download progress: [=======================                           ] 96468992/209662099 bytes
Download progress: [=======================                           ] 96501760/209662099 bytes
Download progress: [=======================                           ] 96534528/209662099 bytes
Download progress: [=======================                           ] 96567296/209662099 bytes
Download progress: [=======================                           ] 96600064/209662099 bytes
Download progress: [=======================                           ] 96632832/209662099 bytes
Download progress: [=======================                           ] 96665600/209662099 bytes
Download progress: [=======================                           ] 96698368/209662099 bytes
Download progress: [=======================                           ] 96731136/209662099 bytes
Download progress: [=======================                           ] 96763904/209662099 bytes
Download progress: [=======================                           ] 96796672/209662099 bytes
Download progress: [=======================                           ] 96829440/209662099 bytes
Download progress: [=======================                           ] 96862208/209662099 bytes
Download progress: [=======================                           ] 96894976/209662099 bytes
Download progress: [=======================                           ] 96927744/209662099 bytes
Download progress: [=======================                           ] 96960512/209662099 bytes
Download progress: [=======================                           ] 96993280/209662099 bytes
Download progress: [=======================                           ] 97026048/209662099 bytes
Download progress: [=======================                           ] 97058816/209662099 bytes
Download progress: [=======================                           ] 97091584/209662099 bytes
Download progress: [=======================                           ] 97124352/209662099 bytes
Download progress: [=======================                           ] 97157120/209662099 bytes
Download progress: [=======================                           ] 97189888/209662099 bytes
Download progress: [=======================                           ] 97222656/209662099 bytes
Download progress: [=======================                           ] 97255424/209662099 bytes
Download progress: [=======================                           ] 97288192/209662099 bytes
Download progress: [=======================                           ] 97320960/209662099 bytes
Download progress: [=======================                           ] 97353728/209662099 bytes
Download progress: [=======================                           ] 97386496/209662099 bytes
Download progress: [=======================                           ] 97419264/209662099 bytes
Download progress: [=======================                           ] 97452032/209662099 bytes
Download progress: [=======================                           ] 97484800/209662099 bytes
Download progress: [=======================                           ] 97517568/209662099 bytes
Download progress: [=======================                           ] 97550336/209662099 bytes
Download progress: [=======================                           ] 97583104/209662099 bytes
Download progress: [=======================                           ] 97615872/209662099 bytes
Download progress: [=======================                           ] 97648640/209662099 bytes
Download progress: [=======================                           ] 97681408/209662099 bytes
Download progress: [=======================                           ] 97714176/209662099 bytes
Download progress: [=======================                           ] 97746944/209662099 bytes
Download progress: [=======================                           ] 97779712/209662099 bytes
Download progress: [=======================                           ] 97812480/209662099 bytes
Download progress: [=======================                           ] 97845248/209662099 bytes
Download progress: [=======================                           ] 97878016/209662099 bytes
Download progress: [=======================                           ] 97910784/209662099 bytes
Download progress: [=======================                           ] 97943552/209662099 bytes
Download progress: [=======================                           ] 97976320/209662099 bytes
Download progress: [=======================                           ] 98009088/209662099 bytes
Download progress: [=======================                           ] 98041856/209662099 bytes
Download progress: [=======================                           ] 98074624/209662099 bytes
Download progress: [=======================                           ] 98107392/209662099 bytes
Download progress: [=======================                           ] 98140160/209662099 bytes
Download progress: [=======================                           ] 98172928/209662099 bytes
Download progress: [=======================                           ] 98205696/209662099 bytes
Download progress: [=======================                           ] 98238464/209662099 bytes
Download progress: [=======================                           ] 98271232/209662099 bytes
Download progress: [=======================                           ] 98304000/209662099 bytes
Download progress: [=======================                           ] 98336768/209662099 bytes
Download progress: [=======================                           ] 98369536/209662099 bytes
Download progress: [=======================                           ] 98402304/209662099 bytes
Download progress: [=======================                           ] 98435072/209662099 bytes
Download progress: [=======================                           ] 98467840/209662099 bytes
Download progress: [=======================                           ] 98500608/209662099 bytes
Download progress: [=======================                           ] 98533376/209662099 bytes
Download progress: [=======================                           ] 98566144/209662099 bytes
Download progress: [=======================                           ] 98598912/209662099 bytes
Download progress: [=======================                           ] 98631680/209662099 bytes
Download progress: [=======================                           ] 98664448/209662099 bytes
Download progress: [=======================                           ] 98697216/209662099 bytes
Download progress: [=======================                           ] 98729984/209662099 bytes
Download progress: [=======================                           ] 98762752/209662099 bytes
Download progress: [=======================                           ] 98795520/209662099 bytes
Download progress: [=======================                           ] 98828288/209662099 bytes
Download progress: [=======================                           ] 98861056/209662099 bytes
Download progress: [=======================                           ] 98893824/209662099 bytes
Download progress: [=======================                           ] 98926592/209662099 bytes
Download progress: [=======================                           ] 98959360/209662099 bytes
Download progress: [=======================                           ] 98992128/209662099 bytes
Download progress: [=======================                           ] 99024896/209662099 bytes
Download progress: [=======================                           ] 99057664/209662099 bytes
Download progress: [=======================                           ] 99090432/209662099 bytes
Download progress: [=======================                           ] 99123200/209662099 bytes
Download progress: [=======================                           ] 99155968/209662099 bytes
Download progress: [=======================                           ] 99188736/209662099 bytes
Download progress: [=======================                           ] 99221504/209662099 bytes
Download progress: [=======================                           ] 99254272/209662099 bytes
Download progress: [=======================                           ] 99287040/209662099 bytes
Download progress: [=======================                           ] 99319808/209662099 bytes
Download progress: [=======================                           ] 99352576/209662099 bytes
Download progress: [=======================                           ] 99385344/209662099 bytes
Download progress: [=======================                           ] 99418112/209662099 bytes
Download progress: [=======================                           ] 99450880/209662099 bytes
Download progress: [=======================                           ] 99483648/209662099 bytes
Download progress: [=======================                           ] 99516416/209662099 bytes
Download progress: [=======================                           ] 99549184/209662099 bytes
Download progress: [=======================                           ] 99581952/209662099 bytes
Download progress: [=======================                           ] 99614720/209662099 bytes
Download progress: [=======================                           ] 99647488/209662099 bytes
Download progress: [=======================                           ] 99680256/209662099 bytes
Download progress: [=======================                           ] 99713024/209662099 bytes
Download progress: [=======================                           ] 99745792/209662099 bytes
Download progress: [=======================                           ] 99778560/209662099 bytes
Download progress: [=======================                           ] 99811328/209662099 bytes
Download progress: [=======================                           ] 99844096/209662099 bytes
Download progress: [=======================                           ] 99876864/209662099 bytes
Download progress: [=======================                           ] 99909632/209662099 bytes
Download progress: [=======================                           ] 99942400/209662099 bytes
Download progress: [=======================                           ] 99975168/209662099 bytes
Download progress: [=======================                           ] 100007936/209662099 bytes
Download progress: [=======================                           ] 100040704/209662099 bytes
Download progress: [=======================                           ] 100073472/209662099 bytes
Download progress: [=======================                           ] 100106240/209662099 bytes
Download progress: [=======================                           ] 100139008/209662099 bytes
Download progress: [=======================                           ] 100171776/209662099 bytes
Download progress: [=======================                           ] 100204544/209662099 bytes
Download progress: [=======================                           ] 100237312/209662099 bytes
Download progress: [=======================                           ] 100270080/209662099 bytes
Download progress: [=======================                           ] 100302848/209662099 bytes
Download progress: [=======================                           ] 100335616/209662099 bytes
Download progress: [=======================                           ] 100368384/209662099 bytes
Download progress: [=======================                           ] 100401152/209662099 bytes
Download progress: [=======================                           ] 100433920/209662099 bytes
Download progress: [=======================                           ] 100466688/209662099 bytes
Download progress: [=======================                           ] 100499456/209662099 bytes
Download progress: [=======================                           ] 100532224/209662099 bytes
Download progress: [=======================                           ] 100564992/209662099 bytes
Download progress: [=======================                           ] 100597760/209662099 bytes
Download progress: [=======================                           ] 100630528/209662099 bytes
Download progress: [========================                          ] 100663296/209662099 bytes
Download progress: [========================                          ] 100696064/209662099 bytes
Download progress: [========================                          ] 100728832/209662099 bytes
Download progress: [========================                          ] 100761600/209662099 bytes
Download progress: [========================                          ] 100794368/209662099 bytes
Download progress: [========================                          ] 100827136/209662099 bytes
Download progress: [========================                          ] 100859904/209662099 bytes
Download progress: [========================                          ] 100892672/209662099 bytes
Download progress: [========================                          ] 100925440/209662099 bytes
Download progress: [========================                          ] 100958208/209662099 bytes
Download progress: [========================                          ] 100990976/209662099 bytes
Download progress: [========================                          ] 101023744/209662099 bytes
Download progress: [========================                          ] 101056512/209662099 bytes
Download progress: [========================                          ] 101089280/209662099 bytes
Download progress: [========================                          ] 101122048/209662099 bytes
Download progress: [========================                          ] 101154816/209662099 bytes
Download progress: [========================                          ] 101187584/209662099 bytes
Download progress: [========================                          ] 101220352/209662099 bytes
Download progress: [========================                          ] 101253120/209662099 bytes
Download progress: [========================                          ] 101285888/209662099 bytes
Download progress: [========================                          ] 101318656/209662099 bytes
Download progress: [========================                          ] 101351424/209662099 bytes
Download progress: [========================                          ] 101384192/209662099 bytes
Download progress: [========================                          ] 101416960/209662099 bytes
Download progress: [========================                          ] 101449728/209662099 bytes
Download progress: [========================                          ] 101482496/209662099 bytes
Download progress: [========================                          ] 101515264/209662099 bytes
Download progress: [========================                          ] 101548032/209662099 bytes
Download progress: [========================                          ] 101580800/209662099 bytes
Download progress: [========================                          ] 101613568/209662099 bytes
Download progress: [========================                          ] 101646336/209662099 bytes
Download progress: [========================                          ] 101679104/209662099 bytes
Download progress: [========================                          ] 101711872/209662099 bytes
Download progress: [========================                          ] 101744640/209662099 bytes
Download progress: [========================                          ] 101777408/209662099 bytes
Download progress: [========================                          ] 101810176/209662099 bytes
Download progress: [========================                          ] 101842944/209662099 bytes
Download progress: [========================                          ] 101875712/209662099 bytes
Download progress: [========================                          ] 101908480/209662099 bytes
Download progress: [========================                          ] 101941248/209662099 bytes
Download progress: [========================                          ] 101974016/209662099 bytes
Download progress: [========================                          ] 102006784/209662099 bytes
Download progress: [========================                          ] 102039552/209662099 bytes
Download progress: [========================                          ] 102072320/209662099 bytes
Download progress: [========================                          ] 102105088/209662099 bytes
Download progress: [========================                          ] 102137856/209662099 bytes
Download progress: [========================                          ] 102170624/209662099 bytes
Download progress: [========================                          ] 102203392/209662099 bytes
Download progress: [========================                          ] 102236160/209662099 bytes
Download progress: [========================                          ] 102268928/209662099 bytes
Download progress: [========================                          ] 102301696/209662099 bytes
Download progress: [========================                          ] 102334464/209662099 bytes
Download progress: [========================                          ] 102367232/209662099 bytes
Download progress: [========================                          ] 102400000/209662099 bytes
Download progress: [========================                          ] 102432768/209662099 bytes
Download progress: [========================                          ] 102465536/209662099 bytes
Download progress: [========================                          ] 102498304/209662099 bytes
Download progress: [========================                          ] 102531072/209662099 bytes
Download progress: [========================                          ] 102563840/209662099 bytes
Download progress: [========================                          ] 102596608/209662099 bytes
Download progress: [========================                          ] 102629376/209662099 bytes
Download progress: [========================                          ] 102662144/209662099 bytes
Download progress: [========================                          ] 102694912/209662099 bytes
Download progress: [========================                          ] 102727680/209662099 bytes
Download progress: [========================                          ] 102760448/209662099 bytes
Download progress: [========================                          ] 102793216/209662099 bytes
Download progress: [========================                          ] 102825984/209662099 bytes
Download progress: [========================                          ] 102858752/209662099 bytes
Download progress: [========================                          ] 102891520/209662099 bytes
Download progress: [========================                          ] 102924288/209662099 bytes
Download progress: [========================                          ] 102957056/209662099 bytes
Download progress: [========================                          ] 102989824/209662099 bytes
Download progress: [========================                          ] 103022592/209662099 bytes
Download progress: [========================                          ] 103055360/209662099 bytes
Download progress: [========================                          ] 103088128/209662099 bytes
Download progress: [========================                          ] 103120896/209662099 bytes
Download progress: [========================                          ] 103153664/209662099 bytes
Download progress: [========================                          ] 103186432/209662099 bytes
Download progress: [========================                          ] 103219200/209662099 bytes
Download progress: [========================                          ] 103251968/209662099 bytes
Download progress: [========================                          ] 103284736/209662099 bytes
Download progress: [========================                          ] 103317504/209662099 bytes
Download progress: [========================                          ] 103350272/209662099 bytes
Download progress: [========================                          ] 103383040/209662099 bytes
Download progress: [========================                          ] 103415808/209662099 bytes
Download progress: [========================                          ] 103448576/209662099 bytes
Download progress: [========================                          ] 103481344/209662099 bytes
Download progress: [========================                          ] 103514112/209662099 bytes
Download progress: [========================                          ] 103546880/209662099 bytes
Download progress: [========================                          ] 103579648/209662099 bytes
Download progress: [========================                          ] 103612416/209662099 bytes
Download progress: [========================                          ] 103645184/209662099 bytes
Download progress: [========================                          ] 103677952/209662099 bytes
Download progress: [========================                          ] 103710720/209662099 bytes
Download progress: [========================                          ] 103743488/209662099 bytes
Download progress: [========================                          ] 103776256/209662099 bytes
Download progress: [========================                          ] 103809024/209662099 bytes
Download progress: [========================                          ] 103841792/209662099 bytes
Download progress: [========================                          ] 103874560/209662099 bytes
Download progress: [========================                          ] 103907328/209662099 bytes
Download progress: [========================                          ] 103940096/209662099 bytes
Download progress: [========================                          ] 103972864/209662099 bytes
Download progress: [========================                          ] 104005632/209662099 bytes
Download progress: [========================                          ] 104038400/209662099 bytes
Download progress: [========================                          ] 104071168/209662099 bytes
Download progress: [========================                          ] 104103936/209662099 bytes
Download progress: [========================                          ] 104136704/209662099 bytes
Download progress: [========================                          ] 104169472/209662099 bytes
Download progress: [========================                          ] 104202240/209662099 bytes
Download progress: [========================                          ] 104235008/209662099 bytes
Download progress: [========================                          ] 104267776/209662099 bytes
Download progress: [========================                          ] 104300544/209662099 bytes
Download progress: [========================                          ] 104333312/209662099 bytes
Download progress: [========================                          ] 104366080/209662099 bytes
Download progress: [========================                          ] 104398848/209662099 bytes
Download progress: [========================                          ] 104431616/209662099 bytes
Download progress: [========================                          ] 104464384/209662099 bytes
Download progress: [========================                          ] 104497152/209662099 bytes
Download progress: [========================                          ] 104529920/209662099 bytes
Download progress: [========================                          ] 104562688/209662099 bytes
Download progress: [========================                          ] 104595456/209662099 bytes
Download progress: [========================                          ] 104628224/209662099 bytes
Download progress: [========================                          ] 104660992/209662099 bytes
Download progress: [========================                          ] 104693760/209662099 bytes
Download progress: [========================                          ] 104726528/209662099 bytes
Download progress: [========================                          ] 104759296/209662099 bytes
Download progress: [========================                          ] 104792064/209662099 bytes
Download progress: [========================                          ] 104824832/209662099 bytes
Download progress: [=========================                         ] 104857600/209662099 bytes
Download progress: [=========================                         ] 104890368/209662099 bytes
Download progress: [=========================                         ] 104923136/209662099 bytes
Download progress: [=========================                         ] 104955904/209662099 bytes
Download progress: [=========================                         ] 104988672/209662099 bytes
Download progress: [=========================                         ] 105021440/209662099 bytes
Download progress: [=========================                         ] 105054208/209662099 bytes
Download progress: [=========================                         ] 105086976/209662099 bytes
Download progress: [=========================                         ] 105119744/209662099 bytes
Download progress: [=========================                         ] 105152512/209662099 bytes
Download progress: [=========================                         ] 105185280/209662099 bytes
Download progress: [=========================                         ] 105218048/209662099 bytes
Download progress: [=========================                         ] 105250816/209662099 bytes
Download progress: [=========================                         ] 105283584/209662099 bytes
Download progress: [=========================                         ] 105316352/209662099 bytes
Download progress: [=========================                         ] 105349120/209662099 bytes
Download progress: [=========================                         ] 105381888/209662099 bytes
Download progress: [=========================                         ] 105414656/209662099 bytes
Download progress: [=========================                         ] 105447424/209662099 bytes
Download progress: [=========================                         ] 105480192/209662099 bytes
Download progress: [=========================                         ] 105512960/209662099 bytes
Download progress: [=========================                         ] 105545728/209662099 bytes
Download progress: [=========================                         ] 105578496/209662099 bytes
Download progress: [=========================                         ] 105611264/209662099 bytes
Download progress: [=========================                         ] 105644032/209662099 bytes
Download progress: [=========================                         ] 105676800/209662099 bytes
Download progress: [=========================                         ] 105709568/209662099 bytes
Download progress: [=========================                         ] 105742336/209662099 bytes
Download progress: [=========================                         ] 105775104/209662099 bytes
Download progress: [=========================                         ] 105807872/209662099 bytes
Download progress: [=========================                         ] 105840640/209662099 bytes
Download progress: [=========================                         ] 105873408/209662099 bytes
Download progress: [=========================                         ] 105906176/209662099 bytes
Download progress: [=========================                         ] 105938944/209662099 bytes
Download progress: [=========================                         ] 105971712/209662099 bytes
Download progress: [=========================                         ] 106004480/209662099 bytes
Download progress: [=========================                         ] 106037248/209662099 bytes
Download progress: [=========================                         ] 106070016/209662099 bytes
Download progress: [=========================                         ] 106102784/209662099 bytes
Download progress: [=========================                         ] 106135552/209662099 bytes
Download progress: [=========================                         ] 106168320/209662099 bytes
Download progress: [=========================                         ] 106201088/209662099 bytes
Download progress: [=========================                         ] 106233856/209662099 bytes
Download progress: [=========================                         ] 106266624/209662099 bytes
Download progress: [=========================                         ] 106299392/209662099 bytes
Download progress: [=========================                         ] 106332160/209662099 bytes
Download progress: [=========================                         ] 106364928/209662099 bytes
Download progress: [=========================                         ] 106397696/209662099 bytes
Download progress: [=========================                         ] 106430464/209662099 bytes
Download progress: [=========================                         ] 106463232/209662099 bytes
Download progress: [=========================                         ] 106496000/209662099 bytes
Download progress: [=========================                         ] 106528768/209662099 bytes
Download progress: [=========================                         ] 106561536/209662099 bytes
Download progress: [=========================                         ] 106594304/209662099 bytes
Download progress: [=========================                         ] 106627072/209662099 bytes
Download progress: [=========================                         ] 106659840/209662099 bytes
Download progress: [=========================                         ] 106692608/209662099 bytes
Download progress: [=========================                         ] 106725376/209662099 bytes
Download progress: [=========================                         ] 106758144/209662099 bytes
Download progress: [=========================                         ] 106790912/209662099 bytes
Download progress: [=========================                         ] 106823680/209662099 bytes
Download progress: [=========================                         ] 106856448/209662099 bytes
Download progress: [=========================                         ] 106889216/209662099 bytes
Download progress: [=========================                         ] 106921984/209662099 bytes
Download progress: [=========================                         ] 106954752/209662099 bytes
Download progress: [=========================                         ] 106987520/209662099 bytes
Download progress: [=========================                         ] 107020288/209662099 bytes
Download progress: [=========================                         ] 107053056/209662099 bytes
Download progress: [=========================                         ] 107085824/209662099 bytes
Download progress: [=========================                         ] 107118592/209662099 bytes
Download progress: [=========================                         ] 107151360/209662099 bytes
Download progress: [=========================                         ] 107184128/209662099 bytes
Download progress: [=========================                         ] 107216896/209662099 bytes
Download progress: [=========================                         ] 107249664/209662099 bytes
Download progress: [=========================                         ] 107282432/209662099 bytes
Download progress: [=========================                         ] 107315200/209662099 bytes
Download progress: [=========================                         ] 107347968/209662099 bytes
Download progress: [=========================                         ] 107380736/209662099 bytes
Download progress: [=========================                         ] 107413504/209662099 bytes
Download progress: [=========================                         ] 107446272/209662099 bytes
Download progress: [=========================                         ] 107479040/209662099 bytes
Download progress: [=========================                         ] 107511808/209662099 bytes
Download progress: [=========================                         ] 107544576/209662099 bytes
Download progress: [=========================                         ] 107577344/209662099 bytes
Download progress: [=========================                         ] 107610112/209662099 bytes
Download progress: [=========================                         ] 107642880/209662099 bytes
Download progress: [=========================                         ] 107675648/209662099 bytes
Download progress: [=========================                         ] 107708416/209662099 bytes
Download progress: [=========================                         ] 107741184/209662099 bytes
Download progress: [=========================                         ] 107773952/209662099 bytes
Download progress: [=========================                         ] 107806720/209662099 bytes
Download progress: [=========================                         ] 107839488/209662099 bytes
Download progress: [=========================                         ] 107872256/209662099 bytes
Download progress: [=========================                         ] 107905024/209662099 bytes
Download progress: [=========================                         ] 107937792/209662099 bytes
Download progress: [=========================                         ] 107970560/209662099 bytes
Download progress: [=========================                         ] 108003328/209662099 bytes
Download progress: [=========================                         ] 108036096/209662099 bytes
Download progress: [=========================                         ] 108068864/209662099 bytes
Download progress: [=========================                         ] 108101632/209662099 bytes
Download progress: [=========================                         ] 108134400/209662099 bytes
Download progress: [=========================                         ] 108167168/209662099 bytes
Download progress: [=========================                         ] 108199936/209662099 bytes
Download progress: [=========================                         ] 108232704/209662099 bytes
Download progress: [=========================                         ] 108265472/209662099 bytes
Download progress: [=========================                         ] 108298240/209662099 bytes
Download progress: [=========================                         ] 108331008/209662099 bytes
Download progress: [=========================                         ] 108363776/209662099 bytes
Download progress: [=========================                         ] 108396544/209662099 bytes
Download progress: [=========================                         ] 108429312/209662099 bytes
Download progress: [=========================                         ] 108462080/209662099 bytes
Download progress: [=========================                         ] 108494848/209662099 bytes
Download progress: [=========================                         ] 108527616/209662099 bytes
Download progress: [=========================                         ] 108560384/209662099 bytes
Download progress: [=========================                         ] 108593152/209662099 bytes
Download progress: [=========================                         ] 108625920/209662099 bytes
Download progress: [=========================                         ] 108658688/209662099 bytes
Download progress: [=========================                         ] 108691456/209662099 bytes
Download progress: [=========================                         ] 108724224/209662099 bytes
Download progress: [=========================                         ] 108756992/209662099 bytes
Download progress: [=========================                         ] 108789760/209662099 bytes
Download progress: [=========================                         ] 108822528/209662099 bytes
Download progress: [=========================                         ] 108855296/209662099 bytes
Download progress: [=========================                         ] 108888064/209662099 bytes
Download progress: [=========================                         ] 108920832/209662099 bytes
Download progress: [=========================                         ] 108953600/209662099 bytes
Download progress: [=========================                         ] 108986368/209662099 bytes
Download progress: [=========================                         ] 109019136/209662099 bytes
Download progress: [==========================                        ] 109051904/209662099 bytes
Download progress: [==========================                        ] 109084672/209662099 bytes
Download progress: [==========================                        ] 109117440/209662099 bytes
Download progress: [==========================                        ] 109150208/209662099 bytes
Download progress: [==========================                        ] 109182976/209662099 bytes
Download progress: [==========================                        ] 109215744/209662099 bytes
Download progress: [==========================                        ] 109248512/209662099 bytes
Download progress: [==========================                        ] 109281280/209662099 bytes
Download progress: [==========================                        ] 109314048/209662099 bytes
Download progress: [==========================                        ] 109346816/209662099 bytes
Download progress: [==========================                        ] 109379584/209662099 bytes
Download progress: [==========================                        ] 109412352/209662099 bytes
Download progress: [==========================                        ] 109445120/209662099 bytes
Download progress: [==========================                        ] 109477888/209662099 bytes
Download progress: [==========================                        ] 109510656/209662099 bytes
Download progress: [==========================                        ] 109543424/209662099 bytes
Download progress: [==========================                        ] 109576192/209662099 bytes
Download progress: [==========================                        ] 109608960/209662099 bytes
Download progress: [==========================                        ] 109641728/209662099 bytes
Download progress: [==========================                        ] 109674496/209662099 bytes
Download progress: [==========================                        ] 109707264/209662099 bytes
Download progress: [==========================                        ] 109740032/209662099 bytes
Download progress: [==========================                        ] 109772800/209662099 bytes
Download progress: [==========================                        ] 109805568/209662099 bytes
Download progress: [==========================                        ] 109838336/209662099 bytes
Download progress: [==========================                        ] 109871104/209662099 bytes
Download progress: [==========================                        ] 109903872/209662099 bytes
Download progress: [==========================                        ] 109936640/209662099 bytes
Download progress: [==========================                        ] 109969408/209662099 bytes
Download progress: [==========================                        ] 110002176/209662099 bytes
Download progress: [==========================                        ] 110034944/209662099 bytes
Download progress: [==========================                        ] 110067712/209662099 bytes
Download progress: [==========================                        ] 110100480/209662099 bytes
Download progress: [==========================                        ] 110133248/209662099 bytes
Download progress: [==========================                        ] 110166016/209662099 bytes
Download progress: [==========================                        ] 110198784/209662099 bytes
Download progress: [==========================                        ] 110231552/209662099 bytes
Download progress: [==========================                        ] 110264320/209662099 bytes
Download progress: [==========================                        ] 110297088/209662099 bytes
Download progress: [==========================                        ] 110329856/209662099 bytes
Download progress: [==========================                        ] 110362624/209662099 bytes
Download progress: [==========================                        ] 110395392/209662099 bytes
Download progress: [==========================                        ] 110428160/209662099 bytes
Download progress: [==========================                        ] 110460928/209662099 bytes
Download progress: [==========================                        ] 110493696/209662099 bytes
Download progress: [==========================                        ] 110526464/209662099 bytes
Download progress: [==========================                        ] 110559232/209662099 bytes
Download progress: [==========================                        ] 110592000/209662099 bytes
Download progress: [==========================                        ] 110624768/209662099 bytes
Download progress: [==========================                        ] 110657536/209662099 bytes
Download progress: [==========================                        ] 110690304/209662099 bytes
Download progress: [==========================                        ] 110723072/209662099 bytes
Download progress: [==========================                        ] 110755840/209662099 bytes
Download progress: [==========================                        ] 110788608/209662099 bytes
Download progress: [==========================                        ] 110821376/209662099 bytes
Download progress: [==========================                        ] 110854144/209662099 bytes
Download progress: [==========================                        ] 110886912/209662099 bytes
Download progress: [==========================                        ] 110919680/209662099 bytes
Download progress: [==========================                        ] 110952448/209662099 bytes
Download progress: [==========================                        ] 110985216/209662099 bytes
Download progress: [==========================                        ] 111017984/209662099 bytes
Download progress: [==========================                        ] 111050752/209662099 bytes
Download progress: [==========================                        ] 111083520/209662099 bytes
Download progress: [==========================                        ] 111116288/209662099 bytes
Download progress: [==========================                        ] 111149056/209662099 bytes
Download progress: [==========================                        ] 111181824/209662099 bytes
Download progress: [==========================                        ] 111214592/209662099 bytes
Download progress: [==========================                        ] 111247360/209662099 bytes
Download progress: [==========================                        ] 111280128/209662099 bytes
Download progress: [==========================                        ] 111312896/209662099 bytes
Download progress: [==========================                        ] 111345664/209662099 bytes
Download progress: [==========================                        ] 111378432/209662099 bytes
Download progress: [==========================                        ] 111411200/209662099 bytes
Download progress: [==========================                        ] 111443968/209662099 bytes
Download progress: [==========================                        ] 111476736/209662099 bytes
Download progress: [==========================                        ] 111509504/209662099 bytes
Download progress: [==========================                        ] 111542272/209662099 bytes
Download progress: [==========================                        ] 111575040/209662099 bytes
Download progress: [==========================                        ] 111607808/209662099 bytes
Download progress: [==========================                        ] 111640576/209662099 bytes
Download progress: [==========================                        ] 111673344/209662099 bytes
Download progress: [==========================                        ] 111706112/209662099 bytes
Download progress: [==========================                        ] 111738880/209662099 bytes
Download progress: [==========================                        ] 111771648/209662099 bytes
Download progress: [==========================                        ] 111804416/209662099 bytes
Download progress: [==========================                        ] 111837184/209662099 bytes
Download progress: [==========================                        ] 111869952/209662099 bytes
Download progress: [==========================                        ] 111902720/209662099 bytes
Download progress: [==========================                        ] 111935488/209662099 bytes
Download progress: [==========================                        ] 111968256/209662099 bytes
Download progress: [==========================                        ] 112001024/209662099 bytes
Download progress: [==========================                        ] 112033792/209662099 bytes
Download progress: [==========================                        ] 112066560/209662099 bytes
Download progress: [==========================                        ] 112099328/209662099 bytes
Download progress: [==========================                        ] 112132096/209662099 bytes
Download progress: [==========================                        ] 112164864/209662099 bytes
Download progress: [==========================                        ] 112197632/209662099 bytes
Download progress: [==========================                        ] 112230400/209662099 bytes
Download progress: [==========================                        ] 112263168/209662099 bytes
Download progress: [==========================                        ] 112295936/209662099 bytes
Download progress: [==========================                        ] 112328704/209662099 bytes
Download progress: [==========================                        ] 112361472/209662099 bytes
Download progress: [==========================                        ] 112394240/209662099 bytes
Download progress: [==========================                        ] 112427008/209662099 bytes
Download progress: [==========================                        ] 112459776/209662099 bytes
Download progress: [==========================                        ] 112492544/209662099 bytes
Download progress: [==========================                        ] 112525312/209662099 bytes
Download progress: [==========================                        ] 112558080/209662099 bytes
Download progress: [==========================                        ] 112590848/209662099 bytes
Download progress: [==========================                        ] 112623616/209662099 bytes
Download progress: [==========================                        ] 112656384/209662099 bytes
Download progress: [==========================                        ] 112689152/209662099 bytes
Download progress: [==========================                        ] 112721920/209662099 bytes
Download progress: [==========================                        ] 112754688/209662099 bytes
Download progress: [==========================                        ] 112787456/209662099 bytes
Download progress: [==========================                        ] 112820224/209662099 bytes
Download progress: [==========================                        ] 112852992/209662099 bytes
Download progress: [==========================                        ] 112885760/209662099 bytes
Download progress: [==========================                        ] 112918528/209662099 bytes
Download progress: [==========================                        ] 112951296/209662099 bytes
Download progress: [==========================                        ] 112984064/209662099 bytes
Download progress: [==========================                        ] 113016832/209662099 bytes
Download progress: [==========================                        ] 113049600/209662099 bytes
Download progress: [==========================                        ] 113082368/209662099 bytes
Download progress: [==========================                        ] 113115136/209662099 bytes
Download progress: [==========================                        ] 113147904/209662099 bytes
Download progress: [==========================                        ] 113180672/209662099 bytes
Download progress: [==========================                        ] 113213440/209662099 bytes
Download progress: [===========================                       ] 113246208/209662099 bytes
Download progress: [===========================                       ] 113278976/209662099 bytes
Download progress: [===========================                       ] 113311744/209662099 bytes
Download progress: [===========================                       ] 113344512/209662099 bytes
Download progress: [===========================                       ] 113377280/209662099 bytes
Download progress: [===========================                       ] 113410048/209662099 bytes
Download progress: [===========================                       ] 113442816/209662099 bytes
Download progress: [===========================                       ] 113475584/209662099 bytes
Download progress: [===========================                       ] 113508352/209662099 bytes
Download progress: [===========================                       ] 113541120/209662099 bytes
Download progress: [===========================                       ] 113573888/209662099 bytes
Download progress: [===========================                       ] 113606656/209662099 bytes
Download progress: [===========================                       ] 113639424/209662099 bytes
Download progress: [===========================                       ] 113672192/209662099 bytes
Download progress: [===========================                       ] 113704960/209662099 bytes
Download progress: [===========================                       ] 113737728/209662099 bytes
Download progress: [===========================                       ] 113770496/209662099 bytes
Download progress: [===========================                       ] 113803264/209662099 bytes
Download progress: [===========================                       ] 113836032/209662099 bytes
Download progress: [===========================                       ] 113868800/209662099 bytes
Download progress: [===========================                       ] 113901568/209662099 bytes
Download progress: [===========================                       ] 113934336/209662099 bytes
Download progress: [===========================                       ] 113967104/209662099 bytes
Download progress: [===========================                       ] 113999872/209662099 bytes
Download progress: [===========================                       ] 114032640/209662099 bytes
Download progress: [===========================                       ] 114065408/209662099 bytes
Download progress: [===========================                       ] 114098176/209662099 bytes
Download progress: [===========================                       ] 114130944/209662099 bytes
Download progress: [===========================                       ] 114163712/209662099 bytes
Download progress: [===========================                       ] 114196480/209662099 bytes
Download progress: [===========================                       ] 114229248/209662099 bytes
Download progress: [===========================                       ] 114262016/209662099 bytes
Download progress: [===========================                       ] 114294784/209662099 bytes
Download progress: [===========================                       ] 114327552/209662099 bytes
Download progress: [===========================                       ] 114360320/209662099 bytes
Download progress: [===========================                       ] 114393088/209662099 bytes
Download progress: [===========================                       ] 114425856/209662099 bytes
Download progress: [===========================                       ] 114458624/209662099 bytes
Download progress: [===========================                       ] 114491392/209662099 bytes
Download progress: [===========================                       ] 114524160/209662099 bytes
Download progress: [===========================                       ] 114556928/209662099 bytes
Download progress: [===========================                       ] 114589696/209662099 bytes
Download progress: [===========================                       ] 114622464/209662099 bytes
Download progress: [===========================                       ] 114655232/209662099 bytes
Download progress: [===========================                       ] 114688000/209662099 bytes
Download progress: [===========================                       ] 114720768/209662099 bytes
Download progress: [===========================                       ] 114753536/209662099 bytes
Download progress: [===========================                       ] 114786304/209662099 bytes
Download progress: [===========================                       ] 114819072/209662099 bytes
Download progress: [===========================                       ] 114851840/209662099 bytes
Download progress: [===========================                       ] 114884608/209662099 bytes
Download progress: [===========================                       ] 114917376/209662099 bytes
Download progress: [===========================                       ] 114950144/209662099 bytes
Download progress: [===========================                       ] 114982912/209662099 bytes
Download progress: [===========================                       ] 115015680/209662099 bytes
Download progress: [===========================                       ] 115048448/209662099 bytes
Download progress: [===========================                       ] 115081216/209662099 bytes
Download progress: [===========================                       ] 115113984/209662099 bytes
Download progress: [===========================                       ] 115146752/209662099 bytes
Download progress: [===========================                       ] 115179520/209662099 bytes
Download progress: [===========================                       ] 115212288/209662099 bytes
Download progress: [===========================                       ] 115245056/209662099 bytes
Download progress: [===========================                       ] 115277824/209662099 bytes
Download progress: [===========================                       ] 115310592/209662099 bytes
Download progress: [===========================                       ] 115343360/209662099 bytes
Download progress: [===========================                       ] 115376128/209662099 bytes
Download progress: [===========================                       ] 115408896/209662099 bytes
Download progress: [===========================                       ] 115441664/209662099 bytes
Download progress: [===========================                       ] 115474432/209662099 bytes
Download progress: [===========================                       ] 115507200/209662099 bytes
Download progress: [===========================                       ] 115539968/209662099 bytes
Download progress: [===========================                       ] 115572736/209662099 bytes
Download progress: [===========================                       ] 115605504/209662099 bytes
Download progress: [===========================                       ] 115638272/209662099 bytes
Download progress: [===========================                       ] 115671040/209662099 bytes
Download progress: [===========================                       ] 115703808/209662099 bytes
Download progress: [===========================                       ] 115736576/209662099 bytes
Download progress: [===========================                       ] 115769344/209662099 bytes
Download progress: [===========================                       ] 115802112/209662099 bytes
Download progress: [===========================                       ] 115834880/209662099 bytes
Download progress: [===========================                       ] 115867648/209662099 bytes
Download progress: [===========================                       ] 115900416/209662099 bytes
Download progress: [===========================                       ] 115933184/209662099 bytes
Download progress: [===========================                       ] 115965952/209662099 bytes
Download progress: [===========================                       ] 115998720/209662099 bytes
Download progress: [===========================                       ] 116031488/209662099 bytes
Download progress: [===========================                       ] 116064256/209662099 bytes
Download progress: [===========================                       ] 116097024/209662099 bytes
Download progress: [===========================                       ] 116129792/209662099 bytes
Download progress: [===========================                       ] 116162560/209662099 bytes
Download progress: [===========================                       ] 116195328/209662099 bytes
Download progress: [===========================                       ] 116228096/209662099 bytes
Download progress: [===========================                       ] 116260864/209662099 bytes
Download progress: [===========================                       ] 116293632/209662099 bytes
Download progress: [===========================                       ] 116326400/209662099 bytes
Download progress: [===========================                       ] 116359168/209662099 bytes
Download progress: [===========================                       ] 116391936/209662099 bytes
Download progress: [===========================                       ] 116424704/209662099 bytes
Download progress: [===========================                       ] 116457472/209662099 bytes
Download progress: [===========================                       ] 116490240/209662099 bytes
Download progress: [===========================                       ] 116523008/209662099 bytes
Download progress: [===========================                       ] 116555776/209662099 bytes
Download progress: [===========================                       ] 116588544/209662099 bytes
Download progress: [===========================                       ] 116621312/209662099 bytes
Download progress: [===========================                       ] 116654080/209662099 bytes
Download progress: [===========================                       ] 116686848/209662099 bytes
Download progress: [===========================                       ] 116719616/209662099 bytes
Download progress: [===========================                       ] 116752384/209662099 bytes
Download progress: [===========================                       ] 116785152/209662099 bytes
Download progress: [===========================                       ] 116817920/209662099 bytes
Download progress: [===========================                       ] 116850688/209662099 bytes
Download progress: [===========================                       ] 116883456/209662099 bytes
Download progress: [===========================                       ] 116916224/209662099 bytes
Download progress: [===========================                       ] 116948992/209662099 bytes
Download progress: [===========================                       ] 116981760/209662099 bytes
Download progress: [===========================                       ] 117014528/209662099 bytes
Download progress: [===========================                       ] 117047296/209662099 bytes
Download progress: [===========================                       ] 117080064/209662099 bytes
Download progress: [===========================                       ] 117112832/209662099 bytes
Download progress: [===========================                       ] 117145600/209662099 bytes
Download progress: [===========================                       ] 117178368/209662099 bytes
Download progress: [===========================                       ] 117211136/209662099 bytes
Download progress: [===========================                       ] 117243904/209662099 bytes
Download progress: [===========================                       ] 117276672/209662099 bytes
Download progress: [===========================                       ] 117309440/209662099 bytes
Download progress: [===========================                       ] 117342208/209662099 bytes
Download progress: [===========================                       ] 117374976/209662099 bytes
Download progress: [===========================                       ] 117407744/209662099 bytes
Download progress: [============================                      ] 117440512/209662099 bytes
Download progress: [============================                      ] 117473280/209662099 bytes
Download progress: [============================                      ] 117506048/209662099 bytes
Download progress: [============================                      ] 117538816/209662099 bytes
Download progress: [============================                      ] 117571584/209662099 bytes
Download progress: [============================                      ] 117604352/209662099 bytes
Download progress: [============================                      ] 117637120/209662099 bytes
Download progress: [============================                      ] 117669888/209662099 bytes
Download progress: [============================                      ] 117702656/209662099 bytes
Download progress: [============================                      ] 117735424/209662099 bytes
Download progress: [============================                      ] 117768192/209662099 bytes
Download progress: [============================                      ] 117800960/209662099 bytes
Download progress: [============================                      ] 117833728/209662099 bytes
Download progress: [============================                      ] 117866496/209662099 bytes
Download progress: [============================                      ] 117899264/209662099 bytes
Download progress: [============================                      ] 117932032/209662099 bytes
Download progress: [============================                      ] 117964800/209662099 bytes
Download progress: [============================                      ] 117997568/209662099 bytes
Download progress: [============================                      ] 118030336/209662099 bytes
Download progress: [============================                      ] 118063104/209662099 bytes
Download progress: [============================                      ] 118095872/209662099 bytes
Download progress: [============================                      ] 118128640/209662099 bytes
Download progress: [============================                      ] 118161408/209662099 bytes
Download progress: [============================                      ] 118194176/209662099 bytes
Download progress: [============================                      ] 118226944/209662099 bytes
Download progress: [============================                      ] 118259712/209662099 bytes
Download progress: [============================                      ] 118292480/209662099 bytes
Download progress: [============================                      ] 118325248/209662099 bytes
Download progress: [============================                      ] 118358016/209662099 bytes
Download progress: [============================                      ] 118390784/209662099 bytes
Download progress: [============================                      ] 118423552/209662099 bytes
Download progress: [============================                      ] 118456320/209662099 bytes
Download progress: [============================                      ] 118489088/209662099 bytes
Download progress: [============================                      ] 118521856/209662099 bytes
Download progress: [============================                      ] 118554624/209662099 bytes
Download progress: [============================                      ] 118587392/209662099 bytes
Download progress: [============================                      ] 118620160/209662099 bytes
Download progress: [============================                      ] 118652928/209662099 bytes
Download progress: [============================                      ] 118685696/209662099 bytes
Download progress: [============================                      ] 118718464/209662099 bytes
Download progress: [============================                      ] 118751232/209662099 bytes
Download progress: [============================                      ] 118784000/209662099 bytes
Download progress: [============================                      ] 118816768/209662099 bytes
Download progress: [============================                      ] 118849536/209662099 bytes
Download progress: [============================                      ] 118882304/209662099 bytes
Download progress: [============================                      ] 118915072/209662099 bytes
Download progress: [============================                      ] 118947840/209662099 bytes
Download progress: [============================                      ] 118980608/209662099 bytes
Download progress: [============================                      ] 119013376/209662099 bytes
Download progress: [============================                      ] 119046144/209662099 bytes
Download progress: [============================                      ] 119078912/209662099 bytes
Download progress: [============================                      ] 119111680/209662099 bytes
Download progress: [============================                      ] 119144448/209662099 bytes
Download progress: [============================                      ] 119177216/209662099 bytes
Download progress: [============================                      ] 119209984/209662099 bytes
Download progress: [============================                      ] 119242752/209662099 bytes
Download progress: [============================                      ] 119275520/209662099 bytes
Download progress: [============================                      ] 119308288/209662099 bytes
Download progress: [============================                      ] 119341056/209662099 bytes
Download progress: [============================                      ] 119373824/209662099 bytes
Download progress: [============================                      ] 119406592/209662099 bytes
Download progress: [============================                      ] 119439360/209662099 bytes
Download progress: [============================                      ] 119472128/209662099 bytes
Download progress: [============================                      ] 119504896/209662099 bytes
Download progress: [============================                      ] 119537664/209662099 bytes
Download progress: [============================                      ] 119570432/209662099 bytes
Download progress: [============================                      ] 119603200/209662099 bytes
Download progress: [============================                      ] 119635968/209662099 bytes
Download progress: [============================                      ] 119668736/209662099 bytes
Download progress: [============================                      ] 119701504/209662099 bytes
Download progress: [============================                      ] 119734272/209662099 bytes
Download progress: [============================                      ] 119767040/209662099 bytes
Download progress: [============================                      ] 119799808/209662099 bytes
Download progress: [============================                      ] 119832576/209662099 bytes
Download progress: [============================                      ] 119865344/209662099 bytes
Download progress: [============================                      ] 119898112/209662099 bytes
Download progress: [============================                      ] 119930880/209662099 bytes
Download progress: [============================                      ] 119963648/209662099 bytes
Download progress: [============================                      ] 119996416/209662099 bytes
Download progress: [============================                      ] 120029184/209662099 bytes
Download progress: [============================                      ] 120061952/209662099 bytes
Download progress: [============================                      ] 120094720/209662099 bytes
Download progress: [============================                      ] 120127488/209662099 bytes
Download progress: [============================                      ] 120160256/209662099 bytes
Download progress: [============================                      ] 120193024/209662099 bytes
Download progress: [============================                      ] 120225792/209662099 bytes
Download progress: [============================                      ] 120258560/209662099 bytes
Download progress: [============================                      ] 120291328/209662099 bytes
Download progress: [============================                      ] 120324096/209662099 bytes
Download progress: [============================                      ] 120356864/209662099 bytes
Download progress: [============================                      ] 120389632/209662099 bytes
Download progress: [============================                      ] 120422400/209662099 bytes
Download progress: [============================                      ] 120455168/209662099 bytes
Download progress: [============================                      ] 120487936/209662099 bytes
Download progress: [============================                      ] 120520704/209662099 bytes
Download progress: [============================                      ] 120553472/209662099 bytes
Download progress: [============================                      ] 120586240/209662099 bytes
Download progress: [============================                      ] 120619008/209662099 bytes
Download progress: [============================                      ] 120651776/209662099 bytes
Download progress: [============================                      ] 120684544/209662099 bytes
Download progress: [============================                      ] 120717312/209662099 bytes
Download progress: [============================                      ] 120750080/209662099 bytes
Download progress: [============================                      ] 120782848/209662099 bytes
Download progress: [============================                      ] 120815616/209662099 bytes
Download progress: [============================                      ] 120848384/209662099 bytes
Download progress: [============================                      ] 120881152/209662099 bytes
Download progress: [============================                      ] 120913920/209662099 bytes
Download progress: [============================                      ] 120946688/209662099 bytes
Download progress: [============================                      ] 120979456/209662099 bytes
Download progress: [============================                      ] 121012224/209662099 bytes
Download progress: [============================                      ] 121044992/209662099 bytes
Download progress: [============================                      ] 121077760/209662099 bytes
Download progress: [============================                      ] 121110528/209662099 bytes
Download progress: [============================                      ] 121143296/209662099 bytes
Download progress: [============================                      ] 121176064/209662099 bytes
Download progress: [============================                      ] 121208832/209662099 bytes
Download progress: [============================                      ] 121241600/209662099 bytes
Download progress: [============================                      ] 121274368/209662099 bytes
Download progress: [============================                      ] 121307136/209662099 bytes
Download progress: [============================                      ] 121339904/209662099 bytes
Download progress: [============================                      ] 121372672/209662099 bytes
Download progress: [============================                      ] 121405440/209662099 bytes
Download progress: [============================                      ] 121438208/209662099 bytes
Download progress: [============================                      ] 121470976/209662099 bytes
Download progress: [============================                      ] 121503744/209662099 bytes
Download progress: [============================                      ] 121536512/209662099 bytes
Download progress: [============================                      ] 121569280/209662099 bytes
Download progress: [============================                      ] 121602048/209662099 bytes
Download progress: [=============================                     ] 121634816/209662099 bytes
Download progress: [=============================                     ] 121667584/209662099 bytes
Download progress: [=============================                     ] 121700352/209662099 bytes
Download progress: [=============================                     ] 121733120/209662099 bytes
Download progress: [=============================                     ] 121765888/209662099 bytes
Download progress: [=============================                     ] 121798656/209662099 bytes
Download progress: [=============================                     ] 121831424/209662099 bytes
Download progress: [=============================                     ] 121864192/209662099 bytes
Download progress: [=============================                     ] 121896960/209662099 bytes
Download progress: [=============================                     ] 121929728/209662099 bytes
Download progress: [=============================                     ] 121962496/209662099 bytes
Download progress: [=============================                     ] 121995264/209662099 bytes
Download progress: [=============================                     ] 122028032/209662099 bytes
Download progress: [=============================                     ] 122060800/209662099 bytes
Download progress: [=============================                     ] 122093568/209662099 bytes
Download progress: [=============================                     ] 122126336/209662099 bytes
Download progress: [=============================                     ] 122159104/209662099 bytes
Download progress: [=============================                     ] 122191872/209662099 bytes
Download progress: [=============================                     ] 122224640/209662099 bytes
Download progress: [=============================                     ] 122257408/209662099 bytes
Download progress: [=============================                     ] 122290176/209662099 bytes
Download progress: [=============================                     ] 122322944/209662099 bytes
Download progress: [=============================                     ] 122355712/209662099 bytes
Download progress: [=============================                     ] 122388480/209662099 bytes
Download progress: [=============================                     ] 122421248/209662099 bytes
Download progress: [=============================                     ] 122454016/209662099 bytes
Download progress: [=============================                     ] 122486784/209662099 bytes
Download progress: [=============================                     ] 122519552/209662099 bytes
Download progress: [=============================                     ] 122552320/209662099 bytes
Download progress: [=============================                     ] 122585088/209662099 bytes
Download progress: [=============================                     ] 122617856/209662099 bytes
Download progress: [=============================                     ] 122650624/209662099 bytes
Download progress: [=============================                     ] 122683392/209662099 bytes
Download progress: [=============================                     ] 122716160/209662099 bytes
Download progress: [=============================                     ] 122748928/209662099 bytes
Download progress: [=============================                     ] 122781696/209662099 bytes
Download progress: [=============================                     ] 122814464/209662099 bytes
Download progress: [=============================                     ] 122847232/209662099 bytes
Download progress: [=============================                     ] 122880000/209662099 bytes
Download progress: [=============================                     ] 122912768/209662099 bytes
Download progress: [=============================                     ] 122945536/209662099 bytes
Download progress: [=============================                     ] 122978304/209662099 bytes
Download progress: [=============================                     ] 123011072/209662099 bytes
Download progress: [=============================                     ] 123043840/209662099 bytes
Download progress: [=============================                     ] 123076608/209662099 bytes
Download progress: [=============================                     ] 123109376/209662099 bytes
Download progress: [=============================                     ] 123142144/209662099 bytes
Download progress: [=============================                     ] 123174912/209662099 bytes
Download progress: [=============================                     ] 123207680/209662099 bytes
Download progress: [=============================                     ] 123240448/209662099 bytes
Download progress: [=============================                     ] 123273216/209662099 bytes
Download progress: [=============================                     ] 123305984/209662099 bytes
Download progress: [=============================                     ] 123338752/209662099 bytes
Download progress: [=============================                     ] 123371520/209662099 bytes
Download progress: [=============================                     ] 123404288/209662099 bytes
Download progress: [=============================                     ] 123437056/209662099 bytes
Download progress: [=============================                     ] 123469824/209662099 bytes
Download progress: [=============================                     ] 123502592/209662099 bytes
Download progress: [=============================                     ] 123535360/209662099 bytes
Download progress: [=============================                     ] 123568128/209662099 bytes
Download progress: [=============================                     ] 123600896/209662099 bytes
Download progress: [=============================                     ] 123633664/209662099 bytes
Download progress: [=============================                     ] 123666432/209662099 bytes
Download progress: [=============================                     ] 123699200/209662099 bytes
Download progress: [=============================                     ] 123731968/209662099 bytes
Download progress: [=============================                     ] 123764736/209662099 bytes
Download progress: [=============================                     ] 123797504/209662099 bytes
Download progress: [=============================                     ] 123830272/209662099 bytes
Download progress: [=============================                     ] 123863040/209662099 bytes
Download progress: [=============================                     ] 123895808/209662099 bytes
Download progress: [=============================                     ] 123928576/209662099 bytes
Download progress: [=============================                     ] 123961344/209662099 bytes
Download progress: [=============================                     ] 123994112/209662099 bytes
Download progress: [=============================                     ] 124026880/209662099 bytes
Download progress: [=============================                     ] 124059648/209662099 bytes
Download progress: [=============================                     ] 124092416/209662099 bytes
Download progress: [=============================                     ] 124125184/209662099 bytes
Download progress: [=============================                     ] 124157952/209662099 bytes
Download progress: [=============================                     ] 124190720/209662099 bytes
Download progress: [=============================                     ] 124223488/209662099 bytes
Download progress: [=============================                     ] 124256256/209662099 bytes
Download progress: [=============================                     ] 124289024/209662099 bytes
Download progress: [=============================                     ] 124321792/209662099 bytes
Download progress: [=============================                     ] 124354560/209662099 bytes
Download progress: [=============================                     ] 124387328/209662099 bytes
Download progress: [=============================                     ] 124420096/209662099 bytes
Download progress: [=============================                     ] 124452864/209662099 bytes
Download progress: [=============================                     ] 124485632/209662099 bytes
Download progress: [=============================                     ] 124518400/209662099 bytes
Download progress: [=============================                     ] 124551168/209662099 bytes
Download progress: [=============================                     ] 124583936/209662099 bytes
Download progress: [=============================                     ] 124616704/209662099 bytes
Download progress: [=============================                     ] 124649472/209662099 bytes
Download progress: [=============================                     ] 124682240/209662099 bytes
Download progress: [=============================                     ] 124715008/209662099 bytes
Download progress: [=============================                     ] 124747776/209662099 bytes
Download progress: [=============================                     ] 124780544/209662099 bytes
Download progress: [=============================                     ] 124813312/209662099 bytes
Download progress: [=============================                     ] 124846080/209662099 bytes
Download progress: [=============================                     ] 124878848/209662099 bytes
Download progress: [=============================                     ] 124911616/209662099 bytes
Download progress: [=============================                     ] 124944384/209662099 bytes
Download progress: [=============================                     ] 124977152/209662099 bytes
Download progress: [=============================                     ] 125009920/209662099 bytes
Download progress: [=============================                     ] 125042688/209662099 bytes
Download progress: [=============================                     ] 125075456/209662099 bytes
Download progress: [=============================                     ] 125108224/209662099 bytes
Download progress: [=============================                     ] 125140992/209662099 bytes
Download progress: [=============================                     ] 125173760/209662099 bytes
Download progress: [=============================                     ] 125206528/209662099 bytes
Download progress: [=============================                     ] 125239296/209662099 bytes
Download progress: [=============================                     ] 125272064/209662099 bytes
Download progress: [=============================                     ] 125304832/209662099 bytes
Download progress: [=============================                     ] 125337600/209662099 bytes
Download progress: [=============================                     ] 125370368/209662099 bytes
Download progress: [=============================                     ] 125403136/209662099 bytes
Download progress: [=============================                     ] 125435904/209662099 bytes
Download progress: [=============================                     ] 125468672/209662099 bytes
Download progress: [=============================                     ] 125501440/209662099 bytes
Download progress: [=============================                     ] 125534208/209662099 bytes
Download progress: [=============================                     ] 125566976/209662099 bytes
Download progress: [=============================                     ] 125599744/209662099 bytes
Download progress: [=============================                     ] 125632512/209662099 bytes
Download progress: [=============================                     ] 125665280/209662099 bytes
Download progress: [=============================                     ] 125698048/209662099 bytes
Download progress: [=============================                     ] 125730816/209662099 bytes
Download progress: [=============================                     ] 125763584/209662099 bytes
Download progress: [=============================                     ] 125796352/209662099 bytes
Download progress: [==============================                    ] 125829120/209662099 bytes
Download progress: [==============================                    ] 125861888/209662099 bytes
Download progress: [==============================                    ] 125894656/209662099 bytes
Download progress: [==============================                    ] 125927424/209662099 bytes
Download progress: [==============================                    ] 125960192/209662099 bytes
Download progress: [==============================                    ] 125992960/209662099 bytes
Download progress: [==============================                    ] 126025728/209662099 bytes
Download progress: [==============================                    ] 126058496/209662099 bytes
Download progress: [==============================                    ] 126091264/209662099 bytes
Download progress: [==============================                    ] 126124032/209662099 bytes
Download progress: [==============================                    ] 126156800/209662099 bytes
Download progress: [==============================                    ] 126189568/209662099 bytes
Download progress: [==============================                    ] 126222336/209662099 bytes
Download progress: [==============================                    ] 126255104/209662099 bytes
Download progress: [==============================                    ] 126287872/209662099 bytes
Download progress: [==============================                    ] 126320640/209662099 bytes
Download progress: [==============================                    ] 126353408/209662099 bytes
Download progress: [==============================                    ] 126386176/209662099 bytes
Download progress: [==============================                    ] 126418944/209662099 bytes
Download progress: [==============================                    ] 126451712/209662099 bytes
Download progress: [==============================                    ] 126484480/209662099 bytes
Download progress: [==============================                    ] 126517248/209662099 bytes
Download progress: [==============================                    ] 126550016/209662099 bytes
Download progress: [==============================                    ] 126582784/209662099 bytes
Download progress: [==============================                    ] 126615552/209662099 bytes
Download progress: [==============================                    ] 126648320/209662099 bytes
Download progress: [==============================                    ] 126681088/209662099 bytes
Download progress: [==============================                    ] 126713856/209662099 bytes
Download progress: [==============================                    ] 126746624/209662099 bytes
Download progress: [==============================                    ] 126779392/209662099 bytes
Download progress: [==============================                    ] 126812160/209662099 bytes
Download progress: [==============================                    ] 126844928/209662099 bytes
Download progress: [==============================                    ] 126877696/209662099 bytes
Download progress: [==============================                    ] 126910464/209662099 bytes
Download progress: [==============================                    ] 126943232/209662099 bytes
Download progress: [==============================                    ] 126976000/209662099 bytes
Download progress: [==============================                    ] 127008768/209662099 bytes
Download progress: [==============================                    ] 127041536/209662099 bytes
Download progress: [==============================                    ] 127074304/209662099 bytes
Download progress: [==============================                    ] 127107072/209662099 bytes
Download progress: [==============================                    ] 127139840/209662099 bytes
Download progress: [==============================                    ] 127172608/209662099 bytes
Download progress: [==============================                    ] 127205376/209662099 bytes
Download progress: [==============================                    ] 127238144/209662099 bytes
Download progress: [==============================                    ] 127270912/209662099 bytes
Download progress: [==============================                    ] 127303680/209662099 bytes
Download progress: [==============================                    ] 127336448/209662099 bytes
Download progress: [==============================                    ] 127369216/209662099 bytes
Download progress: [==============================                    ] 127401984/209662099 bytes
Download progress: [==============================                    ] 127434752/209662099 bytes
Download progress: [==============================                    ] 127467520/209662099 bytes
Download progress: [==============================                    ] 127500288/209662099 bytes
Download progress: [==============================                    ] 127533056/209662099 bytes
Download progress: [==============================                    ] 127565824/209662099 bytes
Download progress: [==============================                    ] 127598592/209662099 bytes
Download progress: [==============================                    ] 127631360/209662099 bytes
Download progress: [==============================                    ] 127664128/209662099 bytes
Download progress: [==============================                    ] 127696896/209662099 bytes
Download progress: [==============================                    ] 127729664/209662099 bytes
Download progress: [==============================                    ] 127762432/209662099 bytes
Download progress: [==============================                    ] 127795200/209662099 bytes
Download progress: [==============================                    ] 127827968/209662099 bytes
Download progress: [==============================                    ] 127860736/209662099 bytes
Download progress: [==============================                    ] 127893504/209662099 bytes
Download progress: [==============================                    ] 127926272/209662099 bytes
Download progress: [==============================                    ] 127959040/209662099 bytes
Download progress: [==============================                    ] 127991808/209662099 bytes
Download progress: [==============================                    ] 128024576/209662099 bytes
Download progress: [==============================                    ] 128057344/209662099 bytes
Download progress: [==============================                    ] 128090112/209662099 bytes
Download progress: [==============================                    ] 128122880/209662099 bytes
Download progress: [==============================                    ] 128155648/209662099 bytes
Download progress: [==============================                    ] 128188416/209662099 bytes
Download progress: [==============================                    ] 128221184/209662099 bytes
Download progress: [==============================                    ] 128253952/209662099 bytes
Download progress: [==============================                    ] 128286720/209662099 bytes
Download progress: [==============================                    ] 128319488/209662099 bytes
Download progress: [==============================                    ] 128352256/209662099 bytes
Download progress: [==============================                    ] 128385024/209662099 bytes
Download progress: [==============================                    ] 128417792/209662099 bytes
Download progress: [==============================                    ] 128450560/209662099 bytes
Download progress: [==============================                    ] 128483328/209662099 bytes
Download progress: [==============================                    ] 128516096/209662099 bytes
Download progress: [==============================                    ] 128548864/209662099 bytes
Download progress: [==============================                    ] 128581632/209662099 bytes
Download progress: [==============================                    ] 128614400/209662099 bytes
Download progress: [==============================                    ] 128647168/209662099 bytes
Download progress: [==============================                    ] 128679936/209662099 bytes
Download progress: [==============================                    ] 128712704/209662099 bytes
Download progress: [==============================                    ] 128745472/209662099 bytes
Download progress: [==============================                    ] 128778240/209662099 bytes
Download progress: [==============================                    ] 128811008/209662099 bytes
Download progress: [==============================                    ] 128843776/209662099 bytes
Download progress: [==============================                    ] 128876544/209662099 bytes
Download progress: [==============================                    ] 128909312/209662099 bytes
Download progress: [==============================                    ] 128942080/209662099 bytes
Download progress: [==============================                    ] 128974848/209662099 bytes
Download progress: [==============================                    ] 129007616/209662099 bytes
Download progress: [==============================                    ] 129040384/209662099 bytes
Download progress: [==============================                    ] 129073152/209662099 bytes
Download progress: [==============================                    ] 129105920/209662099 bytes
Download progress: [==============================                    ] 129138688/209662099 bytes
Download progress: [==============================                    ] 129171456/209662099 bytes
Download progress: [==============================                    ] 129204224/209662099 bytes
Download progress: [==============================                    ] 129236992/209662099 bytes
Download progress: [==============================                    ] 129269760/209662099 bytes
Download progress: [==============================                    ] 129302528/209662099 bytes
Download progress: [==============================                    ] 129335296/209662099 bytes
Download progress: [==============================                    ] 129368064/209662099 bytes
Download progress: [==============================                    ] 129400832/209662099 bytes
Download progress: [==============================                    ] 129433600/209662099 bytes
Download progress: [==============================                    ] 129466368/209662099 bytes
Download progress: [==============================                    ] 129499136/209662099 bytes
Download progress: [==============================                    ] 129531904/209662099 bytes
Download progress: [==============================                    ] 129564672/209662099 bytes
Download progress: [==============================                    ] 129597440/209662099 bytes
Download progress: [==============================                    ] 129630208/209662099 bytes
Download progress: [==============================                    ] 129662976/209662099 bytes
Download progress: [==============================                    ] 129695744/209662099 bytes
Download progress: [==============================                    ] 129728512/209662099 bytes
Download progress: [==============================                    ] 129761280/209662099 bytes
Download progress: [==============================                    ] 129794048/209662099 bytes
Download progress: [==============================                    ] 129826816/209662099 bytes
Download progress: [==============================                    ] 129859584/209662099 bytes
Download progress: [==============================                    ] 129892352/209662099 bytes
Download progress: [==============================                    ] 129925120/209662099 bytes
Download progress: [==============================                    ] 129957888/209662099 bytes
Download progress: [===============================                   ] 129990656/209662099 bytes
Download progress: [===============================                   ] 130023424/209662099 bytes
Download progress: [===============================                   ] 130056192/209662099 bytes
Download progress: [===============================                   ] 130088960/209662099 bytes
Download progress: [===============================                   ] 130121728/209662099 bytes
Download progress: [===============================                   ] 130154496/209662099 bytes
Download progress: [===============================                   ] 130187264/209662099 bytes
Download progress: [===============================                   ] 130220032/209662099 bytes
Download progress: [===============================                   ] 130252800/209662099 bytes
Download progress: [===============================                   ] 130285568/209662099 bytes
Download progress: [===============================                   ] 130318336/209662099 bytes
Download progress: [===============================                   ] 130351104/209662099 bytes
Download progress: [===============================                   ] 130383872/209662099 bytes
Download progress: [===============================                   ] 130416640/209662099 bytes
Download progress: [===============================                   ] 130449408/209662099 bytes
Download progress: [===============================                   ] 130482176/209662099 bytes
Download progress: [===============================                   ] 130514944/209662099 bytes
Download progress: [===============================                   ] 130547712/209662099 bytes
Download progress: [===============================                   ] 130580480/209662099 bytes
Download progress: [===============================                   ] 130613248/209662099 bytes
Download progress: [===============================                   ] 130646016/209662099 bytes
Download progress: [===============================                   ] 130678784/209662099 bytes
Download progress: [===============================                   ] 130711552/209662099 bytes
Download progress: [===============================                   ] 130744320/209662099 bytes
Download progress: [===============================                   ] 130777088/209662099 bytes
Download progress: [===============================                   ] 130809856/209662099 bytes
Download progress: [===============================                   ] 130842624/209662099 bytes
Download progress: [===============================                   ] 130875392/209662099 bytes
Download progress: [===============================                   ] 130908160/209662099 bytes
Download progress: [===============================                   ] 130940928/209662099 bytes
Download progress: [===============================                   ] 130973696/209662099 bytes
Download progress: [===============================                   ] 131006464/209662099 bytes
Download progress: [===============================                   ] 131039232/209662099 bytes
Download progress: [===============================                   ] 131072000/209662099 bytes
Download progress: [===============================                   ] 131104768/209662099 bytes
Download progress: [===============================                   ] 131137536/209662099 bytes
Download progress: [===============================                   ] 131170304/209662099 bytes
Download progress: [===============================                   ] 131203072/209662099 bytes
Download progress: [===============================                   ] 131235840/209662099 bytes
Download progress: [===============================                   ] 131268608/209662099 bytes
Download progress: [===============================                   ] 131301376/209662099 bytes
Download progress: [===============================                   ] 131334144/209662099 bytes
Download progress: [===============================                   ] 131366912/209662099 bytes
Download progress: [===============================                   ] 131399680/209662099 bytes
Download progress: [===============================                   ] 131432448/209662099 bytes
Download progress: [===============================                   ] 131465216/209662099 bytes
Download progress: [===============================                   ] 131497984/209662099 bytes
Download progress: [===============================                   ] 131530752/209662099 bytes
Download progress: [===============================                   ] 131563520/209662099 bytes
Download progress: [===============================                   ] 131596288/209662099 bytes
Download progress: [===============================                   ] 131629056/209662099 bytes
Download progress: [===============================                   ] 131661824/209662099 bytes
Download progress: [===============================                   ] 131694592/209662099 bytes
Download progress: [===============================                   ] 131727360/209662099 bytes
Download progress: [===============================                   ] 131760128/209662099 bytes
Download progress: [===============================                   ] 131792896/209662099 bytes
Download progress: [===============================                   ] 131825664/209662099 bytes
Download progress: [===============================                   ] 131858432/209662099 bytes
Download progress: [===============================                   ] 131891200/209662099 bytes
Download progress: [===============================                   ] 131923968/209662099 bytes
Download progress: [===============================                   ] 131956736/209662099 bytes
Download progress: [===============================                   ] 131989504/209662099 bytes
Download progress: [===============================                   ] 132022272/209662099 bytes
Download progress: [===============================                   ] 132055040/209662099 bytes
Download progress: [===============================                   ] 132087808/209662099 bytes
Download progress: [===============================                   ] 132120576/209662099 bytes
Download progress: [===============================                   ] 132153344/209662099 bytes
Download progress: [===============================                   ] 132186112/209662099 bytes
Download progress: [===============================                   ] 132218880/209662099 bytes
Download progress: [===============================                   ] 132251648/209662099 bytes
Download progress: [===============================                   ] 132284416/209662099 bytes
Download progress: [===============================                   ] 132317184/209662099 bytes
Download progress: [===============================                   ] 132349952/209662099 bytes
Download progress: [===============================                   ] 132382720/209662099 bytes
Download progress: [===============================                   ] 132415488/209662099 bytes
Download progress: [===============================                   ] 132448256/209662099 bytes
Download progress: [===============================                   ] 132481024/209662099 bytes
Download progress: [===============================                   ] 132513792/209662099 bytes
Download progress: [===============================                   ] 132546560/209662099 bytes
Download progress: [===============================                   ] 132579328/209662099 bytes
Download progress: [===============================                   ] 132612096/209662099 bytes
Download progress: [===============================                   ] 132644864/209662099 bytes
Download progress: [===============================                   ] 132677632/209662099 bytes
Download progress: [===============================                   ] 132710400/209662099 bytes
Download progress: [===============================                   ] 132743168/209662099 bytes
Download progress: [===============================                   ] 132775936/209662099 bytes
Download progress: [===============================                   ] 132808704/209662099 bytes
Download progress: [===============================                   ] 132841472/209662099 bytes
Download progress: [===============================                   ] 132874240/209662099 bytes
Download progress: [===============================                   ] 132907008/209662099 bytes
Download progress: [===============================                   ] 132939776/209662099 bytes
Download progress: [===============================                   ] 132972544/209662099 bytes
Download progress: [===============================                   ] 133005312/209662099 bytes
Download progress: [===============================                   ] 133038080/209662099 bytes
Download progress: [===============================                   ] 133070848/209662099 bytes
Download progress: [===============================                   ] 133103616/209662099 bytes
Download progress: [===============================                   ] 133136384/209662099 bytes
Download progress: [===============================                   ] 133169152/209662099 bytes
Download progress: [===============================                   ] 133201920/209662099 bytes
Download progress: [===============================                   ] 133234688/209662099 bytes
Download progress: [===============================                   ] 133267456/209662099 bytes
Download progress: [===============================                   ] 133300224/209662099 bytes
Download progress: [===============================                   ] 133332992/209662099 bytes
Download progress: [===============================                   ] 133365760/209662099 bytes
Download progress: [===============================                   ] 133398528/209662099 bytes
Download progress: [===============================                   ] 133431296/209662099 bytes
Download progress: [===============================                   ] 133464064/209662099 bytes
Download progress: [===============================                   ] 133496832/209662099 bytes
Download progress: [===============================                   ] 133529600/209662099 bytes
Download progress: [===============================                   ] 133562368/209662099 bytes
Download progress: [===============================                   ] 133595136/209662099 bytes
Download progress: [===============================                   ] 133627904/209662099 bytes
Download progress: [===============================                   ] 133660672/209662099 bytes
Download progress: [===============================                   ] 133693440/209662099 bytes
Download progress: [===============================                   ] 133726208/209662099 bytes
Download progress: [===============================                   ] 133758976/209662099 bytes
Download progress: [===============================                   ] 133791744/209662099 bytes
Download progress: [===============================                   ] 133824512/209662099 bytes
Download progress: [===============================                   ] 133857280/209662099 bytes
Download progress: [===============================                   ] 133890048/209662099 bytes
Download progress: [===============================                   ] 133922816/209662099 bytes
Download progress: [===============================                   ] 133955584/209662099 bytes
Download progress: [===============================                   ] 133988352/209662099 bytes
Download progress: [===============================                   ] 134021120/209662099 bytes
Download progress: [===============================                   ] 134053888/209662099 bytes
Download progress: [===============================                   ] 134086656/209662099 bytes
Download progress: [===============================                   ] 134119424/209662099 bytes
Download progress: [===============================                   ] 134152192/209662099 bytes
Download progress: [================================                  ] 134184960/209662099 bytes
Download progress: [================================                  ] 134217728/209662099 bytes
Download progress: [================================                  ] 134250496/209662099 bytes
Download progress: [================================                  ] 134283264/209662099 bytes
Download progress: [================================                  ] 134316032/209662099 bytes
Download progress: [================================                  ] 134348800/209662099 bytes
Download progress: [================================                  ] 134381568/209662099 bytes
Download progress: [================================                  ] 134414336/209662099 bytes
Download progress: [================================                  ] 134447104/209662099 bytes
Download progress: [================================                  ] 134479872/209662099 bytes
Download progress: [================================                  ] 134512640/209662099 bytes
Download progress: [================================                  ] 134545408/209662099 bytes
Download progress: [================================                  ] 134578176/209662099 bytes
Download progress: [================================                  ] 134610944/209662099 bytes
Download progress: [================================                  ] 134643712/209662099 bytes
Download progress: [================================                  ] 134676480/209662099 bytes
Download progress: [================================                  ] 134709248/209662099 bytes
Download progress: [================================                  ] 134742016/209662099 bytes
Download progress: [================================                  ] 134774784/209662099 bytes
Download progress: [================================                  ] 134807552/209662099 bytes
Download progress: [================================                  ] 134840320/209662099 bytes
Download progress: [================================                  ] 134873088/209662099 bytes
Download progress: [================================                  ] 134905856/209662099 bytes
Download progress: [================================                  ] 134938624/209662099 bytes
Download progress: [================================                  ] 134971392/209662099 bytes
Download progress: [================================                  ] 135004160/209662099 bytes
Download progress: [================================                  ] 135036928/209662099 bytes
Download progress: [================================                  ] 135069696/209662099 bytes
Download progress: [================================                  ] 135102464/209662099 bytes
Download progress: [================================                  ] 135135232/209662099 bytes
Download progress: [================================                  ] 135168000/209662099 bytes
Download progress: [================================                  ] 135200768/209662099 bytes
Download progress: [================================                  ] 135233536/209662099 bytes
Download progress: [================================                  ] 135266304/209662099 bytes
Download progress: [================================                  ] 135299072/209662099 bytes
Download progress: [================================                  ] 135331840/209662099 bytes
Download progress: [================================                  ] 135364608/209662099 bytes
Download progress: [================================                  ] 135397376/209662099 bytes
Download progress: [================================                  ] 135430144/209662099 bytes
Download progress: [================================                  ] 135462912/209662099 bytes
Download progress: [================================                  ] 135495680/209662099 bytes
Download progress: [================================                  ] 135528448/209662099 bytes
Download progress: [================================                  ] 135561216/209662099 bytes
Download progress: [================================                  ] 135593984/209662099 bytes
Download progress: [================================                  ] 135626752/209662099 bytes
Download progress: [================================                  ] 135659520/209662099 bytes
Download progress: [================================                  ] 135692288/209662099 bytes
Download progress: [================================                  ] 135725056/209662099 bytes
Download progress: [================================                  ] 135757824/209662099 bytes
Download progress: [================================                  ] 135790592/209662099 bytes
Download progress: [================================                  ] 135823360/209662099 bytes
Download progress: [================================                  ] 135856128/209662099 bytes
Download progress: [================================                  ] 135888896/209662099 bytes
Download progress: [================================                  ] 135921664/209662099 bytes
Download progress: [================================                  ] 135954432/209662099 bytes
Download progress: [================================                  ] 135987200/209662099 bytes
Download progress: [================================                  ] 136019968/209662099 bytes
Download progress: [================================                  ] 136052736/209662099 bytes
Download progress: [================================                  ] 136085504/209662099 bytes
Download progress: [================================                  ] 136118272/209662099 bytes
Download progress: [================================                  ] 136151040/209662099 bytes
Download progress: [================================                  ] 136183808/209662099 bytes
Download progress: [================================                  ] 136216576/209662099 bytes
Download progress: [================================                  ] 136249344/209662099 bytes
Download progress: [================================                  ] 136282112/209662099 bytes
Download progress: [================================                  ] 136314880/209662099 bytes
Download progress: [================================                  ] 136347648/209662099 bytes
Download progress: [================================                  ] 136380416/209662099 bytes
Download progress: [================================                  ] 136413184/209662099 bytes
Download progress: [================================                  ] 136445952/209662099 bytes
Download progress: [================================                  ] 136478720/209662099 bytes
Download progress: [================================                  ] 136511488/209662099 bytes
Download progress: [================================                  ] 136544256/209662099 bytes
Download progress: [================================                  ] 136577024/209662099 bytes
Download progress: [================================                  ] 136609792/209662099 bytes
Download progress: [================================                  ] 136642560/209662099 bytes
Download progress: [================================                  ] 136675328/209662099 bytes
Download progress: [================================                  ] 136708096/209662099 bytes
Download progress: [================================                  ] 136740864/209662099 bytes
Download progress: [================================                  ] 136773632/209662099 bytes
Download progress: [================================                  ] 136806400/209662099 bytes
Download progress: [================================                  ] 136839168/209662099 bytes
Download progress: [================================                  ] 136871936/209662099 bytes
Download progress: [================================                  ] 136904704/209662099 bytes
Download progress: [================================                  ] 136937472/209662099 bytes
Download progress: [================================                  ] 136970240/209662099 bytes
Download progress: [================================                  ] 137003008/209662099 bytes
Download progress: [================================                  ] 137035776/209662099 bytes
Download progress: [================================                  ] 137068544/209662099 bytes
Download progress: [================================                  ] 137101312/209662099 bytes
Download progress: [================================                  ] 137134080/209662099 bytes
Download progress: [================================                  ] 137166848/209662099 bytes
Download progress: [================================                  ] 137199616/209662099 bytes
Download progress: [================================                  ] 137232384/209662099 bytes
Download progress: [================================                  ] 137265152/209662099 bytes
Download progress: [================================                  ] 137297920/209662099 bytes
Download progress: [================================                  ] 137330688/209662099 bytes
Download progress: [================================                  ] 137363456/209662099 bytes
Download progress: [================================                  ] 137396224/209662099 bytes
Download progress: [================================                  ] 137428992/209662099 bytes
Download progress: [================================                  ] 137461760/209662099 bytes
Download progress: [================================                  ] 137494528/209662099 bytes
Download progress: [================================                  ] 137527296/209662099 bytes
Download progress: [================================                  ] 137560064/209662099 bytes
Download progress: [================================                  ] 137592832/209662099 bytes
Download progress: [================================                  ] 137625600/209662099 bytes
Download progress: [================================                  ] 137658368/209662099 bytes
Download progress: [================================                  ] 137691136/209662099 bytes
Download progress: [================================                  ] 137723904/209662099 bytes
Download progress: [================================                  ] 137756672/209662099 bytes
Download progress: [================================                  ] 137789440/209662099 bytes
Download progress: [================================                  ] 137822208/209662099 bytes
Download progress: [================================                  ] 137854976/209662099 bytes
Download progress: [================================                  ] 137887744/209662099 bytes
Download progress: [================================                  ] 137920512/209662099 bytes
Download progress: [================================                  ] 137953280/209662099 bytes
Download progress: [================================                  ] 137986048/209662099 bytes
Download progress: [================================                  ] 138018816/209662099 bytes
Download progress: [================================                  ] 138051584/209662099 bytes
Download progress: [================================                  ] 138084352/209662099 bytes
Download progress: [================================                  ] 138117120/209662099 bytes
Download progress: [================================                  ] 138149888/209662099 bytes
Download progress: [================================                  ] 138182656/209662099 bytes
Download progress: [================================                  ] 138215424/209662099 bytes
Download progress: [================================                  ] 138248192/209662099 bytes
Download progress: [================================                  ] 138280960/209662099 bytes
Download progress: [================================                  ] 138313728/209662099 bytes
Download progress: [================================                  ] 138346496/209662099 bytes
Download progress: [=================================                 ] 138379264/209662099 bytes
Download progress: [=================================                 ] 138412032/209662099 bytes
Download progress: [=================================                 ] 138444800/209662099 bytes
Download progress: [=================================                 ] 138477568/209662099 bytes
Download progress: [=================================                 ] 138510336/209662099 bytes
Download progress: [=================================                 ] 138543104/209662099 bytes
Download progress: [=================================                 ] 138575872/209662099 bytes
Download progress: [=================================                 ] 138608640/209662099 bytes
Download progress: [=================================                 ] 138641408/209662099 bytes
Download progress: [=================================                 ] 138674176/209662099 bytes
Download progress: [=================================                 ] 138706944/209662099 bytes
Download progress: [=================================                 ] 138739712/209662099 bytes
Download progress: [=================================                 ] 138772480/209662099 bytes
Download progress: [=================================                 ] 138805248/209662099 bytes
Download progress: [=================================                 ] 138838016/209662099 bytes
Download progress: [=================================                 ] 138870784/209662099 bytes
Download progress: [=================================                 ] 138903552/209662099 bytes
Download progress: [=================================                 ] 138936320/209662099 bytes
Download progress: [=================================                 ] 138969088/209662099 bytes
Download progress: [=================================                 ] 139001856/209662099 bytes
Download progress: [=================================                 ] 139034624/209662099 bytes
Download progress: [=================================                 ] 139067392/209662099 bytes
Download progress: [=================================                 ] 139100160/209662099 bytes
Download progress: [=================================                 ] 139132928/209662099 bytes
Download progress: [=================================                 ] 139165696/209662099 bytes
Download progress: [=================================                 ] 139198464/209662099 bytes
Download progress: [=================================                 ] 139231232/209662099 bytes
Download progress: [=================================                 ] 139264000/209662099 bytes
Download progress: [=================================                 ] 139296768/209662099 bytes
Download progress: [=================================                 ] 139329536/209662099 bytes
Download progress: [=================================                 ] 139362304/209662099 bytes
Download progress: [=================================                 ] 139395072/209662099 bytes
Download progress: [=================================                 ] 139427840/209662099 bytes
Download progress: [=================================                 ] 139460608/209662099 bytes
Download progress: [=================================                 ] 139493376/209662099 bytes
Download progress: [=================================                 ] 139526144/209662099 bytes
Download progress: [=================================                 ] 139558912/209662099 bytes
Download progress: [=================================                 ] 139591680/209662099 bytes
Download progress: [=================================                 ] 139624448/209662099 bytes
Download progress: [=================================                 ] 139657216/209662099 bytes
Download progress: [=================================                 ] 139689984/209662099 bytes
Download progress: [=================================                 ] 139722752/209662099 bytes
Download progress: [=================================                 ] 139755520/209662099 bytes
Download progress: [=================================                 ] 139788288/209662099 bytes
Download progress: [=================================                 ] 139821056/209662099 bytes
Download progress: [=================================                 ] 139853824/209662099 bytes
Download progress: [=================================                 ] 139886592/209662099 bytes
Download progress: [=================================                 ] 139919360/209662099 bytes
Download progress: [=================================                 ] 139952128/209662099 bytes
Download progress: [=================================                 ] 139984896/209662099 bytes
Download progress: [=================================                 ] 140017664/209662099 bytes
Download progress: [=================================                 ] 140050432/209662099 bytes
Download progress: [=================================                 ] 140083200/209662099 bytes
Download progress: [=================================                 ] 140115968/209662099 bytes
Download progress: [=================================                 ] 140148736/209662099 bytes
Download progress: [=================================                 ] 140181504/209662099 bytes
Download progress: [=================================                 ] 140214272/209662099 bytes
Download progress: [=================================                 ] 140247040/209662099 bytes
Download progress: [=================================                 ] 140279808/209662099 bytes
Download progress: [=================================                 ] 140312576/209662099 bytes
Download progress: [=================================                 ] 140345344/209662099 bytes
Download progress: [=================================                 ] 140378112/209662099 bytes
Download progress: [=================================                 ] 140410880/209662099 bytes
Download progress: [=================================                 ] 140443648/209662099 bytes
Download progress: [=================================                 ] 140476416/209662099 bytes
Download progress: [=================================                 ] 140509184/209662099 bytes
Download progress: [=================================                 ] 140541952/209662099 bytes
Download progress: [=================================                 ] 140574720/209662099 bytes
Download progress: [=================================                 ] 140607488/209662099 bytes
Download progress: [=================================                 ] 140640256/209662099 bytes
Download progress: [=================================                 ] 140673024/209662099 bytes
Download progress: [=================================                 ] 140705792/209662099 bytes
Download progress: [=================================                 ] 140738560/209662099 bytes
Download progress: [=================================                 ] 140771328/209662099 bytes
Download progress: [=================================                 ] 140804096/209662099 bytes
Download progress: [=================================                 ] 140836864/209662099 bytes
Download progress: [=================================                 ] 140869632/209662099 bytes
Download progress: [=================================                 ] 140902400/209662099 bytes
Download progress: [=================================                 ] 140935168/209662099 bytes
Download progress: [=================================                 ] 140967936/209662099 bytes
Download progress: [=================================                 ] 141000704/209662099 bytes
Download progress: [=================================                 ] 141033472/209662099 bytes
Download progress: [=================================                 ] 141066240/209662099 bytes
Download progress: [=================================                 ] 141099008/209662099 bytes
Download progress: [=================================                 ] 141131776/209662099 bytes
Download progress: [=================================                 ] 141164544/209662099 bytes
Download progress: [=================================                 ] 141197312/209662099 bytes
Download progress: [=================================                 ] 141230080/209662099 bytes
Download progress: [=================================                 ] 141262848/209662099 bytes
Download progress: [=================================                 ] 141295616/209662099 bytes
Download progress: [=================================                 ] 141328384/209662099 bytes
Download progress: [=================================                 ] 141361152/209662099 bytes
Download progress: [=================================                 ] 141393920/209662099 bytes
Download progress: [=================================                 ] 141426688/209662099 bytes
Download progress: [=================================                 ] 141459456/209662099 bytes
Download progress: [=================================                 ] 141492224/209662099 bytes
Download progress: [=================================                 ] 141524992/209662099 bytes
Download progress: [=================================                 ] 141557760/209662099 bytes
Download progress: [=================================                 ] 141590528/209662099 bytes
Download progress: [=================================                 ] 141623296/209662099 bytes
Download progress: [=================================                 ] 141656064/209662099 bytes
Download progress: [=================================                 ] 141688832/209662099 bytes
Download progress: [=================================                 ] 141721600/209662099 bytes
Download progress: [=================================                 ] 141754368/209662099 bytes
Download progress: [=================================                 ] 141787136/209662099 bytes
Download progress: [=================================                 ] 141819904/209662099 bytes
Download progress: [=================================                 ] 141852672/209662099 bytes
Download progress: [=================================                 ] 141885440/209662099 bytes
Download progress: [=================================                 ] 141918208/209662099 bytes
Download progress: [=================================                 ] 141950976/209662099 bytes
Download progress: [=================================                 ] 141983744/209662099 bytes
Download progress: [=================================                 ] 142016512/209662099 bytes
Download progress: [=================================                 ] 142049280/209662099 bytes
Download progress: [=================================                 ] 142082048/209662099 bytes
Download progress: [=================================                 ] 142114816/209662099 bytes
Download progress: [=================================                 ] 142147584/209662099 bytes
Download progress: [=================================                 ] 142180352/209662099 bytes
Download progress: [=================================                 ] 142213120/209662099 bytes
Download progress: [=================================                 ] 142245888/209662099 bytes
Download progress: [=================================                 ] 142278656/209662099 bytes
Download progress: [=================================                 ] 142311424/209662099 bytes
Download progress: [=================================                 ] 142344192/209662099 bytes
Download progress: [=================================                 ] 142376960/209662099 bytes
Download progress: [=================================                 ] 142409728/209662099 bytes
Download progress: [=================================                 ] 142442496/209662099 bytes
Download progress: [=================================                 ] 142475264/209662099 bytes
Download progress: [=================================                 ] 142508032/209662099 bytes
Download progress: [=================================                 ] 142540800/209662099 bytes
Download progress: [==================================                ] 142573568/209662099 bytes
Download progress: [==================================                ] 142606336/209662099 bytes
Download progress: [==================================                ] 142639104/209662099 bytes
Download progress: [==================================                ] 142671872/209662099 bytes
Download progress: [==================================                ] 142704640/209662099 bytes
Download progress: [==================================                ] 142737408/209662099 bytes
Download progress: [==================================                ] 142770176/209662099 bytes
Download progress: [==================================                ] 142802944/209662099 bytes
Download progress: [==================================                ] 142835712/209662099 bytes
Download progress: [==================================                ] 142868480/209662099 bytes
Download progress: [==================================                ] 142901248/209662099 bytes
Download progress: [==================================                ] 142934016/209662099 bytes
Download progress: [==================================                ] 142966784/209662099 bytes
Download progress: [==================================                ] 142999552/209662099 bytes
Download progress: [==================================                ] 143032320/209662099 bytes
Download progress: [==================================                ] 143065088/209662099 bytes
Download progress: [==================================                ] 143097856/209662099 bytes
Download progress: [==================================                ] 143130624/209662099 bytes
Download progress: [==================================                ] 143163392/209662099 bytes
Download progress: [==================================                ] 143196160/209662099 bytes
Download progress: [==================================                ] 143228928/209662099 bytes
Download progress: [==================================                ] 143261696/209662099 bytes
Download progress: [==================================                ] 143294464/209662099 bytes
Download progress: [==================================                ] 143327232/209662099 bytes
Download progress: [==================================                ] 143360000/209662099 bytes
Download progress: [==================================                ] 143392768/209662099 bytes
Download progress: [==================================                ] 143425536/209662099 bytes
Download progress: [==================================                ] 143458304/209662099 bytes
Download progress: [==================================                ] 143491072/209662099 bytes
Download progress: [==================================                ] 143523840/209662099 bytes
Download progress: [==================================                ] 143556608/209662099 bytes
Download progress: [==================================                ] 143589376/209662099 bytes
Download progress: [==================================                ] 143622144/209662099 bytes
Download progress: [==================================                ] 143654912/209662099 bytes
Download progress: [==================================                ] 143687680/209662099 bytes
Download progress: [==================================                ] 143720448/209662099 bytes
Download progress: [==================================                ] 143753216/209662099 bytes
Download progress: [==================================                ] 143785984/209662099 bytes
Download progress: [==================================                ] 143818752/209662099 bytes
Download progress: [==================================                ] 143851520/209662099 bytes
Download progress: [==================================                ] 143884288/209662099 bytes
Download progress: [==================================                ] 143917056/209662099 bytes
Download progress: [==================================                ] 143949824/209662099 bytes
Download progress: [==================================                ] 143982592/209662099 bytes
Download progress: [==================================                ] 144015360/209662099 bytes
Download progress: [==================================                ] 144048128/209662099 bytes
Download progress: [==================================                ] 144080896/209662099 bytes
Download progress: [==================================                ] 144113664/209662099 bytes
Download progress: [==================================                ] 144146432/209662099 bytes
Download progress: [==================================                ] 144179200/209662099 bytes
Download progress: [==================================                ] 144211968/209662099 bytes
Download progress: [==================================                ] 144244736/209662099 bytes
Download progress: [==================================                ] 144277504/209662099 bytes
Download progress: [==================================                ] 144310272/209662099 bytes
Download progress: [==================================                ] 144343040/209662099 bytes
Download progress: [==================================                ] 144375808/209662099 bytes
Download progress: [==================================                ] 144408576/209662099 bytes
Download progress: [==================================                ] 144441344/209662099 bytes
Download progress: [==================================                ] 144474112/209662099 bytes
Download progress: [==================================                ] 144506880/209662099 bytes
Download progress: [==================================                ] 144539648/209662099 bytes
Download progress: [==================================                ] 144572416/209662099 bytes
Download progress: [==================================                ] 144605184/209662099 bytes
Download progress: [==================================                ] 144637952/209662099 bytes
Download progress: [==================================                ] 144670720/209662099 bytes
Download progress: [==================================                ] 144703488/209662099 bytes
Download progress: [==================================                ] 144736256/209662099 bytes
Download progress: [==================================                ] 144769024/209662099 bytes
Download progress: [==================================                ] 144801792/209662099 bytes
Download progress: [==================================                ] 144834560/209662099 bytes
Download progress: [==================================                ] 144867328/209662099 bytes
Download progress: [==================================                ] 144900096/209662099 bytes
Download progress: [==================================                ] 144932864/209662099 bytes
Download progress: [==================================                ] 144965632/209662099 bytes
Download progress: [==================================                ] 144998400/209662099 bytes
Download progress: [==================================                ] 145031168/209662099 bytes
Download progress: [==================================                ] 145063936/209662099 bytes
Download progress: [==================================                ] 145096704/209662099 bytes
Download progress: [==================================                ] 145129472/209662099 bytes
Download progress: [==================================                ] 145162240/209662099 bytes
Download progress: [==================================                ] 145195008/209662099 bytes
Download progress: [==================================                ] 145227776/209662099 bytes
Download progress: [==================================                ] 145260544/209662099 bytes
Download progress: [==================================                ] 145293312/209662099 bytes
Download progress: [==================================                ] 145326080/209662099 bytes
Download progress: [==================================                ] 145358848/209662099 bytes
Download progress: [==================================                ] 145391616/209662099 bytes
Download progress: [==================================                ] 145424384/209662099 bytes
Download progress: [==================================                ] 145457152/209662099 bytes
Download progress: [==================================                ] 145489920/209662099 bytes
Download progress: [==================================                ] 145522688/209662099 bytes
Download progress: [==================================                ] 145555456/209662099 bytes
Download progress: [==================================                ] 145588224/209662099 bytes
Download progress: [==================================                ] 145620992/209662099 bytes
Download progress: [==================================                ] 145653760/209662099 bytes
Download progress: [==================================                ] 145686528/209662099 bytes
Download progress: [==================================                ] 145719296/209662099 bytes
Download progress: [==================================                ] 145752064/209662099 bytes
Download progress: [==================================                ] 145784832/209662099 bytes
Download progress: [==================================                ] 145817600/209662099 bytes
Download progress: [==================================                ] 145850368/209662099 bytes
Download progress: [==================================                ] 145883136/209662099 bytes
Download progress: [==================================                ] 145915904/209662099 bytes
Download progress: [==================================                ] 145948672/209662099 bytes
Download progress: [==================================                ] 145981440/209662099 bytes
Download progress: [==================================                ] 146014208/209662099 bytes
Download progress: [==================================                ] 146046976/209662099 bytes
Download progress: [==================================                ] 146079744/209662099 bytes
Download progress: [==================================                ] 146112512/209662099 bytes
Download progress: [==================================                ] 146145280/209662099 bytes
Download progress: [==================================                ] 146178048/209662099 bytes
Download progress: [==================================                ] 146210816/209662099 bytes
Download progress: [==================================                ] 146243584/209662099 bytes
Download progress: [==================================                ] 146276352/209662099 bytes
Download progress: [==================================                ] 146309120/209662099 bytes
Download progress: [==================================                ] 146341888/209662099 bytes
Download progress: [==================================                ] 146374656/209662099 bytes
Download progress: [==================================                ] 146407424/209662099 bytes
Download progress: [==================================                ] 146440192/209662099 bytes
Download progress: [==================================                ] 146472960/209662099 bytes
Download progress: [==================================                ] 146505728/209662099 bytes
Download progress: [==================================                ] 146538496/209662099 bytes
Download progress: [==================================                ] 146571264/209662099 bytes
Download progress: [==================================                ] 146604032/209662099 bytes
Download progress: [==================================                ] 146636800/209662099 bytes
Download progress: [==================================                ] 146669568/209662099 bytes
Download progress: [==================================                ] 146702336/209662099 bytes
Download progress: [==================================                ] 146735104/209662099 bytes
Download progress: [===================================               ] 146767872/209662099 bytes
Download progress: [===================================               ] 146800640/209662099 bytes
Download progress: [===================================               ] 146833408/209662099 bytes
Download progress: [===================================               ] 146866176/209662099 bytes
Download progress: [===================================               ] 146898944/209662099 bytes
Download progress: [===================================               ] 146931712/209662099 bytes
Download progress: [===================================               ] 146964480/209662099 bytes
Download progress: [===================================               ] 146997248/209662099 bytes
Download progress: [===================================               ] 147030016/209662099 bytes
Download progress: [===================================               ] 147062784/209662099 bytes
Download progress: [===================================               ] 147095552/209662099 bytes
Download progress: [===================================               ] 147128320/209662099 bytes
Download progress: [===================================               ] 147161088/209662099 bytes
Download progress: [===================================               ] 147193856/209662099 bytes
Download progress: [===================================               ] 147226624/209662099 bytes
Download progress: [===================================               ] 147259392/209662099 bytes
Download progress: [===================================               ] 147292160/209662099 bytes
Download progress: [===================================               ] 147324928/209662099 bytes
Download progress: [===================================               ] 147357696/209662099 bytes
Download progress: [===================================               ] 147390464/209662099 bytes
Download progress: [===================================               ] 147423232/209662099 bytes
Download progress: [===================================               ] 147456000/209662099 bytes
Download progress: [===================================               ] 147488768/209662099 bytes
Download progress: [===================================               ] 147521536/209662099 bytes
Download progress: [===================================               ] 147554304/209662099 bytes
Download progress: [===================================               ] 147587072/209662099 bytes
Download progress: [===================================               ] 147619840/209662099 bytes
Download progress: [===================================               ] 147652608/209662099 bytes
Download progress: [===================================               ] 147685376/209662099 bytes
Download progress: [===================================               ] 147718144/209662099 bytes
Download progress: [===================================               ] 147750912/209662099 bytes
Download progress: [===================================               ] 147783680/209662099 bytes
Download progress: [===================================               ] 147816448/209662099 bytes
Download progress: [===================================               ] 147849216/209662099 bytes
Download progress: [===================================               ] 147881984/209662099 bytes
Download progress: [===================================               ] 147914752/209662099 bytes
Download progress: [===================================               ] 147947520/209662099 bytes
Download progress: [===================================               ] 147980288/209662099 bytes
Download progress: [===================================               ] 148013056/209662099 bytes
Download progress: [===================================               ] 148045824/209662099 bytes
Download progress: [===================================               ] 148078592/209662099 bytes
Download progress: [===================================               ] 148111360/209662099 bytes
Download progress: [===================================               ] 148144128/209662099 bytes
Download progress: [===================================               ] 148176896/209662099 bytes
Download progress: [===================================               ] 148209664/209662099 bytes
Download progress: [===================================               ] 148242432/209662099 bytes
Download progress: [===================================               ] 148275200/209662099 bytes
Download progress: [===================================               ] 148307968/209662099 bytes
Download progress: [===================================               ] 148340736/209662099 bytes
Download progress: [===================================               ] 148373504/209662099 bytes
Download progress: [===================================               ] 148406272/209662099 bytes
Download progress: [===================================               ] 148439040/209662099 bytes
Download progress: [===================================               ] 148471808/209662099 bytes
Download progress: [===================================               ] 148504576/209662099 bytes
Download progress: [===================================               ] 148537344/209662099 bytes
Download progress: [===================================               ] 148570112/209662099 bytes
Download progress: [===================================               ] 148602880/209662099 bytes
Download progress: [===================================               ] 148635648/209662099 bytes
Download progress: [===================================               ] 148668416/209662099 bytes
Download progress: [===================================               ] 148701184/209662099 bytes
Download progress: [===================================               ] 148733952/209662099 bytes
Download progress: [===================================               ] 148766720/209662099 bytes
Download progress: [===================================               ] 148799488/209662099 bytes
Download progress: [===================================               ] 148832256/209662099 bytes
Download progress: [===================================               ] 148865024/209662099 bytes
Download progress: [===================================               ] 148897792/209662099 bytes
Download progress: [===================================               ] 148930560/209662099 bytes
Download progress: [===================================               ] 148963328/209662099 bytes
Download progress: [===================================               ] 148996096/209662099 bytes
Download progress: [===================================               ] 149028864/209662099 bytes
Download progress: [===================================               ] 149061632/209662099 bytes
Download progress: [===================================               ] 149094400/209662099 bytes
Download progress: [===================================               ] 149127168/209662099 bytes
Download progress: [===================================               ] 149159936/209662099 bytes
Download progress: [===================================               ] 149192704/209662099 bytes
Download progress: [===================================               ] 149225472/209662099 bytes
Download progress: [===================================               ] 149258240/209662099 bytes
Download progress: [===================================               ] 149291008/209662099 bytes
Download progress: [===================================               ] 149323776/209662099 bytes
Download progress: [===================================               ] 149356544/209662099 bytes
Download progress: [===================================               ] 149389312/209662099 bytes
Download progress: [===================================               ] 149422080/209662099 bytes
Download progress: [===================================               ] 149454848/209662099 bytes
Download progress: [===================================               ] 149487616/209662099 bytes
Download progress: [===================================               ] 149520384/209662099 bytes
Download progress: [===================================               ] 149553152/209662099 bytes
Download progress: [===================================               ] 149585920/209662099 bytes
Download progress: [===================================               ] 149618688/209662099 bytes
Download progress: [===================================               ] 149651456/209662099 bytes
Download progress: [===================================               ] 149684224/209662099 bytes
Download progress: [===================================               ] 149716992/209662099 bytes
Download progress: [===================================               ] 149749760/209662099 bytes
Download progress: [===================================               ] 149782528/209662099 bytes
Download progress: [===================================               ] 149815296/209662099 bytes
Download progress: [===================================               ] 149848064/209662099 bytes
Download progress: [===================================               ] 149880832/209662099 bytes
Download progress: [===================================               ] 149913600/209662099 bytes
Download progress: [===================================               ] 149946368/209662099 bytes
Download progress: [===================================               ] 149979136/209662099 bytes
Download progress: [===================================               ] 150011904/209662099 bytes
Download progress: [===================================               ] 150044672/209662099 bytes
Download progress: [===================================               ] 150077440/209662099 bytes
Download progress: [===================================               ] 150110208/209662099 bytes
Download progress: [===================================               ] 150142976/209662099 bytes
Download progress: [===================================               ] 150175744/209662099 bytes
Download progress: [===================================               ] 150208512/209662099 bytes
Download progress: [===================================               ] 150241280/209662099 bytes
Download progress: [===================================               ] 150274048/209662099 bytes
Download progress: [===================================               ] 150306816/209662099 bytes
Download progress: [===================================               ] 150339584/209662099 bytes
Download progress: [===================================               ] 150372352/209662099 bytes
Download progress: [===================================               ] 150405120/209662099 bytes
Download progress: [===================================               ] 150437888/209662099 bytes
Download progress: [===================================               ] 150470656/209662099 bytes
Download progress: [===================================               ] 150503424/209662099 bytes
Download progress: [===================================               ] 150536192/209662099 bytes
Download progress: [===================================               ] 150568960/209662099 bytes
Download progress: [===================================               ] 150601728/209662099 bytes
Download progress: [===================================               ] 150634496/209662099 bytes
Download progress: [===================================               ] 150667264/209662099 bytes
Download progress: [===================================               ] 150700032/209662099 bytes
Download progress: [===================================               ] 150732800/209662099 bytes
Download progress: [===================================               ] 150765568/209662099 bytes
Download progress: [===================================               ] 150798336/209662099 bytes
Download progress: [===================================               ] 150831104/209662099 bytes
Download progress: [===================================               ] 150863872/209662099 bytes
Download progress: [===================================               ] 150896640/209662099 bytes
Download progress: [===================================               ] 150929408/209662099 bytes
Download progress: [====================================              ] 150962176/209662099 bytes
Download progress: [====================================              ] 150994944/209662099 bytes
Download progress: [====================================              ] 151027712/209662099 bytes
Download progress: [====================================              ] 151060480/209662099 bytes
Download progress: [====================================              ] 151093248/209662099 bytes
Download progress: [====================================              ] 151126016/209662099 bytes
Download progress: [====================================              ] 151158784/209662099 bytes
Download progress: [====================================              ] 151191552/209662099 bytes
Download progress: [====================================              ] 151224320/209662099 bytes
Download progress: [====================================              ] 151257088/209662099 bytes
Download progress: [====================================              ] 151289856/209662099 bytes
Download progress: [====================================              ] 151322624/209662099 bytes
Download progress: [====================================              ] 151355392/209662099 bytes
Download progress: [====================================              ] 151388160/209662099 bytes
Download progress: [====================================              ] 151420928/209662099 bytes
Download progress: [====================================              ] 151453696/209662099 bytes
Download progress: [====================================              ] 151486464/209662099 bytes
Download progress: [====================================              ] 151519232/209662099 bytes
Download progress: [====================================              ] 151552000/209662099 bytes
Download progress: [====================================              ] 151584768/209662099 bytes
Download progress: [====================================              ] 151617536/209662099 bytes
Download progress: [====================================              ] 151650304/209662099 bytes
Download progress: [====================================              ] 151683072/209662099 bytes
Download progress: [====================================              ] 151715840/209662099 bytes
Download progress: [====================================              ] 151748608/209662099 bytes
Download progress: [====================================              ] 151781376/209662099 bytes
Download progress: [====================================              ] 151814144/209662099 bytes
Download progress: [====================================              ] 151846912/209662099 bytes
Download progress: [====================================              ] 151879680/209662099 bytes
Download progress: [====================================              ] 151912448/209662099 bytes
Download progress: [====================================              ] 151945216/209662099 bytes
Download progress: [====================================              ] 151977984/209662099 bytes
Download progress: [====================================              ] 152010752/209662099 bytes
Download progress: [====================================              ] 152043520/209662099 bytes
Download progress: [====================================              ] 152076288/209662099 bytes
Download progress: [====================================              ] 152109056/209662099 bytes
Download progress: [====================================              ] 152141824/209662099 bytes
Download progress: [====================================              ] 152174592/209662099 bytes
Download progress: [====================================              ] 152207360/209662099 bytes
Download progress: [====================================              ] 152240128/209662099 bytes
Download progress: [====================================              ] 152272896/209662099 bytes
Download progress: [====================================              ] 152305664/209662099 bytes
Download progress: [====================================              ] 152338432/209662099 bytes
Download progress: [====================================              ] 152371200/209662099 bytes
Download progress: [====================================              ] 152403968/209662099 bytes
Download progress: [====================================              ] 152436736/209662099 bytes
Download progress: [====================================              ] 152469504/209662099 bytes
Download progress: [====================================              ] 152502272/209662099 bytes
Download progress: [====================================              ] 152535040/209662099 bytes
Download progress: [====================================              ] 152567808/209662099 bytes
Download progress: [====================================              ] 152600576/209662099 bytes
Download progress: [====================================              ] 152633344/209662099 bytes
Download progress: [====================================              ] 152666112/209662099 bytes
Download progress: [====================================              ] 152698880/209662099 bytes
Download progress: [====================================              ] 152731648/209662099 bytes
Download progress: [====================================              ] 152764416/209662099 bytes
Download progress: [====================================              ] 152797184/209662099 bytes
Download progress: [====================================              ] 152829952/209662099 bytes
Download progress: [====================================              ] 152862720/209662099 bytes
Download progress: [====================================              ] 152895488/209662099 bytes
Download progress: [====================================              ] 152928256/209662099 bytes
Download progress: [====================================              ] 152961024/209662099 bytes
Download progress: [====================================              ] 152993792/209662099 bytes
Download progress: [====================================              ] 153026560/209662099 bytes
Download progress: [====================================              ] 153059328/209662099 bytes
Download progress: [====================================              ] 153092096/209662099 bytes
Download progress: [====================================              ] 153124864/209662099 bytes
Download progress: [====================================              ] 153157632/209662099 bytes
Download progress: [====================================              ] 153190400/209662099 bytes
Download progress: [====================================              ] 153223168/209662099 bytes
Download progress: [====================================              ] 153255936/209662099 bytes
Download progress: [====================================              ] 153288704/209662099 bytes
Download progress: [====================================              ] 153321472/209662099 bytes
Download progress: [====================================              ] 153354240/209662099 bytes
Download progress: [====================================              ] 153387008/209662099 bytes
Download progress: [====================================              ] 153419776/209662099 bytes
Download progress: [====================================              ] 153452544/209662099 bytes
Download progress: [====================================              ] 153485312/209662099 bytes
Download progress: [====================================              ] 153518080/209662099 bytes
Download progress: [====================================              ] 153550848/209662099 bytes
Download progress: [====================================              ] 153583616/209662099 bytes
Download progress: [====================================              ] 153616384/209662099 bytes
Download progress: [====================================              ] 153649152/209662099 bytes
Download progress: [====================================              ] 153681920/209662099 bytes
Download progress: [====================================              ] 153714688/209662099 bytes
Download progress: [====================================              ] 153747456/209662099 bytes
Download progress: [====================================              ] 153780224/209662099 bytes
Download progress: [====================================              ] 153812992/209662099 bytes
Download progress: [====================================              ] 153845760/209662099 bytes
Download progress: [====================================              ] 153878528/209662099 bytes
Download progress: [====================================              ] 153911296/209662099 bytes
Download progress: [====================================              ] 153944064/209662099 bytes
Download progress: [====================================              ] 153976832/209662099 bytes
Download progress: [====================================              ] 154009600/209662099 bytes
Download progress: [====================================              ] 154042368/209662099 bytes
Download progress: [====================================              ] 154075136/209662099 bytes
Download progress: [====================================              ] 154107904/209662099 bytes
Download progress: [====================================              ] 154140672/209662099 bytes
Download progress: [====================================              ] 154173440/209662099 bytes
Download progress: [====================================              ] 154206208/209662099 bytes
Download progress: [====================================              ] 154238976/209662099 bytes
Download progress: [====================================              ] 154271744/209662099 bytes
Download progress: [====================================              ] 154304512/209662099 bytes
Download progress: [====================================              ] 154337280/209662099 bytes
Download progress: [====================================              ] 154370048/209662099 bytes
Download progress: [====================================              ] 154402816/209662099 bytes
Download progress: [====================================              ] 154435584/209662099 bytes
Download progress: [====================================              ] 154468352/209662099 bytes
Download progress: [====================================              ] 154501120/209662099 bytes
Download progress: [====================================              ] 154533888/209662099 bytes
Download progress: [====================================              ] 154566656/209662099 bytes
Download progress: [====================================              ] 154599424/209662099 bytes
Download progress: [====================================              ] 154632192/209662099 bytes
Download progress: [====================================              ] 154664960/209662099 bytes
Download progress: [====================================              ] 154697728/209662099 bytes
Download progress: [====================================              ] 154730496/209662099 bytes
Download progress: [====================================              ] 154763264/209662099 bytes
Download progress: [====================================              ] 154796032/209662099 bytes
Download progress: [====================================              ] 154828800/209662099 bytes
Download progress: [====================================              ] 154861568/209662099 bytes
Download progress: [====================================              ] 154894336/209662099 bytes
Download progress: [====================================              ] 154927104/209662099 bytes
Download progress: [====================================              ] 154959872/209662099 bytes
Download progress: [====================================              ] 154992640/209662099 bytes
Download progress: [====================================              ] 155025408/209662099 bytes
Download progress: [====================================              ] 155058176/209662099 bytes
Download progress: [====================================              ] 155090944/209662099 bytes
Download progress: [====================================              ] 155123712/209662099 bytes
Download progress: [=====================================             ] 155156480/209662099 bytes
Download progress: [=====================================             ] 155189248/209662099 bytes
Download progress: [=====================================             ] 155222016/209662099 bytes
Download progress: [=====================================             ] 155254784/209662099 bytes
Download progress: [=====================================             ] 155287552/209662099 bytes
Download progress: [=====================================             ] 155320320/209662099 bytes
Download progress: [=====================================             ] 155353088/209662099 bytes
Download progress: [=====================================             ] 155385856/209662099 bytes
Download progress: [=====================================             ] 155418624/209662099 bytes
Download progress: [=====================================             ] 155451392/209662099 bytes
Download progress: [=====================================             ] 155484160/209662099 bytes
Download progress: [=====================================             ] 155516928/209662099 bytes
Download progress: [=====================================             ] 155549696/209662099 bytes
Download progress: [=====================================             ] 155582464/209662099 bytes
Download progress: [=====================================             ] 155615232/209662099 bytes
Download progress: [=====================================             ] 155648000/209662099 bytes
Download progress: [=====================================             ] 155680768/209662099 bytes
Download progress: [=====================================             ] 155713536/209662099 bytes
Download progress: [=====================================             ] 155746304/209662099 bytes
Download progress: [=====================================             ] 155779072/209662099 bytes
Download progress: [=====================================             ] 155811840/209662099 bytes
Download progress: [=====================================             ] 155844608/209662099 bytes
Download progress: [=====================================             ] 155877376/209662099 bytes
Download progress: [=====================================             ] 155910144/209662099 bytes
Download progress: [=====================================             ] 155942912/209662099 bytes
Download progress: [=====================================             ] 155975680/209662099 bytes
Download progress: [=====================================             ] 156008448/209662099 bytes
Download progress: [=====================================             ] 156041216/209662099 bytes
Download progress: [=====================================             ] 156073984/209662099 bytes
Download progress: [=====================================             ] 156106752/209662099 bytes
Download progress: [=====================================             ] 156139520/209662099 bytes
Download progress: [=====================================             ] 156172288/209662099 bytes
Download progress: [=====================================             ] 156205056/209662099 bytes
Download progress: [=====================================             ] 156237824/209662099 bytes
Download progress: [=====================================             ] 156270592/209662099 bytes
Download progress: [=====================================             ] 156303360/209662099 bytes
Download progress: [=====================================             ] 156336128/209662099 bytes
Download progress: [=====================================             ] 156368896/209662099 bytes
Download progress: [=====================================             ] 156401664/209662099 bytes
Download progress: [=====================================             ] 156434432/209662099 bytes
Download progress: [=====================================             ] 156467200/209662099 bytes
Download progress: [=====================================             ] 156499968/209662099 bytes
Download progress: [=====================================             ] 156532736/209662099 bytes
Download progress: [=====================================             ] 156565504/209662099 bytes
Download progress: [=====================================             ] 156598272/209662099 bytes
Download progress: [=====================================             ] 156631040/209662099 bytes
Download progress: [=====================================             ] 156663808/209662099 bytes
Download progress: [=====================================             ] 156696576/209662099 bytes
Download progress: [=====================================             ] 156729344/209662099 bytes
Download progress: [=====================================             ] 156762112/209662099 bytes
Download progress: [=====================================             ] 156794880/209662099 bytes
Download progress: [=====================================             ] 156827648/209662099 bytes
Download progress: [=====================================             ] 156860416/209662099 bytes
Download progress: [=====================================             ] 156893184/209662099 bytes
Download progress: [=====================================             ] 156925952/209662099 bytes
Download progress: [=====================================             ] 156958720/209662099 bytes
Download progress: [=====================================             ] 156991488/209662099 bytes
Download progress: [=====================================             ] 157024256/209662099 bytes
Download progress: [=====================================             ] 157057024/209662099 bytes
Download progress: [=====================================             ] 157089792/209662099 bytes
Download progress: [=====================================             ] 157122560/209662099 bytes
Download progress: [=====================================             ] 157155328/209662099 bytes
Download progress: [=====================================             ] 157188096/209662099 bytes
Download progress: [=====================================             ] 157220864/209662099 bytes
Download progress: [=====================================             ] 157253632/209662099 bytes
Download progress: [=====================================             ] 157286400/209662099 bytes
Download progress: [=====================================             ] 157319168/209662099 bytes
Download progress: [=====================================             ] 157351936/209662099 bytes
Download progress: [=====================================             ] 157384704/209662099 bytes
Download progress: [=====================================             ] 157417472/209662099 bytes
Download progress: [=====================================             ] 157450240/209662099 bytes
Download progress: [=====================================             ] 157483008/209662099 bytes
Download progress: [=====================================             ] 157515776/209662099 bytes
Download progress: [=====================================             ] 157548544/209662099 bytes
Download progress: [=====================================             ] 157581312/209662099 bytes
Download progress: [=====================================             ] 157614080/209662099 bytes
Download progress: [=====================================             ] 157646848/209662099 bytes
Download progress: [=====================================             ] 157679616/209662099 bytes
Download progress: [=====================================             ] 157712384/209662099 bytes
Download progress: [=====================================             ] 157745152/209662099 bytes
Download progress: [=====================================             ] 157777920/209662099 bytes
Download progress: [=====================================             ] 157810688/209662099 bytes
Download progress: [=====================================             ] 157843456/209662099 bytes
Download progress: [=====================================             ] 157876224/209662099 bytes
Download progress: [=====================================             ] 157908992/209662099 bytes
Download progress: [=====================================             ] 157941760/209662099 bytes
Download progress: [=====================================             ] 157974528/209662099 bytes
Download progress: [=====================================             ] 158007296/209662099 bytes
Download progress: [=====================================             ] 158040064/209662099 bytes
Download progress: [=====================================             ] 158072832/209662099 bytes
Download progress: [=====================================             ] 158105600/209662099 bytes
Download progress: [=====================================             ] 158138368/209662099 bytes
Download progress: [=====================================             ] 158171136/209662099 bytes
Download progress: [=====================================             ] 158203904/209662099 bytes
Download progress: [=====================================             ] 158236672/209662099 bytes
Download progress: [=====================================             ] 158269440/209662099 bytes
Download progress: [=====================================             ] 158302208/209662099 bytes
Download progress: [=====================================             ] 158334976/209662099 bytes
Download progress: [=====================================             ] 158367744/209662099 bytes
Download progress: [=====================================             ] 158400512/209662099 bytes
Download progress: [=====================================             ] 158433280/209662099 bytes
Download progress: [=====================================             ] 158466048/209662099 bytes
Download progress: [=====================================             ] 158498816/209662099 bytes
Download progress: [=====================================             ] 158531584/209662099 bytes
Download progress: [=====================================             ] 158564352/209662099 bytes
Download progress: [=====================================             ] 158597120/209662099 bytes
Download progress: [=====================================             ] 158629888/209662099 bytes
Download progress: [=====================================             ] 158662656/209662099 bytes
Download progress: [=====================================             ] 158695424/209662099 bytes
Download progress: [=====================================             ] 158728192/209662099 bytes
Download progress: [=====================================             ] 158760960/209662099 bytes
Download progress: [=====================================             ] 158793728/209662099 bytes
Download progress: [=====================================             ] 158826496/209662099 bytes
Download progress: [=====================================             ] 158859264/209662099 bytes
Download progress: [=====================================             ] 158892032/209662099 bytes
Download progress: [=====================================             ] 158924800/209662099 bytes
Download progress: [=====================================             ] 158957568/209662099 bytes
Download progress: [=====================================             ] 158990336/209662099 bytes
Download progress: [=====================================             ] 159023104/209662099 bytes
Download progress: [=====================================             ] 159055872/209662099 bytes
Download progress: [=====================================             ] 159088640/209662099 bytes
Download progress: [=====================================             ] 159121408/209662099 bytes
Download progress: [=====================================             ] 159154176/209662099 bytes
Download progress: [=====================================             ] 159186944/209662099 bytes
Download progress: [=====================================             ] 159219712/209662099 bytes
Download progress: [=====================================             ] 159252480/209662099 bytes
Download progress: [=====================================             ] 159285248/209662099 bytes
Download progress: [=====================================             ] 159318016/209662099 bytes
Download progress: [======================================            ] 159350784/209662099 bytes
Download progress: [======================================            ] 159383552/209662099 bytes
Download progress: [======================================            ] 159416320/209662099 bytes
Download progress: [======================================            ] 159449088/209662099 bytes
Download progress: [======================================            ] 159481856/209662099 bytes
Download progress: [======================================            ] 159514624/209662099 bytes
Download progress: [======================================            ] 159547392/209662099 bytes
Download progress: [======================================            ] 159580160/209662099 bytes
Download progress: [======================================            ] 159612928/209662099 bytes
Download progress: [======================================            ] 159645696/209662099 bytes
Download progress: [======================================            ] 159678464/209662099 bytes
Download progress: [======================================            ] 159711232/209662099 bytes
Download progress: [======================================            ] 159744000/209662099 bytes
Download progress: [======================================            ] 159776768/209662099 bytes
Download progress: [======================================            ] 159809536/209662099 bytes
Download progress: [======================================            ] 159842304/209662099 bytes
Download progress: [======================================            ] 159875072/209662099 bytes
Download progress: [======================================            ] 159907840/209662099 bytes
Download progress: [======================================            ] 159940608/209662099 bytes
Download progress: [======================================            ] 159973376/209662099 bytes
Download progress: [======================================            ] 160006144/209662099 bytes
Download progress: [======================================            ] 160038912/209662099 bytes
Download progress: [======================================            ] 160071680/209662099 bytes
Download progress: [======================================            ] 160104448/209662099 bytes
Download progress: [======================================            ] 160137216/209662099 bytes
Download progress: [======================================            ] 160169984/209662099 bytes
Download progress: [======================================            ] 160202752/209662099 bytes
Download progress: [======================================            ] 160235520/209662099 bytes
Download progress: [======================================            ] 160268288/209662099 bytes
Download progress: [======================================            ] 160301056/209662099 bytes
Download progress: [======================================            ] 160333824/209662099 bytes
Download progress: [======================================            ] 160366592/209662099 bytes
Download progress: [======================================            ] 160399360/209662099 bytes
Download progress: [======================================            ] 160432128/209662099 bytes
Download progress: [======================================            ] 160464896/209662099 bytes
Download progress: [======================================            ] 160497664/209662099 bytes
Download progress: [======================================            ] 160530432/209662099 bytes
Download progress: [======================================            ] 160563200/209662099 bytes
Download progress: [======================================            ] 160595968/209662099 bytes
Download progress: [======================================            ] 160628736/209662099 bytes
Download progress: [======================================            ] 160661504/209662099 bytes
Download progress: [======================================            ] 160694272/209662099 bytes
Download progress: [======================================            ] 160727040/209662099 bytes
Download progress: [======================================            ] 160759808/209662099 bytes
Download progress: [======================================            ] 160792576/209662099 bytes
Download progress: [======================================            ] 160825344/209662099 bytes
Download progress: [======================================            ] 160858112/209662099 bytes
Download progress: [======================================            ] 160890880/209662099 bytes
Download progress: [======================================            ] 160923648/209662099 bytes
Download progress: [======================================            ] 160956416/209662099 bytes
Download progress: [======================================            ] 160989184/209662099 bytes
Download progress: [======================================            ] 161021952/209662099 bytes
Download progress: [======================================            ] 161054720/209662099 bytes
Download progress: [======================================            ] 161087488/209662099 bytes
Download progress: [======================================            ] 161120256/209662099 bytes
Download progress: [======================================            ] 161153024/209662099 bytes
Download progress: [======================================            ] 161185792/209662099 bytes
Download progress: [======================================            ] 161218560/209662099 bytes
Download progress: [======================================            ] 161251328/209662099 bytes
Download progress: [======================================            ] 161284096/209662099 bytes
Download progress: [======================================            ] 161316864/209662099 bytes
Download progress: [======================================            ] 161349632/209662099 bytes
Download progress: [======================================            ] 161382400/209662099 bytes
Download progress: [======================================            ] 161415168/209662099 bytes
Download progress: [======================================            ] 161447936/209662099 bytes
Download progress: [======================================            ] 161480704/209662099 bytes
Download progress: [======================================            ] 161513472/209662099 bytes
Download progress: [======================================            ] 161546240/209662099 bytes
Download progress: [======================================            ] 161579008/209662099 bytes
Download progress: [======================================            ] 161611776/209662099 bytes
Download progress: [======================================            ] 161644544/209662099 bytes
Download progress: [======================================            ] 161677312/209662099 bytes
Download progress: [======================================            ] 161710080/209662099 bytes
Download progress: [======================================            ] 161742848/209662099 bytes
Download progress: [======================================            ] 161775616/209662099 bytes
Download progress: [======================================            ] 161808384/209662099 bytes
Download progress: [======================================            ] 161841152/209662099 bytes
Download progress: [======================================            ] 161873920/209662099 bytes
Download progress: [======================================            ] 161906688/209662099 bytes
Download progress: [======================================            ] 161939456/209662099 bytes
Download progress: [======================================            ] 161972224/209662099 bytes
Download progress: [======================================            ] 162004992/209662099 bytes
Download progress: [======================================            ] 162037760/209662099 bytes
Download progress: [======================================            ] 162070528/209662099 bytes
Download progress: [======================================            ] 162103296/209662099 bytes
Download progress: [======================================            ] 162136064/209662099 bytes
Download progress: [======================================            ] 162168832/209662099 bytes
Download progress: [======================================            ] 162201600/209662099 bytes
Download progress: [======================================            ] 162234368/209662099 bytes
Download progress: [======================================            ] 162267136/209662099 bytes
Download progress: [======================================            ] 162299904/209662099 bytes
Download progress: [======================================            ] 162332672/209662099 bytes
Download progress: [======================================            ] 162365440/209662099 bytes
Download progress: [======================================            ] 162398208/209662099 bytes
Download progress: [======================================            ] 162430976/209662099 bytes
Download progress: [======================================            ] 162463744/209662099 bytes
Download progress: [======================================            ] 162496512/209662099 bytes
Download progress: [======================================            ] 162529280/209662099 bytes
Download progress: [======================================            ] 162562048/209662099 bytes
Download progress: [======================================            ] 162594816/209662099 bytes
Download progress: [======================================            ] 162627584/209662099 bytes
Download progress: [======================================            ] 162660352/209662099 bytes
Download progress: [======================================            ] 162693120/209662099 bytes
Download progress: [======================================            ] 162725888/209662099 bytes
Download progress: [======================================            ] 162758656/209662099 bytes
Download progress: [======================================            ] 162791424/209662099 bytes
Download progress: [======================================            ] 162824192/209662099 bytes
Download progress: [======================================            ] 162856960/209662099 bytes
Download progress: [======================================            ] 162889728/209662099 bytes
Download progress: [======================================            ] 162922496/209662099 bytes
Download progress: [======================================            ] 162955264/209662099 bytes
Download progress: [======================================            ] 162988032/209662099 bytes
Download progress: [======================================            ] 163020800/209662099 bytes
Download progress: [======================================            ] 163053568/209662099 bytes
Download progress: [======================================            ] 163086336/209662099 bytes
Download progress: [======================================            ] 163119104/209662099 bytes
Download progress: [======================================            ] 163151872/209662099 bytes
Download progress: [======================================            ] 163184640/209662099 bytes
Download progress: [======================================            ] 163217408/209662099 bytes
Download progress: [======================================            ] 163250176/209662099 bytes
Download progress: [======================================            ] 163282944/209662099 bytes
Download progress: [======================================            ] 163315712/209662099 bytes
Download progress: [======================================            ] 163348480/209662099 bytes
Download progress: [======================================            ] 163381248/209662099 bytes
Download progress: [======================================            ] 163414016/209662099 bytes
Download progress: [======================================            ] 163446784/209662099 bytes
Download progress: [======================================            ] 163479552/209662099 bytes
Download progress: [======================================            ] 163512320/209662099 bytes
Download progress: [=======================================           ] 163545088/209662099 bytes
Download progress: [=======================================           ] 163577856/209662099 bytes
Download progress: [=======================================           ] 163610624/209662099 bytes
Download progress: [=======================================           ] 163643392/209662099 bytes
Download progress: [=======================================           ] 163676160/209662099 bytes
Download progress: [=======================================           ] 163708928/209662099 bytes
Download progress: [=======================================           ] 163741696/209662099 bytes
Download progress: [=======================================           ] 163774464/209662099 bytes
Download progress: [=======================================           ] 163807232/209662099 bytes
Download progress: [=======================================           ] 163840000/209662099 bytes
Download progress: [=======================================           ] 163872768/209662099 bytes
Download progress: [=======================================           ] 163905536/209662099 bytes
Download progress: [=======================================           ] 163938304/209662099 bytes
Download progress: [=======================================           ] 163971072/209662099 bytes
Download progress: [=======================================           ] 164003840/209662099 bytes
Download progress: [=======================================           ] 164036608/209662099 bytes
Download progress: [=======================================           ] 164069376/209662099 bytes
Download progress: [=======================================           ] 164102144/209662099 bytes
Download progress: [=======================================           ] 164134912/209662099 bytes
Download progress: [=======================================           ] 164167680/209662099 bytes
Download progress: [=======================================           ] 164200448/209662099 bytes
Download progress: [=======================================           ] 164233216/209662099 bytes
Download progress: [=======================================           ] 164265984/209662099 bytes
Download progress: [=======================================           ] 164298752/209662099 bytes
Download progress: [=======================================           ] 164331520/209662099 bytes
Download progress: [=======================================           ] 164364288/209662099 bytes
Download progress: [=======================================           ] 164397056/209662099 bytes
Download progress: [=======================================           ] 164429824/209662099 bytes
Download progress: [=======================================           ] 164462592/209662099 bytes
Download progress: [=======================================           ] 164495360/209662099 bytes
Download progress: [=======================================           ] 164528128/209662099 bytes
Download progress: [=======================================           ] 164560896/209662099 bytes
Download progress: [=======================================           ] 164593664/209662099 bytes
Download progress: [=======================================           ] 164626432/209662099 bytes
Download progress: [=======================================           ] 164659200/209662099 bytes
Download progress: [=======================================           ] 164691968/209662099 bytes
Download progress: [=======================================           ] 164724736/209662099 bytes
Download progress: [=======================================           ] 164757504/209662099 bytes
Download progress: [=======================================           ] 164790272/209662099 bytes
Download progress: [=======================================           ] 164823040/209662099 bytes
Download progress: [=======================================           ] 164855808/209662099 bytes
Download progress: [=======================================           ] 164888576/209662099 bytes
Download progress: [=======================================           ] 164921344/209662099 bytes
Download progress: [=======================================           ] 164954112/209662099 bytes
Download progress: [=======================================           ] 164986880/209662099 bytes
Download progress: [=======================================           ] 165019648/209662099 bytes
Download progress: [=======================================           ] 165052416/209662099 bytes
Download progress: [=======================================           ] 165085184/209662099 bytes
Download progress: [=======================================           ] 165117952/209662099 bytes
Download progress: [=======================================           ] 165150720/209662099 bytes
Download progress: [=======================================           ] 165183488/209662099 bytes
Download progress: [=======================================           ] 165216256/209662099 bytes
Download progress: [=======================================           ] 165249024/209662099 bytes
Download progress: [=======================================           ] 165281792/209662099 bytes
Download progress: [=======================================           ] 165314560/209662099 bytes
Download progress: [=======================================           ] 165347328/209662099 bytes
Download progress: [=======================================           ] 165380096/209662099 bytes
Download progress: [=======================================           ] 165412864/209662099 bytes
Download progress: [=======================================           ] 165445632/209662099 bytes
Download progress: [=======================================           ] 165478400/209662099 bytes
Download progress: [=======================================           ] 165511168/209662099 bytes
Download progress: [=======================================           ] 165543936/209662099 bytes
Download progress: [=======================================           ] 165576704/209662099 bytes
Download progress: [=======================================           ] 165609472/209662099 bytes
Download progress: [=======================================           ] 165642240/209662099 bytes
Download progress: [=======================================           ] 165675008/209662099 bytes
Download progress: [=======================================           ] 165707776/209662099 bytes
Download progress: [=======================================           ] 165740544/209662099 bytes
Download progress: [=======================================           ] 165773312/209662099 bytes
Download progress: [=======================================           ] 165806080/209662099 bytes
Download progress: [=======================================           ] 165838848/209662099 bytes
Download progress: [=======================================           ] 165871616/209662099 bytes
Download progress: [=======================================           ] 165904384/209662099 bytes
Download progress: [=======================================           ] 165937152/209662099 bytes
Download progress: [=======================================           ] 165969920/209662099 bytes
Download progress: [=======================================           ] 166002688/209662099 bytes
Download progress: [=======================================           ] 166035456/209662099 bytes
Download progress: [=======================================           ] 166068224/209662099 bytes
Download progress: [=======================================           ] 166100992/209662099 bytes
Download progress: [=======================================           ] 166133760/209662099 bytes
Download progress: [=======================================           ] 166166528/209662099 bytes
Download progress: [=======================================           ] 166199296/209662099 bytes
Download progress: [=======================================           ] 166232064/209662099 bytes
Download progress: [=======================================           ] 166264832/209662099 bytes
Download progress: [=======================================           ] 166297600/209662099 bytes
Download progress: [=======================================           ] 166330368/209662099 bytes
Download progress: [=======================================           ] 166363136/209662099 bytes
Download progress: [=======================================           ] 166395904/209662099 bytes
Download progress: [=======================================           ] 166428672/209662099 bytes
Download progress: [=======================================           ] 166461440/209662099 bytes
Download progress: [=======================================           ] 166494208/209662099 bytes
Download progress: [=======================================           ] 166526976/209662099 bytes
Download progress: [=======================================           ] 166559744/209662099 bytes
Download progress: [=======================================           ] 166592512/209662099 bytes
Download progress: [=======================================           ] 166625280/209662099 bytes
Download progress: [=======================================           ] 166658048/209662099 bytes
Download progress: [=======================================           ] 166690816/209662099 bytes
Download progress: [=======================================           ] 166723584/209662099 bytes
Download progress: [=======================================           ] 166756352/209662099 bytes
Download progress: [=======================================           ] 166789120/209662099 bytes
Download progress: [=======================================           ] 166821888/209662099 bytes
Download progress: [=======================================           ] 166854656/209662099 bytes
Download progress: [=======================================           ] 166887424/209662099 bytes
Download progress: [=======================================           ] 166920192/209662099 bytes
Download progress: [=======================================           ] 166952960/209662099 bytes
Download progress: [=======================================           ] 166985728/209662099 bytes
Download progress: [=======================================           ] 167018496/209662099 bytes
Download progress: [=======================================           ] 167051264/209662099 bytes
Download progress: [=======================================           ] 167084032/209662099 bytes
Download progress: [=======================================           ] 167116800/209662099 bytes
Download progress: [=======================================           ] 167149568/209662099 bytes
Download progress: [=======================================           ] 167182336/209662099 bytes
Download progress: [=======================================           ] 167215104/209662099 bytes
Download progress: [=======================================           ] 167247872/209662099 bytes
Download progress: [=======================================           ] 167280640/209662099 bytes
Download progress: [=======================================           ] 167313408/209662099 bytes
Download progress: [=======================================           ] 167346176/209662099 bytes
Download progress: [=======================================           ] 167378944/209662099 bytes
Download progress: [=======================================           ] 167411712/209662099 bytes
Download progress: [=======================================           ] 167444480/209662099 bytes
Download progress: [=======================================           ] 167477248/209662099 bytes
Download progress: [=======================================           ] 167510016/209662099 bytes
Download progress: [=======================================           ] 167542784/209662099 bytes
Download progress: [=======================================           ] 167575552/209662099 bytes
Download progress: [=======================================           ] 167608320/209662099 bytes
Download progress: [=======================================           ] 167641088/209662099 bytes
Download progress: [=======================================           ] 167673856/209662099 bytes
Download progress: [=======================================           ] 167706624/209662099 bytes
Download progress: [========================================          ] 167739392/209662099 bytes
Download progress: [========================================          ] 167772160/209662099 bytes
Download progress: [========================================          ] 167804928/209662099 bytes
Download progress: [========================================          ] 167837696/209662099 bytes
Download progress: [========================================          ] 167870464/209662099 bytes
Download progress: [========================================          ] 167903232/209662099 bytes
Download progress: [========================================          ] 167936000/209662099 bytes
Download progress: [========================================          ] 167968768/209662099 bytes
Download progress: [========================================          ] 168001536/209662099 bytes
Download progress: [========================================          ] 168034304/209662099 bytes
Download progress: [========================================          ] 168067072/209662099 bytes
Download progress: [========================================          ] 168099840/209662099 bytes
Download progress: [========================================          ] 168132608/209662099 bytes
Download progress: [========================================          ] 168165376/209662099 bytes
Download progress: [========================================          ] 168198144/209662099 bytes
Download progress: [========================================          ] 168230912/209662099 bytes
Download progress: [========================================          ] 168263680/209662099 bytes
Download progress: [========================================          ] 168296448/209662099 bytes
Download progress: [========================================          ] 168329216/209662099 bytes
Download progress: [========================================          ] 168361984/209662099 bytes
Download progress: [========================================          ] 168394752/209662099 bytes
Download progress: [========================================          ] 168427520/209662099 bytes
Download progress: [========================================          ] 168460288/209662099 bytes
Download progress: [========================================          ] 168493056/209662099 bytes
Download progress: [========================================          ] 168525824/209662099 bytes
Download progress: [========================================          ] 168558592/209662099 bytes
Download progress: [========================================          ] 168591360/209662099 bytes
Download progress: [========================================          ] 168624128/209662099 bytes
Download progress: [========================================          ] 168656896/209662099 bytes
Download progress: [========================================          ] 168689664/209662099 bytes
Download progress: [========================================          ] 168722432/209662099 bytes
Download progress: [========================================          ] 168755200/209662099 bytes
Download progress: [========================================          ] 168787968/209662099 bytes
Download progress: [========================================          ] 168820736/209662099 bytes
Download progress: [========================================          ] 168853504/209662099 bytes
Download progress: [========================================          ] 168886272/209662099 bytes
Download progress: [========================================          ] 168919040/209662099 bytes
Download progress: [========================================          ] 168951808/209662099 bytes
Download progress: [========================================          ] 168984576/209662099 bytes
Download progress: [========================================          ] 169017344/209662099 bytes
Download progress: [========================================          ] 169050112/209662099 bytes
Download progress: [========================================          ] 169082880/209662099 bytes
Download progress: [========================================          ] 169115648/209662099 bytes
Download progress: [========================================          ] 169148416/209662099 bytes
Download progress: [========================================          ] 169181184/209662099 bytes
Download progress: [========================================          ] 169213952/209662099 bytes
Download progress: [========================================          ] 169246720/209662099 bytes
Download progress: [========================================          ] 169279488/209662099 bytes
Download progress: [========================================          ] 169312256/209662099 bytes
Download progress: [========================================          ] 169345024/209662099 bytes
Download progress: [========================================          ] 169377792/209662099 bytes
Download progress: [========================================          ] 169410560/209662099 bytes
Download progress: [========================================          ] 169443328/209662099 bytes
Download progress: [========================================          ] 169476096/209662099 bytes
Download progress: [========================================          ] 169508864/209662099 bytes
Download progress: [========================================          ] 169541632/209662099 bytes
Download progress: [========================================          ] 169574400/209662099 bytes
Download progress: [========================================          ] 169607168/209662099 bytes
Download progress: [========================================          ] 169639936/209662099 bytes
Download progress: [========================================          ] 169672704/209662099 bytes
Download progress: [========================================          ] 169705472/209662099 bytes
Download progress: [========================================          ] 169738240/209662099 bytes
Download progress: [========================================          ] 169771008/209662099 bytes
Download progress: [========================================          ] 169803776/209662099 bytes
Download progress: [========================================          ] 169836544/209662099 bytes
Download progress: [========================================          ] 169869312/209662099 bytes
Download progress: [========================================          ] 169902080/209662099 bytes
Download progress: [========================================          ] 169934848/209662099 bytes
Download progress: [========================================          ] 169967616/209662099 bytes
Download progress: [========================================          ] 170000384/209662099 bytes
Download progress: [========================================          ] 170033152/209662099 bytes
Download progress: [========================================          ] 170065920/209662099 bytes
Download progress: [========================================          ] 170098688/209662099 bytes
Download progress: [========================================          ] 170131456/209662099 bytes
Download progress: [========================================          ] 170164224/209662099 bytes
Download progress: [========================================          ] 170196992/209662099 bytes
Download progress: [========================================          ] 170229760/209662099 bytes
Download progress: [========================================          ] 170262528/209662099 bytes
Download progress: [========================================          ] 170295296/209662099 bytes
Download progress: [========================================          ] 170328064/209662099 bytes
Download progress: [========================================          ] 170360832/209662099 bytes
Download progress: [========================================          ] 170393600/209662099 bytes
Download progress: [========================================          ] 170426368/209662099 bytes
Download progress: [========================================          ] 170459136/209662099 bytes
Download progress: [========================================          ] 170491904/209662099 bytes
Download progress: [========================================          ] 170524672/209662099 bytes
Download progress: [========================================          ] 170557440/209662099 bytes
Download progress: [========================================          ] 170590208/209662099 bytes
Download progress: [========================================          ] 170622976/209662099 bytes
Download progress: [========================================          ] 170655744/209662099 bytes
Download progress: [========================================          ] 170688512/209662099 bytes
Download progress: [========================================          ] 170721280/209662099 bytes
Download progress: [========================================          ] 170754048/209662099 bytes
Download progress: [========================================          ] 170786816/209662099 bytes
Download progress: [========================================          ] 170819584/209662099 bytes
Download progress: [========================================          ] 170852352/209662099 bytes
Download progress: [========================================          ] 170885120/209662099 bytes
Download progress: [========================================          ] 170917888/209662099 bytes
Download progress: [========================================          ] 170950656/209662099 bytes
Download progress: [========================================          ] 170983424/209662099 bytes
Download progress: [========================================          ] 171016192/209662099 bytes
Download progress: [========================================          ] 171048960/209662099 bytes
Download progress: [========================================          ] 171081728/209662099 bytes
Download progress: [========================================          ] 171114496/209662099 bytes
Download progress: [========================================          ] 171147264/209662099 bytes
Download progress: [========================================          ] 171180032/209662099 bytes
Download progress: [========================================          ] 171212800/209662099 bytes
Download progress: [========================================          ] 171245568/209662099 bytes
Download progress: [========================================          ] 171278336/209662099 bytes
Download progress: [========================================          ] 171311104/209662099 bytes
Download progress: [========================================          ] 171343872/209662099 bytes
Download progress: [========================================          ] 171376640/209662099 bytes
Download progress: [========================================          ] 171409408/209662099 bytes
Download progress: [========================================          ] 171442176/209662099 bytes
Download progress: [========================================          ] 171474944/209662099 bytes
Download progress: [========================================          ] 171507712/209662099 bytes
Download progress: [========================================          ] 171540480/209662099 bytes
Download progress: [========================================          ] 171573248/209662099 bytes
Download progress: [========================================          ] 171606016/209662099 bytes
Download progress: [========================================          ] 171638784/209662099 bytes
Download progress: [========================================          ] 171671552/209662099 bytes
Download progress: [========================================          ] 171704320/209662099 bytes
Download progress: [========================================          ] 171737088/209662099 bytes
Download progress: [========================================          ] 171769856/209662099 bytes
Download progress: [========================================          ] 171802624/209662099 bytes
Download progress: [========================================          ] 171835392/209662099 bytes
Download progress: [========================================          ] 171868160/209662099 bytes
Download progress: [========================================          ] 171900928/209662099 bytes
Download progress: [=========================================         ] 171933696/209662099 bytes
Download progress: [=========================================         ] 171966464/209662099 bytes
Download progress: [=========================================         ] 171999232/209662099 bytes
Download progress: [=========================================         ] 172032000/209662099 bytes
Download progress: [=========================================         ] 172064768/209662099 bytes
Download progress: [=========================================         ] 172097536/209662099 bytes
Download progress: [=========================================         ] 172130304/209662099 bytes
Download progress: [=========================================         ] 172163072/209662099 bytes
Download progress: [=========================================         ] 172195840/209662099 bytes
Download progress: [=========================================         ] 172228608/209662099 bytes
Download progress: [=========================================         ] 172261376/209662099 bytes
Download progress: [=========================================         ] 172294144/209662099 bytes
Download progress: [=========================================         ] 172326912/209662099 bytes
Download progress: [=========================================         ] 172359680/209662099 bytes
Download progress: [=========================================         ] 172392448/209662099 bytes
Download progress: [=========================================         ] 172425216/209662099 bytes
Download progress: [=========================================         ] 172457984/209662099 bytes
Download progress: [=========================================         ] 172490752/209662099 bytes
Download progress: [=========================================         ] 172523520/209662099 bytes
Download progress: [=========================================         ] 172556288/209662099 bytes
Download progress: [=========================================         ] 172589056/209662099 bytes
Download progress: [=========================================         ] 172621824/209662099 bytes
Download progress: [=========================================         ] 172654592/209662099 bytes
Download progress: [=========================================         ] 172687360/209662099 bytes
Download progress: [=========================================         ] 172720128/209662099 bytes
Download progress: [=========================================         ] 172752896/209662099 bytes
Download progress: [=========================================         ] 172785664/209662099 bytes
Download progress: [=========================================         ] 172818432/209662099 bytes
Download progress: [=========================================         ] 172851200/209662099 bytes
Download progress: [=========================================         ] 172883968/209662099 bytes
Download progress: [=========================================         ] 172916736/209662099 bytes
Download progress: [=========================================         ] 172949504/209662099 bytes
Download progress: [=========================================         ] 172982272/209662099 bytes
Download progress: [=========================================         ] 173015040/209662099 bytes
Download progress: [=========================================         ] 173047808/209662099 bytes
Download progress: [=========================================         ] 173080576/209662099 bytes
Download progress: [=========================================         ] 173113344/209662099 bytes
Download progress: [=========================================         ] 173146112/209662099 bytes
Download progress: [=========================================         ] 173178880/209662099 bytes
Download progress: [=========================================         ] 173211648/209662099 bytes
Download progress: [=========================================         ] 173244416/209662099 bytes
Download progress: [=========================================         ] 173277184/209662099 bytes
Download progress: [=========================================         ] 173309952/209662099 bytes
Download progress: [=========================================         ] 173342720/209662099 bytes
Download progress: [=========================================         ] 173375488/209662099 bytes
Download progress: [=========================================         ] 173408256/209662099 bytes
Download progress: [=========================================         ] 173441024/209662099 bytes
Download progress: [=========================================         ] 173473792/209662099 bytes
Download progress: [=========================================         ] 173506560/209662099 bytes
Download progress: [=========================================         ] 173539328/209662099 bytes
Download progress: [=========================================         ] 173572096/209662099 bytes
Download progress: [=========================================         ] 173604864/209662099 bytes
Download progress: [=========================================         ] 173637632/209662099 bytes
Download progress: [=========================================         ] 173670400/209662099 bytes
Download progress: [=========================================         ] 173703168/209662099 bytes
Download progress: [=========================================         ] 173735936/209662099 bytes
Download progress: [=========================================         ] 173768704/209662099 bytes
Download progress: [=========================================         ] 173801472/209662099 bytes
Download progress: [=========================================         ] 173834240/209662099 bytes
Download progress: [=========================================         ] 173867008/209662099 bytes
Download progress: [=========================================         ] 173899776/209662099 bytes
Download progress: [=========================================         ] 173932544/209662099 bytes
Download progress: [=========================================         ] 173965312/209662099 bytes
Download progress: [=========================================         ] 173998080/209662099 bytes
Download progress: [=========================================         ] 174030848/209662099 bytes
Download progress: [=========================================         ] 174063616/209662099 bytes
Download progress: [=========================================         ] 174096384/209662099 bytes
Download progress: [=========================================         ] 174129152/209662099 bytes
Download progress: [=========================================         ] 174161920/209662099 bytes
Download progress: [=========================================         ] 174194688/209662099 bytes
Download progress: [=========================================         ] 174227456/209662099 bytes
Download progress: [=========================================         ] 174260224/209662099 bytes
Download progress: [=========================================         ] 174292992/209662099 bytes
Download progress: [=========================================         ] 174325760/209662099 bytes
Download progress: [=========================================         ] 174358528/209662099 bytes
Download progress: [=========================================         ] 174391296/209662099 bytes
Download progress: [=========================================         ] 174424064/209662099 bytes
Download progress: [=========================================         ] 174456832/209662099 bytes
Download progress: [=========================================         ] 174489600/209662099 bytes
Download progress: [=========================================         ] 174522368/209662099 bytes
Download progress: [=========================================         ] 174555136/209662099 bytes
Download progress: [=========================================         ] 174587904/209662099 bytes
Download progress: [=========================================         ] 174620672/209662099 bytes
Download progress: [=========================================         ] 174653440/209662099 bytes
Download progress: [=========================================         ] 174686208/209662099 bytes
Download progress: [=========================================         ] 174718976/209662099 bytes
Download progress: [=========================================         ] 174751744/209662099 bytes
Download progress: [=========================================         ] 174784512/209662099 bytes
Download progress: [=========================================         ] 174817280/209662099 bytes
Download progress: [=========================================         ] 174850048/209662099 bytes
Download progress: [=========================================         ] 174882816/209662099 bytes
Download progress: [=========================================         ] 174915584/209662099 bytes
Download progress: [=========================================         ] 174948352/209662099 bytes
Download progress: [=========================================         ] 174981120/209662099 bytes
Download progress: [=========================================         ] 175013888/209662099 bytes
Download progress: [=========================================         ] 175046656/209662099 bytes
Download progress: [=========================================         ] 175079424/209662099 bytes
Download progress: [=========================================         ] 175112192/209662099 bytes
Download progress: [=========================================         ] 175144960/209662099 bytes
Download progress: [=========================================         ] 175177728/209662099 bytes
Download progress: [=========================================         ] 175210496/209662099 bytes
Download progress: [=========================================         ] 175243264/209662099 bytes
Download progress: [=========================================         ] 175276032/209662099 bytes
Download progress: [=========================================         ] 175308800/209662099 bytes
Download progress: [=========================================         ] 175341568/209662099 bytes
Download progress: [=========================================         ] 175374336/209662099 bytes
Download progress: [=========================================         ] 175407104/209662099 bytes
Download progress: [=========================================         ] 175439872/209662099 bytes
Download progress: [=========================================         ] 175472640/209662099 bytes
Download progress: [=========================================         ] 175505408/209662099 bytes
Download progress: [=========================================         ] 175538176/209662099 bytes
Download progress: [=========================================         ] 175570944/209662099 bytes
Download progress: [=========================================         ] 175603712/209662099 bytes
Download progress: [=========================================         ] 175636480/209662099 bytes
Download progress: [=========================================         ] 175669248/209662099 bytes
Download progress: [=========================================         ] 175702016/209662099 bytes
Download progress: [=========================================         ] 175734784/209662099 bytes
Download progress: [=========================================         ] 175767552/209662099 bytes
Download progress: [=========================================         ] 175800320/209662099 bytes
Download progress: [=========================================         ] 175833088/209662099 bytes
Download progress: [=========================================         ] 175865856/209662099 bytes
Download progress: [=========================================         ] 175898624/209662099 bytes
Download progress: [=========================================         ] 175931392/209662099 bytes
Download progress: [=========================================         ] 175964160/209662099 bytes
Download progress: [=========================================         ] 175996928/209662099 bytes
Download progress: [=========================================         ] 176029696/209662099 bytes
Download progress: [=========================================         ] 176062464/209662099 bytes
Download progress: [=========================================         ] 176095232/209662099 bytes
Download progress: [==========================================        ] 176128000/209662099 bytes
Download progress: [==========================================        ] 176160768/209662099 bytes
Download progress: [==========================================        ] 176193536/209662099 bytes
Download progress: [==========================================        ] 176226304/209662099 bytes
Download progress: [==========================================        ] 176259072/209662099 bytes
Download progress: [==========================================        ] 176291840/209662099 bytes
Download progress: [==========================================        ] 176324608/209662099 bytes
Download progress: [==========================================        ] 176357376/209662099 bytes
Download progress: [==========================================        ] 176390144/209662099 bytes
Download progress: [==========================================        ] 176422912/209662099 bytes
Download progress: [==========================================        ] 176455680/209662099 bytes
Download progress: [==========================================        ] 176488448/209662099 bytes
Download progress: [==========================================        ] 176521216/209662099 bytes
Download progress: [==========================================        ] 176553984/209662099 bytes
Download progress: [==========================================        ] 176586752/209662099 bytes
Download progress: [==========================================        ] 176619520/209662099 bytes
Download progress: [==========================================        ] 176652288/209662099 bytes
Download progress: [==========================================        ] 176685056/209662099 bytes
Download progress: [==========================================        ] 176717824/209662099 bytes
Download progress: [==========================================        ] 176750592/209662099 bytes
Download progress: [==========================================        ] 176783360/209662099 bytes
Download progress: [==========================================        ] 176816128/209662099 bytes
Download progress: [==========================================        ] 176848896/209662099 bytes
Download progress: [==========================================        ] 176881664/209662099 bytes
Download progress: [==========================================        ] 176914432/209662099 bytes
Download progress: [==========================================        ] 176947200/209662099 bytes
Download progress: [==========================================        ] 176979968/209662099 bytes
Download progress: [==========================================        ] 177012736/209662099 bytes
Download progress: [==========================================        ] 177045504/209662099 bytes
Download progress: [==========================================        ] 177078272/209662099 bytes
Download progress: [==========================================        ] 177111040/209662099 bytes
Download progress: [==========================================        ] 177143808/209662099 bytes
Download progress: [==========================================        ] 177176576/209662099 bytes
Download progress: [==========================================        ] 177209344/209662099 bytes
Download progress: [==========================================        ] 177242112/209662099 bytes
Download progress: [==========================================        ] 177274880/209662099 bytes
Download progress: [==========================================        ] 177307648/209662099 bytes
Download progress: [==========================================        ] 177340416/209662099 bytes
Download progress: [==========================================        ] 177373184/209662099 bytes
Download progress: [==========================================        ] 177405952/209662099 bytes
Download progress: [==========================================        ] 177438720/209662099 bytes
Download progress: [==========================================        ] 177471488/209662099 bytes
Download progress: [==========================================        ] 177504256/209662099 bytes
Download progress: [==========================================        ] 177537024/209662099 bytes
Download progress: [==========================================        ] 177569792/209662099 bytes
Download progress: [==========================================        ] 177602560/209662099 bytes
Download progress: [==========================================        ] 177635328/209662099 bytes
Download progress: [==========================================        ] 177668096/209662099 bytes
Download progress: [==========================================        ] 177700864/209662099 bytes
Download progress: [==========================================        ] 177733632/209662099 bytes
Download progress: [==========================================        ] 177766400/209662099 bytes
Download progress: [==========================================        ] 177799168/209662099 bytes
Download progress: [==========================================        ] 177831936/209662099 bytes
Download progress: [==========================================        ] 177864704/209662099 bytes
Download progress: [==========================================        ] 177897472/209662099 bytes
Download progress: [==========================================        ] 177930240/209662099 bytes
Download progress: [==========================================        ] 177963008/209662099 bytes
Download progress: [==========================================        ] 177995776/209662099 bytes
Download progress: [==========================================        ] 178028544/209662099 bytes
Download progress: [==========================================        ] 178061312/209662099 bytes
Download progress: [==========================================        ] 178094080/209662099 bytes
Download progress: [==========================================        ] 178126848/209662099 bytes
Download progress: [==========================================        ] 178159616/209662099 bytes
Download progress: [==========================================        ] 178192384/209662099 bytes
Download progress: [==========================================        ] 178225152/209662099 bytes
Download progress: [==========================================        ] 178257920/209662099 bytes
Download progress: [==========================================        ] 178290688/209662099 bytes
Download progress: [==========================================        ] 178323456/209662099 bytes
Download progress: [==========================================        ] 178356224/209662099 bytes
Download progress: [==========================================        ] 178388992/209662099 bytes
Download progress: [==========================================        ] 178421760/209662099 bytes
Download progress: [==========================================        ] 178454528/209662099 bytes
Download progress: [==========================================        ] 178487296/209662099 bytes
Download progress: [==========================================        ] 178520064/209662099 bytes
Download progress: [==========================================        ] 178552832/209662099 bytes
Download progress: [==========================================        ] 178585600/209662099 bytes
Download progress: [==========================================        ] 178618368/209662099 bytes
Download progress: [==========================================        ] 178651136/209662099 bytes
Download progress: [==========================================        ] 178683904/209662099 bytes
Download progress: [==========================================        ] 178716672/209662099 bytes
Download progress: [==========================================        ] 178749440/209662099 bytes
Download progress: [==========================================        ] 178782208/209662099 bytes
Download progress: [==========================================        ] 178814976/209662099 bytes
Download progress: [==========================================        ] 178847744/209662099 bytes
Download progress: [==========================================        ] 178880512/209662099 bytes
Download progress: [==========================================        ] 178913280/209662099 bytes
Download progress: [==========================================        ] 178946048/209662099 bytes
Download progress: [==========================================        ] 178978816/209662099 bytes
Download progress: [==========================================        ] 179011584/209662099 bytes
Download progress: [==========================================        ] 179044352/209662099 bytes
Download progress: [==========================================        ] 179077120/209662099 bytes
Download progress: [==========================================        ] 179109888/209662099 bytes
Download progress: [==========================================        ] 179142656/209662099 bytes
Download progress: [==========================================        ] 179175424/209662099 bytes
Download progress: [==========================================        ] 179208192/209662099 bytes
Download progress: [==========================================        ] 179240960/209662099 bytes
Download progress: [==========================================        ] 179273728/209662099 bytes
Download progress: [==========================================        ] 179306496/209662099 bytes
Download progress: [==========================================        ] 179339264/209662099 bytes
Download progress: [==========================================        ] 179372032/209662099 bytes
Download progress: [==========================================        ] 179404800/209662099 bytes
Download progress: [==========================================        ] 179437568/209662099 bytes
Download progress: [==========================================        ] 179470336/209662099 bytes
Download progress: [==========================================        ] 179503104/209662099 bytes
Download progress: [==========================================        ] 179535872/209662099 bytes
Download progress: [==========================================        ] 179568640/209662099 bytes
Download progress: [==========================================        ] 179601408/209662099 bytes
Download progress: [==========================================        ] 179634176/209662099 bytes
Download progress: [==========================================        ] 179666944/209662099 bytes
Download progress: [==========================================        ] 179699712/209662099 bytes
Download progress: [==========================================        ] 179732480/209662099 bytes
Download progress: [==========================================        ] 179765248/209662099 bytes
Download progress: [==========================================        ] 179798016/209662099 bytes
Download progress: [==========================================        ] 179830784/209662099 bytes
Download progress: [==========================================        ] 179863552/209662099 bytes
Download progress: [==========================================        ] 179896320/209662099 bytes
Download progress: [==========================================        ] 179929088/209662099 bytes
Download progress: [==========================================        ] 179961856/209662099 bytes
Download progress: [==========================================        ] 179994624/209662099 bytes
Download progress: [==========================================        ] 180027392/209662099 bytes
Download progress: [==========================================        ] 180060160/209662099 bytes
Download progress: [==========================================        ] 180092928/209662099 bytes
Download progress: [==========================================        ] 180125696/209662099 bytes
Download progress: [==========================================        ] 180158464/209662099 bytes
Download progress: [==========================================        ] 180191232/209662099 bytes
Download progress: [==========================================        ] 180224000/209662099 bytes
Download progress: [==========================================        ] 180256768/209662099 bytes
Download progress: [==========================================        ] 180289536/209662099 bytes
Download progress: [===========================================       ] 180322304/209662099 bytes
Download progress: [===========================================       ] 180355072/209662099 bytes
Download progress: [===========================================       ] 180387840/209662099 bytes
Download progress: [===========================================       ] 180420608/209662099 bytes
Download progress: [===========================================       ] 180453376/209662099 bytes
Download progress: [===========================================       ] 180486144/209662099 bytes
Download progress: [===========================================       ] 180518912/209662099 bytes
Download progress: [===========================================       ] 180551680/209662099 bytes
Download progress: [===========================================       ] 180584448/209662099 bytes
Download progress: [===========================================       ] 180617216/209662099 bytes
Download progress: [===========================================       ] 180649984/209662099 bytes
Download progress: [===========================================       ] 180682752/209662099 bytes
Download progress: [===========================================       ] 180715520/209662099 bytes
Download progress: [===========================================       ] 180748288/209662099 bytes
Download progress: [===========================================       ] 180781056/209662099 bytes
Download progress: [===========================================       ] 180813824/209662099 bytes
Download progress: [===========================================       ] 180846592/209662099 bytes
Download progress: [===========================================       ] 180879360/209662099 bytes
Download progress: [===========================================       ] 180912128/209662099 bytes
Download progress: [===========================================       ] 180944896/209662099 bytes
Download progress: [===========================================       ] 180977664/209662099 bytes
Download progress: [===========================================       ] 181010432/209662099 bytes
Download progress: [===========================================       ] 181043200/209662099 bytes
Download progress: [===========================================       ] 181075968/209662099 bytes
Download progress: [===========================================       ] 181108736/209662099 bytes
Download progress: [===========================================       ] 181141504/209662099 bytes
Download progress: [===========================================       ] 181174272/209662099 bytes
Download progress: [===========================================       ] 181207040/209662099 bytes
Download progress: [===========================================       ] 181239808/209662099 bytes
Download progress: [===========================================       ] 181272576/209662099 bytes
Download progress: [===========================================       ] 181305344/209662099 bytes
Download progress: [===========================================       ] 181338112/209662099 bytes
Download progress: [===========================================       ] 181370880/209662099 bytes
Download progress: [===========================================       ] 181403648/209662099 bytes
Download progress: [===========================================       ] 181436416/209662099 bytes
Download progress: [===========================================       ] 181469184/209662099 bytes
Download progress: [===========================================       ] 181501952/209662099 bytes
Download progress: [===========================================       ] 181534720/209662099 bytes
Download progress: [===========================================       ] 181567488/209662099 bytes
Download progress: [===========================================       ] 181600256/209662099 bytes
Download progress: [===========================================       ] 181633024/209662099 bytes
Download progress: [===========================================       ] 181665792/209662099 bytes
Download progress: [===========================================       ] 181698560/209662099 bytes
Download progress: [===========================================       ] 181731328/209662099 bytes
Download progress: [===========================================       ] 181764096/209662099 bytes
Download progress: [===========================================       ] 181796864/209662099 bytes
Download progress: [===========================================       ] 181829632/209662099 bytes
Download progress: [===========================================       ] 181862400/209662099 bytes
Download progress: [===========================================       ] 181895168/209662099 bytes
Download progress: [===========================================       ] 181927936/209662099 bytes
Download progress: [===========================================       ] 181960704/209662099 bytes
Download progress: [===========================================       ] 181993472/209662099 bytes
Download progress: [===========================================       ] 182026240/209662099 bytes
Download progress: [===========================================       ] 182059008/209662099 bytes
Download progress: [===========================================       ] 182091776/209662099 bytes
Download progress: [===========================================       ] 182124544/209662099 bytes
Download progress: [===========================================       ] 182157312/209662099 bytes
Download progress: [===========================================       ] 182190080/209662099 bytes
Download progress: [===========================================       ] 182222848/209662099 bytes
Download progress: [===========================================       ] 182255616/209662099 bytes
Download progress: [===========================================       ] 182288384/209662099 bytes
Download progress: [===========================================       ] 182321152/209662099 bytes
Download progress: [===========================================       ] 182353920/209662099 bytes
Download progress: [===========================================       ] 182386688/209662099 bytes
Download progress: [===========================================       ] 182419456/209662099 bytes
Download progress: [===========================================       ] 182452224/209662099 bytes
Download progress: [===========================================       ] 182484992/209662099 bytes
Download progress: [===========================================       ] 182517760/209662099 bytes
Download progress: [===========================================       ] 182550528/209662099 bytes
Download progress: [===========================================       ] 182583296/209662099 bytes
Download progress: [===========================================       ] 182616064/209662099 bytes
Download progress: [===========================================       ] 182648832/209662099 bytes
Download progress: [===========================================       ] 182681600/209662099 bytes
Download progress: [===========================================       ] 182714368/209662099 bytes
Download progress: [===========================================       ] 182747136/209662099 bytes
Download progress: [===========================================       ] 182779904/209662099 bytes
Download progress: [===========================================       ] 182812672/209662099 bytes
Download progress: [===========================================       ] 182845440/209662099 bytes
Download progress: [===========================================       ] 182878208/209662099 bytes
Download progress: [===========================================       ] 182910976/209662099 bytes
Download progress: [===========================================       ] 182943744/209662099 bytes
Download progress: [===========================================       ] 182976512/209662099 bytes
Download progress: [===========================================       ] 183009280/209662099 bytes
Download progress: [===========================================       ] 183042048/209662099 bytes
Download progress: [===========================================       ] 183074816/209662099 bytes
Download progress: [===========================================       ] 183107584/209662099 bytes
Download progress: [===========================================       ] 183140352/209662099 bytes
Download progress: [===========================================       ] 183173120/209662099 bytes
Download progress: [===========================================       ] 183205888/209662099 bytes
Download progress: [===========================================       ] 183238656/209662099 bytes
Download progress: [===========================================       ] 183271424/209662099 bytes
Download progress: [===========================================       ] 183304192/209662099 bytes
Download progress: [===========================================       ] 183336960/209662099 bytes
Download progress: [===========================================       ] 183369728/209662099 bytes
Download progress: [===========================================       ] 183402496/209662099 bytes
Download progress: [===========================================       ] 183435264/209662099 bytes
Download progress: [===========================================       ] 183468032/209662099 bytes
Download progress: [===========================================       ] 183500800/209662099 bytes
Download progress: [===========================================       ] 183533568/209662099 bytes
Download progress: [===========================================       ] 183566336/209662099 bytes
Download progress: [===========================================       ] 183599104/209662099 bytes
Download progress: [===========================================       ] 183631872/209662099 bytes
Download progress: [===========================================       ] 183664640/209662099 bytes
Download progress: [===========================================       ] 183697408/209662099 bytes
Download progress: [===========================================       ] 183730176/209662099 bytes
Download progress: [===========================================       ] 183762944/209662099 bytes
Download progress: [===========================================       ] 183795712/209662099 bytes
Download progress: [===========================================       ] 183828480/209662099 bytes
Download progress: [===========================================       ] 183861248/209662099 bytes
Download progress: [===========================================       ] 183894016/209662099 bytes
Download progress: [===========================================       ] 183926784/209662099 bytes
Download progress: [===========================================       ] 183959552/209662099 bytes
Download progress: [===========================================       ] 183992320/209662099 bytes
Download progress: [===========================================       ] 184025088/209662099 bytes
Download progress: [===========================================       ] 184057856/209662099 bytes
Download progress: [===========================================       ] 184090624/209662099 bytes
Download progress: [===========================================       ] 184123392/209662099 bytes
Download progress: [===========================================       ] 184156160/209662099 bytes
Download progress: [===========================================       ] 184188928/209662099 bytes
Download progress: [===========================================       ] 184221696/209662099 bytes
Download progress: [===========================================       ] 184254464/209662099 bytes
Download progress: [===========================================       ] 184287232/209662099 bytes
Download progress: [===========================================       ] 184320000/209662099 bytes
Download progress: [===========================================       ] 184352768/209662099 bytes
Download progress: [===========================================       ] 184385536/209662099 bytes
Download progress: [===========================================       ] 184418304/209662099 bytes
Download progress: [===========================================       ] 184451072/209662099 bytes
Download progress: [===========================================       ] 184483840/209662099 bytes
Download progress: [============================================      ] 184516608/209662099 bytes
Download progress: [============================================      ] 184549376/209662099 bytes
Download progress: [============================================      ] 184582144/209662099 bytes
Download progress: [============================================      ] 184614912/209662099 bytes
Download progress: [============================================      ] 184647680/209662099 bytes
Download progress: [============================================      ] 184680448/209662099 bytes
Download progress: [============================================      ] 184713216/209662099 bytes
Download progress: [============================================      ] 184745984/209662099 bytes
Download progress: [============================================      ] 184778752/209662099 bytes
Download progress: [============================================      ] 184811520/209662099 bytes
Download progress: [============================================      ] 184844288/209662099 bytes
Download progress: [============================================      ] 184877056/209662099 bytes
Download progress: [============================================      ] 184909824/209662099 bytes
Download progress: [============================================      ] 184942592/209662099 bytes
Download progress: [============================================      ] 184975360/209662099 bytes
Download progress: [============================================      ] 185008128/209662099 bytes
Download progress: [============================================      ] 185040896/209662099 bytes
Download progress: [============================================      ] 185073664/209662099 bytes
Download progress: [============================================      ] 185106432/209662099 bytes
Download progress: [============================================      ] 185139200/209662099 bytes
Download progress: [============================================      ] 185171968/209662099 bytes
Download progress: [============================================      ] 185204736/209662099 bytes
Download progress: [============================================      ] 185237504/209662099 bytes
Download progress: [============================================      ] 185270272/209662099 bytes
Download progress: [============================================      ] 185303040/209662099 bytes
Download progress: [============================================      ] 185335808/209662099 bytes
Download progress: [============================================      ] 185368576/209662099 bytes
Download progress: [============================================      ] 185401344/209662099 bytes
Download progress: [============================================      ] 185434112/209662099 bytes
Download progress: [============================================      ] 185466880/209662099 bytes
Download progress: [============================================      ] 185499648/209662099 bytes
Download progress: [============================================      ] 185532416/209662099 bytes
Download progress: [============================================      ] 185565184/209662099 bytes
Download progress: [============================================      ] 185597952/209662099 bytes
Download progress: [============================================      ] 185630720/209662099 bytes
Download progress: [============================================      ] 185663488/209662099 bytes
Download progress: [============================================      ] 185696256/209662099 bytes
Download progress: [============================================      ] 185729024/209662099 bytes
Download progress: [============================================      ] 185761792/209662099 bytes
Download progress: [============================================      ] 185794560/209662099 bytes
Download progress: [============================================      ] 185827328/209662099 bytes
Download progress: [============================================      ] 185860096/209662099 bytes
Download progress: [============================================      ] 185892864/209662099 bytes
Download progress: [============================================      ] 185925632/209662099 bytes
Download progress: [============================================      ] 185958400/209662099 bytes
Download progress: [============================================      ] 185991168/209662099 bytes
Download progress: [============================================      ] 186023936/209662099 bytes
Download progress: [============================================      ] 186056704/209662099 bytes
Download progress: [============================================      ] 186089472/209662099 bytes
Download progress: [============================================      ] 186122240/209662099 bytes
Download progress: [============================================      ] 186155008/209662099 bytes
Download progress: [============================================      ] 186187776/209662099 bytes
Download progress: [============================================      ] 186220544/209662099 bytes
Download progress: [============================================      ] 186253312/209662099 bytes
Download progress: [============================================      ] 186286080/209662099 bytes
Download progress: [============================================      ] 186318848/209662099 bytes
Download progress: [============================================      ] 186351616/209662099 bytes
Download progress: [============================================      ] 186384384/209662099 bytes
Download progress: [============================================      ] 186417152/209662099 bytes
Download progress: [============================================      ] 186449920/209662099 bytes
Download progress: [============================================      ] 186482688/209662099 bytes
Download progress: [============================================      ] 186515456/209662099 bytes
Download progress: [============================================      ] 186548224/209662099 bytes
Download progress: [============================================      ] 186580992/209662099 bytes
Download progress: [============================================      ] 186613760/209662099 bytes
Download progress: [============================================      ] 186646528/209662099 bytes
Download progress: [============================================      ] 186679296/209662099 bytes
Download progress: [============================================      ] 186712064/209662099 bytes
Download progress: [============================================      ] 186744832/209662099 bytes
Download progress: [============================================      ] 186777600/209662099 bytes
Download progress: [============================================      ] 186810368/209662099 bytes
Download progress: [============================================      ] 186843136/209662099 bytes
Download progress: [============================================      ] 186875904/209662099 bytes
Download progress: [============================================      ] 186908672/209662099 bytes
Download progress: [============================================      ] 186941440/209662099 bytes
Download progress: [============================================      ] 186974208/209662099 bytes
Download progress: [============================================      ] 187006976/209662099 bytes
Download progress: [============================================      ] 187039744/209662099 bytes
Download progress: [============================================      ] 187072512/209662099 bytes
Download progress: [============================================      ] 187105280/209662099 bytes
Download progress: [============================================      ] 187138048/209662099 bytes
Download progress: [============================================      ] 187170816/209662099 bytes
Download progress: [============================================      ] 187203584/209662099 bytes
Download progress: [============================================      ] 187236352/209662099 bytes
Download progress: [============================================      ] 187269120/209662099 bytes
Download progress: [============================================      ] 187301888/209662099 bytes
Download progress: [============================================      ] 187334656/209662099 bytes
Download progress: [============================================      ] 187367424/209662099 bytes
Download progress: [============================================      ] 187400192/209662099 bytes
Download progress: [============================================      ] 187432960/209662099 bytes
Download progress: [============================================      ] 187465728/209662099 bytes
Download progress: [============================================      ] 187498496/209662099 bytes
Download progress: [============================================      ] 187531264/209662099 bytes
Download progress: [============================================      ] 187564032/209662099 bytes
Download progress: [============================================      ] 187596800/209662099 bytes
Download progress: [============================================      ] 187629568/209662099 bytes
Download progress: [============================================      ] 187662336/209662099 bytes
Download progress: [============================================      ] 187695104/209662099 bytes
Download progress: [============================================      ] 187727872/209662099 bytes
Download progress: [============================================      ] 187760640/209662099 bytes
Download progress: [============================================      ] 187793408/209662099 bytes
Download progress: [============================================      ] 187826176/209662099 bytes
Download progress: [============================================      ] 187858944/209662099 bytes
Download progress: [============================================      ] 187891712/209662099 bytes
Download progress: [============================================      ] 187924480/209662099 bytes
Download progress: [============================================      ] 187957248/209662099 bytes
Download progress: [============================================      ] 187990016/209662099 bytes
Download progress: [============================================      ] 188022784/209662099 bytes
Download progress: [============================================      ] 188055552/209662099 bytes
Download progress: [============================================      ] 188088320/209662099 bytes
Download progress: [============================================      ] 188121088/209662099 bytes
Download progress: [============================================      ] 188153856/209662099 bytes
Download progress: [============================================      ] 188186624/209662099 bytes
Download progress: [============================================      ] 188219392/209662099 bytes
Download progress: [============================================      ] 188252160/209662099 bytes
Download progress: [============================================      ] 188284928/209662099 bytes
Download progress: [============================================      ] 188317696/209662099 bytes
Download progress: [============================================      ] 188350464/209662099 bytes
Download progress: [============================================      ] 188383232/209662099 bytes
Download progress: [============================================      ] 188416000/209662099 bytes
Download progress: [============================================      ] 188448768/209662099 bytes
Download progress: [============================================      ] 188481536/209662099 bytes
Download progress: [============================================      ] 188514304/209662099 bytes
Download progress: [============================================      ] 188547072/209662099 bytes
Download progress: [============================================      ] 188579840/209662099 bytes
Download progress: [============================================      ] 188612608/209662099 bytes
Download progress: [============================================      ] 188645376/209662099 bytes
Download progress: [============================================      ] 188678144/209662099 bytes
Download progress: [=============================================     ] 188710912/209662099 bytes
Download progress: [=============================================     ] 188743680/209662099 bytes
Download progress: [=============================================     ] 188776448/209662099 bytes
Download progress: [=============================================     ] 188809216/209662099 bytes
Download progress: [=============================================     ] 188841984/209662099 bytes
Download progress: [=============================================     ] 188874752/209662099 bytes
Download progress: [=============================================     ] 188907520/209662099 bytes
Download progress: [=============================================     ] 188940288/209662099 bytes
Download progress: [=============================================     ] 188973056/209662099 bytes
Download progress: [=============================================     ] 189005824/209662099 bytes
Download progress: [=============================================     ] 189038592/209662099 bytes
Download progress: [=============================================     ] 189071360/209662099 bytes
Download progress: [=============================================     ] 189104128/209662099 bytes
Download progress: [=============================================     ] 189136896/209662099 bytes
Download progress: [=============================================     ] 189169664/209662099 bytes
Download progress: [=============================================     ] 189202432/209662099 bytes
Download progress: [=============================================     ] 189235200/209662099 bytes
Download progress: [=============================================     ] 189267968/209662099 bytes
Download progress: [=============================================     ] 189300736/209662099 bytes
Download progress: [=============================================     ] 189333504/209662099 bytes
Download progress: [=============================================     ] 189366272/209662099 bytes
Download progress: [=============================================     ] 189399040/209662099 bytes
Download progress: [=============================================     ] 189431808/209662099 bytes
Download progress: [=============================================     ] 189464576/209662099 bytes
Download progress: [=============================================     ] 189497344/209662099 bytes
Download progress: [=============================================     ] 189530112/209662099 bytes
Download progress: [=============================================     ] 189562880/209662099 bytes
Download progress: [=============================================     ] 189595648/209662099 bytes
Download progress: [=============================================     ] 189628416/209662099 bytes
Download progress: [=============================================     ] 189661184/209662099 bytes
Download progress: [=============================================     ] 189693952/209662099 bytes
Download progress: [=============================================     ] 189726720/209662099 bytes
Download progress: [=============================================     ] 189759488/209662099 bytes
Download progress: [=============================================     ] 189792256/209662099 bytes
Download progress: [=============================================     ] 189825024/209662099 bytes
Download progress: [=============================================     ] 189857792/209662099 bytes
Download progress: [=============================================     ] 189890560/209662099 bytes
Download progress: [=============================================     ] 189923328/209662099 bytes
Download progress: [=============================================     ] 189956096/209662099 bytes
Download progress: [=============================================     ] 189988864/209662099 bytes
Download progress: [=============================================     ] 190021632/209662099 bytes
Download progress: [=============================================     ] 190054400/209662099 bytes
Download progress: [=============================================     ] 190087168/209662099 bytes
Download progress: [=============================================     ] 190119936/209662099 bytes
Download progress: [=============================================     ] 190152704/209662099 bytes
Download progress: [=============================================     ] 190185472/209662099 bytes
Download progress: [=============================================     ] 190218240/209662099 bytes
Download progress: [=============================================     ] 190251008/209662099 bytes
Download progress: [=============================================     ] 190283776/209662099 bytes
Download progress: [=============================================     ] 190316544/209662099 bytes
Download progress: [=============================================     ] 190349312/209662099 bytes
Download progress: [=============================================     ] 190382080/209662099 bytes
Download progress: [=============================================     ] 190414848/209662099 bytes
Download progress: [=============================================     ] 190447616/209662099 bytes
Download progress: [=============================================     ] 190480384/209662099 bytes
Download progress: [=============================================     ] 190513152/209662099 bytes
Download progress: [=============================================     ] 190545920/209662099 bytes
Download progress: [=============================================     ] 190578688/209662099 bytes
Download progress: [=============================================     ] 190611456/209662099 bytes
Download progress: [=============================================     ] 190644224/209662099 bytes
Download progress: [=============================================     ] 190676992/209662099 bytes
Download progress: [=============================================     ] 190709760/209662099 bytes
Download progress: [=============================================     ] 190742528/209662099 bytes
Download progress: [=============================================     ] 190775296/209662099 bytes
Download progress: [=============================================     ] 190808064/209662099 bytes
Download progress: [=============================================     ] 190840832/209662099 bytes
Download progress: [=============================================     ] 190873600/209662099 bytes
Download progress: [=============================================     ] 190906368/209662099 bytes
Download progress: [=============================================     ] 190939136/209662099 bytes
Download progress: [=============================================     ] 190971904/209662099 bytes
Download progress: [=============================================     ] 191004672/209662099 bytes
Download progress: [=============================================     ] 191037440/209662099 bytes
Download progress: [=============================================     ] 191070208/209662099 bytes
Download progress: [=============================================     ] 191102976/209662099 bytes
Download progress: [=============================================     ] 191135744/209662099 bytes
Download progress: [=============================================     ] 191168512/209662099 bytes
Download progress: [=============================================     ] 191201280/209662099 bytes
Download progress: [=============================================     ] 191234048/209662099 bytes
Download progress: [=============================================     ] 191266816/209662099 bytes
Download progress: [=============================================     ] 191299584/209662099 bytes
Download progress: [=============================================     ] 191332352/209662099 bytes
Download progress: [=============================================     ] 191365120/209662099 bytes
Download progress: [=============================================     ] 191397888/209662099 bytes
Download progress: [=============================================     ] 191430656/209662099 bytes
Download progress: [=============================================     ] 191463424/209662099 bytes
Download progress: [=============================================     ] 191496192/209662099 bytes
Download progress: [=============================================     ] 191528960/209662099 bytes
Download progress: [=============================================     ] 191561728/209662099 bytes
Download progress: [=============================================     ] 191594496/209662099 bytes
Download progress: [=============================================     ] 191627264/209662099 bytes
Download progress: [=============================================     ] 191660032/209662099 bytes
Download progress: [=============================================     ] 191692800/209662099 bytes
Download progress: [=============================================     ] 191725568/209662099 bytes
Download progress: [=============================================     ] 191758336/209662099 bytes
Download progress: [=============================================     ] 191791104/209662099 bytes
Download progress: [=============================================     ] 191823872/209662099 bytes
Download progress: [=============================================     ] 191856640/209662099 bytes
Download progress: [=============================================     ] 191889408/209662099 bytes
Download progress: [=============================================     ] 191922176/209662099 bytes
Download progress: [=============================================     ] 191954944/209662099 bytes
Download progress: [=============================================     ] 191987712/209662099 bytes
Download progress: [=============================================     ] 192020480/209662099 bytes
Download progress: [=============================================     ] 192053248/209662099 bytes
Download progress: [=============================================     ] 192086016/209662099 bytes
Download progress: [=============================================     ] 192118784/209662099 bytes
Download progress: [=============================================     ] 192151552/209662099 bytes
Download progress: [=============================================     ] 192184320/209662099 bytes
Download progress: [=============================================     ] 192217088/209662099 bytes
Download progress: [=============================================     ] 192249856/209662099 bytes
Download progress: [=============================================     ] 192282624/209662099 bytes
Download progress: [=============================================     ] 192315392/209662099 bytes
Download progress: [=============================================     ] 192348160/209662099 bytes
Download progress: [=============================================     ] 192380928/209662099 bytes
Download progress: [=============================================     ] 192413696/209662099 bytes
Download progress: [=============================================     ] 192446464/209662099 bytes
Download progress: [=============================================     ] 192479232/209662099 bytes
Download progress: [=============================================     ] 192512000/209662099 bytes
Download progress: [=============================================     ] 192544768/209662099 bytes
Download progress: [=============================================     ] 192577536/209662099 bytes
Download progress: [=============================================     ] 192610304/209662099 bytes
Download progress: [=============================================     ] 192643072/209662099 bytes
Download progress: [=============================================     ] 192675840/209662099 bytes
Download progress: [=============================================     ] 192708608/209662099 bytes
Download progress: [=============================================     ] 192741376/209662099 bytes
Download progress: [=============================================     ] 192774144/209662099 bytes
Download progress: [=============================================     ] 192806912/209662099 bytes
Download progress: [=============================================     ] 192839680/209662099 bytes
Download progress: [=============================================     ] 192872448/209662099 bytes
Download progress: [==============================================    ] 192905216/209662099 bytes
Download progress: [==============================================    ] 192937984/209662099 bytes
Download progress: [==============================================    ] 192970752/209662099 bytes
Download progress: [==============================================    ] 193003520/209662099 bytes
Download progress: [==============================================    ] 193036288/209662099 bytes
Download progress: [==============================================    ] 193069056/209662099 bytes
Download progress: [==============================================    ] 193101824/209662099 bytes
Download progress: [==============================================    ] 193134592/209662099 bytes
Download progress: [==============================================    ] 193167360/209662099 bytes
Download progress: [==============================================    ] 193200128/209662099 bytes
Download progress: [==============================================    ] 193232896/209662099 bytes
Download progress: [==============================================    ] 193265664/209662099 bytes
Download progress: [==============================================    ] 193298432/209662099 bytes
Download progress: [==============================================    ] 193331200/209662099 bytes
Download progress: [==============================================    ] 193363968/209662099 bytes
Download progress: [==============================================    ] 193396736/209662099 bytes
Download progress: [==============================================    ] 193429504/209662099 bytes
Download progress: [==============================================    ] 193462272/209662099 bytes
Download progress: [==============================================    ] 193495040/209662099 bytes
Download progress: [==============================================    ] 193527808/209662099 bytes
Download progress: [==============================================    ] 193560576/209662099 bytes
Download progress: [==============================================    ] 193593344/209662099 bytes
Download progress: [==============================================    ] 193626112/209662099 bytes
Download progress: [==============================================    ] 193658880/209662099 bytes
Download progress: [==============================================    ] 193691648/209662099 bytes
Download progress: [==============================================    ] 193724416/209662099 bytes
Download progress: [==============================================    ] 193757184/209662099 bytes
Download progress: [==============================================    ] 193789952/209662099 bytes
Download progress: [==============================================    ] 193822720/209662099 bytes
Download progress: [==============================================    ] 193855488/209662099 bytes
Download progress: [==============================================    ] 193888256/209662099 bytes
Download progress: [==============================================    ] 193921024/209662099 bytes
Download progress: [==============================================    ] 193953792/209662099 bytes
Download progress: [==============================================    ] 193986560/209662099 bytes
Download progress: [==============================================    ] 194019328/209662099 bytes
Download progress: [==============================================    ] 194052096/209662099 bytes
Download progress: [==============================================    ] 194084864/209662099 bytes
Download progress: [==============================================    ] 194117632/209662099 bytes
Download progress: [==============================================    ] 194150400/209662099 bytes
Download progress: [==============================================    ] 194183168/209662099 bytes
Download progress: [==============================================    ] 194215936/209662099 bytes
Download progress: [==============================================    ] 194248704/209662099 bytes
Download progress: [==============================================    ] 194281472/209662099 bytes
Download progress: [==============================================    ] 194314240/209662099 bytes
Download progress: [==============================================    ] 194347008/209662099 bytes
Download progress: [==============================================    ] 194379776/209662099 bytes
Download progress: [==============================================    ] 194412544/209662099 bytes
Download progress: [==============================================    ] 194445312/209662099 bytes
Download progress: [==============================================    ] 194478080/209662099 bytes
Download progress: [==============================================    ] 194510848/209662099 bytes
Download progress: [==============================================    ] 194543616/209662099 bytes
Download progress: [==============================================    ] 194576384/209662099 bytes
Download progress: [==============================================    ] 194609152/209662099 bytes
Download progress: [==============================================    ] 194641920/209662099 bytes
Download progress: [==============================================    ] 194674688/209662099 bytes
Download progress: [==============================================    ] 194707456/209662099 bytes
Download progress: [==============================================    ] 194740224/209662099 bytes
Download progress: [==============================================    ] 194772992/209662099 bytes
Download progress: [==============================================    ] 194805760/209662099 bytes
Download progress: [==============================================    ] 194838528/209662099 bytes
Download progress: [==============================================    ] 194871296/209662099 bytes
Download progress: [==============================================    ] 194904064/209662099 bytes
Download progress: [==============================================    ] 194936832/209662099 bytes
Download progress: [==============================================    ] 194969600/209662099 bytes
Download progress: [==============================================    ] 195002368/209662099 bytes
Download progress: [==============================================    ] 195035136/209662099 bytes
Download progress: [==============================================    ] 195067904/209662099 bytes
Download progress: [==============================================    ] 195100672/209662099 bytes
Download progress: [==============================================    ] 195133440/209662099 bytes
Download progress: [==============================================    ] 195166208/209662099 bytes
Download progress: [==============================================    ] 195198976/209662099 bytes
Download progress: [==============================================    ] 195231744/209662099 bytes
Download progress: [==============================================    ] 195264512/209662099 bytes
Download progress: [==============================================    ] 195297280/209662099 bytes
Download progress: [==============================================    ] 195330048/209662099 bytes
Download progress: [==============================================    ] 195362816/209662099 bytes
Download progress: [==============================================    ] 195395584/209662099 bytes
Download progress: [==============================================    ] 195428352/209662099 bytes
Download progress: [==============================================    ] 195461120/209662099 bytes
Download progress: [==============================================    ] 195493888/209662099 bytes
Download progress: [==============================================    ] 195526656/209662099 bytes
Download progress: [==============================================    ] 195559424/209662099 bytes
Download progress: [==============================================    ] 195592192/209662099 bytes
Download progress: [==============================================    ] 195624960/209662099 bytes
Download progress: [==============================================    ] 195657728/209662099 bytes
Download progress: [==============================================    ] 195690496/209662099 bytes
Download progress: [==============================================    ] 195723264/209662099 bytes
Download progress: [==============================================    ] 195756032/209662099 bytes
Download progress: [==============================================    ] 195788800/209662099 bytes
Download progress: [==============================================    ] 195821568/209662099 bytes
Download progress: [==============================================    ] 195854336/209662099 bytes
Download progress: [==============================================    ] 195887104/209662099 bytes
Download progress: [==============================================    ] 195919872/209662099 bytes
Download progress: [==============================================    ] 195952640/209662099 bytes
Download progress: [==============================================    ] 195985408/209662099 bytes
Download progress: [==============================================    ] 196018176/209662099 bytes
Download progress: [==============================================    ] 196050944/209662099 bytes
Download progress: [==============================================    ] 196083712/209662099 bytes
Download progress: [==============================================    ] 196116480/209662099 bytes
Download progress: [==============================================    ] 196149248/209662099 bytes
Download progress: [==============================================    ] 196182016/209662099 bytes
Download progress: [==============================================    ] 196214784/209662099 bytes
Download progress: [==============================================    ] 196247552/209662099 bytes
Download progress: [==============================================    ] 196280320/209662099 bytes
Download progress: [==============================================    ] 196313088/209662099 bytes
Download progress: [==============================================    ] 196345856/209662099 bytes
Download progress: [==============================================    ] 196378624/209662099 bytes
Download progress: [==============================================    ] 196411392/209662099 bytes
Download progress: [==============================================    ] 196444160/209662099 bytes
Download progress: [==============================================    ] 196476928/209662099 bytes
Download progress: [==============================================    ] 196509696/209662099 bytes
Download progress: [==============================================    ] 196542464/209662099 bytes
Download progress: [==============================================    ] 196575232/209662099 bytes
Download progress: [==============================================    ] 196608000/209662099 bytes
Download progress: [==============================================    ] 196640768/209662099 bytes
Download progress: [==============================================    ] 196673536/209662099 bytes
Download progress: [==============================================    ] 196706304/209662099 bytes
Download progress: [==============================================    ] 196739072/209662099 bytes
Download progress: [==============================================    ] 196771840/209662099 bytes
Download progress: [==============================================    ] 196804608/209662099 bytes
Download progress: [==============================================    ] 196837376/209662099 bytes
Download progress: [==============================================    ] 196870144/209662099 bytes
Download progress: [==============================================    ] 196902912/209662099 bytes
Download progress: [==============================================    ] 196935680/209662099 bytes
Download progress: [==============================================    ] 196968448/209662099 bytes
Download progress: [==============================================    ] 197001216/209662099 bytes
Download progress: [==============================================    ] 197033984/209662099 bytes
Download progress: [==============================================    ] 197066752/209662099 bytes
Download progress: [===============================================   ] 197099520/209662099 bytes
Download progress: [===============================================   ] 197132288/209662099 bytes
Download progress: [===============================================   ] 197165056/209662099 bytes
Download progress: [===============================================   ] 197197824/209662099 bytes
Download progress: [===============================================   ] 197230592/209662099 bytes
Download progress: [===============================================   ] 197263360/209662099 bytes
Download progress: [===============================================   ] 197296128/209662099 bytes
Download progress: [===============================================   ] 197328896/209662099 bytes
Download progress: [===============================================   ] 197361664/209662099 bytes
Download progress: [===============================================   ] 197394432/209662099 bytes
Download progress: [===============================================   ] 197427200/209662099 bytes
Download progress: [===============================================   ] 197459968/209662099 bytes
Download progress: [===============================================   ] 197492736/209662099 bytes
Download progress: [===============================================   ] 197525504/209662099 bytes
Download progress: [===============================================   ] 197558272/209662099 bytes
Download progress: [===============================================   ] 197591040/209662099 bytes
Download progress: [===============================================   ] 197623808/209662099 bytes
Download progress: [===============================================   ] 197656576/209662099 bytes
Download progress: [===============================================   ] 197689344/209662099 bytes
Download progress: [===============================================   ] 197722112/209662099 bytes
Download progress: [===============================================   ] 197754880/209662099 bytes
Download progress: [===============================================   ] 197787648/209662099 bytes
Download progress: [===============================================   ] 197820416/209662099 bytes
Download progress: [===============================================   ] 197853184/209662099 bytes
Download progress: [===============================================   ] 197885952/209662099 bytes
Download progress: [===============================================   ] 197918720/209662099 bytes
Download progress: [===============================================   ] 197951488/209662099 bytes
Download progress: [===============================================   ] 197984256/209662099 bytes
Download progress: [===============================================   ] 198017024/209662099 bytes
Download progress: [===============================================   ] 198049792/209662099 bytes
Download progress: [===============================================   ] 198082560/209662099 bytes
Download progress: [===============================================   ] 198115328/209662099 bytes
Download progress: [===============================================   ] 198148096/209662099 bytes
Download progress: [===============================================   ] 198180864/209662099 bytes
Download progress: [===============================================   ] 198213632/209662099 bytes
Download progress: [===============================================   ] 198246400/209662099 bytes
Download progress: [===============================================   ] 198279168/209662099 bytes
Download progress: [===============================================   ] 198311936/209662099 bytes
Download progress: [===============================================   ] 198344704/209662099 bytes
Download progress: [===============================================   ] 198377472/209662099 bytes
Download progress: [===============================================   ] 198410240/209662099 bytes
Download progress: [===============================================   ] 198443008/209662099 bytes
Download progress: [===============================================   ] 198475776/209662099 bytes
Download progress: [===============================================   ] 198508544/209662099 bytes
Download progress: [===============================================   ] 198541312/209662099 bytes
Download progress: [===============================================   ] 198574080/209662099 bytes
Download progress: [===============================================   ] 198606848/209662099 bytes
Download progress: [===============================================   ] 198639616/209662099 bytes
Download progress: [===============================================   ] 198672384/209662099 bytes
Download progress: [===============================================   ] 198705152/209662099 bytes
Download progress: [===============================================   ] 198737920/209662099 bytes
Download progress: [===============================================   ] 198770688/209662099 bytes
Download progress: [===============================================   ] 198803456/209662099 bytes
Download progress: [===============================================   ] 198836224/209662099 bytes
Download progress: [===============================================   ] 198868992/209662099 bytes
Download progress: [===============================================   ] 198901760/209662099 bytes
Download progress: [===============================================   ] 198934528/209662099 bytes
Download progress: [===============================================   ] 198967296/209662099 bytes
Download progress: [===============================================   ] 199000064/209662099 bytes
Download progress: [===============================================   ] 199032832/209662099 bytes
Download progress: [===============================================   ] 199065600/209662099 bytes
Download progress: [===============================================   ] 199098368/209662099 bytes
Download progress: [===============================================   ] 199131136/209662099 bytes
Download progress: [===============================================   ] 199163904/209662099 bytes
Download progress: [===============================================   ] 199196672/209662099 bytes
Download progress: [===============================================   ] 199229440/209662099 bytes
Download progress: [===============================================   ] 199262208/209662099 bytes
Download progress: [===============================================   ] 199294976/209662099 bytes
Download progress: [===============================================   ] 199327744/209662099 bytes
Download progress: [===============================================   ] 199360512/209662099 bytes
Download progress: [===============================================   ] 199393280/209662099 bytes
Download progress: [===============================================   ] 199426048/209662099 bytes
Download progress: [===============================================   ] 199458816/209662099 bytes
Download progress: [===============================================   ] 199491584/209662099 bytes
Download progress: [===============================================   ] 199524352/209662099 bytes
Download progress: [===============================================   ] 199557120/209662099 bytes
Download progress: [===============================================   ] 199589888/209662099 bytes
Download progress: [===============================================   ] 199622656/209662099 bytes
Download progress: [===============================================   ] 199655424/209662099 bytes
Download progress: [===============================================   ] 199688192/209662099 bytes
Download progress: [===============================================   ] 199720960/209662099 bytes
Download progress: [===============================================   ] 199753728/209662099 bytes
Download progress: [===============================================   ] 199786496/209662099 bytes
Download progress: [===============================================   ] 199819264/209662099 bytes
Download progress: [===============================================   ] 199852032/209662099 bytes
Download progress: [===============================================   ] 199884800/209662099 bytes
Download progress: [===============================================   ] 199917568/209662099 bytes
Download progress: [===============================================   ] 199950336/209662099 bytes
Download progress: [===============================================   ] 199983104/209662099 bytes
Download progress: [===============================================   ] 200015872/209662099 bytes
Download progress: [===============================================   ] 200048640/209662099 bytes
Download progress: [===============================================   ] 200081408/209662099 bytes
Download progress: [===============================================   ] 200114176/209662099 bytes
Download progress: [===============================================   ] 200146944/209662099 bytes
Download progress: [===============================================   ] 200179712/209662099 bytes
Download progress: [===============================================   ] 200212480/209662099 bytes
Download progress: [===============================================   ] 200245248/209662099 bytes
Download progress: [===============================================   ] 200278016/209662099 bytes
Download progress: [===============================================   ] 200310784/209662099 bytes
Download progress: [===============================================   ] 200343552/209662099 bytes
Download progress: [===============================================   ] 200376320/209662099 bytes
Download progress: [===============================================   ] 200409088/209662099 bytes
Download progress: [===============================================   ] 200441856/209662099 bytes
Download progress: [===============================================   ] 200474624/209662099 bytes
Download progress: [===============================================   ] 200507392/209662099 bytes
Download progress: [===============================================   ] 200540160/209662099 bytes
Download progress: [===============================================   ] 200572928/209662099 bytes
Download progress: [===============================================   ] 200605696/209662099 bytes
Download progress: [===============================================   ] 200638464/209662099 bytes
Download progress: [===============================================   ] 200671232/209662099 bytes
Download progress: [===============================================   ] 200704000/209662099 bytes
Download progress: [===============================================   ] 200736768/209662099 bytes
Download progress: [===============================================   ] 200769536/209662099 bytes
Download progress: [===============================================   ] 200802304/209662099 bytes
Download progress: [===============================================   ] 200835072/209662099 bytes
Download progress: [===============================================   ] 200867840/209662099 bytes
Download progress: [===============================================   ] 200900608/209662099 bytes
Download progress: [===============================================   ] 200933376/209662099 bytes
Download progress: [===============================================   ] 200966144/209662099 bytes
Download progress: [===============================================   ] 200998912/209662099 bytes
Download progress: [===============================================   ] 201031680/209662099 bytes
Download progress: [===============================================   ] 201064448/209662099 bytes
Download progress: [===============================================   ] 201097216/209662099 bytes
Download progress: [===============================================   ] 201129984/209662099 bytes
Download progress: [===============================================   ] 201162752/209662099 bytes
Download progress: [===============================================   ] 201195520/209662099 bytes
Download progress: [===============================================   ] 201228288/209662099 bytes
Download progress: [===============================================   ] 201261056/209662099 bytes
Download progress: [================================================  ] 201293824/209662099 bytes
Download progress: [================================================  ] 201326592/209662099 bytes
Download progress: [================================================  ] 201359360/209662099 bytes
Download progress: [================================================  ] 201392128/209662099 bytes
Download progress: [================================================  ] 201424896/209662099 bytes
Download progress: [================================================  ] 201457664/209662099 bytes
Download progress: [================================================  ] 201490432/209662099 bytes
Download progress: [================================================  ] 201523200/209662099 bytes
Download progress: [================================================  ] 201555968/209662099 bytes
Download progress: [================================================  ] 201588736/209662099 bytes
Download progress: [================================================  ] 201621504/209662099 bytes
Download progress: [================================================  ] 201654272/209662099 bytes
Download progress: [================================================  ] 201687040/209662099 bytes
Download progress: [================================================  ] 201719808/209662099 bytes
Download progress: [================================================  ] 201752576/209662099 bytes
Download progress: [================================================  ] 201785344/209662099 bytes
Download progress: [================================================  ] 201818112/209662099 bytes
Download progress: [================================================  ] 201850880/209662099 bytes
Download progress: [================================================  ] 201883648/209662099 bytes
Download progress: [================================================  ] 201916416/209662099 bytes
Download progress: [================================================  ] 201949184/209662099 bytes
Download progress: [================================================  ] 201981952/209662099 bytes
Download progress: [================================================  ] 202014720/209662099 bytes
Download progress: [================================================  ] 202047488/209662099 bytes
Download progress: [================================================  ] 202080256/209662099 bytes
Download progress: [================================================  ] 202113024/209662099 bytes
Download progress: [================================================  ] 202145792/209662099 bytes
Download progress: [================================================  ] 202178560/209662099 bytes
Download progress: [================================================  ] 202211328/209662099 bytes
Download progress: [================================================  ] 202244096/209662099 bytes
Download progress: [================================================  ] 202276864/209662099 bytes
Download progress: [================================================  ] 202309632/209662099 bytes
Download progress: [================================================  ] 202342400/209662099 bytes
Download progress: [================================================  ] 202375168/209662099 bytes
Download progress: [================================================  ] 202407936/209662099 bytes
Download progress: [================================================  ] 202440704/209662099 bytes
Download progress: [================================================  ] 202473472/209662099 bytes
Download progress: [================================================  ] 202506240/209662099 bytes
Download progress: [================================================  ] 202539008/209662099 bytes
Download progress: [================================================  ] 202571776/209662099 bytes
Download progress: [================================================  ] 202604544/209662099 bytes
Download progress: [================================================  ] 202637312/209662099 bytes
Download progress: [================================================  ] 202670080/209662099 bytes
Download progress: [================================================  ] 202702848/209662099 bytes
Download progress: [================================================  ] 202735616/209662099 bytes
Download progress: [================================================  ] 202768384/209662099 bytes
Download progress: [================================================  ] 202801152/209662099 bytes
Download progress: [================================================  ] 202833920/209662099 bytes
Download progress: [================================================  ] 202866688/209662099 bytes
Download progress: [================================================  ] 202899456/209662099 bytes
Download progress: [================================================  ] 202932224/209662099 bytes
Download progress: [================================================  ] 202964992/209662099 bytes
Download progress: [================================================  ] 202997760/209662099 bytes
Download progress: [================================================  ] 203030528/209662099 bytes
Download progress: [================================================  ] 203063296/209662099 bytes
Download progress: [================================================  ] 203096064/209662099 bytes
Download progress: [================================================  ] 203128832/209662099 bytes
Download progress: [================================================  ] 203161600/209662099 bytes
Download progress: [================================================  ] 203194368/209662099 bytes
Download progress: [================================================  ] 203227136/209662099 bytes
Download progress: [================================================  ] 203259904/209662099 bytes
Download progress: [================================================  ] 203292672/209662099 bytes
Download progress: [================================================  ] 203325440/209662099 bytes
Download progress: [================================================  ] 203358208/209662099 bytes
Download progress: [================================================  ] 203390976/209662099 bytes
Download progress: [================================================  ] 203423744/209662099 bytes
Download progress: [================================================  ] 203456512/209662099 bytes
Download progress: [================================================  ] 203489280/209662099 bytes
Download progress: [================================================  ] 203522048/209662099 bytes
Download progress: [================================================  ] 203554816/209662099 bytes
Download progress: [================================================  ] 203587584/209662099 bytes
Download progress: [================================================  ] 203620352/209662099 bytes
Download progress: [================================================  ] 203653120/209662099 bytes
Download progress: [================================================  ] 203685888/209662099 bytes
Download progress: [================================================  ] 203718656/209662099 bytes
Download progress: [================================================  ] 203751424/209662099 bytes
Download progress: [================================================  ] 203784192/209662099 bytes
Download progress: [================================================  ] 203816960/209662099 bytes
Download progress: [================================================  ] 203849728/209662099 bytes
Download progress: [================================================  ] 203882496/209662099 bytes
Download progress: [================================================  ] 203915264/209662099 bytes
Download progress: [================================================  ] 203948032/209662099 bytes
Download progress: [================================================  ] 203980800/209662099 bytes
Download progress: [================================================  ] 204013568/209662099 bytes
Download progress: [================================================  ] 204046336/209662099 bytes
Download progress: [================================================  ] 204079104/209662099 bytes
Download progress: [================================================  ] 204111872/209662099 bytes
Download progress: [================================================  ] 204144640/209662099 bytes
Download progress: [================================================  ] 204177408/209662099 bytes
Download progress: [================================================  ] 204210176/209662099 bytes
Download progress: [================================================  ] 204242944/209662099 bytes
Download progress: [================================================  ] 204275712/209662099 bytes
Download progress: [================================================  ] 204308480/209662099 bytes
Download progress: [================================================  ] 204341248/209662099 bytes
Download progress: [================================================  ] 204374016/209662099 bytes
Download progress: [================================================  ] 204406784/209662099 bytes
Download progress: [================================================  ] 204439552/209662099 bytes
Download progress: [================================================  ] 204472320/209662099 bytes
Download progress: [================================================  ] 204505088/209662099 bytes
Download progress: [================================================  ] 204537856/209662099 bytes
Download progress: [================================================  ] 204570624/209662099 bytes
Download progress: [================================================  ] 204603392/209662099 bytes
Download progress: [================================================  ] 204636160/209662099 bytes
Download progress: [================================================  ] 204668928/209662099 bytes
Download progress: [================================================  ] 204701696/209662099 bytes
Download progress: [================================================  ] 204734464/209662099 bytes
Download progress: [================================================  ] 204767232/209662099 bytes
Download progress: [================================================  ] 204800000/209662099 bytes
Download progress: [================================================  ] 204832768/209662099 bytes
Download progress: [================================================  ] 204865536/209662099 bytes
Download progress: [================================================  ] 204898304/209662099 bytes
Download progress: [================================================  ] 204931072/209662099 bytes
Download progress: [================================================  ] 204963840/209662099 bytes
Download progress: [================================================  ] 204996608/209662099 bytes
Download progress: [================================================  ] 205029376/209662099 bytes
Download progress: [================================================  ] 205062144/209662099 bytes
Download progress: [================================================  ] 205094912/209662099 bytes
Download progress: [================================================  ] 205127680/209662099 bytes
Download progress: [================================================  ] 205160448/209662099 bytes
Download progress: [================================================  ] 205193216/209662099 bytes
Download progress: [================================================  ] 205225984/209662099 bytes
Download progress: [================================================  ] 205258752/209662099 bytes
Download progress: [================================================  ] 205291520/209662099 bytes
Download progress: [================================================  ] 205324288/209662099 bytes
Download progress: [================================================  ] 205357056/209662099 bytes
Download progress: [================================================  ] 205389824/209662099 bytes
Download progress: [================================================  ] 205422592/209662099 bytes
Download progress: [================================================  ] 205455360/209662099 bytes
Download progress: [================================================= ] 205488128/209662099 bytes
Download progress: [================================================= ] 205520896/209662099 bytes
Download progress: [================================================= ] 205553664/209662099 bytes
Download progress: [================================================= ] 205586432/209662099 bytes
Download progress: [================================================= ] 205619200/209662099 bytes
Download progress: [================================================= ] 205651968/209662099 bytes
Download progress: [================================================= ] 205684736/209662099 bytes
Download progress: [================================================= ] 205717504/209662099 bytes
Download progress: [================================================= ] 205750272/209662099 bytes
Download progress: [================================================= ] 205783040/209662099 bytes
Download progress: [================================================= ] 205815808/209662099 bytes
Download progress: [================================================= ] 205848576/209662099 bytes
Download progress: [================================================= ] 205881344/209662099 bytes
Download progress: [================================================= ] 205914112/209662099 bytes
Download progress: [================================================= ] 205946880/209662099 bytes
Download progress: [================================================= ] 205979648/209662099 bytes
Download progress: [================================================= ] 206012416/209662099 bytes
Download progress: [================================================= ] 206045184/209662099 bytes
Download progress: [================================================= ] 206077952/209662099 bytes
Download progress: [================================================= ] 206110720/209662099 bytes
Download progress: [================================================= ] 206143488/209662099 bytes
Download progress: [================================================= ] 206176256/209662099 bytes
Download progress: [================================================= ] 206209024/209662099 bytes
Download progress: [================================================= ] 206241792/209662099 bytes
Download progress: [================================================= ] 206274560/209662099 bytes
Download progress: [================================================= ] 206307328/209662099 bytes
Download progress: [================================================= ] 206340096/209662099 bytes
Download progress: [================================================= ] 206372864/209662099 bytes
Download progress: [================================================= ] 206405632/209662099 bytes
Download progress: [================================================= ] 206438400/209662099 bytes
Download progress: [================================================= ] 206471168/209662099 bytes
Download progress: [================================================= ] 206503936/209662099 bytes
Download progress: [================================================= ] 206536704/209662099 bytes
Download progress: [================================================= ] 206569472/209662099 bytes
Download progress: [================================================= ] 206602240/209662099 bytes
Download progress: [================================================= ] 206635008/209662099 bytes
Download progress: [================================================= ] 206667776/209662099 bytes
Download progress: [================================================= ] 206700544/209662099 bytes
Download progress: [================================================= ] 206733312/209662099 bytes
Download progress: [================================================= ] 206766080/209662099 bytes
Download progress: [================================================= ] 206798848/209662099 bytes
Download progress: [================================================= ] 206831616/209662099 bytes
Download progress: [================================================= ] 206864384/209662099 bytes
Download progress: [================================================= ] 206897152/209662099 bytes
Download progress: [================================================= ] 206929920/209662099 bytes
Download progress: [================================================= ] 206962688/209662099 bytes
Download progress: [================================================= ] 206995456/209662099 bytes
Download progress: [================================================= ] 207028224/209662099 bytes
Download progress: [================================================= ] 207060992/209662099 bytes
Download progress: [================================================= ] 207093760/209662099 bytes
Download progress: [================================================= ] 207126528/209662099 bytes
Download progress: [================================================= ] 207159296/209662099 bytes
Download progress: [================================================= ] 207192064/209662099 bytes
Download progress: [================================================= ] 207224832/209662099 bytes
Download progress: [================================================= ] 207257600/209662099 bytes
Download progress: [================================================= ] 207290368/209662099 bytes
Download progress: [================================================= ] 207323136/209662099 bytes
Download progress: [================================================= ] 207355904/209662099 bytes
Download progress: [================================================= ] 207388672/209662099 bytes
Download progress: [================================================= ] 207421440/209662099 bytes
Download progress: [================================================= ] 207454208/209662099 bytes
Download progress: [================================================= ] 207486976/209662099 bytes
Download progress: [================================================= ] 207519744/209662099 bytes
Download progress: [================================================= ] 207552512/209662099 bytes
Download progress: [================================================= ] 207585280/209662099 bytes
Download progress: [================================================= ] 207618048/209662099 bytes
Download progress: [================================================= ] 207650816/209662099 bytes
Download progress: [================================================= ] 207683584/209662099 bytes
Download progress: [================================================= ] 207716352/209662099 bytes
Download progress: [================================================= ] 207749120/209662099 bytes
Download progress: [================================================= ] 207781888/209662099 bytes
Download progress: [================================================= ] 207814656/209662099 bytes
Download progress: [================================================= ] 207847424/209662099 bytes
Download progress: [================================================= ] 207880192/209662099 bytes
Download progress: [================================================= ] 207912960/209662099 bytes
Download progress: [================================================= ] 207945728/209662099 bytes
Download progress: [================================================= ] 207978496/209662099 bytes
Download progress: [================================================= ] 208011264/209662099 bytes
Download progress: [================================================= ] 208044032/209662099 bytes
Download progress: [================================================= ] 208076800/209662099 bytes
Download progress: [================================================= ] 208109568/209662099 bytes
Download progress: [================================================= ] 208142336/209662099 bytes
Download progress: [================================================= ] 208175104/209662099 bytes
Download progress: [================================================= ] 208207872/209662099 bytes
Download progress: [================================================= ] 208240640/209662099 bytes
Download progress: [================================================= ] 208273408/209662099 bytes
Download progress: [================================================= ] 208306176/209662099 bytes
Download progress: [================================================= ] 208338944/209662099 bytes
Download progress: [================================================= ] 208371712/209662099 bytes
Download progress: [================================================= ] 208404480/209662099 bytes
Download progress: [================================================= ] 208437248/209662099 bytes
Download progress: [================================================= ] 208470016/209662099 bytes
Download progress: [================================================= ] 208502784/209662099 bytes
Download progress: [================================================= ] 208535552/209662099 bytes
Download progress: [================================================= ] 208568320/209662099 bytes
Download progress: [================================================= ] 208601088/209662099 bytes
Download progress: [================================================= ] 208633856/209662099 bytes
Download progress: [================================================= ] 208666624/209662099 bytes
Download progress: [================================================= ] 208699392/209662099 bytes
Download progress: [================================================= ] 208732160/209662099 bytes
Download progress: [================================================= ] 208764928/209662099 bytes
Download progress: [================================================= ] 208797696/209662099 bytes
Download progress: [================================================= ] 208830464/209662099 bytes
Download progress: [================================================= ] 208863232/209662099 bytes
Download progress: [================================================= ] 208896000/209662099 bytes
Download progress: [================================================= ] 208928768/209662099 bytes
Download progress: [================================================= ] 208961536/209662099 bytes
Download progress: [================================================= ] 208994304/209662099 bytes
Download progress: [================================================= ] 209027072/209662099 bytes
Download progress: [================================================= ] 209059840/209662099 bytes
Download progress: [================================================= ] 209092608/209662099 bytes
Download progress: [================================================= ] 209125376/209662099 bytes
Download progress: [================================================= ] 209158144/209662099 bytes
Download progress: [================================================= ] 209190912/209662099 bytes
Download progress: [================================================= ] 209223680/209662099 bytes
Download progress: [================================================= ] 209256448/209662099 bytes
Download progress: [================================================= ] 209289216/209662099 bytes
Download progress: [================================================= ] 209321984/209662099 bytes
Download progress: [================================================= ] 209354752/209662099 bytes
Download progress: [================================================= ] 209387520/209662099 bytes
Download progress: [================================================= ] 209420288/209662099 bytes
Download progress: [================================================= ] 209453056/209662099 bytes
Download progress: [================================================= ] 209485824/209662099 bytes
Download progress: [================================================= ] 209518592/209662099 bytes
Download progress: [================================================= ] 209551360/209662099 bytes
Download progress: [================================================= ] 209584128/209662099 bytes
Download progress: [================================================= ] 209616896/209662099 bytes
Download progress: [================================================= ] 209649664/209662099 bytes
Download progress: [==================================================] 209662099/209662099 bytes
Download complete!

Extracting Gzip file...
Extraction complete!
Extracted file size: 1906.8 MB
Cleaned up gzip file
Processing JSON file...
Found 34820 companies in Telemark
Cleaned up temporary files
Saved file to D:\Scripts\analyse\Telemark\Python\Temp\enhetsregisteret_hovedenheter.csv
[2026-08-17 02:07:11] Row count changed: 34720 -> 34820

Added rows (showing up to 10):
Aktivitet: , Antall ansatte: 7456.0, Forretningsadresse - Kommune: Skien, NACE 1: 84.110, NACE 1 - Bransje: Generell offentlig administrasjon, NACE 2: , NACE 2 - Bransje: , NACE 3: , NACE 3 - Bransje: , Navn: Skien kommune, Org. nr.: 938759839, Organisasjonsform: Kommune, Overordnet enhet: , Postadresse - Kommune: Skien, Sektor: Kommuneforvaltningen, Sektorkode: 6500
Aktivitet: , Antall ansatte: 4766.0, Forretningsadresse - Kommune: Porsgrunn, NACE 1: 84.110, NACE 1 - Bransje: Generell offentlig administrasjon, NACE 2: , NACE 2 - Bransje: , NACE 3: , NACE 3 - Bransje: , Navn: Porsgrunn kommune, Org. nr.: 939991034, Organisasjonsform: Kommune, Overordnet enhet: , Postadresse - Kommune: Porsgrunn, Sektor: Kommuneforvaltningen, Sektorkode: 6500
Aktivitet: , Antall ansatte: 4730.0, Forretningsadresse - Kommune: Skien, NACE 1: 86.101, NACE 1 - Bransje: Somatiske sykehustjenester, NACE 2: 86.102, NACE 2 - Bransje: Psykiatriske sykehustjenester for voksne, NACE 3: 86.921, NACE 3 - Bransje: Ambulansetransport unntatt luftambulanse, Navn: Sykehuset Telemark HF, Org. nr.: 983975267, Organisasjonsform: Annet foretak iflg. sÃ¦rskilt lov, Overordnet enhet: , Postadresse - Kommune: Skien, Sektor: Statsforvaltningen, Sektorkode: 6100
Aktivitet: , Antall ansatte: 4157.0, Forretningsadresse - Kommune: Skien, NACE 1: 84.120, NACE 1 - Bransje: Offentlig administrasjon tilknyttet helsestell, undervisning, kultur og annen sosial virksomhet, NACE 2: , NACE 2 - Bransje: , NACE 3: , NACE 3 - Bransje: , Navn: Skien kommune - helse og mestring, Org. nr.: 986433007, Organisasjonsform: Organisasjonsledd, Overordnet enhet: 938759839, Postadresse - Kommune: Skien, Sektor: Kommuneforvaltningen, Sektorkode: 6500
Aktivitet: , Antall ansatte: 2293.0, Forretningsadresse - Kommune: Notodden, NACE 1: 84.110, NACE 1 - Bransje: Generell offentlig administrasjon, NACE 2: , NACE 2 - Bransje: , NACE 3: , NACE 3 - Bransje: , Navn: Notodden kommune, Org. nr.: 938583986, Organisasjonsform: Kommune, Overordnet enhet: , Postadresse - Kommune: Notodden, Sektor: Kommuneforvaltningen, Sektorkode: 6500
Aktivitet: , Antall ansatte: 2286.0, Forretningsadresse - Kommune: Skien, NACE 1: 84.120, NACE 1 - Bransje: Offentlig administrasjon tilknyttet helsestell, undervisning, kultur og annen sosial virksomhet, NACE 2: , NACE 2 - Bransje: , NACE 3: , NACE 3 - Bransje: , Navn: Skien kommune - oppvekst, Org. nr.: 974636247, Organisasjonsform: Organisasjonsledd, Overordnet enhet: 938759839, Postadresse - Kommune: Skien, Sektor: Kommuneforvaltningen, Sektorkode: 6500
Aktivitet: , Antall ansatte: 1997.0, Forretningsadresse - Kommune: Bamble, NACE 1: 84.110, NACE 1 - Bransje: Generell offentlig administrasjon, NACE 2: , NACE 2 - Bransje: , NACE 3: , NACE 3 - Bransje: , Navn: Bamble kommune, Org. nr.: 940244145, Organisasjonsform: Kommune, Overordnet enhet: , Postadresse - Kommune: Bamble, Sektor: Kommuneforvaltningen, Sektorkode: 6500
Aktivitet: , Antall ansatte: 1917.0, Forretningsadresse - Kommune: Skien, NACE 1: 84.110, NACE 1 - Bransje: Generell offentlig administrasjon, NACE 2: , NACE 2 - Bransje: , NACE 3: , NACE 3 - Bransje: , Navn: Telemark fylkeskommune, Org. nr.: 929882989, Organisasjonsform: Fylkeskommune, Overordnet enhet: , Postadresse - Kommune: Skien, Sektor: Kommuneforvaltningen, Sektorkode: 6500
Aktivitet: , Antall ansatte: 1697.0, Forretningsadresse - Kommune: Midt-Telemark, NACE 1: 84.110, NACE 1 - Bransje: Generell offentlig administrasjon, NACE 2: , NACE 2 - Bransje: , NACE 3: , NACE 3 - Bransje: , Navn: Midt-Telemark kommune, Org. nr.: 920297293, Organisasjonsform: Kommune, Overordnet enhet: , Postadresse - Kommune: , Sektor: Kommuneforvaltningen, Sektorkode: 6500
Aktivitet: , Antall ansatte: 1552.0, Forretningsadresse - Kommune: KragerÃ¸, NACE 1: 84.110, NACE 1 - Bransje: Generell offentlig administrasjon, NACE 2: , NACE 2 - Bransje: , NACE 3: , NACE 3 - Bransje: , Navn: KragerÃ¸ kommune, Org. nr.: 963946902, Organisasjonsform: Kommune, Overordnet enhet: , Postadresse - Kommune: KragerÃ¸, Sektor: Kommuneforvaltningen, Sektorkode: 6500
... and 2043 more rows
File uploaded successfully: Data/03_Arbeid og nÃ¦ringsliv/02_NÃ¦ringsliv/Virksomheter/enhetsregisteret_hovedenheter.csv
Email notifications disabled. Updates for enhetsregisteret_hovedenheter.csv were not sent.
Keeping CSV file: D:\Scripts\analyse\Telemark\Python\Temp\enhetsregisteret_hovedenheter.csv
New data detected and pushed to GitHub.
New data status log written to D:\Scripts\analyse\Telemark\Python\Log\new_data_status_Arbeid_og_naeringsliv_-_Enhetsregisteret_-_Hovedenheter.log


Errors/Warnings:
D:\Scripts\analyse\Telemark\Python\Queries/03_Arbeid_og_naeringsliv/NÃ¦ringsliv/Virksomheter/enhetsregisteret_hovedenheter.py:243: SyntaxWarning: invalid escape sequence '\['
  df_telemark['Aktivitet'] = df_telemark['Aktivitet'].str.replace('[\[\]]', '', regex=True)

