Fylke,År,Kjønn,Alder,Sykdomsgruppe,Måltall,Antall,SortKjonn,SortAlder,SortFylke
Hele landet,2024-01-01,Kjønn samlet,0-74 år,Psykiske symptomer og lidelser,"per 1000, standardisert",190.1,1,1,2
Hele landet,2024-01-01,Kjønn samlet,0-74 år,Psykiske symptomer,"per 1000, standardisert",140.6,1,1,2
Hele landet,2024-01-01,Kjønn samlet,0-74 år,Psykiske lidelser,"per 1000, standardisert",86.2,1,1,2
Hele landet,2024-01-01,Kjønn samlet,0-44 år,Psykiske symptomer og lidelser,"per 1000, standardisert",183.8,1,2,2
Hele landet,2024-01-01,Kjønn samlet,0-44 år,Psykiske symptomer,"per 1000, standardisert",130.7,1,2,2
Hele landet,2024-01-01,Kjønn samlet,0-44 år,Psykiske lidelser,"per 1000, standardisert",92.1,1,2,2
Hele landet,2024-01-01,Kjønn samlet,0-24 år,Psykiske symptomer og lidelser,"per 1000, standardisert",129.9,1,3,2
Hele landet,2024-01-01,Kjønn samlet,0-24 år,Psykiske symptomer,"per 1000, standardisert",88.3,1,3,2
Hele landet,2024-01-01,Kjønn samlet,0-24 år,Psykiske lidelser,"per 1000, standardisert",65.7,1,3,2
Hele landet,2024-01-01,Kjønn samlet,0-14 år,Psykiske symptomer og lidelser,"per 1000, standardisert",82.6,1,4,2
Hele landet,2024-01-01,Kjønn samlet,0-14 år,Psykiske symptomer,"per 1000, standardisert",58.1,1,4,2
Hele landet,2024-01-01,Kjønn samlet,0-14 år,Psykiske lidelser,"per 1000, standardisert",34.4,1,4,2
Hele landet,2024-01-01,Kjønn samlet,15-24 år,Psykiske symptomer og lidelser,"per 1000, standardisert",191.5,1,5,2
Hele landet,2024-01-01,Kjønn samlet,15-24 år,Psykiske symptomer,"per 1000, standardisert",127.5,1,5,2
Hele landet,2024-01-01,Kjønn samlet,15-24 år,Psykiske lidelser,"per 1000, standardisert",106.4,1,5,2
Hele landet,2024-01-01,Kjønn samlet,25-44 år,Psykiske symptomer og lidelser,"per 1000, standardisert",238.6,1,6,2
Hele landet,2024-01-01,Kjønn samlet,25-44 år,Psykiske symptomer,"per 1000, standardisert",173.8,1,6,2
Hele landet,2024-01-01,Kjønn samlet,25-44 år,Psykiske lidelser,"per 1000, standardisert",118.9,1,6,2
Hele landet,2024-01-01,Kjønn samlet,45-74 år,Psykiske symptomer og lidelser,"per 1000, standardisert",199.6,1,7,2
Hele landet,2024-01-01,Kjønn samlet,45-74 år,Psykiske symptomer,"per 1000, standardisert",155.8,1,7,2
Hele landet,2024-01-01,Kjønn samlet,45-74 år,Psykiske lidelser,"per 1000, standardisert",77.3,1,7,2
Hele landet,2024-01-01,Kjønn samlet,75-79 år,Psykiske symptomer og lidelser,"per 1000, standardisert",196.2,1,8,2
Hele landet,2024-01-01,Kjønn samlet,75-79 år,Psykiske symptomer,"per 1000, standardisert",152.8,1,8,2
Hele landet,2024-01-01,Kjønn samlet,75-79 år,Psykiske lidelser,"per 1000, standardisert",72.7,1,8,2
Hele landet,2024-01-01,Menn,0-74 år,Psykiske symptomer og lidelser,"per 1000, standardisert",157.2,2,1,2
Hele landet,2024-01-01,Menn,0-74 år,Psykiske symptomer,"per 1000, standardisert",113.2,2,1,2
Hele landet,2024-01-01,Menn,0-74 år,Psykiske lidelser,"per 1000, standardisert",73.2,2,1,2
Hele landet,2024-01-01,Menn,0-44 år,Psykiske symptomer og lidelser,"per 1000, standardisert",154.7,2,2,2
Hele landet,2024-01-01,Menn,0-44 år,Psykiske symptomer,"per 1000, standardisert",106.3,2,2,2
Hele landet,2024-01-01,Menn,0-44 år,Psykiske lidelser,"per 1000, standardisert",79.7,2,2,2
Hele landet,2024-01-01,Menn,0-24 år,Psykiske symptomer og lidelser,"per 1000, standardisert",120.6,2,3,2
Hele landet,2024-01-01,Menn,0-24 år,Psykiske symptomer,"per 1000, standardisert",78.9,2,3,2
Hele landet,2024-01-01,Menn,0-24 år,Psykiske lidelser,"per 1000, standardisert",61.8,2,3,2
Hele landet,2024-01-01,Menn,0-14 år,Psykiske symptomer og lidelser,"per 1000, standardisert",95.1,2,4,2
Hele landet,2024-01-01,Menn,0-14 år,Psykiske symptomer,"per 1000, standardisert",64.0,2,4,2
Hele landet,2024-01-01,Menn,0-14 år,Psykiske lidelser,"per 1000, standardisert",42.6,2,4,2
Hele landet,2024-01-01,Menn,15-24 år,Psykiske symptomer og lidelser,"per 1000, standardisert",153.6,2,5,2
Hele landet,2024-01-01,Menn,15-24 år,Psykiske symptomer,"per 1000, standardisert",98.2,2,5,2
Hele landet,2024-01-01,Menn,15-24 år,Psykiske lidelser,"per 1000, standardisert",86.7,2,5,2
Hele landet,2024-01-01,Menn,25-44 år,Psykiske symptomer og lidelser,"per 1000, standardisert",189.7,2,6,2
Hele landet,2024-01-01,Menn,25-44 år,Psykiske symptomer,"per 1000, standardisert",134.4,2,6,2
Hele landet,2024-01-01,Menn,25-44 år,Psykiske lidelser,"per 1000, standardisert",98.1,2,6,2
Hele landet,2024-01-01,Menn,45-74 år,Psykiske symptomer og lidelser,"per 1000, standardisert",160.9,2,7,2
Hele landet,2024-01-01,Menn,45-74 år,Psykiske symptomer,"per 1000, standardisert",124.1,2,7,2
Hele landet,2024-01-01,Menn,45-74 år,Psykiske lidelser,"per 1000, standardisert",62.9,2,7,2
Hele landet,2024-01-01,Menn,75-79 år,Psykiske symptomer og lidelser,"per 1000, standardisert",155.9,2,8,2
Hele landet,2024-01-01,Menn,75-79 år,Psykiske symptomer,"per 1000, standardisert",120.6,2,8,2
Hele landet,2024-01-01,Menn,75-79 år,Psykiske lidelser,"per 1000, standardisert",56.1,2,8,2
Hele landet,2024-01-01,Kvinner,0-74 år,Psykiske symptomer og lidelser,"per 1000, standardisert",224.3,3,1,2
Hele landet,2024-01-01,Kvinner,0-74 år,Psykiske symptomer,"per 1000, standardisert",169.0,3,1,2
Hele landet,2024-01-01,Kvinner,0-74 år,Psykiske lidelser,"per 1000, standardisert",99.8,3,1,2
Hele landet,2024-01-01,Kvinner,0-44 år,Psykiske symptomer og lidelser,"per 1000, standardisert",214.5,3,2,2
Hele landet,2024-01-01,Kvinner,0-44 år,Psykiske symptomer,"per 1000, standardisert",156.3,3,2,2
Hele landet,2024-01-01,Kvinner,0-44 år,Psykiske lidelser,"per 1000, standardisert",105.1,3,2,2
Hele landet,2024-01-01,Kvinner,0-24 år,Psykiske symptomer og lidelser,"per 1000, standardisert",139.9,3,3,2
Hele landet,2024-01-01,Kvinner,0-24 år,Psykiske symptomer,"per 1000, standardisert",98.3,3,3,2
Hele landet,2024-01-01,Kvinner,0-24 år,Psykiske lidelser,"per 1000, standardisert",69.8,3,3,2
Hele landet,2024-01-01,Kvinner,0-14 år,Psykiske symptomer og lidelser,"per 1000, standardisert",69.5,3,4,2
Hele landet,2024-01-01,Kvinner,0-14 år,Psykiske symptomer,"per 1000, standardisert",52.0,3,4,2
Hele landet,2024-01-01,Kvinner,0-14 år,Psykiske lidelser,"per 1000, standardisert",25.8,3,4,2
Hele landet,2024-01-01,Kvinner,15-24 år,Psykiske symptomer og lidelser,"per 1000, standardisert",231.6,3,5,2
Hele landet,2024-01-01,Kvinner,15-24 år,Psykiske symptomer,"per 1000, standardisert",158.6,3,5,2
Hele landet,2024-01-01,Kvinner,15-24 år,Psykiske lidelser,"per 1000, standardisert",127.2,3,5,2
Hele landet,2024-01-01,Kvinner,25-44 år,Psykiske symptomer og lidelser,"per 1000, standardisert",289.8,3,6,2
Hele landet,2024-01-01,Kvinner,25-44 år,Psykiske symptomer,"per 1000, standardisert",214.9,3,6,2
Hele landet,2024-01-01,Kvinner,25-44 år,Psykiske lidelser,"per 1000, standardisert",140.7,3,6,2
Hele landet,2024-01-01,Kvinner,45-74 år,Psykiske symptomer og lidelser,"per 1000, standardisert",239.1,3,7,2
Hele landet,2024-01-01,Kvinner,45-74 år,Psykiske symptomer,"per 1000, standardisert",188.1,3,7,2
Hele landet,2024-01-01,Kvinner,45-74 år,Psykiske lidelser,"per 1000, standardisert",91.9,3,7,2
Hele landet,2024-01-01,Kvinner,75-79 år,Psykiske symptomer og lidelser,"per 1000, standardisert",233.6,3,8,2
Hele landet,2024-01-01,Kvinner,75-79 år,Psykiske symptomer,"per 1000, standardisert",182.6,3,8,2
Hele landet,2024-01-01,Kvinner,75-79 år,Psykiske lidelser,"per 1000, standardisert",88.1,3,8,2
Oslo (fylke),2024-01-01,Kjønn samlet,0-74 år,Psykiske symptomer og lidelser,"per 1000, standardisert",185.8,1,1,10
Oslo (fylke),2024-01-01,Kjønn samlet,0-74 år,Psykiske symptomer,"per 1000, standardisert",139.1,1,1,10
Oslo (fylke),2024-01-01,Kjønn samlet,0-74 år,Psykiske lidelser,"per 1000, standardisert",81.6,1,1,10
Oslo (fylke),2024-01-01,Kjønn samlet,0-44 år,Psykiske symptomer og lidelser,"per 1000, standardisert",173.2,1,2,10
Oslo (fylke),2024-01-01,Kjønn samlet,0-44 år,Psykiske symptomer,"per 1000, standardisert",126.0,1,2,10
Oslo (fylke),2024-01-01,Kjønn samlet,0-44 år,Psykiske lidelser,"per 1000, standardisert",82.1,1,2,10
Oslo (fylke),2024-01-01,Kjønn samlet,0-24 år,Psykiske symptomer og lidelser,"per 1000, standardisert",118.5,1,3,10
Oslo (fylke),2024-01-01,Kjønn samlet,0-24 år,Psykiske symptomer,"per 1000, standardisert",83.1,1,3,10
Oslo (fylke),2024-01-01,Kjønn samlet,0-24 år,Psykiske lidelser,"per 1000, standardisert",55.4,1,3,10
Oslo (fylke),2024-01-01,Kjønn samlet,0-14 år,Psykiske symptomer og lidelser,"per 1000, standardisert",72.6,1,4,10
Oslo (fylke),2024-01-01,Kjønn samlet,0-14 år,Psykiske symptomer,"per 1000, standardisert",52.7,1,4,10
Oslo (fylke),2024-01-01,Kjønn samlet,0-14 år,Psykiske lidelser,"per 1000, standardisert",27.9,1,4,10
Oslo (fylke),2024-01-01,Kjønn samlet,15-24 år,Psykiske symptomer og lidelser,"per 1000, standardisert",178.1,1,5,10
Oslo (fylke),2024-01-01,Kjønn samlet,15-24 år,Psykiske symptomer,"per 1000, standardisert",122.5,1,5,10
Oslo (fylke),2024-01-01,Kjønn samlet,15-24 år,Psykiske lidelser,"per 1000, standardisert",91.0,1,5,10
Oslo (fylke),2024-01-01,Kjønn samlet,25-44 år,Psykiske symptomer og lidelser,"per 1000, standardisert",227.5,1,6,10
Oslo (fylke),2024-01-01,Kjønn samlet,25-44 år,Psykiske symptomer,"per 1000, standardisert",168.9,1,6,10
Oslo (fylke),2024-01-01,Kjønn samlet,25-44 år,Psykiske lidelser,"per 1000, standardisert",108.3,1,6,10
Oslo (fylke),2024-01-01,Kjønn samlet,45-74 år,Psykiske symptomer og lidelser,"per 1000, standardisert",209.3,1,7,10
Oslo (fylke),2024-01-01,Kjønn samlet,45-74 år,Psykiske symptomer,"per 1000, standardisert",161.4,1,7,10
Oslo (fylke),2024-01-01,Kjønn samlet,45-74 år,Psykiske lidelser,"per 1000, standardisert",84.0,1,7,10
Oslo (fylke),2024-01-01,Kjønn samlet,75-79 år,Psykiske symptomer og lidelser,"per 1000, standardisert",210.1,1,8,10
Oslo (fylke),2024-01-01,Kjønn samlet,75-79 år,Psykiske symptomer,"per 1000, standardisert",164.6,1,8,10
Oslo (fylke),2024-01-01,Kjønn samlet,75-79 år,Psykiske lidelser,"per 1000, standardisert",76.0,1,8,10
Oslo (fylke),2024-01-01,Menn,0-74 år,Psykiske symptomer og lidelser,"per 1000, standardisert",154.4,2,1,10
Oslo (fylke),2024-01-01,Menn,0-74 år,Psykiske symptomer,"per 1000, standardisert",112.6,2,1,10
Oslo (fylke),2024-01-01,Menn,0-74 år,Psykiske lidelser,"per 1000, standardisert",69.5,2,1,10
Oslo (fylke),2024-01-01,Menn,0-44 år,Psykiske symptomer og lidelser,"per 1000, standardisert",145.6,2,2,10
Oslo (fylke),2024-01-01,Menn,0-44 år,Psykiske symptomer,"per 1000, standardisert",102.1,2,2,10
Oslo (fylke),2024-01-01,Menn,0-44 år,Psykiske lidelser,"per 1000, standardisert",71.0,2,2,10
Oslo (fylke),2024-01-01,Menn,0-24 år,Psykiske symptomer og lidelser,"per 1000, standardisert",111.2,2,3,10
Oslo (fylke),2024-01-01,Menn,0-24 år,Psykiske symptomer,"per 1000, standardisert",75.5,2,3,10
Oslo (fylke),2024-01-01,Menn,0-24 år,Psykiske lidelser,"per 1000, standardisert",52.6,2,3,10
Oslo (fylke),2024-01-01,Menn,0-14 år,Psykiske symptomer og lidelser,"per 1000, standardisert",84.2,2,4,10
Oslo (fylke),2024-01-01,Menn,0-14 år,Psykiske symptomer,"per 1000, standardisert",58.8,2,4,10
Oslo (fylke),2024-01-01,Menn,0-14 år,Psykiske lidelser,"per 1000, standardisert",34.9,2,4,10
Oslo (fylke),2024-01-01,Menn,15-24 år,Psykiske symptomer og lidelser,"per 1000, standardisert",146.4,2,5,10
Oslo (fylke),2024-01-01,Menn,15-24 år,Psykiske symptomer,"per 1000, standardisert",97.1,2,5,10
Oslo (fylke),2024-01-01,Menn,15-24 år,Psykiske lidelser,"per 1000, standardisert",75.6,2,5,10
Oslo (fylke),2024-01-01,Menn,25-44 år,Psykiske symptomer og lidelser,"per 1000, standardisert",180.0,2,6,10
Oslo (fylke),2024-01-01,Menn,25-44 år,Psykiske symptomer,"per 1000, standardisert",129.3,2,6,10
Oslo (fylke),2024-01-01,Menn,25-44 år,Psykiske lidelser,"per 1000, standardisert",89.0,2,6,10
Oslo (fylke),2024-01-01,Menn,45-74 år,Psykiske symptomer og lidelser,"per 1000, standardisert",171.6,2,7,10
Oslo (fylke),2024-01-01,Menn,45-74 år,Psykiske symptomer,"per 1000, standardisert",130.8,2,7,10
Oslo (fylke),2024-01-01,Menn,45-74 år,Psykiske lidelser,"per 1000, standardisert",69.7,2,7,10
Oslo (fylke),2024-01-01,Menn,75-79 år,Psykiske symptomer og lidelser,"per 1000, standardisert",171.9,2,8,10
Oslo (fylke),2024-01-01,Menn,75-79 år,Psykiske symptomer,"per 1000, standardisert",134.4,2,8,10
Oslo (fylke),2024-01-01,Menn,75-79 år,Psykiske lidelser,"per 1000, standardisert",60.1,2,8,10
Oslo (fylke),2024-01-01,Kvinner,0-74 år,Psykiske symptomer og lidelser,"per 1000, standardisert",218.5,3,1,10
Oslo (fylke),2024-01-01,Kvinner,0-74 år,Psykiske symptomer,"per 1000, standardisert",166.7,3,1,10
Oslo (fylke),2024-01-01,Kvinner,0-74 år,Psykiske lidelser,"per 1000, standardisert",94.2,3,1,10
Oslo (fylke),2024-01-01,Kvinner,0-44 år,Psykiske symptomer og lidelser,"per 1000, standardisert",202.2,3,2,10
Oslo (fylke),2024-01-01,Kvinner,0-44 år,Psykiske symptomer,"per 1000, standardisert",151.0,3,2,10
Oslo (fylke),2024-01-01,Kvinner,0-44 år,Psykiske lidelser,"per 1000, standardisert",93.8,3,2,10
Oslo (fylke),2024-01-01,Kvinner,0-24 år,Psykiske symptomer og lidelser,"per 1000, standardisert",126.4,3,3,10
Oslo (fylke),2024-01-01,Kvinner,0-24 år,Psykiske symptomer,"per 1000, standardisert",91.3,3,3,10
Oslo (fylke),2024-01-01,Kvinner,0-24 år,Psykiske lidelser,"per 1000, standardisert",58.3,3,3,10
Oslo (fylke),2024-01-01,Kvinner,0-14 år,Psykiske symptomer og lidelser,"per 1000, standardisert",60.4,3,4,10
Oslo (fylke),2024-01-01,Kvinner,0-14 år,Psykiske symptomer,"per 1000, standardisert",46.1,3,4,10
Oslo (fylke),2024-01-01,Kvinner,0-14 år,Psykiske lidelser,"per 1000, standardisert",20.5,3,4,10
Oslo (fylke),2024-01-01,Kvinner,15-24 år,Psykiske symptomer og lidelser,"per 1000, standardisert",212.1,3,5,10
Oslo (fylke),2024-01-01,Kvinner,15-24 år,Psykiske symptomer,"per 1000, standardisert",149.8,3,5,10
Oslo (fylke),2024-01-01,Kvinner,15-24 år,Psykiske lidelser,"per 1000, standardisert",107.4,3,5,10
Oslo (fylke),2024-01-01,Kvinner,25-44 år,Psykiske symptomer og lidelser,"per 1000, standardisert",277.1,3,6,10
Oslo (fylke),2024-01-01,Kvinner,25-44 år,Psykiske symptomer,"per 1000, standardisert",210.3,3,6,10
Oslo (fylke),2024-01-01,Kvinner,25-44 år,Psykiske lidelser,"per 1000, standardisert",128.4,3,6,10
Oslo (fylke),2024-01-01,Kvinner,45-74 år,Psykiske symptomer og lidelser,"per 1000, standardisert",247.8,3,7,10
Oslo (fylke),2024-01-01,Kvinner,45-74 år,Psykiske symptomer,"per 1000, standardisert",192.7,3,7,10
Oslo (fylke),2024-01-01,Kvinner,45-74 år,Psykiske lidelser,"per 1000, standardisert",98.7,3,7,10
Oslo (fylke),2024-01-01,Kvinner,75-79 år,Psykiske symptomer og lidelser,"per 1000, standardisert",245.8,3,8,10
Oslo (fylke),2024-01-01,Kvinner,75-79 år,Psykiske symptomer,"per 1000, standardisert",192.8,3,8,10
Oslo (fylke),2024-01-01,Kvinner,75-79 år,Psykiske lidelser,"per 1000, standardisert",90.9,3,8,10
Østfold,2024-01-01,Kjønn samlet,0-74 år,Psykiske symptomer og lidelser,"per 1000, standardisert",208.6,1,1,16
Østfold,2024-01-01,Kjønn samlet,0-74 år,Psykiske symptomer,"per 1000, standardisert",150.8,1,1,16
Østfold,2024-01-01,Kjønn samlet,0-74 år,Psykiske lidelser,"per 1000, standardisert",99.6,1,1,16
Østfold,2024-01-01,Kjønn samlet,0-44 år,Psykiske symptomer og lidelser,"per 1000, standardisert",203.8,1,2,16
Østfold,2024-01-01,Kjønn samlet,0-44 år,Psykiske symptomer,"per 1000, standardisert",141.0,1,2,16
Østfold,2024-01-01,Kjønn samlet,0-44 år,Psykiske lidelser,"per 1000, standardisert",107.4,1,2,16
Østfold,2024-01-01,Kjønn samlet,0-24 år,Psykiske symptomer og lidelser,"per 1000, standardisert",143.0,1,3,16
Østfold,2024-01-01,Kjønn samlet,0-24 år,Psykiske symptomer,"per 1000, standardisert",95.1,1,3,16
Østfold,2024-01-01,Kjønn samlet,0-24 år,Psykiske lidelser,"per 1000, standardisert",74.4,1,3,16
Østfold,2024-01-01,Kjønn samlet,0-14 år,Psykiske symptomer og lidelser,"per 1000, standardisert",93.7,1,4,16
Østfold,2024-01-01,Kjønn samlet,0-14 år,Psykiske symptomer,"per 1000, standardisert",64.0,1,4,16
Østfold,2024-01-01,Kjønn samlet,0-14 år,Psykiske lidelser,"per 1000, standardisert",41.2,1,4,16
Østfold,2024-01-01,Kjønn samlet,15-24 år,Psykiske symptomer og lidelser,"per 1000, standardisert",207.0,1,5,16
Østfold,2024-01-01,Kjønn samlet,15-24 år,Psykiske symptomer,"per 1000, standardisert",135.4,1,5,16
Østfold,2024-01-01,Kjønn samlet,15-24 år,Psykiske lidelser,"per 1000, standardisert",117.5,1,5,16
Østfold,2024-01-01,Kjønn samlet,25-44 år,Psykiske symptomer og lidelser,"per 1000, standardisert",265.8,1,6,16
Østfold,2024-01-01,Kjønn samlet,25-44 år,Psykiske symptomer,"per 1000, standardisert",187.7,1,6,16
Østfold,2024-01-01,Kjønn samlet,25-44 år,Psykiske lidelser,"per 1000, standardisert",141.2,1,6,16
Østfold,2024-01-01,Kjønn samlet,45-74 år,Psykiske symptomer og lidelser,"per 1000, standardisert",216.3,1,7,16
Østfold,2024-01-01,Kjønn samlet,45-74 år,Psykiske symptomer,"per 1000, standardisert",166.2,1,7,16
Østfold,2024-01-01,Kjønn samlet,45-74 år,Psykiske lidelser,"per 1000, standardisert",87.9,1,7,16
Østfold,2024-01-01,Kjønn samlet,75-79 år,Psykiske symptomer og lidelser,"per 1000, standardisert",197.9,1,8,16
Østfold,2024-01-01,Kjønn samlet,75-79 år,Psykiske symptomer,"per 1000, standardisert",155.5,1,8,16
Østfold,2024-01-01,Kjønn samlet,75-79 år,Psykiske lidelser,"per 1000, standardisert",73.0,1,8,16
Østfold,2024-01-01,Menn,0-74 år,Psykiske symptomer og lidelser,"per 1000, standardisert",176.7,2,1,16
Østfold,2024-01-01,Menn,0-74 år,Psykiske symptomer,"per 1000, standardisert",125.4,2,1,16
Østfold,2024-01-01,Menn,0-74 år,Psykiske lidelser,"per 1000, standardisert",85.3,2,1,16
Østfold,2024-01-01,Menn,0-44 år,Psykiske symptomer og lidelser,"per 1000, standardisert",174.4,2,2,16
Østfold,2024-01-01,Menn,0-44 år,Psykiske symptomer,"per 1000, standardisert",117.7,2,2,16
Østfold,2024-01-01,Menn,0-44 år,Psykiske lidelser,"per 1000, standardisert",92.8,2,2,16
Østfold,2024-01-01,Menn,0-24 år,Psykiske symptomer og lidelser,"per 1000, standardisert",133.7,2,3,16
Østfold,2024-01-01,Menn,0-24 år,Psykiske symptomer,"per 1000, standardisert",86.1,2,3,16
Østfold,2024-01-01,Menn,0-24 år,Psykiske lidelser,"per 1000, standardisert",70.4,2,3,16
Østfold,2024-01-01,Menn,0-14 år,Psykiske symptomer og lidelser,"per 1000, standardisert",107.9,2,4,16
Østfold,2024-01-01,Menn,0-14 år,Psykiske symptomer,"per 1000, standardisert",70.9,2,4,16
Østfold,2024-01-01,Menn,0-14 år,Psykiske lidelser,"per 1000, standardisert",50.6,2,4,16
Østfold,2024-01-01,Menn,15-24 år,Psykiske symptomer og lidelser,"per 1000, standardisert",167.3,2,5,16
Østfold,2024-01-01,Menn,15-24 år,Psykiske symptomer,"per 1000, standardisert",105.9,2,5,16
Østfold,2024-01-01,Menn,15-24 år,Psykiske lidelser,"per 1000, standardisert",96.0,2,5,16
Østfold,2024-01-01,Menn,25-44 år,Psykiske symptomer og lidelser,"per 1000, standardisert",216.1,2,6,16
Østfold,2024-01-01,Menn,25-44 år,Psykiske symptomer,"per 1000, standardisert",150.1,2,6,16
Østfold,2024-01-01,Menn,25-44 år,Psykiske lidelser,"per 1000, standardisert",116.0,2,6,16
Østfold,2024-01-01,Menn,45-74 år,Psykiske symptomer og lidelser,"per 1000, standardisert",180.5,2,7,16
Østfold,2024-01-01,Menn,45-74 år,Psykiske symptomer,"per 1000, standardisert",137.4,2,7,16
Østfold,2024-01-01,Menn,45-74 år,Psykiske lidelser,"per 1000, standardisert",73.6,2,7,16
Østfold,2024-01-01,Menn,75-79 år,Psykiske symptomer og lidelser,"per 1000, standardisert",150.3,2,8,16
Østfold,2024-01-01,Menn,75-79 år,Psykiske symptomer,"per 1000, standardisert",119.3,2,8,16
Østfold,2024-01-01,Menn,75-79 år,Psykiske lidelser,"per 1000, standardisert",53.6,2,8,16
Østfold,2024-01-01,Kvinner,0-74 år,Psykiske symptomer og lidelser,"per 1000, standardisert",241.6,3,1,16
Østfold,2024-01-01,Kvinner,0-74 år,Psykiske symptomer,"per 1000, standardisert",177.3,3,1,16
Østfold,2024-01-01,Kvinner,0-74 år,Psykiske lidelser,"per 1000, standardisert",114.5,3,1,16
Østfold,2024-01-01,Kvinner,0-44 år,Psykiske symptomer og lidelser,"per 1000, standardisert",234.8,3,2,16
Østfold,2024-01-01,Kvinner,0-44 år,Psykiske symptomer,"per 1000, standardisert",165.4,3,2,16
Østfold,2024-01-01,Kvinner,0-44 år,Psykiske lidelser,"per 1000, standardisert",122.8,3,2,16
Østfold,2024-01-01,Kvinner,0-24 år,Psykiske symptomer og lidelser,"per 1000, standardisert",152.7,3,3,16
Østfold,2024-01-01,Kvinner,0-24 år,Psykiske symptomer,"per 1000, standardisert",104.5,3,3,16
Østfold,2024-01-01,Kvinner,0-24 år,Psykiske lidelser,"per 1000, standardisert",78.7,3,3,16
Østfold,2024-01-01,Kvinner,0-14 år,Psykiske symptomer og lidelser,"per 1000, standardisert",78.7,3,4,16
Østfold,2024-01-01,Kvinner,0-14 år,Psykiske symptomer,"per 1000, standardisert",56.8,3,4,16
Østfold,2024-01-01,Kvinner,0-14 år,Psykiske lidelser,"per 1000, standardisert",31.3,3,4,16
Østfold,2024-01-01,Kvinner,15-24 år,Psykiske symptomer og lidelser,"per 1000, standardisert",248.9,3,5,16
Østfold,2024-01-01,Kvinner,15-24 år,Psykiske symptomer,"per 1000, standardisert",166.6,3,5,16
Østfold,2024-01-01,Kvinner,15-24 år,Psykiske lidelser,"per 1000, standardisert",140.4,3,5,16
Østfold,2024-01-01,Kvinner,25-44 år,Psykiske symptomer og lidelser,"per 1000, standardisert",317.8,3,6,16
Østfold,2024-01-01,Kvinner,25-44 år,Psykiske symptomer,"per 1000, standardisert",226.9,3,6,16
Østfold,2024-01-01,Kvinner,25-44 år,Psykiske lidelser,"per 1000, standardisert",167.5,3,6,16
Østfold,2024-01-01,Kvinner,45-74 år,Psykiske symptomer og lidelser,"per 1000, standardisert",252.8,3,7,16
Østfold,2024-01-01,Kvinner,45-74 år,Psykiske symptomer,"per 1000, standardisert",195.6,3,7,16
Østfold,2024-01-01,Kvinner,45-74 år,Psykiske lidelser,"per 1000, standardisert",102.4,3,7,16
Østfold,2024-01-01,Kvinner,75-79 år,Psykiske symptomer og lidelser,"per 1000, standardisert",241.8,3,8,16
Østfold,2024-01-01,Kvinner,75-79 år,Psykiske symptomer,"per 1000, standardisert",189.0,3,8,16
Østfold,2024-01-01,Kvinner,75-79 år,Psykiske lidelser,"per 1000, standardisert",90.9,3,8,16
Akershus,2024-01-01,Kjønn samlet,0-74 år,Psykiske symptomer og lidelser,"per 1000, standardisert",188.1,1,1,4
Akershus,2024-01-01,Kjønn samlet,0-74 år,Psykiske symptomer,"per 1000, standardisert",141.8,1,1,4
Akershus,2024-01-01,Kjønn samlet,0-74 år,Psykiske lidelser,"per 1000, standardisert",82.6,1,1,4
Akershus,2024-01-01,Kjønn samlet,0-44 år,Psykiske symptomer og lidelser,"per 1000, standardisert",179.6,1,2,4
Akershus,2024-01-01,Kjønn samlet,0-44 år,Psykiske symptomer,"per 1000, standardisert",130.2,1,2,4
Akershus,2024-01-01,Kjønn samlet,0-44 år,Psykiske lidelser,"per 1000, standardisert",87.3,1,2,4
Akershus,2024-01-01,Kjønn samlet,0-24 år,Psykiske symptomer og lidelser,"per 1000, standardisert",126.3,1,3,4
Akershus,2024-01-01,Kjønn samlet,0-24 år,Psykiske symptomer,"per 1000, standardisert",87.2,1,3,4
Akershus,2024-01-01,Kjønn samlet,0-24 år,Psykiske lidelser,"per 1000, standardisert",62.7,1,3,4
Akershus,2024-01-01,Kjønn samlet,0-14 år,Psykiske symptomer og lidelser,"per 1000, standardisert",79.9,1,4,4
Akershus,2024-01-01,Kjønn samlet,0-14 år,Psykiske symptomer,"per 1000, standardisert",57.6,1,4,4
Akershus,2024-01-01,Kjønn samlet,0-14 år,Psykiske lidelser,"per 1000, standardisert",31.8,1,4,4
Akershus,2024-01-01,Kjønn samlet,15-24 år,Psykiske symptomer og lidelser,"per 1000, standardisert",186.9,1,5,4
Akershus,2024-01-01,Kjønn samlet,15-24 år,Psykiske symptomer,"per 1000, standardisert",125.6,1,5,4
Akershus,2024-01-01,Kjønn samlet,15-24 år,Psykiske lidelser,"per 1000, standardisert",103.1,1,5,4
Akershus,2024-01-01,Kjønn samlet,25-44 år,Psykiske symptomer og lidelser,"per 1000, standardisert",233.7,1,6,4
Akershus,2024-01-01,Kjønn samlet,25-44 år,Psykiske symptomer,"per 1000, standardisert",173.9,1,6,4
Akershus,2024-01-01,Kjønn samlet,25-44 år,Psykiske lidelser,"per 1000, standardisert",112.2,1,6,4
Akershus,2024-01-01,Kjønn samlet,45-74 år,Psykiske symptomer og lidelser,"per 1000, standardisert",201.0,1,7,4
Akershus,2024-01-01,Kjønn samlet,45-74 år,Psykiske symptomer,"per 1000, standardisert",159.7,1,7,4
Akershus,2024-01-01,Kjønn samlet,45-74 år,Psykiske lidelser,"per 1000, standardisert",75.3,1,7,4
Akershus,2024-01-01,Kjønn samlet,75-79 år,Psykiske symptomer og lidelser,"per 1000, standardisert",197.9,1,8,4
Akershus,2024-01-01,Kjønn samlet,75-79 år,Psykiske symptomer,"per 1000, standardisert",158.7,1,8,4
Akershus,2024-01-01,Kjønn samlet,75-79 år,Psykiske lidelser,"per 1000, standardisert",67.6,1,8,4
Akershus,2024-01-01,Menn,0-74 år,Psykiske symptomer og lidelser,"per 1000, standardisert",153.8,2,1,4
Akershus,2024-01-01,Menn,0-74 år,Psykiske symptomer,"per 1000, standardisert",112.9,2,1,4
Akershus,2024-01-01,Menn,0-74 år,Psykiske lidelser,"per 1000, standardisert",69.5,2,1,4
Akershus,2024-01-01,Menn,0-44 år,Psykiske symptomer og lidelser,"per 1000, standardisert",149.8,2,2,4
Akershus,2024-01-01,Menn,0-44 år,Psykiske symptomer,"per 1000, standardisert",104.7,2,2,4
Akershus,2024-01-01,Menn,0-44 år,Psykiske lidelser,"per 1000, standardisert",75.3,2,2,4
Akershus,2024-01-01,Menn,0-24 år,Psykiske symptomer og lidelser,"per 1000, standardisert",116.8,2,3,4
Akershus,2024-01-01,Menn,0-24 år,Psykiske symptomer,"per 1000, standardisert",77.8,2,3,4
Akershus,2024-01-01,Menn,0-24 år,Psykiske lidelser,"per 1000, standardisert",58.1,2,3,4
Akershus,2024-01-01,Menn,0-14 år,Psykiske symptomer og lidelser,"per 1000, standardisert",91.3,2,4,4
Akershus,2024-01-01,Menn,0-14 år,Psykiske symptomer,"per 1000, standardisert",63.3,2,4,4
Akershus,2024-01-01,Menn,0-14 år,Psykiske lidelser,"per 1000, standardisert",38.6,2,4,4
Akershus,2024-01-01,Menn,15-24 år,Psykiske symptomer og lidelser,"per 1000, standardisert",149.9,2,5,4
Akershus,2024-01-01,Menn,15-24 år,Psykiske symptomer,"per 1000, standardisert",96.8,2,5,4
Akershus,2024-01-01,Menn,15-24 år,Psykiske lidelser,"per 1000, standardisert",83.5,2,5,4
Akershus,2024-01-01,Menn,25-44 år,Psykiske symptomer og lidelser,"per 1000, standardisert",183.5,2,6,4
Akershus,2024-01-01,Menn,25-44 år,Psykiske symptomer,"per 1000, standardisert",132.1,2,6,4
Akershus,2024-01-01,Menn,25-44 år,Psykiske lidelser,"per 1000, standardisert",93.0,2,6,4
Akershus,2024-01-01,Menn,45-74 år,Psykiske symptomer og lidelser,"per 1000, standardisert",160.1,2,7,4
Akershus,2024-01-01,Menn,45-74 år,Psykiske symptomer,"per 1000, standardisert",125.6,2,7,4
Akershus,2024-01-01,Menn,45-74 år,Psykiske lidelser,"per 1000, standardisert",60.4,2,7,4
Akershus,2024-01-01,Menn,75-79 år,Psykiske symptomer og lidelser,"per 1000, standardisert",159.2,2,8,4
Akershus,2024-01-01,Menn,75-79 år,Psykiske symptomer,"per 1000, standardisert",126.6,2,8,4
Akershus,2024-01-01,Menn,75-79 år,Psykiske lidelser,"per 1000, standardisert",51.9,2,8,4
Akershus,2024-01-01,Kvinner,0-74 år,Psykiske symptomer og lidelser,"per 1000, standardisert",223.7,3,1,4
Akershus,2024-01-01,Kvinner,0-74 år,Psykiske symptomer,"per 1000, standardisert",171.9,3,1,4
Akershus,2024-01-01,Kvinner,0-74 år,Psykiske lidelser,"per 1000, standardisert",96.2,3,1,4
Akershus,2024-01-01,Kvinner,0-44 år,Psykiske symptomer og lidelser,"per 1000, standardisert",210.9,3,2,4
Akershus,2024-01-01,Kvinner,0-44 år,Psykiske symptomer,"per 1000, standardisert",157.0,3,2,4
Akershus,2024-01-01,Kvinner,0-44 år,Psykiske lidelser,"per 1000, standardisert",99.8,3,2,4
Akershus,2024-01-01,Kvinner,0-24 år,Psykiske symptomer og lidelser,"per 1000, standardisert",136.5,3,3,4
Akershus,2024-01-01,Kvinner,0-24 år,Psykiske symptomer,"per 1000, standardisert",97.1,3,3,4
Akershus,2024-01-01,Kvinner,0-24 år,Psykiske lidelser,"per 1000, standardisert",67.7,3,3,4
Akershus,2024-01-01,Kvinner,0-14 år,Psykiske symptomer og lidelser,"per 1000, standardisert",67.7,3,4,4
Akershus,2024-01-01,Kvinner,0-14 år,Psykiske symptomer,"per 1000, standardisert",51.6,3,4,4
Akershus,2024-01-01,Kvinner,0-14 år,Psykiske lidelser,"per 1000, standardisert",24.5,3,4,4
Akershus,2024-01-01,Kvinner,15-24 år,Psykiske symptomer og lidelser,"per 1000, standardisert",226.1,3,5,4
Akershus,2024-01-01,Kvinner,15-24 år,Psykiske symptomer,"per 1000, standardisert",156.2,3,5,4
Akershus,2024-01-01,Kvinner,15-24 år,Psykiske lidelser,"per 1000, standardisert",123.9,3,5,4
Akershus,2024-01-01,Kvinner,25-44 år,Psykiske symptomer og lidelser,"per 1000, standardisert",286.2,3,6,4
Akershus,2024-01-01,Kvinner,25-44 år,Psykiske symptomer,"per 1000, standardisert",217.6,3,6,4
Akershus,2024-01-01,Kvinner,25-44 år,Psykiske lidelser,"per 1000, standardisert",132.2,3,6,4
Akershus,2024-01-01,Kvinner,45-74 år,Psykiske symptomer og lidelser,"per 1000, standardisert",242.8,3,7,4
Akershus,2024-01-01,Kvinner,45-74 år,Psykiske symptomer,"per 1000, standardisert",194.4,3,7,4
Akershus,2024-01-01,Kvinner,45-74 år,Psykiske lidelser,"per 1000, standardisert",90.6,3,7,4
Akershus,2024-01-01,Kvinner,75-79 år,Psykiske symptomer og lidelser,"per 1000, standardisert",233.8,3,8,4
Akershus,2024-01-01,Kvinner,75-79 år,Psykiske symptomer,"per 1000, standardisert",188.7,3,8,4
Akershus,2024-01-01,Kvinner,75-79 år,Psykiske lidelser,"per 1000, standardisert",82.2,3,8,4
Buskerud,2024-01-01,Kjønn samlet,0-74 år,Psykiske symptomer og lidelser,"per 1000, standardisert",195.9,1,1,5
Buskerud,2024-01-01,Kjønn samlet,0-74 år,Psykiske symptomer,"per 1000, standardisert",139.7,1,1,5
Buskerud,2024-01-01,Kjønn samlet,0-74 år,Psykiske lidelser,"per 1000, standardisert",96.0,1,1,5
Buskerud,2024-01-01,Kjønn samlet,0-44 år,Psykiske symptomer og lidelser,"per 1000, standardisert",189.1,1,2,5
Buskerud,2024-01-01,Kjønn samlet,0-44 år,Psykiske symptomer,"per 1000, standardisert",130.5,1,2,5
Buskerud,2024-01-01,Kjønn samlet,0-44 år,Psykiske lidelser,"per 1000, standardisert",100.6,1,2,5
Buskerud,2024-01-01,Kjønn samlet,0-24 år,Psykiske symptomer og lidelser,"per 1000, standardisert",134.7,1,3,5
Buskerud,2024-01-01,Kjønn samlet,0-24 år,Psykiske symptomer,"per 1000, standardisert",89.1,1,3,5
Buskerud,2024-01-01,Kjønn samlet,0-24 år,Psykiske lidelser,"per 1000, standardisert",71.8,1,3,5
Buskerud,2024-01-01,Kjønn samlet,0-14 år,Psykiske symptomer og lidelser,"per 1000, standardisert",86.9,1,4,5
Buskerud,2024-01-01,Kjønn samlet,0-14 år,Psykiske symptomer,"per 1000, standardisert",61.0,1,4,5
Buskerud,2024-01-01,Kjønn samlet,0-14 år,Psykiske lidelser,"per 1000, standardisert",36.9,1,4,5
Buskerud,2024-01-01,Kjønn samlet,15-24 år,Psykiske symptomer og lidelser,"per 1000, standardisert",196.9,1,5,5
Buskerud,2024-01-01,Kjønn samlet,15-24 år,Psykiske symptomer,"per 1000, standardisert",125.5,1,5,5
Buskerud,2024-01-01,Kjønn samlet,15-24 år,Psykiske lidelser,"per 1000, standardisert",117.2,1,5,5
Buskerud,2024-01-01,Kjønn samlet,25-44 år,Psykiske symptomer og lidelser,"per 1000, standardisert",244.3,1,6,5
Buskerud,2024-01-01,Kjønn samlet,25-44 år,Psykiske symptomer,"per 1000, standardisert",172.7,1,6,5
Buskerud,2024-01-01,Kjønn samlet,25-44 år,Psykiske lidelser,"per 1000, standardisert",129.8,1,6,5
Buskerud,2024-01-01,Kjønn samlet,45-74 år,Psykiske symptomer og lidelser,"per 1000, standardisert",206.3,1,7,5
Buskerud,2024-01-01,Kjønn samlet,45-74 år,Psykiske symptomer,"per 1000, standardisert",153.9,1,7,5
Buskerud,2024-01-01,Kjønn samlet,45-74 år,Psykiske lidelser,"per 1000, standardisert",88.7,1,7,5
Buskerud,2024-01-01,Kjønn samlet,75-79 år,Psykiske symptomer og lidelser,"per 1000, standardisert",200.4,1,8,5
Buskerud,2024-01-01,Kjønn samlet,75-79 år,Psykiske symptomer,"per 1000, standardisert",150.3,1,8,5
Buskerud,2024-01-01,Kjønn samlet,75-79 år,Psykiske lidelser,"per 1000, standardisert",81.0,1,8,5
Buskerud,2024-01-01,Menn,0-74 år,Psykiske symptomer og lidelser,"per 1000, standardisert",163.9,2,1,5
Buskerud,2024-01-01,Menn,0-74 år,Psykiske symptomer,"per 1000, standardisert",115.0,2,1,5
Buskerud,2024-01-01,Menn,0-74 år,Psykiske lidelser,"per 1000, standardisert",81.3,2,1,5
Buskerud,2024-01-01,Menn,0-44 år,Psykiske symptomer og lidelser,"per 1000, standardisert",161.0,2,2,5
Buskerud,2024-01-01,Menn,0-44 år,Psykiske symptomer,"per 1000, standardisert",108.0,2,2,5
Buskerud,2024-01-01,Menn,0-44 år,Psykiske lidelser,"per 1000, standardisert",87.7,2,2,5
Buskerud,2024-01-01,Menn,0-24 år,Psykiske symptomer og lidelser,"per 1000, standardisert",126.0,2,3,5
Buskerud,2024-01-01,Menn,0-24 år,Psykiske symptomer,"per 1000, standardisert",80.3,2,3,5
Buskerud,2024-01-01,Menn,0-24 år,Psykiske lidelser,"per 1000, standardisert",68.5,2,3,5
Buskerud,2024-01-01,Menn,0-14 år,Psykiske symptomer og lidelser,"per 1000, standardisert",100.6,2,4,5
Buskerud,2024-01-01,Menn,0-14 år,Psykiske symptomer,"per 1000, standardisert",67.9,2,4,5
Buskerud,2024-01-01,Menn,0-14 år,Psykiske lidelser,"per 1000, standardisert",45.8,2,4,5
Buskerud,2024-01-01,Menn,15-24 år,Psykiske symptomer og lidelser,"per 1000, standardisert",159.0,2,5,5
Buskerud,2024-01-01,Menn,15-24 år,Psykiske symptomer,"per 1000, standardisert",96.4,2,5,5
Buskerud,2024-01-01,Menn,15-24 år,Psykiske lidelser,"per 1000, standardisert",98.0,2,5,5
Buskerud,2024-01-01,Menn,25-44 år,Psykiske symptomer og lidelser,"per 1000, standardisert",196.8,2,6,5
Buskerud,2024-01-01,Menn,25-44 år,Psykiske symptomer,"per 1000, standardisert",136.4,2,6,5
Buskerud,2024-01-01,Menn,25-44 år,Psykiske lidelser,"per 1000, standardisert",107.3,2,6,5
Buskerud,2024-01-01,Menn,45-74 år,Psykiske symptomer og lidelser,"per 1000, standardisert",168.3,2,7,5
Buskerud,2024-01-01,Menn,45-74 år,Psykiske symptomer,"per 1000, standardisert",125.8,2,7,5
Buskerud,2024-01-01,Menn,45-74 år,Psykiske lidelser,"per 1000, standardisert",71.1,2,7,5
Buskerud,2024-01-01,Menn,75-79 år,Psykiske symptomer og lidelser,"per 1000, standardisert",165.4,2,8,5
Buskerud,2024-01-01,Menn,75-79 år,Psykiske symptomer,"per 1000, standardisert",125.2,2,8,5
Buskerud,2024-01-01,Menn,75-79 år,Psykiske lidelser,"per 1000, standardisert",65.2,2,8,5
Buskerud,2024-01-01,Kvinner,0-74 år,Psykiske symptomer og lidelser,"per 1000, standardisert",229.2,3,1,5
Buskerud,2024-01-01,Kvinner,0-74 år,Psykiske symptomer,"per 1000, standardisert",165.4,3,1,5
Buskerud,2024-01-01,Kvinner,0-74 år,Psykiske lidelser,"per 1000, standardisert",111.3,3,1,5
Buskerud,2024-01-01,Kvinner,0-44 år,Psykiske symptomer og lidelser,"per 1000, standardisert",218.6,3,2,5
Buskerud,2024-01-01,Kvinner,0-44 år,Psykiske symptomer,"per 1000, standardisert",154.2,3,2,5
Buskerud,2024-01-01,Kvinner,0-44 år,Psykiske lidelser,"per 1000, standardisert",114.1,3,2,5
Buskerud,2024-01-01,Kvinner,0-24 år,Psykiske symptomer og lidelser,"per 1000, standardisert",144.0,3,3,5
Buskerud,2024-01-01,Kvinner,0-24 år,Psykiske symptomer,"per 1000, standardisert",98.3,3,3,5
Buskerud,2024-01-01,Kvinner,0-24 år,Psykiske lidelser,"per 1000, standardisert",75.3,3,3,5
Buskerud,2024-01-01,Kvinner,0-14 år,Psykiske symptomer og lidelser,"per 1000, standardisert",72.4,3,4,5
Buskerud,2024-01-01,Kvinner,0-14 år,Psykiske symptomer,"per 1000, standardisert",53.8,3,4,5
Buskerud,2024-01-01,Kvinner,0-14 år,Psykiske lidelser,"per 1000, standardisert",27.6,3,4,5
Buskerud,2024-01-01,Kvinner,15-24 år,Psykiske symptomer og lidelser,"per 1000, standardisert",237.2,3,5,5
Buskerud,2024-01-01,Kvinner,15-24 år,Psykiske symptomer,"per 1000, standardisert",156.3,3,5,5
Buskerud,2024-01-01,Kvinner,15-24 år,Psykiske lidelser,"per 1000, standardisert",137.4,3,5,5
Buskerud,2024-01-01,Kvinner,25-44 år,Psykiske symptomer og lidelser,"per 1000, standardisert",294.0,3,6,5
Buskerud,2024-01-01,Kvinner,25-44 år,Psykiske symptomer,"per 1000, standardisert",210.6,3,6,5
Buskerud,2024-01-01,Kvinner,25-44 år,Psykiske lidelser,"per 1000, standardisert",153.3,3,6,5
Buskerud,2024-01-01,Kvinner,45-74 år,Psykiske symptomer og lidelser,"per 1000, standardisert",245.0,3,7,5
Buskerud,2024-01-01,Kvinner,45-74 år,Psykiske symptomer,"per 1000, standardisert",182.6,3,7,5
Buskerud,2024-01-01,Kvinner,45-74 år,Psykiske lidelser,"per 1000, standardisert",106.7,3,7,5
Buskerud,2024-01-01,Kvinner,75-79 år,Psykiske symptomer og lidelser,"per 1000, standardisert",233.1,3,8,5
Buskerud,2024-01-01,Kvinner,75-79 år,Psykiske symptomer,"per 1000, standardisert",174.0,3,8,5
Buskerud,2024-01-01,Kvinner,75-79 år,Psykiske lidelser,"per 1000, standardisert",95.8,3,8,5
Innlandet,2024-01-01,Kjønn samlet,0-74 år,Psykiske symptomer og lidelser,"per 1000, standardisert",194.2,1,1,7
Innlandet,2024-01-01,Kjønn samlet,0-74 år,Psykiske symptomer,"per 1000, standardisert",140.6,1,1,7
Innlandet,2024-01-01,Kjønn samlet,0-74 år,Psykiske lidelser,"per 1000, standardisert",93.3,1,1,7
Innlandet,2024-01-01,Kjønn samlet,0-44 år,Psykiske symptomer og lidelser,"per 1000, standardisert",184.4,1,2,7
Innlandet,2024-01-01,Kjønn samlet,0-44 år,Psykiske symptomer,"per 1000, standardisert",127.9,1,2,7
Innlandet,2024-01-01,Kjønn samlet,0-44 år,Psykiske lidelser,"per 1000, standardisert",97.6,1,2,7
Innlandet,2024-01-01,Kjønn samlet,0-24 år,Psykiske symptomer og lidelser,"per 1000, standardisert",123.9,1,3,7
Innlandet,2024-01-01,Kjønn samlet,0-24 år,Psykiske symptomer,"per 1000, standardisert",84.1,1,3,7
Innlandet,2024-01-01,Kjønn samlet,0-24 år,Psykiske lidelser,"per 1000, standardisert",63.2,1,3,7
Innlandet,2024-01-01,Kjønn samlet,0-14 år,Psykiske symptomer og lidelser,"per 1000, standardisert",76.2,1,4,7
Innlandet,2024-01-01,Kjønn samlet,0-14 år,Psykiske symptomer,"per 1000, standardisert",54.0,1,4,7
Innlandet,2024-01-01,Kjønn samlet,0-14 år,Psykiske lidelser,"per 1000, standardisert",31.4,1,4,7
Innlandet,2024-01-01,Kjønn samlet,15-24 år,Psykiske symptomer og lidelser,"per 1000, standardisert",185.7,1,5,7
Innlandet,2024-01-01,Kjønn samlet,15-24 år,Psykiske symptomer,"per 1000, standardisert",123.1,1,5,7
Innlandet,2024-01-01,Kjønn samlet,15-24 år,Psykiske lidelser,"per 1000, standardisert",104.4,1,5,7
Innlandet,2024-01-01,Kjønn samlet,25-44 år,Psykiske symptomer og lidelser,"per 1000, standardisert",246.6,1,6,7
Innlandet,2024-01-01,Kjønn samlet,25-44 år,Psykiske symptomer,"per 1000, standardisert",172.6,1,6,7
Innlandet,2024-01-01,Kjønn samlet,25-44 år,Psykiske lidelser,"per 1000, standardisert",133.3,1,6,7
Innlandet,2024-01-01,Kjønn samlet,45-74 år,Psykiske symptomer og lidelser,"per 1000, standardisert",208.2,1,7,7
Innlandet,2024-01-01,Kjønn samlet,45-74 år,Psykiske symptomer,"per 1000, standardisert",159.2,1,7,7
Innlandet,2024-01-01,Kjønn samlet,45-74 år,Psykiske lidelser,"per 1000, standardisert",86.1,1,7,7
Innlandet,2024-01-01,Kjønn samlet,75-79 år,Psykiske symptomer og lidelser,"per 1000, standardisert",210.4,1,8,7
Innlandet,2024-01-01,Kjønn samlet,75-79 år,Psykiske symptomer,"per 1000, standardisert",162.8,1,8,7
Innlandet,2024-01-01,Kjønn samlet,75-79 år,Psykiske lidelser,"per 1000, standardisert",79.3,1,8,7
Innlandet,2024-01-01,Menn,0-74 år,Psykiske symptomer og lidelser,"per 1000, standardisert",161.1,2,1,7
Innlandet,2024-01-01,Menn,0-74 år,Psykiske symptomer,"per 1000, standardisert",114.6,2,1,7
Innlandet,2024-01-01,Menn,0-74 år,Psykiske lidelser,"per 1000, standardisert",79.0,2,1,7
Innlandet,2024-01-01,Menn,0-44 år,Psykiske symptomer og lidelser,"per 1000, standardisert",153.7,2,2,7
Innlandet,2024-01-01,Menn,0-44 år,Psykiske symptomer,"per 1000, standardisert",104.2,2,2,7
Innlandet,2024-01-01,Menn,0-44 år,Psykiske lidelser,"per 1000, standardisert",83.4,2,2,7
Innlandet,2024-01-01,Menn,0-24 år,Psykiske symptomer og lidelser,"per 1000, standardisert",114.3,2,3,7
Innlandet,2024-01-01,Menn,0-24 år,Psykiske symptomer,"per 1000, standardisert",74.8,2,3,7
Innlandet,2024-01-01,Menn,0-24 år,Psykiske lidelser,"per 1000, standardisert",58.9,2,3,7
Innlandet,2024-01-01,Menn,0-14 år,Psykiske symptomer og lidelser,"per 1000, standardisert",89.2,2,4,7
Innlandet,2024-01-01,Menn,0-14 år,Psykiske symptomer,"per 1000, standardisert",59.8,2,4,7
Innlandet,2024-01-01,Menn,0-14 år,Psykiske lidelser,"per 1000, standardisert",39.9,2,4,7
Innlandet,2024-01-01,Menn,15-24 år,Psykiske symptomer og lidelser,"per 1000, standardisert",146.8,2,5,7
Innlandet,2024-01-01,Menn,15-24 år,Psykiske symptomer,"per 1000, standardisert",94.2,2,5,7
Innlandet,2024-01-01,Menn,15-24 år,Psykiske lidelser,"per 1000, standardisert",83.5,2,5,7
Innlandet,2024-01-01,Menn,25-44 år,Psykiske symptomer og lidelser,"per 1000, standardisert",194.5,2,6,7
Innlandet,2024-01-01,Menn,25-44 år,Psykiske symptomer,"per 1000, standardisert",134.6,2,6,7
Innlandet,2024-01-01,Menn,25-44 år,Psykiske lidelser,"per 1000, standardisert",109.1,2,6,7
Innlandet,2024-01-01,Menn,45-74 år,Psykiske symptomer og lidelser,"per 1000, standardisert",171.3,2,7,7
Innlandet,2024-01-01,Menn,45-74 år,Psykiske symptomer,"per 1000, standardisert",129.8,2,7,7
Innlandet,2024-01-01,Menn,45-74 år,Psykiske lidelser,"per 1000, standardisert",71.3,2,7,7
Innlandet,2024-01-01,Menn,75-79 år,Psykiske symptomer og lidelser,"per 1000, standardisert",169.9,2,8,7
Innlandet,2024-01-01,Menn,75-79 år,Psykiske symptomer,"per 1000, standardisert",132.2,2,8,7
Innlandet,2024-01-01,Menn,75-79 år,Psykiske lidelser,"per 1000, standardisert",60.2,2,8,7
Innlandet,2024-01-01,Kvinner,0-74 år,Psykiske symptomer og lidelser,"per 1000, standardisert",228.6,3,1,7
Innlandet,2024-01-01,Kvinner,0-74 år,Psykiske symptomer,"per 1000, standardisert",167.6,3,1,7
Innlandet,2024-01-01,Kvinner,0-74 år,Psykiske lidelser,"per 1000, standardisert",108.2,3,1,7
Innlandet,2024-01-01,Kvinner,0-44 år,Psykiske symptomer og lidelser,"per 1000, standardisert",216.8,3,2,7
Innlandet,2024-01-01,Kvinner,0-44 år,Psykiske symptomer,"per 1000, standardisert",152.7,3,2,7
Innlandet,2024-01-01,Kvinner,0-44 år,Psykiske lidelser,"per 1000, standardisert",112.5,3,2,7
Innlandet,2024-01-01,Kvinner,0-24 år,Psykiske symptomer og lidelser,"per 1000, standardisert",134.1,3,3,7
Innlandet,2024-01-01,Kvinner,0-24 år,Psykiske symptomer,"per 1000, standardisert",93.9,3,3,7
Innlandet,2024-01-01,Kvinner,0-24 år,Psykiske lidelser,"per 1000, standardisert",67.7,3,3,7
Innlandet,2024-01-01,Kvinner,0-14 år,Psykiske symptomer og lidelser,"per 1000, standardisert",62.5,3,4,7
Innlandet,2024-01-01,Kvinner,0-14 år,Psykiske symptomer,"per 1000, standardisert",47.9,3,4,7
Innlandet,2024-01-01,Kvinner,0-14 år,Psykiske lidelser,"per 1000, standardisert",22.4,3,4,7
Innlandet,2024-01-01,Kvinner,15-24 år,Psykiske symptomer og lidelser,"per 1000, standardisert",227.1,3,5,7
Innlandet,2024-01-01,Kvinner,15-24 år,Psykiske symptomer,"per 1000, standardisert",153.8,3,5,7
Innlandet,2024-01-01,Kvinner,15-24 år,Psykiske lidelser,"per 1000, standardisert",126.7,3,5,7
Innlandet,2024-01-01,Kvinner,25-44 år,Psykiske symptomer og lidelser,"per 1000, standardisert",301.1,3,6,7
Innlandet,2024-01-01,Kvinner,25-44 år,Psykiske symptomer,"per 1000, standardisert",212.4,3,6,7
Innlandet,2024-01-01,Kvinner,25-44 år,Psykiske lidelser,"per 1000, standardisert",158.6,3,6,7
Innlandet,2024-01-01,Kvinner,45-74 år,Psykiske symptomer og lidelser,"per 1000, standardisert",245.8,3,7,7
Innlandet,2024-01-01,Kvinner,45-74 år,Psykiske symptomer,"per 1000, standardisert",189.2,3,7,7
Innlandet,2024-01-01,Kvinner,45-74 år,Psykiske lidelser,"per 1000, standardisert",101.2,3,7,7
Innlandet,2024-01-01,Kvinner,75-79 år,Psykiske symptomer og lidelser,"per 1000, standardisert",248.0,3,8,7
Innlandet,2024-01-01,Kvinner,75-79 år,Psykiske symptomer,"per 1000, standardisert",191.2,3,8,7
Innlandet,2024-01-01,Kvinner,75-79 år,Psykiske lidelser,"per 1000, standardisert",97.0,3,8,7
Vestfold,2024-01-01,Kjønn samlet,0-74 år,Psykiske symptomer og lidelser,"per 1000, standardisert",208.8,1,1,14
Vestfold,2024-01-01,Kjønn samlet,0-74 år,Psykiske symptomer,"per 1000, standardisert",153.8,1,1,14
Vestfold,2024-01-01,Kjønn samlet,0-74 år,Psykiske lidelser,"per 1000, standardisert",98.4,1,1,14
Vestfold,2024-01-01,Kjønn samlet,0-44 år,Psykiske symptomer og lidelser,"per 1000, standardisert",200.3,1,2,14
Vestfold,2024-01-01,Kjønn samlet,0-44 år,Psykiske symptomer,"per 1000, standardisert",141.9,1,2,14
Vestfold,2024-01-01,Kjønn samlet,0-44 år,Psykiske lidelser,"per 1000, standardisert",104.6,1,2,14
Vestfold,2024-01-01,Kjønn samlet,0-24 år,Psykiske symptomer og lidelser,"per 1000, standardisert",136.9,1,3,14
Vestfold,2024-01-01,Kjønn samlet,0-24 år,Psykiske symptomer,"per 1000, standardisert",96.1,1,3,14
Vestfold,2024-01-01,Kjønn samlet,0-24 år,Psykiske lidelser,"per 1000, standardisert",67.2,1,3,14
Vestfold,2024-01-01,Kjønn samlet,0-14 år,Psykiske symptomer og lidelser,"per 1000, standardisert",84.0,1,4,14
Vestfold,2024-01-01,Kjønn samlet,0-14 år,Psykiske symptomer,"per 1000, standardisert",62.9,1,4,14
Vestfold,2024-01-01,Kjønn samlet,0-14 år,Psykiske lidelser,"per 1000, standardisert",31.2,1,4,14
Vestfold,2024-01-01,Kjønn samlet,15-24 år,Psykiske symptomer og lidelser,"per 1000, standardisert",205.8,1,5,14
Vestfold,2024-01-01,Kjønn samlet,15-24 år,Psykiske symptomer,"per 1000, standardisert",139.3,1,5,14
Vestfold,2024-01-01,Kjønn samlet,15-24 år,Psykiske lidelser,"per 1000, standardisert",114.3,1,5,14
Vestfold,2024-01-01,Kjønn samlet,25-44 år,Psykiske symptomer og lidelser,"per 1000, standardisert",265.2,1,6,14
Vestfold,2024-01-01,Kjønn samlet,25-44 år,Psykiske symptomer,"per 1000, standardisert",188.6,1,6,14
Vestfold,2024-01-01,Kjønn samlet,25-44 år,Psykiske lidelser,"per 1000, standardisert",143.2,1,6,14
Vestfold,2024-01-01,Kjønn samlet,45-74 år,Psykiske symptomer og lidelser,"per 1000, standardisert",221.5,1,7,14
Vestfold,2024-01-01,Kjønn samlet,45-74 år,Psykiske symptomer,"per 1000, standardisert",171.7,1,7,14
Vestfold,2024-01-01,Kjønn samlet,45-74 år,Psykiske lidelser,"per 1000, standardisert",88.8,1,7,14
Vestfold,2024-01-01,Kjønn samlet,75-79 år,Psykiske symptomer og lidelser,"per 1000, standardisert",211.8,1,8,14
Vestfold,2024-01-01,Kjønn samlet,75-79 år,Psykiske symptomer,"per 1000, standardisert",166.4,1,8,14
Vestfold,2024-01-01,Kjønn samlet,75-79 år,Psykiske lidelser,"per 1000, standardisert",79.4,1,8,14
Vestfold,2024-01-01,Menn,0-74 år,Psykiske symptomer og lidelser,"per 1000, standardisert",175.5,2,1,14
Vestfold,2024-01-01,Menn,0-74 år,Psykiske symptomer,"per 1000, standardisert",126.5,2,1,14
Vestfold,2024-01-01,Menn,0-74 år,Psykiske lidelser,"per 1000, standardisert",83.8,2,1,14
Vestfold,2024-01-01,Menn,0-44 år,Psykiske symptomer og lidelser,"per 1000, standardisert",169.9,2,2,14
Vestfold,2024-01-01,Menn,0-44 år,Psykiske symptomer,"per 1000, standardisert",117.2,2,2,14
Vestfold,2024-01-01,Menn,0-44 år,Psykiske lidelser,"per 1000, standardisert",90.1,2,2,14
Vestfold,2024-01-01,Menn,0-24 år,Psykiske symptomer og lidelser,"per 1000, standardisert",124.5,2,3,14
Vestfold,2024-01-01,Menn,0-24 år,Psykiske symptomer,"per 1000, standardisert",85.0,2,3,14
Vestfold,2024-01-01,Menn,0-24 år,Psykiske lidelser,"per 1000, standardisert",61.3,2,3,14
Vestfold,2024-01-01,Menn,0-14 år,Psykiske symptomer og lidelser,"per 1000, standardisert",92.1,2,4,14
Vestfold,2024-01-01,Menn,0-14 år,Psykiske symptomer,"per 1000, standardisert",67.2,2,4,14
Vestfold,2024-01-01,Menn,0-14 år,Psykiske lidelser,"per 1000, standardisert",36.1,2,4,14
Vestfold,2024-01-01,Menn,15-24 år,Psykiske symptomer og lidelser,"per 1000, standardisert",166.7,2,5,14
Vestfold,2024-01-01,Menn,15-24 år,Psykiske symptomer,"per 1000, standardisert",108.1,2,5,14
Vestfold,2024-01-01,Menn,15-24 år,Psykiske lidelser,"per 1000, standardisert",94.0,2,5,14
Vestfold,2024-01-01,Menn,25-44 år,Psykiske symptomer og lidelser,"per 1000, standardisert",217.0,2,6,14
Vestfold,2024-01-01,Menn,25-44 år,Psykiske symptomer,"per 1000, standardisert",150.4,2,6,14
Vestfold,2024-01-01,Menn,25-44 år,Psykiske lidelser,"per 1000, standardisert",120.6,2,6,14
Vestfold,2024-01-01,Menn,45-74 år,Psykiske symptomer og lidelser,"per 1000, standardisert",183.8,2,7,14
Vestfold,2024-01-01,Menn,45-74 år,Psykiske symptomer,"per 1000, standardisert",140.7,2,7,14
Vestfold,2024-01-01,Menn,45-74 år,Psykiske lidelser,"per 1000, standardisert",73.7,2,7,14
Vestfold,2024-01-01,Menn,75-79 år,Psykiske symptomer og lidelser,"per 1000, standardisert",161.2,2,8,14
Vestfold,2024-01-01,Menn,75-79 år,Psykiske symptomer,"per 1000, standardisert",125.1,2,8,14
Vestfold,2024-01-01,Menn,75-79 år,Psykiske lidelser,"per 1000, standardisert",59.4,2,8,14
Vestfold,2024-01-01,Kvinner,0-74 år,Psykiske symptomer og lidelser,"per 1000, standardisert",243.5,3,1,14
Vestfold,2024-01-01,Kvinner,0-74 år,Psykiske symptomer,"per 1000, standardisert",182.2,3,1,14
Vestfold,2024-01-01,Kvinner,0-74 år,Psykiske lidelser,"per 1000, standardisert",113.6,3,1,14
Vestfold,2024-01-01,Kvinner,0-44 år,Psykiske symptomer og lidelser,"per 1000, standardisert",232.3,3,2,14
Vestfold,2024-01-01,Kvinner,0-44 år,Psykiske symptomer,"per 1000, standardisert",167.9,3,2,14
Vestfold,2024-01-01,Kvinner,0-44 år,Psykiske lidelser,"per 1000, standardisert",119.8,3,2,14
Vestfold,2024-01-01,Kvinner,0-24 år,Psykiske symptomer og lidelser,"per 1000, standardisert",150.1,3,3,14
Vestfold,2024-01-01,Kvinner,0-24 år,Psykiske symptomer,"per 1000, standardisert",107.9,3,3,14
Vestfold,2024-01-01,Kvinner,0-24 år,Psykiske lidelser,"per 1000, standardisert",73.5,3,3,14
Vestfold,2024-01-01,Kvinner,0-14 år,Psykiske symptomer og lidelser,"per 1000, standardisert",75.5,3,4,14
Vestfold,2024-01-01,Kvinner,0-14 år,Psykiske symptomer,"per 1000, standardisert",58.3,3,4,14
Vestfold,2024-01-01,Kvinner,0-14 år,Psykiske lidelser,"per 1000, standardisert",25.9,3,4,14
Vestfold,2024-01-01,Kvinner,15-24 år,Psykiske symptomer og lidelser,"per 1000, standardisert",247.2,3,5,14
Vestfold,2024-01-01,Kvinner,15-24 år,Psykiske symptomer,"per 1000, standardisert",172.3,3,5,14
Vestfold,2024-01-01,Kvinner,15-24 år,Psykiske lidelser,"per 1000, standardisert",135.7,3,5,14
Vestfold,2024-01-01,Kvinner,25-44 år,Psykiske symptomer og lidelser,"per 1000, standardisert",315.5,3,6,14
Vestfold,2024-01-01,Kvinner,25-44 år,Psykiske symptomer,"per 1000, standardisert",228.5,3,6,14
Vestfold,2024-01-01,Kvinner,25-44 år,Psykiske lidelser,"per 1000, standardisert",166.8,3,6,14
Vestfold,2024-01-01,Kvinner,45-74 år,Psykiske symptomer og lidelser,"per 1000, standardisert",260.2,3,7,14
Vestfold,2024-01-01,Kvinner,45-74 år,Psykiske symptomer,"per 1000, standardisert",203.5,3,7,14
Vestfold,2024-01-01,Kvinner,45-74 år,Psykiske lidelser,"per 1000, standardisert",104.2,3,7,14
Vestfold,2024-01-01,Kvinner,75-79 år,Psykiske symptomer og lidelser,"per 1000, standardisert",258.8,3,8,14
Vestfold,2024-01-01,Kvinner,75-79 år,Psykiske symptomer,"per 1000, standardisert",204.7,3,8,14
Vestfold,2024-01-01,Kvinner,75-79 år,Psykiske lidelser,"per 1000, standardisert",97.9,3,8,14
Telemark,2024-01-01,Kjønn samlet,0-74 år,Psykiske symptomer og lidelser,"per 1000, standardisert",185.8,1,1,1
Telemark,2024-01-01,Kjønn samlet,0-74 år,Psykiske symptomer,"per 1000, standardisert",141.5,1,1,1
Telemark,2024-01-01,Kjønn samlet,0-74 år,Psykiske lidelser,"per 1000, standardisert",78.8,1,1,1
Telemark,2024-01-01,Kjønn samlet,0-44 år,Psykiske symptomer og lidelser,"per 1000, standardisert",179.5,1,2,1
Telemark,2024-01-01,Kjønn samlet,0-44 år,Psykiske symptomer,"per 1000, standardisert",130.8,1,2,1
Telemark,2024-01-01,Kjønn samlet,0-44 år,Psykiske lidelser,"per 1000, standardisert",85.7,1,2,1
Telemark,2024-01-01,Kjønn samlet,0-24 år,Psykiske symptomer og lidelser,"per 1000, standardisert",119.6,1,3,1
Telemark,2024-01-01,Kjønn samlet,0-24 år,Psykiske symptomer,"per 1000, standardisert",83.9,1,3,1
Telemark,2024-01-01,Kjønn samlet,0-24 år,Psykiske lidelser,"per 1000, standardisert",55.6,1,3,1
Telemark,2024-01-01,Kjønn samlet,0-14 år,Psykiske symptomer og lidelser,"per 1000, standardisert",73.4,1,4,1
Telemark,2024-01-01,Kjønn samlet,0-14 år,Psykiske symptomer,"per 1000, standardisert",53.6,1,4,1
Telemark,2024-01-01,Kjønn samlet,0-14 år,Psykiske lidelser,"per 1000, standardisert",27.2,1,4,1
Telemark,2024-01-01,Kjønn samlet,15-24 år,Psykiske symptomer og lidelser,"per 1000, standardisert",179.6,1,5,1
Telemark,2024-01-01,Kjønn samlet,15-24 år,Psykiske symptomer,"per 1000, standardisert",123.3,1,5,1
Telemark,2024-01-01,Kjønn samlet,15-24 år,Psykiske lidelser,"per 1000, standardisert",92.5,1,5,1
Telemark,2024-01-01,Kjønn samlet,25-44 år,Psykiske symptomer og lidelser,"per 1000, standardisert",241.0,1,6,1
Telemark,2024-01-01,Kjønn samlet,25-44 år,Psykiske symptomer,"per 1000, standardisert",179.0,1,6,1
Telemark,2024-01-01,Kjønn samlet,25-44 år,Psykiske lidelser,"per 1000, standardisert",116.9,1,6,1
Telemark,2024-01-01,Kjønn samlet,45-74 år,Psykiske symptomer og lidelser,"per 1000, standardisert",195.4,1,7,1
Telemark,2024-01-01,Kjønn samlet,45-74 år,Psykiske symptomer,"per 1000, standardisert",157.7,1,7,1
Telemark,2024-01-01,Kjønn samlet,45-74 år,Psykiske lidelser,"per 1000, standardisert",68.6,1,7,1
Telemark,2024-01-01,Kjønn samlet,75-79 år,Psykiske symptomer og lidelser,"per 1000, standardisert",188.0,1,8,1
Telemark,2024-01-01,Kjønn samlet,75-79 år,Psykiske symptomer,"per 1000, standardisert",151.4,1,8,1
Telemark,2024-01-01,Kjønn samlet,75-79 år,Psykiske lidelser,"per 1000, standardisert",63.8,1,8,1
Telemark,2024-01-01,Menn,0-74 år,Psykiske symptomer og lidelser,"per 1000, standardisert",155.0,2,1,1
Telemark,2024-01-01,Menn,0-74 år,Psykiske symptomer,"per 1000, standardisert",115.3,2,1,1
Telemark,2024-01-01,Menn,0-74 år,Psykiske lidelser,"per 1000, standardisert",67.3,2,1,1
Telemark,2024-01-01,Menn,0-44 år,Psykiske symptomer og lidelser,"per 1000, standardisert",153.0,2,2,1
Telemark,2024-01-01,Menn,0-44 år,Psykiske symptomer,"per 1000, standardisert",108.5,2,2,1
Telemark,2024-01-01,Menn,0-44 år,Psykiske lidelser,"per 1000, standardisert",74.6,2,2,1
Telemark,2024-01-01,Menn,0-24 år,Psykiske symptomer og lidelser,"per 1000, standardisert",110.6,2,3,1
Telemark,2024-01-01,Menn,0-24 år,Psykiske symptomer,"per 1000, standardisert",75.0,2,3,1
Telemark,2024-01-01,Menn,0-24 år,Psykiske lidelser,"per 1000, standardisert",52.8,2,3,1
Telemark,2024-01-01,Menn,0-14 år,Psykiske symptomer og lidelser,"per 1000, standardisert",82.5,2,4,1
Telemark,2024-01-01,Menn,0-14 år,Psykiske symptomer,"per 1000, standardisert",57.3,2,4,1
Telemark,2024-01-01,Menn,0-14 år,Psykiske lidelser,"per 1000, standardisert",33.3,2,4,1
Telemark,2024-01-01,Menn,15-24 år,Psykiske symptomer og lidelser,"per 1000, standardisert",146.9,2,5,1
Telemark,2024-01-01,Menn,15-24 år,Psykiske symptomer,"per 1000, standardisert",97.9,2,5,1
Telemark,2024-01-01,Menn,15-24 år,Psykiske lidelser,"per 1000, standardisert",78.0,2,5,1
Telemark,2024-01-01,Menn,25-44 år,Psykiske symptomer og lidelser,"per 1000, standardisert",197.3,2,6,1
Telemark,2024-01-01,Menn,25-44 år,Psykiske symptomer,"per 1000, standardisert",143.4,2,6,1
Telemark,2024-01-01,Menn,25-44 år,Psykiske lidelser,"per 1000, standardisert",97.6,2,6,1
Telemark,2024-01-01,Menn,45-74 år,Psykiske symptomer og lidelser,"per 1000, standardisert",158.3,2,7,1
Telemark,2024-01-01,Menn,45-74 år,Psykiske symptomer,"per 1000, standardisert",126.0,2,7,1
Telemark,2024-01-01,Menn,45-74 år,Psykiske lidelser,"per 1000, standardisert",56.2,2,7,1
Telemark,2024-01-01,Menn,75-79 år,Psykiske symptomer og lidelser,"per 1000, standardisert",143.1,2,8,1
Telemark,2024-01-01,Menn,75-79 år,Psykiske symptomer,"per 1000, standardisert",114.6,2,8,1
Telemark,2024-01-01,Menn,75-79 år,Psykiske lidelser,"per 1000, standardisert",46.0,2,8,1
Telemark,2024-01-01,Kvinner,0-74 år,Psykiske symptomer og lidelser,"per 1000, standardisert",217.8,3,1,1
Telemark,2024-01-01,Kvinner,0-74 år,Psykiske symptomer,"per 1000, standardisert",168.7,3,1,1
Telemark,2024-01-01,Kvinner,0-74 år,Psykiske lidelser,"per 1000, standardisert",90.7,3,1,1
Telemark,2024-01-01,Kvinner,0-44 år,Psykiske symptomer og lidelser,"per 1000, standardisert",207.3,3,2,1
Telemark,2024-01-01,Kvinner,0-44 år,Psykiske symptomer,"per 1000, standardisert",154.3,3,2,1
Telemark,2024-01-01,Kvinner,0-44 år,Psykiske lidelser,"per 1000, standardisert",97.3,3,2,1
Telemark,2024-01-01,Kvinner,0-24 år,Psykiske symptomer og lidelser,"per 1000, standardisert",129.2,3,3,1
Telemark,2024-01-01,Kvinner,0-24 år,Psykiske symptomer,"per 1000, standardisert",93.3,3,3,1
Telemark,2024-01-01,Kvinner,0-24 år,Psykiske lidelser,"per 1000, standardisert",58.5,3,3,1
Telemark,2024-01-01,Kvinner,0-14 år,Psykiske symptomer og lidelser,"per 1000, standardisert",63.9,3,4,1
Telemark,2024-01-01,Kvinner,0-14 år,Psykiske symptomer,"per 1000, standardisert",49.6,3,4,1
Telemark,2024-01-01,Kvinner,0-14 år,Psykiske lidelser,"per 1000, standardisert",20.7,3,4,1
Telemark,2024-01-01,Kvinner,15-24 år,Psykiske symptomer og lidelser,"per 1000, standardisert",214.2,3,5,1
Telemark,2024-01-01,Kvinner,15-24 år,Psykiske symptomer,"per 1000, standardisert",150.1,3,5,1
Telemark,2024-01-01,Kvinner,15-24 år,Psykiske lidelser,"per 1000, standardisert",107.8,3,5,1
Telemark,2024-01-01,Kvinner,25-44 år,Psykiske symptomer og lidelser,"per 1000, standardisert",286.8,3,6,1
Telemark,2024-01-01,Kvinner,25-44 år,Psykiske symptomer,"per 1000, standardisert",216.3,3,6,1
Telemark,2024-01-01,Kvinner,25-44 år,Psykiske lidelser,"per 1000, standardisert",137.0,3,6,1
Telemark,2024-01-01,Kvinner,45-74 år,Psykiske symptomer og lidelser,"per 1000, standardisert",233.3,3,7,1
Telemark,2024-01-01,Kvinner,45-74 år,Psykiske symptomer,"per 1000, standardisert",190.1,3,7,1
Telemark,2024-01-01,Kvinner,45-74 år,Psykiske lidelser,"per 1000, standardisert",81.3,3,7,1
Telemark,2024-01-01,Kvinner,75-79 år,Psykiske symptomer og lidelser,"per 1000, standardisert",229.7,3,8,1
Telemark,2024-01-01,Kvinner,75-79 år,Psykiske symptomer,"per 1000, standardisert",185.6,3,8,1
Telemark,2024-01-01,Kvinner,75-79 år,Psykiske lidelser,"per 1000, standardisert",80.4,3,8,1
Agder,2024-01-01,Kjønn samlet,0-74 år,Psykiske symptomer og lidelser,"per 1000, standardisert",204.4,1,1,3
Agder,2024-01-01,Kjønn samlet,0-74 år,Psykiske symptomer,"per 1000, standardisert",154.2,1,1,3
Agder,2024-01-01,Kjønn samlet,0-74 år,Psykiske lidelser,"per 1000, standardisert",89.6,1,1,3
Agder,2024-01-01,Kjønn samlet,0-44 år,Psykiske symptomer og lidelser,"per 1000, standardisert",198.2,1,2,3
Agder,2024-01-01,Kjønn samlet,0-44 år,Psykiske symptomer,"per 1000, standardisert",145.0,1,2,3
Agder,2024-01-01,Kjønn samlet,0-44 år,Psykiske lidelser,"per 1000, standardisert",95.2,1,2,3
Agder,2024-01-01,Kjønn samlet,0-24 år,Psykiske symptomer og lidelser,"per 1000, standardisert",134.9,1,3,3
Agder,2024-01-01,Kjønn samlet,0-24 år,Psykiske symptomer,"per 1000, standardisert",98.5,1,3,3
Agder,2024-01-01,Kjønn samlet,0-24 år,Psykiske lidelser,"per 1000, standardisert",61.7,1,3,3
Agder,2024-01-01,Kjønn samlet,0-14 år,Psykiske symptomer og lidelser,"per 1000, standardisert",86.6,1,4,3
Agder,2024-01-01,Kjønn samlet,0-14 år,Psykiske symptomer,"per 1000, standardisert",65.0,1,4,3
Agder,2024-01-01,Kjønn samlet,0-14 år,Psykiske lidelser,"per 1000, standardisert",32.2,1,4,3
Agder,2024-01-01,Kjønn samlet,15-24 år,Psykiske symptomer og lidelser,"per 1000, standardisert",197.7,1,5,3
Agder,2024-01-01,Kjønn samlet,15-24 år,Psykiske symptomer,"per 1000, standardisert",142.0,1,5,3
Agder,2024-01-01,Kjønn samlet,15-24 år,Psykiske lidelser,"per 1000, standardisert",100.0,1,5,3
Agder,2024-01-01,Kjønn samlet,25-44 år,Psykiske symptomer og lidelser,"per 1000, standardisert",263.4,1,6,3
Agder,2024-01-01,Kjønn samlet,25-44 år,Psykiske symptomer,"per 1000, standardisert",192.2,1,6,3
Agder,2024-01-01,Kjønn samlet,25-44 år,Psykiske lidelser,"per 1000, standardisert",130.2,1,6,3
Agder,2024-01-01,Kjønn samlet,45-74 år,Psykiske symptomer og lidelser,"per 1000, standardisert",214.0,1,7,3
Agder,2024-01-01,Kjønn samlet,45-74 år,Psykiske symptomer,"per 1000, standardisert",168.4,1,7,3
Agder,2024-01-01,Kjønn samlet,45-74 år,Psykiske lidelser,"per 1000, standardisert",80.8,1,7,3
Agder,2024-01-01,Kjønn samlet,75-79 år,Psykiske symptomer og lidelser,"per 1000, standardisert",195.8,1,8,3
Agder,2024-01-01,Kjønn samlet,75-79 år,Psykiske symptomer,"per 1000, standardisert",157.0,1,8,3
Agder,2024-01-01,Kjønn samlet,75-79 år,Psykiske lidelser,"per 1000, standardisert",67.7,1,8,3
Agder,2024-01-01,Menn,0-74 år,Psykiske symptomer og lidelser,"per 1000, standardisert",171.3,2,1,3
Agder,2024-01-01,Menn,0-74 år,Psykiske symptomer,"per 1000, standardisert",127.1,2,1,3
Agder,2024-01-01,Menn,0-74 år,Psykiske lidelser,"per 1000, standardisert",76.2,2,1,3
Agder,2024-01-01,Menn,0-44 år,Psykiske symptomer og lidelser,"per 1000, standardisert",169.6,2,2,3
Agder,2024-01-01,Menn,0-44 år,Psykiske symptomer,"per 1000, standardisert",121.5,2,2,3
Agder,2024-01-01,Menn,0-44 år,Psykiske lidelser,"per 1000, standardisert",83.0,2,2,3
Agder,2024-01-01,Menn,0-24 år,Psykiske symptomer og lidelser,"per 1000, standardisert",125.2,2,3,3
Agder,2024-01-01,Menn,0-24 år,Psykiske symptomer,"per 1000, standardisert",88.8,2,3,3
Agder,2024-01-01,Menn,0-24 år,Psykiske lidelser,"per 1000, standardisert",58.2,2,3,3
Agder,2024-01-01,Menn,0-14 år,Psykiske symptomer og lidelser,"per 1000, standardisert",100.2,2,4,3
Agder,2024-01-01,Menn,0-14 år,Psykiske symptomer,"per 1000, standardisert",71.8,2,4,3
Agder,2024-01-01,Menn,0-14 år,Psykiske lidelser,"per 1000, standardisert",41.5,2,4,3
Agder,2024-01-01,Menn,15-24 år,Psykiske symptomer og lidelser,"per 1000, standardisert",157.6,2,5,3
Agder,2024-01-01,Menn,15-24 år,Psykiske symptomer,"per 1000, standardisert",110.8,2,5,3
Agder,2024-01-01,Menn,15-24 år,Psykiske lidelser,"per 1000, standardisert",79.9,2,5,3
Agder,2024-01-01,Menn,25-44 år,Psykiske symptomer og lidelser,"per 1000, standardisert",216.0,2,6,3
Agder,2024-01-01,Menn,25-44 år,Psykiske symptomer,"per 1000, standardisert",155.2,2,6,3
Agder,2024-01-01,Menn,25-44 år,Psykiske lidelser,"per 1000, standardisert",109.2,2,6,3
Agder,2024-01-01,Menn,45-74 år,Psykiske symptomer og lidelser,"per 1000, standardisert",173.9,2,7,3
Agder,2024-01-01,Menn,45-74 år,Psykiske symptomer,"per 1000, standardisert",135.7,2,7,3
Agder,2024-01-01,Menn,45-74 år,Psykiske lidelser,"per 1000, standardisert",65.7,2,7,3
Agder,2024-01-01,Menn,75-79 år,Psykiske symptomer og lidelser,"per 1000, standardisert",154.6,2,8,3
Agder,2024-01-01,Menn,75-79 år,Psykiske symptomer,"per 1000, standardisert",122.7,2,8,3
Agder,2024-01-01,Menn,75-79 år,Psykiske lidelser,"per 1000, standardisert",50.9,2,8,3
Agder,2024-01-01,Kvinner,0-74 år,Psykiske symptomer og lidelser,"per 1000, standardisert",238.9,3,1,3
Agder,2024-01-01,Kvinner,0-74 år,Psykiske symptomer,"per 1000, standardisert",182.4,3,1,3
Agder,2024-01-01,Kvinner,0-74 år,Psykiske lidelser,"per 1000, standardisert",103.4,3,1,3
Agder,2024-01-01,Kvinner,0-44 år,Psykiske symptomer og lidelser,"per 1000, standardisert",228.3,3,2,3
Agder,2024-01-01,Kvinner,0-44 år,Psykiske symptomer,"per 1000, standardisert",169.6,3,2,3
Agder,2024-01-01,Kvinner,0-44 år,Psykiske lidelser,"per 1000, standardisert",108.1,3,2,3
Agder,2024-01-01,Kvinner,0-24 år,Psykiske symptomer og lidelser,"per 1000, standardisert",145.1,3,3,3
Agder,2024-01-01,Kvinner,0-24 år,Psykiske symptomer,"per 1000, standardisert",108.7,3,3,3
Agder,2024-01-01,Kvinner,0-24 år,Psykiske lidelser,"per 1000, standardisert",65.3,3,3,3
Agder,2024-01-01,Kvinner,0-14 år,Psykiske symptomer og lidelser,"per 1000, standardisert",72.2,3,4,3
Agder,2024-01-01,Kvinner,0-14 år,Psykiske symptomer,"per 1000, standardisert",57.8,3,4,3
Agder,2024-01-01,Kvinner,0-14 år,Psykiske lidelser,"per 1000, standardisert",22.4,3,4,3
Agder,2024-01-01,Kvinner,15-24 år,Psykiske symptomer og lidelser,"per 1000, standardisert",240.1,3,5,3
Agder,2024-01-01,Kvinner,15-24 år,Psykiske symptomer,"per 1000, standardisert",175.1,3,5,3
Agder,2024-01-01,Kvinner,15-24 år,Psykiske lidelser,"per 1000, standardisert",121.2,3,5,3
Agder,2024-01-01,Kvinner,25-44 år,Psykiske symptomer og lidelser,"per 1000, standardisert",313.0,3,6,3
Agder,2024-01-01,Kvinner,25-44 år,Psykiske symptomer,"per 1000, standardisert",230.9,3,6,3
Agder,2024-01-01,Kvinner,25-44 år,Psykiske lidelser,"per 1000, standardisert",152.2,3,6,3
Agder,2024-01-01,Kvinner,45-74 år,Psykiske symptomer og lidelser,"per 1000, standardisert",254.9,3,7,3
Agder,2024-01-01,Kvinner,45-74 år,Psykiske symptomer,"per 1000, standardisert",201.8,3,7,3
Agder,2024-01-01,Kvinner,45-74 år,Psykiske lidelser,"per 1000, standardisert",96.3,3,7,3
Agder,2024-01-01,Kvinner,75-79 år,Psykiske symptomer og lidelser,"per 1000, standardisert",234.0,3,8,3
Agder,2024-01-01,Kvinner,75-79 år,Psykiske symptomer,"per 1000, standardisert",188.8,3,8,3
Agder,2024-01-01,Kvinner,75-79 år,Psykiske lidelser,"per 1000, standardisert",83.2,3,8,3
Rogaland,2024-01-01,Kjønn samlet,0-74 år,Psykiske symptomer og lidelser,"per 1000, standardisert",180.1,1,1,11
Rogaland,2024-01-01,Kjønn samlet,0-74 år,Psykiske symptomer,"per 1000, standardisert",130.4,1,1,11
Rogaland,2024-01-01,Kjønn samlet,0-74 år,Psykiske lidelser,"per 1000, standardisert",83.9,1,1,11
Rogaland,2024-01-01,Kjønn samlet,0-44 år,Psykiske symptomer og lidelser,"per 1000, standardisert",174.4,1,2,11
Rogaland,2024-01-01,Kjønn samlet,0-44 år,Psykiske symptomer,"per 1000, standardisert",121.0,1,2,11
Rogaland,2024-01-01,Kjønn samlet,0-44 år,Psykiske lidelser,"per 1000, standardisert",90.0,1,2,11
Rogaland,2024-01-01,Kjønn samlet,0-24 år,Psykiske symptomer og lidelser,"per 1000, standardisert",129.6,1,3,11
Rogaland,2024-01-01,Kjønn samlet,0-24 år,Psykiske symptomer,"per 1000, standardisert",85.7,1,3,11
Rogaland,2024-01-01,Kjønn samlet,0-24 år,Psykiske lidelser,"per 1000, standardisert",68.3,1,3,11
Rogaland,2024-01-01,Kjønn samlet,0-14 år,Psykiske symptomer og lidelser,"per 1000, standardisert",84.4,1,4,11
Rogaland,2024-01-01,Kjønn samlet,0-14 år,Psykiske symptomer,"per 1000, standardisert",58.2,1,4,11
Rogaland,2024-01-01,Kjønn samlet,0-14 år,Psykiske lidelser,"per 1000, standardisert",36.4,1,4,11
Rogaland,2024-01-01,Kjønn samlet,15-24 år,Psykiske symptomer og lidelser,"per 1000, standardisert",188.2,1,5,11
Rogaland,2024-01-01,Kjønn samlet,15-24 år,Psykiske symptomer,"per 1000, standardisert",121.2,1,5,11
Rogaland,2024-01-01,Kjønn samlet,15-24 år,Psykiske lidelser,"per 1000, standardisert",109.7,1,5,11
Rogaland,2024-01-01,Kjønn samlet,25-44 år,Psykiske symptomer og lidelser,"per 1000, standardisert",219.6,1,6,11
Rogaland,2024-01-01,Kjønn samlet,25-44 år,Psykiske symptomer,"per 1000, standardisert",156.6,1,6,11
Rogaland,2024-01-01,Kjønn samlet,25-44 år,Psykiske lidelser,"per 1000, standardisert",111.9,1,6,11
Rogaland,2024-01-01,Kjønn samlet,45-74 år,Psykiske symptomer og lidelser,"per 1000, standardisert",188.9,1,7,11
Rogaland,2024-01-01,Kjønn samlet,45-74 år,Psykiske symptomer,"per 1000, standardisert",145.0,1,7,11
Rogaland,2024-01-01,Kjønn samlet,45-74 år,Psykiske lidelser,"per 1000, standardisert",74.6,1,7,11
Rogaland,2024-01-01,Kjønn samlet,75-79 år,Psykiske symptomer og lidelser,"per 1000, standardisert",202.4,1,8,11
Rogaland,2024-01-01,Kjønn samlet,75-79 år,Psykiske symptomer,"per 1000, standardisert",158.0,1,8,11
Rogaland,2024-01-01,Kjønn samlet,75-79 år,Psykiske lidelser,"per 1000, standardisert",74.9,1,8,11
Rogaland,2024-01-01,Menn,0-74 år,Psykiske symptomer og lidelser,"per 1000, standardisert",149.7,2,1,11
Rogaland,2024-01-01,Menn,0-74 år,Psykiske symptomer,"per 1000, standardisert",105.6,2,1,11
Rogaland,2024-01-01,Menn,0-74 år,Psykiske lidelser,"per 1000, standardisert",71.1,2,1,11
Rogaland,2024-01-01,Menn,0-44 år,Psykiske symptomer og lidelser,"per 1000, standardisert",149.6,2,2,11
Rogaland,2024-01-01,Menn,0-44 år,Psykiske symptomer,"per 1000, standardisert",100.3,2,2,11
Rogaland,2024-01-01,Menn,0-44 år,Psykiske lidelser,"per 1000, standardisert",78.7,2,2,11
Rogaland,2024-01-01,Menn,0-24 år,Psykiske symptomer og lidelser,"per 1000, standardisert",123.0,2,3,11
Rogaland,2024-01-01,Menn,0-24 år,Psykiske symptomer,"per 1000, standardisert",78.2,2,3,11
Rogaland,2024-01-01,Menn,0-24 år,Psykiske lidelser,"per 1000, standardisert",65.2,2,3,11
Rogaland,2024-01-01,Menn,0-14 år,Psykiske symptomer og lidelser,"per 1000, standardisert",97.8,2,4,11
Rogaland,2024-01-01,Menn,0-14 år,Psykiske symptomer,"per 1000, standardisert",64.8,2,4,11
Rogaland,2024-01-01,Menn,0-14 år,Psykiske lidelser,"per 1000, standardisert",44.9,2,4,11
Rogaland,2024-01-01,Menn,15-24 år,Psykiske symptomer og lidelser,"per 1000, standardisert",155.5,2,5,11
Rogaland,2024-01-01,Menn,15-24 år,Psykiske symptomer,"per 1000, standardisert",95.5,2,5,11
Rogaland,2024-01-01,Menn,15-24 år,Psykiske lidelser,"per 1000, standardisert",91.7,2,5,11
Rogaland,2024-01-01,Menn,25-44 år,Psykiske symptomer og lidelser,"per 1000, standardisert",176.5,2,6,11
Rogaland,2024-01-01,Menn,25-44 år,Psykiske symptomer,"per 1000, standardisert",122.6,2,6,11
Rogaland,2024-01-01,Menn,25-44 år,Psykiske lidelser,"per 1000, standardisert",92.3,2,6,11
Rogaland,2024-01-01,Menn,45-74 år,Psykiske symptomer og lidelser,"per 1000, standardisert",149.6,2,7,11
Rogaland,2024-01-01,Menn,45-74 år,Psykiske symptomer,"per 1000, standardisert",113.7,2,7,11
Rogaland,2024-01-01,Menn,45-74 år,Psykiske lidelser,"per 1000, standardisert",59.0,2,7,11
Rogaland,2024-01-01,Menn,75-79 år,Psykiske symptomer og lidelser,"per 1000, standardisert",156.4,2,8,11
Rogaland,2024-01-01,Menn,75-79 år,Psykiske symptomer,"per 1000, standardisert",120.5,2,8,11
Rogaland,2024-01-01,Menn,75-79 år,Psykiske lidelser,"per 1000, standardisert",53.1,2,8,11
Rogaland,2024-01-01,Kvinner,0-74 år,Psykiske symptomer og lidelser,"per 1000, standardisert",211.7,3,1,11
Rogaland,2024-01-01,Kvinner,0-74 år,Psykiske symptomer,"per 1000, standardisert",156.2,3,1,11
Rogaland,2024-01-01,Kvinner,0-74 år,Psykiske lidelser,"per 1000, standardisert",97.3,3,1,11
Rogaland,2024-01-01,Kvinner,0-44 år,Psykiske symptomer og lidelser,"per 1000, standardisert",200.5,3,2,11
Rogaland,2024-01-01,Kvinner,0-44 år,Psykiske symptomer,"per 1000, standardisert",142.7,3,2,11
Rogaland,2024-01-01,Kvinner,0-44 år,Psykiske lidelser,"per 1000, standardisert",101.8,3,2,11
Rogaland,2024-01-01,Kvinner,0-24 år,Psykiske symptomer og lidelser,"per 1000, standardisert",136.6,3,3,11
Rogaland,2024-01-01,Kvinner,0-24 år,Psykiske symptomer,"per 1000, standardisert",93.6,3,3,11
Rogaland,2024-01-01,Kvinner,0-24 år,Psykiske lidelser,"per 1000, standardisert",71.4,3,3,11
Rogaland,2024-01-01,Kvinner,0-14 år,Psykiske symptomer og lidelser,"per 1000, standardisert",70.2,3,4,11
Rogaland,2024-01-01,Kvinner,0-14 år,Psykiske symptomer,"per 1000, standardisert",51.3,3,4,11
Rogaland,2024-01-01,Kvinner,0-14 år,Psykiske lidelser,"per 1000, standardisert",27.4,3,4,11
Rogaland,2024-01-01,Kvinner,15-24 år,Psykiske symptomer og lidelser,"per 1000, standardisert",222.8,3,5,11
Rogaland,2024-01-01,Kvinner,15-24 år,Psykiske symptomer,"per 1000, standardisert",148.5,3,5,11
Rogaland,2024-01-01,Kvinner,15-24 år,Psykiske lidelser,"per 1000, standardisert",128.7,3,5,11
Rogaland,2024-01-01,Kvinner,25-44 år,Psykiske symptomer og lidelser,"per 1000, standardisert",264.7,3,6,11
Rogaland,2024-01-01,Kvinner,25-44 år,Psykiske symptomer,"per 1000, standardisert",192.1,3,6,11
Rogaland,2024-01-01,Kvinner,25-44 år,Psykiske lidelser,"per 1000, standardisert",132.3,3,6,11
Rogaland,2024-01-01,Kvinner,45-74 år,Psykiske symptomer og lidelser,"per 1000, standardisert",229.0,3,7,11
Rogaland,2024-01-01,Kvinner,45-74 år,Psykiske symptomer,"per 1000, standardisert",176.9,3,7,11
Rogaland,2024-01-01,Kvinner,45-74 år,Psykiske lidelser,"per 1000, standardisert",90.5,3,7,11
Rogaland,2024-01-01,Kvinner,75-79 år,Psykiske symptomer og lidelser,"per 1000, standardisert",245.2,3,8,11
Rogaland,2024-01-01,Kvinner,75-79 år,Psykiske symptomer,"per 1000, standardisert",192.9,3,8,11
Rogaland,2024-01-01,Kvinner,75-79 år,Psykiske lidelser,"per 1000, standardisert",95.2,3,8,11
Vestland,2024-01-01,Kjønn samlet,0-74 år,Psykiske symptomer og lidelser,"per 1000, standardisert",177.8,1,1,15
Vestland,2024-01-01,Kjønn samlet,0-74 år,Psykiske symptomer,"per 1000, standardisert",128.8,1,1,15
Vestland,2024-01-01,Kjønn samlet,0-74 år,Psykiske lidelser,"per 1000, standardisert",82.2,1,1,15
Vestland,2024-01-01,Kjønn samlet,0-44 år,Psykiske symptomer og lidelser,"per 1000, standardisert",176.3,1,2,15
Vestland,2024-01-01,Kjønn samlet,0-44 år,Psykiske symptomer,"per 1000, standardisert",122.3,1,2,15
Vestland,2024-01-01,Kjønn samlet,0-44 år,Psykiske lidelser,"per 1000, standardisert",90.1,1,2,15
Vestland,2024-01-01,Kjønn samlet,0-24 år,Psykiske symptomer og lidelser,"per 1000, standardisert",128.0,1,3,15
Vestland,2024-01-01,Kjønn samlet,0-24 år,Psykiske symptomer,"per 1000, standardisert",83.7,1,3,15
Vestland,2024-01-01,Kjønn samlet,0-24 år,Psykiske lidelser,"per 1000, standardisert",67.6,1,3,15
Vestland,2024-01-01,Kjønn samlet,0-14 år,Psykiske symptomer og lidelser,"per 1000, standardisert",82.2,1,4,15
Vestland,2024-01-01,Kjønn samlet,0-14 år,Psykiske symptomer,"per 1000, standardisert",55.5,1,4,15
Vestland,2024-01-01,Kjønn samlet,0-14 år,Psykiske lidelser,"per 1000, standardisert",36.9,1,4,15
Vestland,2024-01-01,Kjønn samlet,15-24 år,Psykiske symptomer og lidelser,"per 1000, standardisert",187.6,1,5,15
Vestland,2024-01-01,Kjønn samlet,15-24 år,Psykiske symptomer,"per 1000, standardisert",120.3,1,5,15
Vestland,2024-01-01,Kjønn samlet,15-24 år,Psykiske lidelser,"per 1000, standardisert",107.5,1,5,15
Vestland,2024-01-01,Kjønn samlet,25-44 år,Psykiske symptomer og lidelser,"per 1000, standardisert",225.2,1,6,15
Vestland,2024-01-01,Kjønn samlet,25-44 år,Psykiske symptomer,"per 1000, standardisert",161.6,1,6,15
Vestland,2024-01-01,Kjønn samlet,25-44 år,Psykiske lidelser,"per 1000, standardisert",112.8,1,6,15
Vestland,2024-01-01,Kjønn samlet,45-74 år,Psykiske symptomer og lidelser,"per 1000, standardisert",179.9,1,7,15
Vestland,2024-01-01,Kjønn samlet,45-74 år,Psykiske symptomer,"per 1000, standardisert",138.5,1,7,15
Vestland,2024-01-01,Kjønn samlet,45-74 år,Psykiske lidelser,"per 1000, standardisert",70.0,1,7,15
Vestland,2024-01-01,Kjønn samlet,75-79 år,Psykiske symptomer og lidelser,"per 1000, standardisert",175.9,1,8,15
Vestland,2024-01-01,Kjønn samlet,75-79 år,Psykiske symptomer,"per 1000, standardisert",133.8,1,8,15
Vestland,2024-01-01,Kjønn samlet,75-79 år,Psykiske lidelser,"per 1000, standardisert",68.0,1,8,15
Vestland,2024-01-01,Menn,0-74 år,Psykiske symptomer og lidelser,"per 1000, standardisert",145.5,2,1,15
Vestland,2024-01-01,Menn,0-74 år,Psykiske symptomer,"per 1000, standardisert",101.7,2,1,15
Vestland,2024-01-01,Menn,0-74 år,Psykiske lidelser,"per 1000, standardisert",70.2,2,1,15
Vestland,2024-01-01,Menn,0-44 år,Psykiske symptomer og lidelser,"per 1000, standardisert",147.8,2,2,15
Vestland,2024-01-01,Menn,0-44 år,Psykiske symptomer,"per 1000, standardisert",98.2,2,2,15
Vestland,2024-01-01,Menn,0-44 år,Psykiske lidelser,"per 1000, standardisert",78.5,2,2,15
Vestland,2024-01-01,Menn,0-24 år,Psykiske symptomer og lidelser,"per 1000, standardisert",119.4,2,3,15
Vestland,2024-01-01,Menn,0-24 år,Psykiske symptomer,"per 1000, standardisert",74.7,2,3,15
Vestland,2024-01-01,Menn,0-24 år,Psykiske lidelser,"per 1000, standardisert",64.6,2,3,15
Vestland,2024-01-01,Menn,0-14 år,Psykiske symptomer og lidelser,"per 1000, standardisert",95.7,2,4,15
Vestland,2024-01-01,Menn,0-14 år,Psykiske symptomer,"per 1000, standardisert",61.5,2,4,15
Vestland,2024-01-01,Menn,0-14 år,Psykiske lidelser,"per 1000, standardisert",45.9,2,4,15
Vestland,2024-01-01,Menn,15-24 år,Psykiske symptomer og lidelser,"per 1000, standardisert",150.3,2,5,15
Vestland,2024-01-01,Menn,15-24 år,Psykiske symptomer,"per 1000, standardisert",91.7,2,5,15
Vestland,2024-01-01,Menn,15-24 år,Psykiske lidelser,"per 1000, standardisert",89.0,2,5,15
Vestland,2024-01-01,Menn,25-44 år,Psykiske symptomer og lidelser,"per 1000, standardisert",176.7,2,6,15
Vestland,2024-01-01,Menn,25-44 år,Psykiske symptomer,"per 1000, standardisert",122.1,2,6,15
Vestland,2024-01-01,Menn,25-44 år,Psykiske lidelser,"per 1000, standardisert",92.5,2,6,15
Vestland,2024-01-01,Menn,45-74 år,Psykiske symptomer og lidelser,"per 1000, standardisert",141.7,2,7,15
Vestland,2024-01-01,Menn,45-74 år,Psykiske symptomer,"per 1000, standardisert",107.2,2,7,15
Vestland,2024-01-01,Menn,45-74 år,Psykiske lidelser,"per 1000, standardisert",57.0,2,7,15
Vestland,2024-01-01,Menn,75-79 år,Psykiske symptomer og lidelser,"per 1000, standardisert",139.3,2,8,15
Vestland,2024-01-01,Menn,75-79 år,Psykiske symptomer,"per 1000, standardisert",104.1,2,8,15
Vestland,2024-01-01,Menn,75-79 år,Psykiske lidelser,"per 1000, standardisert",54.7,2,8,15
Vestland,2024-01-01,Kvinner,0-74 år,Psykiske symptomer og lidelser,"per 1000, standardisert",211.4,3,1,15
Vestland,2024-01-01,Kvinner,0-74 år,Psykiske symptomer,"per 1000, standardisert",156.9,3,1,15
Vestland,2024-01-01,Kvinner,0-74 år,Psykiske lidelser,"per 1000, standardisert",94.8,3,1,15
Vestland,2024-01-01,Kvinner,0-44 år,Psykiske symptomer og lidelser,"per 1000, standardisert",206.2,3,2,15
Vestland,2024-01-01,Kvinner,0-44 år,Psykiske symptomer,"per 1000, standardisert",147.7,3,2,15
Vestland,2024-01-01,Kvinner,0-44 år,Psykiske lidelser,"per 1000, standardisert",102.3,3,2,15
Vestland,2024-01-01,Kvinner,0-24 år,Psykiske symptomer og lidelser,"per 1000, standardisert",137.0,3,3,15
Vestland,2024-01-01,Kvinner,0-24 år,Psykiske symptomer,"per 1000, standardisert",93.2,3,3,15
Vestland,2024-01-01,Kvinner,0-24 år,Psykiske lidelser,"per 1000, standardisert",70.7,3,3,15
Vestland,2024-01-01,Kvinner,0-14 år,Psykiske symptomer og lidelser,"per 1000, standardisert",67.9,3,4,15
Vestland,2024-01-01,Kvinner,0-14 år,Psykiske symptomer,"per 1000, standardisert",49.1,3,4,15
Vestland,2024-01-01,Kvinner,0-14 år,Psykiske lidelser,"per 1000, standardisert",27.3,3,4,15
Vestland,2024-01-01,Kvinner,15-24 år,Psykiske symptomer og lidelser,"per 1000, standardisert",227.2,3,5,15
Vestland,2024-01-01,Kvinner,15-24 år,Psykiske symptomer,"per 1000, standardisert",150.7,3,5,15
Vestland,2024-01-01,Kvinner,15-24 år,Psykiske lidelser,"per 1000, standardisert",127.2,3,5,15
Vestland,2024-01-01,Kvinner,25-44 år,Psykiske symptomer og lidelser,"per 1000, standardisert",275.9,3,6,15
Vestland,2024-01-01,Kvinner,25-44 år,Psykiske symptomer,"per 1000, standardisert",202.8,3,6,15
Vestland,2024-01-01,Kvinner,25-44 år,Psykiske lidelser,"per 1000, standardisert",134.1,3,6,15
Vestland,2024-01-01,Kvinner,45-74 år,Psykiske symptomer og lidelser,"per 1000, standardisert",219.0,3,7,15
Vestland,2024-01-01,Kvinner,45-74 år,Psykiske symptomer,"per 1000, standardisert",170.6,3,7,15
Vestland,2024-01-01,Kvinner,45-74 år,Psykiske lidelser,"per 1000, standardisert",83.3,3,7,15
Vestland,2024-01-01,Kvinner,75-79 år,Psykiske symptomer og lidelser,"per 1000, standardisert",209.9,3,8,15
Vestland,2024-01-01,Kvinner,75-79 år,Psykiske symptomer,"per 1000, standardisert",161.5,3,8,15
Vestland,2024-01-01,Kvinner,75-79 år,Psykiske lidelser,"per 1000, standardisert",80.4,3,8,15
Møre og Romsdal,2024-01-01,Kjønn samlet,0-74 år,Psykiske symptomer og lidelser,"per 1000, standardisert",185.1,1,1,8
Møre og Romsdal,2024-01-01,Kjønn samlet,0-74 år,Psykiske symptomer,"per 1000, standardisert",135.4,1,1,8
Møre og Romsdal,2024-01-01,Kjønn samlet,0-74 år,Psykiske lidelser,"per 1000, standardisert",85.8,1,1,8
Møre og Romsdal,2024-01-01,Kjønn samlet,0-44 år,Psykiske symptomer og lidelser,"per 1000, standardisert",186.2,1,2,8
Møre og Romsdal,2024-01-01,Kjønn samlet,0-44 år,Psykiske symptomer,"per 1000, standardisert",129.1,1,2,8
Møre og Romsdal,2024-01-01,Kjønn samlet,0-44 år,Psykiske lidelser,"per 1000, standardisert",96.9,1,2,8
Møre og Romsdal,2024-01-01,Kjønn samlet,0-24 år,Psykiske symptomer og lidelser,"per 1000, standardisert",137.1,1,3,8
Møre og Romsdal,2024-01-01,Kjønn samlet,0-24 år,Psykiske symptomer,"per 1000, standardisert",88.8,1,3,8
Møre og Romsdal,2024-01-01,Kjønn samlet,0-24 år,Psykiske lidelser,"per 1000, standardisert",74.5,1,3,8
Møre og Romsdal,2024-01-01,Kjønn samlet,0-14 år,Psykiske symptomer og lidelser,"per 1000, standardisert",93.7,1,4,8
Møre og Romsdal,2024-01-01,Kjønn samlet,0-14 år,Psykiske symptomer,"per 1000, standardisert",61.8,1,4,8
Møre og Romsdal,2024-01-01,Kjønn samlet,0-14 år,Psykiske lidelser,"per 1000, standardisert",44.3,1,4,8
Møre og Romsdal,2024-01-01,Kjønn samlet,15-24 år,Psykiske symptomer og lidelser,"per 1000, standardisert",193.7,1,5,8
Møre og Romsdal,2024-01-01,Kjønn samlet,15-24 år,Psykiske symptomer,"per 1000, standardisert",124.1,1,5,8
Møre og Romsdal,2024-01-01,Kjønn samlet,15-24 år,Psykiske lidelser,"per 1000, standardisert",113.8,1,5,8
Møre og Romsdal,2024-01-01,Kjønn samlet,25-44 år,Psykiske symptomer og lidelser,"per 1000, standardisert",235.3,1,6,8
Møre og Romsdal,2024-01-01,Kjønn samlet,25-44 år,Psykiske symptomer,"per 1000, standardisert",169.8,1,6,8
Møre og Romsdal,2024-01-01,Kjønn samlet,25-44 år,Psykiske lidelser,"per 1000, standardisert",118.9,1,6,8
Møre og Romsdal,2024-01-01,Kjønn samlet,45-74 år,Psykiske symptomer og lidelser,"per 1000, standardisert",184.4,1,7,8
Møre og Romsdal,2024-01-01,Kjønn samlet,45-74 år,Psykiske symptomer,"per 1000, standardisert",145.4,1,7,8
Møre og Romsdal,2024-01-01,Kjønn samlet,45-74 år,Psykiske lidelser,"per 1000, standardisert",69.4,1,7,8
Møre og Romsdal,2024-01-01,Kjønn samlet,75-79 år,Psykiske symptomer og lidelser,"per 1000, standardisert",190.5,1,8,8
Møre og Romsdal,2024-01-01,Kjønn samlet,75-79 år,Psykiske symptomer,"per 1000, standardisert",145.0,1,8,8
Møre og Romsdal,2024-01-01,Kjønn samlet,75-79 år,Psykiske lidelser,"per 1000, standardisert",75.2,1,8,8
Møre og Romsdal,2024-01-01,Menn,0-74 år,Psykiske symptomer og lidelser,"per 1000, standardisert",149.9,2,1,8
Møre og Romsdal,2024-01-01,Menn,0-74 år,Psykiske symptomer,"per 1000, standardisert",106.0,2,1,8
Møre og Romsdal,2024-01-01,Menn,0-74 år,Psykiske lidelser,"per 1000, standardisert",71.9,2,1,8
Møre og Romsdal,2024-01-01,Menn,0-44 år,Psykiske symptomer og lidelser,"per 1000, standardisert",155.0,2,2,8
Møre og Romsdal,2024-01-01,Menn,0-44 år,Psykiske symptomer,"per 1000, standardisert",103.0,2,2,8
Møre og Romsdal,2024-01-01,Menn,0-44 år,Psykiske lidelser,"per 1000, standardisert",83.8,2,2,8
Møre og Romsdal,2024-01-01,Menn,0-24 år,Psykiske symptomer og lidelser,"per 1000, standardisert",126.4,2,3,8
Møre og Romsdal,2024-01-01,Menn,0-24 år,Psykiske symptomer,"per 1000, standardisert",77.8,2,3,8
Møre og Romsdal,2024-01-01,Menn,0-24 år,Psykiske lidelser,"per 1000, standardisert",70.5,2,3,8
Møre og Romsdal,2024-01-01,Menn,0-14 år,Psykiske symptomer og lidelser,"per 1000, standardisert",107.6,2,4,8
Møre og Romsdal,2024-01-01,Menn,0-14 år,Psykiske symptomer,"per 1000, standardisert",66.9,2,4,8
Møre og Romsdal,2024-01-01,Menn,0-14 år,Psykiske lidelser,"per 1000, standardisert",55.2,2,4,8
Møre og Romsdal,2024-01-01,Menn,15-24 år,Psykiske symptomer og lidelser,"per 1000, standardisert",151.1,2,5,8
Møre og Romsdal,2024-01-01,Menn,15-24 år,Psykiske symptomer,"per 1000, standardisert",92.1,2,5,8
Møre og Romsdal,2024-01-01,Menn,15-24 år,Psykiske lidelser,"per 1000, standardisert",90.5,2,5,8
Møre og Romsdal,2024-01-01,Menn,25-44 år,Psykiske symptomer og lidelser,"per 1000, standardisert",183.6,2,6,8
Møre og Romsdal,2024-01-01,Menn,25-44 år,Psykiske symptomer,"per 1000, standardisert",128.7,2,6,8
Møre og Romsdal,2024-01-01,Menn,25-44 år,Psykiske lidelser,"per 1000, standardisert",96.8,2,6,8
Møre og Romsdal,2024-01-01,Menn,45-74 år,Psykiske symptomer og lidelser,"per 1000, standardisert",142.9,2,7,8
Møre og Romsdal,2024-01-01,Menn,45-74 år,Psykiske symptomer,"per 1000, standardisert",111.1,2,7,8
Møre og Romsdal,2024-01-01,Menn,45-74 år,Psykiske lidelser,"per 1000, standardisert",53.9,2,7,8
Møre og Romsdal,2024-01-01,Menn,75-79 år,Psykiske symptomer og lidelser,"per 1000, standardisert",155.2,2,8,8
Møre og Romsdal,2024-01-01,Menn,75-79 år,Psykiske symptomer,"per 1000, standardisert",114.2,2,8,8
Møre og Romsdal,2024-01-01,Menn,75-79 år,Psykiske lidelser,"per 1000, standardisert",62.3,2,8,8
Møre og Romsdal,2024-01-01,Kvinner,0-74 år,Psykiske symptomer og lidelser,"per 1000, standardisert",221.7,3,1,8
Møre og Romsdal,2024-01-01,Kvinner,0-74 år,Psykiske symptomer,"per 1000, standardisert",166.0,3,1,8
Møre og Romsdal,2024-01-01,Kvinner,0-74 år,Psykiske lidelser,"per 1000, standardisert",100.3,3,1,8
Møre og Romsdal,2024-01-01,Kvinner,0-44 år,Psykiske symptomer og lidelser,"per 1000, standardisert",218.9,3,2,8
Møre og Romsdal,2024-01-01,Kvinner,0-44 år,Psykiske symptomer,"per 1000, standardisert",156.5,3,2,8
Møre og Romsdal,2024-01-01,Kvinner,0-44 år,Psykiske lidelser,"per 1000, standardisert",110.6,3,2,8
Møre og Romsdal,2024-01-01,Kvinner,0-24 år,Psykiske symptomer og lidelser,"per 1000, standardisert",148.5,3,3,8
Møre og Romsdal,2024-01-01,Kvinner,0-24 år,Psykiske symptomer,"per 1000, standardisert",100.5,3,3,8
Møre og Romsdal,2024-01-01,Kvinner,0-24 år,Psykiske lidelser,"per 1000, standardisert",78.8,3,3,8
Møre og Romsdal,2024-01-01,Kvinner,0-14 år,Psykiske symptomer og lidelser,"per 1000, standardisert",79.0,3,4,8
Møre og Romsdal,2024-01-01,Kvinner,0-14 år,Psykiske symptomer,"per 1000, standardisert",56.3,3,4,8
Møre og Romsdal,2024-01-01,Kvinner,0-14 år,Psykiske lidelser,"per 1000, standardisert",32.8,3,4,8
Møre og Romsdal,2024-01-01,Kvinner,15-24 år,Psykiske symptomer og lidelser,"per 1000, standardisert",239.1,3,5,8
Møre og Romsdal,2024-01-01,Kvinner,15-24 år,Psykiske symptomer,"per 1000, standardisert",158.0,3,5,8
Møre og Romsdal,2024-01-01,Kvinner,15-24 år,Psykiske lidelser,"per 1000, standardisert",138.7,3,5,8
Møre og Romsdal,2024-01-01,Kvinner,25-44 år,Psykiske symptomer og lidelser,"per 1000, standardisert",289.3,3,6,8
Møre og Romsdal,2024-01-01,Kvinner,25-44 år,Psykiske symptomer,"per 1000, standardisert",212.9,3,6,8
Møre og Romsdal,2024-01-01,Kvinner,25-44 år,Psykiske lidelser,"per 1000, standardisert",142.0,3,6,8
Møre og Romsdal,2024-01-01,Kvinner,45-74 år,Psykiske symptomer og lidelser,"per 1000, standardisert",226.8,3,7,8
Møre og Romsdal,2024-01-01,Kvinner,45-74 år,Psykiske symptomer,"per 1000, standardisert",180.6,3,7,8
Møre og Romsdal,2024-01-01,Kvinner,45-74 år,Psykiske lidelser,"per 1000, standardisert",85.3,3,7,8
Møre og Romsdal,2024-01-01,Kvinner,75-79 år,Psykiske symptomer og lidelser,"per 1000, standardisert",223.0,3,8,8
Møre og Romsdal,2024-01-01,Kvinner,75-79 år,Psykiske symptomer,"per 1000, standardisert",173.7,3,8,8
Møre og Romsdal,2024-01-01,Kvinner,75-79 år,Psykiske lidelser,"per 1000, standardisert",87.0,3,8,8
Trøndelag Trööndelage,2024-01-01,Kjønn samlet,0-74 år,Psykiske symptomer og lidelser,"per 1000, standardisert",189.4,1,1,13
Trøndelag Trööndelage,2024-01-01,Kjønn samlet,0-74 år,Psykiske symptomer,"per 1000, standardisert",143.0,1,1,13
Trøndelag Trööndelage,2024-01-01,Kjønn samlet,0-74 år,Psykiske lidelser,"per 1000, standardisert",81.3,1,1,13
Trøndelag Trööndelage,2024-01-01,Kjønn samlet,0-44 år,Psykiske symptomer og lidelser,"per 1000, standardisert",187.9,1,2,13
Trøndelag Trööndelage,2024-01-01,Kjønn samlet,0-44 år,Psykiske symptomer,"per 1000, standardisert",135.7,1,2,13
Trøndelag Trööndelage,2024-01-01,Kjønn samlet,0-44 år,Psykiske lidelser,"per 1000, standardisert",90.9,1,2,13
Trøndelag Trööndelage,2024-01-01,Kjønn samlet,0-24 år,Psykiske symptomer og lidelser,"per 1000, standardisert",133.1,1,3,13
Trøndelag Trööndelage,2024-01-01,Kjønn samlet,0-24 år,Psykiske symptomer,"per 1000, standardisert",89.5,1,3,13
Trøndelag Trööndelage,2024-01-01,Kjønn samlet,0-24 år,Psykiske lidelser,"per 1000, standardisert",68.3,1,3,13
Trøndelag Trööndelage,2024-01-01,Kjønn samlet,0-14 år,Psykiske symptomer og lidelser,"per 1000, standardisert",84.0,1,4,13
Trøndelag Trööndelage,2024-01-01,Kjønn samlet,0-14 år,Psykiske symptomer,"per 1000, standardisert",57.4,1,4,13
Trøndelag Trööndelage,2024-01-01,Kjønn samlet,0-14 år,Psykiske lidelser,"per 1000, standardisert",36.7,1,4,13
Trøndelag Trööndelage,2024-01-01,Kjønn samlet,15-24 år,Psykiske symptomer og lidelser,"per 1000, standardisert",196.9,1,5,13
Trøndelag Trööndelage,2024-01-01,Kjønn samlet,15-24 år,Psykiske symptomer,"per 1000, standardisert",131.1,1,5,13
Trøndelag Trööndelage,2024-01-01,Kjønn samlet,15-24 år,Psykiske lidelser,"per 1000, standardisert",109.6,1,5,13
Trøndelag Trööndelage,2024-01-01,Kjønn samlet,25-44 år,Psykiske symptomer og lidelser,"per 1000, standardisert",243.6,1,6,13
Trøndelag Trööndelage,2024-01-01,Kjønn samlet,25-44 år,Psykiske symptomer,"per 1000, standardisert",182.9,1,6,13
Trøndelag Trööndelage,2024-01-01,Kjønn samlet,25-44 år,Psykiske lidelser,"per 1000, standardisert",113.8,1,6,13
Trøndelag Trööndelage,2024-01-01,Kjønn samlet,45-74 år,Psykiske symptomer og lidelser,"per 1000, standardisert",191.3,1,7,13
Trøndelag Trööndelage,2024-01-01,Kjønn samlet,45-74 år,Psykiske symptomer,"per 1000, standardisert",154.0,1,7,13
Trøndelag Trööndelage,2024-01-01,Kjønn samlet,45-74 år,Psykiske lidelser,"per 1000, standardisert",66.2,1,7,13
Trøndelag Trööndelage,2024-01-01,Kjønn samlet,75-79 år,Psykiske symptomer og lidelser,"per 1000, standardisert",191.3,1,8,13
Trøndelag Trööndelage,2024-01-01,Kjønn samlet,75-79 år,Psykiske symptomer,"per 1000, standardisert",145.2,1,8,13
Trøndelag Trööndelage,2024-01-01,Kjønn samlet,75-79 år,Psykiske lidelser,"per 1000, standardisert",72.7,1,8,13
Trøndelag Trööndelage,2024-01-01,Menn,0-74 år,Psykiske symptomer og lidelser,"per 1000, standardisert",155.4,2,1,13
Trøndelag Trööndelage,2024-01-01,Menn,0-74 år,Psykiske symptomer,"per 1000, standardisert",113.7,2,1,13
Trøndelag Trööndelage,2024-01-01,Menn,0-74 år,Psykiske lidelser,"per 1000, standardisert",69.2,2,1,13
Trøndelag Trööndelage,2024-01-01,Menn,0-44 år,Psykiske symptomer og lidelser,"per 1000, standardisert",157.0,2,2,13
Trøndelag Trööndelage,2024-01-01,Menn,0-44 år,Psykiske symptomer,"per 1000, standardisert",109.0,2,2,13
Trøndelag Trööndelage,2024-01-01,Menn,0-44 år,Psykiske lidelser,"per 1000, standardisert",78.7,2,2,13
Trøndelag Trööndelage,2024-01-01,Menn,0-24 år,Psykiske symptomer og lidelser,"per 1000, standardisert",122.2,2,3,13
Trøndelag Trööndelage,2024-01-01,Menn,0-24 år,Psykiske symptomer,"per 1000, standardisert",77.8,2,3,13
Trøndelag Trööndelage,2024-01-01,Menn,0-24 år,Psykiske lidelser,"per 1000, standardisert",64.6,2,3,13
Trøndelag Trööndelage,2024-01-01,Menn,0-14 år,Psykiske symptomer og lidelser,"per 1000, standardisert",95.6,2,4,13
Trøndelag Trööndelage,2024-01-01,Menn,0-14 år,Psykiske symptomer,"per 1000, standardisert",61.8,2,4,13
Trøndelag Trööndelage,2024-01-01,Menn,0-14 år,Psykiske lidelser,"per 1000, standardisert",45.1,2,4,13
Trøndelag Trööndelage,2024-01-01,Menn,15-24 år,Psykiske symptomer og lidelser,"per 1000, standardisert",156.6,2,5,13
Trøndelag Trööndelage,2024-01-01,Menn,15-24 år,Psykiske symptomer,"per 1000, standardisert",98.4,2,5,13
Trøndelag Trööndelage,2024-01-01,Menn,15-24 år,Psykiske lidelser,"per 1000, standardisert",89.9,2,5,13
Trøndelag Trööndelage,2024-01-01,Menn,25-44 år,Psykiske symptomer og lidelser,"per 1000, standardisert",192.6,2,6,13
Trøndelag Trööndelage,2024-01-01,Menn,25-44 år,Psykiske symptomer,"per 1000, standardisert",141.1,2,6,13
Trøndelag Trööndelage,2024-01-01,Menn,25-44 år,Psykiske lidelser,"per 1000, standardisert",93.1,2,6,13
Trøndelag Trööndelage,2024-01-01,Menn,45-74 år,Psykiske symptomer og lidelser,"per 1000, standardisert",152.5,2,7,13
Trøndelag Trööndelage,2024-01-01,Menn,45-74 år,Psykiske symptomer,"per 1000, standardisert",120.7,2,7,13
Trøndelag Trööndelage,2024-01-01,Menn,45-74 år,Psykiske lidelser,"per 1000, standardisert",54.1,2,7,13
Trøndelag Trööndelage,2024-01-01,Menn,75-79 år,Psykiske symptomer og lidelser,"per 1000, standardisert",153.4,2,8,13
Trøndelag Trööndelage,2024-01-01,Menn,75-79 år,Psykiske symptomer,"per 1000, standardisert",116.7,2,8,13
Trøndelag Trööndelage,2024-01-01,Menn,75-79 år,Psykiske lidelser,"per 1000, standardisert",56.7,2,8,13
Trøndelag Trööndelage,2024-01-01,Kvinner,0-74 år,Psykiske symptomer og lidelser,"per 1000, standardisert",224.7,3,1,13
Trøndelag Trööndelage,2024-01-01,Kvinner,0-74 år,Psykiske symptomer,"per 1000, standardisert",173.5,3,1,13
Trøndelag Trööndelage,2024-01-01,Kvinner,0-74 år,Psykiske lidelser,"per 1000, standardisert",93.9,3,1,13
Trøndelag Trööndelage,2024-01-01,Kvinner,0-44 år,Psykiske symptomer og lidelser,"per 1000, standardisert",220.4,3,2,13
Trøndelag Trööndelage,2024-01-01,Kvinner,0-44 år,Psykiske symptomer,"per 1000, standardisert",163.9,3,2,13
Trøndelag Trööndelage,2024-01-01,Kvinner,0-44 år,Psykiske lidelser,"per 1000, standardisert",103.8,3,2,13
Trøndelag Trööndelage,2024-01-01,Kvinner,0-24 år,Psykiske symptomer og lidelser,"per 1000, standardisert",144.6,3,3,13
Trøndelag Trööndelage,2024-01-01,Kvinner,0-24 år,Psykiske symptomer,"per 1000, standardisert",101.9,3,3,13
Trøndelag Trööndelage,2024-01-01,Kvinner,0-24 år,Psykiske lidelser,"per 1000, standardisert",72.3,3,3,13
Trøndelag Trööndelage,2024-01-01,Kvinner,0-14 år,Psykiske symptomer og lidelser,"per 1000, standardisert",71.7,3,4,13
Trøndelag Trööndelage,2024-01-01,Kvinner,0-14 år,Psykiske symptomer,"per 1000, standardisert",52.7,3,4,13
Trøndelag Trööndelage,2024-01-01,Kvinner,0-14 år,Psykiske lidelser,"per 1000, standardisert",27.8,3,4,13
Trøndelag Trööndelage,2024-01-01,Kvinner,15-24 år,Psykiske symptomer og lidelser,"per 1000, standardisert",239.6,3,5,13
Trøndelag Trööndelage,2024-01-01,Kvinner,15-24 år,Psykiske symptomer,"per 1000, standardisert",165.8,3,5,13
Trøndelag Trööndelage,2024-01-01,Kvinner,15-24 år,Psykiske lidelser,"per 1000, standardisert",130.5,3,5,13
Trøndelag Trööndelage,2024-01-01,Kvinner,25-44 år,Psykiske symptomer og lidelser,"per 1000, standardisert",297.0,3,6,13
Trøndelag Trööndelage,2024-01-01,Kvinner,25-44 år,Psykiske symptomer,"per 1000, standardisert",226.6,3,6,13
Trøndelag Trööndelage,2024-01-01,Kvinner,25-44 år,Psykiske lidelser,"per 1000, standardisert",135.5,3,6,13
Trøndelag Trööndelage,2024-01-01,Kvinner,45-74 år,Psykiske symptomer og lidelser,"per 1000, standardisert",230.8,3,7,13
Trøndelag Trööndelage,2024-01-01,Kvinner,45-74 år,Psykiske symptomer,"per 1000, standardisert",188.0,3,7,13
Trøndelag Trööndelage,2024-01-01,Kvinner,45-74 år,Psykiske lidelser,"per 1000, standardisert",78.6,3,7,13
Trøndelag Trööndelage,2024-01-01,Kvinner,75-79 år,Psykiske symptomer og lidelser,"per 1000, standardisert",226.4,3,8,13
Trøndelag Trööndelage,2024-01-01,Kvinner,75-79 år,Psykiske symptomer,"per 1000, standardisert",171.6,3,8,13
Trøndelag Trööndelage,2024-01-01,Kvinner,75-79 år,Psykiske lidelser,"per 1000, standardisert",87.6,3,8,13
Nordland Nordlánnda,2024-01-01,Kjønn samlet,0-74 år,Psykiske symptomer og lidelser,"per 1000, standardisert",190.6,1,1,9
Nordland Nordlánnda,2024-01-01,Kjønn samlet,0-74 år,Psykiske symptomer,"per 1000, standardisert",140.2,1,1,9
Nordland Nordlánnda,2024-01-01,Kjønn samlet,0-74 år,Psykiske lidelser,"per 1000, standardisert",88.2,1,1,9
Nordland Nordlánnda,2024-01-01,Kjønn samlet,0-44 år,Psykiske symptomer og lidelser,"per 1000, standardisert",191.4,1,2,9
Nordland Nordlánnda,2024-01-01,Kjønn samlet,0-44 år,Psykiske symptomer,"per 1000, standardisert",134.0,1,2,9
Nordland Nordlánnda,2024-01-01,Kjønn samlet,0-44 år,Psykiske lidelser,"per 1000, standardisert",99.0,1,2,9
Nordland Nordlánnda,2024-01-01,Kjønn samlet,0-24 år,Psykiske symptomer og lidelser,"per 1000, standardisert",140.5,1,3,9
Nordland Nordlánnda,2024-01-01,Kjønn samlet,0-24 år,Psykiske symptomer,"per 1000, standardisert",94.6,1,3,9
Nordland Nordlánnda,2024-01-01,Kjønn samlet,0-24 år,Psykiske lidelser,"per 1000, standardisert",72.4,1,3,9
Nordland Nordlánnda,2024-01-01,Kjønn samlet,0-14 år,Psykiske symptomer og lidelser,"per 1000, standardisert",88.5,1,4,9
Nordland Nordlánnda,2024-01-01,Kjønn samlet,0-14 år,Psykiske symptomer,"per 1000, standardisert",61.7,1,4,9
Nordland Nordlánnda,2024-01-01,Kjønn samlet,0-14 år,Psykiske lidelser,"per 1000, standardisert",36.8,1,4,9
Nordland Nordlánnda,2024-01-01,Kjønn samlet,15-24 år,Psykiske symptomer og lidelser,"per 1000, standardisert",208.1,1,5,9
Nordland Nordlánnda,2024-01-01,Kjønn samlet,15-24 år,Psykiske symptomer,"per 1000, standardisert",137.4,1,5,9
Nordland Nordlánnda,2024-01-01,Kjønn samlet,15-24 år,Psykiske lidelser,"per 1000, standardisert",118.6,1,5,9
Nordland Nordlánnda,2024-01-01,Kjønn samlet,25-44 år,Psykiske symptomer og lidelser,"per 1000, standardisert",243.0,1,6,9
Nordland Nordlánnda,2024-01-01,Kjønn samlet,25-44 år,Psykiske symptomer,"per 1000, standardisert",173.9,1,6,9
Nordland Nordlánnda,2024-01-01,Kjønn samlet,25-44 år,Psykiske lidelser,"per 1000, standardisert",126.1,1,6,9
Nordland Nordlánnda,2024-01-01,Kjønn samlet,45-74 år,Psykiske symptomer og lidelser,"per 1000, standardisert",190.7,1,7,9
Nordland Nordlánnda,2024-01-01,Kjønn samlet,45-74 år,Psykiske symptomer,"per 1000, standardisert",150.5,1,7,9
Nordland Nordlánnda,2024-01-01,Kjønn samlet,45-74 år,Psykiske lidelser,"per 1000, standardisert",72.5,1,7,9
Nordland Nordlánnda,2024-01-01,Kjønn samlet,75-79 år,Psykiske symptomer og lidelser,"per 1000, standardisert",182.7,1,8,9
Nordland Nordlánnda,2024-01-01,Kjønn samlet,75-79 år,Psykiske symptomer,"per 1000, standardisert",141.5,1,8,9
Nordland Nordlánnda,2024-01-01,Kjønn samlet,75-79 år,Psykiske lidelser,"per 1000, standardisert",68.0,1,8,9
Nordland Nordlánnda,2024-01-01,Menn,0-74 år,Psykiske symptomer og lidelser,"per 1000, standardisert",156.6,2,1,9
Nordland Nordlánnda,2024-01-01,Menn,0-74 år,Psykiske symptomer,"per 1000, standardisert",111.7,2,1,9
Nordland Nordlánnda,2024-01-01,Menn,0-74 år,Psykiske lidelser,"per 1000, standardisert",75.0,2,1,9
Nordland Nordlánnda,2024-01-01,Menn,0-44 år,Psykiske symptomer og lidelser,"per 1000, standardisert",159.5,2,2,9
Nordland Nordlánnda,2024-01-01,Menn,0-44 år,Psykiske symptomer,"per 1000, standardisert",107.6,2,2,9
Nordland Nordlánnda,2024-01-01,Menn,0-44 år,Psykiske lidelser,"per 1000, standardisert",84.8,2,2,9
Nordland Nordlánnda,2024-01-01,Menn,0-24 år,Psykiske symptomer og lidelser,"per 1000, standardisert",127.6,2,3,9
Nordland Nordlánnda,2024-01-01,Menn,0-24 år,Psykiske symptomer,"per 1000, standardisert",82.9,2,3,9
Nordland Nordlánnda,2024-01-01,Menn,0-24 år,Psykiske lidelser,"per 1000, standardisert",65.5,2,3,9
Nordland Nordlánnda,2024-01-01,Menn,0-14 år,Psykiske symptomer og lidelser,"per 1000, standardisert",102.0,2,4,9
Nordland Nordlánnda,2024-01-01,Menn,0-14 år,Psykiske symptomer,"per 1000, standardisert",67.7,2,4,9
Nordland Nordlánnda,2024-01-01,Menn,0-14 år,Psykiske lidelser,"per 1000, standardisert",45.7,2,4,9
Nordland Nordlánnda,2024-01-01,Menn,15-24 år,Psykiske symptomer og lidelser,"per 1000, standardisert",160.8,2,5,9
Nordland Nordlánnda,2024-01-01,Menn,15-24 år,Psykiske symptomer,"per 1000, standardisert",102.5,2,5,9
Nordland Nordlánnda,2024-01-01,Menn,15-24 år,Psykiske lidelser,"per 1000, standardisert",91.2,2,5,9
Nordland Nordlánnda,2024-01-01,Menn,25-44 år,Psykiske symptomer og lidelser,"per 1000, standardisert",192.0,2,6,9
Nordland Nordlánnda,2024-01-01,Menn,25-44 år,Psykiske symptomer,"per 1000, standardisert",132.9,2,6,9
Nordland Nordlánnda,2024-01-01,Menn,25-44 år,Psykiske lidelser,"per 1000, standardisert",104.5,2,6,9
Nordland Nordlánnda,2024-01-01,Menn,45-74 år,Psykiske symptomer og lidelser,"per 1000, standardisert",153.0,2,7,9
Nordland Nordlánnda,2024-01-01,Menn,45-74 år,Psykiske symptomer,"per 1000, standardisert",118.4,2,7,9
Nordland Nordlánnda,2024-01-01,Menn,45-74 år,Psykiske lidelser,"per 1000, standardisert",60.1,2,7,9
Nordland Nordlánnda,2024-01-01,Menn,75-79 år,Psykiske symptomer og lidelser,"per 1000, standardisert",143.9,2,8,9
Nordland Nordlánnda,2024-01-01,Menn,75-79 år,Psykiske symptomer,"per 1000, standardisert",110.8,2,8,9
Nordland Nordlánnda,2024-01-01,Menn,75-79 år,Psykiske lidelser,"per 1000, standardisert",54.9,2,8,9
Nordland Nordlánnda,2024-01-01,Kvinner,0-74 år,Psykiske symptomer og lidelser,"per 1000, standardisert",225.9,3,1,9
Nordland Nordlánnda,2024-01-01,Kvinner,0-74 år,Psykiske symptomer,"per 1000, standardisert",169.9,3,1,9
Nordland Nordlánnda,2024-01-01,Kvinner,0-74 år,Psykiske lidelser,"per 1000, standardisert",102.0,3,1,9
Nordland Nordlánnda,2024-01-01,Kvinner,0-44 år,Psykiske symptomer og lidelser,"per 1000, standardisert",225.0,3,2,9
Nordland Nordlánnda,2024-01-01,Kvinner,0-44 år,Psykiske symptomer,"per 1000, standardisert",161.8,3,2,9
Nordland Nordlánnda,2024-01-01,Kvinner,0-44 år,Psykiske lidelser,"per 1000, standardisert",114.0,3,2,9
Nordland Nordlánnda,2024-01-01,Kvinner,0-24 år,Psykiske symptomer og lidelser,"per 1000, standardisert",154.2,3,3,9
Nordland Nordlánnda,2024-01-01,Kvinner,0-24 år,Psykiske symptomer,"per 1000, standardisert",107.0,3,3,9
Nordland Nordlánnda,2024-01-01,Kvinner,0-24 år,Psykiske lidelser,"per 1000, standardisert",79.8,3,3,9
Nordland Nordlánnda,2024-01-01,Kvinner,0-14 år,Psykiske symptomer og lidelser,"per 1000, standardisert",74.2,3,4,9
Nordland Nordlánnda,2024-01-01,Kvinner,0-14 år,Psykiske symptomer,"per 1000, standardisert",55.3,3,4,9
Nordland Nordlánnda,2024-01-01,Kvinner,0-14 år,Psykiske lidelser,"per 1000, standardisert",27.5,3,4,9
Nordland Nordlánnda,2024-01-01,Kvinner,15-24 år,Psykiske symptomer og lidelser,"per 1000, standardisert",258.5,3,5,9
Nordland Nordlánnda,2024-01-01,Kvinner,15-24 år,Psykiske symptomer,"per 1000, standardisert",174.5,3,5,9
Nordland Nordlánnda,2024-01-01,Kvinner,15-24 år,Psykiske lidelser,"per 1000, standardisert",148.0,3,5,9
Nordland Nordlánnda,2024-01-01,Kvinner,25-44 år,Psykiske symptomer og lidelser,"per 1000, standardisert",296.4,3,6,9
Nordland Nordlánnda,2024-01-01,Kvinner,25-44 år,Psykiske symptomer,"per 1000, standardisert",216.9,3,6,9
Nordland Nordlánnda,2024-01-01,Kvinner,25-44 år,Psykiske lidelser,"per 1000, standardisert",148.5,3,6,9
Nordland Nordlánnda,2024-01-01,Kvinner,45-74 år,Psykiske symptomer og lidelser,"per 1000, standardisert",229.1,3,7,9
Nordland Nordlánnda,2024-01-01,Kvinner,45-74 år,Psykiske symptomer,"per 1000, standardisert",183.2,3,7,9
Nordland Nordlánnda,2024-01-01,Kvinner,45-74 år,Psykiske lidelser,"per 1000, standardisert",85.1,3,7,9
Nordland Nordlánnda,2024-01-01,Kvinner,75-79 år,Psykiske symptomer og lidelser,"per 1000, standardisert",218.8,3,8,9
Nordland Nordlánnda,2024-01-01,Kvinner,75-79 år,Psykiske symptomer,"per 1000, standardisert",170.2,3,8,9
Nordland Nordlánnda,2024-01-01,Kvinner,75-79 år,Psykiske lidelser,"per 1000, standardisert",80.0,3,8,9
Troms Romsa Tromssa,2024-01-01,Kjønn samlet,0-74 år,Psykiske symptomer og lidelser,"per 1000, standardisert",196.1,1,1,12
Troms Romsa Tromssa,2024-01-01,Kjønn samlet,0-74 år,Psykiske symptomer,"per 1000, standardisert",152.9,1,1,12
Troms Romsa Tromssa,2024-01-01,Kjønn samlet,0-74 år,Psykiske lidelser,"per 1000, standardisert",80.1,1,1,12
Troms Romsa Tromssa,2024-01-01,Kjønn samlet,0-44 år,Psykiske symptomer og lidelser,"per 1000, standardisert",195.5,1,2,12
Troms Romsa Tromssa,2024-01-01,Kjønn samlet,0-44 år,Psykiske symptomer,"per 1000, standardisert",146.7,1,2,12
Troms Romsa Tromssa,2024-01-01,Kjønn samlet,0-44 år,Psykiske lidelser,"per 1000, standardisert",90.0,1,2,12
Troms Romsa Tromssa,2024-01-01,Kjønn samlet,0-24 år,Psykiske symptomer og lidelser,"per 1000, standardisert",136.5,1,3,12
Troms Romsa Tromssa,2024-01-01,Kjønn samlet,0-24 år,Psykiske symptomer,"per 1000, standardisert",96.8,1,3,12
Troms Romsa Tromssa,2024-01-01,Kjønn samlet,0-24 år,Psykiske lidelser,"per 1000, standardisert",65.9,1,3,12
Troms Romsa Tromssa,2024-01-01,Kjønn samlet,0-14 år,Psykiske symptomer og lidelser,"per 1000, standardisert",87.0,1,4,12
Troms Romsa Tromssa,2024-01-01,Kjønn samlet,0-14 år,Psykiske symptomer,"per 1000, standardisert",62.0,1,4,12
Troms Romsa Tromssa,2024-01-01,Kjønn samlet,0-14 år,Psykiske lidelser,"per 1000, standardisert",35.4,1,4,12
Troms Romsa Tromssa,2024-01-01,Kjønn samlet,15-24 år,Psykiske symptomer og lidelser,"per 1000, standardisert",200.9,1,5,12
Troms Romsa Tromssa,2024-01-01,Kjønn samlet,15-24 år,Psykiske symptomer,"per 1000, standardisert",141.8,1,5,12
Troms Romsa Tromssa,2024-01-01,Kjønn samlet,15-24 år,Psykiske lidelser,"per 1000, standardisert",105.6,1,5,12
Troms Romsa Tromssa,2024-01-01,Kjønn samlet,25-44 år,Psykiske symptomer og lidelser,"per 1000, standardisert",255.5,1,6,12
Troms Romsa Tromssa,2024-01-01,Kjønn samlet,25-44 år,Psykiske symptomer,"per 1000, standardisert",197.5,1,6,12
Troms Romsa Tromssa,2024-01-01,Kjønn samlet,25-44 år,Psykiske lidelser,"per 1000, standardisert",114.5,1,6,12
Troms Romsa Tromssa,2024-01-01,Kjønn samlet,45-74 år,Psykiske symptomer og lidelser,"per 1000, standardisert",197.3,1,7,12
Troms Romsa Tromssa,2024-01-01,Kjønn samlet,45-74 år,Psykiske symptomer,"per 1000, standardisert",162.5,1,7,12
Troms Romsa Tromssa,2024-01-01,Kjønn samlet,45-74 år,Psykiske lidelser,"per 1000, standardisert",64.9,1,7,12
Troms Romsa Tromssa,2024-01-01,Kjønn samlet,75-79 år,Psykiske symptomer og lidelser,"per 1000, standardisert",187.8,1,8,12
Troms Romsa Tromssa,2024-01-01,Kjønn samlet,75-79 år,Psykiske symptomer,"per 1000, standardisert",146.2,1,8,12
Troms Romsa Tromssa,2024-01-01,Kjønn samlet,75-79 år,Psykiske lidelser,"per 1000, standardisert",69.4,1,8,12
Troms Romsa Tromssa,2024-01-01,Menn,0-74 år,Psykiske symptomer og lidelser,"per 1000, standardisert",158.2,2,1,12
Troms Romsa Tromssa,2024-01-01,Menn,0-74 år,Psykiske symptomer,"per 1000, standardisert",119.7,2,1,12
Troms Romsa Tromssa,2024-01-01,Menn,0-74 år,Psykiske lidelser,"per 1000, standardisert",67.1,2,1,12
Troms Romsa Tromssa,2024-01-01,Menn,0-44 år,Psykiske symptomer og lidelser,"per 1000, standardisert",158.4,2,2,12
Troms Romsa Tromssa,2024-01-01,Menn,0-44 år,Psykiske symptomer,"per 1000, standardisert",114.3,2,2,12
Troms Romsa Tromssa,2024-01-01,Menn,0-44 år,Psykiske lidelser,"per 1000, standardisert",76.0,2,2,12
Troms Romsa Tromssa,2024-01-01,Menn,0-24 år,Psykiske symptomer og lidelser,"per 1000, standardisert",121.1,2,3,12
Troms Romsa Tromssa,2024-01-01,Menn,0-24 år,Psykiske symptomer,"per 1000, standardisert",81.9,2,3,12
Troms Romsa Tromssa,2024-01-01,Menn,0-24 år,Psykiske lidelser,"per 1000, standardisert",58.5,2,3,12
Troms Romsa Tromssa,2024-01-01,Menn,0-14 år,Psykiske symptomer og lidelser,"per 1000, standardisert",99.5,2,4,12
Troms Romsa Tromssa,2024-01-01,Menn,0-14 år,Psykiske symptomer,"per 1000, standardisert",67.3,2,4,12
Troms Romsa Tromssa,2024-01-01,Menn,0-14 år,Psykiske lidelser,"per 1000, standardisert",43.8,2,4,12
Troms Romsa Tromssa,2024-01-01,Menn,15-24 år,Psykiske symptomer og lidelser,"per 1000, standardisert",149.7,2,5,12
Troms Romsa Tromssa,2024-01-01,Menn,15-24 år,Psykiske symptomer,"per 1000, standardisert",100.8,2,5,12
Troms Romsa Tromssa,2024-01-01,Menn,15-24 år,Psykiske lidelser,"per 1000, standardisert",78.0,2,5,12
Troms Romsa Tromssa,2024-01-01,Menn,25-44 år,Psykiske symptomer og lidelser,"per 1000, standardisert",196.4,2,6,12
Troms Romsa Tromssa,2024-01-01,Menn,25-44 år,Psykiske symptomer,"per 1000, standardisert",147.3,2,6,12
Troms Romsa Tromssa,2024-01-01,Menn,25-44 år,Psykiske lidelser,"per 1000, standardisert",93.9,2,6,12
Troms Romsa Tromssa,2024-01-01,Menn,45-74 år,Psykiske symptomer og lidelser,"per 1000, standardisert",158.0,2,7,12
Troms Romsa Tromssa,2024-01-01,Menn,45-74 år,Psykiske symptomer,"per 1000, standardisert",128.3,2,7,12
Troms Romsa Tromssa,2024-01-01,Menn,45-74 år,Psykiske lidelser,"per 1000, standardisert",53.3,2,7,12
Troms Romsa Tromssa,2024-01-01,Menn,75-79 år,Psykiske symptomer og lidelser,"per 1000, standardisert",155.3,2,8,12
Troms Romsa Tromssa,2024-01-01,Menn,75-79 år,Psykiske symptomer,"per 1000, standardisert",120.7,2,8,12
Troms Romsa Tromssa,2024-01-01,Menn,75-79 år,Psykiske lidelser,"per 1000, standardisert",57.5,2,8,12
Troms Romsa Tromssa,2024-01-01,Kvinner,0-74 år,Psykiske symptomer og lidelser,"per 1000, standardisert",235.6,3,1,12
Troms Romsa Tromssa,2024-01-01,Kvinner,0-74 år,Psykiske symptomer,"per 1000, standardisert",187.4,3,1,12
Troms Romsa Tromssa,2024-01-01,Kvinner,0-74 år,Psykiske lidelser,"per 1000, standardisert",93.6,3,1,12
Troms Romsa Tromssa,2024-01-01,Kvinner,0-44 år,Psykiske symptomer og lidelser,"per 1000, standardisert",234.6,3,2,12
Troms Romsa Tromssa,2024-01-01,Kvinner,0-44 år,Psykiske symptomer,"per 1000, standardisert",180.9,3,2,12
Troms Romsa Tromssa,2024-01-01,Kvinner,0-44 år,Psykiske lidelser,"per 1000, standardisert",104.7,3,2,12
Troms Romsa Tromssa,2024-01-01,Kvinner,0-24 år,Psykiske symptomer og lidelser,"per 1000, standardisert",152.7,3,3,12
Troms Romsa Tromssa,2024-01-01,Kvinner,0-24 år,Psykiske symptomer,"per 1000, standardisert",112.5,3,3,12
Troms Romsa Tromssa,2024-01-01,Kvinner,0-24 år,Psykiske lidelser,"per 1000, standardisert",73.6,3,3,12
Troms Romsa Tromssa,2024-01-01,Kvinner,0-14 år,Psykiske symptomer og lidelser,"per 1000, standardisert",73.8,3,4,12
Troms Romsa Tromssa,2024-01-01,Kvinner,0-14 år,Psykiske symptomer,"per 1000, standardisert",56.4,3,4,12
Troms Romsa Tromssa,2024-01-01,Kvinner,0-14 år,Psykiske lidelser,"per 1000, standardisert",26.6,3,4,12
Troms Romsa Tromssa,2024-01-01,Kvinner,15-24 år,Psykiske symptomer og lidelser,"per 1000, standardisert",255.3,3,5,12
Troms Romsa Tromssa,2024-01-01,Kvinner,15-24 år,Psykiske symptomer,"per 1000, standardisert",185.3,3,5,12
Troms Romsa Tromssa,2024-01-01,Kvinner,15-24 år,Psykiske lidelser,"per 1000, standardisert",134.8,3,5,12
Troms Romsa Tromssa,2024-01-01,Kvinner,25-44 år,Psykiske symptomer og lidelser,"per 1000, standardisert",317.4,3,6,12
Troms Romsa Tromssa,2024-01-01,Kvinner,25-44 år,Psykiske symptomer,"per 1000, standardisert",250.1,3,6,12
Troms Romsa Tromssa,2024-01-01,Kvinner,25-44 år,Psykiske lidelser,"per 1000, standardisert",136.1,3,6,12
Troms Romsa Tromssa,2024-01-01,Kvinner,45-74 år,Psykiske symptomer og lidelser,"per 1000, standardisert",237.3,3,7,12
Troms Romsa Tromssa,2024-01-01,Kvinner,45-74 år,Psykiske symptomer,"per 1000, standardisert",197.4,3,7,12
Troms Romsa Tromssa,2024-01-01,Kvinner,45-74 år,Psykiske lidelser,"per 1000, standardisert",76.8,3,7,12
Troms Romsa Tromssa,2024-01-01,Kvinner,75-79 år,Psykiske symptomer og lidelser,"per 1000, standardisert",217.9,3,8,12
Troms Romsa Tromssa,2024-01-01,Kvinner,75-79 år,Psykiske symptomer,"per 1000, standardisert",169.8,3,8,12
Troms Romsa Tromssa,2024-01-01,Kvinner,75-79 år,Psykiske lidelser,"per 1000, standardisert",80.4,3,8,12
Finnmark Finnmárku Finmarkku,2024-01-01,Kjønn samlet,0-74 år,Psykiske symptomer og lidelser,"per 1000, standardisert",200.6,1,1,6
Finnmark Finnmárku Finmarkku,2024-01-01,Kjønn samlet,0-74 år,Psykiske symptomer,"per 1000, standardisert",145.2,1,1,6
Finnmark Finnmárku Finmarkku,2024-01-01,Kjønn samlet,0-74 år,Psykiske lidelser,"per 1000, standardisert",100.7,1,1,6
Finnmark Finnmárku Finmarkku,2024-01-01,Kjønn samlet,0-44 år,Psykiske symptomer og lidelser,"per 1000, standardisert",197.0,1,2,6
Finnmark Finnmárku Finmarkku,2024-01-01,Kjønn samlet,0-44 år,Psykiske symptomer,"per 1000, standardisert",134.3,1,2,6
Finnmark Finnmárku Finmarkku,2024-01-01,Kjønn samlet,0-44 år,Psykiske lidelser,"per 1000, standardisert",110.9,1,2,6
Finnmark Finnmárku Finmarkku,2024-01-01,Kjønn samlet,0-24 år,Psykiske symptomer og lidelser,"per 1000, standardisert",132.9,1,3,6
Finnmark Finnmárku Finmarkku,2024-01-01,Kjønn samlet,0-24 år,Psykiske symptomer,"per 1000, standardisert",87.3,1,3,6
Finnmark Finnmárku Finmarkku,2024-01-01,Kjønn samlet,0-24 år,Psykiske lidelser,"per 1000, standardisert",72.8,1,3,6
Finnmark Finnmárku Finmarkku,2024-01-01,Kjønn samlet,0-14 år,Psykiske symptomer og lidelser,"per 1000, standardisert",81.1,1,4,6
Finnmark Finnmárku Finmarkku,2024-01-01,Kjønn samlet,0-14 år,Psykiske symptomer,"per 1000, standardisert",55.6,1,4,6
Finnmark Finnmárku Finmarkku,2024-01-01,Kjønn samlet,0-14 år,Psykiske lidelser,"per 1000, standardisert",34.7,1,4,6
Finnmark Finnmárku Finmarkku,2024-01-01,Kjønn samlet,15-24 år,Psykiske symptomer og lidelser,"per 1000, standardisert",199.9,1,5,6
Finnmark Finnmárku Finmarkku,2024-01-01,Kjønn samlet,15-24 år,Psykiske symptomer,"per 1000, standardisert",128.3,1,5,6
Finnmark Finnmárku Finmarkku,2024-01-01,Kjønn samlet,15-24 år,Psykiske lidelser,"per 1000, standardisert",121.9,1,5,6
Finnmark Finnmárku Finmarkku,2024-01-01,Kjønn samlet,25-44 år,Psykiske symptomer og lidelser,"per 1000, standardisert",262.2,1,6,6
Finnmark Finnmárku Finmarkku,2024-01-01,Kjønn samlet,25-44 år,Psykiske symptomer,"per 1000, standardisert",182.3,1,6,6
Finnmark Finnmárku Finmarkku,2024-01-01,Kjønn samlet,25-44 år,Psykiske lidelser,"per 1000, standardisert",149.8,1,6,6
Finnmark Finnmárku Finmarkku,2024-01-01,Kjønn samlet,45-74 år,Psykiske symptomer og lidelser,"per 1000, standardisert",206.7,1,7,6
Finnmark Finnmárku Finmarkku,2024-01-01,Kjønn samlet,45-74 år,Psykiske symptomer,"per 1000, standardisert",161.7,1,7,6
Finnmark Finnmárku Finmarkku,2024-01-01,Kjønn samlet,45-74 år,Psykiske lidelser,"per 1000, standardisert",85.3,1,7,6
Finnmark Finnmárku Finmarkku,2024-01-01,Kjønn samlet,75-79 år,Psykiske symptomer og lidelser,"per 1000, standardisert",198.3,1,8,6
Finnmark Finnmárku Finmarkku,2024-01-01,Kjønn samlet,75-79 år,Psykiske symptomer,"per 1000, standardisert",155.9,1,8,6
Finnmark Finnmárku Finmarkku,2024-01-01,Kjønn samlet,75-79 år,Psykiske lidelser,"per 1000, standardisert",83.2,1,8,6
Finnmark Finnmárku Finmarkku,2024-01-01,Menn,0-74 år,Psykiske symptomer og lidelser,"per 1000, standardisert",165.6,2,1,6
Finnmark Finnmárku Finmarkku,2024-01-01,Menn,0-74 år,Psykiske symptomer,"per 1000, standardisert",118.9,2,1,6
Finnmark Finnmárku Finmarkku,2024-01-01,Menn,0-74 år,Psykiske lidelser,"per 1000, standardisert",83.3,2,1,6
Finnmark Finnmárku Finmarkku,2024-01-01,Menn,0-44 år,Psykiske symptomer og lidelser,"per 1000, standardisert",162.3,2,2,6
Finnmark Finnmárku Finmarkku,2024-01-01,Menn,0-44 år,Psykiske symptomer,"per 1000, standardisert",109.1,2,2,6
Finnmark Finnmárku Finmarkku,2024-01-01,Menn,0-44 år,Psykiske lidelser,"per 1000, standardisert",91.6,2,2,6
Finnmark Finnmárku Finmarkku,2024-01-01,Menn,0-24 år,Psykiske symptomer og lidelser,"per 1000, standardisert",121.4,2,3,6
Finnmark Finnmárku Finmarkku,2024-01-01,Menn,0-24 år,Psykiske symptomer,"per 1000, standardisert",80.6,2,3,6
Finnmark Finnmárku Finmarkku,2024-01-01,Menn,0-24 år,Psykiske lidelser,"per 1000, standardisert",64.0,2,3,6
Finnmark Finnmárku Finmarkku,2024-01-01,Menn,0-14 år,Psykiske symptomer og lidelser,"per 1000, standardisert",93.7,2,4,6
Finnmark Finnmárku Finmarkku,2024-01-01,Menn,0-14 år,Psykiske symptomer,"per 1000, standardisert",62.3,2,4,6
Finnmark Finnmárku Finmarkku,2024-01-01,Menn,0-14 år,Psykiske lidelser,"per 1000, standardisert",41.9,2,4,6
Finnmark Finnmárku Finmarkku,2024-01-01,Menn,15-24 år,Psykiske symptomer og lidelser,"per 1000, standardisert",157.0,2,5,6
Finnmark Finnmárku Finmarkku,2024-01-01,Menn,15-24 år,Psykiske symptomer,"per 1000, standardisert",103.9,2,5,6
Finnmark Finnmárku Finmarkku,2024-01-01,Menn,15-24 år,Psykiske lidelser,"per 1000, standardisert",92.4,2,5,6
Finnmark Finnmárku Finmarkku,2024-01-01,Menn,25-44 år,Psykiske symptomer og lidelser,"per 1000, standardisert",203.9,2,6,6
Finnmark Finnmárku Finmarkku,2024-01-01,Menn,25-44 år,Psykiske symptomer,"per 1000, standardisert",138.2,2,6,6
Finnmark Finnmárku Finmarkku,2024-01-01,Menn,25-44 år,Psykiske lidelser,"per 1000, standardisert",119.7,2,6,6
Finnmark Finnmárku Finmarkku,2024-01-01,Menn,45-74 år,Psykiske symptomer og lidelser,"per 1000, standardisert",170.7,2,7,6
Finnmark Finnmárku Finmarkku,2024-01-01,Menn,45-74 år,Psykiske symptomer,"per 1000, standardisert",133.9,2,7,6
Finnmark Finnmárku Finmarkku,2024-01-01,Menn,45-74 år,Psykiske lidelser,"per 1000, standardisert",70.3,2,7,6
Finnmark Finnmárku Finmarkku,2024-01-01,Menn,75-79 år,Psykiske symptomer og lidelser,"per 1000, standardisert",152.1,2,8,6
Finnmark Finnmárku Finmarkku,2024-01-01,Menn,75-79 år,Psykiske symptomer,"per 1000, standardisert",119.1,2,8,6
Finnmark Finnmárku Finmarkku,2024-01-01,Menn,75-79 år,Psykiske lidelser,"per 1000, standardisert",56.0,2,8,6
Finnmark Finnmárku Finmarkku,2024-01-01,Kvinner,0-74 år,Psykiske symptomer og lidelser,"per 1000, standardisert",237.0,3,1,6
Finnmark Finnmárku Finmarkku,2024-01-01,Kvinner,0-74 år,Psykiske symptomer,"per 1000, standardisert",172.3,3,1,6
Finnmark Finnmárku Finmarkku,2024-01-01,Kvinner,0-74 år,Psykiske lidelser,"per 1000, standardisert",118.9,3,1,6
Finnmark Finnmárku Finmarkku,2024-01-01,Kvinner,0-44 år,Psykiske symptomer og lidelser,"per 1000, standardisert",233.6,3,2,6
Finnmark Finnmárku Finmarkku,2024-01-01,Kvinner,0-44 år,Psykiske symptomer,"per 1000, standardisert",160.9,3,2,6
Finnmark Finnmárku Finmarkku,2024-01-01,Kvinner,0-44 år,Psykiske lidelser,"per 1000, standardisert",131.5,3,2,6
Finnmark Finnmárku Finmarkku,2024-01-01,Kvinner,0-24 år,Psykiske symptomer og lidelser,"per 1000, standardisert",145.0,3,3,6
Finnmark Finnmárku Finmarkku,2024-01-01,Kvinner,0-24 år,Psykiske symptomer,"per 1000, standardisert",94.3,3,3,6
Finnmark Finnmárku Finmarkku,2024-01-01,Kvinner,0-24 år,Psykiske lidelser,"per 1000, standardisert",82.1,3,3,6
Finnmark Finnmárku Finmarkku,2024-01-01,Kvinner,0-14 år,Psykiske symptomer og lidelser,"per 1000, standardisert",67.7,3,4,6
Finnmark Finnmárku Finmarkku,2024-01-01,Kvinner,0-14 år,Psykiske symptomer,"per 1000, standardisert",48.5,3,4,6
Finnmark Finnmárku Finmarkku,2024-01-01,Kvinner,0-14 år,Psykiske lidelser,"per 1000, standardisert",27.1,3,4,6
Finnmark Finnmárku Finmarkku,2024-01-01,Kvinner,15-24 år,Psykiske symptomer og lidelser,"per 1000, standardisert",245.6,3,5,6
Finnmark Finnmárku Finmarkku,2024-01-01,Kvinner,15-24 år,Psykiske symptomer,"per 1000, standardisert",153.9,3,5,6
Finnmark Finnmárku Finmarkku,2024-01-01,Kvinner,15-24 år,Psykiske lidelser,"per 1000, standardisert",153.6,3,5,6
Finnmark Finnmárku Finmarkku,2024-01-01,Kvinner,25-44 år,Psykiske symptomer og lidelser,"per 1000, standardisert",323.5,3,6,6
Finnmark Finnmárku Finmarkku,2024-01-01,Kvinner,25-44 år,Psykiske symptomer,"per 1000, standardisert",228.5,3,6,6
Finnmark Finnmárku Finmarkku,2024-01-01,Kvinner,25-44 år,Psykiske lidelser,"per 1000, standardisert",181.7,3,6,6
Finnmark Finnmárku Finmarkku,2024-01-01,Kvinner,45-74 år,Psykiske symptomer og lidelser,"per 1000, standardisert",243.2,3,7,6
Finnmark Finnmárku Finmarkku,2024-01-01,Kvinner,45-74 år,Psykiske symptomer,"per 1000, standardisert",189.8,3,7,6
Finnmark Finnmárku Finmarkku,2024-01-01,Kvinner,45-74 år,Psykiske lidelser,"per 1000, standardisert",100.6,3,7,6
Finnmark Finnmárku Finmarkku,2024-01-01,Kvinner,75-79 år,Psykiske symptomer og lidelser,"per 1000, standardisert",241.6,3,8,6
Finnmark Finnmárku Finmarkku,2024-01-01,Kvinner,75-79 år,Psykiske symptomer,"per 1000, standardisert",190.3,3,8,6
Finnmark Finnmárku Finmarkku,2024-01-01,Kvinner,75-79 år,Psykiske lidelser,"per 1000, standardisert",109.1,3,8,6
