Fylke,År,Kjønn,Alder,Sykdomsgruppe,Måltall,Antall,SortKjonn,SortAlder,SortFylke
Hele landet,2025-01-01,Kjønn samlet,Alle aldre,Hjerte og karsykdom (I00-I99),"per 1000, standardisert",15.7,1,1,2
Hele landet,2025-01-01,Kjønn samlet,Alle aldre,KOLS (J44),"per 1000, standardisert",1.4,1,1,2
Hele landet,2025-01-01,Kjønn samlet,Alle aldre,Sykdom i muskel-skjelettsystemet og bindevev (M00-M99),"per 1000, standardisert",16.1,1,1,2
Hele landet,2025-01-01,Kjønn samlet,Alle aldre,Personskader (S00-T78),"per 1000, standardisert",13.6,1,1,2
Hele landet,2025-01-01,Kjønn samlet,Alle aldre,Hodeskader (S00-S09),"per 1000, standardisert",2.8,1,1,2
Hele landet,2025-01-01,Kjønn samlet,Alle aldre,Hoftebrudd (S72.0-72.2),"per 1000, standardisert",1.6,1,1,2
Hele landet,2025-01-01,Kjønn samlet,Alle aldre,Forgiftninger (T36-T65),"per 1000, standardisert",0.7,1,1,2
Hele landet,2025-01-01,Kjønn samlet,0-74 år,Hjerte og karsykdom (I00-I99),"per 1000, standardisert",9.5,1,2,2
Hele landet,2025-01-01,Kjønn samlet,0-74 år,KOLS (J44),"per 1000, standardisert",0.6,1,2,2
Hele landet,2025-01-01,Kjønn samlet,0-74 år,Sykdom i muskel-skjelettsystemet og bindevev (M00-M99),"per 1000, standardisert",13.6,1,2,2
Hele landet,2025-01-01,Kjønn samlet,0-74 år,Personskader (S00-T78),"per 1000, standardisert",10.5,1,2,2
Hele landet,2025-01-01,Kjønn samlet,0-74 år,Hodeskader (S00-S09),"per 1000, standardisert",1.9,1,2,2
Hele landet,2025-01-01,Kjønn samlet,0-74 år,Hoftebrudd (S72.0-72.2),"per 1000, standardisert",0.4,1,2,2
Hele landet,2025-01-01,Kjønn samlet,0-74 år,Forgiftninger (T36-T65),"per 1000, standardisert",0.7,1,2,2
Hele landet,2025-01-01,Kjønn samlet,0-44 år,Hjerte og karsykdom (I00-I99),"per 1000, standardisert",2.0,1,3,2
Hele landet,2025-01-01,Kjønn samlet,0-44 år,KOLS (J44),"per 1000, standardisert",0.0,1,3,2
Hele landet,2025-01-01,Kjønn samlet,0-44 år,Sykdom i muskel-skjelettsystemet og bindevev (M00-M99),"per 1000, standardisert",6.5,1,3,2
Hele landet,2025-01-01,Kjønn samlet,0-44 år,Personskader (S00-T78),"per 1000, standardisert",9.2,1,3,2
Hele landet,2025-01-01,Kjønn samlet,0-44 år,Hodeskader (S00-S09),"per 1000, standardisert",1.8,1,3,2
Hele landet,2025-01-01,Kjønn samlet,0-44 år,Hoftebrudd (S72.0-72.2),"per 1000, standardisert",0.0,1,3,2
Hele landet,2025-01-01,Kjønn samlet,0-44 år,Forgiftninger (T36-T65),"per 1000, standardisert",0.8,1,3,2
Hele landet,2025-01-01,Kjønn samlet,0-24 år,Hjerte og karsykdom (I00-I99),"per 1000, standardisert",0.8,1,4,2
Hele landet,2025-01-01,Kjønn samlet,0-24 år,KOLS (J44),"per 1000, standardisert",0.0,1,4,2
Hele landet,2025-01-01,Kjønn samlet,0-24 år,Sykdom i muskel-skjelettsystemet og bindevev (M00-M99),"per 1000, standardisert",4.0,1,4,2
Hele landet,2025-01-01,Kjønn samlet,0-24 år,Personskader (S00-T78),"per 1000, standardisert",10.8,1,4,2
Hele landet,2025-01-01,Kjønn samlet,0-24 år,Hodeskader (S00-S09),"per 1000, standardisert",2.6,1,4,2
Hele landet,2025-01-01,Kjønn samlet,0-24 år,Hoftebrudd (S72.0-72.2),"per 1000, standardisert",0.0,1,4,2
Hele landet,2025-01-01,Kjønn samlet,0-24 år,Forgiftninger (T36-T65),"per 1000, standardisert",0.9,1,4,2
Hele landet,2025-01-01,Kjønn samlet,0-14 år,Hjerte og karsykdom (I00-I99),"per 1000, standardisert",0.6,1,5,2
Hele landet,2025-01-01,Kjønn samlet,0-14 år,KOLS (J44),"per 1000, standardisert",0.0,1,5,2
Hele landet,2025-01-01,Kjønn samlet,0-14 år,Sykdom i muskel-skjelettsystemet og bindevev (M00-M99),"per 1000, standardisert",2.0,1,5,2
Hele landet,2025-01-01,Kjønn samlet,0-14 år,Personskader (S00-T78),"per 1000, standardisert",10.0,1,5,2
Hele landet,2025-01-01,Kjønn samlet,0-14 år,Hodeskader (S00-S09),"per 1000, standardisert",3.0,1,5,2
Hele landet,2025-01-01,Kjønn samlet,0-14 år,Hoftebrudd (S72.0-72.2),"per 1000, standardisert",0.0,1,5,2
Hele landet,2025-01-01,Kjønn samlet,0-14 år,Forgiftninger (T36-T65),"per 1000, standardisert",0.3,1,5,2
Hele landet,2025-01-01,Kjønn samlet,15-24 år,Hjerte og karsykdom (I00-I99),"per 1000, standardisert",1.2,1,6,2
Hele landet,2025-01-01,Kjønn samlet,15-24 år,KOLS (J44),"per 1000, standardisert",0.0,1,6,2
Hele landet,2025-01-01,Kjønn samlet,15-24 år,Sykdom i muskel-skjelettsystemet og bindevev (M00-M99),"per 1000, standardisert",6.4,1,6,2
Hele landet,2025-01-01,Kjønn samlet,15-24 år,Personskader (S00-T78),"per 1000, standardisert",11.7,1,6,2
Hele landet,2025-01-01,Kjønn samlet,15-24 år,Hodeskader (S00-S09),"per 1000, standardisert",2.0,1,6,2
Hele landet,2025-01-01,Kjønn samlet,15-24 år,Hoftebrudd (S72.0-72.2),"per 1000, standardisert",0.0,1,6,2
Hele landet,2025-01-01,Kjønn samlet,15-24 år,Forgiftninger (T36-T65),"per 1000, standardisert",1.6,1,6,2
Hele landet,2025-01-01,Kjønn samlet,25-44 år,Hjerte og karsykdom (I00-I99),"per 1000, standardisert",3.2,1,7,2
Hele landet,2025-01-01,Kjønn samlet,25-44 år,KOLS (J44),"per 1000, standardisert",0.0,1,7,2
Hele landet,2025-01-01,Kjønn samlet,25-44 år,Sykdom i muskel-skjelettsystemet og bindevev (M00-M99),"per 1000, standardisert",9.0,1,7,2
Hele landet,2025-01-01,Kjønn samlet,25-44 år,Personskader (S00-T78),"per 1000, standardisert",7.6,1,7,2
Hele landet,2025-01-01,Kjønn samlet,25-44 år,Hodeskader (S00-S09),"per 1000, standardisert",1.1,1,7,2
Hele landet,2025-01-01,Kjønn samlet,25-44 år,Hoftebrudd (S72.0-72.2),"per 1000, standardisert",0.1,1,7,2
Hele landet,2025-01-01,Kjønn samlet,25-44 år,Forgiftninger (T36-T65),"per 1000, standardisert",0.7,1,7,2
Hele landet,2025-01-01,Kjønn samlet,45-74 år,Hjerte og karsykdom (I00-I99),"per 1000, standardisert",21.0,1,8,2
Hele landet,2025-01-01,Kjønn samlet,45-74 år,KOLS (J44),"per 1000, standardisert",1.6,1,8,2
Hele landet,2025-01-01,Kjønn samlet,45-74 år,Sykdom i muskel-skjelettsystemet og bindevev (M00-M99),"per 1000, standardisert",24.4,1,8,2
Hele landet,2025-01-01,Kjønn samlet,45-74 år,Personskader (S00-T78),"per 1000, standardisert",12.5,1,8,2
Hele landet,2025-01-01,Kjønn samlet,45-74 år,Hodeskader (S00-S09),"per 1000, standardisert",1.9,1,8,2
Hele landet,2025-01-01,Kjønn samlet,45-74 år,Hoftebrudd (S72.0-72.2),"per 1000, standardisert",1.0,1,8,2
Hele landet,2025-01-01,Kjønn samlet,45-74 år,Forgiftninger (T36-T65),"per 1000, standardisert",0.6,1,8,2
Hele landet,2025-01-01,Kjønn samlet,45-64 år,Hjerte og karsykdom (I00-I99),"per 1000, standardisert",14.4,1,9,2
Hele landet,2025-01-01,Kjønn samlet,45-64 år,KOLS (J44),"per 1000, standardisert",0.7,1,9,2
Hele landet,2025-01-01,Kjønn samlet,45-64 år,Sykdom i muskel-skjelettsystemet og bindevev (M00-M99),"per 1000, standardisert",20.5,1,9,2
Hele landet,2025-01-01,Kjønn samlet,45-64 år,Personskader (S00-T78),"per 1000, standardisert",10.5,1,9,2
Hele landet,2025-01-01,Kjønn samlet,45-64 år,Hodeskader (S00-S09),"per 1000, standardisert",1.4,1,9,2
Hele landet,2025-01-01,Kjønn samlet,45-64 år,Hoftebrudd (S72.0-72.2),"per 1000, standardisert",0.5,1,9,2
Hele landet,2025-01-01,Kjønn samlet,45-64 år,Forgiftninger (T36-T65),"per 1000, standardisert",0.6,1,9,2
Hele landet,2025-01-01,Kjønn samlet,65-74 år,Hjerte og karsykdom (I00-I99),"per 1000, standardisert",37.7,1,10,2
Hele landet,2025-01-01,Kjønn samlet,65-74 år,KOLS (J44),"per 1000, standardisert",4.0,1,10,2
Hele landet,2025-01-01,Kjønn samlet,65-74 år,Sykdom i muskel-skjelettsystemet og bindevev (M00-M99),"per 1000, standardisert",34.5,1,10,2
Hele landet,2025-01-01,Kjønn samlet,65-74 år,Personskader (S00-T78),"per 1000, standardisert",17.4,1,10,2
Hele landet,2025-01-01,Kjønn samlet,65-74 år,Hodeskader (S00-S09),"per 1000, standardisert",3.2,1,10,2
Hele landet,2025-01-01,Kjønn samlet,65-74 år,Hoftebrudd (S72.0-72.2),"per 1000, standardisert",2.5,1,10,2
Hele landet,2025-01-01,Kjønn samlet,65-74 år,Forgiftninger (T36-T65),"per 1000, standardisert",0.5,1,10,2
Hele landet,2025-01-01,Kjønn samlet,75 år+,Hjerte og karsykdom (I00-I99),"per 1000, standardisert",74.4,1,11,2
Hele landet,2025-01-01,Kjønn samlet,75 år+,KOLS (J44),"per 1000, standardisert",8.7,1,11,2
Hele landet,2025-01-01,Kjønn samlet,75 år+,Sykdom i muskel-skjelettsystemet og bindevev (M00-M99),"per 1000, standardisert",39.5,1,11,2
Hele landet,2025-01-01,Kjønn samlet,75 år+,Personskader (S00-T78),"per 1000, standardisert",43.0,1,11,2
Hele landet,2025-01-01,Kjønn samlet,75 år+,Hodeskader (S00-S09),"per 1000, standardisert",11.4,1,11,2
Hele landet,2025-01-01,Kjønn samlet,75 år+,Hoftebrudd (S72.0-72.2),"per 1000, standardisert",12.8,1,11,2
Hele landet,2025-01-01,Kjønn samlet,75 år+,Forgiftninger (T36-T65),"per 1000, standardisert",0.7,1,11,2
Hele landet,2025-01-01,Kjønn samlet,75-79 år,Hjerte og karsykdom (I00-I99),"per 1000, standardisert",60.0,1,12,2
Hele landet,2025-01-01,Kjønn samlet,75-79 år,KOLS (J44),"per 1000, standardisert",8.2,1,12,2
Hele landet,2025-01-01,Kjønn samlet,75-79 år,Sykdom i muskel-skjelettsystemet og bindevev (M00-M99),"per 1000, standardisert",42.5,1,12,2
Hele landet,2025-01-01,Kjønn samlet,75-79 år,Personskader (S00-T78),"per 1000, standardisert",27.1,1,12,2
Hele landet,2025-01-01,Kjønn samlet,75-79 år,Hodeskader (S00-S09),"per 1000, standardisert",6.0,1,12,2
Hele landet,2025-01-01,Kjønn samlet,75-79 år,Hoftebrudd (S72.0-72.2),"per 1000, standardisert",6.8,1,12,2
Hele landet,2025-01-01,Kjønn samlet,75-79 år,Forgiftninger (T36-T65),"per 1000, standardisert",0.6,1,12,2
Hele landet,2025-01-01,Kjønn samlet,80 år+,Hjerte og karsykdom (I00-I99),"per 1000, standardisert",85.9,1,13,2
Hele landet,2025-01-01,Kjønn samlet,80 år+,KOLS (J44),"per 1000, standardisert",9.1,1,13,2
Hele landet,2025-01-01,Kjønn samlet,80 år+,Sykdom i muskel-skjelettsystemet og bindevev (M00-M99),"per 1000, standardisert",37.1,1,13,2
Hele landet,2025-01-01,Kjønn samlet,80 år+,Personskader (S00-T78),"per 1000, standardisert",55.7,1,13,2
Hele landet,2025-01-01,Kjønn samlet,80 år+,Hodeskader (S00-S09),"per 1000, standardisert",15.7,1,13,2
Hele landet,2025-01-01,Kjønn samlet,80 år+,Hoftebrudd (S72.0-72.2),"per 1000, standardisert",17.7,1,13,2
Hele landet,2025-01-01,Kjønn samlet,80 år+,Forgiftninger (T36-T65),"per 1000, standardisert",0.7,1,13,2
Hele landet,2025-01-01,Menn,Alle aldre,Hjerte og karsykdom (I00-I99),"per 1000, standardisert",18.6,2,1,2
Hele landet,2025-01-01,Menn,Alle aldre,KOLS (J44),"per 1000, standardisert",1.3,2,1,2
Hele landet,2025-01-01,Menn,Alle aldre,Sykdom i muskel-skjelettsystemet og bindevev (M00-M99),"per 1000, standardisert",13.8,2,1,2
Hele landet,2025-01-01,Menn,Alle aldre,Personskader (S00-T78),"per 1000, standardisert",13.7,2,1,2
Hele landet,2025-01-01,Menn,Alle aldre,Hodeskader (S00-S09),"per 1000, standardisert",3.1,2,1,2
Hele landet,2025-01-01,Menn,Alle aldre,Hoftebrudd (S72.0-72.2),"per 1000, standardisert",1.2,2,1,2
Hele landet,2025-01-01,Menn,Alle aldre,Forgiftninger (T36-T65),"per 1000, standardisert",0.6,2,1,2
Hele landet,2025-01-01,Menn,0-74 år,Hjerte og karsykdom (I00-I99),"per 1000, standardisert",12.0,2,2,2
Hele landet,2025-01-01,Menn,0-74 år,KOLS (J44),"per 1000, standardisert",0.6,2,2,2
Hele landet,2025-01-01,Menn,0-74 år,Sykdom i muskel-skjelettsystemet og bindevev (M00-M99),"per 1000, standardisert",11.9,2,2,2
Hele landet,2025-01-01,Menn,0-74 år,Personskader (S00-T78),"per 1000, standardisert",11.6,2,2,2
Hele landet,2025-01-01,Menn,0-74 år,Hodeskader (S00-S09),"per 1000, standardisert",2.3,2,2,2
Hele landet,2025-01-01,Menn,0-74 år,Hoftebrudd (S72.0-72.2),"per 1000, standardisert",0.4,2,2,2
Hele landet,2025-01-01,Menn,0-74 år,Forgiftninger (T36-T65),"per 1000, standardisert",0.5,2,2,2
Hele landet,2025-01-01,Menn,0-44 år,Hjerte og karsykdom (I00-I99),"per 1000, standardisert",2.0,2,3,2
Hele landet,2025-01-01,Menn,0-44 år,KOLS (J44),"per 1000, standardisert",0.0,2,3,2
Hele landet,2025-01-01,Menn,0-44 år,Sykdom i muskel-skjelettsystemet og bindevev (M00-M99),"per 1000, standardisert",5.9,2,3,2
Hele landet,2025-01-01,Menn,0-44 år,Personskader (S00-T78),"per 1000, standardisert",10.9,2,3,2
Hele landet,2025-01-01,Menn,0-44 år,Hodeskader (S00-S09),"per 1000, standardisert",2.2,2,3,2
Hele landet,2025-01-01,Menn,0-44 år,Hoftebrudd (S72.0-72.2),"per 1000, standardisert",0.0,2,3,2
Hele landet,2025-01-01,Menn,0-44 år,Forgiftninger (T36-T65),"per 1000, standardisert",0.5,2,3,2
Hele landet,2025-01-01,Menn,0-24 år,Hjerte og karsykdom (I00-I99),"per 1000, standardisert",0.9,2,4,2
Hele landet,2025-01-01,Menn,0-24 år,KOLS (J44),"per 1000, standardisert",0.0,2,4,2
Hele landet,2025-01-01,Menn,0-24 år,Sykdom i muskel-skjelettsystemet og bindevev (M00-M99),"per 1000, standardisert",3.5,2,4,2
Hele landet,2025-01-01,Menn,0-24 år,Personskader (S00-T78),"per 1000, standardisert",12.6,2,4,2
Hele landet,2025-01-01,Menn,0-24 år,Hodeskader (S00-S09),"per 1000, standardisert",3.1,2,4,2
Hele landet,2025-01-01,Menn,0-24 år,Hoftebrudd (S72.0-72.2),"per 1000, standardisert",0.0,2,4,2
Hele landet,2025-01-01,Menn,0-24 år,Forgiftninger (T36-T65),"per 1000, standardisert",0.5,2,4,2
Hele landet,2025-01-01,Menn,0-14 år,Hjerte og karsykdom (I00-I99),"per 1000, standardisert",0.6,2,5,2
Hele landet,2025-01-01,Menn,0-14 år,KOLS (J44),"per 1000, standardisert",,2,5,2
Hele landet,2025-01-01,Menn,0-14 år,Sykdom i muskel-skjelettsystemet og bindevev (M00-M99),"per 1000, standardisert",1.9,2,5,2
Hele landet,2025-01-01,Menn,0-14 år,Personskader (S00-T78),"per 1000, standardisert",11.4,2,5,2
Hele landet,2025-01-01,Menn,0-14 år,Hodeskader (S00-S09),"per 1000, standardisert",3.5,2,5,2
Hele landet,2025-01-01,Menn,0-14 år,Hoftebrudd (S72.0-72.2),"per 1000, standardisert",,2,5,2
Hele landet,2025-01-01,Menn,0-14 år,Forgiftninger (T36-T65),"per 1000, standardisert",0.2,2,5,2
Hele landet,2025-01-01,Menn,15-24 år,Hjerte og karsykdom (I00-I99),"per 1000, standardisert",1.3,2,6,2
Hele landet,2025-01-01,Menn,15-24 år,KOLS (J44),"per 1000, standardisert",,2,6,2
Hele landet,2025-01-01,Menn,15-24 år,Sykdom i muskel-skjelettsystemet og bindevev (M00-M99),"per 1000, standardisert",5.5,2,6,2
Hele landet,2025-01-01,Menn,15-24 år,Personskader (S00-T78),"per 1000, standardisert",14.0,2,6,2
Hele landet,2025-01-01,Menn,15-24 år,Hodeskader (S00-S09),"per 1000, standardisert",2.5,2,6,2
Hele landet,2025-01-01,Menn,15-24 år,Hoftebrudd (S72.0-72.2),"per 1000, standardisert",,2,6,2
Hele landet,2025-01-01,Menn,15-24 år,Forgiftninger (T36-T65),"per 1000, standardisert",0.8,2,6,2
Hele landet,2025-01-01,Menn,25-44 år,Hjerte og karsykdom (I00-I99),"per 1000, standardisert",3.2,2,7,2
Hele landet,2025-01-01,Menn,25-44 år,KOLS (J44),"per 1000, standardisert",0.0,2,7,2
Hele landet,2025-01-01,Menn,25-44 år,Sykdom i muskel-skjelettsystemet og bindevev (M00-M99),"per 1000, standardisert",8.4,2,7,2
Hele landet,2025-01-01,Menn,25-44 år,Personskader (S00-T78),"per 1000, standardisert",9.3,2,7,2
Hele landet,2025-01-01,Menn,25-44 år,Hodeskader (S00-S09),"per 1000, standardisert",1.4,2,7,2
Hele landet,2025-01-01,Menn,25-44 år,Hoftebrudd (S72.0-72.2),"per 1000, standardisert",0.1,2,7,2
Hele landet,2025-01-01,Menn,25-44 år,Forgiftninger (T36-T65),"per 1000, standardisert",0.6,2,7,2
Hele landet,2025-01-01,Menn,45-74 år,Hjerte og karsykdom (I00-I99),"per 1000, standardisert",27.5,2,8,2
Hele landet,2025-01-01,Menn,45-74 år,KOLS (J44),"per 1000, standardisert",1.5,2,8,2
Hele landet,2025-01-01,Menn,45-74 år,Sykdom i muskel-skjelettsystemet og bindevev (M00-M99),"per 1000, standardisert",21.2,2,8,2
Hele landet,2025-01-01,Menn,45-74 år,Personskader (S00-T78),"per 1000, standardisert",12.5,2,8,2
Hele landet,2025-01-01,Menn,45-74 år,Hodeskader (S00-S09),"per 1000, standardisert",2.5,2,8,2
Hele landet,2025-01-01,Menn,45-74 år,Hoftebrudd (S72.0-72.2),"per 1000, standardisert",0.9,2,8,2
Hele landet,2025-01-01,Menn,45-74 år,Forgiftninger (T36-T65),"per 1000, standardisert",0.5,2,8,2
Hele landet,2025-01-01,Menn,45-64 år,Hjerte og karsykdom (I00-I99),"per 1000, standardisert",19.1,2,9,2
Hele landet,2025-01-01,Menn,45-64 år,KOLS (J44),"per 1000, standardisert",0.6,2,9,2
Hele landet,2025-01-01,Menn,45-64 år,Sykdom i muskel-skjelettsystemet og bindevev (M00-M99),"per 1000, standardisert",17.9,2,9,2
Hele landet,2025-01-01,Menn,45-64 år,Personskader (S00-T78),"per 1000, standardisert",11.1,2,9,2
Hele landet,2025-01-01,Menn,45-64 år,Hodeskader (S00-S09),"per 1000, standardisert",1.9,2,9,2
Hele landet,2025-01-01,Menn,45-64 år,Hoftebrudd (S72.0-72.2),"per 1000, standardisert",0.5,2,9,2
Hele landet,2025-01-01,Menn,45-64 år,Forgiftninger (T36-T65),"per 1000, standardisert",0.6,2,9,2
Hele landet,2025-01-01,Menn,65-74 år,Hjerte og karsykdom (I00-I99),"per 1000, standardisert",49.6,2,10,2
Hele landet,2025-01-01,Menn,65-74 år,KOLS (J44),"per 1000, standardisert",3.6,2,10,2
Hele landet,2025-01-01,Menn,65-74 år,Sykdom i muskel-skjelettsystemet og bindevev (M00-M99),"per 1000, standardisert",29.9,2,10,2
Hele landet,2025-01-01,Menn,65-74 år,Personskader (S00-T78),"per 1000, standardisert",16.2,2,10,2
Hele landet,2025-01-01,Menn,65-74 år,Hodeskader (S00-S09),"per 1000, standardisert",4.0,2,10,2
Hele landet,2025-01-01,Menn,65-74 år,Hoftebrudd (S72.0-72.2),"per 1000, standardisert",2.1,2,10,2
Hele landet,2025-01-01,Menn,65-74 år,Forgiftninger (T36-T65),"per 1000, standardisert",0.4,2,10,2
Hele landet,2025-01-01,Menn,75 år+,Hjerte og karsykdom (I00-I99),"per 1000, standardisert",88.8,2,11,2
Hele landet,2025-01-01,Menn,75 år+,KOLS (J44),"per 1000, standardisert",8.8,2,11,2
Hele landet,2025-01-01,Menn,75 år+,Sykdom i muskel-skjelettsystemet og bindevev (M00-M99),"per 1000, standardisert",33.8,2,11,2
Hele landet,2025-01-01,Menn,75 år+,Personskader (S00-T78),"per 1000, standardisert",36.4,2,11,2
Hele landet,2025-01-01,Menn,75 år+,Hodeskader (S00-S09),"per 1000, standardisert",11.9,2,11,2
Hele landet,2025-01-01,Menn,75 år+,Hoftebrudd (S72.0-72.2),"per 1000, standardisert",9.8,2,11,2
Hele landet,2025-01-01,Menn,75 år+,Forgiftninger (T36-T65),"per 1000, standardisert",0.6,2,11,2
Hele landet,2025-01-01,Menn,75-79 år,Hjerte og karsykdom (I00-I99),"per 1000, standardisert",75.9,2,12,2
Hele landet,2025-01-01,Menn,75-79 år,KOLS (J44),"per 1000, standardisert",7.7,2,12,2
Hele landet,2025-01-01,Menn,75-79 år,Sykdom i muskel-skjelettsystemet og bindevev (M00-M99),"per 1000, standardisert",35.3,2,12,2
Hele landet,2025-01-01,Menn,75-79 år,Personskader (S00-T78),"per 1000, standardisert",24.3,2,12,2
Hele landet,2025-01-01,Menn,75-79 år,Hodeskader (S00-S09),"per 1000, standardisert",7.2,2,12,2
Hele landet,2025-01-01,Menn,75-79 år,Hoftebrudd (S72.0-72.2),"per 1000, standardisert",5.2,2,12,2
Hele landet,2025-01-01,Menn,75-79 år,Forgiftninger (T36-T65),"per 1000, standardisert",0.6,2,12,2
Hele landet,2025-01-01,Menn,80 år+,Hjerte og karsykdom (I00-I99),"per 1000, standardisert",100.5,2,13,2
Hele landet,2025-01-01,Menn,80 år+,KOLS (J44),"per 1000, standardisert",9.8,2,13,2
Hele landet,2025-01-01,Menn,80 år+,Sykdom i muskel-skjelettsystemet og bindevev (M00-M99),"per 1000, standardisert",32.5,2,13,2
Hele landet,2025-01-01,Menn,80 år+,Personskader (S00-T78),"per 1000, standardisert",47.4,2,13,2
Hele landet,2025-01-01,Menn,80 år+,Hodeskader (S00-S09),"per 1000, standardisert",16.1,2,13,2
Hele landet,2025-01-01,Menn,80 år+,Hoftebrudd (S72.0-72.2),"per 1000, standardisert",14.1,2,13,2
Hele landet,2025-01-01,Menn,80 år+,Forgiftninger (T36-T65),"per 1000, standardisert",0.7,2,13,2
Hele landet,2025-01-01,Kvinner,Alle aldre,Hjerte og karsykdom (I00-I99),"per 1000, standardisert",12.8,3,1,2
Hele landet,2025-01-01,Kvinner,Alle aldre,KOLS (J44),"per 1000, standardisert",1.6,3,1,2
Hele landet,2025-01-01,Kvinner,Alle aldre,Sykdom i muskel-skjelettsystemet og bindevev (M00-M99),"per 1000, standardisert",18.4,3,1,2
Hele landet,2025-01-01,Kvinner,Alle aldre,Personskader (S00-T78),"per 1000, standardisert",13.5,3,1,2
Hele landet,2025-01-01,Kvinner,Alle aldre,Hodeskader (S00-S09),"per 1000, standardisert",2.4,3,1,2
Hele landet,2025-01-01,Kvinner,Alle aldre,Hoftebrudd (S72.0-72.2),"per 1000, standardisert",2.0,3,1,2
Hele landet,2025-01-01,Kvinner,Alle aldre,Forgiftninger (T36-T65),"per 1000, standardisert",0.9,3,1,2
Hele landet,2025-01-01,Kvinner,0-74 år,Hjerte og karsykdom (I00-I99),"per 1000, standardisert",6.9,3,2,2
Hele landet,2025-01-01,Kvinner,0-74 år,KOLS (J44),"per 1000, standardisert",0.7,3,2,2
Hele landet,2025-01-01,Kvinner,0-74 år,Sykdom i muskel-skjelettsystemet og bindevev (M00-M99),"per 1000, standardisert",15.3,3,2,2
Hele landet,2025-01-01,Kvinner,0-74 år,Personskader (S00-T78),"per 1000, standardisert",9.4,3,2,2
Hele landet,2025-01-01,Kvinner,0-74 år,Hodeskader (S00-S09),"per 1000, standardisert",1.4,3,2,2
Hele landet,2025-01-01,Kvinner,0-74 år,Hoftebrudd (S72.0-72.2),"per 1000, standardisert",0.5,3,2,2
Hele landet,2025-01-01,Kvinner,0-74 år,Forgiftninger (T36-T65),"per 1000, standardisert",0.9,3,2,2
Hele landet,2025-01-01,Kvinner,0-44 år,Hjerte og karsykdom (I00-I99),"per 1000, standardisert",1.9,3,3,2
Hele landet,2025-01-01,Kvinner,0-44 år,KOLS (J44),"per 1000, standardisert",0.0,3,3,2
Hele landet,2025-01-01,Kvinner,0-44 år,Sykdom i muskel-skjelettsystemet og bindevev (M00-M99),"per 1000, standardisert",7.0,3,3,2
Hele landet,2025-01-01,Kvinner,0-44 år,Personskader (S00-T78),"per 1000, standardisert",7.4,3,3,2
Hele landet,2025-01-01,Kvinner,0-44 år,Hodeskader (S00-S09),"per 1000, standardisert",1.4,3,3,2
Hele landet,2025-01-01,Kvinner,0-44 år,Hoftebrudd (S72.0-72.2),"per 1000, standardisert",0.0,3,3,2
Hele landet,2025-01-01,Kvinner,0-44 år,Forgiftninger (T36-T65),"per 1000, standardisert",1.1,3,3,2
Hele landet,2025-01-01,Kvinner,0-24 år,Hjerte og karsykdom (I00-I99),"per 1000, standardisert",0.8,3,4,2
Hele landet,2025-01-01,Kvinner,0-24 år,KOLS (J44),"per 1000, standardisert",0.0,3,4,2
Hele landet,2025-01-01,Kvinner,0-24 år,Sykdom i muskel-skjelettsystemet og bindevev (M00-M99),"per 1000, standardisert",4.5,3,4,2
Hele landet,2025-01-01,Kvinner,0-24 år,Personskader (S00-T78),"per 1000, standardisert",8.9,3,4,2
Hele landet,2025-01-01,Kvinner,0-24 år,Hodeskader (S00-S09),"per 1000, standardisert",2.1,3,4,2
Hele landet,2025-01-01,Kvinner,0-24 år,Hoftebrudd (S72.0-72.2),"per 1000, standardisert",0.0,3,4,2
Hele landet,2025-01-01,Kvinner,0-24 år,Forgiftninger (T36-T65),"per 1000, standardisert",1.3,3,4,2
Hele landet,2025-01-01,Kvinner,0-14 år,Hjerte og karsykdom (I00-I99),"per 1000, standardisert",0.5,3,5,2
Hele landet,2025-01-01,Kvinner,0-14 år,KOLS (J44),"per 1000, standardisert",,3,5,2
Hele landet,2025-01-01,Kvinner,0-14 år,Sykdom i muskel-skjelettsystemet og bindevev (M00-M99),"per 1000, standardisert",2.2,3,5,2
Hele landet,2025-01-01,Kvinner,0-14 år,Personskader (S00-T78),"per 1000, standardisert",8.5,3,5,2
Hele landet,2025-01-01,Kvinner,0-14 år,Hodeskader (S00-S09),"per 1000, standardisert",2.6,3,5,2
Hele landet,2025-01-01,Kvinner,0-14 år,Hoftebrudd (S72.0-72.2),"per 1000, standardisert",,3,5,2
Hele landet,2025-01-01,Kvinner,0-14 år,Forgiftninger (T36-T65),"per 1000, standardisert",0.4,3,5,2
Hele landet,2025-01-01,Kvinner,15-24 år,Hjerte og karsykdom (I00-I99),"per 1000, standardisert",1.1,3,6,2
Hele landet,2025-01-01,Kvinner,15-24 år,KOLS (J44),"per 1000, standardisert",,3,6,2
Hele landet,2025-01-01,Kvinner,15-24 år,Sykdom i muskel-skjelettsystemet og bindevev (M00-M99),"per 1000, standardisert",7.4,3,6,2
Hele landet,2025-01-01,Kvinner,15-24 år,Personskader (S00-T78),"per 1000, standardisert",9.4,3,6,2
Hele landet,2025-01-01,Kvinner,15-24 år,Hodeskader (S00-S09),"per 1000, standardisert",1.4,3,6,2
Hele landet,2025-01-01,Kvinner,15-24 år,Hoftebrudd (S72.0-72.2),"per 1000, standardisert",,3,6,2
Hele landet,2025-01-01,Kvinner,15-24 år,Forgiftninger (T36-T65),"per 1000, standardisert",2.4,3,6,2
Hele landet,2025-01-01,Kvinner,25-44 år,Hjerte og karsykdom (I00-I99),"per 1000, standardisert",3.1,3,7,2
Hele landet,2025-01-01,Kvinner,25-44 år,KOLS (J44),"per 1000, standardisert",0.0,3,7,2
Hele landet,2025-01-01,Kvinner,25-44 år,Sykdom i muskel-skjelettsystemet og bindevev (M00-M99),"per 1000, standardisert",9.6,3,7,2
Hele landet,2025-01-01,Kvinner,25-44 år,Personskader (S00-T78),"per 1000, standardisert",5.8,3,7,2
Hele landet,2025-01-01,Kvinner,25-44 år,Hodeskader (S00-S09),"per 1000, standardisert",0.7,3,7,2
Hele landet,2025-01-01,Kvinner,25-44 år,Hoftebrudd (S72.0-72.2),"per 1000, standardisert",0.0,3,7,2
Hele landet,2025-01-01,Kvinner,25-44 år,Forgiftninger (T36-T65),"per 1000, standardisert",0.8,3,7,2
Hele landet,2025-01-01,Kvinner,45-74 år,Hjerte og karsykdom (I00-I99),"per 1000, standardisert",14.4,3,8,2
Hele landet,2025-01-01,Kvinner,45-74 år,KOLS (J44),"per 1000, standardisert",1.8,3,8,2
Hele landet,2025-01-01,Kvinner,45-74 år,Sykdom i muskel-skjelettsystemet og bindevev (M00-M99),"per 1000, standardisert",27.8,3,8,2
Hele landet,2025-01-01,Kvinner,45-74 år,Personskader (S00-T78),"per 1000, standardisert",12.4,3,8,2
Hele landet,2025-01-01,Kvinner,45-74 år,Hodeskader (S00-S09),"per 1000, standardisert",1.4,3,8,2
Hele landet,2025-01-01,Kvinner,45-74 år,Hoftebrudd (S72.0-72.2),"per 1000, standardisert",1.1,3,8,2
Hele landet,2025-01-01,Kvinner,45-74 år,Forgiftninger (T36-T65),"per 1000, standardisert",0.6,3,8,2
Hele landet,2025-01-01,Kvinner,45-64 år,Hjerte og karsykdom (I00-I99),"per 1000, standardisert",9.6,3,9,2
Hele landet,2025-01-01,Kvinner,45-64 år,KOLS (J44),"per 1000, standardisert",0.7,3,9,2
Hele landet,2025-01-01,Kvinner,45-64 år,Sykdom i muskel-skjelettsystemet og bindevev (M00-M99),"per 1000, standardisert",23.2,3,9,2
Hele landet,2025-01-01,Kvinner,45-64 år,Personskader (S00-T78),"per 1000, standardisert",9.9,3,9,2
Hele landet,2025-01-01,Kvinner,45-64 år,Hodeskader (S00-S09),"per 1000, standardisert",1.0,3,9,2
Hele landet,2025-01-01,Kvinner,45-64 år,Hoftebrudd (S72.0-72.2),"per 1000, standardisert",0.4,3,9,2
Hele landet,2025-01-01,Kvinner,45-64 år,Forgiftninger (T36-T65),"per 1000, standardisert",0.6,3,9,2
Hele landet,2025-01-01,Kvinner,65-74 år,Hjerte og karsykdom (I00-I99),"per 1000, standardisert",26.1,3,10,2
Hele landet,2025-01-01,Kvinner,65-74 år,KOLS (J44),"per 1000, standardisert",4.4,3,10,2
Hele landet,2025-01-01,Kvinner,65-74 år,Sykdom i muskel-skjelettsystemet og bindevev (M00-M99),"per 1000, standardisert",39.1,3,10,2
Hele landet,2025-01-01,Kvinner,65-74 år,Personskader (S00-T78),"per 1000, standardisert",18.5,3,10,2
Hele landet,2025-01-01,Kvinner,65-74 år,Hodeskader (S00-S09),"per 1000, standardisert",2.3,3,10,2
Hele landet,2025-01-01,Kvinner,65-74 år,Hoftebrudd (S72.0-72.2),"per 1000, standardisert",2.9,3,10,2
Hele landet,2025-01-01,Kvinner,65-74 år,Forgiftninger (T36-T65),"per 1000, standardisert",0.6,3,10,2
Hele landet,2025-01-01,Kvinner,75 år+,Hjerte og karsykdom (I00-I99),"per 1000, standardisert",62.5,3,11,2
Hele landet,2025-01-01,Kvinner,75 år+,KOLS (J44),"per 1000, standardisert",8.5,3,11,2
Hele landet,2025-01-01,Kvinner,75 år+,Sykdom i muskel-skjelettsystemet og bindevev (M00-M99),"per 1000, standardisert",44.2,3,11,2
Hele landet,2025-01-01,Kvinner,75 år+,Personskader (S00-T78),"per 1000, standardisert",48.4,3,11,2
Hele landet,2025-01-01,Kvinner,75 år+,Hodeskader (S00-S09),"per 1000, standardisert",11.0,3,11,2
Hele landet,2025-01-01,Kvinner,75 år+,Hoftebrudd (S72.0-72.2),"per 1000, standardisert",15.3,3,11,2
Hele landet,2025-01-01,Kvinner,75 år+,Forgiftninger (T36-T65),"per 1000, standardisert",0.7,3,11,2
Hele landet,2025-01-01,Kvinner,75-79 år,Hjerte og karsykdom (I00-I99),"per 1000, standardisert",45.1,3,12,2
Hele landet,2025-01-01,Kvinner,75-79 år,KOLS (J44),"per 1000, standardisert",8.6,3,12,2
Hele landet,2025-01-01,Kvinner,75-79 år,Sykdom i muskel-skjelettsystemet og bindevev (M00-M99),"per 1000, standardisert",49.3,3,12,2
Hele landet,2025-01-01,Kvinner,75-79 år,Personskader (S00-T78),"per 1000, standardisert",29.7,3,12,2
Hele landet,2025-01-01,Kvinner,75-79 år,Hodeskader (S00-S09),"per 1000, standardisert",4.9,3,12,2
Hele landet,2025-01-01,Kvinner,75-79 år,Hoftebrudd (S72.0-72.2),"per 1000, standardisert",8.3,3,12,2
Hele landet,2025-01-01,Kvinner,75-79 år,Forgiftninger (T36-T65),"per 1000, standardisert",0.6,3,12,2
Hele landet,2025-01-01,Kvinner,80 år+,Hjerte og karsykdom (I00-I99),"per 1000, standardisert",75.0,3,13,2
Hele landet,2025-01-01,Kvinner,80 år+,KOLS (J44),"per 1000, standardisert",8.5,3,13,2
Hele landet,2025-01-01,Kvinner,80 år+,Sykdom i muskel-skjelettsystemet og bindevev (M00-M99),"per 1000, standardisert",40.5,3,13,2
Hele landet,2025-01-01,Kvinner,80 år+,Personskader (S00-T78),"per 1000, standardisert",61.8,3,13,2
Hele landet,2025-01-01,Kvinner,80 år+,Hodeskader (S00-S09),"per 1000, standardisert",15.4,3,13,2
Hele landet,2025-01-01,Kvinner,80 år+,Hoftebrudd (S72.0-72.2),"per 1000, standardisert",20.3,3,13,2
Hele landet,2025-01-01,Kvinner,80 år+,Forgiftninger (T36-T65),"per 1000, standardisert",0.7,3,13,2
Oslo (fylke),2025-01-01,Kjønn samlet,Alle aldre,Hjerte og karsykdom (I00-I99),"per 1000, standardisert",15.7,1,1,10
Oslo (fylke),2025-01-01,Kjønn samlet,Alle aldre,KOLS (J44),"per 1000, standardisert",1.3,1,1,10
Oslo (fylke),2025-01-01,Kjønn samlet,Alle aldre,Sykdom i muskel-skjelettsystemet og bindevev (M00-M99),"per 1000, standardisert",12.9,1,1,10
Oslo (fylke),2025-01-01,Kjønn samlet,Alle aldre,Personskader (S00-T78),"per 1000, standardisert",12.2,1,1,10
Oslo (fylke),2025-01-01,Kjønn samlet,Alle aldre,Hodeskader (S00-S09),"per 1000, standardisert",2.7,1,1,10
Oslo (fylke),2025-01-01,Kjønn samlet,Alle aldre,Hoftebrudd (S72.0-72.2),"per 1000, standardisert",1.5,1,1,10
Oslo (fylke),2025-01-01,Kjønn samlet,Alle aldre,Forgiftninger (T36-T65),"per 1000, standardisert",0.6,1,1,10
Oslo (fylke),2025-01-01,Kjønn samlet,0-74 år,Hjerte og karsykdom (I00-I99),"per 1000, standardisert",9.2,1,2,10
Oslo (fylke),2025-01-01,Kjønn samlet,0-74 år,KOLS (J44),"per 1000, standardisert",0.6,1,2,10
Oslo (fylke),2025-01-01,Kjønn samlet,0-74 år,Sykdom i muskel-skjelettsystemet og bindevev (M00-M99),"per 1000, standardisert",10.6,1,2,10
Oslo (fylke),2025-01-01,Kjønn samlet,0-74 år,Personskader (S00-T78),"per 1000, standardisert",8.9,1,2,10
Oslo (fylke),2025-01-01,Kjønn samlet,0-74 år,Hodeskader (S00-S09),"per 1000, standardisert",1.6,1,2,10
Oslo (fylke),2025-01-01,Kjønn samlet,0-74 år,Hoftebrudd (S72.0-72.2),"per 1000, standardisert",0.4,1,2,10
Oslo (fylke),2025-01-01,Kjønn samlet,0-74 år,Forgiftninger (T36-T65),"per 1000, standardisert",0.5,1,2,10
Oslo (fylke),2025-01-01,Kjønn samlet,0-44 år,Hjerte og karsykdom (I00-I99),"per 1000, standardisert",1.7,1,3,10
Oslo (fylke),2025-01-01,Kjønn samlet,0-44 år,KOLS (J44),"per 1000, standardisert",,1,3,10
Oslo (fylke),2025-01-01,Kjønn samlet,0-44 år,Sykdom i muskel-skjelettsystemet og bindevev (M00-M99),"per 1000, standardisert",5.1,1,3,10
Oslo (fylke),2025-01-01,Kjønn samlet,0-44 år,Personskader (S00-T78),"per 1000, standardisert",7.5,1,3,10
Oslo (fylke),2025-01-01,Kjønn samlet,0-44 år,Hodeskader (S00-S09),"per 1000, standardisert",1.4,1,3,10
Oslo (fylke),2025-01-01,Kjønn samlet,0-44 år,Hoftebrudd (S72.0-72.2),"per 1000, standardisert",0.0,1,3,10
Oslo (fylke),2025-01-01,Kjønn samlet,0-44 år,Forgiftninger (T36-T65),"per 1000, standardisert",0.5,1,3,10
Oslo (fylke),2025-01-01,Kjønn samlet,0-24 år,Hjerte og karsykdom (I00-I99),"per 1000, standardisert",0.6,1,4,10
Oslo (fylke),2025-01-01,Kjønn samlet,0-24 år,KOLS (J44),"per 1000, standardisert",,1,4,10
Oslo (fylke),2025-01-01,Kjønn samlet,0-24 år,Sykdom i muskel-skjelettsystemet og bindevev (M00-M99),"per 1000, standardisert",3.6,1,4,10
Oslo (fylke),2025-01-01,Kjønn samlet,0-24 år,Personskader (S00-T78),"per 1000, standardisert",8.8,1,4,10
Oslo (fylke),2025-01-01,Kjønn samlet,0-24 år,Hodeskader (S00-S09),"per 1000, standardisert",2.0,1,4,10
Oslo (fylke),2025-01-01,Kjønn samlet,0-24 år,Hoftebrudd (S72.0-72.2),"per 1000, standardisert",,1,4,10
Oslo (fylke),2025-01-01,Kjønn samlet,0-24 år,Forgiftninger (T36-T65),"per 1000, standardisert",0.6,1,4,10
Oslo (fylke),2025-01-01,Kjønn samlet,0-14 år,Hjerte og karsykdom (I00-I99),"per 1000, standardisert",0.3,1,5,10
Oslo (fylke),2025-01-01,Kjønn samlet,0-14 år,KOLS (J44),"per 1000, standardisert",,1,5,10
Oslo (fylke),2025-01-01,Kjønn samlet,0-14 år,Sykdom i muskel-skjelettsystemet og bindevev (M00-M99),"per 1000, standardisert",2.1,1,5,10
Oslo (fylke),2025-01-01,Kjønn samlet,0-14 år,Personskader (S00-T78),"per 1000, standardisert",8.5,1,5,10
Oslo (fylke),2025-01-01,Kjønn samlet,0-14 år,Hodeskader (S00-S09),"per 1000, standardisert",2.5,1,5,10
Oslo (fylke),2025-01-01,Kjønn samlet,0-14 år,Hoftebrudd (S72.0-72.2),"per 1000, standardisert",,1,5,10
Oslo (fylke),2025-01-01,Kjønn samlet,0-14 år,Forgiftninger (T36-T65),"per 1000, standardisert",0.2,1,5,10
Oslo (fylke),2025-01-01,Kjønn samlet,15-24 år,Hjerte og karsykdom (I00-I99),"per 1000, standardisert",1.1,1,6,10
Oslo (fylke),2025-01-01,Kjønn samlet,15-24 år,KOLS (J44),"per 1000, standardisert",,1,6,10
Oslo (fylke),2025-01-01,Kjønn samlet,15-24 år,Sykdom i muskel-skjelettsystemet og bindevev (M00-M99),"per 1000, standardisert",5.4,1,6,10
Oslo (fylke),2025-01-01,Kjønn samlet,15-24 år,Personskader (S00-T78),"per 1000, standardisert",9.3,1,6,10
Oslo (fylke),2025-01-01,Kjønn samlet,15-24 år,Hodeskader (S00-S09),"per 1000, standardisert",1.3,1,6,10
Oslo (fylke),2025-01-01,Kjønn samlet,15-24 år,Hoftebrudd (S72.0-72.2),"per 1000, standardisert",,1,6,10
Oslo (fylke),2025-01-01,Kjønn samlet,15-24 år,Forgiftninger (T36-T65),"per 1000, standardisert",1.1,1,6,10
Oslo (fylke),2025-01-01,Kjønn samlet,25-44 år,Hjerte og karsykdom (I00-I99),"per 1000, standardisert",2.8,1,7,10
Oslo (fylke),2025-01-01,Kjønn samlet,25-44 år,KOLS (J44),"per 1000, standardisert",,1,7,10
Oslo (fylke),2025-01-01,Kjønn samlet,25-44 år,Sykdom i muskel-skjelettsystemet og bindevev (M00-M99),"per 1000, standardisert",6.9,1,7,10
Oslo (fylke),2025-01-01,Kjønn samlet,25-44 år,Personskader (S00-T78),"per 1000, standardisert",6.2,1,7,10
Oslo (fylke),2025-01-01,Kjønn samlet,25-44 år,Hodeskader (S00-S09),"per 1000, standardisert",0.8,1,7,10
Oslo (fylke),2025-01-01,Kjønn samlet,25-44 år,Hoftebrudd (S72.0-72.2),"per 1000, standardisert",,1,7,10
Oslo (fylke),2025-01-01,Kjønn samlet,25-44 år,Forgiftninger (T36-T65),"per 1000, standardisert",0.5,1,7,10
Oslo (fylke),2025-01-01,Kjønn samlet,45-74 år,Hjerte og karsykdom (I00-I99),"per 1000, standardisert",20.6,1,8,10
Oslo (fylke),2025-01-01,Kjønn samlet,45-74 år,KOLS (J44),"per 1000, standardisert",,1,8,10
Oslo (fylke),2025-01-01,Kjønn samlet,45-74 år,Sykdom i muskel-skjelettsystemet og bindevev (M00-M99),"per 1000, standardisert",19.0,1,8,10
Oslo (fylke),2025-01-01,Kjønn samlet,45-74 år,Personskader (S00-T78),"per 1000, standardisert",11.2,1,8,10
Oslo (fylke),2025-01-01,Kjønn samlet,45-74 år,Hodeskader (S00-S09),"per 1000, standardisert",1.9,1,8,10
Oslo (fylke),2025-01-01,Kjønn samlet,45-74 år,Hoftebrudd (S72.0-72.2),"per 1000, standardisert",0.9,1,8,10
Oslo (fylke),2025-01-01,Kjønn samlet,45-74 år,Forgiftninger (T36-T65),"per 1000, standardisert",0.5,1,8,10
Oslo (fylke),2025-01-01,Kjønn samlet,45-64 år,Hjerte og karsykdom (I00-I99),"per 1000, standardisert",13.6,1,9,10
Oslo (fylke),2025-01-01,Kjønn samlet,45-64 år,KOLS (J44),"per 1000, standardisert",0.6,1,9,10
Oslo (fylke),2025-01-01,Kjønn samlet,45-64 år,Sykdom i muskel-skjelettsystemet og bindevev (M00-M99),"per 1000, standardisert",14.9,1,9,10
Oslo (fylke),2025-01-01,Kjønn samlet,45-64 år,Personskader (S00-T78),"per 1000, standardisert",9.2,1,9,10
Oslo (fylke),2025-01-01,Kjønn samlet,45-64 år,Hodeskader (S00-S09),"per 1000, standardisert",1.4,1,9,10
Oslo (fylke),2025-01-01,Kjønn samlet,45-64 år,Hoftebrudd (S72.0-72.2),"per 1000, standardisert",0.4,1,9,10
Oslo (fylke),2025-01-01,Kjønn samlet,45-64 år,Forgiftninger (T36-T65),"per 1000, standardisert",0.5,1,9,10
Oslo (fylke),2025-01-01,Kjønn samlet,65-74 år,Hjerte og karsykdom (I00-I99),"per 1000, standardisert",38.7,1,10,10
Oslo (fylke),2025-01-01,Kjønn samlet,65-74 år,KOLS (J44),"per 1000, standardisert",,1,10,10
Oslo (fylke),2025-01-01,Kjønn samlet,65-74 år,Sykdom i muskel-skjelettsystemet og bindevev (M00-M99),"per 1000, standardisert",29.8,1,10,10
Oslo (fylke),2025-01-01,Kjønn samlet,65-74 år,Personskader (S00-T78),"per 1000, standardisert",16.3,1,10,10
Oslo (fylke),2025-01-01,Kjønn samlet,65-74 år,Hodeskader (S00-S09),"per 1000, standardisert",3.4,1,10,10
Oslo (fylke),2025-01-01,Kjønn samlet,65-74 år,Hoftebrudd (S72.0-72.2),"per 1000, standardisert",2.2,1,10,10
Oslo (fylke),2025-01-01,Kjønn samlet,65-74 år,Forgiftninger (T36-T65),"per 1000, standardisert",0.6,1,10,10
Oslo (fylke),2025-01-01,Kjønn samlet,75 år+,Hjerte og karsykdom (I00-I99),"per 1000, standardisert",78.3,1,11,10
Oslo (fylke),2025-01-01,Kjønn samlet,75 år+,KOLS (J44),"per 1000, standardisert",8.5,1,11,10
Oslo (fylke),2025-01-01,Kjønn samlet,75 år+,Sykdom i muskel-skjelettsystemet og bindevev (M00-M99),"per 1000, standardisert",35.0,1,11,10
Oslo (fylke),2025-01-01,Kjønn samlet,75 år+,Personskader (S00-T78),"per 1000, standardisert",44.9,1,11,10
Oslo (fylke),2025-01-01,Kjønn samlet,75 år+,Hodeskader (S00-S09),"per 1000, standardisert",14.7,1,11,10
Oslo (fylke),2025-01-01,Kjønn samlet,75 år+,Hoftebrudd (S72.0-72.2),"per 1000, standardisert",12.6,1,11,10
Oslo (fylke),2025-01-01,Kjønn samlet,75 år+,Forgiftninger (T36-T65),"per 1000, standardisert",0.8,1,11,10
Oslo (fylke),2025-01-01,Kjønn samlet,75-79 år,Hjerte og karsykdom (I00-I99),"per 1000, standardisert",60.2,1,12,10
Oslo (fylke),2025-01-01,Kjønn samlet,75-79 år,KOLS (J44),"per 1000, standardisert",7.1,1,12,10
Oslo (fylke),2025-01-01,Kjønn samlet,75-79 år,Sykdom i muskel-skjelettsystemet og bindevev (M00-M99),"per 1000, standardisert",36.0,1,12,10
Oslo (fylke),2025-01-01,Kjønn samlet,75-79 år,Personskader (S00-T78),"per 1000, standardisert",26.2,1,12,10
Oslo (fylke),2025-01-01,Kjønn samlet,75-79 år,Hodeskader (S00-S09),"per 1000, standardisert",6.8,1,12,10
Oslo (fylke),2025-01-01,Kjønn samlet,75-79 år,Hoftebrudd (S72.0-72.2),"per 1000, standardisert",6.4,1,12,10
Oslo (fylke),2025-01-01,Kjønn samlet,75-79 år,Forgiftninger (T36-T65),"per 1000, standardisert",0.8,1,12,10
Oslo (fylke),2025-01-01,Kjønn samlet,80 år+,Hjerte og karsykdom (I00-I99),"per 1000, standardisert",92.8,1,13,10
Oslo (fylke),2025-01-01,Kjønn samlet,80 år+,KOLS (J44),"per 1000, standardisert",9.6,1,13,10
Oslo (fylke),2025-01-01,Kjønn samlet,80 år+,Sykdom i muskel-skjelettsystemet og bindevev (M00-M99),"per 1000, standardisert",34.2,1,13,10
Oslo (fylke),2025-01-01,Kjønn samlet,80 år+,Personskader (S00-T78),"per 1000, standardisert",59.7,1,13,10
Oslo (fylke),2025-01-01,Kjønn samlet,80 år+,Hodeskader (S00-S09),"per 1000, standardisert",21.0,1,13,10
Oslo (fylke),2025-01-01,Kjønn samlet,80 år+,Hoftebrudd (S72.0-72.2),"per 1000, standardisert",17.6,1,13,10
Oslo (fylke),2025-01-01,Kjønn samlet,80 år+,Forgiftninger (T36-T65),"per 1000, standardisert",0.9,1,13,10
Oslo (fylke),2025-01-01,Menn,Alle aldre,Hjerte og karsykdom (I00-I99),"per 1000, standardisert",18.4,2,1,10
Oslo (fylke),2025-01-01,Menn,Alle aldre,KOLS (J44),"per 1000, standardisert",1.3,2,1,10
Oslo (fylke),2025-01-01,Menn,Alle aldre,Sykdom i muskel-skjelettsystemet og bindevev (M00-M99),"per 1000, standardisert",11.4,2,1,10
Oslo (fylke),2025-01-01,Menn,Alle aldre,Personskader (S00-T78),"per 1000, standardisert",12.3,2,1,10
Oslo (fylke),2025-01-01,Menn,Alle aldre,Hodeskader (S00-S09),"per 1000, standardisert",3.0,2,1,10
Oslo (fylke),2025-01-01,Menn,Alle aldre,Hoftebrudd (S72.0-72.2),"per 1000, standardisert",1.2,2,1,10
Oslo (fylke),2025-01-01,Menn,Alle aldre,Forgiftninger (T36-T65),"per 1000, standardisert",0.5,2,1,10
Oslo (fylke),2025-01-01,Menn,0-74 år,Hjerte og karsykdom (I00-I99),"per 1000, standardisert",11.4,2,2,10
Oslo (fylke),2025-01-01,Menn,0-74 år,KOLS (J44),"per 1000, standardisert",0.6,2,2,10
Oslo (fylke),2025-01-01,Menn,0-74 år,Sykdom i muskel-skjelettsystemet og bindevev (M00-M99),"per 1000, standardisert",9.6,2,2,10
Oslo (fylke),2025-01-01,Menn,0-74 år,Personskader (S00-T78),"per 1000, standardisert",9.9,2,2,10
Oslo (fylke),2025-01-01,Menn,0-74 år,Hodeskader (S00-S09),"per 1000, standardisert",2.0,2,2,10
Oslo (fylke),2025-01-01,Menn,0-74 år,Hoftebrudd (S72.0-72.2),"per 1000, standardisert",0.4,2,2,10
Oslo (fylke),2025-01-01,Menn,0-74 år,Forgiftninger (T36-T65),"per 1000, standardisert",0.5,2,2,10
Oslo (fylke),2025-01-01,Menn,0-44 år,Hjerte og karsykdom (I00-I99),"per 1000, standardisert",1.7,2,3,10
Oslo (fylke),2025-01-01,Menn,0-44 år,KOLS (J44),"per 1000, standardisert",,2,3,10
Oslo (fylke),2025-01-01,Menn,0-44 år,Sykdom i muskel-skjelettsystemet og bindevev (M00-M99),"per 1000, standardisert",5.1,2,3,10
Oslo (fylke),2025-01-01,Menn,0-44 år,Personskader (S00-T78),"per 1000, standardisert",9.2,2,3,10
Oslo (fylke),2025-01-01,Menn,0-44 år,Hodeskader (S00-S09),"per 1000, standardisert",1.7,2,3,10
Oslo (fylke),2025-01-01,Menn,0-44 år,Hoftebrudd (S72.0-72.2),"per 1000, standardisert",0.0,2,3,10
Oslo (fylke),2025-01-01,Menn,0-44 år,Forgiftninger (T36-T65),"per 1000, standardisert",0.4,2,3,10
Oslo (fylke),2025-01-01,Menn,0-24 år,Hjerte og karsykdom (I00-I99),"per 1000, standardisert",0.7,2,4,10
Oslo (fylke),2025-01-01,Menn,0-24 år,KOLS (J44),"per 1000, standardisert",,2,4,10
Oslo (fylke),2025-01-01,Menn,0-24 år,Sykdom i muskel-skjelettsystemet og bindevev (M00-M99),"per 1000, standardisert",3.5,2,4,10
Oslo (fylke),2025-01-01,Menn,0-24 år,Personskader (S00-T78),"per 1000, standardisert",10.7,2,4,10
Oslo (fylke),2025-01-01,Menn,0-24 år,Hodeskader (S00-S09),"per 1000, standardisert",2.4,2,4,10
Oslo (fylke),2025-01-01,Menn,0-24 år,Hoftebrudd (S72.0-72.2),"per 1000, standardisert",,2,4,10
Oslo (fylke),2025-01-01,Menn,0-24 år,Forgiftninger (T36-T65),"per 1000, standardisert",0.5,2,4,10
Oslo (fylke),2025-01-01,Menn,0-14 år,Hjerte og karsykdom (I00-I99),"per 1000, standardisert",0.3,2,5,10
Oslo (fylke),2025-01-01,Menn,0-14 år,KOLS (J44),"per 1000, standardisert",,2,5,10
Oslo (fylke),2025-01-01,Menn,0-14 år,Sykdom i muskel-skjelettsystemet og bindevev (M00-M99),"per 1000, standardisert",2.0,2,5,10
Oslo (fylke),2025-01-01,Menn,0-14 år,Personskader (S00-T78),"per 1000, standardisert",9.8,2,5,10
Oslo (fylke),2025-01-01,Menn,0-14 år,Hodeskader (S00-S09),"per 1000, standardisert",2.9,2,5,10
Oslo (fylke),2025-01-01,Menn,0-14 år,Hoftebrudd (S72.0-72.2),"per 1000, standardisert",,2,5,10
Oslo (fylke),2025-01-01,Menn,0-14 år,Forgiftninger (T36-T65),"per 1000, standardisert",0.2,2,5,10
Oslo (fylke),2025-01-01,Menn,15-24 år,Hjerte og karsykdom (I00-I99),"per 1000, standardisert",1.2,2,6,10
Oslo (fylke),2025-01-01,Menn,15-24 år,KOLS (J44),"per 1000, standardisert",,2,6,10
Oslo (fylke),2025-01-01,Menn,15-24 år,Sykdom i muskel-skjelettsystemet og bindevev (M00-M99),"per 1000, standardisert",5.4,2,6,10
Oslo (fylke),2025-01-01,Menn,15-24 år,Personskader (S00-T78),"per 1000, standardisert",11.9,2,6,10
Oslo (fylke),2025-01-01,Menn,15-24 år,Hodeskader (S00-S09),"per 1000, standardisert",1.7,2,6,10
Oslo (fylke),2025-01-01,Menn,15-24 år,Hoftebrudd (S72.0-72.2),"per 1000, standardisert",,2,6,10
Oslo (fylke),2025-01-01,Menn,15-24 år,Forgiftninger (T36-T65),"per 1000, standardisert",0.8,2,6,10
Oslo (fylke),2025-01-01,Menn,25-44 år,Hjerte og karsykdom (I00-I99),"per 1000, standardisert",2.6,2,7,10
Oslo (fylke),2025-01-01,Menn,25-44 år,KOLS (J44),"per 1000, standardisert",,2,7,10
Oslo (fylke),2025-01-01,Menn,25-44 år,Sykdom i muskel-skjelettsystemet og bindevev (M00-M99),"per 1000, standardisert",6.8,2,7,10
Oslo (fylke),2025-01-01,Menn,25-44 år,Personskader (S00-T78),"per 1000, standardisert",7.7,2,7,10
Oslo (fylke),2025-01-01,Menn,25-44 år,Hodeskader (S00-S09),"per 1000, standardisert",1.0,2,7,10
Oslo (fylke),2025-01-01,Menn,25-44 år,Hoftebrudd (S72.0-72.2),"per 1000, standardisert",,2,7,10
Oslo (fylke),2025-01-01,Menn,25-44 år,Forgiftninger (T36-T65),"per 1000, standardisert",0.4,2,7,10
Oslo (fylke),2025-01-01,Menn,45-74 år,Hjerte og karsykdom (I00-I99),"per 1000, standardisert",26.7,2,8,10
Oslo (fylke),2025-01-01,Menn,45-74 år,KOLS (J44),"per 1000, standardisert",,2,8,10
Oslo (fylke),2025-01-01,Menn,45-74 år,Sykdom i muskel-skjelettsystemet og bindevev (M00-M99),"per 1000, standardisert",16.6,2,8,10
Oslo (fylke),2025-01-01,Menn,45-74 år,Personskader (S00-T78),"per 1000, standardisert",11.2,2,8,10
Oslo (fylke),2025-01-01,Menn,45-74 år,Hodeskader (S00-S09),"per 1000, standardisert",2.5,2,8,10
Oslo (fylke),2025-01-01,Menn,45-74 år,Hoftebrudd (S72.0-72.2),"per 1000, standardisert",0.9,2,8,10
Oslo (fylke),2025-01-01,Menn,45-74 år,Forgiftninger (T36-T65),"per 1000, standardisert",0.5,2,8,10
Oslo (fylke),2025-01-01,Menn,45-64 år,Hjerte og karsykdom (I00-I99),"per 1000, standardisert",17.6,2,9,10
Oslo (fylke),2025-01-01,Menn,45-64 år,KOLS (J44),"per 1000, standardisert",0.7,2,9,10
Oslo (fylke),2025-01-01,Menn,45-64 år,Sykdom i muskel-skjelettsystemet og bindevev (M00-M99),"per 1000, standardisert",13.0,2,9,10
Oslo (fylke),2025-01-01,Menn,45-64 år,Personskader (S00-T78),"per 1000, standardisert",9.6,2,9,10
Oslo (fylke),2025-01-01,Menn,45-64 år,Hodeskader (S00-S09),"per 1000, standardisert",1.8,2,9,10
Oslo (fylke),2025-01-01,Menn,45-64 år,Hoftebrudd (S72.0-72.2),"per 1000, standardisert",0.5,2,9,10
Oslo (fylke),2025-01-01,Menn,45-64 år,Forgiftninger (T36-T65),"per 1000, standardisert",0.5,2,9,10
Oslo (fylke),2025-01-01,Menn,65-74 år,Hjerte og karsykdom (I00-I99),"per 1000, standardisert",50.8,2,10,10
Oslo (fylke),2025-01-01,Menn,65-74 år,KOLS (J44),"per 1000, standardisert",,2,10,10
Oslo (fylke),2025-01-01,Menn,65-74 år,Sykdom i muskel-skjelettsystemet og bindevev (M00-M99),"per 1000, standardisert",26.5,2,10,10
Oslo (fylke),2025-01-01,Menn,65-74 år,Personskader (S00-T78),"per 1000, standardisert",15.8,2,10,10
Oslo (fylke),2025-01-01,Menn,65-74 år,Hodeskader (S00-S09),"per 1000, standardisert",4.4,2,10,10
Oslo (fylke),2025-01-01,Menn,65-74 år,Hoftebrudd (S72.0-72.2),"per 1000, standardisert",1.9,2,10,10
Oslo (fylke),2025-01-01,Menn,65-74 år,Forgiftninger (T36-T65),"per 1000, standardisert",0.5,2,10,10
Oslo (fylke),2025-01-01,Menn,75 år+,Hjerte og karsykdom (I00-I99),"per 1000, standardisert",95.2,2,11,10
Oslo (fylke),2025-01-01,Menn,75 år+,KOLS (J44),"per 1000, standardisert",8.2,2,11,10
Oslo (fylke),2025-01-01,Menn,75 år+,Sykdom i muskel-skjelettsystemet og bindevev (M00-M99),"per 1000, standardisert",30.8,2,11,10
Oslo (fylke),2025-01-01,Menn,75 år+,Personskader (S00-T78),"per 1000, standardisert",39.5,2,11,10
Oslo (fylke),2025-01-01,Menn,75 år+,Hodeskader (S00-S09),"per 1000, standardisert",15.1,2,11,10
Oslo (fylke),2025-01-01,Menn,75 år+,Hoftebrudd (S72.0-72.2),"per 1000, standardisert",10.0,2,11,10
Oslo (fylke),2025-01-01,Menn,75 år+,Forgiftninger (T36-T65),"per 1000, standardisert",0.7,2,11,10
Oslo (fylke),2025-01-01,Menn,75-79 år,Hjerte og karsykdom (I00-I99),"per 1000, standardisert",79.6,2,12,10
Oslo (fylke),2025-01-01,Menn,75-79 år,KOLS (J44),"per 1000, standardisert",7.4,2,12,10
Oslo (fylke),2025-01-01,Menn,75-79 år,Sykdom i muskel-skjelettsystemet og bindevev (M00-M99),"per 1000, standardisert",31.6,2,12,10
Oslo (fylke),2025-01-01,Menn,75-79 år,Personskader (S00-T78),"per 1000, standardisert",25.4,2,12,10
Oslo (fylke),2025-01-01,Menn,75-79 år,Hodeskader (S00-S09),"per 1000, standardisert",7.5,2,12,10
Oslo (fylke),2025-01-01,Menn,75-79 år,Hoftebrudd (S72.0-72.2),"per 1000, standardisert",5.1,2,12,10
Oslo (fylke),2025-01-01,Menn,75-79 år,Forgiftninger (T36-T65),"per 1000, standardisert",0.9,2,12,10
Oslo (fylke),2025-01-01,Menn,80 år+,Hjerte og karsykdom (I00-I99),"per 1000, standardisert",109.3,2,13,10
Oslo (fylke),2025-01-01,Menn,80 år+,KOLS (J44),"per 1000, standardisert",8.8,2,13,10
Oslo (fylke),2025-01-01,Menn,80 år+,Sykdom i muskel-skjelettsystemet og bindevev (M00-M99),"per 1000, standardisert",30.0,2,13,10
Oslo (fylke),2025-01-01,Menn,80 år+,Personskader (S00-T78),"per 1000, standardisert",52.3,2,13,10
Oslo (fylke),2025-01-01,Menn,80 år+,Hodeskader (S00-S09),"per 1000, standardisert",22.0,2,13,10
Oslo (fylke),2025-01-01,Menn,80 år+,Hoftebrudd (S72.0-72.2),"per 1000, standardisert",14.4,2,13,10
Oslo (fylke),2025-01-01,Menn,80 år+,Forgiftninger (T36-T65),"per 1000, standardisert",0.6,2,13,10
Oslo (fylke),2025-01-01,Kvinner,Alle aldre,Hjerte og karsykdom (I00-I99),"per 1000, standardisert",12.9,3,1,10
Oslo (fylke),2025-01-01,Kvinner,Alle aldre,KOLS (J44),"per 1000, standardisert",1.4,3,1,10
Oslo (fylke),2025-01-01,Kvinner,Alle aldre,Sykdom i muskel-skjelettsystemet og bindevev (M00-M99),"per 1000, standardisert",14.4,3,1,10
Oslo (fylke),2025-01-01,Kvinner,Alle aldre,Personskader (S00-T78),"per 1000, standardisert",12.1,3,1,10
Oslo (fylke),2025-01-01,Kvinner,Alle aldre,Hodeskader (S00-S09),"per 1000, standardisert",2.5,3,1,10
Oslo (fylke),2025-01-01,Kvinner,Alle aldre,Hoftebrudd (S72.0-72.2),"per 1000, standardisert",1.9,3,1,10
Oslo (fylke),2025-01-01,Kvinner,Alle aldre,Forgiftninger (T36-T65),"per 1000, standardisert",0.6,3,1,10
Oslo (fylke),2025-01-01,Kvinner,0-74 år,Hjerte og karsykdom (I00-I99),"per 1000, standardisert",6.8,3,2,10
Oslo (fylke),2025-01-01,Kvinner,0-74 år,KOLS (J44),"per 1000, standardisert",0.6,3,2,10
Oslo (fylke),2025-01-01,Kvinner,0-74 år,Sykdom i muskel-skjelettsystemet og bindevev (M00-M99),"per 1000, standardisert",11.7,3,2,10
Oslo (fylke),2025-01-01,Kvinner,0-74 år,Personskader (S00-T78),"per 1000, standardisert",7.9,3,2,10
Oslo (fylke),2025-01-01,Kvinner,0-74 år,Hodeskader (S00-S09),"per 1000, standardisert",1.1,3,2,10
Oslo (fylke),2025-01-01,Kvinner,0-74 år,Hoftebrudd (S72.0-72.2),"per 1000, standardisert",0.4,3,2,10
Oslo (fylke),2025-01-01,Kvinner,0-74 år,Forgiftninger (T36-T65),"per 1000, standardisert",0.6,3,2,10
Oslo (fylke),2025-01-01,Kvinner,0-44 år,Hjerte og karsykdom (I00-I99),"per 1000, standardisert",1.8,3,3,10
Oslo (fylke),2025-01-01,Kvinner,0-44 år,KOLS (J44),"per 1000, standardisert",,3,3,10
Oslo (fylke),2025-01-01,Kvinner,0-44 år,Sykdom i muskel-skjelettsystemet og bindevev (M00-M99),"per 1000, standardisert",5.2,3,3,10
Oslo (fylke),2025-01-01,Kvinner,0-44 år,Personskader (S00-T78),"per 1000, standardisert",5.8,3,3,10
Oslo (fylke),2025-01-01,Kvinner,0-44 år,Hodeskader (S00-S09),"per 1000, standardisert",1.0,3,3,10
Oslo (fylke),2025-01-01,Kvinner,0-44 år,Hoftebrudd (S72.0-72.2),"per 1000, standardisert",,3,3,10
Oslo (fylke),2025-01-01,Kvinner,0-44 år,Forgiftninger (T36-T65),"per 1000, standardisert",0.7,3,3,10
Oslo (fylke),2025-01-01,Kvinner,0-24 år,Hjerte og karsykdom (I00-I99),"per 1000, standardisert",0.5,3,4,10
Oslo (fylke),2025-01-01,Kvinner,0-24 år,KOLS (J44),"per 1000, standardisert",,3,4,10
Oslo (fylke),2025-01-01,Kvinner,0-24 år,Sykdom i muskel-skjelettsystemet og bindevev (M00-M99),"per 1000, standardisert",3.6,3,4,10
Oslo (fylke),2025-01-01,Kvinner,0-24 år,Personskader (S00-T78),"per 1000, standardisert",6.9,3,4,10
Oslo (fylke),2025-01-01,Kvinner,0-24 år,Hodeskader (S00-S09),"per 1000, standardisert",1.6,3,4,10
Oslo (fylke),2025-01-01,Kvinner,0-24 år,Hoftebrudd (S72.0-72.2),"per 1000, standardisert",,3,4,10
Oslo (fylke),2025-01-01,Kvinner,0-24 år,Forgiftninger (T36-T65),"per 1000, standardisert",0.8,3,4,10
Oslo (fylke),2025-01-01,Kvinner,0-14 år,Hjerte og karsykdom (I00-I99),"per 1000, standardisert",0.2,3,5,10
Oslo (fylke),2025-01-01,Kvinner,0-14 år,KOLS (J44),"per 1000, standardisert",,3,5,10
Oslo (fylke),2025-01-01,Kvinner,0-14 år,Sykdom i muskel-skjelettsystemet og bindevev (M00-M99),"per 1000, standardisert",2.3,3,5,10
Oslo (fylke),2025-01-01,Kvinner,0-14 år,Personskader (S00-T78),"per 1000, standardisert",7.1,3,5,10
Oslo (fylke),2025-01-01,Kvinner,0-14 år,Hodeskader (S00-S09),"per 1000, standardisert",2.1,3,5,10
Oslo (fylke),2025-01-01,Kvinner,0-14 år,Hoftebrudd (S72.0-72.2),"per 1000, standardisert",,3,5,10
Oslo (fylke),2025-01-01,Kvinner,0-14 år,Forgiftninger (T36-T65),"per 1000, standardisert",0.3,3,5,10
Oslo (fylke),2025-01-01,Kvinner,15-24 år,Hjerte og karsykdom (I00-I99),"per 1000, standardisert",0.9,3,6,10
Oslo (fylke),2025-01-01,Kvinner,15-24 år,KOLS (J44),"per 1000, standardisert",,3,6,10
Oslo (fylke),2025-01-01,Kvinner,15-24 år,Sykdom i muskel-skjelettsystemet og bindevev (M00-M99),"per 1000, standardisert",5.4,3,6,10
Oslo (fylke),2025-01-01,Kvinner,15-24 år,Personskader (S00-T78),"per 1000, standardisert",6.6,3,6,10
Oslo (fylke),2025-01-01,Kvinner,15-24 år,Hodeskader (S00-S09),"per 1000, standardisert",0.9,3,6,10
Oslo (fylke),2025-01-01,Kvinner,15-24 år,Hoftebrudd (S72.0-72.2),"per 1000, standardisert",,3,6,10
Oslo (fylke),2025-01-01,Kvinner,15-24 år,Forgiftninger (T36-T65),"per 1000, standardisert",1.5,3,6,10
Oslo (fylke),2025-01-01,Kvinner,25-44 år,Hjerte og karsykdom (I00-I99),"per 1000, standardisert",3.1,3,7,10
Oslo (fylke),2025-01-01,Kvinner,25-44 år,KOLS (J44),"per 1000, standardisert",,3,7,10
Oslo (fylke),2025-01-01,Kvinner,25-44 år,Sykdom i muskel-skjelettsystemet og bindevev (M00-M99),"per 1000, standardisert",6.9,3,7,10
Oslo (fylke),2025-01-01,Kvinner,25-44 år,Personskader (S00-T78),"per 1000, standardisert",4.7,3,7,10
Oslo (fylke),2025-01-01,Kvinner,25-44 år,Hodeskader (S00-S09),"per 1000, standardisert",0.5,3,7,10
Oslo (fylke),2025-01-01,Kvinner,25-44 år,Hoftebrudd (S72.0-72.2),"per 1000, standardisert",,3,7,10
Oslo (fylke),2025-01-01,Kvinner,25-44 år,Forgiftninger (T36-T65),"per 1000, standardisert",0.5,3,7,10
Oslo (fylke),2025-01-01,Kvinner,45-74 år,Hjerte og karsykdom (I00-I99),"per 1000, standardisert",14.4,3,8,10
Oslo (fylke),2025-01-01,Kvinner,45-74 år,KOLS (J44),"per 1000, standardisert",,3,8,10
Oslo (fylke),2025-01-01,Kvinner,45-74 år,Sykdom i muskel-skjelettsystemet og bindevev (M00-M99),"per 1000, standardisert",21.4,3,8,10
Oslo (fylke),2025-01-01,Kvinner,45-74 år,Personskader (S00-T78),"per 1000, standardisert",11.2,3,8,10
Oslo (fylke),2025-01-01,Kvinner,45-74 år,Hodeskader (S00-S09),"per 1000, standardisert",1.3,3,8,10
Oslo (fylke),2025-01-01,Kvinner,45-74 år,Hoftebrudd (S72.0-72.2),"per 1000, standardisert",0.9,3,8,10
Oslo (fylke),2025-01-01,Kvinner,45-74 år,Forgiftninger (T36-T65),"per 1000, standardisert",0.6,3,8,10
Oslo (fylke),2025-01-01,Kvinner,45-64 år,Hjerte og karsykdom (I00-I99),"per 1000, standardisert",9.4,3,9,10
Oslo (fylke),2025-01-01,Kvinner,45-64 år,KOLS (J44),"per 1000, standardisert",0.5,3,9,10
Oslo (fylke),2025-01-01,Kvinner,45-64 år,Sykdom i muskel-skjelettsystemet og bindevev (M00-M99),"per 1000, standardisert",17.0,3,9,10
Oslo (fylke),2025-01-01,Kvinner,45-64 år,Personskader (S00-T78),"per 1000, standardisert",8.9,3,9,10
Oslo (fylke),2025-01-01,Kvinner,45-64 år,Hodeskader (S00-S09),"per 1000, standardisert",0.9,3,9,10
Oslo (fylke),2025-01-01,Kvinner,45-64 år,Hoftebrudd (S72.0-72.2),"per 1000, standardisert",0.3,3,9,10
Oslo (fylke),2025-01-01,Kvinner,45-64 år,Forgiftninger (T36-T65),"per 1000, standardisert",0.5,3,9,10
Oslo (fylke),2025-01-01,Kvinner,65-74 år,Hjerte og karsykdom (I00-I99),"per 1000, standardisert",26.9,3,10,10
Oslo (fylke),2025-01-01,Kvinner,65-74 år,KOLS (J44),"per 1000, standardisert",,3,10,10
Oslo (fylke),2025-01-01,Kvinner,65-74 år,Sykdom i muskel-skjelettsystemet og bindevev (M00-M99),"per 1000, standardisert",32.9,3,10,10
Oslo (fylke),2025-01-01,Kvinner,65-74 år,Personskader (S00-T78),"per 1000, standardisert",16.9,3,10,10
Oslo (fylke),2025-01-01,Kvinner,65-74 år,Hodeskader (S00-S09),"per 1000, standardisert",2.5,3,10,10
Oslo (fylke),2025-01-01,Kvinner,65-74 år,Hoftebrudd (S72.0-72.2),"per 1000, standardisert",2.4,3,10,10
Oslo (fylke),2025-01-01,Kvinner,65-74 år,Forgiftninger (T36-T65),"per 1000, standardisert",0.8,3,10,10
Oslo (fylke),2025-01-01,Kvinner,75 år+,Hjerte og karsykdom (I00-I99),"per 1000, standardisert",64.6,3,11,10
Oslo (fylke),2025-01-01,Kvinner,75 år+,KOLS (J44),"per 1000, standardisert",8.8,3,11,10
Oslo (fylke),2025-01-01,Kvinner,75 år+,Sykdom i muskel-skjelettsystemet og bindevev (M00-M99),"per 1000, standardisert",38.5,3,11,10
Oslo (fylke),2025-01-01,Kvinner,75 år+,Personskader (S00-T78),"per 1000, standardisert",49.4,3,11,10
Oslo (fylke),2025-01-01,Kvinner,75 år+,Hodeskader (S00-S09),"per 1000, standardisert",14.3,3,11,10
Oslo (fylke),2025-01-01,Kvinner,75 år+,Hoftebrudd (S72.0-72.2),"per 1000, standardisert",14.8,3,11,10
Oslo (fylke),2025-01-01,Kvinner,75 år+,Forgiftninger (T36-T65),"per 1000, standardisert",0.9,3,11,10
Oslo (fylke),2025-01-01,Kvinner,75-79 år,Hjerte og karsykdom (I00-I99),"per 1000, standardisert",42.2,3,12,10
Oslo (fylke),2025-01-01,Kvinner,75-79 år,KOLS (J44),"per 1000, standardisert",6.8,3,12,10
Oslo (fylke),2025-01-01,Kvinner,75-79 år,Sykdom i muskel-skjelettsystemet og bindevev (M00-M99),"per 1000, standardisert",40.2,3,12,10
Oslo (fylke),2025-01-01,Kvinner,75-79 år,Personskader (S00-T78),"per 1000, standardisert",27.1,3,12,10
Oslo (fylke),2025-01-01,Kvinner,75-79 år,Hodeskader (S00-S09),"per 1000, standardisert",6.0,3,12,10
Oslo (fylke),2025-01-01,Kvinner,75-79 år,Hoftebrudd (S72.0-72.2),"per 1000, standardisert",7.6,3,12,10
Oslo (fylke),2025-01-01,Kvinner,75-79 år,Forgiftninger (T36-T65),"per 1000, standardisert",0.7,3,12,10
Oslo (fylke),2025-01-01,Kvinner,80 år+,Hjerte og karsykdom (I00-I99),"per 1000, standardisert",80.6,3,13,10
Oslo (fylke),2025-01-01,Kvinner,80 år+,KOLS (J44),"per 1000, standardisert",10.1,3,13,10
Oslo (fylke),2025-01-01,Kvinner,80 år+,Sykdom i muskel-skjelettsystemet og bindevev (M00-M99),"per 1000, standardisert",37.2,3,13,10
Oslo (fylke),2025-01-01,Kvinner,80 år+,Personskader (S00-T78),"per 1000, standardisert",65.3,3,13,10
Oslo (fylke),2025-01-01,Kvinner,80 år+,Hodeskader (S00-S09),"per 1000, standardisert",20.3,3,13,10
Oslo (fylke),2025-01-01,Kvinner,80 år+,Hoftebrudd (S72.0-72.2),"per 1000, standardisert",20.0,3,13,10
Oslo (fylke),2025-01-01,Kvinner,80 år+,Forgiftninger (T36-T65),"per 1000, standardisert",1.1,3,13,10
Østfold,2025-01-01,Kjønn samlet,Alle aldre,Hjerte og karsykdom (I00-I99),"per 1000, standardisert",16.3,1,1,16
Østfold,2025-01-01,Kjønn samlet,Alle aldre,KOLS (J44),"per 1000, standardisert",1.6,1,1,16
Østfold,2025-01-01,Kjønn samlet,Alle aldre,Sykdom i muskel-skjelettsystemet og bindevev (M00-M99),"per 1000, standardisert",19.0,1,1,16
Østfold,2025-01-01,Kjønn samlet,Alle aldre,Personskader (S00-T78),"per 1000, standardisert",13.5,1,1,16
Østfold,2025-01-01,Kjønn samlet,Alle aldre,Hodeskader (S00-S09),"per 1000, standardisert",2.2,1,1,16
Østfold,2025-01-01,Kjønn samlet,Alle aldre,Hoftebrudd (S72.0-72.2),"per 1000, standardisert",1.8,1,1,16
Østfold,2025-01-01,Kjønn samlet,Alle aldre,Forgiftninger (T36-T65),"per 1000, standardisert",0.8,1,1,16
Østfold,2025-01-01,Kjønn samlet,0-74 år,Hjerte og karsykdom (I00-I99),"per 1000, standardisert",10.0,1,2,16
Østfold,2025-01-01,Kjønn samlet,0-74 år,KOLS (J44),"per 1000, standardisert",0.8,1,2,16
Østfold,2025-01-01,Kjønn samlet,0-74 år,Sykdom i muskel-skjelettsystemet og bindevev (M00-M99),"per 1000, standardisert",16.2,1,2,16
Østfold,2025-01-01,Kjønn samlet,0-74 år,Personskader (S00-T78),"per 1000, standardisert",10.3,1,2,16
Østfold,2025-01-01,Kjønn samlet,0-74 år,Hodeskader (S00-S09),"per 1000, standardisert",1.6,1,2,16
Østfold,2025-01-01,Kjønn samlet,0-74 år,Hoftebrudd (S72.0-72.2),"per 1000, standardisert",0.4,1,2,16
Østfold,2025-01-01,Kjønn samlet,0-74 år,Forgiftninger (T36-T65),"per 1000, standardisert",0.8,1,2,16
Østfold,2025-01-01,Kjønn samlet,0-44 år,Hjerte og karsykdom (I00-I99),"per 1000, standardisert",2.1,1,3,16
Østfold,2025-01-01,Kjønn samlet,0-44 år,KOLS (J44),"per 1000, standardisert",,1,3,16
Østfold,2025-01-01,Kjønn samlet,0-44 år,Sykdom i muskel-skjelettsystemet og bindevev (M00-M99),"per 1000, standardisert",6.8,1,3,16
Østfold,2025-01-01,Kjønn samlet,0-44 år,Personskader (S00-T78),"per 1000, standardisert",9.2,1,3,16
Østfold,2025-01-01,Kjønn samlet,0-44 år,Hodeskader (S00-S09),"per 1000, standardisert",1.7,1,3,16
Østfold,2025-01-01,Kjønn samlet,0-44 år,Hoftebrudd (S72.0-72.2),"per 1000, standardisert",0.0,1,3,16
Østfold,2025-01-01,Kjønn samlet,0-44 år,Forgiftninger (T36-T65),"per 1000, standardisert",1.0,1,3,16
Østfold,2025-01-01,Kjønn samlet,0-24 år,Hjerte og karsykdom (I00-I99),"per 1000, standardisert",1.0,1,4,16
Østfold,2025-01-01,Kjønn samlet,0-24 år,KOLS (J44),"per 1000, standardisert",,1,4,16
Østfold,2025-01-01,Kjønn samlet,0-24 år,Sykdom i muskel-skjelettsystemet og bindevev (M00-M99),"per 1000, standardisert",3.9,1,4,16
Østfold,2025-01-01,Kjønn samlet,0-24 år,Personskader (S00-T78),"per 1000, standardisert",10.7,1,4,16
Østfold,2025-01-01,Kjønn samlet,0-24 år,Hodeskader (S00-S09),"per 1000, standardisert",2.3,1,4,16
Østfold,2025-01-01,Kjønn samlet,0-24 år,Hoftebrudd (S72.0-72.2),"per 1000, standardisert",,1,4,16
Østfold,2025-01-01,Kjønn samlet,0-24 år,Forgiftninger (T36-T65),"per 1000, standardisert",0.8,1,4,16
Østfold,2025-01-01,Kjønn samlet,0-14 år,Hjerte og karsykdom (I00-I99),"per 1000, standardisert",1.0,1,5,16
Østfold,2025-01-01,Kjønn samlet,0-14 år,KOLS (J44),"per 1000, standardisert",,1,5,16
Østfold,2025-01-01,Kjønn samlet,0-14 år,Sykdom i muskel-skjelettsystemet og bindevev (M00-M99),"per 1000, standardisert",2.1,1,5,16
Østfold,2025-01-01,Kjønn samlet,0-14 år,Personskader (S00-T78),"per 1000, standardisert",10.0,1,5,16
Østfold,2025-01-01,Kjønn samlet,0-14 år,Hodeskader (S00-S09),"per 1000, standardisert",2.6,1,5,16
Østfold,2025-01-01,Kjønn samlet,0-14 år,Hoftebrudd (S72.0-72.2),"per 1000, standardisert",,1,5,16
Østfold,2025-01-01,Kjønn samlet,0-14 år,Forgiftninger (T36-T65),"per 1000, standardisert",0.2,1,5,16
Østfold,2025-01-01,Kjønn samlet,15-24 år,Hjerte og karsykdom (I00-I99),"per 1000, standardisert",1.0,1,6,16
Østfold,2025-01-01,Kjønn samlet,15-24 år,KOLS (J44),"per 1000, standardisert",,1,6,16
Østfold,2025-01-01,Kjønn samlet,15-24 år,Sykdom i muskel-skjelettsystemet og bindevev (M00-M99),"per 1000, standardisert",6.3,1,6,16
Østfold,2025-01-01,Kjønn samlet,15-24 år,Personskader (S00-T78),"per 1000, standardisert",11.6,1,6,16
Østfold,2025-01-01,Kjønn samlet,15-24 år,Hodeskader (S00-S09),"per 1000, standardisert",1.8,1,6,16
Østfold,2025-01-01,Kjønn samlet,15-24 år,Hoftebrudd (S72.0-72.2),"per 1000, standardisert",,1,6,16
Østfold,2025-01-01,Kjønn samlet,15-24 år,Forgiftninger (T36-T65),"per 1000, standardisert",1.7,1,6,16
Østfold,2025-01-01,Kjønn samlet,25-44 år,Hjerte og karsykdom (I00-I99),"per 1000, standardisert",3.1,1,7,16
Østfold,2025-01-01,Kjønn samlet,25-44 år,KOLS (J44),"per 1000, standardisert",,1,7,16
Østfold,2025-01-01,Kjønn samlet,25-44 år,Sykdom i muskel-skjelettsystemet og bindevev (M00-M99),"per 1000, standardisert",9.8,1,7,16
Østfold,2025-01-01,Kjønn samlet,25-44 år,Personskader (S00-T78),"per 1000, standardisert",7.7,1,7,16
Østfold,2025-01-01,Kjønn samlet,25-44 år,Hodeskader (S00-S09),"per 1000, standardisert",1.0,1,7,16
Østfold,2025-01-01,Kjønn samlet,25-44 år,Hoftebrudd (S72.0-72.2),"per 1000, standardisert",,1,7,16
Østfold,2025-01-01,Kjønn samlet,25-44 år,Forgiftninger (T36-T65),"per 1000, standardisert",1.2,1,7,16
Østfold,2025-01-01,Kjønn samlet,45-74 år,Hjerte og karsykdom (I00-I99),"per 1000, standardisert",22.0,1,8,16
Østfold,2025-01-01,Kjønn samlet,45-74 år,KOLS (J44),"per 1000, standardisert",,1,8,16
Østfold,2025-01-01,Kjønn samlet,45-74 år,Sykdom i muskel-skjelettsystemet og bindevev (M00-M99),"per 1000, standardisert",30.2,1,8,16
Østfold,2025-01-01,Kjønn samlet,45-74 år,Personskader (S00-T78),"per 1000, standardisert",11.9,1,8,16
Østfold,2025-01-01,Kjønn samlet,45-74 år,Hodeskader (S00-S09),"per 1000, standardisert",1.5,1,8,16
Østfold,2025-01-01,Kjønn samlet,45-74 år,Hoftebrudd (S72.0-72.2),"per 1000, standardisert",1.0,1,8,16
Østfold,2025-01-01,Kjønn samlet,45-74 år,Forgiftninger (T36-T65),"per 1000, standardisert",0.6,1,8,16
Østfold,2025-01-01,Kjønn samlet,45-64 år,Hjerte og karsykdom (I00-I99),"per 1000, standardisert",14.8,1,9,16
Østfold,2025-01-01,Kjønn samlet,45-64 år,KOLS (J44),"per 1000, standardisert",1.0,1,9,16
Østfold,2025-01-01,Kjønn samlet,45-64 år,Sykdom i muskel-skjelettsystemet og bindevev (M00-M99),"per 1000, standardisert",24.9,1,9,16
Østfold,2025-01-01,Kjønn samlet,45-64 år,Personskader (S00-T78),"per 1000, standardisert",10.2,1,9,16
Østfold,2025-01-01,Kjønn samlet,45-64 år,Hodeskader (S00-S09),"per 1000, standardisert",1.3,1,9,16
Østfold,2025-01-01,Kjønn samlet,45-64 år,Hoftebrudd (S72.0-72.2),"per 1000, standardisert",0.3,1,9,16
Østfold,2025-01-01,Kjønn samlet,45-64 år,Forgiftninger (T36-T65),"per 1000, standardisert",0.7,1,9,16
Østfold,2025-01-01,Kjønn samlet,65-74 år,Hjerte og karsykdom (I00-I99),"per 1000, standardisert",40.3,1,10,16
Østfold,2025-01-01,Kjønn samlet,65-74 år,KOLS (J44),"per 1000, standardisert",,1,10,16
Østfold,2025-01-01,Kjønn samlet,65-74 år,Sykdom i muskel-skjelettsystemet og bindevev (M00-M99),"per 1000, standardisert",43.6,1,10,16
Østfold,2025-01-01,Kjønn samlet,65-74 år,Personskader (S00-T78),"per 1000, standardisert",16.3,1,10,16
Østfold,2025-01-01,Kjønn samlet,65-74 år,Hodeskader (S00-S09),"per 1000, standardisert",2.1,1,10,16
Østfold,2025-01-01,Kjønn samlet,65-74 år,Hoftebrudd (S72.0-72.2),"per 1000, standardisert",2.6,1,10,16
Østfold,2025-01-01,Kjønn samlet,65-74 år,Forgiftninger (T36-T65),"per 1000, standardisert",0.5,1,10,16
Østfold,2025-01-01,Kjønn samlet,75 år+,Hjerte og karsykdom (I00-I99),"per 1000, standardisert",76.4,1,11,16
Østfold,2025-01-01,Kjønn samlet,75 år+,KOLS (J44),"per 1000, standardisert",9.7,1,11,16
Østfold,2025-01-01,Kjønn samlet,75 år+,Sykdom i muskel-skjelettsystemet og bindevev (M00-M99),"per 1000, standardisert",45.9,1,11,16
Østfold,2025-01-01,Kjønn samlet,75 år+,Personskader (S00-T78),"per 1000, standardisert",43.8,1,11,16
Østfold,2025-01-01,Kjønn samlet,75 år+,Hodeskader (S00-S09),"per 1000, standardisert",8.2,1,11,16
Østfold,2025-01-01,Kjønn samlet,75 år+,Hoftebrudd (S72.0-72.2),"per 1000, standardisert",15.1,1,11,16
Østfold,2025-01-01,Kjønn samlet,75 år+,Forgiftninger (T36-T65),"per 1000, standardisert",0.7,1,11,16
Østfold,2025-01-01,Kjønn samlet,75-79 år,Hjerte og karsykdom (I00-I99),"per 1000, standardisert",64.4,1,12,16
Østfold,2025-01-01,Kjønn samlet,75-79 år,KOLS (J44),"per 1000, standardisert",9.8,1,12,16
Østfold,2025-01-01,Kjønn samlet,75-79 år,Sykdom i muskel-skjelettsystemet og bindevev (M00-M99),"per 1000, standardisert",52.7,1,12,16
Østfold,2025-01-01,Kjønn samlet,75-79 år,Personskader (S00-T78),"per 1000, standardisert",28.8,1,12,16
Østfold,2025-01-01,Kjønn samlet,75-79 år,Hodeskader (S00-S09),"per 1000, standardisert",5.8,1,12,16
Østfold,2025-01-01,Kjønn samlet,75-79 år,Hoftebrudd (S72.0-72.2),"per 1000, standardisert",8.3,1,12,16
Østfold,2025-01-01,Kjønn samlet,75-79 år,Forgiftninger (T36-T65),"per 1000, standardisert",0.4,1,12,16
Østfold,2025-01-01,Kjønn samlet,80 år+,Hjerte og karsykdom (I00-I99),"per 1000, standardisert",85.8,1,13,16
Østfold,2025-01-01,Kjønn samlet,80 år+,KOLS (J44),"per 1000, standardisert",9.6,1,13,16
Østfold,2025-01-01,Kjønn samlet,80 år+,Sykdom i muskel-skjelettsystemet og bindevev (M00-M99),"per 1000, standardisert",40.3,1,13,16
Østfold,2025-01-01,Kjønn samlet,80 år+,Personskader (S00-T78),"per 1000, standardisert",55.7,1,13,16
Østfold,2025-01-01,Kjønn samlet,80 år+,Hodeskader (S00-S09),"per 1000, standardisert",10.1,1,13,16
Østfold,2025-01-01,Kjønn samlet,80 år+,Hoftebrudd (S72.0-72.2),"per 1000, standardisert",20.5,1,13,16
Østfold,2025-01-01,Kjønn samlet,80 år+,Forgiftninger (T36-T65),"per 1000, standardisert",0.9,1,13,16
Østfold,2025-01-01,Menn,Alle aldre,Hjerte og karsykdom (I00-I99),"per 1000, standardisert",19.3,2,1,16
Østfold,2025-01-01,Menn,Alle aldre,KOLS (J44),"per 1000, standardisert",1.4,2,1,16
Østfold,2025-01-01,Menn,Alle aldre,Sykdom i muskel-skjelettsystemet og bindevev (M00-M99),"per 1000, standardisert",14.9,2,1,16
Østfold,2025-01-01,Menn,Alle aldre,Personskader (S00-T78),"per 1000, standardisert",13.6,2,1,16
Østfold,2025-01-01,Menn,Alle aldre,Hodeskader (S00-S09),"per 1000, standardisert",2.6,2,1,16
Østfold,2025-01-01,Menn,Alle aldre,Hoftebrudd (S72.0-72.2),"per 1000, standardisert",1.3,2,1,16
Østfold,2025-01-01,Menn,Alle aldre,Forgiftninger (T36-T65),"per 1000, standardisert",0.7,2,1,16
Østfold,2025-01-01,Menn,0-74 år,Hjerte og karsykdom (I00-I99),"per 1000, standardisert",12.7,2,2,16
Østfold,2025-01-01,Menn,0-74 år,KOLS (J44),"per 1000, standardisert",0.7,2,2,16
Østfold,2025-01-01,Menn,0-74 år,Sykdom i muskel-skjelettsystemet og bindevev (M00-M99),"per 1000, standardisert",12.8,2,2,16
Østfold,2025-01-01,Menn,0-74 år,Personskader (S00-T78),"per 1000, standardisert",11.4,2,2,16
Østfold,2025-01-01,Menn,0-74 år,Hodeskader (S00-S09),"per 1000, standardisert",2.0,2,2,16
Østfold,2025-01-01,Menn,0-74 år,Hoftebrudd (S72.0-72.2),"per 1000, standardisert",0.3,2,2,16
Østfold,2025-01-01,Menn,0-74 år,Forgiftninger (T36-T65),"per 1000, standardisert",0.7,2,2,16
Østfold,2025-01-01,Menn,0-44 år,Hjerte og karsykdom (I00-I99),"per 1000, standardisert",2.2,2,3,16
Østfold,2025-01-01,Menn,0-44 år,KOLS (J44),"per 1000, standardisert",,2,3,16
Østfold,2025-01-01,Menn,0-44 år,Sykdom i muskel-skjelettsystemet og bindevev (M00-M99),"per 1000, standardisert",5.9,2,3,16
Østfold,2025-01-01,Menn,0-44 år,Personskader (S00-T78),"per 1000, standardisert",10.9,2,3,16
Østfold,2025-01-01,Menn,0-44 år,Hodeskader (S00-S09),"per 1000, standardisert",2.0,2,3,16
Østfold,2025-01-01,Menn,0-44 år,Hoftebrudd (S72.0-72.2),"per 1000, standardisert",,2,3,16
Østfold,2025-01-01,Menn,0-44 år,Forgiftninger (T36-T65),"per 1000, standardisert",0.8,2,3,16
Østfold,2025-01-01,Menn,0-24 år,Hjerte og karsykdom (I00-I99),"per 1000, standardisert",1.1,2,4,16
Østfold,2025-01-01,Menn,0-24 år,KOLS (J44),"per 1000, standardisert",,2,4,16
Østfold,2025-01-01,Menn,0-24 år,Sykdom i muskel-skjelettsystemet og bindevev (M00-M99),"per 1000, standardisert",3.3,2,4,16
Østfold,2025-01-01,Menn,0-24 år,Personskader (S00-T78),"per 1000, standardisert",12.6,2,4,16
Østfold,2025-01-01,Menn,0-24 år,Hodeskader (S00-S09),"per 1000, standardisert",2.8,2,4,16
Østfold,2025-01-01,Menn,0-24 år,Hoftebrudd (S72.0-72.2),"per 1000, standardisert",,2,4,16
Østfold,2025-01-01,Menn,0-24 år,Forgiftninger (T36-T65),"per 1000, standardisert",0.6,2,4,16
Østfold,2025-01-01,Menn,0-14 år,Hjerte og karsykdom (I00-I99),"per 1000, standardisert",1.2,2,5,16
Østfold,2025-01-01,Menn,0-14 år,KOLS (J44),"per 1000, standardisert",,2,5,16
Østfold,2025-01-01,Menn,0-14 år,Sykdom i muskel-skjelettsystemet og bindevev (M00-M99),"per 1000, standardisert",1.8,2,5,16
Østfold,2025-01-01,Menn,0-14 år,Personskader (S00-T78),"per 1000, standardisert",11.6,2,5,16
Østfold,2025-01-01,Menn,0-14 år,Hodeskader (S00-S09),"per 1000, standardisert",3.2,2,5,16
Østfold,2025-01-01,Menn,0-14 år,Hoftebrudd (S72.0-72.2),"per 1000, standardisert",,2,5,16
Østfold,2025-01-01,Menn,0-14 år,Forgiftninger (T36-T65),"per 1000, standardisert",,2,5,16
Østfold,2025-01-01,Menn,15-24 år,Hjerte og karsykdom (I00-I99),"per 1000, standardisert",1.0,2,6,16
Østfold,2025-01-01,Menn,15-24 år,KOLS (J44),"per 1000, standardisert",,2,6,16
Østfold,2025-01-01,Menn,15-24 år,Sykdom i muskel-skjelettsystemet og bindevev (M00-M99),"per 1000, standardisert",5.1,2,6,16
Østfold,2025-01-01,Menn,15-24 år,Personskader (S00-T78),"per 1000, standardisert",13.9,2,6,16
Østfold,2025-01-01,Menn,15-24 år,Hodeskader (S00-S09),"per 1000, standardisert",2.2,2,6,16
Østfold,2025-01-01,Menn,15-24 år,Hoftebrudd (S72.0-72.2),"per 1000, standardisert",,2,6,16
Østfold,2025-01-01,Menn,15-24 år,Forgiftninger (T36-T65),"per 1000, standardisert",,2,6,16
Østfold,2025-01-01,Menn,25-44 år,Hjerte og karsykdom (I00-I99),"per 1000, standardisert",3.3,2,7,16
Østfold,2025-01-01,Menn,25-44 år,KOLS (J44),"per 1000, standardisert",,2,7,16
Østfold,2025-01-01,Menn,25-44 år,Sykdom i muskel-skjelettsystemet og bindevev (M00-M99),"per 1000, standardisert",8.6,2,7,16
Østfold,2025-01-01,Menn,25-44 år,Personskader (S00-T78),"per 1000, standardisert",9.2,2,7,16
Østfold,2025-01-01,Menn,25-44 år,Hodeskader (S00-S09),"per 1000, standardisert",1.2,2,7,16
Østfold,2025-01-01,Menn,25-44 år,Hoftebrudd (S72.0-72.2),"per 1000, standardisert",,2,7,16
Østfold,2025-01-01,Menn,25-44 år,Forgiftninger (T36-T65),"per 1000, standardisert",1.1,2,7,16
Østfold,2025-01-01,Menn,45-74 år,Hjerte og karsykdom (I00-I99),"per 1000, standardisert",29.0,2,8,16
Østfold,2025-01-01,Menn,45-74 år,KOLS (J44),"per 1000, standardisert",,2,8,16
Østfold,2025-01-01,Menn,45-74 år,Sykdom i muskel-skjelettsystemet og bindevev (M00-M99),"per 1000, standardisert",23.4,2,8,16
Østfold,2025-01-01,Menn,45-74 år,Personskader (S00-T78),"per 1000, standardisert",12.1,2,8,16
Østfold,2025-01-01,Menn,45-74 år,Hodeskader (S00-S09),"per 1000, standardisert",1.9,2,8,16
Østfold,2025-01-01,Menn,45-74 år,Hoftebrudd (S72.0-72.2),"per 1000, standardisert",,2,8,16
Østfold,2025-01-01,Menn,45-74 år,Forgiftninger (T36-T65),"per 1000, standardisert",0.6,2,8,16
Østfold,2025-01-01,Menn,45-64 år,Hjerte og karsykdom (I00-I99),"per 1000, standardisert",19.9,2,9,16
Østfold,2025-01-01,Menn,45-64 år,KOLS (J44),"per 1000, standardisert",0.9,2,9,16
Østfold,2025-01-01,Menn,45-64 år,Sykdom i muskel-skjelettsystemet og bindevev (M00-M99),"per 1000, standardisert",20.0,2,9,16
Østfold,2025-01-01,Menn,45-64 år,Personskader (S00-T78),"per 1000, standardisert",10.8,2,9,16
Østfold,2025-01-01,Menn,45-64 år,Hodeskader (S00-S09),"per 1000, standardisert",1.6,2,9,16
Østfold,2025-01-01,Menn,45-64 år,Hoftebrudd (S72.0-72.2),"per 1000, standardisert",0.3,2,9,16
Østfold,2025-01-01,Menn,45-64 år,Forgiftninger (T36-T65),"per 1000, standardisert",0.6,2,9,16
Østfold,2025-01-01,Menn,65-74 år,Hjerte og karsykdom (I00-I99),"per 1000, standardisert",52.8,2,10,16
Østfold,2025-01-01,Menn,65-74 år,KOLS (J44),"per 1000, standardisert",,2,10,16
Østfold,2025-01-01,Menn,65-74 år,Sykdom i muskel-skjelettsystemet og bindevev (M00-M99),"per 1000, standardisert",32.2,2,10,16
Østfold,2025-01-01,Menn,65-74 år,Personskader (S00-T78),"per 1000, standardisert",15.4,2,10,16
Østfold,2025-01-01,Menn,65-74 år,Hodeskader (S00-S09),"per 1000, standardisert",2.7,2,10,16
Østfold,2025-01-01,Menn,65-74 år,Hoftebrudd (S72.0-72.2),"per 1000, standardisert",,2,10,16
Østfold,2025-01-01,Menn,65-74 år,Forgiftninger (T36-T65),"per 1000, standardisert",0.6,2,10,16
Østfold,2025-01-01,Menn,75 år+,Hjerte og karsykdom (I00-I99),"per 1000, standardisert",90.3,2,11,16
Østfold,2025-01-01,Menn,75 år+,KOLS (J44),"per 1000, standardisert",9.2,2,11,16
Østfold,2025-01-01,Menn,75 år+,Sykdom i muskel-skjelettsystemet og bindevev (M00-M99),"per 1000, standardisert",37.3,2,11,16
Østfold,2025-01-01,Menn,75 år+,Personskader (S00-T78),"per 1000, standardisert",37.2,2,11,16
Østfold,2025-01-01,Menn,75 år+,Hodeskader (S00-S09),"per 1000, standardisert",9.5,2,11,16
Østfold,2025-01-01,Menn,75 år+,Hoftebrudd (S72.0-72.2),"per 1000, standardisert",11.8,2,11,16
Østfold,2025-01-01,Menn,75 år+,Forgiftninger (T36-T65),"per 1000, standardisert",0.5,2,11,16
Østfold,2025-01-01,Menn,75-79 år,Hjerte og karsykdom (I00-I99),"per 1000, standardisert",81.6,2,12,16
Østfold,2025-01-01,Menn,75-79 år,KOLS (J44),"per 1000, standardisert",8.3,2,12,16
Østfold,2025-01-01,Menn,75-79 år,Sykdom i muskel-skjelettsystemet og bindevev (M00-M99),"per 1000, standardisert",37.6,2,12,16
Østfold,2025-01-01,Menn,75-79 år,Personskader (S00-T78),"per 1000, standardisert",26.4,2,12,16
Østfold,2025-01-01,Menn,75-79 år,Hodeskader (S00-S09),"per 1000, standardisert",7.5,2,12,16
Østfold,2025-01-01,Menn,75-79 år,Hoftebrudd (S72.0-72.2),"per 1000, standardisert",6.7,2,12,16
Østfold,2025-01-01,Menn,75-79 år,Forgiftninger (T36-T65),"per 1000, standardisert",,2,12,16
Østfold,2025-01-01,Menn,80 år+,Hjerte og karsykdom (I00-I99),"per 1000, standardisert",98.0,2,13,16
Østfold,2025-01-01,Menn,80 år+,KOLS (J44),"per 1000, standardisert",10.0,2,13,16
Østfold,2025-01-01,Menn,80 år+,Sykdom i muskel-skjelettsystemet og bindevev (M00-M99),"per 1000, standardisert",37.2,2,13,16
Østfold,2025-01-01,Menn,80 år+,Personskader (S00-T78),"per 1000, standardisert",46.9,2,13,16
Østfold,2025-01-01,Menn,80 år+,Hodeskader (S00-S09),"per 1000, standardisert",11.2,2,13,16
Østfold,2025-01-01,Menn,80 år+,Hoftebrudd (S72.0-72.2),"per 1000, standardisert",16.5,2,13,16
Østfold,2025-01-01,Menn,80 år+,Forgiftninger (T36-T65),"per 1000, standardisert",,2,13,16
Østfold,2025-01-01,Kvinner,Alle aldre,Hjerte og karsykdom (I00-I99),"per 1000, standardisert",13.2,3,1,16
Østfold,2025-01-01,Kvinner,Alle aldre,KOLS (J44),"per 1000, standardisert",1.9,3,1,16
Østfold,2025-01-01,Kvinner,Alle aldre,Sykdom i muskel-skjelettsystemet og bindevev (M00-M99),"per 1000, standardisert",23.1,3,1,16
Østfold,2025-01-01,Kvinner,Alle aldre,Personskader (S00-T78),"per 1000, standardisert",13.4,3,1,16
Østfold,2025-01-01,Kvinner,Alle aldre,Hodeskader (S00-S09),"per 1000, standardisert",1.8,3,1,16
Østfold,2025-01-01,Kvinner,Alle aldre,Hoftebrudd (S72.0-72.2),"per 1000, standardisert",2.3,3,1,16
Østfold,2025-01-01,Kvinner,Alle aldre,Forgiftninger (T36-T65),"per 1000, standardisert",0.9,3,1,16
Østfold,2025-01-01,Kvinner,0-74 år,Hjerte og karsykdom (I00-I99),"per 1000, standardisert",7.1,3,2,16
Østfold,2025-01-01,Kvinner,0-74 år,KOLS (J44),"per 1000, standardisert",0.9,3,2,16
Østfold,2025-01-01,Kvinner,0-74 år,Sykdom i muskel-skjelettsystemet og bindevev (M00-M99),"per 1000, standardisert",19.6,3,2,16
Østfold,2025-01-01,Kvinner,0-74 år,Personskader (S00-T78),"per 1000, standardisert",9.2,3,2,16
Østfold,2025-01-01,Kvinner,0-74 år,Hodeskader (S00-S09),"per 1000, standardisert",1.2,3,2,16
Østfold,2025-01-01,Kvinner,0-74 år,Hoftebrudd (S72.0-72.2),"per 1000, standardisert",0.5,3,2,16
Østfold,2025-01-01,Kvinner,0-74 år,Forgiftninger (T36-T65),"per 1000, standardisert",1.0,3,2,16
Østfold,2025-01-01,Kvinner,0-44 år,Hjerte og karsykdom (I00-I99),"per 1000, standardisert",1.9,3,3,16
Østfold,2025-01-01,Kvinner,0-44 år,KOLS (J44),"per 1000, standardisert",,3,3,16
Østfold,2025-01-01,Kvinner,0-44 år,Sykdom i muskel-skjelettsystemet og bindevev (M00-M99),"per 1000, standardisert",7.8,3,3,16
Østfold,2025-01-01,Kvinner,0-44 år,Personskader (S00-T78),"per 1000, standardisert",7.5,3,3,16
Østfold,2025-01-01,Kvinner,0-44 år,Hodeskader (S00-S09),"per 1000, standardisert",1.3,3,3,16
Østfold,2025-01-01,Kvinner,0-44 år,Hoftebrudd (S72.0-72.2),"per 1000, standardisert",,3,3,16
Østfold,2025-01-01,Kvinner,0-44 år,Forgiftninger (T36-T65),"per 1000, standardisert",1.2,3,3,16
Østfold,2025-01-01,Kvinner,0-24 år,Hjerte og karsykdom (I00-I99),"per 1000, standardisert",1.0,3,4,16
Østfold,2025-01-01,Kvinner,0-24 år,KOLS (J44),"per 1000, standardisert",,3,4,16
Østfold,2025-01-01,Kvinner,0-24 år,Sykdom i muskel-skjelettsystemet og bindevev (M00-M99),"per 1000, standardisert",4.6,3,4,16
Østfold,2025-01-01,Kvinner,0-24 år,Personskader (S00-T78),"per 1000, standardisert",8.7,3,4,16
Østfold,2025-01-01,Kvinner,0-24 år,Hodeskader (S00-S09),"per 1000, standardisert",1.7,3,4,16
Østfold,2025-01-01,Kvinner,0-24 år,Hoftebrudd (S72.0-72.2),"per 1000, standardisert",,3,4,16
Østfold,2025-01-01,Kvinner,0-24 år,Forgiftninger (T36-T65),"per 1000, standardisert",1.1,3,4,16
Østfold,2025-01-01,Kvinner,0-14 år,Hjerte og karsykdom (I00-I99),"per 1000, standardisert",0.9,3,5,16
Østfold,2025-01-01,Kvinner,0-14 år,KOLS (J44),"per 1000, standardisert",,3,5,16
Østfold,2025-01-01,Kvinner,0-14 år,Sykdom i muskel-skjelettsystemet og bindevev (M00-M99),"per 1000, standardisert",2.4,3,5,16
Østfold,2025-01-01,Kvinner,0-14 år,Personskader (S00-T78),"per 1000, standardisert",8.4,3,5,16
Østfold,2025-01-01,Kvinner,0-14 år,Hodeskader (S00-S09),"per 1000, standardisert",2.0,3,5,16
Østfold,2025-01-01,Kvinner,0-14 år,Hoftebrudd (S72.0-72.2),"per 1000, standardisert",,3,5,16
Østfold,2025-01-01,Kvinner,0-14 år,Forgiftninger (T36-T65),"per 1000, standardisert",,3,5,16
Østfold,2025-01-01,Kvinner,15-24 år,Hjerte og karsykdom (I00-I99),"per 1000, standardisert",1.1,3,6,16
Østfold,2025-01-01,Kvinner,15-24 år,KOLS (J44),"per 1000, standardisert",,3,6,16
Østfold,2025-01-01,Kvinner,15-24 år,Sykdom i muskel-skjelettsystemet og bindevev (M00-M99),"per 1000, standardisert",7.5,3,6,16
Østfold,2025-01-01,Kvinner,15-24 år,Personskader (S00-T78),"per 1000, standardisert",9.2,3,6,16
Østfold,2025-01-01,Kvinner,15-24 år,Hodeskader (S00-S09),"per 1000, standardisert",1.4,3,6,16
Østfold,2025-01-01,Kvinner,15-24 år,Hoftebrudd (S72.0-72.2),"per 1000, standardisert",,3,6,16
Østfold,2025-01-01,Kvinner,15-24 år,Forgiftninger (T36-T65),"per 1000, standardisert",,3,6,16
Østfold,2025-01-01,Kvinner,25-44 år,Hjerte og karsykdom (I00-I99),"per 1000, standardisert",2.8,3,7,16
Østfold,2025-01-01,Kvinner,25-44 år,KOLS (J44),"per 1000, standardisert",,3,7,16
Østfold,2025-01-01,Kvinner,25-44 år,Sykdom i muskel-skjelettsystemet og bindevev (M00-M99),"per 1000, standardisert",11.0,3,7,16
Østfold,2025-01-01,Kvinner,25-44 år,Personskader (S00-T78),"per 1000, standardisert",6.2,3,7,16
Østfold,2025-01-01,Kvinner,25-44 år,Hodeskader (S00-S09),"per 1000, standardisert",0.8,3,7,16
Østfold,2025-01-01,Kvinner,25-44 år,Hoftebrudd (S72.0-72.2),"per 1000, standardisert",,3,7,16
Østfold,2025-01-01,Kvinner,25-44 år,Forgiftninger (T36-T65),"per 1000, standardisert",1.2,3,7,16
Østfold,2025-01-01,Kvinner,45-74 år,Hjerte og karsykdom (I00-I99),"per 1000, standardisert",14.9,3,8,16
Østfold,2025-01-01,Kvinner,45-74 år,KOLS (J44),"per 1000, standardisert",,3,8,16
Østfold,2025-01-01,Kvinner,45-74 år,Sykdom i muskel-skjelettsystemet og bindevev (M00-M99),"per 1000, standardisert",37.1,3,8,16
Østfold,2025-01-01,Kvinner,45-74 år,Personskader (S00-T78),"per 1000, standardisert",11.8,3,8,16
Østfold,2025-01-01,Kvinner,45-74 år,Hodeskader (S00-S09),"per 1000, standardisert",1.1,3,8,16
Østfold,2025-01-01,Kvinner,45-74 år,Hoftebrudd (S72.0-72.2),"per 1000, standardisert",,3,8,16
Østfold,2025-01-01,Kvinner,45-74 år,Forgiftninger (T36-T65),"per 1000, standardisert",0.6,3,8,16
Østfold,2025-01-01,Kvinner,45-64 år,Hjerte og karsykdom (I00-I99),"per 1000, standardisert",9.6,3,9,16
Østfold,2025-01-01,Kvinner,45-64 år,KOLS (J44),"per 1000, standardisert",1.0,3,9,16
Østfold,2025-01-01,Kvinner,45-64 år,Sykdom i muskel-skjelettsystemet og bindevev (M00-M99),"per 1000, standardisert",30.0,3,9,16
Østfold,2025-01-01,Kvinner,45-64 år,Personskader (S00-T78),"per 1000, standardisert",9.6,3,9,16
Østfold,2025-01-01,Kvinner,45-64 år,Hodeskader (S00-S09),"per 1000, standardisert",1.0,3,9,16
Østfold,2025-01-01,Kvinner,45-64 år,Hoftebrudd (S72.0-72.2),"per 1000, standardisert",0.4,3,9,16
Østfold,2025-01-01,Kvinner,45-64 år,Forgiftninger (T36-T65),"per 1000, standardisert",0.7,3,9,16
Østfold,2025-01-01,Kvinner,65-74 år,Hjerte og karsykdom (I00-I99),"per 1000, standardisert",28.1,3,10,16
Østfold,2025-01-01,Kvinner,65-74 år,KOLS (J44),"per 1000, standardisert",,3,10,16
Østfold,2025-01-01,Kvinner,65-74 år,Sykdom i muskel-skjelettsystemet og bindevev (M00-M99),"per 1000, standardisert",54.6,3,10,16
Østfold,2025-01-01,Kvinner,65-74 år,Personskader (S00-T78),"per 1000, standardisert",17.1,3,10,16
Østfold,2025-01-01,Kvinner,65-74 år,Hodeskader (S00-S09),"per 1000, standardisert",1.5,3,10,16
Østfold,2025-01-01,Kvinner,65-74 år,Hoftebrudd (S72.0-72.2),"per 1000, standardisert",,3,10,16
Østfold,2025-01-01,Kvinner,65-74 år,Forgiftninger (T36-T65),"per 1000, standardisert",0.5,3,10,16
Østfold,2025-01-01,Kvinner,75 år+,Hjerte og karsykdom (I00-I99),"per 1000, standardisert",64.9,3,11,16
Østfold,2025-01-01,Kvinner,75 år+,KOLS (J44),"per 1000, standardisert",10.1,3,11,16
Østfold,2025-01-01,Kvinner,75 år+,Sykdom i muskel-skjelettsystemet og bindevev (M00-M99),"per 1000, standardisert",52.8,3,11,16
Østfold,2025-01-01,Kvinner,75 år+,Personskader (S00-T78),"per 1000, standardisert",49.2,3,11,16
Østfold,2025-01-01,Kvinner,75 år+,Hodeskader (S00-S09),"per 1000, standardisert",7.2,3,11,16
Østfold,2025-01-01,Kvinner,75 år+,Hoftebrudd (S72.0-72.2),"per 1000, standardisert",17.7,3,11,16
Østfold,2025-01-01,Kvinner,75 år+,Forgiftninger (T36-T65),"per 1000, standardisert",0.8,3,11,16
Østfold,2025-01-01,Kvinner,75-79 år,Hjerte og karsykdom (I00-I99),"per 1000, standardisert",48.3,3,12,16
Østfold,2025-01-01,Kvinner,75-79 år,KOLS (J44),"per 1000, standardisert",11.1,3,12,16
Østfold,2025-01-01,Kvinner,75-79 år,Sykdom i muskel-skjelettsystemet og bindevev (M00-M99),"per 1000, standardisert",66.6,3,12,16
Østfold,2025-01-01,Kvinner,75-79 år,Personskader (S00-T78),"per 1000, standardisert",31.1,3,12,16
Østfold,2025-01-01,Kvinner,75-79 år,Hodeskader (S00-S09),"per 1000, standardisert",4.2,3,12,16
Østfold,2025-01-01,Kvinner,75-79 år,Hoftebrudd (S72.0-72.2),"per 1000, standardisert",9.8,3,12,16
Østfold,2025-01-01,Kvinner,75-79 år,Forgiftninger (T36-T65),"per 1000, standardisert",,3,12,16
Østfold,2025-01-01,Kvinner,80 år+,Hjerte og karsykdom (I00-I99),"per 1000, standardisert",76.7,3,13,16
Østfold,2025-01-01,Kvinner,80 år+,KOLS (J44),"per 1000, standardisert",9.3,3,13,16
Østfold,2025-01-01,Kvinner,80 år+,Sykdom i muskel-skjelettsystemet og bindevev (M00-M99),"per 1000, standardisert",42.6,3,13,16
Østfold,2025-01-01,Kvinner,80 år+,Personskader (S00-T78),"per 1000, standardisert",62.2,3,13,16
Østfold,2025-01-01,Kvinner,80 år+,Hodeskader (S00-S09),"per 1000, standardisert",9.3,3,13,16
Østfold,2025-01-01,Kvinner,80 år+,Hoftebrudd (S72.0-72.2),"per 1000, standardisert",23.4,3,13,16
Østfold,2025-01-01,Kvinner,80 år+,Forgiftninger (T36-T65),"per 1000, standardisert",,3,13,16
Akershus,2025-01-01,Kjønn samlet,Alle aldre,Hjerte og karsykdom (I00-I99),"per 1000, standardisert",15.1,1,1,4
Akershus,2025-01-01,Kjønn samlet,Alle aldre,KOLS (J44),"per 1000, standardisert",1.1,1,1,4
Akershus,2025-01-01,Kjønn samlet,Alle aldre,Sykdom i muskel-skjelettsystemet og bindevev (M00-M99),"per 1000, standardisert",15.4,1,1,4
Akershus,2025-01-01,Kjønn samlet,Alle aldre,Personskader (S00-T78),"per 1000, standardisert",12.5,1,1,4
Akershus,2025-01-01,Kjønn samlet,Alle aldre,Hodeskader (S00-S09),"per 1000, standardisert",2.7,1,1,4
Akershus,2025-01-01,Kjønn samlet,Alle aldre,Hoftebrudd (S72.0-72.2),"per 1000, standardisert",1.5,1,1,4
Akershus,2025-01-01,Kjønn samlet,Alle aldre,Forgiftninger (T36-T65),"per 1000, standardisert",0.6,1,1,4
Akershus,2025-01-01,Kjønn samlet,0-74 år,Hjerte og karsykdom (I00-I99),"per 1000, standardisert",9.0,1,2,4
Akershus,2025-01-01,Kjønn samlet,0-74 år,KOLS (J44),"per 1000, standardisert",0.5,1,2,4
Akershus,2025-01-01,Kjønn samlet,0-74 år,Sykdom i muskel-skjelettsystemet og bindevev (M00-M99),"per 1000, standardisert",12.4,1,2,4
Akershus,2025-01-01,Kjønn samlet,0-74 år,Personskader (S00-T78),"per 1000, standardisert",9.3,1,2,4
Akershus,2025-01-01,Kjønn samlet,0-74 år,Hodeskader (S00-S09),"per 1000, standardisert",1.6,1,2,4
Akershus,2025-01-01,Kjønn samlet,0-74 år,Hoftebrudd (S72.0-72.2),"per 1000, standardisert",0.4,1,2,4
Akershus,2025-01-01,Kjønn samlet,0-74 år,Forgiftninger (T36-T65),"per 1000, standardisert",0.6,1,2,4
Akershus,2025-01-01,Kjønn samlet,0-44 år,Hjerte og karsykdom (I00-I99),"per 1000, standardisert",1.7,1,3,4
Akershus,2025-01-01,Kjønn samlet,0-44 år,KOLS (J44),"per 1000, standardisert",,1,3,4
Akershus,2025-01-01,Kjønn samlet,0-44 år,Sykdom i muskel-skjelettsystemet og bindevev (M00-M99),"per 1000, standardisert",5.6,1,3,4
Akershus,2025-01-01,Kjønn samlet,0-44 år,Personskader (S00-T78),"per 1000, standardisert",8.1,1,3,4
Akershus,2025-01-01,Kjønn samlet,0-44 år,Hodeskader (S00-S09),"per 1000, standardisert",1.4,1,3,4
Akershus,2025-01-01,Kjønn samlet,0-44 år,Hoftebrudd (S72.0-72.2),"per 1000, standardisert",0.0,1,3,4
Akershus,2025-01-01,Kjønn samlet,0-44 år,Forgiftninger (T36-T65),"per 1000, standardisert",0.6,1,3,4
Akershus,2025-01-01,Kjønn samlet,0-24 år,Hjerte og karsykdom (I00-I99),"per 1000, standardisert",0.8,1,4,4
Akershus,2025-01-01,Kjønn samlet,0-24 år,KOLS (J44),"per 1000, standardisert",,1,4,4
Akershus,2025-01-01,Kjønn samlet,0-24 år,Sykdom i muskel-skjelettsystemet og bindevev (M00-M99),"per 1000, standardisert",3.6,1,4,4
Akershus,2025-01-01,Kjønn samlet,0-24 år,Personskader (S00-T78),"per 1000, standardisert",9.5,1,4,4
Akershus,2025-01-01,Kjønn samlet,0-24 år,Hodeskader (S00-S09),"per 1000, standardisert",2.1,1,4,4
Akershus,2025-01-01,Kjønn samlet,0-24 år,Hoftebrudd (S72.0-72.2),"per 1000, standardisert",,1,4,4
Akershus,2025-01-01,Kjønn samlet,0-24 år,Forgiftninger (T36-T65),"per 1000, standardisert",0.6,1,4,4
Akershus,2025-01-01,Kjønn samlet,0-14 år,Hjerte og karsykdom (I00-I99),"per 1000, standardisert",0.5,1,5,4
Akershus,2025-01-01,Kjønn samlet,0-14 år,KOLS (J44),"per 1000, standardisert",,1,5,4
Akershus,2025-01-01,Kjønn samlet,0-14 år,Sykdom i muskel-skjelettsystemet og bindevev (M00-M99),"per 1000, standardisert",2.0,1,5,4
Akershus,2025-01-01,Kjønn samlet,0-14 år,Personskader (S00-T78),"per 1000, standardisert",8.9,1,5,4
Akershus,2025-01-01,Kjønn samlet,0-14 år,Hodeskader (S00-S09),"per 1000, standardisert",2.6,1,5,4
Akershus,2025-01-01,Kjønn samlet,0-14 år,Hoftebrudd (S72.0-72.2),"per 1000, standardisert",,1,5,4
Akershus,2025-01-01,Kjønn samlet,0-14 år,Forgiftninger (T36-T65),"per 1000, standardisert",0.2,1,5,4
Akershus,2025-01-01,Kjønn samlet,15-24 år,Hjerte og karsykdom (I00-I99),"per 1000, standardisert",1.1,1,6,4
Akershus,2025-01-01,Kjønn samlet,15-24 år,KOLS (J44),"per 1000, standardisert",,1,6,4
Akershus,2025-01-01,Kjønn samlet,15-24 år,Sykdom i muskel-skjelettsystemet og bindevev (M00-M99),"per 1000, standardisert",5.8,1,6,4
Akershus,2025-01-01,Kjønn samlet,15-24 år,Personskader (S00-T78),"per 1000, standardisert",10.1,1,6,4
Akershus,2025-01-01,Kjønn samlet,15-24 år,Hodeskader (S00-S09),"per 1000, standardisert",1.4,1,6,4
Akershus,2025-01-01,Kjønn samlet,15-24 år,Hoftebrudd (S72.0-72.2),"per 1000, standardisert",,1,6,4
Akershus,2025-01-01,Kjønn samlet,15-24 år,Forgiftninger (T36-T65),"per 1000, standardisert",1.2,1,6,4
Akershus,2025-01-01,Kjønn samlet,25-44 år,Hjerte og karsykdom (I00-I99),"per 1000, standardisert",2.7,1,7,4
Akershus,2025-01-01,Kjønn samlet,25-44 år,KOLS (J44),"per 1000, standardisert",,1,7,4
Akershus,2025-01-01,Kjønn samlet,25-44 år,Sykdom i muskel-skjelettsystemet og bindevev (M00-M99),"per 1000, standardisert",7.6,1,7,4
Akershus,2025-01-01,Kjønn samlet,25-44 år,Personskader (S00-T78),"per 1000, standardisert",6.8,1,7,4
Akershus,2025-01-01,Kjønn samlet,25-44 år,Hodeskader (S00-S09),"per 1000, standardisert",0.8,1,7,4
Akershus,2025-01-01,Kjønn samlet,25-44 år,Hoftebrudd (S72.0-72.2),"per 1000, standardisert",,1,7,4
Akershus,2025-01-01,Kjønn samlet,25-44 år,Forgiftninger (T36-T65),"per 1000, standardisert",0.6,1,7,4
Akershus,2025-01-01,Kjønn samlet,45-74 år,Hjerte og karsykdom (I00-I99),"per 1000, standardisert",20.2,1,8,4
Akershus,2025-01-01,Kjønn samlet,45-74 år,KOLS (J44),"per 1000, standardisert",1.1,1,8,4
Akershus,2025-01-01,Kjønn samlet,45-74 år,Sykdom i muskel-skjelettsystemet og bindevev (M00-M99),"per 1000, standardisert",22.7,1,8,4
Akershus,2025-01-01,Kjønn samlet,45-74 år,Personskader (S00-T78),"per 1000, standardisert",11.0,1,8,4
Akershus,2025-01-01,Kjønn samlet,45-74 år,Hodeskader (S00-S09),"per 1000, standardisert",1.8,1,8,4
Akershus,2025-01-01,Kjønn samlet,45-74 år,Hoftebrudd (S72.0-72.2),"per 1000, standardisert",0.9,1,8,4
Akershus,2025-01-01,Kjønn samlet,45-74 år,Forgiftninger (T36-T65),"per 1000, standardisert",0.5,1,8,4
Akershus,2025-01-01,Kjønn samlet,45-64 år,Hjerte og karsykdom (I00-I99),"per 1000, standardisert",13.8,1,9,4
Akershus,2025-01-01,Kjønn samlet,45-64 år,KOLS (J44),"per 1000, standardisert",0.4,1,9,4
Akershus,2025-01-01,Kjønn samlet,45-64 år,Sykdom i muskel-skjelettsystemet og bindevev (M00-M99),"per 1000, standardisert",18.0,1,9,4
Akershus,2025-01-01,Kjønn samlet,45-64 år,Personskader (S00-T78),"per 1000, standardisert",9.1,1,9,4
Akershus,2025-01-01,Kjønn samlet,45-64 år,Hodeskader (S00-S09),"per 1000, standardisert",1.2,1,9,4
Akershus,2025-01-01,Kjønn samlet,45-64 år,Hoftebrudd (S72.0-72.2),"per 1000, standardisert",0.4,1,9,4
Akershus,2025-01-01,Kjønn samlet,45-64 år,Forgiftninger (T36-T65),"per 1000, standardisert",0.5,1,9,4
Akershus,2025-01-01,Kjønn samlet,65-74 år,Hjerte og karsykdom (I00-I99),"per 1000, standardisert",36.5,1,10,4
Akershus,2025-01-01,Kjønn samlet,65-74 år,KOLS (J44),"per 1000, standardisert",2.8,1,10,4
Akershus,2025-01-01,Kjønn samlet,65-74 år,Sykdom i muskel-skjelettsystemet og bindevev (M00-M99),"per 1000, standardisert",35.2,1,10,4
Akershus,2025-01-01,Kjønn samlet,65-74 år,Personskader (S00-T78),"per 1000, standardisert",15.8,1,10,4
Akershus,2025-01-01,Kjønn samlet,65-74 år,Hodeskader (S00-S09),"per 1000, standardisert",3.2,1,10,4
Akershus,2025-01-01,Kjønn samlet,65-74 år,Hoftebrudd (S72.0-72.2),"per 1000, standardisert",2.1,1,10,4
Akershus,2025-01-01,Kjønn samlet,65-74 år,Forgiftninger (T36-T65),"per 1000, standardisert",0.6,1,10,4
Akershus,2025-01-01,Kjønn samlet,75 år+,Hjerte og karsykdom (I00-I99),"per 1000, standardisert",72.4,1,11,4
Akershus,2025-01-01,Kjønn samlet,75 år+,KOLS (J44),"per 1000, standardisert",7.2,1,11,4
Akershus,2025-01-01,Kjønn samlet,75 år+,Sykdom i muskel-skjelettsystemet og bindevev (M00-M99),"per 1000, standardisert",44.9,1,11,4
Akershus,2025-01-01,Kjønn samlet,75 år+,Personskader (S00-T78),"per 1000, standardisert",43.9,1,11,4
Akershus,2025-01-01,Kjønn samlet,75 år+,Hodeskader (S00-S09),"per 1000, standardisert",13.6,1,11,4
Akershus,2025-01-01,Kjønn samlet,75 år+,Hoftebrudd (S72.0-72.2),"per 1000, standardisert",12.4,1,11,4
Akershus,2025-01-01,Kjønn samlet,75 år+,Forgiftninger (T36-T65),"per 1000, standardisert",0.8,1,11,4
Akershus,2025-01-01,Kjønn samlet,75-79 år,Hjerte og karsykdom (I00-I99),"per 1000, standardisert",57.6,1,12,4
Akershus,2025-01-01,Kjønn samlet,75-79 år,KOLS (J44),"per 1000, standardisert",6.6,1,12,4
Akershus,2025-01-01,Kjønn samlet,75-79 år,Sykdom i muskel-skjelettsystemet og bindevev (M00-M99),"per 1000, standardisert",45.7,1,12,4
Akershus,2025-01-01,Kjønn samlet,75-79 år,Personskader (S00-T78),"per 1000, standardisert",27.2,1,12,4
Akershus,2025-01-01,Kjønn samlet,75-79 år,Hodeskader (S00-S09),"per 1000, standardisert",6.7,1,12,4
Akershus,2025-01-01,Kjønn samlet,75-79 år,Hoftebrudd (S72.0-72.2),"per 1000, standardisert",6.5,1,12,4
Akershus,2025-01-01,Kjønn samlet,75-79 år,Forgiftninger (T36-T65),"per 1000, standardisert",0.8,1,12,4
Akershus,2025-01-01,Kjønn samlet,80 år+,Hjerte og karsykdom (I00-I99),"per 1000, standardisert",84.2,1,13,4
Akershus,2025-01-01,Kjønn samlet,80 år+,KOLS (J44),"per 1000, standardisert",7.8,1,13,4
Akershus,2025-01-01,Kjønn samlet,80 år+,Sykdom i muskel-skjelettsystemet og bindevev (M00-M99),"per 1000, standardisert",44.2,1,13,4
Akershus,2025-01-01,Kjønn samlet,80 år+,Personskader (S00-T78),"per 1000, standardisert",57.1,1,13,4
Akershus,2025-01-01,Kjønn samlet,80 år+,Hodeskader (S00-S09),"per 1000, standardisert",19.1,1,13,4
Akershus,2025-01-01,Kjønn samlet,80 år+,Hoftebrudd (S72.0-72.2),"per 1000, standardisert",17.0,1,13,4
Akershus,2025-01-01,Kjønn samlet,80 år+,Forgiftninger (T36-T65),"per 1000, standardisert",0.9,1,13,4
Akershus,2025-01-01,Menn,Alle aldre,Hjerte og karsykdom (I00-I99),"per 1000, standardisert",18.0,2,1,4
Akershus,2025-01-01,Menn,Alle aldre,KOLS (J44),"per 1000, standardisert",1.0,2,1,4
Akershus,2025-01-01,Menn,Alle aldre,Sykdom i muskel-skjelettsystemet og bindevev (M00-M99),"per 1000, standardisert",12.6,2,1,4
Akershus,2025-01-01,Menn,Alle aldre,Personskader (S00-T78),"per 1000, standardisert",12.7,2,1,4
Akershus,2025-01-01,Menn,Alle aldre,Hodeskader (S00-S09),"per 1000, standardisert",3.0,2,1,4
Akershus,2025-01-01,Menn,Alle aldre,Hoftebrudd (S72.0-72.2),"per 1000, standardisert",1.2,2,1,4
Akershus,2025-01-01,Menn,Alle aldre,Forgiftninger (T36-T65),"per 1000, standardisert",0.5,2,1,4
Akershus,2025-01-01,Menn,0-74 år,Hjerte og karsykdom (I00-I99),"per 1000, standardisert",11.7,2,2,4
Akershus,2025-01-01,Menn,0-74 år,KOLS (J44),"per 1000, standardisert",0.4,2,2,4
Akershus,2025-01-01,Menn,0-74 år,Sykdom i muskel-skjelettsystemet og bindevev (M00-M99),"per 1000, standardisert",10.5,2,2,4
Akershus,2025-01-01,Menn,0-74 år,Personskader (S00-T78),"per 1000, standardisert",10.3,2,2,4
Akershus,2025-01-01,Menn,0-74 år,Hodeskader (S00-S09),"per 1000, standardisert",1.9,2,2,4
Akershus,2025-01-01,Menn,0-74 år,Hoftebrudd (S72.0-72.2),"per 1000, standardisert",0.3,2,2,4
Akershus,2025-01-01,Menn,0-74 år,Forgiftninger (T36-T65),"per 1000, standardisert",0.4,2,2,4
Akershus,2025-01-01,Menn,0-44 år,Hjerte og karsykdom (I00-I99),"per 1000, standardisert",1.8,2,3,4
Akershus,2025-01-01,Menn,0-44 år,KOLS (J44),"per 1000, standardisert",,2,3,4
Akershus,2025-01-01,Menn,0-44 år,Sykdom i muskel-skjelettsystemet og bindevev (M00-M99),"per 1000, standardisert",5.2,2,3,4
Akershus,2025-01-01,Menn,0-44 år,Personskader (S00-T78),"per 1000, standardisert",9.8,2,3,4
Akershus,2025-01-01,Menn,0-44 år,Hodeskader (S00-S09),"per 1000, standardisert",1.8,2,3,4
Akershus,2025-01-01,Menn,0-44 år,Hoftebrudd (S72.0-72.2),"per 1000, standardisert",0.1,2,3,4
Akershus,2025-01-01,Menn,0-44 år,Forgiftninger (T36-T65),"per 1000, standardisert",0.4,2,3,4
Akershus,2025-01-01,Menn,0-24 år,Hjerte og karsykdom (I00-I99),"per 1000, standardisert",0.8,2,4,4
Akershus,2025-01-01,Menn,0-24 år,KOLS (J44),"per 1000, standardisert",,2,4,4
Akershus,2025-01-01,Menn,0-24 år,Sykdom i muskel-skjelettsystemet og bindevev (M00-M99),"per 1000, standardisert",3.4,2,4,4
Akershus,2025-01-01,Menn,0-24 år,Personskader (S00-T78),"per 1000, standardisert",11.0,2,4,4
Akershus,2025-01-01,Menn,0-24 år,Hodeskader (S00-S09),"per 1000, standardisert",2.5,2,4,4
Akershus,2025-01-01,Menn,0-24 år,Hoftebrudd (S72.0-72.2),"per 1000, standardisert",,2,4,4
Akershus,2025-01-01,Menn,0-24 år,Forgiftninger (T36-T65),"per 1000, standardisert",0.3,2,4,4
Akershus,2025-01-01,Menn,0-14 år,Hjerte og karsykdom (I00-I99),"per 1000, standardisert",0.5,2,5,4
Akershus,2025-01-01,Menn,0-14 år,KOLS (J44),"per 1000, standardisert",,2,5,4
Akershus,2025-01-01,Menn,0-14 år,Sykdom i muskel-skjelettsystemet og bindevev (M00-M99),"per 1000, standardisert",1.8,2,5,4
Akershus,2025-01-01,Menn,0-14 år,Personskader (S00-T78),"per 1000, standardisert",10.3,2,5,4
Akershus,2025-01-01,Menn,0-14 år,Hodeskader (S00-S09),"per 1000, standardisert",3.0,2,5,4
Akershus,2025-01-01,Menn,0-14 år,Hoftebrudd (S72.0-72.2),"per 1000, standardisert",,2,5,4
Akershus,2025-01-01,Menn,0-14 år,Forgiftninger (T36-T65),"per 1000, standardisert",0.2,2,5,4
Akershus,2025-01-01,Menn,15-24 år,Hjerte og karsykdom (I00-I99),"per 1000, standardisert",1.2,2,6,4
Akershus,2025-01-01,Menn,15-24 år,KOLS (J44),"per 1000, standardisert",,2,6,4
Akershus,2025-01-01,Menn,15-24 år,Sykdom i muskel-skjelettsystemet og bindevev (M00-M99),"per 1000, standardisert",5.4,2,6,4
Akershus,2025-01-01,Menn,15-24 år,Personskader (S00-T78),"per 1000, standardisert",11.9,2,6,4
Akershus,2025-01-01,Menn,15-24 år,Hodeskader (S00-S09),"per 1000, standardisert",1.8,2,6,4
Akershus,2025-01-01,Menn,15-24 år,Hoftebrudd (S72.0-72.2),"per 1000, standardisert",,2,6,4
Akershus,2025-01-01,Menn,15-24 år,Forgiftninger (T36-T65),"per 1000, standardisert",0.5,2,6,4
Akershus,2025-01-01,Menn,25-44 år,Hjerte og karsykdom (I00-I99),"per 1000, standardisert",2.9,2,7,4
Akershus,2025-01-01,Menn,25-44 år,KOLS (J44),"per 1000, standardisert",,2,7,4
Akershus,2025-01-01,Menn,25-44 år,Sykdom i muskel-skjelettsystemet og bindevev (M00-M99),"per 1000, standardisert",7.1,2,7,4
Akershus,2025-01-01,Menn,25-44 år,Personskader (S00-T78),"per 1000, standardisert",8.5,2,7,4
Akershus,2025-01-01,Menn,25-44 år,Hodeskader (S00-S09),"per 1000, standardisert",1.0,2,7,4
Akershus,2025-01-01,Menn,25-44 år,Hoftebrudd (S72.0-72.2),"per 1000, standardisert",,2,7,4
Akershus,2025-01-01,Menn,25-44 år,Forgiftninger (T36-T65),"per 1000, standardisert",0.5,2,7,4
Akershus,2025-01-01,Menn,45-74 år,Hjerte og karsykdom (I00-I99),"per 1000, standardisert",27.1,2,8,4
Akershus,2025-01-01,Menn,45-74 år,KOLS (J44),"per 1000, standardisert",,2,8,4
Akershus,2025-01-01,Menn,45-74 år,Sykdom i muskel-skjelettsystemet og bindevev (M00-M99),"per 1000, standardisert",18.7,2,8,4
Akershus,2025-01-01,Menn,45-74 år,Personskader (S00-T78),"per 1000, standardisert",11.2,2,8,4
Akershus,2025-01-01,Menn,45-74 år,Hodeskader (S00-S09),"per 1000, standardisert",2.2,2,8,4
Akershus,2025-01-01,Menn,45-74 år,Hoftebrudd (S72.0-72.2),"per 1000, standardisert",0.8,2,8,4
Akershus,2025-01-01,Menn,45-74 år,Forgiftninger (T36-T65),"per 1000, standardisert",0.4,2,8,4
Akershus,2025-01-01,Menn,45-64 år,Hjerte og karsykdom (I00-I99),"per 1000, standardisert",18.6,2,9,4
Akershus,2025-01-01,Menn,45-64 år,KOLS (J44),"per 1000, standardisert",0.4,2,9,4
Akershus,2025-01-01,Menn,45-64 år,Sykdom i muskel-skjelettsystemet og bindevev (M00-M99),"per 1000, standardisert",15.5,2,9,4
Akershus,2025-01-01,Menn,45-64 år,Personskader (S00-T78),"per 1000, standardisert",10.0,2,9,4
Akershus,2025-01-01,Menn,45-64 år,Hodeskader (S00-S09),"per 1000, standardisert",1.6,2,9,4
Akershus,2025-01-01,Menn,45-64 år,Hoftebrudd (S72.0-72.2),"per 1000, standardisert",0.4,2,9,4
Akershus,2025-01-01,Menn,45-64 år,Forgiftninger (T36-T65),"per 1000, standardisert",0.4,2,9,4
Akershus,2025-01-01,Menn,65-74 år,Hjerte og karsykdom (I00-I99),"per 1000, standardisert",49.4,2,10,4
Akershus,2025-01-01,Menn,65-74 år,KOLS (J44),"per 1000, standardisert",,2,10,4
Akershus,2025-01-01,Menn,65-74 år,Sykdom i muskel-skjelettsystemet og bindevev (M00-M99),"per 1000, standardisert",27.1,2,10,4
Akershus,2025-01-01,Menn,65-74 år,Personskader (S00-T78),"per 1000, standardisert",14.5,2,10,4
Akershus,2025-01-01,Menn,65-74 år,Hodeskader (S00-S09),"per 1000, standardisert",3.8,2,10,4
Akershus,2025-01-01,Menn,65-74 år,Hoftebrudd (S72.0-72.2),"per 1000, standardisert",1.8,2,10,4
Akershus,2025-01-01,Menn,65-74 år,Forgiftninger (T36-T65),"per 1000, standardisert",0.4,2,10,4
Akershus,2025-01-01,Menn,75 år+,Hjerte og karsykdom (I00-I99),"per 1000, standardisert",84.7,2,11,4
Akershus,2025-01-01,Menn,75 år+,KOLS (J44),"per 1000, standardisert",7.8,2,11,4
Akershus,2025-01-01,Menn,75 år+,Sykdom i muskel-skjelettsystemet og bindevev (M00-M99),"per 1000, standardisert",35.9,2,11,4
Akershus,2025-01-01,Menn,75 år+,Personskader (S00-T78),"per 1000, standardisert",38.7,2,11,4
Akershus,2025-01-01,Menn,75 år+,Hodeskader (S00-S09),"per 1000, standardisert",14.3,2,11,4
Akershus,2025-01-01,Menn,75 år+,Hoftebrudd (S72.0-72.2),"per 1000, standardisert",10.4,2,11,4
Akershus,2025-01-01,Menn,75 år+,Forgiftninger (T36-T65),"per 1000, standardisert",0.9,2,11,4
Akershus,2025-01-01,Menn,75-79 år,Hjerte og karsykdom (I00-I99),"per 1000, standardisert",71.8,2,12,4
Akershus,2025-01-01,Menn,75-79 år,KOLS (J44),"per 1000, standardisert",6.9,2,12,4
Akershus,2025-01-01,Menn,75-79 år,Sykdom i muskel-skjelettsystemet og bindevev (M00-M99),"per 1000, standardisert",34.8,2,12,4
Akershus,2025-01-01,Menn,75-79 år,Personskader (S00-T78),"per 1000, standardisert",25.4,2,12,4
Akershus,2025-01-01,Menn,75-79 år,Hodeskader (S00-S09),"per 1000, standardisert",8.4,2,12,4
Akershus,2025-01-01,Menn,75-79 år,Hoftebrudd (S72.0-72.2),"per 1000, standardisert",4.9,2,12,4
Akershus,2025-01-01,Menn,75-79 år,Forgiftninger (T36-T65),"per 1000, standardisert",1.0,2,12,4
Akershus,2025-01-01,Menn,80 år+,Hjerte og karsykdom (I00-I99),"per 1000, standardisert",96.5,2,13,4
Akershus,2025-01-01,Menn,80 år+,KOLS (J44),"per 1000, standardisert",8.5,2,13,4
Akershus,2025-01-01,Menn,80 år+,Sykdom i muskel-skjelettsystemet og bindevev (M00-M99),"per 1000, standardisert",36.9,2,13,4
Akershus,2025-01-01,Menn,80 år+,Personskader (S00-T78),"per 1000, standardisert",50.8,2,13,4
Akershus,2025-01-01,Menn,80 år+,Hodeskader (S00-S09),"per 1000, standardisert",19.6,2,13,4
Akershus,2025-01-01,Menn,80 år+,Hoftebrudd (S72.0-72.2),"per 1000, standardisert",15.3,2,13,4
Akershus,2025-01-01,Menn,80 år+,Forgiftninger (T36-T65),"per 1000, standardisert",0.8,2,13,4
Akershus,2025-01-01,Kvinner,Alle aldre,Hjerte og karsykdom (I00-I99),"per 1000, standardisert",12.2,3,1,4
Akershus,2025-01-01,Kvinner,Alle aldre,KOLS (J44),"per 1000, standardisert",1.2,3,1,4
Akershus,2025-01-01,Kvinner,Alle aldre,Sykdom i muskel-skjelettsystemet og bindevev (M00-M99),"per 1000, standardisert",18.3,3,1,4
Akershus,2025-01-01,Kvinner,Alle aldre,Personskader (S00-T78),"per 1000, standardisert",12.4,3,1,4
Akershus,2025-01-01,Kvinner,Alle aldre,Hodeskader (S00-S09),"per 1000, standardisert",2.4,3,1,4
Akershus,2025-01-01,Kvinner,Alle aldre,Hoftebrudd (S72.0-72.2),"per 1000, standardisert",1.9,3,1,4
Akershus,2025-01-01,Kvinner,Alle aldre,Forgiftninger (T36-T65),"per 1000, standardisert",0.7,3,1,4
Akershus,2025-01-01,Kvinner,0-74 år,Hjerte og karsykdom (I00-I99),"per 1000, standardisert",6.2,3,2,4
Akershus,2025-01-01,Kvinner,0-74 år,KOLS (J44),"per 1000, standardisert",0.5,3,2,4
Akershus,2025-01-01,Kvinner,0-74 år,Sykdom i muskel-skjelettsystemet og bindevev (M00-M99),"per 1000, standardisert",14.3,3,2,4
Akershus,2025-01-01,Kvinner,0-74 år,Personskader (S00-T78),"per 1000, standardisert",8.2,3,2,4
Akershus,2025-01-01,Kvinner,0-74 år,Hodeskader (S00-S09),"per 1000, standardisert",1.2,3,2,4
Akershus,2025-01-01,Kvinner,0-74 år,Hoftebrudd (S72.0-72.2),"per 1000, standardisert",0.4,3,2,4
Akershus,2025-01-01,Kvinner,0-74 år,Forgiftninger (T36-T65),"per 1000, standardisert",0.7,3,2,4
Akershus,2025-01-01,Kvinner,0-44 år,Hjerte og karsykdom (I00-I99),"per 1000, standardisert",1.6,3,3,4
Akershus,2025-01-01,Kvinner,0-44 år,KOLS (J44),"per 1000, standardisert",,3,3,4
Akershus,2025-01-01,Kvinner,0-44 år,Sykdom i muskel-skjelettsystemet og bindevev (M00-M99),"per 1000, standardisert",6.0,3,3,4
Akershus,2025-01-01,Kvinner,0-44 år,Personskader (S00-T78),"per 1000, standardisert",6.4,3,3,4
Akershus,2025-01-01,Kvinner,0-44 år,Hodeskader (S00-S09),"per 1000, standardisert",1.1,3,3,4
Akershus,2025-01-01,Kvinner,0-44 år,Hoftebrudd (S72.0-72.2),"per 1000, standardisert",,3,3,4
Akershus,2025-01-01,Kvinner,0-44 år,Forgiftninger (T36-T65),"per 1000, standardisert",0.8,3,3,4
Akershus,2025-01-01,Kvinner,0-24 år,Hjerte og karsykdom (I00-I99),"per 1000, standardisert",0.8,3,4,4
Akershus,2025-01-01,Kvinner,0-24 år,KOLS (J44),"per 1000, standardisert",,3,4,4
Akershus,2025-01-01,Kvinner,0-24 år,Sykdom i muskel-skjelettsystemet og bindevev (M00-M99),"per 1000, standardisert",3.9,3,4,4
Akershus,2025-01-01,Kvinner,0-24 år,Personskader (S00-T78),"per 1000, standardisert",7.8,3,4,4
Akershus,2025-01-01,Kvinner,0-24 år,Hodeskader (S00-S09),"per 1000, standardisert",1.6,3,4,4
Akershus,2025-01-01,Kvinner,0-24 år,Hoftebrudd (S72.0-72.2),"per 1000, standardisert",,3,4,4
Akershus,2025-01-01,Kvinner,0-24 år,Forgiftninger (T36-T65),"per 1000, standardisert",1.0,3,4,4
Akershus,2025-01-01,Kvinner,0-14 år,Hjerte og karsykdom (I00-I99),"per 1000, standardisert",0.6,3,5,4
Akershus,2025-01-01,Kvinner,0-14 år,KOLS (J44),"per 1000, standardisert",,3,5,4
Akershus,2025-01-01,Kvinner,0-14 år,Sykdom i muskel-skjelettsystemet og bindevev (M00-M99),"per 1000, standardisert",2.1,3,5,4
Akershus,2025-01-01,Kvinner,0-14 år,Personskader (S00-T78),"per 1000, standardisert",7.5,3,5,4
Akershus,2025-01-01,Kvinner,0-14 år,Hodeskader (S00-S09),"per 1000, standardisert",2.2,3,5,4
Akershus,2025-01-01,Kvinner,0-14 år,Hoftebrudd (S72.0-72.2),"per 1000, standardisert",,3,5,4
Akershus,2025-01-01,Kvinner,0-14 år,Forgiftninger (T36-T65),"per 1000, standardisert",0.2,3,5,4
Akershus,2025-01-01,Kvinner,15-24 år,Hjerte og karsykdom (I00-I99),"per 1000, standardisert",1.0,3,6,4
Akershus,2025-01-01,Kvinner,15-24 år,KOLS (J44),"per 1000, standardisert",,3,6,4
Akershus,2025-01-01,Kvinner,15-24 år,Sykdom i muskel-skjelettsystemet og bindevev (M00-M99),"per 1000, standardisert",6.2,3,6,4
Akershus,2025-01-01,Kvinner,15-24 år,Personskader (S00-T78),"per 1000, standardisert",8.3,3,6,4
Akershus,2025-01-01,Kvinner,15-24 år,Hodeskader (S00-S09),"per 1000, standardisert",1.0,3,6,4
Akershus,2025-01-01,Kvinner,15-24 år,Hoftebrudd (S72.0-72.2),"per 1000, standardisert",,3,6,4
Akershus,2025-01-01,Kvinner,15-24 år,Forgiftninger (T36-T65),"per 1000, standardisert",2.0,3,6,4
Akershus,2025-01-01,Kvinner,25-44 år,Hjerte og karsykdom (I00-I99),"per 1000, standardisert",2.5,3,7,4
Akershus,2025-01-01,Kvinner,25-44 år,KOLS (J44),"per 1000, standardisert",,3,7,4
Akershus,2025-01-01,Kvinner,25-44 år,Sykdom i muskel-skjelettsystemet og bindevev (M00-M99),"per 1000, standardisert",8.0,3,7,4
Akershus,2025-01-01,Kvinner,25-44 år,Personskader (S00-T78),"per 1000, standardisert",5.0,3,7,4
Akershus,2025-01-01,Kvinner,25-44 år,Hodeskader (S00-S09),"per 1000, standardisert",0.5,3,7,4
Akershus,2025-01-01,Kvinner,25-44 år,Hoftebrudd (S72.0-72.2),"per 1000, standardisert",,3,7,4
Akershus,2025-01-01,Kvinner,25-44 år,Forgiftninger (T36-T65),"per 1000, standardisert",0.7,3,7,4
Akershus,2025-01-01,Kvinner,45-74 år,Hjerte og karsykdom (I00-I99),"per 1000, standardisert",13.2,3,8,4
Akershus,2025-01-01,Kvinner,45-74 år,KOLS (J44),"per 1000, standardisert",,3,8,4
Akershus,2025-01-01,Kvinner,45-74 år,Sykdom i muskel-skjelettsystemet og bindevev (M00-M99),"per 1000, standardisert",26.9,3,8,4
Akershus,2025-01-01,Kvinner,45-74 år,Personskader (S00-T78),"per 1000, standardisert",10.8,3,8,4
Akershus,2025-01-01,Kvinner,45-74 år,Hodeskader (S00-S09),"per 1000, standardisert",1.3,3,8,4
Akershus,2025-01-01,Kvinner,45-74 år,Hoftebrudd (S72.0-72.2),"per 1000, standardisert",1.0,3,8,4
Akershus,2025-01-01,Kvinner,45-74 år,Forgiftninger (T36-T65),"per 1000, standardisert",0.5,3,8,4
Akershus,2025-01-01,Kvinner,45-64 år,Hjerte og karsykdom (I00-I99),"per 1000, standardisert",8.8,3,9,4
Akershus,2025-01-01,Kvinner,45-64 år,KOLS (J44),"per 1000, standardisert",0.5,3,9,4
Akershus,2025-01-01,Kvinner,45-64 år,Sykdom i muskel-skjelettsystemet og bindevev (M00-M99),"per 1000, standardisert",20.6,3,9,4
Akershus,2025-01-01,Kvinner,45-64 år,Personskader (S00-T78),"per 1000, standardisert",8.3,3,9,4
Akershus,2025-01-01,Kvinner,45-64 år,Hodeskader (S00-S09),"per 1000, standardisert",0.8,3,9,4
Akershus,2025-01-01,Kvinner,45-64 år,Hoftebrudd (S72.0-72.2),"per 1000, standardisert",0.4,3,9,4
Akershus,2025-01-01,Kvinner,45-64 år,Forgiftninger (T36-T65),"per 1000, standardisert",0.5,3,9,4
Akershus,2025-01-01,Kvinner,65-74 år,Hjerte og karsykdom (I00-I99),"per 1000, standardisert",23.9,3,10,4
Akershus,2025-01-01,Kvinner,65-74 år,KOLS (J44),"per 1000, standardisert",,3,10,4
Akershus,2025-01-01,Kvinner,65-74 år,Sykdom i muskel-skjelettsystemet og bindevev (M00-M99),"per 1000, standardisert",43.1,3,10,4
Akershus,2025-01-01,Kvinner,65-74 år,Personskader (S00-T78),"per 1000, standardisert",17.0,3,10,4
Akershus,2025-01-01,Kvinner,65-74 år,Hodeskader (S00-S09),"per 1000, standardisert",2.6,3,10,4
Akershus,2025-01-01,Kvinner,65-74 år,Hoftebrudd (S72.0-72.2),"per 1000, standardisert",2.3,3,10,4
Akershus,2025-01-01,Kvinner,65-74 år,Forgiftninger (T36-T65),"per 1000, standardisert",0.7,3,10,4
Akershus,2025-01-01,Kvinner,75 år+,Hjerte og karsykdom (I00-I99),"per 1000, standardisert",62.2,3,11,4
Akershus,2025-01-01,Kvinner,75 år+,KOLS (J44),"per 1000, standardisert",6.8,3,11,4
Akershus,2025-01-01,Kvinner,75 år+,Sykdom i muskel-skjelettsystemet og bindevev (M00-M99),"per 1000, standardisert",52.2,3,11,4
Akershus,2025-01-01,Kvinner,75 år+,Personskader (S00-T78),"per 1000, standardisert",48.1,3,11,4
Akershus,2025-01-01,Kvinner,75 år+,Hodeskader (S00-S09),"per 1000, standardisert",12.9,3,11,4
Akershus,2025-01-01,Kvinner,75 år+,Hoftebrudd (S72.0-72.2),"per 1000, standardisert",14.0,3,11,4
Akershus,2025-01-01,Kvinner,75 år+,Forgiftninger (T36-T65),"per 1000, standardisert",0.8,3,11,4
Akershus,2025-01-01,Kvinner,75-79 år,Hjerte og karsykdom (I00-I99),"per 1000, standardisert",44.3,3,12,4
Akershus,2025-01-01,Kvinner,75-79 år,KOLS (J44),"per 1000, standardisert",6.2,3,12,4
Akershus,2025-01-01,Kvinner,75-79 år,Sykdom i muskel-skjelettsystemet og bindevev (M00-M99),"per 1000, standardisert",55.8,3,12,4
Akershus,2025-01-01,Kvinner,75-79 år,Personskader (S00-T78),"per 1000, standardisert",29.0,3,12,4
Akershus,2025-01-01,Kvinner,75-79 år,Hodeskader (S00-S09),"per 1000, standardisert",5.0,3,12,4
Akershus,2025-01-01,Kvinner,75-79 år,Hoftebrudd (S72.0-72.2),"per 1000, standardisert",8.1,3,12,4
Akershus,2025-01-01,Kvinner,75-79 år,Forgiftninger (T36-T65),"per 1000, standardisert",0.6,3,12,4
Akershus,2025-01-01,Kvinner,80 år+,Hjerte og karsykdom (I00-I99),"per 1000, standardisert",75.1,3,13,4
Akershus,2025-01-01,Kvinner,80 år+,KOLS (J44),"per 1000, standardisert",7.2,3,13,4
Akershus,2025-01-01,Kvinner,80 år+,Sykdom i muskel-skjelettsystemet og bindevev (M00-M99),"per 1000, standardisert",49.5,3,13,4
Akershus,2025-01-01,Kvinner,80 år+,Personskader (S00-T78),"per 1000, standardisert",61.8,3,13,4
Akershus,2025-01-01,Kvinner,80 år+,Hodeskader (S00-S09),"per 1000, standardisert",18.6,3,13,4
Akershus,2025-01-01,Kvinner,80 år+,Hoftebrudd (S72.0-72.2),"per 1000, standardisert",18.3,3,13,4
Akershus,2025-01-01,Kvinner,80 år+,Forgiftninger (T36-T65),"per 1000, standardisert",0.9,3,13,4
Buskerud,2025-01-01,Kjønn samlet,Alle aldre,Hjerte og karsykdom (I00-I99),"per 1000, standardisert",15.7,1,1,5
Buskerud,2025-01-01,Kjønn samlet,Alle aldre,KOLS (J44),"per 1000, standardisert",1.5,1,1,5
Buskerud,2025-01-01,Kjønn samlet,Alle aldre,Sykdom i muskel-skjelettsystemet og bindevev (M00-M99),"per 1000, standardisert",19.2,1,1,5
Buskerud,2025-01-01,Kjønn samlet,Alle aldre,Personskader (S00-T78),"per 1000, standardisert",12.8,1,1,5
Buskerud,2025-01-01,Kjønn samlet,Alle aldre,Hodeskader (S00-S09),"per 1000, standardisert",3.2,1,1,5
Buskerud,2025-01-01,Kjønn samlet,Alle aldre,Hoftebrudd (S72.0-72.2),"per 1000, standardisert",1.4,1,1,5
Buskerud,2025-01-01,Kjønn samlet,Alle aldre,Forgiftninger (T36-T65),"per 1000, standardisert",0.5,1,1,5
Buskerud,2025-01-01,Kjønn samlet,0-74 år,Hjerte og karsykdom (I00-I99),"per 1000, standardisert",9.4,1,2,5
Buskerud,2025-01-01,Kjønn samlet,0-74 år,KOLS (J44),"per 1000, standardisert",0.7,1,2,5
Buskerud,2025-01-01,Kjønn samlet,0-74 år,Sykdom i muskel-skjelettsystemet og bindevev (M00-M99),"per 1000, standardisert",15.8,1,2,5
Buskerud,2025-01-01,Kjønn samlet,0-74 år,Personskader (S00-T78),"per 1000, standardisert",9.6,1,2,5
Buskerud,2025-01-01,Kjønn samlet,0-74 år,Hodeskader (S00-S09),"per 1000, standardisert",1.9,1,2,5
Buskerud,2025-01-01,Kjønn samlet,0-74 år,Hoftebrudd (S72.0-72.2),"per 1000, standardisert",0.4,1,2,5
Buskerud,2025-01-01,Kjønn samlet,0-74 år,Forgiftninger (T36-T65),"per 1000, standardisert",0.6,1,2,5
Buskerud,2025-01-01,Kjønn samlet,0-44 år,Hjerte og karsykdom (I00-I99),"per 1000, standardisert",1.8,1,3,5
Buskerud,2025-01-01,Kjønn samlet,0-44 år,KOLS (J44),"per 1000, standardisert",,1,3,5
Buskerud,2025-01-01,Kjønn samlet,0-44 år,Sykdom i muskel-skjelettsystemet og bindevev (M00-M99),"per 1000, standardisert",6.0,1,3,5
Buskerud,2025-01-01,Kjønn samlet,0-44 år,Personskader (S00-T78),"per 1000, standardisert",8.5,1,3,5
Buskerud,2025-01-01,Kjønn samlet,0-44 år,Hodeskader (S00-S09),"per 1000, standardisert",1.9,1,3,5
Buskerud,2025-01-01,Kjønn samlet,0-44 år,Hoftebrudd (S72.0-72.2),"per 1000, standardisert",,1,3,5
Buskerud,2025-01-01,Kjønn samlet,0-44 år,Forgiftninger (T36-T65),"per 1000, standardisert",0.6,1,3,5
Buskerud,2025-01-01,Kjønn samlet,0-24 år,Hjerte og karsykdom (I00-I99),"per 1000, standardisert",0.8,1,4,5
Buskerud,2025-01-01,Kjønn samlet,0-24 år,KOLS (J44),"per 1000, standardisert",,1,4,5
Buskerud,2025-01-01,Kjønn samlet,0-24 år,Sykdom i muskel-skjelettsystemet og bindevev (M00-M99),"per 1000, standardisert",3.5,1,4,5
Buskerud,2025-01-01,Kjønn samlet,0-24 år,Personskader (S00-T78),"per 1000, standardisert",10.1,1,4,5
Buskerud,2025-01-01,Kjønn samlet,0-24 år,Hodeskader (S00-S09),"per 1000, standardisert",2.8,1,4,5
Buskerud,2025-01-01,Kjønn samlet,0-24 år,Hoftebrudd (S72.0-72.2),"per 1000, standardisert",,1,4,5
Buskerud,2025-01-01,Kjønn samlet,0-24 år,Forgiftninger (T36-T65),"per 1000, standardisert",0.7,1,4,5
Buskerud,2025-01-01,Kjønn samlet,0-14 år,Hjerte og karsykdom (I00-I99),"per 1000, standardisert",0.5,1,5,5
Buskerud,2025-01-01,Kjønn samlet,0-14 år,KOLS (J44),"per 1000, standardisert",,1,5,5
Buskerud,2025-01-01,Kjønn samlet,0-14 år,Sykdom i muskel-skjelettsystemet og bindevev (M00-M99),"per 1000, standardisert",1.8,1,5,5
Buskerud,2025-01-01,Kjønn samlet,0-14 år,Personskader (S00-T78),"per 1000, standardisert",10.5,1,5,5
Buskerud,2025-01-01,Kjønn samlet,0-14 år,Hodeskader (S00-S09),"per 1000, standardisert",3.7,1,5,5
Buskerud,2025-01-01,Kjønn samlet,0-14 år,Hoftebrudd (S72.0-72.2),"per 1000, standardisert",,1,5,5
Buskerud,2025-01-01,Kjønn samlet,0-14 år,Forgiftninger (T36-T65),"per 1000, standardisert",0.3,1,5,5
Buskerud,2025-01-01,Kjønn samlet,15-24 år,Hjerte og karsykdom (I00-I99),"per 1000, standardisert",1.1,1,6,5
Buskerud,2025-01-01,Kjønn samlet,15-24 år,KOLS (J44),"per 1000, standardisert",,1,6,5
Buskerud,2025-01-01,Kjønn samlet,15-24 år,Sykdom i muskel-skjelettsystemet og bindevev (M00-M99),"per 1000, standardisert",5.8,1,6,5
Buskerud,2025-01-01,Kjønn samlet,15-24 år,Personskader (S00-T78),"per 1000, standardisert",9.7,1,6,5
Buskerud,2025-01-01,Kjønn samlet,15-24 år,Hodeskader (S00-S09),"per 1000, standardisert",1.7,1,6,5
Buskerud,2025-01-01,Kjønn samlet,15-24 år,Hoftebrudd (S72.0-72.2),"per 1000, standardisert",,1,6,5
Buskerud,2025-01-01,Kjønn samlet,15-24 år,Forgiftninger (T36-T65),"per 1000, standardisert",1.1,1,6,5
Buskerud,2025-01-01,Kjønn samlet,25-44 år,Hjerte og karsykdom (I00-I99),"per 1000, standardisert",2.8,1,7,5
Buskerud,2025-01-01,Kjønn samlet,25-44 år,KOLS (J44),"per 1000, standardisert",,1,7,5
Buskerud,2025-01-01,Kjønn samlet,25-44 år,Sykdom i muskel-skjelettsystemet og bindevev (M00-M99),"per 1000, standardisert",8.6,1,7,5
Buskerud,2025-01-01,Kjønn samlet,25-44 år,Personskader (S00-T78),"per 1000, standardisert",6.8,1,7,5
Buskerud,2025-01-01,Kjønn samlet,25-44 år,Hodeskader (S00-S09),"per 1000, standardisert",1.0,1,7,5
Buskerud,2025-01-01,Kjønn samlet,25-44 år,Hoftebrudd (S72.0-72.2),"per 1000, standardisert",,1,7,5
Buskerud,2025-01-01,Kjønn samlet,25-44 år,Forgiftninger (T36-T65),"per 1000, standardisert",0.6,1,7,5
Buskerud,2025-01-01,Kjønn samlet,45-74 år,Hjerte og karsykdom (I00-I99),"per 1000, standardisert",20.9,1,8,5
Buskerud,2025-01-01,Kjønn samlet,45-74 år,KOLS (J44),"per 1000, standardisert",,1,8,5
Buskerud,2025-01-01,Kjønn samlet,45-74 år,Sykdom i muskel-skjelettsystemet og bindevev (M00-M99),"per 1000, standardisert",30.4,1,8,5
Buskerud,2025-01-01,Kjønn samlet,45-74 år,Personskader (S00-T78),"per 1000, standardisert",11.3,1,8,5
Buskerud,2025-01-01,Kjønn samlet,45-74 år,Hodeskader (S00-S09),"per 1000, standardisert",1.9,1,8,5
Buskerud,2025-01-01,Kjønn samlet,45-74 år,Hoftebrudd (S72.0-72.2),"per 1000, standardisert",,1,8,5
Buskerud,2025-01-01,Kjønn samlet,45-74 år,Forgiftninger (T36-T65),"per 1000, standardisert",0.4,1,8,5
Buskerud,2025-01-01,Kjønn samlet,45-64 år,Hjerte og karsykdom (I00-I99),"per 1000, standardisert",14.4,1,9,5
Buskerud,2025-01-01,Kjønn samlet,45-64 år,KOLS (J44),"per 1000, standardisert",0.7,1,9,5
Buskerud,2025-01-01,Kjønn samlet,45-64 år,Sykdom i muskel-skjelettsystemet og bindevev (M00-M99),"per 1000, standardisert",23.2,1,9,5
Buskerud,2025-01-01,Kjønn samlet,45-64 år,Personskader (S00-T78),"per 1000, standardisert",9.1,1,9,5
Buskerud,2025-01-01,Kjønn samlet,45-64 år,Hodeskader (S00-S09),"per 1000, standardisert",1.2,1,9,5
Buskerud,2025-01-01,Kjønn samlet,45-64 år,Hoftebrudd (S72.0-72.2),"per 1000, standardisert",0.3,1,9,5
Buskerud,2025-01-01,Kjønn samlet,45-64 år,Forgiftninger (T36-T65),"per 1000, standardisert",0.4,1,9,5
Buskerud,2025-01-01,Kjønn samlet,65-74 år,Hjerte og karsykdom (I00-I99),"per 1000, standardisert",37.6,1,10,5
Buskerud,2025-01-01,Kjønn samlet,65-74 år,KOLS (J44),"per 1000, standardisert",,1,10,5
Buskerud,2025-01-01,Kjønn samlet,65-74 år,Sykdom i muskel-skjelettsystemet og bindevev (M00-M99),"per 1000, standardisert",48.5,1,10,5
Buskerud,2025-01-01,Kjønn samlet,65-74 år,Personskader (S00-T78),"per 1000, standardisert",16.9,1,10,5
Buskerud,2025-01-01,Kjønn samlet,65-74 år,Hodeskader (S00-S09),"per 1000, standardisert",3.6,1,10,5
Buskerud,2025-01-01,Kjønn samlet,65-74 år,Hoftebrudd (S72.0-72.2),"per 1000, standardisert",,1,10,5
Buskerud,2025-01-01,Kjønn samlet,65-74 år,Forgiftninger (T36-T65),"per 1000, standardisert",0.4,1,10,5
Buskerud,2025-01-01,Kjønn samlet,75 år+,Hjerte og karsykdom (I00-I99),"per 1000, standardisert",75.9,1,11,5
Buskerud,2025-01-01,Kjønn samlet,75 år+,KOLS (J44),"per 1000, standardisert",9.1,1,11,5
Buskerud,2025-01-01,Kjønn samlet,75 år+,Sykdom i muskel-skjelettsystemet og bindevev (M00-M99),"per 1000, standardisert",51.3,1,11,5
Buskerud,2025-01-01,Kjønn samlet,75 år+,Personskader (S00-T78),"per 1000, standardisert",42.4,1,11,5
Buskerud,2025-01-01,Kjønn samlet,75 år+,Hodeskader (S00-S09),"per 1000, standardisert",15.3,1,11,5
Buskerud,2025-01-01,Kjønn samlet,75 år+,Hoftebrudd (S72.0-72.2),"per 1000, standardisert",10.9,1,11,5
Buskerud,2025-01-01,Kjønn samlet,75 år+,Forgiftninger (T36-T65),"per 1000, standardisert",0.4,1,11,5
Buskerud,2025-01-01,Kjønn samlet,75-79 år,Hjerte og karsykdom (I00-I99),"per 1000, standardisert",60.6,1,12,5
Buskerud,2025-01-01,Kjønn samlet,75-79 år,KOLS (J44),"per 1000, standardisert",9.4,1,12,5
Buskerud,2025-01-01,Kjønn samlet,75-79 år,Sykdom i muskel-skjelettsystemet og bindevev (M00-M99),"per 1000, standardisert",59.4,1,12,5
Buskerud,2025-01-01,Kjønn samlet,75-79 år,Personskader (S00-T78),"per 1000, standardisert",24.8,1,12,5
Buskerud,2025-01-01,Kjønn samlet,75-79 år,Hodeskader (S00-S09),"per 1000, standardisert",7.3,1,12,5
Buskerud,2025-01-01,Kjønn samlet,75-79 år,Hoftebrudd (S72.0-72.2),"per 1000, standardisert",5.4,1,12,5
Buskerud,2025-01-01,Kjønn samlet,75-79 år,Forgiftninger (T36-T65),"per 1000, standardisert",,1,12,5
Buskerud,2025-01-01,Kjønn samlet,80 år+,Hjerte og karsykdom (I00-I99),"per 1000, standardisert",88.0,1,13,5
Buskerud,2025-01-01,Kjønn samlet,80 år+,KOLS (J44),"per 1000, standardisert",8.9,1,13,5
Buskerud,2025-01-01,Kjønn samlet,80 år+,Sykdom i muskel-skjelettsystemet og bindevev (M00-M99),"per 1000, standardisert",44.7,1,13,5
Buskerud,2025-01-01,Kjønn samlet,80 år+,Personskader (S00-T78),"per 1000, standardisert",56.4,1,13,5
Buskerud,2025-01-01,Kjønn samlet,80 år+,Hodeskader (S00-S09),"per 1000, standardisert",21.7,1,13,5
Buskerud,2025-01-01,Kjønn samlet,80 år+,Hoftebrudd (S72.0-72.2),"per 1000, standardisert",15.4,1,13,5
Buskerud,2025-01-01,Kjønn samlet,80 år+,Forgiftninger (T36-T65),"per 1000, standardisert",,1,13,5
Buskerud,2025-01-01,Menn,Alle aldre,Hjerte og karsykdom (I00-I99),"per 1000, standardisert",18.6,2,1,5
Buskerud,2025-01-01,Menn,Alle aldre,KOLS (J44),"per 1000, standardisert",1.4,2,1,5
Buskerud,2025-01-01,Menn,Alle aldre,Sykdom i muskel-skjelettsystemet og bindevev (M00-M99),"per 1000, standardisert",14.5,2,1,5
Buskerud,2025-01-01,Menn,Alle aldre,Personskader (S00-T78),"per 1000, standardisert",12.7,2,1,5
Buskerud,2025-01-01,Menn,Alle aldre,Hodeskader (S00-S09),"per 1000, standardisert",3.6,2,1,5
Buskerud,2025-01-01,Menn,Alle aldre,Hoftebrudd (S72.0-72.2),"per 1000, standardisert",0.9,2,1,5
Buskerud,2025-01-01,Menn,Alle aldre,Forgiftninger (T36-T65),"per 1000, standardisert",,2,1,5
Buskerud,2025-01-01,Menn,0-74 år,Hjerte og karsykdom (I00-I99),"per 1000, standardisert",12.1,2,2,5
Buskerud,2025-01-01,Menn,0-74 år,KOLS (J44),"per 1000, standardisert",0.6,2,2,5
Buskerud,2025-01-01,Menn,0-74 år,Sykdom i muskel-skjelettsystemet og bindevev (M00-M99),"per 1000, standardisert",12.3,2,2,5
Buskerud,2025-01-01,Menn,0-74 år,Personskader (S00-T78),"per 1000, standardisert",10.6,2,2,5
Buskerud,2025-01-01,Menn,0-74 år,Hodeskader (S00-S09),"per 1000, standardisert",2.5,2,2,5
Buskerud,2025-01-01,Menn,0-74 år,Hoftebrudd (S72.0-72.2),"per 1000, standardisert",0.3,2,2,5
Buskerud,2025-01-01,Menn,0-74 år,Forgiftninger (T36-T65),"per 1000, standardisert",0.4,2,2,5
Buskerud,2025-01-01,Menn,0-44 år,Hjerte og karsykdom (I00-I99),"per 1000, standardisert",2.1,2,3,5
Buskerud,2025-01-01,Menn,0-44 år,KOLS (J44),"per 1000, standardisert",,2,3,5
Buskerud,2025-01-01,Menn,0-44 år,Sykdom i muskel-skjelettsystemet og bindevev (M00-M99),"per 1000, standardisert",5.5,2,3,5
Buskerud,2025-01-01,Menn,0-44 år,Personskader (S00-T78),"per 1000, standardisert",10.3,2,3,5
Buskerud,2025-01-01,Menn,0-44 år,Hodeskader (S00-S09),"per 1000, standardisert",2.4,2,3,5
Buskerud,2025-01-01,Menn,0-44 år,Hoftebrudd (S72.0-72.2),"per 1000, standardisert",,2,3,5
Buskerud,2025-01-01,Menn,0-44 år,Forgiftninger (T36-T65),"per 1000, standardisert",0.4,2,3,5
Buskerud,2025-01-01,Menn,0-24 år,Hjerte og karsykdom (I00-I99),"per 1000, standardisert",0.9,2,4,5
Buskerud,2025-01-01,Menn,0-24 år,KOLS (J44),"per 1000, standardisert",,2,4,5
Buskerud,2025-01-01,Menn,0-24 år,Sykdom i muskel-skjelettsystemet og bindevev (M00-M99),"per 1000, standardisert",2.9,2,4,5
Buskerud,2025-01-01,Menn,0-24 år,Personskader (S00-T78),"per 1000, standardisert",12.0,2,4,5
Buskerud,2025-01-01,Menn,0-24 år,Hodeskader (S00-S09),"per 1000, standardisert",3.2,2,4,5
Buskerud,2025-01-01,Menn,0-24 år,Hoftebrudd (S72.0-72.2),"per 1000, standardisert",,2,4,5
Buskerud,2025-01-01,Menn,0-24 år,Forgiftninger (T36-T65),"per 1000, standardisert",0.3,2,4,5
Buskerud,2025-01-01,Menn,0-14 år,Hjerte og karsykdom (I00-I99),"per 1000, standardisert",0.6,2,5,5
Buskerud,2025-01-01,Menn,0-14 år,KOLS (J44),"per 1000, standardisert",,2,5,5
Buskerud,2025-01-01,Menn,0-14 år,Sykdom i muskel-skjelettsystemet og bindevev (M00-M99),"per 1000, standardisert",1.7,2,5,5
Buskerud,2025-01-01,Menn,0-14 år,Personskader (S00-T78),"per 1000, standardisert",11.9,2,5,5
Buskerud,2025-01-01,Menn,0-14 år,Hodeskader (S00-S09),"per 1000, standardisert",4.2,2,5,5
Buskerud,2025-01-01,Menn,0-14 år,Hoftebrudd (S72.0-72.2),"per 1000, standardisert",,2,5,5
Buskerud,2025-01-01,Menn,0-14 år,Forgiftninger (T36-T65),"per 1000, standardisert",,2,5,5
Buskerud,2025-01-01,Menn,15-24 år,Hjerte og karsykdom (I00-I99),"per 1000, standardisert",1.3,2,6,5
Buskerud,2025-01-01,Menn,15-24 år,KOLS (J44),"per 1000, standardisert",,2,6,5
Buskerud,2025-01-01,Menn,15-24 år,Sykdom i muskel-skjelettsystemet og bindevev (M00-M99),"per 1000, standardisert",4.6,2,6,5
Buskerud,2025-01-01,Menn,15-24 år,Personskader (S00-T78),"per 1000, standardisert",12.2,2,6,5
Buskerud,2025-01-01,Menn,15-24 år,Hodeskader (S00-S09),"per 1000, standardisert",2.1,2,6,5
Buskerud,2025-01-01,Menn,15-24 år,Hoftebrudd (S72.0-72.2),"per 1000, standardisert",,2,6,5
Buskerud,2025-01-01,Menn,15-24 år,Forgiftninger (T36-T65),"per 1000, standardisert",,2,6,5
Buskerud,2025-01-01,Menn,25-44 år,Hjerte og karsykdom (I00-I99),"per 1000, standardisert",3.3,2,7,5
Buskerud,2025-01-01,Menn,25-44 år,KOLS (J44),"per 1000, standardisert",,2,7,5
Buskerud,2025-01-01,Menn,25-44 år,Sykdom i muskel-skjelettsystemet og bindevev (M00-M99),"per 1000, standardisert",8.1,2,7,5
Buskerud,2025-01-01,Menn,25-44 år,Personskader (S00-T78),"per 1000, standardisert",8.6,2,7,5
Buskerud,2025-01-01,Menn,25-44 år,Hodeskader (S00-S09),"per 1000, standardisert",1.5,2,7,5
Buskerud,2025-01-01,Menn,25-44 år,Hoftebrudd (S72.0-72.2),"per 1000, standardisert",,2,7,5
Buskerud,2025-01-01,Menn,25-44 år,Forgiftninger (T36-T65),"per 1000, standardisert",0.6,2,7,5
Buskerud,2025-01-01,Menn,45-74 år,Hjerte og karsykdom (I00-I99),"per 1000, standardisert",27.7,2,8,5
Buskerud,2025-01-01,Menn,45-74 år,KOLS (J44),"per 1000, standardisert",,2,8,5
Buskerud,2025-01-01,Menn,45-74 år,Sykdom i muskel-skjelettsystemet og bindevev (M00-M99),"per 1000, standardisert",22.9,2,8,5
Buskerud,2025-01-01,Menn,45-74 år,Personskader (S00-T78),"per 1000, standardisert",11.0,2,8,5
Buskerud,2025-01-01,Menn,45-74 år,Hodeskader (S00-S09),"per 1000, standardisert",2.6,2,8,5
Buskerud,2025-01-01,Menn,45-74 år,Hoftebrudd (S72.0-72.2),"per 1000, standardisert",,2,8,5
Buskerud,2025-01-01,Menn,45-74 år,Forgiftninger (T36-T65),"per 1000, standardisert",0.4,2,8,5
Buskerud,2025-01-01,Menn,45-64 år,Hjerte og karsykdom (I00-I99),"per 1000, standardisert",19.0,2,9,5
Buskerud,2025-01-01,Menn,45-64 år,KOLS (J44),"per 1000, standardisert",0.6,2,9,5
Buskerud,2025-01-01,Menn,45-64 år,Sykdom i muskel-skjelettsystemet og bindevev (M00-M99),"per 1000, standardisert",18.6,2,9,5
Buskerud,2025-01-01,Menn,45-64 år,Personskader (S00-T78),"per 1000, standardisert",9.2,2,9,5
Buskerud,2025-01-01,Menn,45-64 år,Hodeskader (S00-S09),"per 1000, standardisert",1.6,2,9,5
Buskerud,2025-01-01,Menn,45-64 år,Hoftebrudd (S72.0-72.2),"per 1000, standardisert",0.2,2,9,5
Buskerud,2025-01-01,Menn,45-64 år,Forgiftninger (T36-T65),"per 1000, standardisert",,2,9,5
Buskerud,2025-01-01,Menn,65-74 år,Hjerte og karsykdom (I00-I99),"per 1000, standardisert",50.2,2,10,5
Buskerud,2025-01-01,Menn,65-74 år,KOLS (J44),"per 1000, standardisert",,2,10,5
Buskerud,2025-01-01,Menn,65-74 år,Sykdom i muskel-skjelettsystemet og bindevev (M00-M99),"per 1000, standardisert",34.3,2,10,5
Buskerud,2025-01-01,Menn,65-74 år,Personskader (S00-T78),"per 1000, standardisert",15.8,2,10,5
Buskerud,2025-01-01,Menn,65-74 år,Hodeskader (S00-S09),"per 1000, standardisert",5.1,2,10,5
Buskerud,2025-01-01,Menn,65-74 år,Hoftebrudd (S72.0-72.2),"per 1000, standardisert",,2,10,5
Buskerud,2025-01-01,Menn,65-74 år,Forgiftninger (T36-T65),"per 1000, standardisert",,2,10,5
Buskerud,2025-01-01,Menn,75 år+,Hjerte og karsykdom (I00-I99),"per 1000, standardisert",87.9,2,11,5
Buskerud,2025-01-01,Menn,75 år+,KOLS (J44),"per 1000, standardisert",9.4,2,11,5
Buskerud,2025-01-01,Menn,75 år+,Sykdom i muskel-skjelettsystemet og bindevev (M00-M99),"per 1000, standardisert",37.4,2,11,5
Buskerud,2025-01-01,Menn,75 år+,Personskader (S00-T78),"per 1000, standardisert",35.5,2,11,5
Buskerud,2025-01-01,Menn,75 år+,Hodeskader (S00-S09),"per 1000, standardisert",15.4,2,11,5
Buskerud,2025-01-01,Menn,75 år+,Hoftebrudd (S72.0-72.2),"per 1000, standardisert",7.8,2,11,5
Buskerud,2025-01-01,Menn,75 år+,Forgiftninger (T36-T65),"per 1000, standardisert",,2,11,5
Buskerud,2025-01-01,Menn,75-79 år,Hjerte og karsykdom (I00-I99),"per 1000, standardisert",74.5,2,12,5
Buskerud,2025-01-01,Menn,75-79 år,KOLS (J44),"per 1000, standardisert",8.8,2,12,5
Buskerud,2025-01-01,Menn,75-79 år,Sykdom i muskel-skjelettsystemet og bindevev (M00-M99),"per 1000, standardisert",41.7,2,12,5
Buskerud,2025-01-01,Menn,75-79 år,Personskader (S00-T78),"per 1000, standardisert",22.0,2,12,5
Buskerud,2025-01-01,Menn,75-79 år,Hodeskader (S00-S09),"per 1000, standardisert",9.0,2,12,5
Buskerud,2025-01-01,Menn,75-79 år,Hoftebrudd (S72.0-72.2),"per 1000, standardisert",3.9,2,12,5
Buskerud,2025-01-01,Menn,75-79 år,Forgiftninger (T36-T65),"per 1000, standardisert",,2,12,5
Buskerud,2025-01-01,Menn,80 år+,Hjerte og karsykdom (I00-I99),"per 1000, standardisert",100.0,2,13,5
Buskerud,2025-01-01,Menn,80 år+,KOLS (J44),"per 1000, standardisert",9.9,2,13,5
Buskerud,2025-01-01,Menn,80 år+,Sykdom i muskel-skjelettsystemet og bindevev (M00-M99),"per 1000, standardisert",33.6,2,13,5
Buskerud,2025-01-01,Menn,80 år+,Personskader (S00-T78),"per 1000, standardisert",47.8,2,13,5
Buskerud,2025-01-01,Menn,80 år+,Hodeskader (S00-S09),"per 1000, standardisert",21.2,2,13,5
Buskerud,2025-01-01,Menn,80 år+,Hoftebrudd (S72.0-72.2),"per 1000, standardisert",11.3,2,13,5
Buskerud,2025-01-01,Menn,80 år+,Forgiftninger (T36-T65),"per 1000, standardisert",,2,13,5
Buskerud,2025-01-01,Kvinner,Alle aldre,Hjerte og karsykdom (I00-I99),"per 1000, standardisert",12.8,3,1,5
Buskerud,2025-01-01,Kvinner,Alle aldre,KOLS (J44),"per 1000, standardisert",1.6,3,1,5
Buskerud,2025-01-01,Kvinner,Alle aldre,Sykdom i muskel-skjelettsystemet og bindevev (M00-M99),"per 1000, standardisert",23.9,3,1,5
Buskerud,2025-01-01,Kvinner,Alle aldre,Personskader (S00-T78),"per 1000, standardisert",12.8,3,1,5
Buskerud,2025-01-01,Kvinner,Alle aldre,Hodeskader (S00-S09),"per 1000, standardisert",2.8,3,1,5
Buskerud,2025-01-01,Kvinner,Alle aldre,Hoftebrudd (S72.0-72.2),"per 1000, standardisert",1.9,3,1,5
Buskerud,2025-01-01,Kvinner,Alle aldre,Forgiftninger (T36-T65),"per 1000, standardisert",,3,1,5
Buskerud,2025-01-01,Kvinner,0-74 år,Hjerte og karsykdom (I00-I99),"per 1000, standardisert",6.5,3,2,5
Buskerud,2025-01-01,Kvinner,0-74 år,KOLS (J44),"per 1000, standardisert",0.8,3,2,5
Buskerud,2025-01-01,Kvinner,0-74 år,Sykdom i muskel-skjelettsystemet og bindevev (M00-M99),"per 1000, standardisert",19.3,3,2,5
Buskerud,2025-01-01,Kvinner,0-74 år,Personskader (S00-T78),"per 1000, standardisert",8.6,3,2,5
Buskerud,2025-01-01,Kvinner,0-74 år,Hodeskader (S00-S09),"per 1000, standardisert",1.3,3,2,5
Buskerud,2025-01-01,Kvinner,0-74 år,Hoftebrudd (S72.0-72.2),"per 1000, standardisert",0.5,3,2,5
Buskerud,2025-01-01,Kvinner,0-74 år,Forgiftninger (T36-T65),"per 1000, standardisert",0.7,3,2,5
Buskerud,2025-01-01,Kvinner,0-44 år,Hjerte og karsykdom (I00-I99),"per 1000, standardisert",1.4,3,3,5
Buskerud,2025-01-01,Kvinner,0-44 år,KOLS (J44),"per 1000, standardisert",,3,3,5
Buskerud,2025-01-01,Kvinner,0-44 år,Sykdom i muskel-skjelettsystemet og bindevev (M00-M99),"per 1000, standardisert",6.6,3,3,5
Buskerud,2025-01-01,Kvinner,0-44 år,Personskader (S00-T78),"per 1000, standardisert",6.6,3,3,5
Buskerud,2025-01-01,Kvinner,0-44 år,Hodeskader (S00-S09),"per 1000, standardisert",1.5,3,3,5
Buskerud,2025-01-01,Kvinner,0-44 år,Hoftebrudd (S72.0-72.2),"per 1000, standardisert",,3,3,5
Buskerud,2025-01-01,Kvinner,0-44 år,Forgiftninger (T36-T65),"per 1000, standardisert",0.8,3,3,5
Buskerud,2025-01-01,Kvinner,0-24 år,Hjerte og karsykdom (I00-I99),"per 1000, standardisert",0.6,3,4,5
Buskerud,2025-01-01,Kvinner,0-24 år,KOLS (J44),"per 1000, standardisert",,3,4,5
Buskerud,2025-01-01,Kvinner,0-24 år,Sykdom i muskel-skjelettsystemet og bindevev (M00-M99),"per 1000, standardisert",4.1,3,4,5
Buskerud,2025-01-01,Kvinner,0-24 år,Personskader (S00-T78),"per 1000, standardisert",8.1,3,4,5
Buskerud,2025-01-01,Kvinner,0-24 år,Hodeskader (S00-S09),"per 1000, standardisert",2.4,3,4,5
Buskerud,2025-01-01,Kvinner,0-24 år,Hoftebrudd (S72.0-72.2),"per 1000, standardisert",,3,4,5
Buskerud,2025-01-01,Kvinner,0-24 år,Forgiftninger (T36-T65),"per 1000, standardisert",1.1,3,4,5
Buskerud,2025-01-01,Kvinner,0-14 år,Hjerte og karsykdom (I00-I99),"per 1000, standardisert",0.4,3,5,5
Buskerud,2025-01-01,Kvinner,0-14 år,KOLS (J44),"per 1000, standardisert",,3,5,5
Buskerud,2025-01-01,Kvinner,0-14 år,Sykdom i muskel-skjelettsystemet og bindevev (M00-M99),"per 1000, standardisert",1.9,3,5,5
Buskerud,2025-01-01,Kvinner,0-14 år,Personskader (S00-T78),"per 1000, standardisert",9.0,3,5,5
Buskerud,2025-01-01,Kvinner,0-14 år,Hodeskader (S00-S09),"per 1000, standardisert",3.2,3,5,5
Buskerud,2025-01-01,Kvinner,0-14 år,Hoftebrudd (S72.0-72.2),"per 1000, standardisert",,3,5,5
Buskerud,2025-01-01,Kvinner,0-14 år,Forgiftninger (T36-T65),"per 1000, standardisert",,3,5,5
Buskerud,2025-01-01,Kvinner,15-24 år,Hjerte og karsykdom (I00-I99),"per 1000, standardisert",0.9,3,6,5
Buskerud,2025-01-01,Kvinner,15-24 år,KOLS (J44),"per 1000, standardisert",,3,6,5
Buskerud,2025-01-01,Kvinner,15-24 år,Sykdom i muskel-skjelettsystemet og bindevev (M00-M99),"per 1000, standardisert",7.1,3,6,5
Buskerud,2025-01-01,Kvinner,15-24 år,Personskader (S00-T78),"per 1000, standardisert",7.0,3,6,5
Buskerud,2025-01-01,Kvinner,15-24 år,Hodeskader (S00-S09),"per 1000, standardisert",1.3,3,6,5
Buskerud,2025-01-01,Kvinner,15-24 år,Hoftebrudd (S72.0-72.2),"per 1000, standardisert",,3,6,5
Buskerud,2025-01-01,Kvinner,15-24 år,Forgiftninger (T36-T65),"per 1000, standardisert",,3,6,5
Buskerud,2025-01-01,Kvinner,25-44 år,Hjerte og karsykdom (I00-I99),"per 1000, standardisert",2.2,3,7,5
Buskerud,2025-01-01,Kvinner,25-44 år,KOLS (J44),"per 1000, standardisert",,3,7,5
Buskerud,2025-01-01,Kvinner,25-44 år,Sykdom i muskel-skjelettsystemet og bindevev (M00-M99),"per 1000, standardisert",9.1,3,7,5
Buskerud,2025-01-01,Kvinner,25-44 år,Personskader (S00-T78),"per 1000, standardisert",5.0,3,7,5
Buskerud,2025-01-01,Kvinner,25-44 år,Hodeskader (S00-S09),"per 1000, standardisert",0.5,3,7,5
Buskerud,2025-01-01,Kvinner,25-44 år,Hoftebrudd (S72.0-72.2),"per 1000, standardisert",,3,7,5
Buskerud,2025-01-01,Kvinner,25-44 år,Forgiftninger (T36-T65),"per 1000, standardisert",0.6,3,7,5
Buskerud,2025-01-01,Kvinner,45-74 år,Hjerte og karsykdom (I00-I99),"per 1000, standardisert",14.0,3,8,5
Buskerud,2025-01-01,Kvinner,45-74 år,KOLS (J44),"per 1000, standardisert",,3,8,5
Buskerud,2025-01-01,Kvinner,45-74 år,Sykdom i muskel-skjelettsystemet og bindevev (M00-M99),"per 1000, standardisert",38.0,3,8,5
Buskerud,2025-01-01,Kvinner,45-74 år,Personskader (S00-T78),"per 1000, standardisert",11.6,3,8,5
Buskerud,2025-01-01,Kvinner,45-74 år,Hodeskader (S00-S09),"per 1000, standardisert",1.1,3,8,5
Buskerud,2025-01-01,Kvinner,45-74 år,Hoftebrudd (S72.0-72.2),"per 1000, standardisert",,3,8,5
Buskerud,2025-01-01,Kvinner,45-74 år,Forgiftninger (T36-T65),"per 1000, standardisert",0.5,3,8,5
Buskerud,2025-01-01,Kvinner,45-64 år,Hjerte og karsykdom (I00-I99),"per 1000, standardisert",9.5,3,9,5
Buskerud,2025-01-01,Kvinner,45-64 år,KOLS (J44),"per 1000, standardisert",0.7,3,9,5
Buskerud,2025-01-01,Kvinner,45-64 år,Sykdom i muskel-skjelettsystemet og bindevev (M00-M99),"per 1000, standardisert",28.1,3,9,5
Buskerud,2025-01-01,Kvinner,45-64 år,Personskader (S00-T78),"per 1000, standardisert",9.0,3,9,5
Buskerud,2025-01-01,Kvinner,45-64 år,Hodeskader (S00-S09),"per 1000, standardisert",0.8,3,9,5
Buskerud,2025-01-01,Kvinner,45-64 år,Hoftebrudd (S72.0-72.2),"per 1000, standardisert",0.4,3,9,5
Buskerud,2025-01-01,Kvinner,45-64 år,Forgiftninger (T36-T65),"per 1000, standardisert",,3,9,5
Buskerud,2025-01-01,Kvinner,65-74 år,Hjerte og karsykdom (I00-I99),"per 1000, standardisert",25.2,3,10,5
Buskerud,2025-01-01,Kvinner,65-74 år,KOLS (J44),"per 1000, standardisert",,3,10,5
Buskerud,2025-01-01,Kvinner,65-74 år,Sykdom i muskel-skjelettsystemet og bindevev (M00-M99),"per 1000, standardisert",62.3,3,10,5
Buskerud,2025-01-01,Kvinner,65-74 år,Personskader (S00-T78),"per 1000, standardisert",18.0,3,10,5
Buskerud,2025-01-01,Kvinner,65-74 år,Hodeskader (S00-S09),"per 1000, standardisert",2.1,3,10,5
Buskerud,2025-01-01,Kvinner,65-74 år,Hoftebrudd (S72.0-72.2),"per 1000, standardisert",,3,10,5
Buskerud,2025-01-01,Kvinner,65-74 år,Forgiftninger (T36-T65),"per 1000, standardisert",,3,10,5
Buskerud,2025-01-01,Kvinner,75 år+,Hjerte og karsykdom (I00-I99),"per 1000, standardisert",66.0,3,11,5
Buskerud,2025-01-01,Kvinner,75 år+,KOLS (J44),"per 1000, standardisert",8.9,3,11,5
Buskerud,2025-01-01,Kvinner,75 år+,Sykdom i muskel-skjelettsystemet og bindevev (M00-M99),"per 1000, standardisert",62.5,3,11,5
Buskerud,2025-01-01,Kvinner,75 år+,Personskader (S00-T78),"per 1000, standardisert",48.0,3,11,5
Buskerud,2025-01-01,Kvinner,75 år+,Hodeskader (S00-S09),"per 1000, standardisert",15.3,3,11,5
Buskerud,2025-01-01,Kvinner,75 år+,Hoftebrudd (S72.0-72.2),"per 1000, standardisert",13.5,3,11,5
Buskerud,2025-01-01,Kvinner,75 år+,Forgiftninger (T36-T65),"per 1000, standardisert",,3,11,5
Buskerud,2025-01-01,Kvinner,75-79 år,Hjerte og karsykdom (I00-I99),"per 1000, standardisert",47.6,3,12,5
Buskerud,2025-01-01,Kvinner,75-79 år,KOLS (J44),"per 1000, standardisert",9.9,3,12,5
Buskerud,2025-01-01,Kvinner,75-79 år,Sykdom i muskel-skjelettsystemet og bindevev (M00-M99),"per 1000, standardisert",75.5,3,12,5
Buskerud,2025-01-01,Kvinner,75-79 år,Personskader (S00-T78),"per 1000, standardisert",27.4,3,12,5
Buskerud,2025-01-01,Kvinner,75-79 år,Hodeskader (S00-S09),"per 1000, standardisert",5.8,3,12,5
Buskerud,2025-01-01,Kvinner,75-79 år,Hoftebrudd (S72.0-72.2),"per 1000, standardisert",6.7,3,12,5
Buskerud,2025-01-01,Kvinner,75-79 år,Forgiftninger (T36-T65),"per 1000, standardisert",,3,12,5
Buskerud,2025-01-01,Kvinner,80 år+,Hjerte og karsykdom (I00-I99),"per 1000, standardisert",79.2,3,13,5
Buskerud,2025-01-01,Kvinner,80 år+,KOLS (J44),"per 1000, standardisert",8.1,3,13,5
Buskerud,2025-01-01,Kvinner,80 år+,Sykdom i muskel-skjelettsystemet og bindevev (M00-M99),"per 1000, standardisert",53.0,3,13,5
Buskerud,2025-01-01,Kvinner,80 år+,Personskader (S00-T78),"per 1000, standardisert",62.9,3,13,5
Buskerud,2025-01-01,Kvinner,80 år+,Hodeskader (S00-S09),"per 1000, standardisert",22.1,3,13,5
Buskerud,2025-01-01,Kvinner,80 år+,Hoftebrudd (S72.0-72.2),"per 1000, standardisert",18.5,3,13,5
Buskerud,2025-01-01,Kvinner,80 år+,Forgiftninger (T36-T65),"per 1000, standardisert",,3,13,5
Innlandet,2025-01-01,Kjønn samlet,Alle aldre,Hjerte og karsykdom (I00-I99),"per 1000, standardisert",15.5,1,1,7
Innlandet,2025-01-01,Kjønn samlet,Alle aldre,KOLS (J44),"per 1000, standardisert",1.5,1,1,7
Innlandet,2025-01-01,Kjønn samlet,Alle aldre,Sykdom i muskel-skjelettsystemet og bindevev (M00-M99),"per 1000, standardisert",16.0,1,1,7
Innlandet,2025-01-01,Kjønn samlet,Alle aldre,Personskader (S00-T78),"per 1000, standardisert",14.0,1,1,7
Innlandet,2025-01-01,Kjønn samlet,Alle aldre,Hodeskader (S00-S09),"per 1000, standardisert",2.9,1,1,7
Innlandet,2025-01-01,Kjønn samlet,Alle aldre,Hoftebrudd (S72.0-72.2),"per 1000, standardisert",1.9,1,1,7
Innlandet,2025-01-01,Kjønn samlet,Alle aldre,Forgiftninger (T36-T65),"per 1000, standardisert",0.8,1,1,7
Innlandet,2025-01-01,Kjønn samlet,0-74 år,Hjerte og karsykdom (I00-I99),"per 1000, standardisert",9.5,1,2,7
Innlandet,2025-01-01,Kjønn samlet,0-74 år,KOLS (J44),"per 1000, standardisert",0.7,1,2,7
Innlandet,2025-01-01,Kjønn samlet,0-74 år,Sykdom i muskel-skjelettsystemet og bindevev (M00-M99),"per 1000, standardisert",14.3,1,2,7
Innlandet,2025-01-01,Kjønn samlet,0-74 år,Personskader (S00-T78),"per 1000, standardisert",10.9,1,2,7
Innlandet,2025-01-01,Kjønn samlet,0-74 år,Hodeskader (S00-S09),"per 1000, standardisert",1.9,1,2,7
Innlandet,2025-01-01,Kjønn samlet,0-74 år,Hoftebrudd (S72.0-72.2),"per 1000, standardisert",0.5,1,2,7
Innlandet,2025-01-01,Kjønn samlet,0-74 år,Forgiftninger (T36-T65),"per 1000, standardisert",0.8,1,2,7
Innlandet,2025-01-01,Kjønn samlet,0-44 år,Hjerte og karsykdom (I00-I99),"per 1000, standardisert",2.1,1,3,7
Innlandet,2025-01-01,Kjønn samlet,0-44 år,KOLS (J44),"per 1000, standardisert",,1,3,7
Innlandet,2025-01-01,Kjønn samlet,0-44 år,Sykdom i muskel-skjelettsystemet og bindevev (M00-M99),"per 1000, standardisert",7.0,1,3,7
Innlandet,2025-01-01,Kjønn samlet,0-44 år,Personskader (S00-T78),"per 1000, standardisert",9.9,1,3,7
Innlandet,2025-01-01,Kjønn samlet,0-44 år,Hodeskader (S00-S09),"per 1000, standardisert",1.9,1,3,7
Innlandet,2025-01-01,Kjønn samlet,0-44 år,Hoftebrudd (S72.0-72.2),"per 1000, standardisert",0.0,1,3,7
Innlandet,2025-01-01,Kjønn samlet,0-44 år,Forgiftninger (T36-T65),"per 1000, standardisert",1.0,1,3,7
Innlandet,2025-01-01,Kjønn samlet,0-24 år,Hjerte og karsykdom (I00-I99),"per 1000, standardisert",0.9,1,4,7
Innlandet,2025-01-01,Kjønn samlet,0-24 år,KOLS (J44),"per 1000, standardisert",,1,4,7
Innlandet,2025-01-01,Kjønn samlet,0-24 år,Sykdom i muskel-skjelettsystemet og bindevev (M00-M99),"per 1000, standardisert",4.8,1,4,7
Innlandet,2025-01-01,Kjønn samlet,0-24 år,Personskader (S00-T78),"per 1000, standardisert",11.9,1,4,7
Innlandet,2025-01-01,Kjønn samlet,0-24 år,Hodeskader (S00-S09),"per 1000, standardisert",2.8,1,4,7
Innlandet,2025-01-01,Kjønn samlet,0-24 år,Hoftebrudd (S72.0-72.2),"per 1000, standardisert",,1,4,7
Innlandet,2025-01-01,Kjønn samlet,0-24 år,Forgiftninger (T36-T65),"per 1000, standardisert",1.1,1,4,7
Innlandet,2025-01-01,Kjønn samlet,0-14 år,Hjerte og karsykdom (I00-I99),"per 1000, standardisert",0.6,1,5,7
Innlandet,2025-01-01,Kjønn samlet,0-14 år,KOLS (J44),"per 1000, standardisert",,1,5,7
Innlandet,2025-01-01,Kjønn samlet,0-14 år,Sykdom i muskel-skjelettsystemet og bindevev (M00-M99),"per 1000, standardisert",2.2,1,5,7
Innlandet,2025-01-01,Kjønn samlet,0-14 år,Personskader (S00-T78),"per 1000, standardisert",10.9,1,5,7
Innlandet,2025-01-01,Kjønn samlet,0-14 år,Hodeskader (S00-S09),"per 1000, standardisert",3.2,1,5,7
Innlandet,2025-01-01,Kjønn samlet,0-14 år,Hoftebrudd (S72.0-72.2),"per 1000, standardisert",,1,5,7
Innlandet,2025-01-01,Kjønn samlet,0-14 år,Forgiftninger (T36-T65),"per 1000, standardisert",0.4,1,5,7
Innlandet,2025-01-01,Kjønn samlet,15-24 år,Hjerte og karsykdom (I00-I99),"per 1000, standardisert",1.2,1,6,7
Innlandet,2025-01-01,Kjønn samlet,15-24 år,KOLS (J44),"per 1000, standardisert",,1,6,7
Innlandet,2025-01-01,Kjønn samlet,15-24 år,Sykdom i muskel-skjelettsystemet og bindevev (M00-M99),"per 1000, standardisert",8.1,1,6,7
Innlandet,2025-01-01,Kjønn samlet,15-24 år,Personskader (S00-T78),"per 1000, standardisert",13.2,1,6,7
Innlandet,2025-01-01,Kjønn samlet,15-24 år,Hodeskader (S00-S09),"per 1000, standardisert",2.3,1,6,7
Innlandet,2025-01-01,Kjønn samlet,15-24 år,Hoftebrudd (S72.0-72.2),"per 1000, standardisert",,1,6,7
Innlandet,2025-01-01,Kjønn samlet,15-24 år,Forgiftninger (T36-T65),"per 1000, standardisert",1.9,1,6,7
Innlandet,2025-01-01,Kjønn samlet,25-44 år,Hjerte og karsykdom (I00-I99),"per 1000, standardisert",3.3,1,7,7
Innlandet,2025-01-01,Kjønn samlet,25-44 år,KOLS (J44),"per 1000, standardisert",,1,7,7
Innlandet,2025-01-01,Kjønn samlet,25-44 år,Sykdom i muskel-skjelettsystemet og bindevev (M00-M99),"per 1000, standardisert",9.2,1,7,7
Innlandet,2025-01-01,Kjønn samlet,25-44 år,Personskader (S00-T78),"per 1000, standardisert",8.0,1,7,7
Innlandet,2025-01-01,Kjønn samlet,25-44 år,Hodeskader (S00-S09),"per 1000, standardisert",1.1,1,7,7
Innlandet,2025-01-01,Kjønn samlet,25-44 år,Hoftebrudd (S72.0-72.2),"per 1000, standardisert",,1,7,7
Innlandet,2025-01-01,Kjønn samlet,25-44 år,Forgiftninger (T36-T65),"per 1000, standardisert",0.9,1,7,7
Innlandet,2025-01-01,Kjønn samlet,45-74 år,Hjerte og karsykdom (I00-I99),"per 1000, standardisert",20.9,1,8,7
Innlandet,2025-01-01,Kjønn samlet,45-74 år,KOLS (J44),"per 1000, standardisert",,1,8,7
Innlandet,2025-01-01,Kjønn samlet,45-74 år,Sykdom i muskel-skjelettsystemet og bindevev (M00-M99),"per 1000, standardisert",25.6,1,8,7
Innlandet,2025-01-01,Kjønn samlet,45-74 år,Personskader (S00-T78),"per 1000, standardisert",12.4,1,8,7
Innlandet,2025-01-01,Kjønn samlet,45-74 år,Hodeskader (S00-S09),"per 1000, standardisert",1.9,1,8,7
Innlandet,2025-01-01,Kjønn samlet,45-74 år,Hoftebrudd (S72.0-72.2),"per 1000, standardisert",1.3,1,8,7
Innlandet,2025-01-01,Kjønn samlet,45-74 år,Forgiftninger (T36-T65),"per 1000, standardisert",0.6,1,8,7
Innlandet,2025-01-01,Kjønn samlet,45-64 år,Hjerte og karsykdom (I00-I99),"per 1000, standardisert",14.7,1,9,7
Innlandet,2025-01-01,Kjønn samlet,45-64 år,KOLS (J44),"per 1000, standardisert",0.8,1,9,7
Innlandet,2025-01-01,Kjønn samlet,45-64 år,Sykdom i muskel-skjelettsystemet og bindevev (M00-M99),"per 1000, standardisert",22.5,1,9,7
Innlandet,2025-01-01,Kjønn samlet,45-64 år,Personskader (S00-T78),"per 1000, standardisert",10.6,1,9,7
Innlandet,2025-01-01,Kjønn samlet,45-64 år,Hodeskader (S00-S09),"per 1000, standardisert",1.4,1,9,7
Innlandet,2025-01-01,Kjønn samlet,45-64 år,Hoftebrudd (S72.0-72.2),"per 1000, standardisert",0.5,1,9,7
Innlandet,2025-01-01,Kjønn samlet,45-64 år,Forgiftninger (T36-T65),"per 1000, standardisert",0.6,1,9,7
Innlandet,2025-01-01,Kjønn samlet,65-74 år,Hjerte og karsykdom (I00-I99),"per 1000, standardisert",36.7,1,10,7
Innlandet,2025-01-01,Kjønn samlet,65-74 år,KOLS (J44),"per 1000, standardisert",,1,10,7
Innlandet,2025-01-01,Kjønn samlet,65-74 år,Sykdom i muskel-skjelettsystemet og bindevev (M00-M99),"per 1000, standardisert",33.8,1,10,7
Innlandet,2025-01-01,Kjønn samlet,65-74 år,Personskader (S00-T78),"per 1000, standardisert",17.0,1,10,7
Innlandet,2025-01-01,Kjønn samlet,65-74 år,Hodeskader (S00-S09),"per 1000, standardisert",3.0,1,10,7
Innlandet,2025-01-01,Kjønn samlet,65-74 år,Hoftebrudd (S72.0-72.2),"per 1000, standardisert",3.3,1,10,7
Innlandet,2025-01-01,Kjønn samlet,65-74 år,Forgiftninger (T36-T65),"per 1000, standardisert",0.5,1,10,7
Innlandet,2025-01-01,Kjønn samlet,75 år+,Hjerte og karsykdom (I00-I99),"per 1000, standardisert",72.1,1,11,7
Innlandet,2025-01-01,Kjønn samlet,75 år+,KOLS (J44),"per 1000, standardisert",8.8,1,11,7
Innlandet,2025-01-01,Kjønn samlet,75 år+,Sykdom i muskel-skjelettsystemet og bindevev (M00-M99),"per 1000, standardisert",33.2,1,11,7
Innlandet,2025-01-01,Kjønn samlet,75 år+,Personskader (S00-T78),"per 1000, standardisert",43.6,1,11,7
Innlandet,2025-01-01,Kjønn samlet,75 år+,Hodeskader (S00-S09),"per 1000, standardisert",12.0,1,11,7
Innlandet,2025-01-01,Kjønn samlet,75 år+,Hoftebrudd (S72.0-72.2),"per 1000, standardisert",14.5,1,11,7
Innlandet,2025-01-01,Kjønn samlet,75 år+,Forgiftninger (T36-T65),"per 1000, standardisert",0.6,1,11,7
Innlandet,2025-01-01,Kjønn samlet,75-79 år,Hjerte og karsykdom (I00-I99),"per 1000, standardisert",56.9,1,12,7
Innlandet,2025-01-01,Kjønn samlet,75-79 år,KOLS (J44),"per 1000, standardisert",8.3,1,12,7
Innlandet,2025-01-01,Kjønn samlet,75-79 år,Sykdom i muskel-skjelettsystemet og bindevev (M00-M99),"per 1000, standardisert",37.9,1,12,7
Innlandet,2025-01-01,Kjønn samlet,75-79 år,Personskader (S00-T78),"per 1000, standardisert",27.4,1,12,7
Innlandet,2025-01-01,Kjønn samlet,75-79 år,Hodeskader (S00-S09),"per 1000, standardisert",6.4,1,12,7
Innlandet,2025-01-01,Kjønn samlet,75-79 år,Hoftebrudd (S72.0-72.2),"per 1000, standardisert",7.3,1,12,7
Innlandet,2025-01-01,Kjønn samlet,75-79 år,Forgiftninger (T36-T65),"per 1000, standardisert",0.5,1,12,7
Innlandet,2025-01-01,Kjønn samlet,80 år+,Hjerte og karsykdom (I00-I99),"per 1000, standardisert",84.2,1,13,7
Innlandet,2025-01-01,Kjønn samlet,80 år+,KOLS (J44),"per 1000, standardisert",9.2,1,13,7
Innlandet,2025-01-01,Kjønn samlet,80 år+,Sykdom i muskel-skjelettsystemet og bindevev (M00-M99),"per 1000, standardisert",29.5,1,13,7
Innlandet,2025-01-01,Kjønn samlet,80 år+,Personskader (S00-T78),"per 1000, standardisert",56.5,1,13,7
Innlandet,2025-01-01,Kjønn samlet,80 år+,Hodeskader (S00-S09),"per 1000, standardisert",16.5,1,13,7
Innlandet,2025-01-01,Kjønn samlet,80 år+,Hoftebrudd (S72.0-72.2),"per 1000, standardisert",20.3,1,13,7
Innlandet,2025-01-01,Kjønn samlet,80 år+,Forgiftninger (T36-T65),"per 1000, standardisert",0.7,1,13,7
Innlandet,2025-01-01,Menn,Alle aldre,Hjerte og karsykdom (I00-I99),"per 1000, standardisert",18.0,2,1,7
Innlandet,2025-01-01,Menn,Alle aldre,KOLS (J44),"per 1000, standardisert",1.3,2,1,7
Innlandet,2025-01-01,Menn,Alle aldre,Sykdom i muskel-skjelettsystemet og bindevev (M00-M99),"per 1000, standardisert",14.3,2,1,7
Innlandet,2025-01-01,Menn,Alle aldre,Personskader (S00-T78),"per 1000, standardisert",13.9,2,1,7
Innlandet,2025-01-01,Menn,Alle aldre,Hodeskader (S00-S09),"per 1000, standardisert",3.2,2,1,7
Innlandet,2025-01-01,Menn,Alle aldre,Hoftebrudd (S72.0-72.2),"per 1000, standardisert",1.3,2,1,7
Innlandet,2025-01-01,Menn,Alle aldre,Forgiftninger (T36-T65),"per 1000, standardisert",0.6,2,1,7
Innlandet,2025-01-01,Menn,0-74 år,Hjerte og karsykdom (I00-I99),"per 1000, standardisert",11.8,2,2,7
Innlandet,2025-01-01,Menn,0-74 år,KOLS (J44),"per 1000, standardisert",0.6,2,2,7
Innlandet,2025-01-01,Menn,0-74 år,Sykdom i muskel-skjelettsystemet og bindevev (M00-M99),"per 1000, standardisert",13.0,2,2,7
Innlandet,2025-01-01,Menn,0-74 år,Personskader (S00-T78),"per 1000, standardisert",11.9,2,2,7
Innlandet,2025-01-01,Menn,0-74 år,Hodeskader (S00-S09),"per 1000, standardisert",2.4,2,2,7
Innlandet,2025-01-01,Menn,0-74 år,Hoftebrudd (S72.0-72.2),"per 1000, standardisert",0.5,2,2,7
Innlandet,2025-01-01,Menn,0-74 år,Forgiftninger (T36-T65),"per 1000, standardisert",0.6,2,2,7
Innlandet,2025-01-01,Menn,0-44 år,Hjerte og karsykdom (I00-I99),"per 1000, standardisert",2.0,2,3,7
Innlandet,2025-01-01,Menn,0-44 år,KOLS (J44),"per 1000, standardisert",,2,3,7
Innlandet,2025-01-01,Menn,0-44 år,Sykdom i muskel-skjelettsystemet og bindevev (M00-M99),"per 1000, standardisert",6.2,2,3,7
Innlandet,2025-01-01,Menn,0-44 år,Personskader (S00-T78),"per 1000, standardisert",11.5,2,3,7
Innlandet,2025-01-01,Menn,0-44 år,Hodeskader (S00-S09),"per 1000, standardisert",2.3,2,3,7
Innlandet,2025-01-01,Menn,0-44 år,Hoftebrudd (S72.0-72.2),"per 1000, standardisert",,2,3,7
Innlandet,2025-01-01,Menn,0-44 år,Forgiftninger (T36-T65),"per 1000, standardisert",0.7,2,3,7
Innlandet,2025-01-01,Menn,0-24 år,Hjerte og karsykdom (I00-I99),"per 1000, standardisert",0.8,2,4,7
Innlandet,2025-01-01,Menn,0-24 år,KOLS (J44),"per 1000, standardisert",,2,4,7
Innlandet,2025-01-01,Menn,0-24 år,Sykdom i muskel-skjelettsystemet og bindevev (M00-M99),"per 1000, standardisert",4.5,2,4,7
Innlandet,2025-01-01,Menn,0-24 år,Personskader (S00-T78),"per 1000, standardisert",13.4,2,4,7
Innlandet,2025-01-01,Menn,0-24 år,Hodeskader (S00-S09),"per 1000, standardisert",3.0,2,4,7
Innlandet,2025-01-01,Menn,0-24 år,Hoftebrudd (S72.0-72.2),"per 1000, standardisert",,2,4,7
Innlandet,2025-01-01,Menn,0-24 år,Forgiftninger (T36-T65),"per 1000, standardisert",0.7,2,4,7
Innlandet,2025-01-01,Menn,0-14 år,Hjerte og karsykdom (I00-I99),"per 1000, standardisert",0.7,2,5,7
Innlandet,2025-01-01,Menn,0-14 år,KOLS (J44),"per 1000, standardisert",,2,5,7
Innlandet,2025-01-01,Menn,0-14 år,Sykdom i muskel-skjelettsystemet og bindevev (M00-M99),"per 1000, standardisert",2.0,2,5,7
Innlandet,2025-01-01,Menn,0-14 år,Personskader (S00-T78),"per 1000, standardisert",11.8,2,5,7
Innlandet,2025-01-01,Menn,0-14 år,Hodeskader (S00-S09),"per 1000, standardisert",3.2,2,5,7
Innlandet,2025-01-01,Menn,0-14 år,Hoftebrudd (S72.0-72.2),"per 1000, standardisert",,2,5,7
Innlandet,2025-01-01,Menn,0-14 år,Forgiftninger (T36-T65),"per 1000, standardisert",0.3,2,5,7
Innlandet,2025-01-01,Menn,15-24 år,Hjerte og karsykdom (I00-I99),"per 1000, standardisert",1.0,2,6,7
Innlandet,2025-01-01,Menn,15-24 år,KOLS (J44),"per 1000, standardisert",,2,6,7
Innlandet,2025-01-01,Menn,15-24 år,Sykdom i muskel-skjelettsystemet og bindevev (M00-M99),"per 1000, standardisert",7.6,2,6,7
Innlandet,2025-01-01,Menn,15-24 år,Personskader (S00-T78),"per 1000, standardisert",15.4,2,6,7
Innlandet,2025-01-01,Menn,15-24 år,Hodeskader (S00-S09),"per 1000, standardisert",2.8,2,6,7
Innlandet,2025-01-01,Menn,15-24 år,Hoftebrudd (S72.0-72.2),"per 1000, standardisert",,2,6,7
Innlandet,2025-01-01,Menn,15-24 år,Forgiftninger (T36-T65),"per 1000, standardisert",1.2,2,6,7
Innlandet,2025-01-01,Menn,25-44 år,Hjerte og karsykdom (I00-I99),"per 1000, standardisert",3.1,2,7,7
Innlandet,2025-01-01,Menn,25-44 år,KOLS (J44),"per 1000, standardisert",,2,7,7
Innlandet,2025-01-01,Menn,25-44 år,Sykdom i muskel-skjelettsystemet og bindevev (M00-M99),"per 1000, standardisert",7.9,2,7,7
Innlandet,2025-01-01,Menn,25-44 år,Personskader (S00-T78),"per 1000, standardisert",9.5,2,7,7
Innlandet,2025-01-01,Menn,25-44 år,Hodeskader (S00-S09),"per 1000, standardisert",1.6,2,7,7
Innlandet,2025-01-01,Menn,25-44 år,Hoftebrudd (S72.0-72.2),"per 1000, standardisert",,2,7,7
Innlandet,2025-01-01,Menn,25-44 år,Forgiftninger (T36-T65),"per 1000, standardisert",0.7,2,7,7
Innlandet,2025-01-01,Menn,45-74 år,Hjerte og karsykdom (I00-I99),"per 1000, standardisert",27.1,2,8,7
Innlandet,2025-01-01,Menn,45-74 år,KOLS (J44),"per 1000, standardisert",,2,8,7
Innlandet,2025-01-01,Menn,45-74 år,Sykdom i muskel-skjelettsystemet og bindevev (M00-M99),"per 1000, standardisert",23.3,2,8,7
Innlandet,2025-01-01,Menn,45-74 år,Personskader (S00-T78),"per 1000, standardisert",12.7,2,8,7
Innlandet,2025-01-01,Menn,45-74 år,Hodeskader (S00-S09),"per 1000, standardisert",2.5,2,8,7
Innlandet,2025-01-01,Menn,45-74 år,Hoftebrudd (S72.0-72.2),"per 1000, standardisert",,2,8,7
Innlandet,2025-01-01,Menn,45-74 år,Forgiftninger (T36-T65),"per 1000, standardisert",0.5,2,8,7
Innlandet,2025-01-01,Menn,45-64 år,Hjerte og karsykdom (I00-I99),"per 1000, standardisert",19.4,2,9,7
Innlandet,2025-01-01,Menn,45-64 år,KOLS (J44),"per 1000, standardisert",0.6,2,9,7
Innlandet,2025-01-01,Menn,45-64 år,Sykdom i muskel-skjelettsystemet og bindevev (M00-M99),"per 1000, standardisert",20.4,2,9,7
Innlandet,2025-01-01,Menn,45-64 år,Personskader (S00-T78),"per 1000, standardisert",10.9,2,9,7
Innlandet,2025-01-01,Menn,45-64 år,Hodeskader (S00-S09),"per 1000, standardisert",1.8,2,9,7
Innlandet,2025-01-01,Menn,45-64 år,Hoftebrudd (S72.0-72.2),"per 1000, standardisert",0.6,2,9,7
Innlandet,2025-01-01,Menn,45-64 år,Forgiftninger (T36-T65),"per 1000, standardisert",0.5,2,9,7
Innlandet,2025-01-01,Menn,65-74 år,Hjerte og karsykdom (I00-I99),"per 1000, standardisert",47.2,2,10,7
Innlandet,2025-01-01,Menn,65-74 år,KOLS (J44),"per 1000, standardisert",,2,10,7
Innlandet,2025-01-01,Menn,65-74 år,Sykdom i muskel-skjelettsystemet og bindevev (M00-M99),"per 1000, standardisert",31.4,2,10,7
Innlandet,2025-01-01,Menn,65-74 år,Personskader (S00-T78),"per 1000, standardisert",17.4,2,10,7
Innlandet,2025-01-01,Menn,65-74 år,Hodeskader (S00-S09),"per 1000, standardisert",4.1,2,10,7
Innlandet,2025-01-01,Menn,65-74 år,Hoftebrudd (S72.0-72.2),"per 1000, standardisert",,2,10,7
Innlandet,2025-01-01,Menn,65-74 år,Forgiftninger (T36-T65),"per 1000, standardisert",0.3,2,10,7
Innlandet,2025-01-01,Menn,75 år+,Hjerte og karsykdom (I00-I99),"per 1000, standardisert",84.2,2,11,7
Innlandet,2025-01-01,Menn,75 år+,KOLS (J44),"per 1000, standardisert",8.9,2,11,7
Innlandet,2025-01-01,Menn,75 år+,Sykdom i muskel-skjelettsystemet og bindevev (M00-M99),"per 1000, standardisert",29.8,2,11,7
Innlandet,2025-01-01,Menn,75 år+,Personskader (S00-T78),"per 1000, standardisert",35.2,2,11,7
Innlandet,2025-01-01,Menn,75 år+,Hodeskader (S00-S09),"per 1000, standardisert",12.1,2,11,7
Innlandet,2025-01-01,Menn,75 år+,Hoftebrudd (S72.0-72.2),"per 1000, standardisert",9.7,2,11,7
Innlandet,2025-01-01,Menn,75 år+,Forgiftninger (T36-T65),"per 1000, standardisert",0.6,2,11,7
Innlandet,2025-01-01,Menn,75-79 år,Hjerte og karsykdom (I00-I99),"per 1000, standardisert",71.7,2,12,7
Innlandet,2025-01-01,Menn,75-79 år,KOLS (J44),"per 1000, standardisert",6.5,2,12,7
Innlandet,2025-01-01,Menn,75-79 år,Sykdom i muskel-skjelettsystemet og bindevev (M00-M99),"per 1000, standardisert",34.7,2,12,7
Innlandet,2025-01-01,Menn,75-79 år,Personskader (S00-T78),"per 1000, standardisert",24.4,2,12,7
Innlandet,2025-01-01,Menn,75-79 år,Hodeskader (S00-S09),"per 1000, standardisert",8.0,2,12,7
Innlandet,2025-01-01,Menn,75-79 år,Hoftebrudd (S72.0-72.2),"per 1000, standardisert",5.3,2,12,7
Innlandet,2025-01-01,Menn,75-79 år,Forgiftninger (T36-T65),"per 1000, standardisert",,2,12,7
Innlandet,2025-01-01,Menn,80 år+,Hjerte og karsykdom (I00-I99),"per 1000, standardisert",95.5,2,13,7
Innlandet,2025-01-01,Menn,80 år+,KOLS (J44),"per 1000, standardisert",11.2,2,13,7
Innlandet,2025-01-01,Menn,80 år+,Sykdom i muskel-skjelettsystemet og bindevev (M00-M99),"per 1000, standardisert",25.3,2,13,7
Innlandet,2025-01-01,Menn,80 år+,Personskader (S00-T78),"per 1000, standardisert",45.0,2,13,7
Innlandet,2025-01-01,Menn,80 år+,Hodeskader (S00-S09),"per 1000, standardisert",15.9,2,13,7
Innlandet,2025-01-01,Menn,80 år+,Hoftebrudd (S72.0-72.2),"per 1000, standardisert",13.6,2,13,7
Innlandet,2025-01-01,Menn,80 år+,Forgiftninger (T36-T65),"per 1000, standardisert",,2,13,7
Innlandet,2025-01-01,Kvinner,Alle aldre,Hjerte og karsykdom (I00-I99),"per 1000, standardisert",12.9,3,1,7
Innlandet,2025-01-01,Kvinner,Alle aldre,KOLS (J44),"per 1000, standardisert",1.7,3,1,7
Innlandet,2025-01-01,Kvinner,Alle aldre,Sykdom i muskel-skjelettsystemet og bindevev (M00-M99),"per 1000, standardisert",17.8,3,1,7
Innlandet,2025-01-01,Kvinner,Alle aldre,Personskader (S00-T78),"per 1000, standardisert",14.0,3,1,7
Innlandet,2025-01-01,Kvinner,Alle aldre,Hodeskader (S00-S09),"per 1000, standardisert",2.5,3,1,7
Innlandet,2025-01-01,Kvinner,Alle aldre,Hoftebrudd (S72.0-72.2),"per 1000, standardisert",2.5,3,1,7
Innlandet,2025-01-01,Kvinner,Alle aldre,Forgiftninger (T36-T65),"per 1000, standardisert",1.0,3,1,7
Innlandet,2025-01-01,Kvinner,0-74 år,Hjerte og karsykdom (I00-I99),"per 1000, standardisert",7.1,3,2,7
Innlandet,2025-01-01,Kvinner,0-74 år,KOLS (J44),"per 1000, standardisert",0.8,3,2,7
Innlandet,2025-01-01,Kvinner,0-74 år,Sykdom i muskel-skjelettsystemet og bindevev (M00-M99),"per 1000, standardisert",15.8,3,2,7
Innlandet,2025-01-01,Kvinner,0-74 år,Personskader (S00-T78),"per 1000, standardisert",9.7,3,2,7
Innlandet,2025-01-01,Kvinner,0-74 år,Hodeskader (S00-S09),"per 1000, standardisert",1.4,3,2,7
Innlandet,2025-01-01,Kvinner,0-74 år,Hoftebrudd (S72.0-72.2),"per 1000, standardisert",0.5,3,2,7
Innlandet,2025-01-01,Kvinner,0-74 år,Forgiftninger (T36-T65),"per 1000, standardisert",1.0,3,2,7
Innlandet,2025-01-01,Kvinner,0-44 år,Hjerte og karsykdom (I00-I99),"per 1000, standardisert",2.2,3,3,7
Innlandet,2025-01-01,Kvinner,0-44 år,KOLS (J44),"per 1000, standardisert",,3,3,7
Innlandet,2025-01-01,Kvinner,0-44 år,Sykdom i muskel-skjelettsystemet og bindevev (M00-M99),"per 1000, standardisert",7.8,3,3,7
Innlandet,2025-01-01,Kvinner,0-44 år,Personskader (S00-T78),"per 1000, standardisert",8.4,3,3,7
Innlandet,2025-01-01,Kvinner,0-44 år,Hodeskader (S00-S09),"per 1000, standardisert",1.5,3,3,7
Innlandet,2025-01-01,Kvinner,0-44 år,Hoftebrudd (S72.0-72.2),"per 1000, standardisert",,3,3,7
Innlandet,2025-01-01,Kvinner,0-44 år,Forgiftninger (T36-T65),"per 1000, standardisert",1.2,3,3,7
Innlandet,2025-01-01,Kvinner,0-24 år,Hjerte og karsykdom (I00-I99),"per 1000, standardisert",0.9,3,4,7
Innlandet,2025-01-01,Kvinner,0-24 år,KOLS (J44),"per 1000, standardisert",,3,4,7
Innlandet,2025-01-01,Kvinner,0-24 år,Sykdom i muskel-skjelettsystemet og bindevev (M00-M99),"per 1000, standardisert",5.0,3,4,7
Innlandet,2025-01-01,Kvinner,0-24 år,Personskader (S00-T78),"per 1000, standardisert",10.3,3,4,7
Innlandet,2025-01-01,Kvinner,0-24 år,Hodeskader (S00-S09),"per 1000, standardisert",2.5,3,4,7
Innlandet,2025-01-01,Kvinner,0-24 år,Hoftebrudd (S72.0-72.2),"per 1000, standardisert",,3,4,7
Innlandet,2025-01-01,Kvinner,0-24 år,Forgiftninger (T36-T65),"per 1000, standardisert",1.5,3,4,7
Innlandet,2025-01-01,Kvinner,0-14 år,Hjerte og karsykdom (I00-I99),"per 1000, standardisert",0.5,3,5,7
Innlandet,2025-01-01,Kvinner,0-14 år,KOLS (J44),"per 1000, standardisert",,3,5,7
Innlandet,2025-01-01,Kvinner,0-14 år,Sykdom i muskel-skjelettsystemet og bindevev (M00-M99),"per 1000, standardisert",2.3,3,5,7
Innlandet,2025-01-01,Kvinner,0-14 år,Personskader (S00-T78),"per 1000, standardisert",9.9,3,5,7
Innlandet,2025-01-01,Kvinner,0-14 år,Hodeskader (S00-S09),"per 1000, standardisert",3.1,3,5,7
Innlandet,2025-01-01,Kvinner,0-14 år,Hoftebrudd (S72.0-72.2),"per 1000, standardisert",,3,5,7
Innlandet,2025-01-01,Kvinner,0-14 år,Forgiftninger (T36-T65),"per 1000, standardisert",0.5,3,5,7
Innlandet,2025-01-01,Kvinner,15-24 år,Hjerte og karsykdom (I00-I99),"per 1000, standardisert",1.5,3,6,7
Innlandet,2025-01-01,Kvinner,15-24 år,KOLS (J44),"per 1000, standardisert",,3,6,7
Innlandet,2025-01-01,Kvinner,15-24 år,Sykdom i muskel-skjelettsystemet og bindevev (M00-M99),"per 1000, standardisert",8.5,3,6,7
Innlandet,2025-01-01,Kvinner,15-24 år,Personskader (S00-T78),"per 1000, standardisert",10.9,3,6,7
Innlandet,2025-01-01,Kvinner,15-24 år,Hodeskader (S00-S09),"per 1000, standardisert",1.8,3,6,7
Innlandet,2025-01-01,Kvinner,15-24 år,Hoftebrudd (S72.0-72.2),"per 1000, standardisert",,3,6,7
Innlandet,2025-01-01,Kvinner,15-24 år,Forgiftninger (T36-T65),"per 1000, standardisert",2.8,3,6,7
Innlandet,2025-01-01,Kvinner,25-44 år,Hjerte og karsykdom (I00-I99),"per 1000, standardisert",3.5,3,7,7
Innlandet,2025-01-01,Kvinner,25-44 år,KOLS (J44),"per 1000, standardisert",,3,7,7
Innlandet,2025-01-01,Kvinner,25-44 år,Sykdom i muskel-skjelettsystemet og bindevev (M00-M99),"per 1000, standardisert",10.6,3,7,7
Innlandet,2025-01-01,Kvinner,25-44 år,Personskader (S00-T78),"per 1000, standardisert",6.4,3,7,7
Innlandet,2025-01-01,Kvinner,25-44 år,Hodeskader (S00-S09),"per 1000, standardisert",0.5,3,7,7
Innlandet,2025-01-01,Kvinner,25-44 år,Hoftebrudd (S72.0-72.2),"per 1000, standardisert",,3,7,7
Innlandet,2025-01-01,Kvinner,25-44 år,Forgiftninger (T36-T65),"per 1000, standardisert",1.0,3,7,7
Innlandet,2025-01-01,Kvinner,45-74 år,Hjerte og karsykdom (I00-I99),"per 1000, standardisert",14.6,3,8,7
Innlandet,2025-01-01,Kvinner,45-74 år,KOLS (J44),"per 1000, standardisert",,3,8,7
Innlandet,2025-01-01,Kvinner,45-74 år,Sykdom i muskel-skjelettsystemet og bindevev (M00-M99),"per 1000, standardisert",27.9,3,8,7
Innlandet,2025-01-01,Kvinner,45-74 år,Personskader (S00-T78),"per 1000, standardisert",12.0,3,8,7
Innlandet,2025-01-01,Kvinner,45-74 år,Hodeskader (S00-S09),"per 1000, standardisert",1.2,3,8,7
Innlandet,2025-01-01,Kvinner,45-74 år,Hoftebrudd (S72.0-72.2),"per 1000, standardisert",,3,8,7
Innlandet,2025-01-01,Kvinner,45-74 år,Forgiftninger (T36-T65),"per 1000, standardisert",0.7,3,8,7
Innlandet,2025-01-01,Kvinner,45-64 år,Hjerte og karsykdom (I00-I99),"per 1000, standardisert",9.8,3,9,7
Innlandet,2025-01-01,Kvinner,45-64 år,KOLS (J44),"per 1000, standardisert",0.9,3,9,7
Innlandet,2025-01-01,Kvinner,45-64 år,Sykdom i muskel-skjelettsystemet og bindevev (M00-M99),"per 1000, standardisert",24.6,3,9,7
Innlandet,2025-01-01,Kvinner,45-64 år,Personskader (S00-T78),"per 1000, standardisert",10.2,3,9,7
Innlandet,2025-01-01,Kvinner,45-64 år,Hodeskader (S00-S09),"per 1000, standardisert",1.0,3,9,7
Innlandet,2025-01-01,Kvinner,45-64 år,Hoftebrudd (S72.0-72.2),"per 1000, standardisert",0.4,3,9,7
Innlandet,2025-01-01,Kvinner,45-64 år,Forgiftninger (T36-T65),"per 1000, standardisert",0.8,3,9,7
Innlandet,2025-01-01,Kvinner,65-74 år,Hjerte og karsykdom (I00-I99),"per 1000, standardisert",26.4,3,10,7
Innlandet,2025-01-01,Kvinner,65-74 år,KOLS (J44),"per 1000, standardisert",,3,10,7
Innlandet,2025-01-01,Kvinner,65-74 år,Sykdom i muskel-skjelettsystemet og bindevev (M00-M99),"per 1000, standardisert",36.3,3,10,7
Innlandet,2025-01-01,Kvinner,65-74 år,Personskader (S00-T78),"per 1000, standardisert",16.7,3,10,7
Innlandet,2025-01-01,Kvinner,65-74 år,Hodeskader (S00-S09),"per 1000, standardisert",2.0,3,10,7
Innlandet,2025-01-01,Kvinner,65-74 år,Hoftebrudd (S72.0-72.2),"per 1000, standardisert",,3,10,7
Innlandet,2025-01-01,Kvinner,65-74 år,Forgiftninger (T36-T65),"per 1000, standardisert",0.6,3,10,7
Innlandet,2025-01-01,Kvinner,75 år+,Hjerte og karsykdom (I00-I99),"per 1000, standardisert",62.1,3,11,7
Innlandet,2025-01-01,Kvinner,75 år+,KOLS (J44),"per 1000, standardisert",8.7,3,11,7
Innlandet,2025-01-01,Kvinner,75 år+,Sykdom i muskel-skjelettsystemet og bindevev (M00-M99),"per 1000, standardisert",36.0,3,11,7
Innlandet,2025-01-01,Kvinner,75 år+,Personskader (S00-T78),"per 1000, standardisert",50.4,3,11,7
Innlandet,2025-01-01,Kvinner,75 år+,Hodeskader (S00-S09),"per 1000, standardisert",12.0,3,11,7
Innlandet,2025-01-01,Kvinner,75 år+,Hoftebrudd (S72.0-72.2),"per 1000, standardisert",18.5,3,11,7
Innlandet,2025-01-01,Kvinner,75 år+,Forgiftninger (T36-T65),"per 1000, standardisert",0.6,3,11,7
Innlandet,2025-01-01,Kvinner,75-79 år,Hjerte og karsykdom (I00-I99),"per 1000, standardisert",43.0,3,12,7
Innlandet,2025-01-01,Kvinner,75-79 år,KOLS (J44),"per 1000, standardisert",10.1,3,12,7
Innlandet,2025-01-01,Kvinner,75-79 år,Sykdom i muskel-skjelettsystemet og bindevev (M00-M99),"per 1000, standardisert",40.8,3,12,7
Innlandet,2025-01-01,Kvinner,75-79 år,Personskader (S00-T78),"per 1000, standardisert",30.1,3,12,7
Innlandet,2025-01-01,Kvinner,75-79 år,Hodeskader (S00-S09),"per 1000, standardisert",5.0,3,12,7
Innlandet,2025-01-01,Kvinner,75-79 år,Hoftebrudd (S72.0-72.2),"per 1000, standardisert",9.3,3,12,7
Innlandet,2025-01-01,Kvinner,75-79 år,Forgiftninger (T36-T65),"per 1000, standardisert",,3,12,7
Innlandet,2025-01-01,Kvinner,80 år+,Hjerte og karsykdom (I00-I99),"per 1000, standardisert",75.9,3,13,7
Innlandet,2025-01-01,Kvinner,80 år+,KOLS (J44),"per 1000, standardisert",7.7,3,13,7
Innlandet,2025-01-01,Kvinner,80 år+,Sykdom i muskel-skjelettsystemet og bindevev (M00-M99),"per 1000, standardisert",32.6,3,13,7
Innlandet,2025-01-01,Kvinner,80 år+,Personskader (S00-T78),"per 1000, standardisert",65.0,3,13,7
Innlandet,2025-01-01,Kvinner,80 år+,Hodeskader (S00-S09),"per 1000, standardisert",17.0,3,13,7
Innlandet,2025-01-01,Kvinner,80 år+,Hoftebrudd (S72.0-72.2),"per 1000, standardisert",25.2,3,13,7
Innlandet,2025-01-01,Kvinner,80 år+,Forgiftninger (T36-T65),"per 1000, standardisert",,3,13,7
Vestfold,2025-01-01,Kjønn samlet,Alle aldre,Hjerte og karsykdom (I00-I99),"per 1000, standardisert",14.3,1,1,14
Vestfold,2025-01-01,Kjønn samlet,Alle aldre,KOLS (J44),"per 1000, standardisert",1.4,1,1,14
Vestfold,2025-01-01,Kjønn samlet,Alle aldre,Sykdom i muskel-skjelettsystemet og bindevev (M00-M99),"per 1000, standardisert",18.3,1,1,14
Vestfold,2025-01-01,Kjønn samlet,Alle aldre,Personskader (S00-T78),"per 1000, standardisert",14.5,1,1,14
Vestfold,2025-01-01,Kjønn samlet,Alle aldre,Hodeskader (S00-S09),"per 1000, standardisert",3.8,1,1,14
Vestfold,2025-01-01,Kjønn samlet,Alle aldre,Hoftebrudd (S72.0-72.2),"per 1000, standardisert",0.7,1,1,14
Vestfold,2025-01-01,Kjønn samlet,Alle aldre,Forgiftninger (T36-T65),"per 1000, standardisert",0.8,1,1,14
Vestfold,2025-01-01,Kjønn samlet,0-74 år,Hjerte og karsykdom (I00-I99),"per 1000, standardisert",8.8,1,2,14
Vestfold,2025-01-01,Kjønn samlet,0-74 år,KOLS (J44),"per 1000, standardisert",0.6,1,2,14
Vestfold,2025-01-01,Kjønn samlet,0-74 år,Sykdom i muskel-skjelettsystemet og bindevev (M00-M99),"per 1000, standardisert",15.3,1,2,14
Vestfold,2025-01-01,Kjønn samlet,0-74 år,Personskader (S00-T78),"per 1000, standardisert",11.8,1,2,14
Vestfold,2025-01-01,Kjønn samlet,0-74 år,Hodeskader (S00-S09),"per 1000, standardisert",2.5,1,2,14
Vestfold,2025-01-01,Kjønn samlet,0-74 år,Hoftebrudd (S72.0-72.2),"per 1000, standardisert",0.2,1,2,14
Vestfold,2025-01-01,Kjønn samlet,0-74 år,Forgiftninger (T36-T65),"per 1000, standardisert",0.9,1,2,14
Vestfold,2025-01-01,Kjønn samlet,0-44 år,Hjerte og karsykdom (I00-I99),"per 1000, standardisert",2.1,1,3,14
Vestfold,2025-01-01,Kjønn samlet,0-44 år,KOLS (J44),"per 1000, standardisert",,1,3,14
Vestfold,2025-01-01,Kjønn samlet,0-44 år,Sykdom i muskel-skjelettsystemet og bindevev (M00-M99),"per 1000, standardisert",8.0,1,3,14
Vestfold,2025-01-01,Kjønn samlet,0-44 år,Personskader (S00-T78),"per 1000, standardisert",11.0,1,3,14
Vestfold,2025-01-01,Kjønn samlet,0-44 år,Hodeskader (S00-S09),"per 1000, standardisert",2.3,1,3,14
Vestfold,2025-01-01,Kjønn samlet,0-44 år,Hoftebrudd (S72.0-72.2),"per 1000, standardisert",,1,3,14
Vestfold,2025-01-01,Kjønn samlet,0-44 år,Forgiftninger (T36-T65),"per 1000, standardisert",1.0,1,3,14
Vestfold,2025-01-01,Kjønn samlet,0-24 år,Hjerte og karsykdom (I00-I99),"per 1000, standardisert",1.0,1,4,14
Vestfold,2025-01-01,Kjønn samlet,0-24 år,KOLS (J44),"per 1000, standardisert",,1,4,14
Vestfold,2025-01-01,Kjønn samlet,0-24 år,Sykdom i muskel-skjelettsystemet og bindevev (M00-M99),"per 1000, standardisert",4.7,1,4,14
Vestfold,2025-01-01,Kjønn samlet,0-24 år,Personskader (S00-T78),"per 1000, standardisert",12.9,1,4,14
Vestfold,2025-01-01,Kjønn samlet,0-24 år,Hodeskader (S00-S09),"per 1000, standardisert",3.0,1,4,14
Vestfold,2025-01-01,Kjønn samlet,0-24 år,Hoftebrudd (S72.0-72.2),"per 1000, standardisert",,1,4,14
Vestfold,2025-01-01,Kjønn samlet,0-24 år,Forgiftninger (T36-T65),"per 1000, standardisert",0.9,1,4,14
Vestfold,2025-01-01,Kjønn samlet,0-14 år,Hjerte og karsykdom (I00-I99),"per 1000, standardisert",0.6,1,5,14
Vestfold,2025-01-01,Kjønn samlet,0-14 år,KOLS (J44),"per 1000, standardisert",,1,5,14
Vestfold,2025-01-01,Kjønn samlet,0-14 år,Sykdom i muskel-skjelettsystemet og bindevev (M00-M99),"per 1000, standardisert",2.8,1,5,14
Vestfold,2025-01-01,Kjønn samlet,0-14 år,Personskader (S00-T78),"per 1000, standardisert",12.2,1,5,14
Vestfold,2025-01-01,Kjønn samlet,0-14 år,Hodeskader (S00-S09),"per 1000, standardisert",3.4,1,5,14
Vestfold,2025-01-01,Kjønn samlet,0-14 år,Hoftebrudd (S72.0-72.2),"per 1000, standardisert",,1,5,14
Vestfold,2025-01-01,Kjønn samlet,0-14 år,Forgiftninger (T36-T65),"per 1000, standardisert",0.3,1,5,14
Vestfold,2025-01-01,Kjønn samlet,15-24 år,Hjerte og karsykdom (I00-I99),"per 1000, standardisert",1.5,1,6,14
Vestfold,2025-01-01,Kjønn samlet,15-24 år,KOLS (J44),"per 1000, standardisert",,1,6,14
Vestfold,2025-01-01,Kjønn samlet,15-24 år,Sykdom i muskel-skjelettsystemet og bindevev (M00-M99),"per 1000, standardisert",7.2,1,6,14
Vestfold,2025-01-01,Kjønn samlet,15-24 år,Personskader (S00-T78),"per 1000, standardisert",13.8,1,6,14
Vestfold,2025-01-01,Kjønn samlet,15-24 år,Hodeskader (S00-S09),"per 1000, standardisert",2.4,1,6,14
Vestfold,2025-01-01,Kjønn samlet,15-24 år,Hoftebrudd (S72.0-72.2),"per 1000, standardisert",,1,6,14
Vestfold,2025-01-01,Kjønn samlet,15-24 år,Forgiftninger (T36-T65),"per 1000, standardisert",1.6,1,6,14
Vestfold,2025-01-01,Kjønn samlet,25-44 år,Hjerte og karsykdom (I00-I99),"per 1000, standardisert",3.2,1,7,14
Vestfold,2025-01-01,Kjønn samlet,25-44 år,KOLS (J44),"per 1000, standardisert",,1,7,14
Vestfold,2025-01-01,Kjønn samlet,25-44 år,Sykdom i muskel-skjelettsystemet og bindevev (M00-M99),"per 1000, standardisert",11.2,1,7,14
Vestfold,2025-01-01,Kjønn samlet,25-44 år,Personskader (S00-T78),"per 1000, standardisert",8.9,1,7,14
Vestfold,2025-01-01,Kjønn samlet,25-44 år,Hodeskader (S00-S09),"per 1000, standardisert",1.5,1,7,14
Vestfold,2025-01-01,Kjønn samlet,25-44 år,Hoftebrudd (S72.0-72.2),"per 1000, standardisert",,1,7,14
Vestfold,2025-01-01,Kjønn samlet,25-44 år,Forgiftninger (T36-T65),"per 1000, standardisert",1.2,1,7,14
Vestfold,2025-01-01,Kjønn samlet,45-74 år,Hjerte og karsykdom (I00-I99),"per 1000, standardisert",19.1,1,8,14
Vestfold,2025-01-01,Kjønn samlet,45-74 år,KOLS (J44),"per 1000, standardisert",,1,8,14
Vestfold,2025-01-01,Kjønn samlet,45-74 år,Sykdom i muskel-skjelettsystemet og bindevev (M00-M99),"per 1000, standardisert",26.6,1,8,14
Vestfold,2025-01-01,Kjønn samlet,45-74 år,Personskader (S00-T78),"per 1000, standardisert",13.2,1,8,14
Vestfold,2025-01-01,Kjønn samlet,45-74 år,Hodeskader (S00-S09),"per 1000, standardisert",2.9,1,8,14
Vestfold,2025-01-01,Kjønn samlet,45-74 år,Hoftebrudd (S72.0-72.2),"per 1000, standardisert",,1,8,14
Vestfold,2025-01-01,Kjønn samlet,45-74 år,Forgiftninger (T36-T65),"per 1000, standardisert",0.7,1,8,14
Vestfold,2025-01-01,Kjønn samlet,45-64 år,Hjerte og karsykdom (I00-I99),"per 1000, standardisert",12.3,1,9,14
Vestfold,2025-01-01,Kjønn samlet,45-64 år,KOLS (J44),"per 1000, standardisert",0.5,1,9,14
Vestfold,2025-01-01,Kjønn samlet,45-64 år,Sykdom i muskel-skjelettsystemet og bindevev (M00-M99),"per 1000, standardisert",22.9,1,9,14
Vestfold,2025-01-01,Kjønn samlet,45-64 år,Personskader (S00-T78),"per 1000, standardisert",11.5,1,9,14
Vestfold,2025-01-01,Kjønn samlet,45-64 år,Hodeskader (S00-S09),"per 1000, standardisert",2.1,1,9,14
Vestfold,2025-01-01,Kjønn samlet,45-64 år,Hoftebrudd (S72.0-72.2),"per 1000, standardisert",0.3,1,9,14
Vestfold,2025-01-01,Kjønn samlet,45-64 år,Forgiftninger (T36-T65),"per 1000, standardisert",0.7,1,9,14
Vestfold,2025-01-01,Kjønn samlet,65-74 år,Hjerte og karsykdom (I00-I99),"per 1000, standardisert",36.0,1,10,14
Vestfold,2025-01-01,Kjønn samlet,65-74 år,KOLS (J44),"per 1000, standardisert",,1,10,14
Vestfold,2025-01-01,Kjønn samlet,65-74 år,Sykdom i muskel-skjelettsystemet og bindevev (M00-M99),"per 1000, standardisert",36.4,1,10,14
Vestfold,2025-01-01,Kjønn samlet,65-74 år,Personskader (S00-T78),"per 1000, standardisert",17.7,1,10,14
Vestfold,2025-01-01,Kjønn samlet,65-74 år,Hodeskader (S00-S09),"per 1000, standardisert",4.9,1,10,14
Vestfold,2025-01-01,Kjønn samlet,65-74 år,Hoftebrudd (S72.0-72.2),"per 1000, standardisert",,1,10,14
Vestfold,2025-01-01,Kjønn samlet,65-74 år,Forgiftninger (T36-T65),"per 1000, standardisert",0.8,1,10,14
Vestfold,2025-01-01,Kjønn samlet,75 år+,Hjerte og karsykdom (I00-I99),"per 1000, standardisert",66.3,1,11,14
Vestfold,2025-01-01,Kjønn samlet,75 år+,KOLS (J44),"per 1000, standardisert",8.7,1,11,14
Vestfold,2025-01-01,Kjønn samlet,75 år+,Sykdom i muskel-skjelettsystemet og bindevev (M00-M99),"per 1000, standardisert",47.0,1,11,14
Vestfold,2025-01-01,Kjønn samlet,75 år+,Personskader (S00-T78),"per 1000, standardisert",41.0,1,11,14
Vestfold,2025-01-01,Kjønn samlet,75 år+,Hodeskader (S00-S09),"per 1000, standardisert",16.2,1,11,14
Vestfold,2025-01-01,Kjønn samlet,75 år+,Hoftebrudd (S72.0-72.2),"per 1000, standardisert",5.8,1,11,14
Vestfold,2025-01-01,Kjønn samlet,75 år+,Forgiftninger (T36-T65),"per 1000, standardisert",0.4,1,11,14
Vestfold,2025-01-01,Kjønn samlet,75-79 år,Hjerte og karsykdom (I00-I99),"per 1000, standardisert",53.1,1,12,14
Vestfold,2025-01-01,Kjønn samlet,75-79 år,KOLS (J44),"per 1000, standardisert",8.5,1,12,14
Vestfold,2025-01-01,Kjønn samlet,75-79 år,Sykdom i muskel-skjelettsystemet og bindevev (M00-M99),"per 1000, standardisert",47.6,1,12,14
Vestfold,2025-01-01,Kjønn samlet,75-79 år,Personskader (S00-T78),"per 1000, standardisert",24.8,1,12,14
Vestfold,2025-01-01,Kjønn samlet,75-79 år,Hodeskader (S00-S09),"per 1000, standardisert",7.5,1,12,14
Vestfold,2025-01-01,Kjønn samlet,75-79 år,Hoftebrudd (S72.0-72.2),"per 1000, standardisert",3.1,1,12,14
Vestfold,2025-01-01,Kjønn samlet,75-79 år,Forgiftninger (T36-T65),"per 1000, standardisert",,1,12,14
Vestfold,2025-01-01,Kjønn samlet,80 år+,Hjerte og karsykdom (I00-I99),"per 1000, standardisert",76.9,1,13,14
Vestfold,2025-01-01,Kjønn samlet,80 år+,KOLS (J44),"per 1000, standardisert",8.9,1,13,14
Vestfold,2025-01-01,Kjønn samlet,80 år+,Sykdom i muskel-skjelettsystemet og bindevev (M00-M99),"per 1000, standardisert",46.6,1,13,14
Vestfold,2025-01-01,Kjønn samlet,80 år+,Personskader (S00-T78),"per 1000, standardisert",54.0,1,13,14
Vestfold,2025-01-01,Kjønn samlet,80 år+,Hodeskader (S00-S09),"per 1000, standardisert",23.2,1,13,14
Vestfold,2025-01-01,Kjønn samlet,80 år+,Hoftebrudd (S72.0-72.2),"per 1000, standardisert",7.9,1,13,14
Vestfold,2025-01-01,Kjønn samlet,80 år+,Forgiftninger (T36-T65),"per 1000, standardisert",,1,13,14
Vestfold,2025-01-01,Menn,Alle aldre,Hjerte og karsykdom (I00-I99),"per 1000, standardisert",17.3,2,1,14
Vestfold,2025-01-01,Menn,Alle aldre,KOLS (J44),"per 1000, standardisert",1.2,2,1,14
Vestfold,2025-01-01,Menn,Alle aldre,Sykdom i muskel-skjelettsystemet og bindevev (M00-M99),"per 1000, standardisert",15.5,2,1,14
Vestfold,2025-01-01,Menn,Alle aldre,Personskader (S00-T78),"per 1000, standardisert",14.4,2,1,14
Vestfold,2025-01-01,Menn,Alle aldre,Hodeskader (S00-S09),"per 1000, standardisert",4.0,2,1,14
Vestfold,2025-01-01,Menn,Alle aldre,Hoftebrudd (S72.0-72.2),"per 1000, standardisert",0.5,2,1,14
Vestfold,2025-01-01,Menn,Alle aldre,Forgiftninger (T36-T65),"per 1000, standardisert",,2,1,14
Vestfold,2025-01-01,Menn,0-74 år,Hjerte og karsykdom (I00-I99),"per 1000, standardisert",11.3,2,2,14
Vestfold,2025-01-01,Menn,0-74 år,KOLS (J44),"per 1000, standardisert",0.5,2,2,14
Vestfold,2025-01-01,Menn,0-74 år,Sykdom i muskel-skjelettsystemet og bindevev (M00-M99),"per 1000, standardisert",13.5,2,2,14
Vestfold,2025-01-01,Menn,0-74 år,Personskader (S00-T78),"per 1000, standardisert",12.7,2,2,14
Vestfold,2025-01-01,Menn,0-74 år,Hodeskader (S00-S09),"per 1000, standardisert",2.9,2,2,14
Vestfold,2025-01-01,Menn,0-74 år,Hoftebrudd (S72.0-72.2),"per 1000, standardisert",0.2,2,2,14
Vestfold,2025-01-01,Menn,0-74 år,Forgiftninger (T36-T65),"per 1000, standardisert",0.7,2,2,14
Vestfold,2025-01-01,Menn,0-44 år,Hjerte og karsykdom (I00-I99),"per 1000, standardisert",2.4,2,3,14
Vestfold,2025-01-01,Menn,0-44 år,KOLS (J44),"per 1000, standardisert",,2,3,14
Vestfold,2025-01-01,Menn,0-44 år,Sykdom i muskel-skjelettsystemet og bindevev (M00-M99),"per 1000, standardisert",7.1,2,3,14
Vestfold,2025-01-01,Menn,0-44 år,Personskader (S00-T78),"per 1000, standardisert",12.3,2,3,14
Vestfold,2025-01-01,Menn,0-44 år,Hodeskader (S00-S09),"per 1000, standardisert",2.6,2,3,14
Vestfold,2025-01-01,Menn,0-44 år,Hoftebrudd (S72.0-72.2),"per 1000, standardisert",,2,3,14
Vestfold,2025-01-01,Menn,0-44 år,Forgiftninger (T36-T65),"per 1000, standardisert",0.7,2,3,14
Vestfold,2025-01-01,Menn,0-24 år,Hjerte og karsykdom (I00-I99),"per 1000, standardisert",1.0,2,4,14
Vestfold,2025-01-01,Menn,0-24 år,KOLS (J44),"per 1000, standardisert",,2,4,14
Vestfold,2025-01-01,Menn,0-24 år,Sykdom i muskel-skjelettsystemet og bindevev (M00-M99),"per 1000, standardisert",4.2,2,4,14
Vestfold,2025-01-01,Menn,0-24 år,Personskader (S00-T78),"per 1000, standardisert",14.4,2,4,14
Vestfold,2025-01-01,Menn,0-24 år,Hodeskader (S00-S09),"per 1000, standardisert",3.4,2,4,14
Vestfold,2025-01-01,Menn,0-24 år,Hoftebrudd (S72.0-72.2),"per 1000, standardisert",,2,4,14
Vestfold,2025-01-01,Menn,0-24 år,Forgiftninger (T36-T65),"per 1000, standardisert",0.4,2,4,14
Vestfold,2025-01-01,Menn,0-14 år,Hjerte og karsykdom (I00-I99),"per 1000, standardisert",0.6,2,5,14
Vestfold,2025-01-01,Menn,0-14 år,KOLS (J44),"per 1000, standardisert",,2,5,14
Vestfold,2025-01-01,Menn,0-14 år,Sykdom i muskel-skjelettsystemet og bindevev (M00-M99),"per 1000, standardisert",2.8,2,5,14
Vestfold,2025-01-01,Menn,0-14 år,Personskader (S00-T78),"per 1000, standardisert",13.2,2,5,14
Vestfold,2025-01-01,Menn,0-14 år,Hodeskader (S00-S09),"per 1000, standardisert",3.4,2,5,14
Vestfold,2025-01-01,Menn,0-14 år,Hoftebrudd (S72.0-72.2),"per 1000, standardisert",,2,5,14
Vestfold,2025-01-01,Menn,0-14 år,Forgiftninger (T36-T65),"per 1000, standardisert",,2,5,14
Vestfold,2025-01-01,Menn,15-24 år,Hjerte og karsykdom (I00-I99),"per 1000, standardisert",1.6,2,6,14
Vestfold,2025-01-01,Menn,15-24 år,KOLS (J44),"per 1000, standardisert",,2,6,14
Vestfold,2025-01-01,Menn,15-24 år,Sykdom i muskel-skjelettsystemet og bindevev (M00-M99),"per 1000, standardisert",6.1,2,6,14
Vestfold,2025-01-01,Menn,15-24 år,Personskader (S00-T78),"per 1000, standardisert",15.9,2,6,14
Vestfold,2025-01-01,Menn,15-24 år,Hodeskader (S00-S09),"per 1000, standardisert",3.3,2,6,14
Vestfold,2025-01-01,Menn,15-24 år,Hoftebrudd (S72.0-72.2),"per 1000, standardisert",,2,6,14
Vestfold,2025-01-01,Menn,15-24 år,Forgiftninger (T36-T65),"per 1000, standardisert",,2,6,14
Vestfold,2025-01-01,Menn,25-44 år,Hjerte og karsykdom (I00-I99),"per 1000, standardisert",3.7,2,7,14
Vestfold,2025-01-01,Menn,25-44 år,KOLS (J44),"per 1000, standardisert",,2,7,14
Vestfold,2025-01-01,Menn,25-44 år,Sykdom i muskel-skjelettsystemet og bindevev (M00-M99),"per 1000, standardisert",10.1,2,7,14
Vestfold,2025-01-01,Menn,25-44 år,Personskader (S00-T78),"per 1000, standardisert",10.1,2,7,14
Vestfold,2025-01-01,Menn,25-44 år,Hodeskader (S00-S09),"per 1000, standardisert",1.8,2,7,14
Vestfold,2025-01-01,Menn,25-44 år,Hoftebrudd (S72.0-72.2),"per 1000, standardisert",,2,7,14
Vestfold,2025-01-01,Menn,25-44 år,Forgiftninger (T36-T65),"per 1000, standardisert",0.9,2,7,14
Vestfold,2025-01-01,Menn,45-74 år,Hjerte og karsykdom (I00-I99),"per 1000, standardisert",25.3,2,8,14
Vestfold,2025-01-01,Menn,45-74 år,KOLS (J44),"per 1000, standardisert",,2,8,14
Vestfold,2025-01-01,Menn,45-74 år,Sykdom i muskel-skjelettsystemet og bindevev (M00-M99),"per 1000, standardisert",23.4,2,8,14
Vestfold,2025-01-01,Menn,45-74 år,Personskader (S00-T78),"per 1000, standardisert",13.4,2,8,14
Vestfold,2025-01-01,Menn,45-74 år,Hodeskader (S00-S09),"per 1000, standardisert",3.4,2,8,14
Vestfold,2025-01-01,Menn,45-74 år,Hoftebrudd (S72.0-72.2),"per 1000, standardisert",,2,8,14
Vestfold,2025-01-01,Menn,45-74 år,Forgiftninger (T36-T65),"per 1000, standardisert",0.7,2,8,14
Vestfold,2025-01-01,Menn,45-64 år,Hjerte og karsykdom (I00-I99),"per 1000, standardisert",16.9,2,9,14
Vestfold,2025-01-01,Menn,45-64 år,KOLS (J44),"per 1000, standardisert",0.5,2,9,14
Vestfold,2025-01-01,Menn,45-64 år,Sykdom i muskel-skjelettsystemet og bindevev (M00-M99),"per 1000, standardisert",19.8,2,9,14
Vestfold,2025-01-01,Menn,45-64 år,Personskader (S00-T78),"per 1000, standardisert",11.9,2,9,14
Vestfold,2025-01-01,Menn,45-64 år,Hodeskader (S00-S09),"per 1000, standardisert",2.4,2,9,14
Vestfold,2025-01-01,Menn,45-64 år,Hoftebrudd (S72.0-72.2),"per 1000, standardisert",0.3,2,9,14
Vestfold,2025-01-01,Menn,45-64 år,Forgiftninger (T36-T65),"per 1000, standardisert",0.7,2,9,14
Vestfold,2025-01-01,Menn,65-74 år,Hjerte og karsykdom (I00-I99),"per 1000, standardisert",47.2,2,10,14
Vestfold,2025-01-01,Menn,65-74 år,KOLS (J44),"per 1000, standardisert",,2,10,14
Vestfold,2025-01-01,Menn,65-74 år,Sykdom i muskel-skjelettsystemet og bindevev (M00-M99),"per 1000, standardisert",32.9,2,10,14
Vestfold,2025-01-01,Menn,65-74 år,Personskader (S00-T78),"per 1000, standardisert",17.4,2,10,14
Vestfold,2025-01-01,Menn,65-74 år,Hodeskader (S00-S09),"per 1000, standardisert",6.0,2,10,14
Vestfold,2025-01-01,Menn,65-74 år,Hoftebrudd (S72.0-72.2),"per 1000, standardisert",,2,10,14
Vestfold,2025-01-01,Menn,65-74 år,Forgiftninger (T36-T65),"per 1000, standardisert",,2,10,14
Vestfold,2025-01-01,Menn,75 år+,Hjerte og karsykdom (I00-I99),"per 1000, standardisert",82.0,2,11,14
Vestfold,2025-01-01,Menn,75 år+,KOLS (J44),"per 1000, standardisert",8.6,2,11,14
Vestfold,2025-01-01,Menn,75 år+,Sykdom i muskel-skjelettsystemet og bindevev (M00-M99),"per 1000, standardisert",37.7,2,11,14
Vestfold,2025-01-01,Menn,75 år+,Personskader (S00-T78),"per 1000, standardisert",33.3,2,11,14
Vestfold,2025-01-01,Menn,75 år+,Hodeskader (S00-S09),"per 1000, standardisert",15.3,2,11,14
Vestfold,2025-01-01,Menn,75 år+,Hoftebrudd (S72.0-72.2),"per 1000, standardisert",3.8,2,11,14
Vestfold,2025-01-01,Menn,75 år+,Forgiftninger (T36-T65),"per 1000, standardisert",,2,11,14
Vestfold,2025-01-01,Menn,75-79 år,Hjerte og karsykdom (I00-I99),"per 1000, standardisert",68.9,2,12,14
Vestfold,2025-01-01,Menn,75-79 år,KOLS (J44),"per 1000, standardisert",7.4,2,12,14
Vestfold,2025-01-01,Menn,75-79 år,Sykdom i muskel-skjelettsystemet og bindevev (M00-M99),"per 1000, standardisert",38.4,2,12,14
Vestfold,2025-01-01,Menn,75-79 år,Personskader (S00-T78),"per 1000, standardisert",23.1,2,12,14
Vestfold,2025-01-01,Menn,75-79 år,Hodeskader (S00-S09),"per 1000, standardisert",8.9,2,12,14
Vestfold,2025-01-01,Menn,75-79 år,Hoftebrudd (S72.0-72.2),"per 1000, standardisert",2.1,2,12,14
Vestfold,2025-01-01,Menn,75-79 år,Forgiftninger (T36-T65),"per 1000, standardisert",,2,12,14
Vestfold,2025-01-01,Menn,80 år+,Hjerte og karsykdom (I00-I99),"per 1000, standardisert",93.8,2,13,14
Vestfold,2025-01-01,Menn,80 år+,KOLS (J44),"per 1000, standardisert",9.8,2,13,14
Vestfold,2025-01-01,Menn,80 år+,Sykdom i muskel-skjelettsystemet og bindevev (M00-M99),"per 1000, standardisert",37.0,2,13,14
Vestfold,2025-01-01,Menn,80 år+,Personskader (S00-T78),"per 1000, standardisert",42.4,2,13,14
Vestfold,2025-01-01,Menn,80 år+,Hodeskader (S00-S09),"per 1000, standardisert",21.2,2,13,14
Vestfold,2025-01-01,Menn,80 år+,Hoftebrudd (S72.0-72.2),"per 1000, standardisert",5.3,2,13,14
Vestfold,2025-01-01,Menn,80 år+,Forgiftninger (T36-T65),"per 1000, standardisert",,2,13,14
Vestfold,2025-01-01,Kvinner,Alle aldre,Hjerte og karsykdom (I00-I99),"per 1000, standardisert",11.2,3,1,14
Vestfold,2025-01-01,Kvinner,Alle aldre,KOLS (J44),"per 1000, standardisert",1.6,3,1,14
Vestfold,2025-01-01,Kvinner,Alle aldre,Sykdom i muskel-skjelettsystemet og bindevev (M00-M99),"per 1000, standardisert",21.2,3,1,14
Vestfold,2025-01-01,Kvinner,Alle aldre,Personskader (S00-T78),"per 1000, standardisert",14.6,3,1,14
Vestfold,2025-01-01,Kvinner,Alle aldre,Hodeskader (S00-S09),"per 1000, standardisert",3.7,3,1,14
Vestfold,2025-01-01,Kvinner,Alle aldre,Hoftebrudd (S72.0-72.2),"per 1000, standardisert",0.9,3,1,14
Vestfold,2025-01-01,Kvinner,Alle aldre,Forgiftninger (T36-T65),"per 1000, standardisert",,3,1,14
Vestfold,2025-01-01,Kvinner,0-74 år,Hjerte og karsykdom (I00-I99),"per 1000, standardisert",6.2,3,2,14
Vestfold,2025-01-01,Kvinner,0-74 år,KOLS (J44),"per 1000, standardisert",0.7,3,2,14
Vestfold,2025-01-01,Kvinner,0-74 år,Sykdom i muskel-skjelettsystemet og bindevev (M00-M99),"per 1000, standardisert",17.2,3,2,14
Vestfold,2025-01-01,Kvinner,0-74 år,Personskader (S00-T78),"per 1000, standardisert",10.8,3,2,14
Vestfold,2025-01-01,Kvinner,0-74 år,Hodeskader (S00-S09),"per 1000, standardisert",2.1,3,2,14
Vestfold,2025-01-01,Kvinner,0-74 år,Hoftebrudd (S72.0-72.2),"per 1000, standardisert",0.2,3,2,14
Vestfold,2025-01-01,Kvinner,0-74 år,Forgiftninger (T36-T65),"per 1000, standardisert",1.1,3,2,14
Vestfold,2025-01-01,Kvinner,0-44 år,Hjerte og karsykdom (I00-I99),"per 1000, standardisert",1.8,3,3,14
Vestfold,2025-01-01,Kvinner,0-44 år,KOLS (J44),"per 1000, standardisert",,3,3,14
Vestfold,2025-01-01,Kvinner,0-44 år,Sykdom i muskel-skjelettsystemet og bindevev (M00-M99),"per 1000, standardisert",8.8,3,3,14
Vestfold,2025-01-01,Kvinner,0-44 år,Personskader (S00-T78),"per 1000, standardisert",9.6,3,3,14
Vestfold,2025-01-01,Kvinner,0-44 år,Hodeskader (S00-S09),"per 1000, standardisert",2.0,3,3,14
Vestfold,2025-01-01,Kvinner,0-44 år,Hoftebrudd (S72.0-72.2),"per 1000, standardisert",,3,3,14
Vestfold,2025-01-01,Kvinner,0-44 år,Forgiftninger (T36-T65),"per 1000, standardisert",1.4,3,3,14
Vestfold,2025-01-01,Kvinner,0-24 år,Hjerte og karsykdom (I00-I99),"per 1000, standardisert",0.9,3,4,14
Vestfold,2025-01-01,Kvinner,0-24 år,KOLS (J44),"per 1000, standardisert",,3,4,14
Vestfold,2025-01-01,Kvinner,0-24 år,Sykdom i muskel-skjelettsystemet og bindevev (M00-M99),"per 1000, standardisert",5.3,3,4,14
Vestfold,2025-01-01,Kvinner,0-24 år,Personskader (S00-T78),"per 1000, standardisert",11.4,3,4,14
Vestfold,2025-01-01,Kvinner,0-24 år,Hodeskader (S00-S09),"per 1000, standardisert",2.6,3,4,14
Vestfold,2025-01-01,Kvinner,0-24 år,Hoftebrudd (S72.0-72.2),"per 1000, standardisert",,3,4,14
Vestfold,2025-01-01,Kvinner,0-24 år,Forgiftninger (T36-T65),"per 1000, standardisert",1.3,3,4,14
Vestfold,2025-01-01,Kvinner,0-14 år,Hjerte og karsykdom (I00-I99),"per 1000, standardisert",0.5,3,5,14
Vestfold,2025-01-01,Kvinner,0-14 år,KOLS (J44),"per 1000, standardisert",,3,5,14
Vestfold,2025-01-01,Kvinner,0-14 år,Sykdom i muskel-skjelettsystemet og bindevev (M00-M99),"per 1000, standardisert",2.9,3,5,14
Vestfold,2025-01-01,Kvinner,0-14 år,Personskader (S00-T78),"per 1000, standardisert",11.2,3,5,14
Vestfold,2025-01-01,Kvinner,0-14 år,Hodeskader (S00-S09),"per 1000, standardisert",3.5,3,5,14
Vestfold,2025-01-01,Kvinner,0-14 år,Hoftebrudd (S72.0-72.2),"per 1000, standardisert",,3,5,14
Vestfold,2025-01-01,Kvinner,0-14 år,Forgiftninger (T36-T65),"per 1000, standardisert",,3,5,14
Vestfold,2025-01-01,Kvinner,15-24 år,Hjerte og karsykdom (I00-I99),"per 1000, standardisert",1.4,3,6,14
Vestfold,2025-01-01,Kvinner,15-24 år,KOLS (J44),"per 1000, standardisert",,3,6,14
Vestfold,2025-01-01,Kvinner,15-24 år,Sykdom i muskel-skjelettsystemet og bindevev (M00-M99),"per 1000, standardisert",8.3,3,6,14
Vestfold,2025-01-01,Kvinner,15-24 år,Personskader (S00-T78),"per 1000, standardisert",11.7,3,6,14
Vestfold,2025-01-01,Kvinner,15-24 år,Hodeskader (S00-S09),"per 1000, standardisert",1.5,3,6,14
Vestfold,2025-01-01,Kvinner,15-24 år,Hoftebrudd (S72.0-72.2),"per 1000, standardisert",,3,6,14
Vestfold,2025-01-01,Kvinner,15-24 år,Forgiftninger (T36-T65),"per 1000, standardisert",,3,6,14
Vestfold,2025-01-01,Kvinner,25-44 år,Hjerte og karsykdom (I00-I99),"per 1000, standardisert",2.7,3,7,14
Vestfold,2025-01-01,Kvinner,25-44 år,KOLS (J44),"per 1000, standardisert",,3,7,14
Vestfold,2025-01-01,Kvinner,25-44 år,Sykdom i muskel-skjelettsystemet og bindevev (M00-M99),"per 1000, standardisert",12.4,3,7,14
Vestfold,2025-01-01,Kvinner,25-44 år,Personskader (S00-T78),"per 1000, standardisert",7.7,3,7,14
Vestfold,2025-01-01,Kvinner,25-44 år,Hodeskader (S00-S09),"per 1000, standardisert",1.3,3,7,14
Vestfold,2025-01-01,Kvinner,25-44 år,Hoftebrudd (S72.0-72.2),"per 1000, standardisert",,3,7,14
Vestfold,2025-01-01,Kvinner,25-44 år,Forgiftninger (T36-T65),"per 1000, standardisert",1.6,3,7,14
Vestfold,2025-01-01,Kvinner,45-74 år,Hjerte og karsykdom (I00-I99),"per 1000, standardisert",12.7,3,8,14
Vestfold,2025-01-01,Kvinner,45-74 år,KOLS (J44),"per 1000, standardisert",,3,8,14
Vestfold,2025-01-01,Kvinner,45-74 år,Sykdom i muskel-skjelettsystemet og bindevev (M00-M99),"per 1000, standardisert",30.0,3,8,14
Vestfold,2025-01-01,Kvinner,45-74 år,Personskader (S00-T78),"per 1000, standardisert",13.0,3,8,14
Vestfold,2025-01-01,Kvinner,45-74 år,Hodeskader (S00-S09),"per 1000, standardisert",2.3,3,8,14
Vestfold,2025-01-01,Kvinner,45-74 år,Hoftebrudd (S72.0-72.2),"per 1000, standardisert",,3,8,14
Vestfold,2025-01-01,Kvinner,45-74 år,Forgiftninger (T36-T65),"per 1000, standardisert",0.7,3,8,14
Vestfold,2025-01-01,Kvinner,45-64 år,Hjerte og karsykdom (I00-I99),"per 1000, standardisert",7.7,3,9,14
Vestfold,2025-01-01,Kvinner,45-64 år,KOLS (J44),"per 1000, standardisert",0.6,3,9,14
Vestfold,2025-01-01,Kvinner,45-64 år,Sykdom i muskel-skjelettsystemet og bindevev (M00-M99),"per 1000, standardisert",26.1,3,9,14
Vestfold,2025-01-01,Kvinner,45-64 år,Personskader (S00-T78),"per 1000, standardisert",11.0,3,9,14
Vestfold,2025-01-01,Kvinner,45-64 år,Hodeskader (S00-S09),"per 1000, standardisert",1.7,3,9,14
Vestfold,2025-01-01,Kvinner,45-64 år,Hoftebrudd (S72.0-72.2),"per 1000, standardisert",0.3,3,9,14
Vestfold,2025-01-01,Kvinner,45-64 år,Forgiftninger (T36-T65),"per 1000, standardisert",0.7,3,9,14
Vestfold,2025-01-01,Kvinner,65-74 år,Hjerte og karsykdom (I00-I99),"per 1000, standardisert",25.1,3,10,14
Vestfold,2025-01-01,Kvinner,65-74 år,KOLS (J44),"per 1000, standardisert",,3,10,14
Vestfold,2025-01-01,Kvinner,65-74 år,Sykdom i muskel-skjelettsystemet og bindevev (M00-M99),"per 1000, standardisert",39.8,3,10,14
Vestfold,2025-01-01,Kvinner,65-74 år,Personskader (S00-T78),"per 1000, standardisert",18.0,3,10,14
Vestfold,2025-01-01,Kvinner,65-74 år,Hodeskader (S00-S09),"per 1000, standardisert",3.8,3,10,14
Vestfold,2025-01-01,Kvinner,65-74 år,Hoftebrudd (S72.0-72.2),"per 1000, standardisert",,3,10,14
Vestfold,2025-01-01,Kvinner,65-74 år,Forgiftninger (T36-T65),"per 1000, standardisert",0.7,3,10,14
Vestfold,2025-01-01,Kvinner,75 år+,Hjerte og karsykdom (I00-I99),"per 1000, standardisert",53.5,3,11,14
Vestfold,2025-01-01,Kvinner,75 år+,KOLS (J44),"per 1000, standardisert",8.8,3,11,14
Vestfold,2025-01-01,Kvinner,75 år+,Sykdom i muskel-skjelettsystemet og bindevev (M00-M99),"per 1000, standardisert",54.7,3,11,14
Vestfold,2025-01-01,Kvinner,75 år+,Personskader (S00-T78),"per 1000, standardisert",47.4,3,11,14
Vestfold,2025-01-01,Kvinner,75 år+,Hodeskader (S00-S09),"per 1000, standardisert",16.9,3,11,14
Vestfold,2025-01-01,Kvinner,75 år+,Hoftebrudd (S72.0-72.2),"per 1000, standardisert",7.4,3,11,14
Vestfold,2025-01-01,Kvinner,75 år+,Forgiftninger (T36-T65),"per 1000, standardisert",,3,11,14
Vestfold,2025-01-01,Kvinner,75-79 år,Hjerte og karsykdom (I00-I99),"per 1000, standardisert",38.3,3,12,14
Vestfold,2025-01-01,Kvinner,75-79 år,KOLS (J44),"per 1000, standardisert",9.5,3,12,14
Vestfold,2025-01-01,Kvinner,75-79 år,Sykdom i muskel-skjelettsystemet og bindevev (M00-M99),"per 1000, standardisert",56.3,3,12,14
Vestfold,2025-01-01,Kvinner,75-79 år,Personskader (S00-T78),"per 1000, standardisert",26.4,3,12,14
Vestfold,2025-01-01,Kvinner,75-79 år,Hodeskader (S00-S09),"per 1000, standardisert",6.1,3,12,14
Vestfold,2025-01-01,Kvinner,75-79 år,Hoftebrudd (S72.0-72.2),"per 1000, standardisert",4.0,3,12,14
Vestfold,2025-01-01,Kvinner,75-79 år,Forgiftninger (T36-T65),"per 1000, standardisert",,3,12,14
Vestfold,2025-01-01,Kvinner,80 år+,Hjerte og karsykdom (I00-I99),"per 1000, standardisert",64.4,3,13,14
Vestfold,2025-01-01,Kvinner,80 år+,KOLS (J44),"per 1000, standardisert",8.3,3,13,14
Vestfold,2025-01-01,Kvinner,80 år+,Sykdom i muskel-skjelettsystemet og bindevev (M00-M99),"per 1000, standardisert",53.6,3,13,14
Vestfold,2025-01-01,Kvinner,80 år+,Personskader (S00-T78),"per 1000, standardisert",62.5,3,13,14
Vestfold,2025-01-01,Kvinner,80 år+,Hodeskader (S00-S09),"per 1000, standardisert",24.7,3,13,14
Vestfold,2025-01-01,Kvinner,80 år+,Hoftebrudd (S72.0-72.2),"per 1000, standardisert",9.9,3,13,14
Vestfold,2025-01-01,Kvinner,80 år+,Forgiftninger (T36-T65),"per 1000, standardisert",,3,13,14
Telemark,2025-01-01,Kjønn samlet,Alle aldre,Hjerte og karsykdom (I00-I99),"per 1000, standardisert",15.1,1,1,1
Telemark,2025-01-01,Kjønn samlet,Alle aldre,KOLS (J44),"per 1000, standardisert",1.6,1,1,1
Telemark,2025-01-01,Kjønn samlet,Alle aldre,Sykdom i muskel-skjelettsystemet og bindevev (M00-M99),"per 1000, standardisert",17.1,1,1,1
Telemark,2025-01-01,Kjønn samlet,Alle aldre,Personskader (S00-T78),"per 1000, standardisert",16.0,1,1,1
Telemark,2025-01-01,Kjønn samlet,Alle aldre,Hodeskader (S00-S09),"per 1000, standardisert",3.9,1,1,1
Telemark,2025-01-01,Kjønn samlet,Alle aldre,Hoftebrudd (S72.0-72.2),"per 1000, standardisert",2.1,1,1,1
Telemark,2025-01-01,Kjønn samlet,Alle aldre,Forgiftninger (T36-T65),"per 1000, standardisert",1.4,1,1,1
Telemark,2025-01-01,Kjønn samlet,0-74 år,Hjerte og karsykdom (I00-I99),"per 1000, standardisert",9.5,1,2,1
Telemark,2025-01-01,Kjønn samlet,0-74 år,KOLS (J44),"per 1000, standardisert",0.8,1,2,1
Telemark,2025-01-01,Kjønn samlet,0-74 år,Sykdom i muskel-skjelettsystemet og bindevev (M00-M99),"per 1000, standardisert",15.0,1,2,1
Telemark,2025-01-01,Kjønn samlet,0-74 år,Personskader (S00-T78),"per 1000, standardisert",12.5,1,2,1
Telemark,2025-01-01,Kjønn samlet,0-74 år,Hodeskader (S00-S09),"per 1000, standardisert",2.8,1,2,1
Telemark,2025-01-01,Kjønn samlet,0-74 år,Hoftebrudd (S72.0-72.2),"per 1000, standardisert",0.6,1,2,1
Telemark,2025-01-01,Kjønn samlet,0-74 år,Forgiftninger (T36-T65),"per 1000, standardisert",1.5,1,2,1
Telemark,2025-01-01,Kjønn samlet,0-44 år,Hjerte og karsykdom (I00-I99),"per 1000, standardisert",2.1,1,3,1
Telemark,2025-01-01,Kjønn samlet,0-44 år,KOLS (J44),"per 1000, standardisert",,1,3,1
Telemark,2025-01-01,Kjønn samlet,0-44 år,Sykdom i muskel-skjelettsystemet og bindevev (M00-M99),"per 1000, standardisert",8.0,1,3,1
Telemark,2025-01-01,Kjønn samlet,0-44 år,Personskader (S00-T78),"per 1000, standardisert",11.1,1,3,1
Telemark,2025-01-01,Kjønn samlet,0-44 år,Hodeskader (S00-S09),"per 1000, standardisert",2.9,1,3,1
Telemark,2025-01-01,Kjønn samlet,0-44 år,Hoftebrudd (S72.0-72.2),"per 1000, standardisert",,1,3,1
Telemark,2025-01-01,Kjønn samlet,0-44 år,Forgiftninger (T36-T65),"per 1000, standardisert",1.6,1,3,1
Telemark,2025-01-01,Kjønn samlet,0-24 år,Hjerte og karsykdom (I00-I99),"per 1000, standardisert",1.0,1,4,1
Telemark,2025-01-01,Kjønn samlet,0-24 år,KOLS (J44),"per 1000, standardisert",,1,4,1
Telemark,2025-01-01,Kjønn samlet,0-24 år,Sykdom i muskel-skjelettsystemet og bindevev (M00-M99),"per 1000, standardisert",4.1,1,4,1
Telemark,2025-01-01,Kjønn samlet,0-24 år,Personskader (S00-T78),"per 1000, standardisert",12.8,1,4,1
Telemark,2025-01-01,Kjønn samlet,0-24 år,Hodeskader (S00-S09),"per 1000, standardisert",3.9,1,4,1
Telemark,2025-01-01,Kjønn samlet,0-24 år,Hoftebrudd (S72.0-72.2),"per 1000, standardisert",,1,4,1
Telemark,2025-01-01,Kjønn samlet,0-24 år,Forgiftninger (T36-T65),"per 1000, standardisert",1.4,1,4,1
Telemark,2025-01-01,Kjønn samlet,0-14 år,Hjerte og karsykdom (I00-I99),"per 1000, standardisert",0.9,1,5,1
Telemark,2025-01-01,Kjønn samlet,0-14 år,KOLS (J44),"per 1000, standardisert",,1,5,1
Telemark,2025-01-01,Kjønn samlet,0-14 år,Sykdom i muskel-skjelettsystemet og bindevev (M00-M99),"per 1000, standardisert",2.0,1,5,1
Telemark,2025-01-01,Kjønn samlet,0-14 år,Personskader (S00-T78),"per 1000, standardisert",11.8,1,5,1
Telemark,2025-01-01,Kjønn samlet,0-14 år,Hodeskader (S00-S09),"per 1000, standardisert",4.9,1,5,1
Telemark,2025-01-01,Kjønn samlet,0-14 år,Hoftebrudd (S72.0-72.2),"per 1000, standardisert",,1,5,1
Telemark,2025-01-01,Kjønn samlet,0-14 år,Forgiftninger (T36-T65),"per 1000, standardisert",0.3,1,5,1
Telemark,2025-01-01,Kjønn samlet,15-24 år,Hjerte og karsykdom (I00-I99),"per 1000, standardisert",1.0,1,6,1
Telemark,2025-01-01,Kjønn samlet,15-24 år,KOLS (J44),"per 1000, standardisert",,1,6,1
Telemark,2025-01-01,Kjønn samlet,15-24 år,Sykdom i muskel-skjelettsystemet og bindevev (M00-M99),"per 1000, standardisert",6.8,1,6,1
Telemark,2025-01-01,Kjønn samlet,15-24 år,Personskader (S00-T78),"per 1000, standardisert",14.2,1,6,1
Telemark,2025-01-01,Kjønn samlet,15-24 år,Hodeskader (S00-S09),"per 1000, standardisert",2.6,1,6,1
Telemark,2025-01-01,Kjønn samlet,15-24 år,Hoftebrudd (S72.0-72.2),"per 1000, standardisert",,1,6,1
Telemark,2025-01-01,Kjønn samlet,15-24 år,Forgiftninger (T36-T65),"per 1000, standardisert",2.9,1,6,1
Telemark,2025-01-01,Kjønn samlet,25-44 år,Hjerte og karsykdom (I00-I99),"per 1000, standardisert",3.2,1,7,1
Telemark,2025-01-01,Kjønn samlet,25-44 år,KOLS (J44),"per 1000, standardisert",,1,7,1
Telemark,2025-01-01,Kjønn samlet,25-44 år,Sykdom i muskel-skjelettsystemet og bindevev (M00-M99),"per 1000, standardisert",11.9,1,7,1
Telemark,2025-01-01,Kjønn samlet,25-44 år,Personskader (S00-T78),"per 1000, standardisert",9.4,1,7,1
Telemark,2025-01-01,Kjønn samlet,25-44 år,Hodeskader (S00-S09),"per 1000, standardisert",1.8,1,7,1
Telemark,2025-01-01,Kjønn samlet,25-44 år,Hoftebrudd (S72.0-72.2),"per 1000, standardisert",,1,7,1
Telemark,2025-01-01,Kjønn samlet,25-44 år,Forgiftninger (T36-T65),"per 1000, standardisert",1.9,1,7,1
Telemark,2025-01-01,Kjønn samlet,45-74 år,Hjerte og karsykdom (I00-I99),"per 1000, standardisert",20.9,1,8,1
Telemark,2025-01-01,Kjønn samlet,45-74 år,KOLS (J44),"per 1000, standardisert",,1,8,1
Telemark,2025-01-01,Kjønn samlet,45-74 år,Sykdom i muskel-skjelettsystemet og bindevev (M00-M99),"per 1000, standardisert",26.1,1,8,1
Telemark,2025-01-01,Kjønn samlet,45-74 år,Personskader (S00-T78),"per 1000, standardisert",14.7,1,8,1
Telemark,2025-01-01,Kjønn samlet,45-74 år,Hodeskader (S00-S09),"per 1000, standardisert",2.7,1,8,1
Telemark,2025-01-01,Kjønn samlet,45-74 år,Hoftebrudd (S72.0-72.2),"per 1000, standardisert",1.4,1,8,1
Telemark,2025-01-01,Kjønn samlet,45-74 år,Forgiftninger (T36-T65),"per 1000, standardisert",1.2,1,8,1
Telemark,2025-01-01,Kjønn samlet,45-64 år,Hjerte og karsykdom (I00-I99),"per 1000, standardisert",14.2,1,9,1
Telemark,2025-01-01,Kjønn samlet,45-64 år,KOLS (J44),"per 1000, standardisert",1.0,1,9,1
Telemark,2025-01-01,Kjønn samlet,45-64 år,Sykdom i muskel-skjelettsystemet og bindevev (M00-M99),"per 1000, standardisert",22.4,1,9,1
Telemark,2025-01-01,Kjønn samlet,45-64 år,Personskader (S00-T78),"per 1000, standardisert",12.5,1,9,1
Telemark,2025-01-01,Kjønn samlet,45-64 år,Hodeskader (S00-S09),"per 1000, standardisert",2.1,1,9,1
Telemark,2025-01-01,Kjønn samlet,45-64 år,Hoftebrudd (S72.0-72.2),"per 1000, standardisert",0.7,1,9,1
Telemark,2025-01-01,Kjønn samlet,45-64 år,Forgiftninger (T36-T65),"per 1000, standardisert",1.4,1,9,1
Telemark,2025-01-01,Kjønn samlet,65-74 år,Hjerte og karsykdom (I00-I99),"per 1000, standardisert",38.0,1,10,1
Telemark,2025-01-01,Kjønn samlet,65-74 år,KOLS (J44),"per 1000, standardisert",,1,10,1
Telemark,2025-01-01,Kjønn samlet,65-74 år,Sykdom i muskel-skjelettsystemet og bindevev (M00-M99),"per 1000, standardisert",35.6,1,10,1
Telemark,2025-01-01,Kjønn samlet,65-74 år,Personskader (S00-T78),"per 1000, standardisert",20.3,1,10,1
Telemark,2025-01-01,Kjønn samlet,65-74 år,Hodeskader (S00-S09),"per 1000, standardisert",4.1,1,10,1
Telemark,2025-01-01,Kjønn samlet,65-74 år,Hoftebrudd (S72.0-72.2),"per 1000, standardisert",3.4,1,10,1
Telemark,2025-01-01,Kjønn samlet,65-74 år,Forgiftninger (T36-T65),"per 1000, standardisert",0.8,1,10,1
Telemark,2025-01-01,Kjønn samlet,75 år+,Hjerte og karsykdom (I00-I99),"per 1000, standardisert",68.1,1,11,1
Telemark,2025-01-01,Kjønn samlet,75 år+,KOLS (J44),"per 1000, standardisert",8.4,1,11,1
Telemark,2025-01-01,Kjønn samlet,75 år+,Sykdom i muskel-skjelettsystemet og bindevev (M00-M99),"per 1000, standardisert",37.3,1,11,1
Telemark,2025-01-01,Kjønn samlet,75 år+,Personskader (S00-T78),"per 1000, standardisert",48.8,1,11,1
Telemark,2025-01-01,Kjønn samlet,75 år+,Hodeskader (S00-S09),"per 1000, standardisert",14.7,1,11,1
Telemark,2025-01-01,Kjønn samlet,75 år+,Hoftebrudd (S72.0-72.2),"per 1000, standardisert",16.3,1,11,1
Telemark,2025-01-01,Kjønn samlet,75 år+,Forgiftninger (T36-T65),"per 1000, standardisert",0.5,1,11,1
Telemark,2025-01-01,Kjønn samlet,75-79 år,Hjerte og karsykdom (I00-I99),"per 1000, standardisert",56.9,1,12,1
Telemark,2025-01-01,Kjønn samlet,75-79 år,KOLS (J44),"per 1000, standardisert",8.9,1,12,1
Telemark,2025-01-01,Kjønn samlet,75-79 år,Sykdom i muskel-skjelettsystemet og bindevev (M00-M99),"per 1000, standardisert",43.7,1,12,1
Telemark,2025-01-01,Kjønn samlet,75-79 år,Personskader (S00-T78),"per 1000, standardisert",31.1,1,12,1
Telemark,2025-01-01,Kjønn samlet,75-79 år,Hodeskader (S00-S09),"per 1000, standardisert",7.3,1,12,1
Telemark,2025-01-01,Kjønn samlet,75-79 år,Hoftebrudd (S72.0-72.2),"per 1000, standardisert",10.3,1,12,1
Telemark,2025-01-01,Kjønn samlet,75-79 år,Forgiftninger (T36-T65),"per 1000, standardisert",,1,12,1
Telemark,2025-01-01,Kjønn samlet,80 år+,Hjerte og karsykdom (I00-I99),"per 1000, standardisert",77.0,1,13,1
Telemark,2025-01-01,Kjønn samlet,80 år+,KOLS (J44),"per 1000, standardisert",7.9,1,13,1
Telemark,2025-01-01,Kjønn samlet,80 år+,Sykdom i muskel-skjelettsystemet og bindevev (M00-M99),"per 1000, standardisert",32.1,1,13,1
Telemark,2025-01-01,Kjønn samlet,80 år+,Personskader (S00-T78),"per 1000, standardisert",63.0,1,13,1
Telemark,2025-01-01,Kjønn samlet,80 år+,Hodeskader (S00-S09),"per 1000, standardisert",20.6,1,13,1
Telemark,2025-01-01,Kjønn samlet,80 år+,Hoftebrudd (S72.0-72.2),"per 1000, standardisert",21.0,1,13,1
Telemark,2025-01-01,Kjønn samlet,80 år+,Forgiftninger (T36-T65),"per 1000, standardisert",0.5,1,13,1
Telemark,2025-01-01,Menn,Alle aldre,Hjerte og karsykdom (I00-I99),"per 1000, standardisert",17.7,2,1,1
Telemark,2025-01-01,Menn,Alle aldre,KOLS (J44),"per 1000, standardisert",1.2,2,1,1
Telemark,2025-01-01,Menn,Alle aldre,Sykdom i muskel-skjelettsystemet og bindevev (M00-M99),"per 1000, standardisert",15.4,2,1,1
Telemark,2025-01-01,Menn,Alle aldre,Personskader (S00-T78),"per 1000, standardisert",16.2,2,1,1
Telemark,2025-01-01,Menn,Alle aldre,Hodeskader (S00-S09),"per 1000, standardisert",4.6,2,1,1
Telemark,2025-01-01,Menn,Alle aldre,Hoftebrudd (S72.0-72.2),"per 1000, standardisert",1.6,2,1,1
Telemark,2025-01-01,Menn,Alle aldre,Forgiftninger (T36-T65),"per 1000, standardisert",,2,1,1
Telemark,2025-01-01,Menn,0-74 år,Hjerte og karsykdom (I00-I99),"per 1000, standardisert",11.9,2,2,1
Telemark,2025-01-01,Menn,0-74 år,KOLS (J44),"per 1000, standardisert",0.6,2,2,1
Telemark,2025-01-01,Menn,0-74 år,Sykdom i muskel-skjelettsystemet og bindevev (M00-M99),"per 1000, standardisert",13.5,2,2,1
Telemark,2025-01-01,Menn,0-74 år,Personskader (S00-T78),"per 1000, standardisert",13.7,2,2,1
Telemark,2025-01-01,Menn,0-74 år,Hodeskader (S00-S09),"per 1000, standardisert",3.6,2,2,1
Telemark,2025-01-01,Menn,0-74 år,Hoftebrudd (S72.0-72.2),"per 1000, standardisert",0.5,2,2,1
Telemark,2025-01-01,Menn,0-74 år,Forgiftninger (T36-T65),"per 1000, standardisert",1.2,2,2,1
Telemark,2025-01-01,Menn,0-44 år,Hjerte og karsykdom (I00-I99),"per 1000, standardisert",1.9,2,3,1
Telemark,2025-01-01,Menn,0-44 år,KOLS (J44),"per 1000, standardisert",,2,3,1
Telemark,2025-01-01,Menn,0-44 år,Sykdom i muskel-skjelettsystemet og bindevev (M00-M99),"per 1000, standardisert",6.9,2,3,1
Telemark,2025-01-01,Menn,0-44 år,Personskader (S00-T78),"per 1000, standardisert",13.1,2,3,1
Telemark,2025-01-01,Menn,0-44 år,Hodeskader (S00-S09),"per 1000, standardisert",3.5,2,3,1
Telemark,2025-01-01,Menn,0-44 år,Hoftebrudd (S72.0-72.2),"per 1000, standardisert",,2,3,1
Telemark,2025-01-01,Menn,0-44 år,Forgiftninger (T36-T65),"per 1000, standardisert",1.2,2,3,1
Telemark,2025-01-01,Menn,0-24 år,Hjerte og karsykdom (I00-I99),"per 1000, standardisert",0.6,2,4,1
Telemark,2025-01-01,Menn,0-24 år,KOLS (J44),"per 1000, standardisert",,2,4,1
Telemark,2025-01-01,Menn,0-24 år,Sykdom i muskel-skjelettsystemet og bindevev (M00-M99),"per 1000, standardisert",3.1,2,4,1
Telemark,2025-01-01,Menn,0-24 år,Personskader (S00-T78),"per 1000, standardisert",15.2,2,4,1
Telemark,2025-01-01,Menn,0-24 år,Hodeskader (S00-S09),"per 1000, standardisert",4.8,2,4,1
Telemark,2025-01-01,Menn,0-24 år,Hoftebrudd (S72.0-72.2),"per 1000, standardisert",,2,4,1
Telemark,2025-01-01,Menn,0-24 år,Forgiftninger (T36-T65),"per 1000, standardisert",0.7,2,4,1
Telemark,2025-01-01,Menn,0-14 år,Hjerte og karsykdom (I00-I99),"per 1000, standardisert",,2,5,1
Telemark,2025-01-01,Menn,0-14 år,KOLS (J44),"per 1000, standardisert",,2,5,1
Telemark,2025-01-01,Menn,0-14 år,Sykdom i muskel-skjelettsystemet og bindevev (M00-M99),"per 1000, standardisert",1.6,2,5,1
Telemark,2025-01-01,Menn,0-14 år,Personskader (S00-T78),"per 1000, standardisert",13.7,2,5,1
Telemark,2025-01-01,Menn,0-14 år,Hodeskader (S00-S09),"per 1000, standardisert",5.8,2,5,1
Telemark,2025-01-01,Menn,0-14 år,Hoftebrudd (S72.0-72.2),"per 1000, standardisert",,2,5,1
Telemark,2025-01-01,Menn,0-14 år,Forgiftninger (T36-T65),"per 1000, standardisert",,2,5,1
Telemark,2025-01-01,Menn,15-24 år,Hjerte og karsykdom (I00-I99),"per 1000, standardisert",,2,6,1
Telemark,2025-01-01,Menn,15-24 år,KOLS (J44),"per 1000, standardisert",,2,6,1
Telemark,2025-01-01,Menn,15-24 år,Sykdom i muskel-skjelettsystemet og bindevev (M00-M99),"per 1000, standardisert",4.9,2,6,1
Telemark,2025-01-01,Menn,15-24 år,Personskader (S00-T78),"per 1000, standardisert",17.0,2,6,1
Telemark,2025-01-01,Menn,15-24 år,Hodeskader (S00-S09),"per 1000, standardisert",3.6,2,6,1
Telemark,2025-01-01,Menn,15-24 år,Hoftebrudd (S72.0-72.2),"per 1000, standardisert",,2,6,1
Telemark,2025-01-01,Menn,15-24 år,Forgiftninger (T36-T65),"per 1000, standardisert",,2,6,1
Telemark,2025-01-01,Menn,25-44 år,Hjerte og karsykdom (I00-I99),"per 1000, standardisert",3.4,2,7,1
Telemark,2025-01-01,Menn,25-44 år,KOLS (J44),"per 1000, standardisert",,2,7,1
Telemark,2025-01-01,Menn,25-44 år,Sykdom i muskel-skjelettsystemet og bindevev (M00-M99),"per 1000, standardisert",11.0,2,7,1
Telemark,2025-01-01,Menn,25-44 år,Personskader (S00-T78),"per 1000, standardisert",11.0,2,7,1
Telemark,2025-01-01,Menn,25-44 år,Hodeskader (S00-S09),"per 1000, standardisert",2.2,2,7,1
Telemark,2025-01-01,Menn,25-44 år,Hoftebrudd (S72.0-72.2),"per 1000, standardisert",,2,7,1
Telemark,2025-01-01,Menn,25-44 år,Forgiftninger (T36-T65),"per 1000, standardisert",1.8,2,7,1
Telemark,2025-01-01,Menn,45-74 år,Hjerte og karsykdom (I00-I99),"per 1000, standardisert",27.3,2,8,1
Telemark,2025-01-01,Menn,45-74 år,KOLS (J44),"per 1000, standardisert",,2,8,1
Telemark,2025-01-01,Menn,45-74 år,Sykdom i muskel-skjelettsystemet og bindevev (M00-M99),"per 1000, standardisert",23.8,2,8,1
Telemark,2025-01-01,Menn,45-74 år,Personskader (S00-T78),"per 1000, standardisert",14.7,2,8,1
Telemark,2025-01-01,Menn,45-74 år,Hodeskader (S00-S09),"per 1000, standardisert",3.7,2,8,1
Telemark,2025-01-01,Menn,45-74 år,Hoftebrudd (S72.0-72.2),"per 1000, standardisert",,2,8,1
Telemark,2025-01-01,Menn,45-74 år,Forgiftninger (T36-T65),"per 1000, standardisert",1.1,2,8,1
Telemark,2025-01-01,Menn,45-64 år,Hjerte og karsykdom (I00-I99),"per 1000, standardisert",18.6,2,9,1
Telemark,2025-01-01,Menn,45-64 år,KOLS (J44),"per 1000, standardisert",0.6,2,9,1
Telemark,2025-01-01,Menn,45-64 år,Sykdom i muskel-skjelettsystemet og bindevev (M00-M99),"per 1000, standardisert",20.2,2,9,1
Telemark,2025-01-01,Menn,45-64 år,Personskader (S00-T78),"per 1000, standardisert",13.9,2,9,1
Telemark,2025-01-01,Menn,45-64 år,Hodeskader (S00-S09),"per 1000, standardisert",3.0,2,9,1
Telemark,2025-01-01,Menn,45-64 år,Hoftebrudd (S72.0-72.2),"per 1000, standardisert",0.6,2,9,1
Telemark,2025-01-01,Menn,45-64 år,Forgiftninger (T36-T65),"per 1000, standardisert",,2,9,1
Telemark,2025-01-01,Menn,65-74 år,Hjerte og karsykdom (I00-I99),"per 1000, standardisert",49.9,2,10,1
Telemark,2025-01-01,Menn,65-74 år,KOLS (J44),"per 1000, standardisert",,2,10,1
Telemark,2025-01-01,Menn,65-74 år,Sykdom i muskel-skjelettsystemet og bindevev (M00-M99),"per 1000, standardisert",33.2,2,10,1
Telemark,2025-01-01,Menn,65-74 år,Personskader (S00-T78),"per 1000, standardisert",17.1,2,10,1
Telemark,2025-01-01,Menn,65-74 år,Hodeskader (S00-S09),"per 1000, standardisert",5.4,2,10,1
Telemark,2025-01-01,Menn,65-74 år,Hoftebrudd (S72.0-72.2),"per 1000, standardisert",,2,10,1
Telemark,2025-01-01,Menn,65-74 år,Forgiftninger (T36-T65),"per 1000, standardisert",,2,10,1
Telemark,2025-01-01,Menn,75 år+,Hjerte og karsykdom (I00-I99),"per 1000, standardisert",79.9,2,11,1
Telemark,2025-01-01,Menn,75 år+,KOLS (J44),"per 1000, standardisert",7.9,2,11,1
Telemark,2025-01-01,Menn,75 år+,Sykdom i muskel-skjelettsystemet og bindevev (M00-M99),"per 1000, standardisert",35.6,2,11,1
Telemark,2025-01-01,Menn,75 år+,Personskader (S00-T78),"per 1000, standardisert",42.8,2,11,1
Telemark,2025-01-01,Menn,75 år+,Hodeskader (S00-S09),"per 1000, standardisert",15.7,2,11,1
Telemark,2025-01-01,Menn,75 år+,Hoftebrudd (S72.0-72.2),"per 1000, standardisert",13.0,2,11,1
Telemark,2025-01-01,Menn,75 år+,Forgiftninger (T36-T65),"per 1000, standardisert",,2,11,1
Telemark,2025-01-01,Menn,75-79 år,Hjerte og karsykdom (I00-I99),"per 1000, standardisert",71.9,2,12,1
Telemark,2025-01-01,Menn,75-79 år,KOLS (J44),"per 1000, standardisert",7.5,2,12,1
Telemark,2025-01-01,Menn,75-79 år,Sykdom i muskel-skjelettsystemet og bindevev (M00-M99),"per 1000, standardisert",42.5,2,12,1
Telemark,2025-01-01,Menn,75-79 år,Personskader (S00-T78),"per 1000, standardisert",27.8,2,12,1
Telemark,2025-01-01,Menn,75-79 år,Hodeskader (S00-S09),"per 1000, standardisert",8.4,2,12,1
Telemark,2025-01-01,Menn,75-79 år,Hoftebrudd (S72.0-72.2),"per 1000, standardisert",9.5,2,12,1
Telemark,2025-01-01,Menn,75-79 år,Forgiftninger (T36-T65),"per 1000, standardisert",,2,12,1
Telemark,2025-01-01,Menn,80 år+,Hjerte og karsykdom (I00-I99),"per 1000, standardisert",87.0,2,13,1
Telemark,2025-01-01,Menn,80 år+,KOLS (J44),"per 1000, standardisert",8.3,2,13,1
Telemark,2025-01-01,Menn,80 år+,Sykdom i muskel-skjelettsystemet og bindevev (M00-M99),"per 1000, standardisert",29.2,2,13,1
Telemark,2025-01-01,Menn,80 år+,Personskader (S00-T78),"per 1000, standardisert",56.3,2,13,1
Telemark,2025-01-01,Menn,80 år+,Hodeskader (S00-S09),"per 1000, standardisert",22.5,2,13,1
Telemark,2025-01-01,Menn,80 år+,Hoftebrudd (S72.0-72.2),"per 1000, standardisert",16.1,2,13,1
Telemark,2025-01-01,Menn,80 år+,Forgiftninger (T36-T65),"per 1000, standardisert",,2,13,1
Telemark,2025-01-01,Kvinner,Alle aldre,Hjerte og karsykdom (I00-I99),"per 1000, standardisert",12.5,3,1,1
Telemark,2025-01-01,Kvinner,Alle aldre,KOLS (J44),"per 1000, standardisert",1.9,3,1,1
Telemark,2025-01-01,Kvinner,Alle aldre,Sykdom i muskel-skjelettsystemet og bindevev (M00-M99),"per 1000, standardisert",18.9,3,1,1
Telemark,2025-01-01,Kvinner,Alle aldre,Personskader (S00-T78),"per 1000, standardisert",15.7,3,1,1
Telemark,2025-01-01,Kvinner,Alle aldre,Hodeskader (S00-S09),"per 1000, standardisert",3.2,3,1,1
Telemark,2025-01-01,Kvinner,Alle aldre,Hoftebrudd (S72.0-72.2),"per 1000, standardisert",2.6,3,1,1
Telemark,2025-01-01,Kvinner,Alle aldre,Forgiftninger (T36-T65),"per 1000, standardisert",,3,1,1
Telemark,2025-01-01,Kvinner,0-74 år,Hjerte og karsykdom (I00-I99),"per 1000, standardisert",7.1,3,2,1
Telemark,2025-01-01,Kvinner,0-74 år,KOLS (J44),"per 1000, standardisert",1.1,3,2,1
Telemark,2025-01-01,Kvinner,0-74 år,Sykdom i muskel-skjelettsystemet og bindevev (M00-M99),"per 1000, standardisert",16.6,3,2,1
Telemark,2025-01-01,Kvinner,0-74 år,Personskader (S00-T78),"per 1000, standardisert",11.3,3,2,1
Telemark,2025-01-01,Kvinner,0-74 år,Hodeskader (S00-S09),"per 1000, standardisert",1.9,3,2,1
Telemark,2025-01-01,Kvinner,0-74 år,Hoftebrudd (S72.0-72.2),"per 1000, standardisert",0.7,3,2,1
Telemark,2025-01-01,Kvinner,0-74 år,Forgiftninger (T36-T65),"per 1000, standardisert",1.8,3,2,1
Telemark,2025-01-01,Kvinner,0-44 år,Hjerte og karsykdom (I00-I99),"per 1000, standardisert",2.2,3,3,1
Telemark,2025-01-01,Kvinner,0-44 år,KOLS (J44),"per 1000, standardisert",,3,3,1
Telemark,2025-01-01,Kvinner,0-44 år,Sykdom i muskel-skjelettsystemet og bindevev (M00-M99),"per 1000, standardisert",9.0,3,3,1
Telemark,2025-01-01,Kvinner,0-44 år,Personskader (S00-T78),"per 1000, standardisert",9.0,3,3,1
Telemark,2025-01-01,Kvinner,0-44 år,Hodeskader (S00-S09),"per 1000, standardisert",2.2,3,3,1
Telemark,2025-01-01,Kvinner,0-44 år,Hoftebrudd (S72.0-72.2),"per 1000, standardisert",,3,3,1
Telemark,2025-01-01,Kvinner,0-44 år,Forgiftninger (T36-T65),"per 1000, standardisert",2.1,3,3,1
Telemark,2025-01-01,Kvinner,0-24 år,Hjerte og karsykdom (I00-I99),"per 1000, standardisert",1.4,3,4,1
Telemark,2025-01-01,Kvinner,0-24 år,KOLS (J44),"per 1000, standardisert",,3,4,1
Telemark,2025-01-01,Kvinner,0-24 år,Sykdom i muskel-skjelettsystemet og bindevev (M00-M99),"per 1000, standardisert",5.1,3,4,1
Telemark,2025-01-01,Kvinner,0-24 år,Personskader (S00-T78),"per 1000, standardisert",10.4,3,4,1
Telemark,2025-01-01,Kvinner,0-24 år,Hodeskader (S00-S09),"per 1000, standardisert",3.0,3,4,1
Telemark,2025-01-01,Kvinner,0-24 år,Hoftebrudd (S72.0-72.2),"per 1000, standardisert",,3,4,1
Telemark,2025-01-01,Kvinner,0-24 år,Forgiftninger (T36-T65),"per 1000, standardisert",2.2,3,4,1
Telemark,2025-01-01,Kvinner,0-14 år,Hjerte og karsykdom (I00-I99),"per 1000, standardisert",,3,5,1
Telemark,2025-01-01,Kvinner,0-14 år,KOLS (J44),"per 1000, standardisert",,3,5,1
Telemark,2025-01-01,Kvinner,0-14 år,Sykdom i muskel-skjelettsystemet og bindevev (M00-M99),"per 1000, standardisert",2.3,3,5,1
Telemark,2025-01-01,Kvinner,0-14 år,Personskader (S00-T78),"per 1000, standardisert",9.7,3,5,1
Telemark,2025-01-01,Kvinner,0-14 år,Hodeskader (S00-S09),"per 1000, standardisert",4.0,3,5,1
Telemark,2025-01-01,Kvinner,0-14 år,Hoftebrudd (S72.0-72.2),"per 1000, standardisert",,3,5,1
Telemark,2025-01-01,Kvinner,0-14 år,Forgiftninger (T36-T65),"per 1000, standardisert",,3,5,1
Telemark,2025-01-01,Kvinner,15-24 år,Hjerte og karsykdom (I00-I99),"per 1000, standardisert",,3,6,1
Telemark,2025-01-01,Kvinner,15-24 år,KOLS (J44),"per 1000, standardisert",,3,6,1
Telemark,2025-01-01,Kvinner,15-24 år,Sykdom i muskel-skjelettsystemet og bindevev (M00-M99),"per 1000, standardisert",8.8,3,6,1
Telemark,2025-01-01,Kvinner,15-24 år,Personskader (S00-T78),"per 1000, standardisert",11.2,3,6,1
Telemark,2025-01-01,Kvinner,15-24 år,Hodeskader (S00-S09),"per 1000, standardisert",1.6,3,6,1
Telemark,2025-01-01,Kvinner,15-24 år,Hoftebrudd (S72.0-72.2),"per 1000, standardisert",,3,6,1
Telemark,2025-01-01,Kvinner,15-24 år,Forgiftninger (T36-T65),"per 1000, standardisert",,3,6,1
Telemark,2025-01-01,Kvinner,25-44 år,Hjerte og karsykdom (I00-I99),"per 1000, standardisert",3.1,3,7,1
Telemark,2025-01-01,Kvinner,25-44 år,KOLS (J44),"per 1000, standardisert",,3,7,1
Telemark,2025-01-01,Kvinner,25-44 år,Sykdom i muskel-skjelettsystemet og bindevev (M00-M99),"per 1000, standardisert",12.9,3,7,1
Telemark,2025-01-01,Kvinner,25-44 år,Personskader (S00-T78),"per 1000, standardisert",7.7,3,7,1
Telemark,2025-01-01,Kvinner,25-44 år,Hodeskader (S00-S09),"per 1000, standardisert",1.4,3,7,1
Telemark,2025-01-01,Kvinner,25-44 år,Hoftebrudd (S72.0-72.2),"per 1000, standardisert",,3,7,1
Telemark,2025-01-01,Kvinner,25-44 år,Forgiftninger (T36-T65),"per 1000, standardisert",2.1,3,7,1
Telemark,2025-01-01,Kvinner,45-74 år,Hjerte og karsykdom (I00-I99),"per 1000, standardisert",14.5,3,8,1
Telemark,2025-01-01,Kvinner,45-74 år,KOLS (J44),"per 1000, standardisert",,3,8,1
Telemark,2025-01-01,Kvinner,45-74 år,Sykdom i muskel-skjelettsystemet og bindevev (M00-M99),"per 1000, standardisert",28.5,3,8,1
Telemark,2025-01-01,Kvinner,45-74 år,Personskader (S00-T78),"per 1000, standardisert",14.7,3,8,1
Telemark,2025-01-01,Kvinner,45-74 år,Hodeskader (S00-S09),"per 1000, standardisert",1.7,3,8,1
Telemark,2025-01-01,Kvinner,45-74 år,Hoftebrudd (S72.0-72.2),"per 1000, standardisert",,3,8,1
Telemark,2025-01-01,Kvinner,45-74 år,Forgiftninger (T36-T65),"per 1000, standardisert",1.4,3,8,1
Telemark,2025-01-01,Kvinner,45-64 år,Hjerte og karsykdom (I00-I99),"per 1000, standardisert",9.7,3,9,1
Telemark,2025-01-01,Kvinner,45-64 år,KOLS (J44),"per 1000, standardisert",1.4,3,9,1
Telemark,2025-01-01,Kvinner,45-64 år,Sykdom i muskel-skjelettsystemet og bindevev (M00-M99),"per 1000, standardisert",24.7,3,9,1
Telemark,2025-01-01,Kvinner,45-64 år,Personskader (S00-T78),"per 1000, standardisert",11.1,3,9,1
Telemark,2025-01-01,Kvinner,45-64 år,Hodeskader (S00-S09),"per 1000, standardisert",1.2,3,9,1
Telemark,2025-01-01,Kvinner,45-64 år,Hoftebrudd (S72.0-72.2),"per 1000, standardisert",0.8,3,9,1
Telemark,2025-01-01,Kvinner,45-64 år,Forgiftninger (T36-T65),"per 1000, standardisert",,3,9,1
Telemark,2025-01-01,Kvinner,65-74 år,Hjerte og karsykdom (I00-I99),"per 1000, standardisert",26.3,3,10,1
Telemark,2025-01-01,Kvinner,65-74 år,KOLS (J44),"per 1000, standardisert",,3,10,1
Telemark,2025-01-01,Kvinner,65-74 år,Sykdom i muskel-skjelettsystemet og bindevev (M00-M99),"per 1000, standardisert",38.0,3,10,1
Telemark,2025-01-01,Kvinner,65-74 år,Personskader (S00-T78),"per 1000, standardisert",23.5,3,10,1
Telemark,2025-01-01,Kvinner,65-74 år,Hodeskader (S00-S09),"per 1000, standardisert",2.8,3,10,1
Telemark,2025-01-01,Kvinner,65-74 år,Hoftebrudd (S72.0-72.2),"per 1000, standardisert",,3,10,1
Telemark,2025-01-01,Kvinner,65-74 år,Forgiftninger (T36-T65),"per 1000, standardisert",,3,10,1
Telemark,2025-01-01,Kvinner,75 år+,Hjerte og karsykdom (I00-I99),"per 1000, standardisert",58.4,3,11,1
Telemark,2025-01-01,Kvinner,75 år+,KOLS (J44),"per 1000, standardisert",8.7,3,11,1
Telemark,2025-01-01,Kvinner,75 år+,Sykdom i muskel-skjelettsystemet og bindevev (M00-M99),"per 1000, standardisert",38.7,3,11,1
Telemark,2025-01-01,Kvinner,75 år+,Personskader (S00-T78),"per 1000, standardisert",53.8,3,11,1
Telemark,2025-01-01,Kvinner,75 år+,Hodeskader (S00-S09),"per 1000, standardisert",13.8,3,11,1
Telemark,2025-01-01,Kvinner,75 år+,Hoftebrudd (S72.0-72.2),"per 1000, standardisert",18.9,3,11,1
Telemark,2025-01-01,Kvinner,75 år+,Forgiftninger (T36-T65),"per 1000, standardisert",,3,11,1
Telemark,2025-01-01,Kvinner,75-79 år,Hjerte og karsykdom (I00-I99),"per 1000, standardisert",42.9,3,12,1
Telemark,2025-01-01,Kvinner,75-79 år,KOLS (J44),"per 1000, standardisert",10.3,3,12,1
Telemark,2025-01-01,Kvinner,75-79 år,Sykdom i muskel-skjelettsystemet og bindevev (M00-M99),"per 1000, standardisert",44.8,3,12,1
Telemark,2025-01-01,Kvinner,75-79 år,Personskader (S00-T78),"per 1000, standardisert",34.1,3,12,1
Telemark,2025-01-01,Kvinner,75-79 år,Hodeskader (S00-S09),"per 1000, standardisert",6.3,3,12,1
Telemark,2025-01-01,Kvinner,75-79 år,Hoftebrudd (S72.0-72.2),"per 1000, standardisert",11.1,3,12,1
Telemark,2025-01-01,Kvinner,75-79 år,Forgiftninger (T36-T65),"per 1000, standardisert",,3,12,1
Telemark,2025-01-01,Kvinner,80 år+,Hjerte og karsykdom (I00-I99),"per 1000, standardisert",69.6,3,13,1
Telemark,2025-01-01,Kvinner,80 år+,KOLS (J44),"per 1000, standardisert",7.6,3,13,1
Telemark,2025-01-01,Kvinner,80 år+,Sykdom i muskel-skjelettsystemet og bindevev (M00-M99),"per 1000, standardisert",34.3,3,13,1
Telemark,2025-01-01,Kvinner,80 år+,Personskader (S00-T78),"per 1000, standardisert",67.9,3,13,1
Telemark,2025-01-01,Kvinner,80 år+,Hodeskader (S00-S09),"per 1000, standardisert",19.2,3,13,1
Telemark,2025-01-01,Kvinner,80 år+,Hoftebrudd (S72.0-72.2),"per 1000, standardisert",24.5,3,13,1
Telemark,2025-01-01,Kvinner,80 år+,Forgiftninger (T36-T65),"per 1000, standardisert",,3,13,1
Agder,2025-01-01,Kjønn samlet,Alle aldre,Hjerte og karsykdom (I00-I99),"per 1000, standardisert",14.7,1,1,3
Agder,2025-01-01,Kjønn samlet,Alle aldre,KOLS (J44),"per 1000, standardisert",1.2,1,1,3
Agder,2025-01-01,Kjønn samlet,Alle aldre,Sykdom i muskel-skjelettsystemet og bindevev (M00-M99),"per 1000, standardisert",15.5,1,1,3
Agder,2025-01-01,Kjønn samlet,Alle aldre,Personskader (S00-T78),"per 1000, standardisert",13.3,1,1,3
Agder,2025-01-01,Kjønn samlet,Alle aldre,Hodeskader (S00-S09),"per 1000, standardisert",2.6,1,1,3
Agder,2025-01-01,Kjønn samlet,Alle aldre,Hoftebrudd (S72.0-72.2),"per 1000, standardisert",1.5,1,1,3
Agder,2025-01-01,Kjønn samlet,Alle aldre,Forgiftninger (T36-T65),"per 1000, standardisert",0.9,1,1,3
Agder,2025-01-01,Kjønn samlet,0-74 år,Hjerte og karsykdom (I00-I99),"per 1000, standardisert",9.3,1,2,3
Agder,2025-01-01,Kjønn samlet,0-74 år,KOLS (J44),"per 1000, standardisert",0.5,1,2,3
Agder,2025-01-01,Kjønn samlet,0-74 år,Sykdom i muskel-skjelettsystemet og bindevev (M00-M99),"per 1000, standardisert",13.8,1,2,3
Agder,2025-01-01,Kjønn samlet,0-74 år,Personskader (S00-T78),"per 1000, standardisert",11.0,1,2,3
Agder,2025-01-01,Kjønn samlet,0-74 år,Hodeskader (S00-S09),"per 1000, standardisert",2.0,1,2,3
Agder,2025-01-01,Kjønn samlet,0-74 år,Hoftebrudd (S72.0-72.2),"per 1000, standardisert",0.4,1,2,3
Agder,2025-01-01,Kjønn samlet,0-74 år,Forgiftninger (T36-T65),"per 1000, standardisert",0.9,1,2,3
Agder,2025-01-01,Kjønn samlet,0-44 år,Hjerte og karsykdom (I00-I99),"per 1000, standardisert",2.0,1,3,3
Agder,2025-01-01,Kjønn samlet,0-44 år,KOLS (J44),"per 1000, standardisert",,1,3,3
Agder,2025-01-01,Kjønn samlet,0-44 år,Sykdom i muskel-skjelettsystemet og bindevev (M00-M99),"per 1000, standardisert",7.4,1,3,3
Agder,2025-01-01,Kjønn samlet,0-44 år,Personskader (S00-T78),"per 1000, standardisert",10.6,1,3,3
Agder,2025-01-01,Kjønn samlet,0-44 år,Hodeskader (S00-S09),"per 1000, standardisert",2.1,1,3,3
Agder,2025-01-01,Kjønn samlet,0-44 år,Hoftebrudd (S72.0-72.2),"per 1000, standardisert",0.1,1,3,3
Agder,2025-01-01,Kjønn samlet,0-44 år,Forgiftninger (T36-T65),"per 1000, standardisert",1.0,1,3,3
Agder,2025-01-01,Kjønn samlet,0-24 år,Hjerte og karsykdom (I00-I99),"per 1000, standardisert",0.8,1,4,3
Agder,2025-01-01,Kjønn samlet,0-24 år,KOLS (J44),"per 1000, standardisert",,1,4,3
Agder,2025-01-01,Kjønn samlet,0-24 år,Sykdom i muskel-skjelettsystemet og bindevev (M00-M99),"per 1000, standardisert",3.7,1,4,3
Agder,2025-01-01,Kjønn samlet,0-24 år,Personskader (S00-T78),"per 1000, standardisert",12.5,1,4,3
Agder,2025-01-01,Kjønn samlet,0-24 år,Hodeskader (S00-S09),"per 1000, standardisert",3.0,1,4,3
Agder,2025-01-01,Kjønn samlet,0-24 år,Hoftebrudd (S72.0-72.2),"per 1000, standardisert",,1,4,3
Agder,2025-01-01,Kjønn samlet,0-24 år,Forgiftninger (T36-T65),"per 1000, standardisert",0.9,1,4,3
Agder,2025-01-01,Kjønn samlet,0-14 år,Hjerte og karsykdom (I00-I99),"per 1000, standardisert",0.5,1,5,3
Agder,2025-01-01,Kjønn samlet,0-14 år,KOLS (J44),"per 1000, standardisert",,1,5,3
Agder,2025-01-01,Kjønn samlet,0-14 år,Sykdom i muskel-skjelettsystemet og bindevev (M00-M99),"per 1000, standardisert",2.0,1,5,3
Agder,2025-01-01,Kjønn samlet,0-14 år,Personskader (S00-T78),"per 1000, standardisert",11.4,1,5,3
Agder,2025-01-01,Kjønn samlet,0-14 år,Hodeskader (S00-S09),"per 1000, standardisert",3.5,1,5,3
Agder,2025-01-01,Kjønn samlet,0-14 år,Hoftebrudd (S72.0-72.2),"per 1000, standardisert",,1,5,3
Agder,2025-01-01,Kjønn samlet,0-14 år,Forgiftninger (T36-T65),"per 1000, standardisert",0.3,1,5,3
Agder,2025-01-01,Kjønn samlet,15-24 år,Hjerte og karsykdom (I00-I99),"per 1000, standardisert",1.1,1,6,3
Agder,2025-01-01,Kjønn samlet,15-24 år,KOLS (J44),"per 1000, standardisert",,1,6,3
Agder,2025-01-01,Kjønn samlet,15-24 år,Sykdom i muskel-skjelettsystemet og bindevev (M00-M99),"per 1000, standardisert",5.9,1,6,3
Agder,2025-01-01,Kjønn samlet,15-24 år,Personskader (S00-T78),"per 1000, standardisert",13.8,1,6,3
Agder,2025-01-01,Kjønn samlet,15-24 år,Hodeskader (S00-S09),"per 1000, standardisert",2.4,1,6,3
Agder,2025-01-01,Kjønn samlet,15-24 år,Hoftebrudd (S72.0-72.2),"per 1000, standardisert",,1,6,3
Agder,2025-01-01,Kjønn samlet,15-24 år,Forgiftninger (T36-T65),"per 1000, standardisert",1.8,1,6,3
Agder,2025-01-01,Kjønn samlet,25-44 år,Hjerte og karsykdom (I00-I99),"per 1000, standardisert",3.3,1,7,3
Agder,2025-01-01,Kjønn samlet,25-44 år,KOLS (J44),"per 1000, standardisert",,1,7,3
Agder,2025-01-01,Kjønn samlet,25-44 år,Sykdom i muskel-skjelettsystemet og bindevev (M00-M99),"per 1000, standardisert",11.3,1,7,3
Agder,2025-01-01,Kjønn samlet,25-44 år,Personskader (S00-T78),"per 1000, standardisert",8.6,1,7,3
Agder,2025-01-01,Kjønn samlet,25-44 år,Hodeskader (S00-S09),"per 1000, standardisert",1.1,1,7,3
Agder,2025-01-01,Kjønn samlet,25-44 år,Hoftebrudd (S72.0-72.2),"per 1000, standardisert",,1,7,3
Agder,2025-01-01,Kjønn samlet,25-44 år,Forgiftninger (T36-T65),"per 1000, standardisert",1.0,1,7,3
Agder,2025-01-01,Kjønn samlet,45-74 år,Hjerte og karsykdom (I00-I99),"per 1000, standardisert",20.5,1,8,3
Agder,2025-01-01,Kjønn samlet,45-74 år,KOLS (J44),"per 1000, standardisert",,1,8,3
Agder,2025-01-01,Kjønn samlet,45-74 år,Sykdom i muskel-skjelettsystemet og bindevev (M00-M99),"per 1000, standardisert",23.5,1,8,3
Agder,2025-01-01,Kjønn samlet,45-74 år,Personskader (S00-T78),"per 1000, standardisert",11.7,1,8,3
Agder,2025-01-01,Kjønn samlet,45-74 år,Hodeskader (S00-S09),"per 1000, standardisert",1.8,1,8,3
Agder,2025-01-01,Kjønn samlet,45-74 år,Hoftebrudd (S72.0-72.2),"per 1000, standardisert",0.9,1,8,3
Agder,2025-01-01,Kjønn samlet,45-74 år,Forgiftninger (T36-T65),"per 1000, standardisert",0.8,1,8,3
Agder,2025-01-01,Kjønn samlet,45-64 år,Hjerte og karsykdom (I00-I99),"per 1000, standardisert",14.3,1,9,3
Agder,2025-01-01,Kjønn samlet,45-64 år,KOLS (J44),"per 1000, standardisert",0.7,1,9,3
Agder,2025-01-01,Kjønn samlet,45-64 år,Sykdom i muskel-skjelettsystemet og bindevev (M00-M99),"per 1000, standardisert",20.7,1,9,3
Agder,2025-01-01,Kjønn samlet,45-64 år,Personskader (S00-T78),"per 1000, standardisert",10.7,1,9,3
Agder,2025-01-01,Kjønn samlet,45-64 år,Hodeskader (S00-S09),"per 1000, standardisert",1.6,1,9,3
Agder,2025-01-01,Kjønn samlet,45-64 år,Hoftebrudd (S72.0-72.2),"per 1000, standardisert",0.5,1,9,3
Agder,2025-01-01,Kjønn samlet,45-64 år,Forgiftninger (T36-T65),"per 1000, standardisert",0.9,1,9,3
Agder,2025-01-01,Kjønn samlet,65-74 år,Hjerte og karsykdom (I00-I99),"per 1000, standardisert",36.4,1,10,3
Agder,2025-01-01,Kjønn samlet,65-74 år,KOLS (J44),"per 1000, standardisert",,1,10,3
Agder,2025-01-01,Kjønn samlet,65-74 år,Sykdom i muskel-skjelettsystemet og bindevev (M00-M99),"per 1000, standardisert",30.7,1,10,3
Agder,2025-01-01,Kjønn samlet,65-74 år,Personskader (S00-T78),"per 1000, standardisert",14.1,1,10,3
Agder,2025-01-01,Kjønn samlet,65-74 år,Hodeskader (S00-S09),"per 1000, standardisert",2.4,1,10,3
Agder,2025-01-01,Kjønn samlet,65-74 år,Hoftebrudd (S72.0-72.2),"per 1000, standardisert",2.0,1,10,3
Agder,2025-01-01,Kjønn samlet,65-74 år,Forgiftninger (T36-T65),"per 1000, standardisert",0.7,1,10,3
Agder,2025-01-01,Kjønn samlet,75 år+,Hjerte og karsykdom (I00-I99),"per 1000, standardisert",65.7,1,11,3
Agder,2025-01-01,Kjønn samlet,75 år+,KOLS (J44),"per 1000, standardisert",7.1,1,11,3
Agder,2025-01-01,Kjønn samlet,75 år+,Sykdom i muskel-skjelettsystemet og bindevev (M00-M99),"per 1000, standardisert",32.2,1,11,3
Agder,2025-01-01,Kjønn samlet,75 år+,Personskader (S00-T78),"per 1000, standardisert",35.5,1,11,3
Agder,2025-01-01,Kjønn samlet,75 år+,Hodeskader (S00-S09),"per 1000, standardisert",8.8,1,11,3
Agder,2025-01-01,Kjønn samlet,75 år+,Hoftebrudd (S72.0-72.2),"per 1000, standardisert",12.0,1,11,3
Agder,2025-01-01,Kjønn samlet,75 år+,Forgiftninger (T36-T65),"per 1000, standardisert",0.9,1,11,3
Agder,2025-01-01,Kjønn samlet,75-79 år,Hjerte og karsykdom (I00-I99),"per 1000, standardisert",54.2,1,12,3
Agder,2025-01-01,Kjønn samlet,75-79 år,KOLS (J44),"per 1000, standardisert",6.7,1,12,3
Agder,2025-01-01,Kjønn samlet,75-79 år,Sykdom i muskel-skjelettsystemet og bindevev (M00-M99),"per 1000, standardisert",35.8,1,12,3
Agder,2025-01-01,Kjønn samlet,75-79 år,Personskader (S00-T78),"per 1000, standardisert",21.4,1,12,3
Agder,2025-01-01,Kjønn samlet,75-79 år,Hodeskader (S00-S09),"per 1000, standardisert",4.6,1,12,3
Agder,2025-01-01,Kjønn samlet,75-79 år,Hoftebrudd (S72.0-72.2),"per 1000, standardisert",6.1,1,12,3
Agder,2025-01-01,Kjønn samlet,75-79 år,Forgiftninger (T36-T65),"per 1000, standardisert",,1,12,3
Agder,2025-01-01,Kjønn samlet,80 år+,Hjerte og karsykdom (I00-I99),"per 1000, standardisert",74.9,1,13,3
Agder,2025-01-01,Kjønn samlet,80 år+,KOLS (J44),"per 1000, standardisert",7.5,1,13,3
Agder,2025-01-01,Kjønn samlet,80 år+,Sykdom i muskel-skjelettsystemet og bindevev (M00-M99),"per 1000, standardisert",29.3,1,13,3
Agder,2025-01-01,Kjønn samlet,80 år+,Personskader (S00-T78),"per 1000, standardisert",46.8,1,13,3
Agder,2025-01-01,Kjønn samlet,80 år+,Hodeskader (S00-S09),"per 1000, standardisert",12.1,1,13,3
Agder,2025-01-01,Kjønn samlet,80 år+,Hoftebrudd (S72.0-72.2),"per 1000, standardisert",16.8,1,13,3
Agder,2025-01-01,Kjønn samlet,80 år+,Forgiftninger (T36-T65),"per 1000, standardisert",0.8,1,13,3
Agder,2025-01-01,Menn,Alle aldre,Hjerte og karsykdom (I00-I99),"per 1000, standardisert",18.1,2,1,3
Agder,2025-01-01,Menn,Alle aldre,KOLS (J44),"per 1000, standardisert",1.0,2,1,3
Agder,2025-01-01,Menn,Alle aldre,Sykdom i muskel-skjelettsystemet og bindevev (M00-M99),"per 1000, standardisert",14.3,2,1,3
Agder,2025-01-01,Menn,Alle aldre,Personskader (S00-T78),"per 1000, standardisert",14.0,2,1,3
Agder,2025-01-01,Menn,Alle aldre,Hodeskader (S00-S09),"per 1000, standardisert",3.1,2,1,3
Agder,2025-01-01,Menn,Alle aldre,Hoftebrudd (S72.0-72.2),"per 1000, standardisert",1.2,2,1,3
Agder,2025-01-01,Menn,Alle aldre,Forgiftninger (T36-T65),"per 1000, standardisert",0.7,2,1,3
Agder,2025-01-01,Menn,0-74 år,Hjerte og karsykdom (I00-I99),"per 1000, standardisert",12.2,2,2,3
Agder,2025-01-01,Menn,0-74 år,KOLS (J44),"per 1000, standardisert",0.5,2,2,3
Agder,2025-01-01,Menn,0-74 år,Sykdom i muskel-skjelettsystemet og bindevev (M00-M99),"per 1000, standardisert",12.8,2,2,3
Agder,2025-01-01,Menn,0-74 år,Personskader (S00-T78),"per 1000, standardisert",12.3,2,2,3
Agder,2025-01-01,Menn,0-74 år,Hodeskader (S00-S09),"per 1000, standardisert",2.5,2,2,3
Agder,2025-01-01,Menn,0-74 år,Hoftebrudd (S72.0-72.2),"per 1000, standardisert",0.3,2,2,3
Agder,2025-01-01,Menn,0-74 år,Forgiftninger (T36-T65),"per 1000, standardisert",0.7,2,2,3
Agder,2025-01-01,Menn,0-44 år,Hjerte og karsykdom (I00-I99),"per 1000, standardisert",2.4,2,3,3
Agder,2025-01-01,Menn,0-44 år,KOLS (J44),"per 1000, standardisert",,2,3,3
Agder,2025-01-01,Menn,0-44 år,Sykdom i muskel-skjelettsystemet og bindevev (M00-M99),"per 1000, standardisert",6.8,2,3,3
Agder,2025-01-01,Menn,0-44 år,Personskader (S00-T78),"per 1000, standardisert",12.6,2,3,3
Agder,2025-01-01,Menn,0-44 år,Hodeskader (S00-S09),"per 1000, standardisert",2.6,2,3,3
Agder,2025-01-01,Menn,0-44 år,Hoftebrudd (S72.0-72.2),"per 1000, standardisert",,2,3,3
Agder,2025-01-01,Menn,0-44 år,Forgiftninger (T36-T65),"per 1000, standardisert",0.6,2,3,3
Agder,2025-01-01,Menn,0-24 år,Hjerte og karsykdom (I00-I99),"per 1000, standardisert",0.8,2,4,3
Agder,2025-01-01,Menn,0-24 år,KOLS (J44),"per 1000, standardisert",,2,4,3
Agder,2025-01-01,Menn,0-24 år,Sykdom i muskel-skjelettsystemet og bindevev (M00-M99),"per 1000, standardisert",3.2,2,4,3
Agder,2025-01-01,Menn,0-24 år,Personskader (S00-T78),"per 1000, standardisert",14.8,2,4,3
Agder,2025-01-01,Menn,0-24 år,Hodeskader (S00-S09),"per 1000, standardisert",3.7,2,4,3
Agder,2025-01-01,Menn,0-24 år,Hoftebrudd (S72.0-72.2),"per 1000, standardisert",,2,4,3
Agder,2025-01-01,Menn,0-24 år,Forgiftninger (T36-T65),"per 1000, standardisert",0.4,2,4,3
Agder,2025-01-01,Menn,0-14 år,Hjerte og karsykdom (I00-I99),"per 1000, standardisert",0.6,2,5,3
Agder,2025-01-01,Menn,0-14 år,KOLS (J44),"per 1000, standardisert",,2,5,3
Agder,2025-01-01,Menn,0-14 år,Sykdom i muskel-skjelettsystemet og bindevev (M00-M99),"per 1000, standardisert",1.8,2,5,3
Agder,2025-01-01,Menn,0-14 år,Personskader (S00-T78),"per 1000, standardisert",13.6,2,5,3
Agder,2025-01-01,Menn,0-14 år,Hodeskader (S00-S09),"per 1000, standardisert",4.6,2,5,3
Agder,2025-01-01,Menn,0-14 år,Hoftebrudd (S72.0-72.2),"per 1000, standardisert",,2,5,3
Agder,2025-01-01,Menn,0-14 år,Forgiftninger (T36-T65),"per 1000, standardisert",,2,5,3
Agder,2025-01-01,Menn,15-24 år,Hjerte og karsykdom (I00-I99),"per 1000, standardisert",1.1,2,6,3
Agder,2025-01-01,Menn,15-24 år,KOLS (J44),"per 1000, standardisert",,2,6,3
Agder,2025-01-01,Menn,15-24 år,Sykdom i muskel-skjelettsystemet og bindevev (M00-M99),"per 1000, standardisert",4.9,2,6,3
Agder,2025-01-01,Menn,15-24 år,Personskader (S00-T78),"per 1000, standardisert",16.3,2,6,3
Agder,2025-01-01,Menn,15-24 år,Hodeskader (S00-S09),"per 1000, standardisert",2.6,2,6,3
Agder,2025-01-01,Menn,15-24 år,Hoftebrudd (S72.0-72.2),"per 1000, standardisert",,2,6,3
Agder,2025-01-01,Menn,15-24 år,Forgiftninger (T36-T65),"per 1000, standardisert",,2,6,3
Agder,2025-01-01,Menn,25-44 år,Hjerte og karsykdom (I00-I99),"per 1000, standardisert",4.0,2,7,3
Agder,2025-01-01,Menn,25-44 år,KOLS (J44),"per 1000, standardisert",,2,7,3
Agder,2025-01-01,Menn,25-44 år,Sykdom i muskel-skjelettsystemet og bindevev (M00-M99),"per 1000, standardisert",10.7,2,7,3
Agder,2025-01-01,Menn,25-44 år,Personskader (S00-T78),"per 1000, standardisert",10.3,2,7,3
Agder,2025-01-01,Menn,25-44 år,Hodeskader (S00-S09),"per 1000, standardisert",1.4,2,7,3
Agder,2025-01-01,Menn,25-44 år,Hoftebrudd (S72.0-72.2),"per 1000, standardisert",,2,7,3
Agder,2025-01-01,Menn,25-44 år,Forgiftninger (T36-T65),"per 1000, standardisert",0.9,2,7,3
Agder,2025-01-01,Menn,45-74 år,Hjerte og karsykdom (I00-I99),"per 1000, standardisert",27.3,2,8,3
Agder,2025-01-01,Menn,45-74 år,KOLS (J44),"per 1000, standardisert",,2,8,3
Agder,2025-01-01,Menn,45-74 år,Sykdom i muskel-skjelettsystemet og bindevev (M00-M99),"per 1000, standardisert",22.0,2,8,3
Agder,2025-01-01,Menn,45-74 år,Personskader (S00-T78),"per 1000, standardisert",12.0,2,8,3
Agder,2025-01-01,Menn,45-74 år,Hodeskader (S00-S09),"per 1000, standardisert",2.3,2,8,3
Agder,2025-01-01,Menn,45-74 år,Hoftebrudd (S72.0-72.2),"per 1000, standardisert",,2,8,3
Agder,2025-01-01,Menn,45-74 år,Forgiftninger (T36-T65),"per 1000, standardisert",0.8,2,8,3
Agder,2025-01-01,Menn,45-64 år,Hjerte og karsykdom (I00-I99),"per 1000, standardisert",19.4,2,9,3
Agder,2025-01-01,Menn,45-64 år,KOLS (J44),"per 1000, standardisert",0.6,2,9,3
Agder,2025-01-01,Menn,45-64 år,Sykdom i muskel-skjelettsystemet og bindevev (M00-M99),"per 1000, standardisert",19.2,2,9,3
Agder,2025-01-01,Menn,45-64 år,Personskader (S00-T78),"per 1000, standardisert",11.6,2,9,3
Agder,2025-01-01,Menn,45-64 år,Hodeskader (S00-S09),"per 1000, standardisert",2.1,2,9,3
Agder,2025-01-01,Menn,45-64 år,Hoftebrudd (S72.0-72.2),"per 1000, standardisert",0.4,2,9,3
Agder,2025-01-01,Menn,45-64 år,Forgiftninger (T36-T65),"per 1000, standardisert",0.8,2,9,3
Agder,2025-01-01,Menn,65-74 år,Hjerte og karsykdom (I00-I99),"per 1000, standardisert",48.2,2,10,3
Agder,2025-01-01,Menn,65-74 år,KOLS (J44),"per 1000, standardisert",,2,10,3
Agder,2025-01-01,Menn,65-74 år,Sykdom i muskel-skjelettsystemet og bindevev (M00-M99),"per 1000, standardisert",29.4,2,10,3
Agder,2025-01-01,Menn,65-74 år,Personskader (S00-T78),"per 1000, standardisert",13.2,2,10,3
Agder,2025-01-01,Menn,65-74 år,Hodeskader (S00-S09),"per 1000, standardisert",2.9,2,10,3
Agder,2025-01-01,Menn,65-74 år,Hoftebrudd (S72.0-72.2),"per 1000, standardisert",,2,10,3
Agder,2025-01-01,Menn,65-74 år,Forgiftninger (T36-T65),"per 1000, standardisert",0.5,2,10,3
Agder,2025-01-01,Menn,75 år+,Hjerte og karsykdom (I00-I99),"per 1000, standardisert",81.6,2,11,3
Agder,2025-01-01,Menn,75 år+,KOLS (J44),"per 1000, standardisert",7.3,2,11,3
Agder,2025-01-01,Menn,75 år+,Sykdom i muskel-skjelettsystemet og bindevev (M00-M99),"per 1000, standardisert",30.1,2,11,3
Agder,2025-01-01,Menn,75 år+,Personskader (S00-T78),"per 1000, standardisert",32.2,2,11,3
Agder,2025-01-01,Menn,75 år+,Hodeskader (S00-S09),"per 1000, standardisert",9.9,2,11,3
Agder,2025-01-01,Menn,75 år+,Hoftebrudd (S72.0-72.2),"per 1000, standardisert",10.1,2,11,3
Agder,2025-01-01,Menn,75 år+,Forgiftninger (T36-T65),"per 1000, standardisert",0.8,2,11,3
Agder,2025-01-01,Menn,75-79 år,Hjerte og karsykdom (I00-I99),"per 1000, standardisert",70.0,2,12,3
Agder,2025-01-01,Menn,75-79 år,KOLS (J44),"per 1000, standardisert",6.2,2,12,3
Agder,2025-01-01,Menn,75-79 år,Sykdom i muskel-skjelettsystemet og bindevev (M00-M99),"per 1000, standardisert",32.1,2,12,3
Agder,2025-01-01,Menn,75-79 år,Personskader (S00-T78),"per 1000, standardisert",22.1,2,12,3
Agder,2025-01-01,Menn,75-79 år,Hodeskader (S00-S09),"per 1000, standardisert",6.4,2,12,3
Agder,2025-01-01,Menn,75-79 år,Hoftebrudd (S72.0-72.2),"per 1000, standardisert",5.3,2,12,3
Agder,2025-01-01,Menn,75-79 år,Forgiftninger (T36-T65),"per 1000, standardisert",,2,12,3
Agder,2025-01-01,Menn,80 år+,Hjerte og karsykdom (I00-I99),"per 1000, standardisert",92.1,2,13,3
Agder,2025-01-01,Menn,80 år+,KOLS (J44),"per 1000, standardisert",8.2,2,13,3
Agder,2025-01-01,Menn,80 år+,Sykdom i muskel-skjelettsystemet og bindevev (M00-M99),"per 1000, standardisert",28.3,2,13,3
Agder,2025-01-01,Menn,80 år+,Personskader (S00-T78),"per 1000, standardisert",41.4,2,13,3
Agder,2025-01-01,Menn,80 år+,Hodeskader (S00-S09),"per 1000, standardisert",13.1,2,13,3
Agder,2025-01-01,Menn,80 år+,Hoftebrudd (S72.0-72.2),"per 1000, standardisert",14.3,2,13,3
Agder,2025-01-01,Menn,80 år+,Forgiftninger (T36-T65),"per 1000, standardisert",,2,13,3
Agder,2025-01-01,Kvinner,Alle aldre,Hjerte og karsykdom (I00-I99),"per 1000, standardisert",11.3,3,1,3
Agder,2025-01-01,Kvinner,Alle aldre,KOLS (J44),"per 1000, standardisert",1.3,3,1,3
Agder,2025-01-01,Kvinner,Alle aldre,Sykdom i muskel-skjelettsystemet og bindevev (M00-M99),"per 1000, standardisert",16.8,3,1,3
Agder,2025-01-01,Kvinner,Alle aldre,Personskader (S00-T78),"per 1000, standardisert",12.7,3,1,3
Agder,2025-01-01,Kvinner,Alle aldre,Hodeskader (S00-S09),"per 1000, standardisert",2.1,3,1,3
Agder,2025-01-01,Kvinner,Alle aldre,Hoftebrudd (S72.0-72.2),"per 1000, standardisert",1.8,3,1,3
Agder,2025-01-01,Kvinner,Alle aldre,Forgiftninger (T36-T65),"per 1000, standardisert",1.1,3,1,3
Agder,2025-01-01,Kvinner,0-74 år,Hjerte og karsykdom (I00-I99),"per 1000, standardisert",6.4,3,2,3
Agder,2025-01-01,Kvinner,0-74 år,KOLS (J44),"per 1000, standardisert",0.6,3,2,3
Agder,2025-01-01,Kvinner,0-74 år,Sykdom i muskel-skjelettsystemet og bindevev (M00-M99),"per 1000, standardisert",14.8,3,2,3
Agder,2025-01-01,Kvinner,0-74 år,Personskader (S00-T78),"per 1000, standardisert",9.6,3,2,3
Agder,2025-01-01,Kvinner,0-74 år,Hodeskader (S00-S09),"per 1000, standardisert",1.4,3,2,3
Agder,2025-01-01,Kvinner,0-74 år,Hoftebrudd (S72.0-72.2),"per 1000, standardisert",0.4,3,2,3
Agder,2025-01-01,Kvinner,0-74 år,Forgiftninger (T36-T65),"per 1000, standardisert",1.1,3,2,3
Agder,2025-01-01,Kvinner,0-44 år,Hjerte og karsykdom (I00-I99),"per 1000, standardisert",1.6,3,3,3
Agder,2025-01-01,Kvinner,0-44 år,KOLS (J44),"per 1000, standardisert",,3,3,3
Agder,2025-01-01,Kvinner,0-44 år,Sykdom i muskel-skjelettsystemet og bindevev (M00-M99),"per 1000, standardisert",8.1,3,3,3
Agder,2025-01-01,Kvinner,0-44 år,Personskader (S00-T78),"per 1000, standardisert",8.5,3,3,3
Agder,2025-01-01,Kvinner,0-44 år,Hodeskader (S00-S09),"per 1000, standardisert",1.6,3,3,3
Agder,2025-01-01,Kvinner,0-44 år,Hoftebrudd (S72.0-72.2),"per 1000, standardisert",,3,3,3
Agder,2025-01-01,Kvinner,0-44 år,Forgiftninger (T36-T65),"per 1000, standardisert",1.3,3,3,3
Agder,2025-01-01,Kvinner,0-24 år,Hjerte og karsykdom (I00-I99),"per 1000, standardisert",0.8,3,4,3
Agder,2025-01-01,Kvinner,0-24 år,KOLS (J44),"per 1000, standardisert",,3,4,3
Agder,2025-01-01,Kvinner,0-24 år,Sykdom i muskel-skjelettsystemet og bindevev (M00-M99),"per 1000, standardisert",4.3,3,4,3
Agder,2025-01-01,Kvinner,0-24 år,Personskader (S00-T78),"per 1000, standardisert",10.0,3,4,3
Agder,2025-01-01,Kvinner,0-24 år,Hodeskader (S00-S09),"per 1000, standardisert",2.3,3,4,3
Agder,2025-01-01,Kvinner,0-24 år,Hoftebrudd (S72.0-72.2),"per 1000, standardisert",,3,4,3
Agder,2025-01-01,Kvinner,0-24 år,Forgiftninger (T36-T65),"per 1000, standardisert",1.5,3,4,3
Agder,2025-01-01,Kvinner,0-14 år,Hjerte og karsykdom (I00-I99),"per 1000, standardisert",0.5,3,5,3
Agder,2025-01-01,Kvinner,0-14 år,KOLS (J44),"per 1000, standardisert",,3,5,3
Agder,2025-01-01,Kvinner,0-14 år,Sykdom i muskel-skjelettsystemet og bindevev (M00-M99),"per 1000, standardisert",2.2,3,5,3
Agder,2025-01-01,Kvinner,0-14 år,Personskader (S00-T78),"per 1000, standardisert",9.1,3,5,3
Agder,2025-01-01,Kvinner,0-14 år,Hodeskader (S00-S09),"per 1000, standardisert",2.4,3,5,3
Agder,2025-01-01,Kvinner,0-14 år,Hoftebrudd (S72.0-72.2),"per 1000, standardisert",,3,5,3
Agder,2025-01-01,Kvinner,0-14 år,Forgiftninger (T36-T65),"per 1000, standardisert",,3,5,3
Agder,2025-01-01,Kvinner,15-24 år,Hjerte og karsykdom (I00-I99),"per 1000, standardisert",1.1,3,6,3
Agder,2025-01-01,Kvinner,15-24 år,KOLS (J44),"per 1000, standardisert",,3,6,3
Agder,2025-01-01,Kvinner,15-24 år,Sykdom i muskel-skjelettsystemet og bindevev (M00-M99),"per 1000, standardisert",7.0,3,6,3
Agder,2025-01-01,Kvinner,15-24 år,Personskader (S00-T78),"per 1000, standardisert",11.2,3,6,3
Agder,2025-01-01,Kvinner,15-24 år,Hodeskader (S00-S09),"per 1000, standardisert",2.1,3,6,3
Agder,2025-01-01,Kvinner,15-24 år,Hoftebrudd (S72.0-72.2),"per 1000, standardisert",,3,6,3
Agder,2025-01-01,Kvinner,15-24 år,Forgiftninger (T36-T65),"per 1000, standardisert",,3,6,3
Agder,2025-01-01,Kvinner,25-44 år,Hjerte og karsykdom (I00-I99),"per 1000, standardisert",2.5,3,7,3
Agder,2025-01-01,Kvinner,25-44 år,KOLS (J44),"per 1000, standardisert",,3,7,3
Agder,2025-01-01,Kvinner,25-44 år,Sykdom i muskel-skjelettsystemet og bindevev (M00-M99),"per 1000, standardisert",11.9,3,7,3
Agder,2025-01-01,Kvinner,25-44 år,Personskader (S00-T78),"per 1000, standardisert",6.9,3,7,3
Agder,2025-01-01,Kvinner,25-44 år,Hodeskader (S00-S09),"per 1000, standardisert",0.8,3,7,3
Agder,2025-01-01,Kvinner,25-44 år,Hoftebrudd (S72.0-72.2),"per 1000, standardisert",,3,7,3
Agder,2025-01-01,Kvinner,25-44 år,Forgiftninger (T36-T65),"per 1000, standardisert",1.1,3,7,3
Agder,2025-01-01,Kvinner,45-74 år,Hjerte og karsykdom (I00-I99),"per 1000, standardisert",13.6,3,8,3
Agder,2025-01-01,Kvinner,45-74 år,KOLS (J44),"per 1000, standardisert",,3,8,3
Agder,2025-01-01,Kvinner,45-74 år,Sykdom i muskel-skjelettsystemet og bindevev (M00-M99),"per 1000, standardisert",25.0,3,8,3
Agder,2025-01-01,Kvinner,45-74 år,Personskader (S00-T78),"per 1000, standardisert",11.3,3,8,3
Agder,2025-01-01,Kvinner,45-74 år,Hodeskader (S00-S09),"per 1000, standardisert",1.3,3,8,3
Agder,2025-01-01,Kvinner,45-74 år,Hoftebrudd (S72.0-72.2),"per 1000, standardisert",,3,8,3
Agder,2025-01-01,Kvinner,45-74 år,Forgiftninger (T36-T65),"per 1000, standardisert",0.9,3,8,3
Agder,2025-01-01,Kvinner,45-64 år,Hjerte og karsykdom (I00-I99),"per 1000, standardisert",9.0,3,9,3
Agder,2025-01-01,Kvinner,45-64 år,KOLS (J44),"per 1000, standardisert",0.7,3,9,3
Agder,2025-01-01,Kvinner,45-64 år,Sykdom i muskel-skjelettsystemet og bindevev (M00-M99),"per 1000, standardisert",22.2,3,9,3
Agder,2025-01-01,Kvinner,45-64 år,Personskader (S00-T78),"per 1000, standardisert",9.9,3,9,3
Agder,2025-01-01,Kvinner,45-64 år,Hodeskader (S00-S09),"per 1000, standardisert",1.0,3,9,3
Agder,2025-01-01,Kvinner,45-64 år,Hoftebrudd (S72.0-72.2),"per 1000, standardisert",0.6,3,9,3
Agder,2025-01-01,Kvinner,45-64 år,Forgiftninger (T36-T65),"per 1000, standardisert",1.0,3,9,3
Agder,2025-01-01,Kvinner,65-74 år,Hjerte og karsykdom (I00-I99),"per 1000, standardisert",24.8,3,10,3
Agder,2025-01-01,Kvinner,65-74 år,KOLS (J44),"per 1000, standardisert",,3,10,3
Agder,2025-01-01,Kvinner,65-74 år,Sykdom i muskel-skjelettsystemet og bindevev (M00-M99),"per 1000, standardisert",32.0,3,10,3
Agder,2025-01-01,Kvinner,65-74 år,Personskader (S00-T78),"per 1000, standardisert",15.0,3,10,3
Agder,2025-01-01,Kvinner,65-74 år,Hodeskader (S00-S09),"per 1000, standardisert",1.9,3,10,3
Agder,2025-01-01,Kvinner,65-74 år,Hoftebrudd (S72.0-72.2),"per 1000, standardisert",,3,10,3
Agder,2025-01-01,Kvinner,65-74 år,Forgiftninger (T36-T65),"per 1000, standardisert",0.8,3,10,3
Agder,2025-01-01,Kvinner,75 år+,Hjerte og karsykdom (I00-I99),"per 1000, standardisert",52.7,3,11,3
Agder,2025-01-01,Kvinner,75 år+,KOLS (J44),"per 1000, standardisert",7.0,3,11,3
Agder,2025-01-01,Kvinner,75 år+,Sykdom i muskel-skjelettsystemet og bindevev (M00-M99),"per 1000, standardisert",33.8,3,11,3
Agder,2025-01-01,Kvinner,75 år+,Personskader (S00-T78),"per 1000, standardisert",38.2,3,11,3
Agder,2025-01-01,Kvinner,75 år+,Hodeskader (S00-S09),"per 1000, standardisert",7.8,3,11,3
Agder,2025-01-01,Kvinner,75 år+,Hoftebrudd (S72.0-72.2),"per 1000, standardisert",13.6,3,11,3
Agder,2025-01-01,Kvinner,75 år+,Forgiftninger (T36-T65),"per 1000, standardisert",0.9,3,11,3
Agder,2025-01-01,Kvinner,75-79 år,Hjerte og karsykdom (I00-I99),"per 1000, standardisert",39.4,3,12,3
Agder,2025-01-01,Kvinner,75-79 år,KOLS (J44),"per 1000, standardisert",7.1,3,12,3
Agder,2025-01-01,Kvinner,75-79 år,Sykdom i muskel-skjelettsystemet og bindevev (M00-M99),"per 1000, standardisert",39.2,3,12,3
Agder,2025-01-01,Kvinner,75-79 år,Personskader (S00-T78),"per 1000, standardisert",20.8,3,12,3
Agder,2025-01-01,Kvinner,75-79 år,Hodeskader (S00-S09),"per 1000, standardisert",2.9,3,12,3
Agder,2025-01-01,Kvinner,75-79 år,Hoftebrudd (S72.0-72.2),"per 1000, standardisert",6.8,3,12,3
Agder,2025-01-01,Kvinner,75-79 år,Forgiftninger (T36-T65),"per 1000, standardisert",,3,12,3
Agder,2025-01-01,Kvinner,80 år+,Hjerte og karsykdom (I00-I99),"per 1000, standardisert",62.1,3,13,3
Agder,2025-01-01,Kvinner,80 år+,KOLS (J44),"per 1000, standardisert",6.9,3,13,3
Agder,2025-01-01,Kvinner,80 år+,Sykdom i muskel-skjelettsystemet og bindevev (M00-M99),"per 1000, standardisert",30.0,3,13,3
Agder,2025-01-01,Kvinner,80 år+,Personskader (S00-T78),"per 1000, standardisert",50.7,3,13,3
Agder,2025-01-01,Kvinner,80 år+,Hodeskader (S00-S09),"per 1000, standardisert",11.4,3,13,3
Agder,2025-01-01,Kvinner,80 år+,Hoftebrudd (S72.0-72.2),"per 1000, standardisert",18.5,3,13,3
Agder,2025-01-01,Kvinner,80 år+,Forgiftninger (T36-T65),"per 1000, standardisert",0.9,3,13,3
Rogaland,2025-01-01,Kjønn samlet,Alle aldre,Hjerte og karsykdom (I00-I99),"per 1000, standardisert",14.8,1,1,11
Rogaland,2025-01-01,Kjønn samlet,Alle aldre,KOLS (J44),"per 1000, standardisert",1.6,1,1,11
Rogaland,2025-01-01,Kjønn samlet,Alle aldre,Sykdom i muskel-skjelettsystemet og bindevev (M00-M99),"per 1000, standardisert",11.5,1,1,11
Rogaland,2025-01-01,Kjønn samlet,Alle aldre,Personskader (S00-T78),"per 1000, standardisert",11.6,1,1,11
Rogaland,2025-01-01,Kjønn samlet,Alle aldre,Hodeskader (S00-S09),"per 1000, standardisert",2.6,1,1,11
Rogaland,2025-01-01,Kjønn samlet,Alle aldre,Hoftebrudd (S72.0-72.2),"per 1000, standardisert",1.6,1,1,11
Rogaland,2025-01-01,Kjønn samlet,Alle aldre,Forgiftninger (T36-T65),"per 1000, standardisert",0.7,1,1,11
Rogaland,2025-01-01,Kjønn samlet,0-74 år,Hjerte og karsykdom (I00-I99),"per 1000, standardisert",9.0,1,2,11
Rogaland,2025-01-01,Kjønn samlet,0-74 år,KOLS (J44),"per 1000, standardisert",0.7,1,2,11
Rogaland,2025-01-01,Kjønn samlet,0-74 år,Sykdom i muskel-skjelettsystemet og bindevev (M00-M99),"per 1000, standardisert",9.5,1,2,11
Rogaland,2025-01-01,Kjønn samlet,0-74 år,Personskader (S00-T78),"per 1000, standardisert",9.0,1,2,11
Rogaland,2025-01-01,Kjønn samlet,0-74 år,Hodeskader (S00-S09),"per 1000, standardisert",1.9,1,2,11
Rogaland,2025-01-01,Kjønn samlet,0-74 år,Hoftebrudd (S72.0-72.2),"per 1000, standardisert",0.4,1,2,11
Rogaland,2025-01-01,Kjønn samlet,0-74 år,Forgiftninger (T36-T65),"per 1000, standardisert",0.8,1,2,11
Rogaland,2025-01-01,Kjønn samlet,0-44 år,Hjerte og karsykdom (I00-I99),"per 1000, standardisert",2.0,1,3,11
Rogaland,2025-01-01,Kjønn samlet,0-44 år,KOLS (J44),"per 1000, standardisert",0.0,1,3,11
Rogaland,2025-01-01,Kjønn samlet,0-44 år,Sykdom i muskel-skjelettsystemet og bindevev (M00-M99),"per 1000, standardisert",4.8,1,3,11
Rogaland,2025-01-01,Kjønn samlet,0-44 år,Personskader (S00-T78),"per 1000, standardisert",7.7,1,3,11
Rogaland,2025-01-01,Kjønn samlet,0-44 år,Hodeskader (S00-S09),"per 1000, standardisert",1.9,1,3,11
Rogaland,2025-01-01,Kjønn samlet,0-44 år,Hoftebrudd (S72.0-72.2),"per 1000, standardisert",0.0,1,3,11
Rogaland,2025-01-01,Kjønn samlet,0-44 år,Forgiftninger (T36-T65),"per 1000, standardisert",0.9,1,3,11
Rogaland,2025-01-01,Kjønn samlet,0-24 år,Hjerte og karsykdom (I00-I99),"per 1000, standardisert",0.7,1,4,11
Rogaland,2025-01-01,Kjønn samlet,0-24 år,KOLS (J44),"per 1000, standardisert",,1,4,11
Rogaland,2025-01-01,Kjønn samlet,0-24 år,Sykdom i muskel-skjelettsystemet og bindevev (M00-M99),"per 1000, standardisert",3.0,1,4,11
Rogaland,2025-01-01,Kjønn samlet,0-24 år,Personskader (S00-T78),"per 1000, standardisert",8.6,1,4,11
Rogaland,2025-01-01,Kjønn samlet,0-24 år,Hodeskader (S00-S09),"per 1000, standardisert",2.4,1,4,11
Rogaland,2025-01-01,Kjønn samlet,0-24 år,Hoftebrudd (S72.0-72.2),"per 1000, standardisert",,1,4,11
Rogaland,2025-01-01,Kjønn samlet,0-24 år,Forgiftninger (T36-T65),"per 1000, standardisert",1.0,1,4,11
Rogaland,2025-01-01,Kjønn samlet,0-14 år,Hjerte og karsykdom (I00-I99),"per 1000, standardisert",0.5,1,5,11
Rogaland,2025-01-01,Kjønn samlet,0-14 år,KOLS (J44),"per 1000, standardisert",,1,5,11
Rogaland,2025-01-01,Kjønn samlet,0-14 år,Sykdom i muskel-skjelettsystemet og bindevev (M00-M99),"per 1000, standardisert",1.4,1,5,11
Rogaland,2025-01-01,Kjønn samlet,0-14 år,Personskader (S00-T78),"per 1000, standardisert",7.4,1,5,11
Rogaland,2025-01-01,Kjønn samlet,0-14 år,Hodeskader (S00-S09),"per 1000, standardisert",2.2,1,5,11
Rogaland,2025-01-01,Kjønn samlet,0-14 år,Hoftebrudd (S72.0-72.2),"per 1000, standardisert",,1,5,11
Rogaland,2025-01-01,Kjønn samlet,0-14 år,Forgiftninger (T36-T65),"per 1000, standardisert",0.3,1,5,11
Rogaland,2025-01-01,Kjønn samlet,15-24 år,Hjerte og karsykdom (I00-I99),"per 1000, standardisert",1.0,1,6,11
Rogaland,2025-01-01,Kjønn samlet,15-24 år,KOLS (J44),"per 1000, standardisert",,1,6,11
Rogaland,2025-01-01,Kjønn samlet,15-24 år,Sykdom i muskel-skjelettsystemet og bindevev (M00-M99),"per 1000, standardisert",5.0,1,6,11
Rogaland,2025-01-01,Kjønn samlet,15-24 år,Personskader (S00-T78),"per 1000, standardisert",10.2,1,6,11
Rogaland,2025-01-01,Kjønn samlet,15-24 år,Hodeskader (S00-S09),"per 1000, standardisert",2.7,1,6,11
Rogaland,2025-01-01,Kjønn samlet,15-24 år,Hoftebrudd (S72.0-72.2),"per 1000, standardisert",,1,6,11
Rogaland,2025-01-01,Kjønn samlet,15-24 år,Forgiftninger (T36-T65),"per 1000, standardisert",1.9,1,6,11
Rogaland,2025-01-01,Kjønn samlet,25-44 år,Hjerte og karsykdom (I00-I99),"per 1000, standardisert",3.2,1,7,11
Rogaland,2025-01-01,Kjønn samlet,25-44 år,KOLS (J44),"per 1000, standardisert",,1,7,11
Rogaland,2025-01-01,Kjønn samlet,25-44 år,Sykdom i muskel-skjelettsystemet og bindevev (M00-M99),"per 1000, standardisert",6.7,1,7,11
Rogaland,2025-01-01,Kjønn samlet,25-44 år,Personskader (S00-T78),"per 1000, standardisert",6.8,1,7,11
Rogaland,2025-01-01,Kjønn samlet,25-44 år,Hodeskader (S00-S09),"per 1000, standardisert",1.3,1,7,11
Rogaland,2025-01-01,Kjønn samlet,25-44 år,Hoftebrudd (S72.0-72.2),"per 1000, standardisert",,1,7,11
Rogaland,2025-01-01,Kjønn samlet,25-44 år,Forgiftninger (T36-T65),"per 1000, standardisert",0.7,1,7,11
Rogaland,2025-01-01,Kjønn samlet,45-74 år,Hjerte og karsykdom (I00-I99),"per 1000, standardisert",19.8,1,8,11
Rogaland,2025-01-01,Kjønn samlet,45-74 år,KOLS (J44),"per 1000, standardisert",1.8,1,8,11
Rogaland,2025-01-01,Kjønn samlet,45-74 år,Sykdom i muskel-skjelettsystemet og bindevev (M00-M99),"per 1000, standardisert",16.7,1,8,11
Rogaland,2025-01-01,Kjønn samlet,45-74 år,Personskader (S00-T78),"per 1000, standardisert",11.0,1,8,11
Rogaland,2025-01-01,Kjønn samlet,45-74 år,Hodeskader (S00-S09),"per 1000, standardisert",2.0,1,8,11
Rogaland,2025-01-01,Kjønn samlet,45-74 år,Hoftebrudd (S72.0-72.2),"per 1000, standardisert",1.1,1,8,11
Rogaland,2025-01-01,Kjønn samlet,45-74 år,Forgiftninger (T36-T65),"per 1000, standardisert",0.6,1,8,11
Rogaland,2025-01-01,Kjønn samlet,45-64 år,Hjerte og karsykdom (I00-I99),"per 1000, standardisert",13.5,1,9,11
Rogaland,2025-01-01,Kjønn samlet,45-64 år,KOLS (J44),"per 1000, standardisert",0.8,1,9,11
Rogaland,2025-01-01,Kjønn samlet,45-64 år,Sykdom i muskel-skjelettsystemet og bindevev (M00-M99),"per 1000, standardisert",13.6,1,9,11
Rogaland,2025-01-01,Kjønn samlet,45-64 år,Personskader (S00-T78),"per 1000, standardisert",9.2,1,9,11
Rogaland,2025-01-01,Kjønn samlet,45-64 år,Hodeskader (S00-S09),"per 1000, standardisert",1.6,1,9,11
Rogaland,2025-01-01,Kjønn samlet,45-64 år,Hoftebrudd (S72.0-72.2),"per 1000, standardisert",0.5,1,9,11
Rogaland,2025-01-01,Kjønn samlet,45-64 år,Forgiftninger (T36-T65),"per 1000, standardisert",0.6,1,9,11
Rogaland,2025-01-01,Kjønn samlet,65-74 år,Hjerte og karsykdom (I00-I99),"per 1000, standardisert",35.9,1,10,11
Rogaland,2025-01-01,Kjønn samlet,65-74 år,KOLS (J44),"per 1000, standardisert",4.4,1,10,11
Rogaland,2025-01-01,Kjønn samlet,65-74 år,Sykdom i muskel-skjelettsystemet og bindevev (M00-M99),"per 1000, standardisert",24.6,1,10,11
Rogaland,2025-01-01,Kjønn samlet,65-74 år,Personskader (S00-T78),"per 1000, standardisert",15.6,1,10,11
Rogaland,2025-01-01,Kjønn samlet,65-74 år,Hodeskader (S00-S09),"per 1000, standardisert",3.2,1,10,11
Rogaland,2025-01-01,Kjønn samlet,65-74 år,Hoftebrudd (S72.0-72.2),"per 1000, standardisert",2.6,1,10,11
Rogaland,2025-01-01,Kjønn samlet,65-74 år,Forgiftninger (T36-T65),"per 1000, standardisert",0.5,1,10,11
Rogaland,2025-01-01,Kjønn samlet,75 år+,Hjerte og karsykdom (I00-I99),"per 1000, standardisert",69.0,1,11,11
Rogaland,2025-01-01,Kjønn samlet,75 år+,KOLS (J44),"per 1000, standardisert",9.4,1,11,11
Rogaland,2025-01-01,Kjønn samlet,75 år+,Sykdom i muskel-skjelettsystemet og bindevev (M00-M99),"per 1000, standardisert",30.3,1,11,11
Rogaland,2025-01-01,Kjønn samlet,75 år+,Personskader (S00-T78),"per 1000, standardisert",36.4,1,11,11
Rogaland,2025-01-01,Kjønn samlet,75 år+,Hodeskader (S00-S09),"per 1000, standardisert",8.3,1,11,11
Rogaland,2025-01-01,Kjønn samlet,75 år+,Hoftebrudd (S72.0-72.2),"per 1000, standardisert",12.7,1,11,11
Rogaland,2025-01-01,Kjønn samlet,75 år+,Forgiftninger (T36-T65),"per 1000, standardisert",0.7,1,11,11
Rogaland,2025-01-01,Kjønn samlet,75-79 år,Hjerte og karsykdom (I00-I99),"per 1000, standardisert",57.4,1,12,11
Rogaland,2025-01-01,Kjønn samlet,75-79 år,KOLS (J44),"per 1000, standardisert",8.8,1,12,11
Rogaland,2025-01-01,Kjønn samlet,75-79 år,Sykdom i muskel-skjelettsystemet og bindevev (M00-M99),"per 1000, standardisert",33.2,1,12,11
Rogaland,2025-01-01,Kjønn samlet,75-79 år,Personskader (S00-T78),"per 1000, standardisert",21.8,1,12,11
Rogaland,2025-01-01,Kjønn samlet,75-79 år,Hodeskader (S00-S09),"per 1000, standardisert",4.7,1,12,11
Rogaland,2025-01-01,Kjønn samlet,75-79 år,Hoftebrudd (S72.0-72.2),"per 1000, standardisert",6.9,1,12,11
Rogaland,2025-01-01,Kjønn samlet,75-79 år,Forgiftninger (T36-T65),"per 1000, standardisert",0.7,1,12,11
Rogaland,2025-01-01,Kjønn samlet,80 år+,Hjerte og karsykdom (I00-I99),"per 1000, standardisert",78.2,1,13,11
Rogaland,2025-01-01,Kjønn samlet,80 år+,KOLS (J44),"per 1000, standardisert",9.9,1,13,11
Rogaland,2025-01-01,Kjønn samlet,80 år+,Sykdom i muskel-skjelettsystemet og bindevev (M00-M99),"per 1000, standardisert",28.0,1,13,11
Rogaland,2025-01-01,Kjønn samlet,80 år+,Personskader (S00-T78),"per 1000, standardisert",48.0,1,13,11
Rogaland,2025-01-01,Kjønn samlet,80 år+,Hodeskader (S00-S09),"per 1000, standardisert",11.2,1,13,11
Rogaland,2025-01-01,Kjønn samlet,80 år+,Hoftebrudd (S72.0-72.2),"per 1000, standardisert",17.4,1,13,11
Rogaland,2025-01-01,Kjønn samlet,80 år+,Forgiftninger (T36-T65),"per 1000, standardisert",0.6,1,13,11
Rogaland,2025-01-01,Menn,Alle aldre,Hjerte og karsykdom (I00-I99),"per 1000, standardisert",17.3,2,1,11
Rogaland,2025-01-01,Menn,Alle aldre,KOLS (J44),"per 1000, standardisert",1.4,2,1,11
Rogaland,2025-01-01,Menn,Alle aldre,Sykdom i muskel-skjelettsystemet og bindevev (M00-M99),"per 1000, standardisert",10.6,2,1,11
Rogaland,2025-01-01,Menn,Alle aldre,Personskader (S00-T78),"per 1000, standardisert",11.8,2,1,11
Rogaland,2025-01-01,Menn,Alle aldre,Hodeskader (S00-S09),"per 1000, standardisert",2.9,2,1,11
Rogaland,2025-01-01,Menn,Alle aldre,Hoftebrudd (S72.0-72.2),"per 1000, standardisert",1.3,2,1,11
Rogaland,2025-01-01,Menn,Alle aldre,Forgiftninger (T36-T65),"per 1000, standardisert",0.6,2,1,11
Rogaland,2025-01-01,Menn,0-74 år,Hjerte og karsykdom (I00-I99),"per 1000, standardisert",11.2,2,2,11
Rogaland,2025-01-01,Menn,0-74 år,KOLS (J44),"per 1000, standardisert",0.6,2,2,11
Rogaland,2025-01-01,Menn,0-74 år,Sykdom i muskel-skjelettsystemet og bindevev (M00-M99),"per 1000, standardisert",8.9,2,2,11
Rogaland,2025-01-01,Menn,0-74 år,Personskader (S00-T78),"per 1000, standardisert",9.9,2,2,11
Rogaland,2025-01-01,Menn,0-74 år,Hodeskader (S00-S09),"per 1000, standardisert",2.4,2,2,11
Rogaland,2025-01-01,Menn,0-74 år,Hoftebrudd (S72.0-72.2),"per 1000, standardisert",0.4,2,2,11
Rogaland,2025-01-01,Menn,0-74 år,Forgiftninger (T36-T65),"per 1000, standardisert",0.5,2,2,11
Rogaland,2025-01-01,Menn,0-44 år,Hjerte og karsykdom (I00-I99),"per 1000, standardisert",1.9,2,3,11
Rogaland,2025-01-01,Menn,0-44 år,KOLS (J44),"per 1000, standardisert",,2,3,11
Rogaland,2025-01-01,Menn,0-44 år,Sykdom i muskel-skjelettsystemet og bindevev (M00-M99),"per 1000, standardisert",4.8,2,3,11
Rogaland,2025-01-01,Menn,0-44 år,Personskader (S00-T78),"per 1000, standardisert",9.1,2,3,11
Rogaland,2025-01-01,Menn,0-44 år,Hodeskader (S00-S09),"per 1000, standardisert",2.3,2,3,11
Rogaland,2025-01-01,Menn,0-44 år,Hoftebrudd (S72.0-72.2),"per 1000, standardisert",,2,3,11
Rogaland,2025-01-01,Menn,0-44 år,Forgiftninger (T36-T65),"per 1000, standardisert",0.5,2,3,11
Rogaland,2025-01-01,Menn,0-24 år,Hjerte og karsykdom (I00-I99),"per 1000, standardisert",0.7,2,4,11
Rogaland,2025-01-01,Menn,0-24 år,KOLS (J44),"per 1000, standardisert",,2,4,11
Rogaland,2025-01-01,Menn,0-24 år,Sykdom i muskel-skjelettsystemet og bindevev (M00-M99),"per 1000, standardisert",2.7,2,4,11
Rogaland,2025-01-01,Menn,0-24 år,Personskader (S00-T78),"per 1000, standardisert",10.0,2,4,11
Rogaland,2025-01-01,Menn,0-24 år,Hodeskader (S00-S09),"per 1000, standardisert",3.0,2,4,11
Rogaland,2025-01-01,Menn,0-24 år,Hoftebrudd (S72.0-72.2),"per 1000, standardisert",,2,4,11
Rogaland,2025-01-01,Menn,0-24 år,Forgiftninger (T36-T65),"per 1000, standardisert",0.5,2,4,11
Rogaland,2025-01-01,Menn,0-14 år,Hjerte og karsykdom (I00-I99),"per 1000, standardisert",0.5,2,5,11
Rogaland,2025-01-01,Menn,0-14 år,KOLS (J44),"per 1000, standardisert",,2,5,11
Rogaland,2025-01-01,Menn,0-14 år,Sykdom i muskel-skjelettsystemet og bindevev (M00-M99),"per 1000, standardisert",1.4,2,5,11
Rogaland,2025-01-01,Menn,0-14 år,Personskader (S00-T78),"per 1000, standardisert",8.2,2,5,11
Rogaland,2025-01-01,Menn,0-14 år,Hodeskader (S00-S09),"per 1000, standardisert",2.4,2,5,11
Rogaland,2025-01-01,Menn,0-14 år,Hoftebrudd (S72.0-72.2),"per 1000, standardisert",,2,5,11
Rogaland,2025-01-01,Menn,0-14 år,Forgiftninger (T36-T65),"per 1000, standardisert",0.1,2,5,11
Rogaland,2025-01-01,Menn,15-24 år,Hjerte og karsykdom (I00-I99),"per 1000, standardisert",0.9,2,6,11
Rogaland,2025-01-01,Menn,15-24 år,KOLS (J44),"per 1000, standardisert",,2,6,11
Rogaland,2025-01-01,Menn,15-24 år,Sykdom i muskel-skjelettsystemet og bindevev (M00-M99),"per 1000, standardisert",4.4,2,6,11
Rogaland,2025-01-01,Menn,15-24 år,Personskader (S00-T78),"per 1000, standardisert",12.3,2,6,11
Rogaland,2025-01-01,Menn,15-24 år,Hodeskader (S00-S09),"per 1000, standardisert",3.8,2,6,11
Rogaland,2025-01-01,Menn,15-24 år,Hoftebrudd (S72.0-72.2),"per 1000, standardisert",,2,6,11
Rogaland,2025-01-01,Menn,15-24 år,Forgiftninger (T36-T65),"per 1000, standardisert",1.0,2,6,11
Rogaland,2025-01-01,Menn,25-44 år,Hjerte og karsykdom (I00-I99),"per 1000, standardisert",3.2,2,7,11
Rogaland,2025-01-01,Menn,25-44 år,KOLS (J44),"per 1000, standardisert",,2,7,11
Rogaland,2025-01-01,Menn,25-44 år,Sykdom i muskel-skjelettsystemet og bindevev (M00-M99),"per 1000, standardisert",6.8,2,7,11
Rogaland,2025-01-01,Menn,25-44 år,Personskader (S00-T78),"per 1000, standardisert",8.3,2,7,11
Rogaland,2025-01-01,Menn,25-44 år,Hodeskader (S00-S09),"per 1000, standardisert",1.7,2,7,11
Rogaland,2025-01-01,Menn,25-44 år,Hoftebrudd (S72.0-72.2),"per 1000, standardisert",,2,7,11
Rogaland,2025-01-01,Menn,25-44 år,Forgiftninger (T36-T65),"per 1000, standardisert",0.6,2,7,11
Rogaland,2025-01-01,Menn,45-74 år,Hjerte og karsykdom (I00-I99),"per 1000, standardisert",25.7,2,8,11
Rogaland,2025-01-01,Menn,45-74 år,KOLS (J44),"per 1000, standardisert",,2,8,11
Rogaland,2025-01-01,Menn,45-74 år,Sykdom i muskel-skjelettsystemet og bindevev (M00-M99),"per 1000, standardisert",15.2,2,8,11
Rogaland,2025-01-01,Menn,45-74 år,Personskader (S00-T78),"per 1000, standardisert",11.1,2,8,11
Rogaland,2025-01-01,Menn,45-74 år,Hodeskader (S00-S09),"per 1000, standardisert",2.5,2,8,11
Rogaland,2025-01-01,Menn,45-74 år,Hoftebrudd (S72.0-72.2),"per 1000, standardisert",,2,8,11
Rogaland,2025-01-01,Menn,45-74 år,Forgiftninger (T36-T65),"per 1000, standardisert",0.5,2,8,11
Rogaland,2025-01-01,Menn,45-64 år,Hjerte og karsykdom (I00-I99),"per 1000, standardisert",17.9,2,9,11
Rogaland,2025-01-01,Menn,45-64 år,KOLS (J44),"per 1000, standardisert",0.8,2,9,11
Rogaland,2025-01-01,Menn,45-64 år,Sykdom i muskel-skjelettsystemet og bindevev (M00-M99),"per 1000, standardisert",12.5,2,9,11
Rogaland,2025-01-01,Menn,45-64 år,Personskader (S00-T78),"per 1000, standardisert",9.8,2,9,11
Rogaland,2025-01-01,Menn,45-64 år,Hodeskader (S00-S09),"per 1000, standardisert",2.0,2,9,11
Rogaland,2025-01-01,Menn,45-64 år,Hoftebrudd (S72.0-72.2),"per 1000, standardisert",0.6,2,9,11
Rogaland,2025-01-01,Menn,45-64 år,Forgiftninger (T36-T65),"per 1000, standardisert",0.6,2,9,11
Rogaland,2025-01-01,Menn,65-74 år,Hjerte og karsykdom (I00-I99),"per 1000, standardisert",45.9,2,10,11
Rogaland,2025-01-01,Menn,65-74 år,KOLS (J44),"per 1000, standardisert",,2,10,11
Rogaland,2025-01-01,Menn,65-74 år,Sykdom i muskel-skjelettsystemet og bindevev (M00-M99),"per 1000, standardisert",22.6,2,10,11
Rogaland,2025-01-01,Menn,65-74 år,Personskader (S00-T78),"per 1000, standardisert",14.6,2,10,11
Rogaland,2025-01-01,Menn,65-74 år,Hodeskader (S00-S09),"per 1000, standardisert",3.7,2,10,11
Rogaland,2025-01-01,Menn,65-74 år,Hoftebrudd (S72.0-72.2),"per 1000, standardisert",,2,10,11
Rogaland,2025-01-01,Menn,65-74 år,Forgiftninger (T36-T65),"per 1000, standardisert",0.4,2,10,11
Rogaland,2025-01-01,Menn,75 år+,Hjerte og karsykdom (I00-I99),"per 1000, standardisert",81.9,2,11,11
Rogaland,2025-01-01,Menn,75 år+,KOLS (J44),"per 1000, standardisert",9.5,2,11,11
Rogaland,2025-01-01,Menn,75 år+,Sykdom i muskel-skjelettsystemet og bindevev (M00-M99),"per 1000, standardisert",29.6,2,11,11
Rogaland,2025-01-01,Menn,75 år+,Personskader (S00-T78),"per 1000, standardisert",32.2,2,11,11
Rogaland,2025-01-01,Menn,75 år+,Hodeskader (S00-S09),"per 1000, standardisert",8.6,2,11,11
Rogaland,2025-01-01,Menn,75 år+,Hoftebrudd (S72.0-72.2),"per 1000, standardisert",10.6,2,11,11
Rogaland,2025-01-01,Menn,75 år+,Forgiftninger (T36-T65),"per 1000, standardisert",1.0,2,11,11
Rogaland,2025-01-01,Menn,75-79 år,Hjerte og karsykdom (I00-I99),"per 1000, standardisert",70.1,2,12,11
Rogaland,2025-01-01,Menn,75-79 år,KOLS (J44),"per 1000, standardisert",7.6,2,12,11
Rogaland,2025-01-01,Menn,75-79 år,Sykdom i muskel-skjelettsystemet og bindevev (M00-M99),"per 1000, standardisert",31.6,2,12,11
Rogaland,2025-01-01,Menn,75-79 år,Personskader (S00-T78),"per 1000, standardisert",20.5,2,12,11
Rogaland,2025-01-01,Menn,75-79 år,Hodeskader (S00-S09),"per 1000, standardisert",5.2,2,12,11
Rogaland,2025-01-01,Menn,75-79 år,Hoftebrudd (S72.0-72.2),"per 1000, standardisert",6.1,2,12,11
Rogaland,2025-01-01,Menn,75-79 år,Forgiftninger (T36-T65),"per 1000, standardisert",,2,12,11
Rogaland,2025-01-01,Menn,80 år+,Hjerte og karsykdom (I00-I99),"per 1000, standardisert",92.6,2,13,11
Rogaland,2025-01-01,Menn,80 år+,KOLS (J44),"per 1000, standardisert",11.2,2,13,11
Rogaland,2025-01-01,Menn,80 år+,Sykdom i muskel-skjelettsystemet og bindevev (M00-M99),"per 1000, standardisert",27.9,2,13,11
Rogaland,2025-01-01,Menn,80 år+,Personskader (S00-T78),"per 1000, standardisert",42.7,2,13,11
Rogaland,2025-01-01,Menn,80 år+,Hodeskader (S00-S09),"per 1000, standardisert",11.7,2,13,11
Rogaland,2025-01-01,Menn,80 år+,Hoftebrudd (S72.0-72.2),"per 1000, standardisert",14.7,2,13,11
Rogaland,2025-01-01,Menn,80 år+,Forgiftninger (T36-T65),"per 1000, standardisert",,2,13,11
Rogaland,2025-01-01,Kvinner,Alle aldre,Hjerte og karsykdom (I00-I99),"per 1000, standardisert",12.2,3,1,11
Rogaland,2025-01-01,Kvinner,Alle aldre,KOLS (J44),"per 1000, standardisert",1.7,3,1,11
Rogaland,2025-01-01,Kvinner,Alle aldre,Sykdom i muskel-skjelettsystemet og bindevev (M00-M99),"per 1000, standardisert",12.4,3,1,11
Rogaland,2025-01-01,Kvinner,Alle aldre,Personskader (S00-T78),"per 1000, standardisert",11.4,3,1,11
Rogaland,2025-01-01,Kvinner,Alle aldre,Hodeskader (S00-S09),"per 1000, standardisert",2.2,3,1,11
Rogaland,2025-01-01,Kvinner,Alle aldre,Hoftebrudd (S72.0-72.2),"per 1000, standardisert",2.0,3,1,11
Rogaland,2025-01-01,Kvinner,Alle aldre,Forgiftninger (T36-T65),"per 1000, standardisert",0.9,3,1,11
Rogaland,2025-01-01,Kvinner,0-74 år,Hjerte og karsykdom (I00-I99),"per 1000, standardisert",6.7,3,2,11
Rogaland,2025-01-01,Kvinner,0-74 år,KOLS (J44),"per 1000, standardisert",0.8,3,2,11
Rogaland,2025-01-01,Kvinner,0-74 år,Sykdom i muskel-skjelettsystemet og bindevev (M00-M99),"per 1000, standardisert",10.2,3,2,11
Rogaland,2025-01-01,Kvinner,0-74 år,Personskader (S00-T78),"per 1000, standardisert",8.0,3,2,11
Rogaland,2025-01-01,Kvinner,0-74 år,Hodeskader (S00-S09),"per 1000, standardisert",1.5,3,2,11
Rogaland,2025-01-01,Kvinner,0-74 år,Hoftebrudd (S72.0-72.2),"per 1000, standardisert",0.5,3,2,11
Rogaland,2025-01-01,Kvinner,0-74 år,Forgiftninger (T36-T65),"per 1000, standardisert",1.0,3,2,11
Rogaland,2025-01-01,Kvinner,0-44 år,Hjerte og karsykdom (I00-I99),"per 1000, standardisert",2.0,3,3,11
Rogaland,2025-01-01,Kvinner,0-44 år,KOLS (J44),"per 1000, standardisert",,3,3,11
Rogaland,2025-01-01,Kvinner,0-44 år,Sykdom i muskel-skjelettsystemet og bindevev (M00-M99),"per 1000, standardisert",4.9,3,3,11
Rogaland,2025-01-01,Kvinner,0-44 år,Personskader (S00-T78),"per 1000, standardisert",6.2,3,3,11
Rogaland,2025-01-01,Kvinner,0-44 år,Hodeskader (S00-S09),"per 1000, standardisert",1.4,3,3,11
Rogaland,2025-01-01,Kvinner,0-44 år,Hoftebrudd (S72.0-72.2),"per 1000, standardisert",,3,3,11
Rogaland,2025-01-01,Kvinner,0-44 år,Forgiftninger (T36-T65),"per 1000, standardisert",1.2,3,3,11
Rogaland,2025-01-01,Kvinner,0-24 år,Hjerte og karsykdom (I00-I99),"per 1000, standardisert",0.7,3,4,11
Rogaland,2025-01-01,Kvinner,0-24 år,KOLS (J44),"per 1000, standardisert",,3,4,11
Rogaland,2025-01-01,Kvinner,0-24 år,Sykdom i muskel-skjelettsystemet og bindevev (M00-M99),"per 1000, standardisert",3.2,3,4,11
Rogaland,2025-01-01,Kvinner,0-24 år,Personskader (S00-T78),"per 1000, standardisert",7.2,3,4,11
Rogaland,2025-01-01,Kvinner,0-24 år,Hodeskader (S00-S09),"per 1000, standardisert",1.8,3,4,11
Rogaland,2025-01-01,Kvinner,0-24 år,Hoftebrudd (S72.0-72.2),"per 1000, standardisert",,3,4,11
Rogaland,2025-01-01,Kvinner,0-24 år,Forgiftninger (T36-T65),"per 1000, standardisert",1.5,3,4,11
Rogaland,2025-01-01,Kvinner,0-14 år,Hjerte og karsykdom (I00-I99),"per 1000, standardisert",0.5,3,5,11
Rogaland,2025-01-01,Kvinner,0-14 år,KOLS (J44),"per 1000, standardisert",,3,5,11
Rogaland,2025-01-01,Kvinner,0-14 år,Sykdom i muskel-skjelettsystemet og bindevev (M00-M99),"per 1000, standardisert",1.3,3,5,11
Rogaland,2025-01-01,Kvinner,0-14 år,Personskader (S00-T78),"per 1000, standardisert",6.5,3,5,11
Rogaland,2025-01-01,Kvinner,0-14 år,Hodeskader (S00-S09),"per 1000, standardisert",1.9,3,5,11
Rogaland,2025-01-01,Kvinner,0-14 år,Hoftebrudd (S72.0-72.2),"per 1000, standardisert",,3,5,11
Rogaland,2025-01-01,Kvinner,0-14 år,Forgiftninger (T36-T65),"per 1000, standardisert",0.5,3,5,11
Rogaland,2025-01-01,Kvinner,15-24 år,Hjerte og karsykdom (I00-I99),"per 1000, standardisert",1.1,3,6,11
Rogaland,2025-01-01,Kvinner,15-24 år,KOLS (J44),"per 1000, standardisert",,3,6,11
Rogaland,2025-01-01,Kvinner,15-24 år,Sykdom i muskel-skjelettsystemet og bindevev (M00-M99),"per 1000, standardisert",5.7,3,6,11
Rogaland,2025-01-01,Kvinner,15-24 år,Personskader (S00-T78),"per 1000, standardisert",8.0,3,6,11
Rogaland,2025-01-01,Kvinner,15-24 år,Hodeskader (S00-S09),"per 1000, standardisert",1.6,3,6,11
Rogaland,2025-01-01,Kvinner,15-24 år,Hoftebrudd (S72.0-72.2),"per 1000, standardisert",,3,6,11
Rogaland,2025-01-01,Kvinner,15-24 år,Forgiftninger (T36-T65),"per 1000, standardisert",2.8,3,6,11
Rogaland,2025-01-01,Kvinner,25-44 år,Hjerte og karsykdom (I00-I99),"per 1000, standardisert",3.2,3,7,11
Rogaland,2025-01-01,Kvinner,25-44 år,KOLS (J44),"per 1000, standardisert",,3,7,11
Rogaland,2025-01-01,Kvinner,25-44 år,Sykdom i muskel-skjelettsystemet og bindevev (M00-M99),"per 1000, standardisert",6.6,3,7,11
Rogaland,2025-01-01,Kvinner,25-44 år,Personskader (S00-T78),"per 1000, standardisert",5.2,3,7,11
Rogaland,2025-01-01,Kvinner,25-44 år,Hodeskader (S00-S09),"per 1000, standardisert",1.0,3,7,11
Rogaland,2025-01-01,Kvinner,25-44 år,Hoftebrudd (S72.0-72.2),"per 1000, standardisert",,3,7,11
Rogaland,2025-01-01,Kvinner,25-44 år,Forgiftninger (T36-T65),"per 1000, standardisert",0.9,3,7,11
Rogaland,2025-01-01,Kvinner,45-74 år,Hjerte og karsykdom (I00-I99),"per 1000, standardisert",13.8,3,8,11
Rogaland,2025-01-01,Kvinner,45-74 år,KOLS (J44),"per 1000, standardisert",,3,8,11
Rogaland,2025-01-01,Kvinner,45-74 år,Sykdom i muskel-skjelettsystemet og bindevev (M00-M99),"per 1000, standardisert",18.1,3,8,11
Rogaland,2025-01-01,Kvinner,45-74 år,Personskader (S00-T78),"per 1000, standardisert",10.9,3,8,11
Rogaland,2025-01-01,Kvinner,45-74 år,Hodeskader (S00-S09),"per 1000, standardisert",1.6,3,8,11
Rogaland,2025-01-01,Kvinner,45-74 år,Hoftebrudd (S72.0-72.2),"per 1000, standardisert",,3,8,11
Rogaland,2025-01-01,Kvinner,45-74 år,Forgiftninger (T36-T65),"per 1000, standardisert",0.6,3,8,11
Rogaland,2025-01-01,Kvinner,45-64 år,Hjerte og karsykdom (I00-I99),"per 1000, standardisert",8.9,3,9,11
Rogaland,2025-01-01,Kvinner,45-64 år,KOLS (J44),"per 1000, standardisert",0.9,3,9,11
Rogaland,2025-01-01,Kvinner,45-64 år,Sykdom i muskel-skjelettsystemet og bindevev (M00-M99),"per 1000, standardisert",14.8,3,9,11
Rogaland,2025-01-01,Kvinner,45-64 år,Personskader (S00-T78),"per 1000, standardisert",8.6,3,9,11
Rogaland,2025-01-01,Kvinner,45-64 år,Hodeskader (S00-S09),"per 1000, standardisert",1.2,3,9,11
Rogaland,2025-01-01,Kvinner,45-64 år,Hoftebrudd (S72.0-72.2),"per 1000, standardisert",0.4,3,9,11
Rogaland,2025-01-01,Kvinner,45-64 år,Forgiftninger (T36-T65),"per 1000, standardisert",0.6,3,9,11
Rogaland,2025-01-01,Kvinner,65-74 år,Hjerte og karsykdom (I00-I99),"per 1000, standardisert",26.1,3,10,11
Rogaland,2025-01-01,Kvinner,65-74 år,KOLS (J44),"per 1000, standardisert",,3,10,11
Rogaland,2025-01-01,Kvinner,65-74 år,Sykdom i muskel-skjelettsystemet og bindevev (M00-M99),"per 1000, standardisert",26.6,3,10,11
Rogaland,2025-01-01,Kvinner,65-74 år,Personskader (S00-T78),"per 1000, standardisert",16.7,3,10,11
Rogaland,2025-01-01,Kvinner,65-74 år,Hodeskader (S00-S09),"per 1000, standardisert",2.7,3,10,11
Rogaland,2025-01-01,Kvinner,65-74 år,Hoftebrudd (S72.0-72.2),"per 1000, standardisert",,3,10,11
Rogaland,2025-01-01,Kvinner,65-74 år,Forgiftninger (T36-T65),"per 1000, standardisert",0.6,3,10,11
Rogaland,2025-01-01,Kvinner,75 år+,Hjerte og karsykdom (I00-I99),"per 1000, standardisert",58.4,3,11,11
Rogaland,2025-01-01,Kvinner,75 år+,KOLS (J44),"per 1000, standardisert",9.3,3,11,11
Rogaland,2025-01-01,Kvinner,75 år+,Sykdom i muskel-skjelettsystemet og bindevev (M00-M99),"per 1000, standardisert",30.9,3,11,11
Rogaland,2025-01-01,Kvinner,75 år+,Personskader (S00-T78),"per 1000, standardisert",39.8,3,11,11
Rogaland,2025-01-01,Kvinner,75 år+,Hodeskader (S00-S09),"per 1000, standardisert",8.1,3,11,11
Rogaland,2025-01-01,Kvinner,75 år+,Hoftebrudd (S72.0-72.2),"per 1000, standardisert",14.5,3,11,11
Rogaland,2025-01-01,Kvinner,75 år+,Forgiftninger (T36-T65),"per 1000, standardisert",0.4,3,11,11
Rogaland,2025-01-01,Kvinner,75-79 år,Hjerte og karsykdom (I00-I99),"per 1000, standardisert",45.5,3,12,11
Rogaland,2025-01-01,Kvinner,75-79 år,KOLS (J44),"per 1000, standardisert",10.0,3,12,11
Rogaland,2025-01-01,Kvinner,75-79 år,Sykdom i muskel-skjelettsystemet og bindevev (M00-M99),"per 1000, standardisert",34.7,3,12,11
Rogaland,2025-01-01,Kvinner,75-79 år,Personskader (S00-T78),"per 1000, standardisert",22.9,3,12,11
Rogaland,2025-01-01,Kvinner,75-79 år,Hodeskader (S00-S09),"per 1000, standardisert",4.3,3,12,11
Rogaland,2025-01-01,Kvinner,75-79 år,Hoftebrudd (S72.0-72.2),"per 1000, standardisert",7.6,3,12,11
Rogaland,2025-01-01,Kvinner,75-79 år,Forgiftninger (T36-T65),"per 1000, standardisert",,3,12,11
Rogaland,2025-01-01,Kvinner,80 år+,Hjerte og karsykdom (I00-I99),"per 1000, standardisert",67.6,3,13,11
Rogaland,2025-01-01,Kvinner,80 år+,KOLS (J44),"per 1000, standardisert",8.9,3,13,11
Rogaland,2025-01-01,Kvinner,80 år+,Sykdom i muskel-skjelettsystemet og bindevev (M00-M99),"per 1000, standardisert",28.2,3,13,11
Rogaland,2025-01-01,Kvinner,80 år+,Personskader (S00-T78),"per 1000, standardisert",51.9,3,13,11
Rogaland,2025-01-01,Kvinner,80 år+,Hodeskader (S00-S09),"per 1000, standardisert",10.9,3,13,11
Rogaland,2025-01-01,Kvinner,80 år+,Hoftebrudd (S72.0-72.2),"per 1000, standardisert",19.4,3,13,11
Rogaland,2025-01-01,Kvinner,80 år+,Forgiftninger (T36-T65),"per 1000, standardisert",,3,13,11
Vestland,2025-01-01,Kjønn samlet,Alle aldre,Hjerte og karsykdom (I00-I99),"per 1000, standardisert",16.5,1,1,15
Vestland,2025-01-01,Kjønn samlet,Alle aldre,KOLS (J44),"per 1000, standardisert",1.5,1,1,15
Vestland,2025-01-01,Kjønn samlet,Alle aldre,Sykdom i muskel-skjelettsystemet og bindevev (M00-M99),"per 1000, standardisert",18.2,1,1,15
Vestland,2025-01-01,Kjønn samlet,Alle aldre,Personskader (S00-T78),"per 1000, standardisert",14.4,1,1,15
Vestland,2025-01-01,Kjønn samlet,Alle aldre,Hodeskader (S00-S09),"per 1000, standardisert",2.7,1,1,15
Vestland,2025-01-01,Kjønn samlet,Alle aldre,Hoftebrudd (S72.0-72.2),"per 1000, standardisert",1.6,1,1,15
Vestland,2025-01-01,Kjønn samlet,Alle aldre,Forgiftninger (T36-T65),"per 1000, standardisert",0.7,1,1,15
Vestland,2025-01-01,Kjønn samlet,0-74 år,Hjerte og karsykdom (I00-I99),"per 1000, standardisert",9.6,1,2,15
Vestland,2025-01-01,Kjønn samlet,0-74 år,KOLS (J44),"per 1000, standardisert",0.7,1,2,15
Vestland,2025-01-01,Kjønn samlet,0-74 år,Sykdom i muskel-skjelettsystemet og bindevev (M00-M99),"per 1000, standardisert",15.2,1,2,15
Vestland,2025-01-01,Kjønn samlet,0-74 år,Personskader (S00-T78),"per 1000, standardisert",11.2,1,2,15
Vestland,2025-01-01,Kjønn samlet,0-74 år,Hodeskader (S00-S09),"per 1000, standardisert",1.8,1,2,15
Vestland,2025-01-01,Kjønn samlet,0-74 år,Hoftebrudd (S72.0-72.2),"per 1000, standardisert",0.5,1,2,15
Vestland,2025-01-01,Kjønn samlet,0-74 år,Forgiftninger (T36-T65),"per 1000, standardisert",0.7,1,2,15
Vestland,2025-01-01,Kjønn samlet,0-44 år,Hjerte og karsykdom (I00-I99),"per 1000, standardisert",2.2,1,3,15
Vestland,2025-01-01,Kjønn samlet,0-44 år,KOLS (J44),"per 1000, standardisert",,1,3,15
Vestland,2025-01-01,Kjønn samlet,0-44 år,Sykdom i muskel-skjelettsystemet og bindevev (M00-M99),"per 1000, standardisert",7.2,1,3,15
Vestland,2025-01-01,Kjønn samlet,0-44 år,Personskader (S00-T78),"per 1000, standardisert",9.4,1,3,15
Vestland,2025-01-01,Kjønn samlet,0-44 år,Hodeskader (S00-S09),"per 1000, standardisert",1.8,1,3,15
Vestland,2025-01-01,Kjønn samlet,0-44 år,Hoftebrudd (S72.0-72.2),"per 1000, standardisert",0.0,1,3,15
Vestland,2025-01-01,Kjønn samlet,0-44 år,Forgiftninger (T36-T65),"per 1000, standardisert",0.8,1,3,15
Vestland,2025-01-01,Kjønn samlet,0-24 år,Hjerte og karsykdom (I00-I99),"per 1000, standardisert",0.9,1,4,15
Vestland,2025-01-01,Kjønn samlet,0-24 år,KOLS (J44),"per 1000, standardisert",,1,4,15
Vestland,2025-01-01,Kjønn samlet,0-24 år,Sykdom i muskel-skjelettsystemet og bindevev (M00-M99),"per 1000, standardisert",4.2,1,4,15
Vestland,2025-01-01,Kjønn samlet,0-24 år,Personskader (S00-T78),"per 1000, standardisert",10.7,1,4,15
Vestland,2025-01-01,Kjønn samlet,0-24 år,Hodeskader (S00-S09),"per 1000, standardisert",2.4,1,4,15
Vestland,2025-01-01,Kjønn samlet,0-24 år,Hoftebrudd (S72.0-72.2),"per 1000, standardisert",,1,4,15
Vestland,2025-01-01,Kjønn samlet,0-24 år,Forgiftninger (T36-T65),"per 1000, standardisert",0.9,1,4,15
Vestland,2025-01-01,Kjønn samlet,0-14 år,Hjerte og karsykdom (I00-I99),"per 1000, standardisert",0.5,1,5,15
Vestland,2025-01-01,Kjønn samlet,0-14 år,KOLS (J44),"per 1000, standardisert",,1,5,15
Vestland,2025-01-01,Kjønn samlet,0-14 år,Sykdom i muskel-skjelettsystemet og bindevev (M00-M99),"per 1000, standardisert",1.9,1,5,15
Vestland,2025-01-01,Kjønn samlet,0-14 år,Personskader (S00-T78),"per 1000, standardisert",9.2,1,5,15
Vestland,2025-01-01,Kjønn samlet,0-14 år,Hodeskader (S00-S09),"per 1000, standardisert",2.9,1,5,15
Vestland,2025-01-01,Kjønn samlet,0-14 år,Hoftebrudd (S72.0-72.2),"per 1000, standardisert",,1,5,15
Vestland,2025-01-01,Kjønn samlet,0-14 år,Forgiftninger (T36-T65),"per 1000, standardisert",0.3,1,5,15
Vestland,2025-01-01,Kjønn samlet,15-24 år,Hjerte og karsykdom (I00-I99),"per 1000, standardisert",1.5,1,6,15
Vestland,2025-01-01,Kjønn samlet,15-24 år,KOLS (J44),"per 1000, standardisert",,1,6,15
Vestland,2025-01-01,Kjønn samlet,15-24 år,Sykdom i muskel-skjelettsystemet og bindevev (M00-M99),"per 1000, standardisert",7.1,1,6,15
Vestland,2025-01-01,Kjønn samlet,15-24 år,Personskader (S00-T78),"per 1000, standardisert",12.6,1,6,15
Vestland,2025-01-01,Kjønn samlet,15-24 år,Hodeskader (S00-S09),"per 1000, standardisert",1.9,1,6,15
Vestland,2025-01-01,Kjønn samlet,15-24 år,Hoftebrudd (S72.0-72.2),"per 1000, standardisert",,1,6,15
Vestland,2025-01-01,Kjønn samlet,15-24 år,Forgiftninger (T36-T65),"per 1000, standardisert",1.8,1,6,15
Vestland,2025-01-01,Kjønn samlet,25-44 år,Hjerte og karsykdom (I00-I99),"per 1000, standardisert",3.4,1,7,15
Vestland,2025-01-01,Kjønn samlet,25-44 år,KOLS (J44),"per 1000, standardisert",,1,7,15
Vestland,2025-01-01,Kjønn samlet,25-44 år,Sykdom i muskel-skjelettsystemet og bindevev (M00-M99),"per 1000, standardisert",10.3,1,7,15
Vestland,2025-01-01,Kjønn samlet,25-44 år,Personskader (S00-T78),"per 1000, standardisert",8.2,1,7,15
Vestland,2025-01-01,Kjønn samlet,25-44 år,Hodeskader (S00-S09),"per 1000, standardisert",1.2,1,7,15
Vestland,2025-01-01,Kjønn samlet,25-44 år,Hoftebrudd (S72.0-72.2),"per 1000, standardisert",,1,7,15
Vestland,2025-01-01,Kjønn samlet,25-44 år,Forgiftninger (T36-T65),"per 1000, standardisert",0.7,1,7,15
Vestland,2025-01-01,Kjønn samlet,45-74 år,Hjerte og karsykdom (I00-I99),"per 1000, standardisert",20.9,1,8,15
Vestland,2025-01-01,Kjønn samlet,45-74 år,KOLS (J44),"per 1000, standardisert",,1,8,15
Vestland,2025-01-01,Kjønn samlet,45-74 år,Sykdom i muskel-skjelettsystemet og bindevev (M00-M99),"per 1000, standardisert",27.4,1,8,15
Vestland,2025-01-01,Kjønn samlet,45-74 år,Personskader (S00-T78),"per 1000, standardisert",13.8,1,8,15
Vestland,2025-01-01,Kjønn samlet,45-74 år,Hodeskader (S00-S09),"per 1000, standardisert",1.8,1,8,15
Vestland,2025-01-01,Kjønn samlet,45-74 år,Hoftebrudd (S72.0-72.2),"per 1000, standardisert",1.1,1,8,15
Vestland,2025-01-01,Kjønn samlet,45-74 år,Forgiftninger (T36-T65),"per 1000, standardisert",0.5,1,8,15
Vestland,2025-01-01,Kjønn samlet,45-64 år,Hjerte og karsykdom (I00-I99),"per 1000, standardisert",14.8,1,9,15
Vestland,2025-01-01,Kjønn samlet,45-64 år,KOLS (J44),"per 1000, standardisert",0.9,1,9,15
Vestland,2025-01-01,Kjønn samlet,45-64 år,Sykdom i muskel-skjelettsystemet og bindevev (M00-M99),"per 1000, standardisert",23.4,1,9,15
Vestland,2025-01-01,Kjønn samlet,45-64 år,Personskader (S00-T78),"per 1000, standardisert",11.6,1,9,15
Vestland,2025-01-01,Kjønn samlet,45-64 år,Hodeskader (S00-S09),"per 1000, standardisert",1.3,1,9,15
Vestland,2025-01-01,Kjønn samlet,45-64 år,Hoftebrudd (S72.0-72.2),"per 1000, standardisert",0.5,1,9,15
Vestland,2025-01-01,Kjønn samlet,45-64 år,Forgiftninger (T36-T65),"per 1000, standardisert",0.6,1,9,15
Vestland,2025-01-01,Kjønn samlet,65-74 år,Hjerte og karsykdom (I00-I99),"per 1000, standardisert",36.5,1,10,15
Vestland,2025-01-01,Kjønn samlet,65-74 år,KOLS (J44),"per 1000, standardisert",,1,10,15
Vestland,2025-01-01,Kjønn samlet,65-74 år,Sykdom i muskel-skjelettsystemet og bindevev (M00-M99),"per 1000, standardisert",37.8,1,10,15
Vestland,2025-01-01,Kjønn samlet,65-74 år,Personskader (S00-T78),"per 1000, standardisert",19.4,1,10,15
Vestland,2025-01-01,Kjønn samlet,65-74 år,Hodeskader (S00-S09),"per 1000, standardisert",3.0,1,10,15
Vestland,2025-01-01,Kjønn samlet,65-74 år,Hoftebrudd (S72.0-72.2),"per 1000, standardisert",2.7,1,10,15
Vestland,2025-01-01,Kjønn samlet,65-74 år,Forgiftninger (T36-T65),"per 1000, standardisert",0.5,1,10,15
Vestland,2025-01-01,Kjønn samlet,75 år+,Hjerte og karsykdom (I00-I99),"per 1000, standardisert",81.8,1,11,15
Vestland,2025-01-01,Kjønn samlet,75 år+,KOLS (J44),"per 1000, standardisert",9.4,1,11,15
Vestland,2025-01-01,Kjønn samlet,75 år+,Sykdom i muskel-skjelettsystemet og bindevev (M00-M99),"per 1000, standardisert",46.6,1,11,15
Vestland,2025-01-01,Kjønn samlet,75 år+,Personskader (S00-T78),"per 1000, standardisert",45.3,1,11,15
Vestland,2025-01-01,Kjønn samlet,75 år+,Hodeskader (S00-S09),"per 1000, standardisert",11.0,1,11,15
Vestland,2025-01-01,Kjønn samlet,75 år+,Hoftebrudd (S72.0-72.2),"per 1000, standardisert",12.8,1,11,15
Vestland,2025-01-01,Kjønn samlet,75 år+,Forgiftninger (T36-T65),"per 1000, standardisert",0.8,1,11,15
Vestland,2025-01-01,Kjønn samlet,75-79 år,Hjerte og karsykdom (I00-I99),"per 1000, standardisert",65.4,1,12,15
Vestland,2025-01-01,Kjønn samlet,75-79 år,KOLS (J44),"per 1000, standardisert",9.2,1,12,15
Vestland,2025-01-01,Kjønn samlet,75-79 år,Sykdom i muskel-skjelettsystemet og bindevev (M00-M99),"per 1000, standardisert",49.0,1,12,15
Vestland,2025-01-01,Kjønn samlet,75-79 år,Personskader (S00-T78),"per 1000, standardisert",29.7,1,12,15
Vestland,2025-01-01,Kjønn samlet,75-79 år,Hodeskader (S00-S09),"per 1000, standardisert",5.3,1,12,15
Vestland,2025-01-01,Kjønn samlet,75-79 år,Hoftebrudd (S72.0-72.2),"per 1000, standardisert",6.4,1,12,15
Vestland,2025-01-01,Kjønn samlet,75-79 år,Forgiftninger (T36-T65),"per 1000, standardisert",0.5,1,12,15
Vestland,2025-01-01,Kjønn samlet,80 år+,Hjerte og karsykdom (I00-I99),"per 1000, standardisert",94.8,1,13,15
Vestland,2025-01-01,Kjønn samlet,80 år+,KOLS (J44),"per 1000, standardisert",9.5,1,13,15
Vestland,2025-01-01,Kjønn samlet,80 år+,Sykdom i muskel-skjelettsystemet og bindevev (M00-M99),"per 1000, standardisert",44.6,1,13,15
Vestland,2025-01-01,Kjønn samlet,80 år+,Personskader (S00-T78),"per 1000, standardisert",57.8,1,13,15
Vestland,2025-01-01,Kjønn samlet,80 år+,Hodeskader (S00-S09),"per 1000, standardisert",15.4,1,13,15
Vestland,2025-01-01,Kjønn samlet,80 år+,Hoftebrudd (S72.0-72.2),"per 1000, standardisert",17.9,1,13,15
Vestland,2025-01-01,Kjønn samlet,80 år+,Forgiftninger (T36-T65),"per 1000, standardisert",0.9,1,13,15
Vestland,2025-01-01,Menn,Alle aldre,Hjerte og karsykdom (I00-I99),"per 1000, standardisert",19.6,2,1,15
Vestland,2025-01-01,Menn,Alle aldre,KOLS (J44),"per 1000, standardisert",1.5,2,1,15
Vestland,2025-01-01,Menn,Alle aldre,Sykdom i muskel-skjelettsystemet og bindevev (M00-M99),"per 1000, standardisert",15.3,2,1,15
Vestland,2025-01-01,Menn,Alle aldre,Personskader (S00-T78),"per 1000, standardisert",14.3,2,1,15
Vestland,2025-01-01,Menn,Alle aldre,Hodeskader (S00-S09),"per 1000, standardisert",3.0,2,1,15
Vestland,2025-01-01,Menn,Alle aldre,Hoftebrudd (S72.0-72.2),"per 1000, standardisert",1.2,2,1,15
Vestland,2025-01-01,Menn,Alle aldre,Forgiftninger (T36-T65),"per 1000, standardisert",0.5,2,1,15
Vestland,2025-01-01,Menn,0-74 år,Hjerte og karsykdom (I00-I99),"per 1000, standardisert",12.2,2,2,15
Vestland,2025-01-01,Menn,0-74 år,KOLS (J44),"per 1000, standardisert",0.7,2,2,15
Vestland,2025-01-01,Menn,0-74 år,Sykdom i muskel-skjelettsystemet og bindevev (M00-M99),"per 1000, standardisert",13.1,2,2,15
Vestland,2025-01-01,Menn,0-74 år,Personskader (S00-T78),"per 1000, standardisert",12.1,2,2,15
Vestland,2025-01-01,Menn,0-74 år,Hodeskader (S00-S09),"per 1000, standardisert",2.2,2,2,15
Vestland,2025-01-01,Menn,0-74 år,Hoftebrudd (S72.0-72.2),"per 1000, standardisert",0.4,2,2,15
Vestland,2025-01-01,Menn,0-74 år,Forgiftninger (T36-T65),"per 1000, standardisert",0.5,2,2,15
Vestland,2025-01-01,Menn,0-44 år,Hjerte og karsykdom (I00-I99),"per 1000, standardisert",2.1,2,3,15
Vestland,2025-01-01,Menn,0-44 år,KOLS (J44),"per 1000, standardisert",,2,3,15
Vestland,2025-01-01,Menn,0-44 år,Sykdom i muskel-skjelettsystemet og bindevev (M00-M99),"per 1000, standardisert",6.6,2,3,15
Vestland,2025-01-01,Menn,0-44 år,Personskader (S00-T78),"per 1000, standardisert",11.0,2,3,15
Vestland,2025-01-01,Menn,0-44 år,Hodeskader (S00-S09),"per 1000, standardisert",2.1,2,3,15
Vestland,2025-01-01,Menn,0-44 år,Hoftebrudd (S72.0-72.2),"per 1000, standardisert",0.0,2,3,15
Vestland,2025-01-01,Menn,0-44 år,Forgiftninger (T36-T65),"per 1000, standardisert",0.5,2,3,15
Vestland,2025-01-01,Menn,0-24 år,Hjerte og karsykdom (I00-I99),"per 1000, standardisert",0.9,2,4,15
Vestland,2025-01-01,Menn,0-24 år,KOLS (J44),"per 1000, standardisert",,2,4,15
Vestland,2025-01-01,Menn,0-24 år,Sykdom i muskel-skjelettsystemet og bindevev (M00-M99),"per 1000, standardisert",3.7,2,4,15
Vestland,2025-01-01,Menn,0-24 år,Personskader (S00-T78),"per 1000, standardisert",12.0,2,4,15
Vestland,2025-01-01,Menn,0-24 år,Hodeskader (S00-S09),"per 1000, standardisert",2.6,2,4,15
Vestland,2025-01-01,Menn,0-24 år,Hoftebrudd (S72.0-72.2),"per 1000, standardisert",,2,4,15
Vestland,2025-01-01,Menn,0-24 år,Forgiftninger (T36-T65),"per 1000, standardisert",0.4,2,4,15
Vestland,2025-01-01,Menn,0-14 år,Hjerte og karsykdom (I00-I99),"per 1000, standardisert",0.4,2,5,15
Vestland,2025-01-01,Menn,0-14 år,KOLS (J44),"per 1000, standardisert",,2,5,15
Vestland,2025-01-01,Menn,0-14 år,Sykdom i muskel-skjelettsystemet og bindevev (M00-M99),"per 1000, standardisert",1.8,2,5,15
Vestland,2025-01-01,Menn,0-14 år,Personskader (S00-T78),"per 1000, standardisert",9.9,2,5,15
Vestland,2025-01-01,Menn,0-14 år,Hodeskader (S00-S09),"per 1000, standardisert",2.9,2,5,15
Vestland,2025-01-01,Menn,0-14 år,Hoftebrudd (S72.0-72.2),"per 1000, standardisert",,2,5,15
Vestland,2025-01-01,Menn,0-14 år,Forgiftninger (T36-T65),"per 1000, standardisert",0.2,2,5,15
Vestland,2025-01-01,Menn,15-24 år,Hjerte og karsykdom (I00-I99),"per 1000, standardisert",1.5,2,6,15
Vestland,2025-01-01,Menn,15-24 år,KOLS (J44),"per 1000, standardisert",,2,6,15
Vestland,2025-01-01,Menn,15-24 år,Sykdom i muskel-skjelettsystemet og bindevev (M00-M99),"per 1000, standardisert",6.1,2,6,15
Vestland,2025-01-01,Menn,15-24 år,Personskader (S00-T78),"per 1000, standardisert",14.7,2,6,15
Vestland,2025-01-01,Menn,15-24 år,Hodeskader (S00-S09),"per 1000, standardisert",2.3,2,6,15
Vestland,2025-01-01,Menn,15-24 år,Hoftebrudd (S72.0-72.2),"per 1000, standardisert",,2,6,15
Vestland,2025-01-01,Menn,15-24 år,Forgiftninger (T36-T65),"per 1000, standardisert",0.6,2,6,15
Vestland,2025-01-01,Menn,25-44 år,Hjerte og karsykdom (I00-I99),"per 1000, standardisert",3.4,2,7,15
Vestland,2025-01-01,Menn,25-44 år,KOLS (J44),"per 1000, standardisert",,2,7,15
Vestland,2025-01-01,Menn,25-44 år,Sykdom i muskel-skjelettsystemet og bindevev (M00-M99),"per 1000, standardisert",9.6,2,7,15
Vestland,2025-01-01,Menn,25-44 år,Personskader (S00-T78),"per 1000, standardisert",10.0,2,7,15
Vestland,2025-01-01,Menn,25-44 år,Hodeskader (S00-S09),"per 1000, standardisert",1.6,2,7,15
Vestland,2025-01-01,Menn,25-44 år,Hoftebrudd (S72.0-72.2),"per 1000, standardisert",,2,7,15
Vestland,2025-01-01,Menn,25-44 år,Forgiftninger (T36-T65),"per 1000, standardisert",0.5,2,7,15
Vestland,2025-01-01,Menn,45-74 år,Hjerte og karsykdom (I00-I99),"per 1000, standardisert",27.8,2,8,15
Vestland,2025-01-01,Menn,45-74 år,KOLS (J44),"per 1000, standardisert",,2,8,15
Vestland,2025-01-01,Menn,45-74 år,Sykdom i muskel-skjelettsystemet og bindevev (M00-M99),"per 1000, standardisert",23.2,2,8,15
Vestland,2025-01-01,Menn,45-74 år,Personskader (S00-T78),"per 1000, standardisert",13.9,2,8,15
Vestland,2025-01-01,Menn,45-74 år,Hodeskader (S00-S09),"per 1000, standardisert",2.4,2,8,15
Vestland,2025-01-01,Menn,45-74 år,Hoftebrudd (S72.0-72.2),"per 1000, standardisert",1.0,2,8,15
Vestland,2025-01-01,Menn,45-74 år,Forgiftninger (T36-T65),"per 1000, standardisert",0.5,2,8,15
Vestland,2025-01-01,Menn,45-64 år,Hjerte og karsykdom (I00-I99),"per 1000, standardisert",19.6,2,9,15
Vestland,2025-01-01,Menn,45-64 år,KOLS (J44),"per 1000, standardisert",1.0,2,9,15
Vestland,2025-01-01,Menn,45-64 år,Sykdom i muskel-skjelettsystemet og bindevev (M00-M99),"per 1000, standardisert",19.9,2,9,15
Vestland,2025-01-01,Menn,45-64 år,Personskader (S00-T78),"per 1000, standardisert",12.2,2,9,15
Vestland,2025-01-01,Menn,45-64 år,Hodeskader (S00-S09),"per 1000, standardisert",1.8,2,9,15
Vestland,2025-01-01,Menn,45-64 år,Hoftebrudd (S72.0-72.2),"per 1000, standardisert",0.5,2,9,15
Vestland,2025-01-01,Menn,45-64 år,Forgiftninger (T36-T65),"per 1000, standardisert",0.5,2,9,15
Vestland,2025-01-01,Menn,65-74 år,Hjerte og karsykdom (I00-I99),"per 1000, standardisert",49.4,2,10,15
Vestland,2025-01-01,Menn,65-74 år,KOLS (J44),"per 1000, standardisert",,2,10,15
Vestland,2025-01-01,Menn,65-74 år,Sykdom i muskel-skjelettsystemet og bindevev (M00-M99),"per 1000, standardisert",31.7,2,10,15
Vestland,2025-01-01,Menn,65-74 år,Personskader (S00-T78),"per 1000, standardisert",18.2,2,10,15
Vestland,2025-01-01,Menn,65-74 år,Hodeskader (S00-S09),"per 1000, standardisert",4.0,2,10,15
Vestland,2025-01-01,Menn,65-74 år,Hoftebrudd (S72.0-72.2),"per 1000, standardisert",2.2,2,10,15
Vestland,2025-01-01,Menn,65-74 år,Forgiftninger (T36-T65),"per 1000, standardisert",0.4,2,10,15
Vestland,2025-01-01,Menn,75 år+,Hjerte og karsykdom (I00-I99),"per 1000, standardisert",98.5,2,11,15
Vestland,2025-01-01,Menn,75 år+,KOLS (J44),"per 1000, standardisert",10.1,2,11,15
Vestland,2025-01-01,Menn,75 år+,Sykdom i muskel-skjelettsystemet og bindevev (M00-M99),"per 1000, standardisert",38.4,2,11,15
Vestland,2025-01-01,Menn,75 år+,Personskader (S00-T78),"per 1000, standardisert",37.6,2,11,15
Vestland,2025-01-01,Menn,75 år+,Hodeskader (S00-S09),"per 1000, standardisert",11.5,2,11,15
Vestland,2025-01-01,Menn,75 år+,Hoftebrudd (S72.0-72.2),"per 1000, standardisert",9.6,2,11,15
Vestland,2025-01-01,Menn,75 år+,Forgiftninger (T36-T65),"per 1000, standardisert",0.8,2,11,15
Vestland,2025-01-01,Menn,75-79 år,Hjerte og karsykdom (I00-I99),"per 1000, standardisert",85.1,2,12,15
Vestland,2025-01-01,Menn,75-79 år,KOLS (J44),"per 1000, standardisert",9.3,2,12,15
Vestland,2025-01-01,Menn,75-79 år,Sykdom i muskel-skjelettsystemet og bindevev (M00-M99),"per 1000, standardisert",37.6,2,12,15
Vestland,2025-01-01,Menn,75-79 år,Personskader (S00-T78),"per 1000, standardisert",25.1,2,12,15
Vestland,2025-01-01,Menn,75-79 år,Hodeskader (S00-S09),"per 1000, standardisert",6.6,2,12,15
Vestland,2025-01-01,Menn,75-79 år,Hoftebrudd (S72.0-72.2),"per 1000, standardisert",5.1,2,12,15
Vestland,2025-01-01,Menn,75-79 år,Forgiftninger (T36-T65),"per 1000, standardisert",,2,12,15
Vestland,2025-01-01,Menn,80 år+,Hjerte og karsykdom (I00-I99),"per 1000, standardisert",110.7,2,13,15
Vestland,2025-01-01,Menn,80 år+,KOLS (J44),"per 1000, standardisert",10.8,2,13,15
Vestland,2025-01-01,Menn,80 år+,Sykdom i muskel-skjelettsystemet og bindevev (M00-M99),"per 1000, standardisert",39.0,2,13,15
Vestland,2025-01-01,Menn,80 år+,Personskader (S00-T78),"per 1000, standardisert",48.8,2,13,15
Vestland,2025-01-01,Menn,80 år+,Hodeskader (S00-S09),"per 1000, standardisert",15.9,2,13,15
Vestland,2025-01-01,Menn,80 år+,Hoftebrudd (S72.0-72.2),"per 1000, standardisert",13.7,2,13,15
Vestland,2025-01-01,Menn,80 år+,Forgiftninger (T36-T65),"per 1000, standardisert",1.0,2,13,15
Vestland,2025-01-01,Kvinner,Alle aldre,Hjerte og karsykdom (I00-I99),"per 1000, standardisert",13.4,3,1,15
Vestland,2025-01-01,Kvinner,Alle aldre,KOLS (J44),"per 1000, standardisert",1.6,3,1,15
Vestland,2025-01-01,Kvinner,Alle aldre,Sykdom i muskel-skjelettsystemet og bindevev (M00-M99),"per 1000, standardisert",21.2,3,1,15
Vestland,2025-01-01,Kvinner,Alle aldre,Personskader (S00-T78),"per 1000, standardisert",14.6,3,1,15
Vestland,2025-01-01,Kvinner,Alle aldre,Hodeskader (S00-S09),"per 1000, standardisert",2.4,3,1,15
Vestland,2025-01-01,Kvinner,Alle aldre,Hoftebrudd (S72.0-72.2),"per 1000, standardisert",2.1,3,1,15
Vestland,2025-01-01,Kvinner,Alle aldre,Forgiftninger (T36-T65),"per 1000, standardisert",0.9,3,1,15
Vestland,2025-01-01,Kvinner,0-74 år,Hjerte og karsykdom (I00-I99),"per 1000, standardisert",6.9,3,2,15
Vestland,2025-01-01,Kvinner,0-74 år,KOLS (J44),"per 1000, standardisert",0.7,3,2,15
Vestland,2025-01-01,Kvinner,0-74 år,Sykdom i muskel-skjelettsystemet og bindevev (M00-M99),"per 1000, standardisert",17.4,3,2,15
Vestland,2025-01-01,Kvinner,0-74 år,Personskader (S00-T78),"per 1000, standardisert",10.2,3,2,15
Vestland,2025-01-01,Kvinner,0-74 år,Hodeskader (S00-S09),"per 1000, standardisert",1.4,3,2,15
Vestland,2025-01-01,Kvinner,0-74 år,Hoftebrudd (S72.0-72.2),"per 1000, standardisert",0.5,3,2,15
Vestland,2025-01-01,Kvinner,0-74 år,Forgiftninger (T36-T65),"per 1000, standardisert",1.0,3,2,15
Vestland,2025-01-01,Kvinner,0-44 år,Hjerte og karsykdom (I00-I99),"per 1000, standardisert",2.2,3,3,15
Vestland,2025-01-01,Kvinner,0-44 år,KOLS (J44),"per 1000, standardisert",,3,3,15
Vestland,2025-01-01,Kvinner,0-44 år,Sykdom i muskel-skjelettsystemet og bindevev (M00-M99),"per 1000, standardisert",7.8,3,3,15
Vestland,2025-01-01,Kvinner,0-44 år,Personskader (S00-T78),"per 1000, standardisert",7.8,3,3,15
Vestland,2025-01-01,Kvinner,0-44 år,Hodeskader (S00-S09),"per 1000, standardisert",1.5,3,3,15
Vestland,2025-01-01,Kvinner,0-44 år,Hoftebrudd (S72.0-72.2),"per 1000, standardisert",,3,3,15
Vestland,2025-01-01,Kvinner,0-44 år,Forgiftninger (T36-T65),"per 1000, standardisert",1.2,3,3,15
Vestland,2025-01-01,Kvinner,0-24 år,Hjerte og karsykdom (I00-I99),"per 1000, standardisert",1.0,3,4,15
Vestland,2025-01-01,Kvinner,0-24 år,KOLS (J44),"per 1000, standardisert",,3,4,15
Vestland,2025-01-01,Kvinner,0-24 år,Sykdom i muskel-skjelettsystemet og bindevev (M00-M99),"per 1000, standardisert",4.7,3,4,15
Vestland,2025-01-01,Kvinner,0-24 år,Personskader (S00-T78),"per 1000, standardisert",9.2,3,4,15
Vestland,2025-01-01,Kvinner,0-24 år,Hodeskader (S00-S09),"per 1000, standardisert",2.2,3,4,15
Vestland,2025-01-01,Kvinner,0-24 år,Hoftebrudd (S72.0-72.2),"per 1000, standardisert",,3,4,15
Vestland,2025-01-01,Kvinner,0-24 år,Forgiftninger (T36-T65),"per 1000, standardisert",1.5,3,4,15
Vestland,2025-01-01,Kvinner,0-14 år,Hjerte og karsykdom (I00-I99),"per 1000, standardisert",0.6,3,5,15
Vestland,2025-01-01,Kvinner,0-14 år,KOLS (J44),"per 1000, standardisert",,3,5,15
Vestland,2025-01-01,Kvinner,0-14 år,Sykdom i muskel-skjelettsystemet og bindevev (M00-M99),"per 1000, standardisert",2.0,3,5,15
Vestland,2025-01-01,Kvinner,0-14 år,Personskader (S00-T78),"per 1000, standardisert",8.4,3,5,15
Vestland,2025-01-01,Kvinner,0-14 år,Hodeskader (S00-S09),"per 1000, standardisert",2.9,3,5,15
Vestland,2025-01-01,Kvinner,0-14 år,Hoftebrudd (S72.0-72.2),"per 1000, standardisert",,3,5,15
Vestland,2025-01-01,Kvinner,0-14 år,Forgiftninger (T36-T65),"per 1000, standardisert",0.3,3,5,15
Vestland,2025-01-01,Kvinner,15-24 år,Hjerte og karsykdom (I00-I99),"per 1000, standardisert",1.5,3,6,15
Vestland,2025-01-01,Kvinner,15-24 år,KOLS (J44),"per 1000, standardisert",,3,6,15
Vestland,2025-01-01,Kvinner,15-24 år,Sykdom i muskel-skjelettsystemet og bindevev (M00-M99),"per 1000, standardisert",8.2,3,6,15
Vestland,2025-01-01,Kvinner,15-24 år,Personskader (S00-T78),"per 1000, standardisert",10.3,3,6,15
Vestland,2025-01-01,Kvinner,15-24 år,Hodeskader (S00-S09),"per 1000, standardisert",1.4,3,6,15
Vestland,2025-01-01,Kvinner,15-24 år,Hoftebrudd (S72.0-72.2),"per 1000, standardisert",,3,6,15
Vestland,2025-01-01,Kvinner,15-24 år,Forgiftninger (T36-T65),"per 1000, standardisert",3.0,3,6,15
Vestland,2025-01-01,Kvinner,25-44 år,Hjerte og karsykdom (I00-I99),"per 1000, standardisert",3.4,3,7,15
Vestland,2025-01-01,Kvinner,25-44 år,KOLS (J44),"per 1000, standardisert",,3,7,15
Vestland,2025-01-01,Kvinner,25-44 år,Sykdom i muskel-skjelettsystemet og bindevev (M00-M99),"per 1000, standardisert",11.0,3,7,15
Vestland,2025-01-01,Kvinner,25-44 år,Personskader (S00-T78),"per 1000, standardisert",6.4,3,7,15
Vestland,2025-01-01,Kvinner,25-44 år,Hodeskader (S00-S09),"per 1000, standardisert",0.8,3,7,15
Vestland,2025-01-01,Kvinner,25-44 år,Hoftebrudd (S72.0-72.2),"per 1000, standardisert",,3,7,15
Vestland,2025-01-01,Kvinner,25-44 år,Forgiftninger (T36-T65),"per 1000, standardisert",0.9,3,7,15
Vestland,2025-01-01,Kvinner,45-74 år,Hjerte og karsykdom (I00-I99),"per 1000, standardisert",13.9,3,8,15
Vestland,2025-01-01,Kvinner,45-74 år,KOLS (J44),"per 1000, standardisert",,3,8,15
Vestland,2025-01-01,Kvinner,45-74 år,Sykdom i muskel-skjelettsystemet og bindevev (M00-M99),"per 1000, standardisert",31.8,3,8,15
Vestland,2025-01-01,Kvinner,45-74 år,Personskader (S00-T78),"per 1000, standardisert",13.7,3,8,15
Vestland,2025-01-01,Kvinner,45-74 år,Hodeskader (S00-S09),"per 1000, standardisert",1.3,3,8,15
Vestland,2025-01-01,Kvinner,45-74 år,Hoftebrudd (S72.0-72.2),"per 1000, standardisert",1.2,3,8,15
Vestland,2025-01-01,Kvinner,45-74 år,Forgiftninger (T36-T65),"per 1000, standardisert",0.6,3,8,15
Vestland,2025-01-01,Kvinner,45-64 år,Hjerte og karsykdom (I00-I99),"per 1000, standardisert",9.8,3,9,15
Vestland,2025-01-01,Kvinner,45-64 år,KOLS (J44),"per 1000, standardisert",0.7,3,9,15
Vestland,2025-01-01,Kvinner,45-64 år,Sykdom i muskel-skjelettsystemet og bindevev (M00-M99),"per 1000, standardisert",26.9,3,9,15
Vestland,2025-01-01,Kvinner,45-64 år,Personskader (S00-T78),"per 1000, standardisert",10.9,3,9,15
Vestland,2025-01-01,Kvinner,45-64 år,Hodeskader (S00-S09),"per 1000, standardisert",0.9,3,9,15
Vestland,2025-01-01,Kvinner,45-64 år,Hoftebrudd (S72.0-72.2),"per 1000, standardisert",0.4,3,9,15
Vestland,2025-01-01,Kvinner,45-64 år,Forgiftninger (T36-T65),"per 1000, standardisert",0.6,3,9,15
Vestland,2025-01-01,Kvinner,65-74 år,Hjerte og karsykdom (I00-I99),"per 1000, standardisert",23.9,3,10,15
Vestland,2025-01-01,Kvinner,65-74 år,KOLS (J44),"per 1000, standardisert",,3,10,15
Vestland,2025-01-01,Kvinner,65-74 år,Sykdom i muskel-skjelettsystemet og bindevev (M00-M99),"per 1000, standardisert",43.8,3,10,15
Vestland,2025-01-01,Kvinner,65-74 år,Personskader (S00-T78),"per 1000, standardisert",20.6,3,10,15
Vestland,2025-01-01,Kvinner,65-74 år,Hodeskader (S00-S09),"per 1000, standardisert",2.2,3,10,15
Vestland,2025-01-01,Kvinner,65-74 år,Hoftebrudd (S72.0-72.2),"per 1000, standardisert",3.2,3,10,15
Vestland,2025-01-01,Kvinner,65-74 år,Forgiftninger (T36-T65),"per 1000, standardisert",0.6,3,10,15
Vestland,2025-01-01,Kvinner,75 år+,Hjerte og karsykdom (I00-I99),"per 1000, standardisert",68.0,3,11,15
Vestland,2025-01-01,Kvinner,75 år+,KOLS (J44),"per 1000, standardisert",8.8,3,11,15
Vestland,2025-01-01,Kvinner,75 år+,Sykdom i muskel-skjelettsystemet og bindevev (M00-M99),"per 1000, standardisert",53.3,3,11,15
Vestland,2025-01-01,Kvinner,75 år+,Personskader (S00-T78),"per 1000, standardisert",51.7,3,11,15
Vestland,2025-01-01,Kvinner,75 år+,Hodeskader (S00-S09),"per 1000, standardisert",10.5,3,11,15
Vestland,2025-01-01,Kvinner,75 år+,Hoftebrudd (S72.0-72.2),"per 1000, standardisert",15.4,3,11,15
Vestland,2025-01-01,Kvinner,75 år+,Forgiftninger (T36-T65),"per 1000, standardisert",0.8,3,11,15
Vestland,2025-01-01,Kvinner,75-79 år,Hjerte og karsykdom (I00-I99),"per 1000, standardisert",46.9,3,12,15
Vestland,2025-01-01,Kvinner,75-79 år,KOLS (J44),"per 1000, standardisert",9.1,3,12,15
Vestland,2025-01-01,Kvinner,75-79 år,Sykdom i muskel-skjelettsystemet og bindevev (M00-M99),"per 1000, standardisert",59.7,3,12,15
Vestland,2025-01-01,Kvinner,75-79 år,Personskader (S00-T78),"per 1000, standardisert",34.1,3,12,15
Vestland,2025-01-01,Kvinner,75-79 år,Hodeskader (S00-S09),"per 1000, standardisert",4.1,3,12,15
Vestland,2025-01-01,Kvinner,75-79 år,Hoftebrudd (S72.0-72.2),"per 1000, standardisert",7.6,3,12,15
Vestland,2025-01-01,Kvinner,75-79 år,Forgiftninger (T36-T65),"per 1000, standardisert",0.6,3,12,15
Vestland,2025-01-01,Kvinner,80 år+,Hjerte og karsykdom (I00-I99),"per 1000, standardisert",83.1,3,13,15
Vestland,2025-01-01,Kvinner,80 år+,KOLS (J44),"per 1000, standardisert",8.5,3,13,15
Vestland,2025-01-01,Kvinner,80 år+,Sykdom i muskel-skjelettsystemet og bindevev (M00-M99),"per 1000, standardisert",48.7,3,13,15
Vestland,2025-01-01,Kvinner,80 år+,Personskader (S00-T78),"per 1000, standardisert",64.4,3,13,15
Vestland,2025-01-01,Kvinner,80 år+,Hodeskader (S00-S09),"per 1000, standardisert",15.1,3,13,15
Vestland,2025-01-01,Kvinner,80 år+,Hoftebrudd (S72.0-72.2),"per 1000, standardisert",21.0,3,13,15
Vestland,2025-01-01,Kvinner,80 år+,Forgiftninger (T36-T65),"per 1000, standardisert",0.9,3,13,15
Møre og Romsdal,2025-01-01,Kjønn samlet,Alle aldre,Hjerte og karsykdom (I00-I99),"per 1000, standardisert",16.5,1,1,8
Møre og Romsdal,2025-01-01,Kjønn samlet,Alle aldre,KOLS (J44),"per 1000, standardisert",1.3,1,1,8
Møre og Romsdal,2025-01-01,Kjønn samlet,Alle aldre,Sykdom i muskel-skjelettsystemet og bindevev (M00-M99),"per 1000, standardisert",15.4,1,1,8
Møre og Romsdal,2025-01-01,Kjønn samlet,Alle aldre,Personskader (S00-T78),"per 1000, standardisert",14.8,1,1,8
Møre og Romsdal,2025-01-01,Kjønn samlet,Alle aldre,Hodeskader (S00-S09),"per 1000, standardisert",2.9,1,1,8
Møre og Romsdal,2025-01-01,Kjønn samlet,Alle aldre,Hoftebrudd (S72.0-72.2),"per 1000, standardisert",1.6,1,1,8
Møre og Romsdal,2025-01-01,Kjønn samlet,Alle aldre,Forgiftninger (T36-T65),"per 1000, standardisert",0.7,1,1,8
Møre og Romsdal,2025-01-01,Kjønn samlet,0-74 år,Hjerte og karsykdom (I00-I99),"per 1000, standardisert",10.2,1,2,8
Møre og Romsdal,2025-01-01,Kjønn samlet,0-74 år,KOLS (J44),"per 1000, standardisert",0.6,1,2,8
Møre og Romsdal,2025-01-01,Kjønn samlet,0-74 år,Sykdom i muskel-skjelettsystemet og bindevev (M00-M99),"per 1000, standardisert",13.2,1,2,8
Møre og Romsdal,2025-01-01,Kjønn samlet,0-74 år,Personskader (S00-T78),"per 1000, standardisert",12.0,1,2,8
Møre og Romsdal,2025-01-01,Kjønn samlet,0-74 år,Hodeskader (S00-S09),"per 1000, standardisert",2.2,1,2,8
Møre og Romsdal,2025-01-01,Kjønn samlet,0-74 år,Hoftebrudd (S72.0-72.2),"per 1000, standardisert",0.5,1,2,8
Møre og Romsdal,2025-01-01,Kjønn samlet,0-74 år,Forgiftninger (T36-T65),"per 1000, standardisert",0.7,1,2,8
Møre og Romsdal,2025-01-01,Kjønn samlet,0-44 år,Hjerte og karsykdom (I00-I99),"per 1000, standardisert",2.4,1,3,8
Møre og Romsdal,2025-01-01,Kjønn samlet,0-44 år,KOLS (J44),"per 1000, standardisert",,1,3,8
Møre og Romsdal,2025-01-01,Kjønn samlet,0-44 år,Sykdom i muskel-skjelettsystemet og bindevev (M00-M99),"per 1000, standardisert",6.6,1,3,8
Møre og Romsdal,2025-01-01,Kjønn samlet,0-44 år,Personskader (S00-T78),"per 1000, standardisert",11.1,1,3,8
Møre og Romsdal,2025-01-01,Kjønn samlet,0-44 år,Hodeskader (S00-S09),"per 1000, standardisert",2.5,1,3,8
Møre og Romsdal,2025-01-01,Kjønn samlet,0-44 år,Hoftebrudd (S72.0-72.2),"per 1000, standardisert",,1,3,8
Møre og Romsdal,2025-01-01,Kjønn samlet,0-44 år,Forgiftninger (T36-T65),"per 1000, standardisert",0.8,1,3,8
Møre og Romsdal,2025-01-01,Kjønn samlet,0-24 år,Hjerte og karsykdom (I00-I99),"per 1000, standardisert",0.9,1,4,8
Møre og Romsdal,2025-01-01,Kjønn samlet,0-24 år,KOLS (J44),"per 1000, standardisert",,1,4,8
Møre og Romsdal,2025-01-01,Kjønn samlet,0-24 år,Sykdom i muskel-skjelettsystemet og bindevev (M00-M99),"per 1000, standardisert",4.1,1,4,8
Møre og Romsdal,2025-01-01,Kjønn samlet,0-24 år,Personskader (S00-T78),"per 1000, standardisert",12.5,1,4,8
Møre og Romsdal,2025-01-01,Kjønn samlet,0-24 år,Hodeskader (S00-S09),"per 1000, standardisert",3.6,1,4,8
Møre og Romsdal,2025-01-01,Kjønn samlet,0-24 år,Hoftebrudd (S72.0-72.2),"per 1000, standardisert",,1,4,8
Møre og Romsdal,2025-01-01,Kjønn samlet,0-24 år,Forgiftninger (T36-T65),"per 1000, standardisert",0.9,1,4,8
Møre og Romsdal,2025-01-01,Kjønn samlet,0-14 år,Hjerte og karsykdom (I00-I99),"per 1000, standardisert",0.8,1,5,8
Møre og Romsdal,2025-01-01,Kjønn samlet,0-14 år,KOLS (J44),"per 1000, standardisert",,1,5,8
Møre og Romsdal,2025-01-01,Kjønn samlet,0-14 år,Sykdom i muskel-skjelettsystemet og bindevev (M00-M99),"per 1000, standardisert",2.5,1,5,8
Møre og Romsdal,2025-01-01,Kjønn samlet,0-14 år,Personskader (S00-T78),"per 1000, standardisert",12.8,1,5,8
Møre og Romsdal,2025-01-01,Kjønn samlet,0-14 år,Hodeskader (S00-S09),"per 1000, standardisert",4.4,1,5,8
Møre og Romsdal,2025-01-01,Kjønn samlet,0-14 år,Hoftebrudd (S72.0-72.2),"per 1000, standardisert",,1,5,8
Møre og Romsdal,2025-01-01,Kjønn samlet,0-14 år,Forgiftninger (T36-T65),"per 1000, standardisert",0.5,1,5,8
Møre og Romsdal,2025-01-01,Kjønn samlet,15-24 år,Hjerte og karsykdom (I00-I99),"per 1000, standardisert",1.1,1,6,8
Møre og Romsdal,2025-01-01,Kjønn samlet,15-24 år,KOLS (J44),"per 1000, standardisert",,1,6,8
Møre og Romsdal,2025-01-01,Kjønn samlet,15-24 år,Sykdom i muskel-skjelettsystemet og bindevev (M00-M99),"per 1000, standardisert",6.1,1,6,8
Møre og Romsdal,2025-01-01,Kjønn samlet,15-24 år,Personskader (S00-T78),"per 1000, standardisert",12.2,1,6,8
Møre og Romsdal,2025-01-01,Kjønn samlet,15-24 år,Hodeskader (S00-S09),"per 1000, standardisert",2.5,1,6,8
Møre og Romsdal,2025-01-01,Kjønn samlet,15-24 år,Hoftebrudd (S72.0-72.2),"per 1000, standardisert",,1,6,8
Møre og Romsdal,2025-01-01,Kjønn samlet,15-24 år,Forgiftninger (T36-T65),"per 1000, standardisert",1.5,1,6,8
Møre og Romsdal,2025-01-01,Kjønn samlet,25-44 år,Hjerte og karsykdom (I00-I99),"per 1000, standardisert",3.8,1,7,8
Møre og Romsdal,2025-01-01,Kjønn samlet,25-44 år,KOLS (J44),"per 1000, standardisert",,1,7,8
Møre og Romsdal,2025-01-01,Kjønn samlet,25-44 år,Sykdom i muskel-skjelettsystemet og bindevev (M00-M99),"per 1000, standardisert",9.1,1,7,8
Møre og Romsdal,2025-01-01,Kjønn samlet,25-44 år,Personskader (S00-T78),"per 1000, standardisert",9.8,1,7,8
Møre og Romsdal,2025-01-01,Kjønn samlet,25-44 år,Hodeskader (S00-S09),"per 1000, standardisert",1.5,1,7,8
Møre og Romsdal,2025-01-01,Kjønn samlet,25-44 år,Hoftebrudd (S72.0-72.2),"per 1000, standardisert",,1,7,8
Møre og Romsdal,2025-01-01,Kjønn samlet,25-44 år,Forgiftninger (T36-T65),"per 1000, standardisert",0.7,1,7,8
Møre og Romsdal,2025-01-01,Kjønn samlet,45-74 år,Hjerte og karsykdom (I00-I99),"per 1000, standardisert",22.3,1,8,8
Møre og Romsdal,2025-01-01,Kjønn samlet,45-74 år,KOLS (J44),"per 1000, standardisert",,1,8,8
Møre og Romsdal,2025-01-01,Kjønn samlet,45-74 år,Sykdom i muskel-skjelettsystemet og bindevev (M00-M99),"per 1000, standardisert",23.5,1,8,8
Møre og Romsdal,2025-01-01,Kjønn samlet,45-74 år,Personskader (S00-T78),"per 1000, standardisert",13.3,1,8,8
Møre og Romsdal,2025-01-01,Kjønn samlet,45-74 år,Hodeskader (S00-S09),"per 1000, standardisert",1.8,1,8,8
Møre og Romsdal,2025-01-01,Kjønn samlet,45-74 år,Hoftebrudd (S72.0-72.2),"per 1000, standardisert",1.1,1,8,8
Møre og Romsdal,2025-01-01,Kjønn samlet,45-74 år,Forgiftninger (T36-T65),"per 1000, standardisert",0.4,1,8,8
Møre og Romsdal,2025-01-01,Kjønn samlet,45-64 år,Hjerte og karsykdom (I00-I99),"per 1000, standardisert",15.6,1,9,8
Møre og Romsdal,2025-01-01,Kjønn samlet,45-64 år,KOLS (J44),"per 1000, standardisert",0.6,1,9,8
Møre og Romsdal,2025-01-01,Kjønn samlet,45-64 år,Sykdom i muskel-skjelettsystemet og bindevev (M00-M99),"per 1000, standardisert",20.5,1,9,8
Møre og Romsdal,2025-01-01,Kjønn samlet,45-64 år,Personskader (S00-T78),"per 1000, standardisert",11.3,1,9,8
Møre og Romsdal,2025-01-01,Kjønn samlet,45-64 år,Hodeskader (S00-S09),"per 1000, standardisert",1.5,1,9,8
Møre og Romsdal,2025-01-01,Kjønn samlet,45-64 år,Hoftebrudd (S72.0-72.2),"per 1000, standardisert",0.5,1,9,8
Møre og Romsdal,2025-01-01,Kjønn samlet,45-64 år,Forgiftninger (T36-T65),"per 1000, standardisert",0.5,1,9,8
Møre og Romsdal,2025-01-01,Kjønn samlet,65-74 år,Hjerte og karsykdom (I00-I99),"per 1000, standardisert",39.4,1,10,8
Møre og Romsdal,2025-01-01,Kjønn samlet,65-74 år,KOLS (J44),"per 1000, standardisert",,1,10,8
Møre og Romsdal,2025-01-01,Kjønn samlet,65-74 år,Sykdom i muskel-skjelettsystemet og bindevev (M00-M99),"per 1000, standardisert",31.3,1,10,8
Møre og Romsdal,2025-01-01,Kjønn samlet,65-74 år,Personskader (S00-T78),"per 1000, standardisert",18.5,1,10,8
Møre og Romsdal,2025-01-01,Kjønn samlet,65-74 år,Hodeskader (S00-S09),"per 1000, standardisert",2.6,1,10,8
Møre og Romsdal,2025-01-01,Kjønn samlet,65-74 år,Hoftebrudd (S72.0-72.2),"per 1000, standardisert",2.6,1,10,8
Møre og Romsdal,2025-01-01,Kjønn samlet,65-74 år,Forgiftninger (T36-T65),"per 1000, standardisert",0.4,1,10,8
Møre og Romsdal,2025-01-01,Kjønn samlet,75 år+,Hjerte og karsykdom (I00-I99),"per 1000, standardisert",75.7,1,11,8
Møre og Romsdal,2025-01-01,Kjønn samlet,75 år+,KOLS (J44),"per 1000, standardisert",7.9,1,11,8
Møre og Romsdal,2025-01-01,Kjønn samlet,75 år+,Sykdom i muskel-skjelettsystemet og bindevev (M00-M99),"per 1000, standardisert",35.9,1,11,8
Møre og Romsdal,2025-01-01,Kjønn samlet,75 år+,Personskader (S00-T78),"per 1000, standardisert",42.2,1,11,8
Møre og Romsdal,2025-01-01,Kjønn samlet,75 år+,Hodeskader (S00-S09),"per 1000, standardisert",9.8,1,11,8
Møre og Romsdal,2025-01-01,Kjønn samlet,75 år+,Hoftebrudd (S72.0-72.2),"per 1000, standardisert",12.5,1,11,8
Møre og Romsdal,2025-01-01,Kjønn samlet,75 år+,Forgiftninger (T36-T65),"per 1000, standardisert",0.6,1,11,8
Møre og Romsdal,2025-01-01,Kjønn samlet,75-79 år,Hjerte og karsykdom (I00-I99),"per 1000, standardisert",59.1,1,12,8
Møre og Romsdal,2025-01-01,Kjønn samlet,75-79 år,KOLS (J44),"per 1000, standardisert",7.2,1,12,8
Møre og Romsdal,2025-01-01,Kjønn samlet,75-79 år,Sykdom i muskel-skjelettsystemet og bindevev (M00-M99),"per 1000, standardisert",37.0,1,12,8
Møre og Romsdal,2025-01-01,Kjønn samlet,75-79 år,Personskader (S00-T78),"per 1000, standardisert",28.7,1,12,8
Møre og Romsdal,2025-01-01,Kjønn samlet,75-79 år,Hodeskader (S00-S09),"per 1000, standardisert",5.8,1,12,8
Møre og Romsdal,2025-01-01,Kjønn samlet,75-79 år,Hoftebrudd (S72.0-72.2),"per 1000, standardisert",7.1,1,12,8
Møre og Romsdal,2025-01-01,Kjønn samlet,75-79 år,Forgiftninger (T36-T65),"per 1000, standardisert",,1,12,8
Møre og Romsdal,2025-01-01,Kjønn samlet,80 år+,Hjerte og karsykdom (I00-I99),"per 1000, standardisert",89.0,1,13,8
Møre og Romsdal,2025-01-01,Kjønn samlet,80 år+,KOLS (J44),"per 1000, standardisert",8.4,1,13,8
Møre og Romsdal,2025-01-01,Kjønn samlet,80 år+,Sykdom i muskel-skjelettsystemet og bindevev (M00-M99),"per 1000, standardisert",35.0,1,13,8
Møre og Romsdal,2025-01-01,Kjønn samlet,80 år+,Personskader (S00-T78),"per 1000, standardisert",53.1,1,13,8
Møre og Romsdal,2025-01-01,Kjønn samlet,80 år+,Hodeskader (S00-S09),"per 1000, standardisert",12.9,1,13,8
Møre og Romsdal,2025-01-01,Kjønn samlet,80 år+,Hoftebrudd (S72.0-72.2),"per 1000, standardisert",16.9,1,13,8
Møre og Romsdal,2025-01-01,Kjønn samlet,80 år+,Forgiftninger (T36-T65),"per 1000, standardisert",0.7,1,13,8
Møre og Romsdal,2025-01-01,Menn,Alle aldre,Hjerte og karsykdom (I00-I99),"per 1000, standardisert",18.6,2,1,8
Møre og Romsdal,2025-01-01,Menn,Alle aldre,KOLS (J44),"per 1000, standardisert",1.2,2,1,8
Møre og Romsdal,2025-01-01,Menn,Alle aldre,Sykdom i muskel-skjelettsystemet og bindevev (M00-M99),"per 1000, standardisert",13.6,2,1,8
Møre og Romsdal,2025-01-01,Menn,Alle aldre,Personskader (S00-T78),"per 1000, standardisert",14.9,2,1,8
Møre og Romsdal,2025-01-01,Menn,Alle aldre,Hodeskader (S00-S09),"per 1000, standardisert",3.3,2,1,8
Møre og Romsdal,2025-01-01,Menn,Alle aldre,Hoftebrudd (S72.0-72.2),"per 1000, standardisert",1.2,2,1,8
Møre og Romsdal,2025-01-01,Menn,Alle aldre,Forgiftninger (T36-T65),"per 1000, standardisert",0.6,2,1,8
Møre og Romsdal,2025-01-01,Menn,0-74 år,Hjerte og karsykdom (I00-I99),"per 1000, standardisert",12.1,2,2,8
Møre og Romsdal,2025-01-01,Menn,0-74 år,KOLS (J44),"per 1000, standardisert",0.5,2,2,8
Møre og Romsdal,2025-01-01,Menn,0-74 år,Sykdom i muskel-skjelettsystemet og bindevev (M00-M99),"per 1000, standardisert",12.0,2,2,8
Møre og Romsdal,2025-01-01,Menn,0-74 år,Personskader (S00-T78),"per 1000, standardisert",13.2,2,2,8
Møre og Romsdal,2025-01-01,Menn,0-74 år,Hodeskader (S00-S09),"per 1000, standardisert",2.8,2,2,8
Møre og Romsdal,2025-01-01,Menn,0-74 år,Hoftebrudd (S72.0-72.2),"per 1000, standardisert",0.5,2,2,8
Møre og Romsdal,2025-01-01,Menn,0-74 år,Forgiftninger (T36-T65),"per 1000, standardisert",0.6,2,2,8
Møre og Romsdal,2025-01-01,Menn,0-44 år,Hjerte og karsykdom (I00-I99),"per 1000, standardisert",2.3,2,3,8
Møre og Romsdal,2025-01-01,Menn,0-44 år,KOLS (J44),"per 1000, standardisert",,2,3,8
Møre og Romsdal,2025-01-01,Menn,0-44 år,Sykdom i muskel-skjelettsystemet og bindevev (M00-M99),"per 1000, standardisert",6.0,2,3,8
Møre og Romsdal,2025-01-01,Menn,0-44 år,Personskader (S00-T78),"per 1000, standardisert",13.1,2,3,8
Møre og Romsdal,2025-01-01,Menn,0-44 år,Hodeskader (S00-S09),"per 1000, standardisert",3.1,2,3,8
Møre og Romsdal,2025-01-01,Menn,0-44 år,Hoftebrudd (S72.0-72.2),"per 1000, standardisert",,2,3,8
Møre og Romsdal,2025-01-01,Menn,0-44 år,Forgiftninger (T36-T65),"per 1000, standardisert",0.6,2,3,8
Møre og Romsdal,2025-01-01,Menn,0-24 år,Hjerte og karsykdom (I00-I99),"per 1000, standardisert",1.0,2,4,8
Møre og Romsdal,2025-01-01,Menn,0-24 år,KOLS (J44),"per 1000, standardisert",,2,4,8
Møre og Romsdal,2025-01-01,Menn,0-24 år,Sykdom i muskel-skjelettsystemet og bindevev (M00-M99),"per 1000, standardisert",3.3,2,4,8
Møre og Romsdal,2025-01-01,Menn,0-24 år,Personskader (S00-T78),"per 1000, standardisert",14.4,2,4,8
Møre og Romsdal,2025-01-01,Menn,0-24 år,Hodeskader (S00-S09),"per 1000, standardisert",4.2,2,4,8
Møre og Romsdal,2025-01-01,Menn,0-24 år,Hoftebrudd (S72.0-72.2),"per 1000, standardisert",,2,4,8
Møre og Romsdal,2025-01-01,Menn,0-24 år,Forgiftninger (T36-T65),"per 1000, standardisert",0.6,2,4,8
Møre og Romsdal,2025-01-01,Menn,0-14 år,Hjerte og karsykdom (I00-I99),"per 1000, standardisert",0.8,2,5,8
Møre og Romsdal,2025-01-01,Menn,0-14 år,KOLS (J44),"per 1000, standardisert",,2,5,8
Møre og Romsdal,2025-01-01,Menn,0-14 år,Sykdom i muskel-skjelettsystemet og bindevev (M00-M99),"per 1000, standardisert",2.1,2,5,8
Møre og Romsdal,2025-01-01,Menn,0-14 år,Personskader (S00-T78),"per 1000, standardisert",14.7,2,5,8
Møre og Romsdal,2025-01-01,Menn,0-14 år,Hodeskader (S00-S09),"per 1000, standardisert",5.4,2,5,8
Møre og Romsdal,2025-01-01,Menn,0-14 år,Hoftebrudd (S72.0-72.2),"per 1000, standardisert",,2,5,8
Møre og Romsdal,2025-01-01,Menn,0-14 år,Forgiftninger (T36-T65),"per 1000, standardisert",0.3,2,5,8
Møre og Romsdal,2025-01-01,Menn,15-24 år,Hjerte og karsykdom (I00-I99),"per 1000, standardisert",1.2,2,6,8
Møre og Romsdal,2025-01-01,Menn,15-24 år,KOLS (J44),"per 1000, standardisert",,2,6,8
Møre og Romsdal,2025-01-01,Menn,15-24 år,Sykdom i muskel-skjelettsystemet og bindevev (M00-M99),"per 1000, standardisert",4.8,2,6,8
Møre og Romsdal,2025-01-01,Menn,15-24 år,Personskader (S00-T78),"per 1000, standardisert",14.1,2,6,8
Møre og Romsdal,2025-01-01,Menn,15-24 år,Hodeskader (S00-S09),"per 1000, standardisert",2.7,2,6,8
Møre og Romsdal,2025-01-01,Menn,15-24 år,Hoftebrudd (S72.0-72.2),"per 1000, standardisert",,2,6,8
Møre og Romsdal,2025-01-01,Menn,15-24 år,Forgiftninger (T36-T65),"per 1000, standardisert",0.9,2,6,8
Møre og Romsdal,2025-01-01,Menn,25-44 år,Hjerte og karsykdom (I00-I99),"per 1000, standardisert",3.6,2,7,8
Møre og Romsdal,2025-01-01,Menn,25-44 år,KOLS (J44),"per 1000, standardisert",,2,7,8
Møre og Romsdal,2025-01-01,Menn,25-44 år,Sykdom i muskel-skjelettsystemet og bindevev (M00-M99),"per 1000, standardisert",8.7,2,7,8
Møre og Romsdal,2025-01-01,Menn,25-44 år,Personskader (S00-T78),"per 1000, standardisert",11.8,2,7,8
Møre og Romsdal,2025-01-01,Menn,25-44 år,Hodeskader (S00-S09),"per 1000, standardisert",1.9,2,7,8
Møre og Romsdal,2025-01-01,Menn,25-44 år,Hoftebrudd (S72.0-72.2),"per 1000, standardisert",,2,7,8
Møre og Romsdal,2025-01-01,Menn,25-44 år,Forgiftninger (T36-T65),"per 1000, standardisert",0.7,2,7,8
Møre og Romsdal,2025-01-01,Menn,45-74 år,Hjerte og karsykdom (I00-I99),"per 1000, standardisert",27.3,2,8,8
Møre og Romsdal,2025-01-01,Menn,45-74 år,KOLS (J44),"per 1000, standardisert",,2,8,8
Møre og Romsdal,2025-01-01,Menn,45-74 år,Sykdom i muskel-skjelettsystemet og bindevev (M00-M99),"per 1000, standardisert",21.3,2,8,8
Møre og Romsdal,2025-01-01,Menn,45-74 år,Personskader (S00-T78),"per 1000, standardisert",13.3,2,8,8
Møre og Romsdal,2025-01-01,Menn,45-74 år,Hodeskader (S00-S09),"per 1000, standardisert",2.4,2,8,8
Møre og Romsdal,2025-01-01,Menn,45-74 år,Hoftebrudd (S72.0-72.2),"per 1000, standardisert",,2,8,8
Møre og Romsdal,2025-01-01,Menn,45-74 år,Forgiftninger (T36-T65),"per 1000, standardisert",0.6,2,8,8
Møre og Romsdal,2025-01-01,Menn,45-64 år,Hjerte og karsykdom (I00-I99),"per 1000, standardisert",19.4,2,9,8
Møre og Romsdal,2025-01-01,Menn,45-64 år,KOLS (J44),"per 1000, standardisert",0.5,2,9,8
Møre og Romsdal,2025-01-01,Menn,45-64 år,Sykdom i muskel-skjelettsystemet og bindevev (M00-M99),"per 1000, standardisert",18.3,2,9,8
Møre og Romsdal,2025-01-01,Menn,45-64 år,Personskader (S00-T78),"per 1000, standardisert",11.8,2,9,8
Møre og Romsdal,2025-01-01,Menn,45-64 år,Hodeskader (S00-S09),"per 1000, standardisert",1.8,2,9,8
Møre og Romsdal,2025-01-01,Menn,45-64 år,Hoftebrudd (S72.0-72.2),"per 1000, standardisert",0.5,2,9,8
Møre og Romsdal,2025-01-01,Menn,45-64 år,Forgiftninger (T36-T65),"per 1000, standardisert",0.6,2,9,8
Møre og Romsdal,2025-01-01,Menn,65-74 år,Hjerte og karsykdom (I00-I99),"per 1000, standardisert",48.1,2,10,8
Møre og Romsdal,2025-01-01,Menn,65-74 år,KOLS (J44),"per 1000, standardisert",,2,10,8
Møre og Romsdal,2025-01-01,Menn,65-74 år,Sykdom i muskel-skjelettsystemet og bindevev (M00-M99),"per 1000, standardisert",29.1,2,10,8
Møre og Romsdal,2025-01-01,Menn,65-74 år,Personskader (S00-T78),"per 1000, standardisert",17.3,2,10,8
Møre og Romsdal,2025-01-01,Menn,65-74 år,Hodeskader (S00-S09),"per 1000, standardisert",3.8,2,10,8
Møre og Romsdal,2025-01-01,Menn,65-74 år,Hoftebrudd (S72.0-72.2),"per 1000, standardisert",,2,10,8
Møre og Romsdal,2025-01-01,Menn,65-74 år,Forgiftninger (T36-T65),"per 1000, standardisert",0.3,2,10,8
Møre og Romsdal,2025-01-01,Menn,75 år+,Hjerte og karsykdom (I00-I99),"per 1000, standardisert",88.4,2,11,8
Møre og Romsdal,2025-01-01,Menn,75 år+,KOLS (J44),"per 1000, standardisert",8.7,2,11,8
Møre og Romsdal,2025-01-01,Menn,75 år+,Sykdom i muskel-skjelettsystemet og bindevev (M00-M99),"per 1000, standardisert",31.5,2,11,8
Møre og Romsdal,2025-01-01,Menn,75 år+,Personskader (S00-T78),"per 1000, standardisert",34.5,2,11,8
Møre og Romsdal,2025-01-01,Menn,75 år+,Hodeskader (S00-S09),"per 1000, standardisert",9.4,2,11,8
Møre og Romsdal,2025-01-01,Menn,75 år+,Hoftebrudd (S72.0-72.2),"per 1000, standardisert",9.3,2,11,8
Møre og Romsdal,2025-01-01,Menn,75 år+,Forgiftninger (T36-T65),"per 1000, standardisert",,2,11,8
Møre og Romsdal,2025-01-01,Menn,75-79 år,Hjerte og karsykdom (I00-I99),"per 1000, standardisert",73.2,2,12,8
Møre og Romsdal,2025-01-01,Menn,75-79 år,KOLS (J44),"per 1000, standardisert",8.1,2,12,8
Møre og Romsdal,2025-01-01,Menn,75-79 år,Sykdom i muskel-skjelettsystemet og bindevev (M00-M99),"per 1000, standardisert",32.8,2,12,8
Møre og Romsdal,2025-01-01,Menn,75-79 år,Personskader (S00-T78),"per 1000, standardisert",25.5,2,12,8
Møre og Romsdal,2025-01-01,Menn,75-79 år,Hodeskader (S00-S09),"per 1000, standardisert",6.4,2,12,8
Møre og Romsdal,2025-01-01,Menn,75-79 år,Hoftebrudd (S72.0-72.2),"per 1000, standardisert",5.3,2,12,8
Møre og Romsdal,2025-01-01,Menn,75-79 år,Forgiftninger (T36-T65),"per 1000, standardisert",,2,12,8
Møre og Romsdal,2025-01-01,Menn,80 år+,Hjerte og karsykdom (I00-I99),"per 1000, standardisert",102.1,2,13,8
Møre og Romsdal,2025-01-01,Menn,80 år+,KOLS (J44),"per 1000, standardisert",9.2,2,13,8
Møre og Romsdal,2025-01-01,Menn,80 år+,Sykdom i muskel-skjelettsystemet og bindevev (M00-M99),"per 1000, standardisert",30.3,2,13,8
Møre og Romsdal,2025-01-01,Menn,80 år+,Personskader (S00-T78),"per 1000, standardisert",42.8,2,13,8
Møre og Romsdal,2025-01-01,Menn,80 år+,Hodeskader (S00-S09),"per 1000, standardisert",12.1,2,13,8
Møre og Romsdal,2025-01-01,Menn,80 år+,Hoftebrudd (S72.0-72.2),"per 1000, standardisert",12.9,2,13,8
Møre og Romsdal,2025-01-01,Menn,80 år+,Forgiftninger (T36-T65),"per 1000, standardisert",,2,13,8
Møre og Romsdal,2025-01-01,Kvinner,Alle aldre,Hjerte og karsykdom (I00-I99),"per 1000, standardisert",14.4,3,1,8
Møre og Romsdal,2025-01-01,Kvinner,Alle aldre,KOLS (J44),"per 1000, standardisert",1.4,3,1,8
Møre og Romsdal,2025-01-01,Kvinner,Alle aldre,Sykdom i muskel-skjelettsystemet og bindevev (M00-M99),"per 1000, standardisert",17.2,3,1,8
Møre og Romsdal,2025-01-01,Kvinner,Alle aldre,Personskader (S00-T78),"per 1000, standardisert",14.7,3,1,8
Møre og Romsdal,2025-01-01,Kvinner,Alle aldre,Hodeskader (S00-S09),"per 1000, standardisert",2.5,3,1,8
Møre og Romsdal,2025-01-01,Kvinner,Alle aldre,Hoftebrudd (S72.0-72.2),"per 1000, standardisert",2.0,3,1,8
Møre og Romsdal,2025-01-01,Kvinner,Alle aldre,Forgiftninger (T36-T65),"per 1000, standardisert",0.7,3,1,8
Møre og Romsdal,2025-01-01,Kvinner,0-74 år,Hjerte og karsykdom (I00-I99),"per 1000, standardisert",8.4,3,2,8
Møre og Romsdal,2025-01-01,Kvinner,0-74 år,KOLS (J44),"per 1000, standardisert",0.7,3,2,8
Møre og Romsdal,2025-01-01,Kvinner,0-74 år,Sykdom i muskel-skjelettsystemet og bindevev (M00-M99),"per 1000, standardisert",14.6,3,2,8
Møre og Romsdal,2025-01-01,Kvinner,0-74 år,Personskader (S00-T78),"per 1000, standardisert",10.8,3,2,8
Møre og Romsdal,2025-01-01,Kvinner,0-74 år,Hodeskader (S00-S09),"per 1000, standardisert",1.6,3,2,8
Møre og Romsdal,2025-01-01,Kvinner,0-74 år,Hoftebrudd (S72.0-72.2),"per 1000, standardisert",0.5,3,2,8
Møre og Romsdal,2025-01-01,Kvinner,0-74 år,Forgiftninger (T36-T65),"per 1000, standardisert",0.7,3,2,8
Møre og Romsdal,2025-01-01,Kvinner,0-44 år,Hjerte og karsykdom (I00-I99),"per 1000, standardisert",2.5,3,3,8
Møre og Romsdal,2025-01-01,Kvinner,0-44 år,KOLS (J44),"per 1000, standardisert",,3,3,8
Møre og Romsdal,2025-01-01,Kvinner,0-44 år,Sykdom i muskel-skjelettsystemet og bindevev (M00-M99),"per 1000, standardisert",7.2,3,3,8
Møre og Romsdal,2025-01-01,Kvinner,0-44 år,Personskader (S00-T78),"per 1000, standardisert",9.1,3,3,8
Møre og Romsdal,2025-01-01,Kvinner,0-44 år,Hodeskader (S00-S09),"per 1000, standardisert",1.9,3,3,8
Møre og Romsdal,2025-01-01,Kvinner,0-44 år,Hoftebrudd (S72.0-72.2),"per 1000, standardisert",,3,3,8
Møre og Romsdal,2025-01-01,Kvinner,0-44 år,Forgiftninger (T36-T65),"per 1000, standardisert",1.0,3,3,8
Møre og Romsdal,2025-01-01,Kvinner,0-24 år,Hjerte og karsykdom (I00-I99),"per 1000, standardisert",0.9,3,4,8
Møre og Romsdal,2025-01-01,Kvinner,0-24 år,KOLS (J44),"per 1000, standardisert",,3,4,8
Møre og Romsdal,2025-01-01,Kvinner,0-24 år,Sykdom i muskel-skjelettsystemet og bindevev (M00-M99),"per 1000, standardisert",4.9,3,4,8
Møre og Romsdal,2025-01-01,Kvinner,0-24 år,Personskader (S00-T78),"per 1000, standardisert",10.6,3,4,8
Møre og Romsdal,2025-01-01,Kvinner,0-24 år,Hodeskader (S00-S09),"per 1000, standardisert",2.9,3,4,8
Møre og Romsdal,2025-01-01,Kvinner,0-24 år,Hoftebrudd (S72.0-72.2),"per 1000, standardisert",,3,4,8
Møre og Romsdal,2025-01-01,Kvinner,0-24 år,Forgiftninger (T36-T65),"per 1000, standardisert",1.3,3,4,8
Møre og Romsdal,2025-01-01,Kvinner,0-14 år,Hjerte og karsykdom (I00-I99),"per 1000, standardisert",0.7,3,5,8
Møre og Romsdal,2025-01-01,Kvinner,0-14 år,KOLS (J44),"per 1000, standardisert",,3,5,8
Møre og Romsdal,2025-01-01,Kvinner,0-14 år,Sykdom i muskel-skjelettsystemet og bindevev (M00-M99),"per 1000, standardisert",2.9,3,5,8
Møre og Romsdal,2025-01-01,Kvinner,0-14 år,Personskader (S00-T78),"per 1000, standardisert",10.8,3,5,8
Møre og Romsdal,2025-01-01,Kvinner,0-14 år,Hodeskader (S00-S09),"per 1000, standardisert",3.4,3,5,8
Møre og Romsdal,2025-01-01,Kvinner,0-14 år,Hoftebrudd (S72.0-72.2),"per 1000, standardisert",,3,5,8
Møre og Romsdal,2025-01-01,Kvinner,0-14 år,Forgiftninger (T36-T65),"per 1000, standardisert",0.7,3,5,8
Møre og Romsdal,2025-01-01,Kvinner,15-24 år,Hjerte og karsykdom (I00-I99),"per 1000, standardisert",1.1,3,6,8
Møre og Romsdal,2025-01-01,Kvinner,15-24 år,KOLS (J44),"per 1000, standardisert",,3,6,8
Møre og Romsdal,2025-01-01,Kvinner,15-24 år,Sykdom i muskel-skjelettsystemet og bindevev (M00-M99),"per 1000, standardisert",7.4,3,6,8
Møre og Romsdal,2025-01-01,Kvinner,15-24 år,Personskader (S00-T78),"per 1000, standardisert",10.2,3,6,8
Møre og Romsdal,2025-01-01,Kvinner,15-24 år,Hodeskader (S00-S09),"per 1000, standardisert",2.2,3,6,8
Møre og Romsdal,2025-01-01,Kvinner,15-24 år,Hoftebrudd (S72.0-72.2),"per 1000, standardisert",,3,6,8
Møre og Romsdal,2025-01-01,Kvinner,15-24 år,Forgiftninger (T36-T65),"per 1000, standardisert",2.1,3,6,8
Møre og Romsdal,2025-01-01,Kvinner,25-44 år,Hjerte og karsykdom (I00-I99),"per 1000, standardisert",4.1,3,7,8
Møre og Romsdal,2025-01-01,Kvinner,25-44 år,KOLS (J44),"per 1000, standardisert",,3,7,8
Møre og Romsdal,2025-01-01,Kvinner,25-44 år,Sykdom i muskel-skjelettsystemet og bindevev (M00-M99),"per 1000, standardisert",9.5,3,7,8
Møre og Romsdal,2025-01-01,Kvinner,25-44 år,Personskader (S00-T78),"per 1000, standardisert",7.6,3,7,8
Møre og Romsdal,2025-01-01,Kvinner,25-44 år,Hodeskader (S00-S09),"per 1000, standardisert",1.0,3,7,8
Møre og Romsdal,2025-01-01,Kvinner,25-44 år,Hoftebrudd (S72.0-72.2),"per 1000, standardisert",,3,7,8
Møre og Romsdal,2025-01-01,Kvinner,25-44 år,Forgiftninger (T36-T65),"per 1000, standardisert",0.7,3,7,8
Møre og Romsdal,2025-01-01,Kvinner,45-74 år,Hjerte og karsykdom (I00-I99),"per 1000, standardisert",17.3,3,8,8
Møre og Romsdal,2025-01-01,Kvinner,45-74 år,KOLS (J44),"per 1000, standardisert",,3,8,8
Møre og Romsdal,2025-01-01,Kvinner,45-74 år,Sykdom i muskel-skjelettsystemet og bindevev (M00-M99),"per 1000, standardisert",25.7,3,8,8
Møre og Romsdal,2025-01-01,Kvinner,45-74 år,Personskader (S00-T78),"per 1000, standardisert",13.4,3,8,8
Møre og Romsdal,2025-01-01,Kvinner,45-74 år,Hodeskader (S00-S09),"per 1000, standardisert",1.2,3,8,8
Møre og Romsdal,2025-01-01,Kvinner,45-74 år,Hoftebrudd (S72.0-72.2),"per 1000, standardisert",,3,8,8
Møre og Romsdal,2025-01-01,Kvinner,45-74 år,Forgiftninger (T36-T65),"per 1000, standardisert",0.3,3,8,8
Møre og Romsdal,2025-01-01,Kvinner,45-64 år,Hjerte og karsykdom (I00-I99),"per 1000, standardisert",11.8,3,9,8
Møre og Romsdal,2025-01-01,Kvinner,45-64 år,KOLS (J44),"per 1000, standardisert",0.7,3,9,8
Møre og Romsdal,2025-01-01,Kvinner,45-64 år,Sykdom i muskel-skjelettsystemet og bindevev (M00-M99),"per 1000, standardisert",22.8,3,9,8
Møre og Romsdal,2025-01-01,Kvinner,45-64 år,Personskader (S00-T78),"per 1000, standardisert",10.8,3,9,8
Møre og Romsdal,2025-01-01,Kvinner,45-64 år,Hodeskader (S00-S09),"per 1000, standardisert",1.1,3,9,8
Møre og Romsdal,2025-01-01,Kvinner,45-64 år,Hoftebrudd (S72.0-72.2),"per 1000, standardisert",0.4,3,9,8
Møre og Romsdal,2025-01-01,Kvinner,45-64 år,Forgiftninger (T36-T65),"per 1000, standardisert",0.3,3,9,8
Møre og Romsdal,2025-01-01,Kvinner,65-74 år,Hjerte og karsykdom (I00-I99),"per 1000, standardisert",31.0,3,10,8
Møre og Romsdal,2025-01-01,Kvinner,65-74 år,KOLS (J44),"per 1000, standardisert",,3,10,8
Møre og Romsdal,2025-01-01,Kvinner,65-74 år,Sykdom i muskel-skjelettsystemet og bindevev (M00-M99),"per 1000, standardisert",33.3,3,10,8
Møre og Romsdal,2025-01-01,Kvinner,65-74 år,Personskader (S00-T78),"per 1000, standardisert",19.6,3,10,8
Møre og Romsdal,2025-01-01,Kvinner,65-74 år,Hodeskader (S00-S09),"per 1000, standardisert",1.3,3,10,8
Møre og Romsdal,2025-01-01,Kvinner,65-74 år,Hoftebrudd (S72.0-72.2),"per 1000, standardisert",,3,10,8
Møre og Romsdal,2025-01-01,Kvinner,65-74 år,Forgiftninger (T36-T65),"per 1000, standardisert",0.5,3,10,8
Møre og Romsdal,2025-01-01,Kvinner,75 år+,Hjerte og karsykdom (I00-I99),"per 1000, standardisert",65.5,3,11,8
Møre og Romsdal,2025-01-01,Kvinner,75 år+,KOLS (J44),"per 1000, standardisert",7.2,3,11,8
Møre og Romsdal,2025-01-01,Kvinner,75 år+,Sykdom i muskel-skjelettsystemet og bindevev (M00-M99),"per 1000, standardisert",39.5,3,11,8
Møre og Romsdal,2025-01-01,Kvinner,75 år+,Personskader (S00-T78),"per 1000, standardisert",48.6,3,11,8
Møre og Romsdal,2025-01-01,Kvinner,75 år+,Hodeskader (S00-S09),"per 1000, standardisert",10.1,3,11,8
Møre og Romsdal,2025-01-01,Kvinner,75 år+,Hoftebrudd (S72.0-72.2),"per 1000, standardisert",15.2,3,11,8
Møre og Romsdal,2025-01-01,Kvinner,75 år+,Forgiftninger (T36-T65),"per 1000, standardisert",0.5,3,11,8
Møre og Romsdal,2025-01-01,Kvinner,75-79 år,Hjerte og karsykdom (I00-I99),"per 1000, standardisert",46.1,3,12,8
Møre og Romsdal,2025-01-01,Kvinner,75-79 år,KOLS (J44),"per 1000, standardisert",6.4,3,12,8
Møre og Romsdal,2025-01-01,Kvinner,75-79 år,Sykdom i muskel-skjelettsystemet og bindevev (M00-M99),"per 1000, standardisert",40.8,3,12,8
Møre og Romsdal,2025-01-01,Kvinner,75-79 år,Personskader (S00-T78),"per 1000, standardisert",31.7,3,12,8
Møre og Romsdal,2025-01-01,Kvinner,75-79 år,Hodeskader (S00-S09),"per 1000, standardisert",5.3,3,12,8
Møre og Romsdal,2025-01-01,Kvinner,75-79 år,Hoftebrudd (S72.0-72.2),"per 1000, standardisert",8.8,3,12,8
Møre og Romsdal,2025-01-01,Kvinner,75-79 år,Forgiftninger (T36-T65),"per 1000, standardisert",,3,12,8
Møre og Romsdal,2025-01-01,Kvinner,80 år+,Hjerte og karsykdom (I00-I99),"per 1000, standardisert",79.3,3,13,8
Møre og Romsdal,2025-01-01,Kvinner,80 år+,KOLS (J44),"per 1000, standardisert",7.9,3,13,8
Møre og Romsdal,2025-01-01,Kvinner,80 år+,Sykdom i muskel-skjelettsystemet og bindevev (M00-M99),"per 1000, standardisert",38.5,3,13,8
Møre og Romsdal,2025-01-01,Kvinner,80 år+,Personskader (S00-T78),"per 1000, standardisert",60.7,3,13,8
Møre og Romsdal,2025-01-01,Kvinner,80 år+,Hodeskader (S00-S09),"per 1000, standardisert",13.6,3,13,8
Møre og Romsdal,2025-01-01,Kvinner,80 år+,Hoftebrudd (S72.0-72.2),"per 1000, standardisert",19.9,3,13,8
Møre og Romsdal,2025-01-01,Kvinner,80 år+,Forgiftninger (T36-T65),"per 1000, standardisert",,3,13,8
Trøndelag Trööndelage,2025-01-01,Kjønn samlet,Alle aldre,Hjerte og karsykdom (I00-I99),"per 1000, standardisert",15.8,1,1,13
Trøndelag Trööndelage,2025-01-01,Kjønn samlet,Alle aldre,KOLS (J44),"per 1000, standardisert",1.6,1,1,13
Trøndelag Trööndelage,2025-01-01,Kjønn samlet,Alle aldre,Sykdom i muskel-skjelettsystemet og bindevev (M00-M99),"per 1000, standardisert",15.1,1,1,13
Trøndelag Trööndelage,2025-01-01,Kjønn samlet,Alle aldre,Personskader (S00-T78),"per 1000, standardisert",13.7,1,1,13
Trøndelag Trööndelage,2025-01-01,Kjønn samlet,Alle aldre,Hodeskader (S00-S09),"per 1000, standardisert",2.2,1,1,13
Trøndelag Trööndelage,2025-01-01,Kjønn samlet,Alle aldre,Hoftebrudd (S72.0-72.2),"per 1000, standardisert",1.7,1,1,13
Trøndelag Trööndelage,2025-01-01,Kjønn samlet,Alle aldre,Forgiftninger (T36-T65),"per 1000, standardisert",0.5,1,1,13
Trøndelag Trööndelage,2025-01-01,Kjønn samlet,0-74 år,Hjerte og karsykdom (I00-I99),"per 1000, standardisert",9.6,1,2,13
Trøndelag Trööndelage,2025-01-01,Kjønn samlet,0-74 år,KOLS (J44),"per 1000, standardisert",0.7,1,2,13
Trøndelag Trööndelage,2025-01-01,Kjønn samlet,0-74 år,Sykdom i muskel-skjelettsystemet og bindevev (M00-M99),"per 1000, standardisert",13.1,1,2,13
Trøndelag Trööndelage,2025-01-01,Kjønn samlet,0-74 år,Personskader (S00-T78),"per 1000, standardisert",10.9,1,2,13
Trøndelag Trööndelage,2025-01-01,Kjønn samlet,0-74 år,Hodeskader (S00-S09),"per 1000, standardisert",1.6,1,2,13
Trøndelag Trööndelage,2025-01-01,Kjønn samlet,0-74 år,Hoftebrudd (S72.0-72.2),"per 1000, standardisert",0.5,1,2,13
Trøndelag Trööndelage,2025-01-01,Kjønn samlet,0-74 år,Forgiftninger (T36-T65),"per 1000, standardisert",0.5,1,2,13
Trøndelag Trööndelage,2025-01-01,Kjønn samlet,0-44 år,Hjerte og karsykdom (I00-I99),"per 1000, standardisert",2.1,1,3,13
Trøndelag Trööndelage,2025-01-01,Kjønn samlet,0-44 år,KOLS (J44),"per 1000, standardisert",0.0,1,3,13
Trøndelag Trööndelage,2025-01-01,Kjønn samlet,0-44 år,Sykdom i muskel-skjelettsystemet og bindevev (M00-M99),"per 1000, standardisert",6.5,1,3,13
Trøndelag Trööndelage,2025-01-01,Kjønn samlet,0-44 år,Personskader (S00-T78),"per 1000, standardisert",9.4,1,3,13
Trøndelag Trööndelage,2025-01-01,Kjønn samlet,0-44 år,Hodeskader (S00-S09),"per 1000, standardisert",1.6,1,3,13
Trøndelag Trööndelage,2025-01-01,Kjønn samlet,0-44 år,Hoftebrudd (S72.0-72.2),"per 1000, standardisert",0.0,1,3,13
Trøndelag Trööndelage,2025-01-01,Kjønn samlet,0-44 år,Forgiftninger (T36-T65),"per 1000, standardisert",0.5,1,3,13
Trøndelag Trööndelage,2025-01-01,Kjønn samlet,0-24 år,Hjerte og karsykdom (I00-I99),"per 1000, standardisert",0.8,1,4,13
Trøndelag Trööndelage,2025-01-01,Kjønn samlet,0-24 år,KOLS (J44),"per 1000, standardisert",,1,4,13
Trøndelag Trööndelage,2025-01-01,Kjønn samlet,0-24 år,Sykdom i muskel-skjelettsystemet og bindevev (M00-M99),"per 1000, standardisert",4.1,1,4,13
Trøndelag Trööndelage,2025-01-01,Kjønn samlet,0-24 år,Personskader (S00-T78),"per 1000, standardisert",11.2,1,4,13
Trøndelag Trööndelage,2025-01-01,Kjønn samlet,0-24 år,Hodeskader (S00-S09),"per 1000, standardisert",2.1,1,4,13
Trøndelag Trööndelage,2025-01-01,Kjønn samlet,0-24 år,Hoftebrudd (S72.0-72.2),"per 1000, standardisert",,1,4,13
Trøndelag Trööndelage,2025-01-01,Kjønn samlet,0-24 år,Forgiftninger (T36-T65),"per 1000, standardisert",0.6,1,4,13
Trøndelag Trööndelage,2025-01-01,Kjønn samlet,0-14 år,Hjerte og karsykdom (I00-I99),"per 1000, standardisert",0.4,1,5,13
Trøndelag Trööndelage,2025-01-01,Kjønn samlet,0-14 år,KOLS (J44),"per 1000, standardisert",,1,5,13
Trøndelag Trööndelage,2025-01-01,Kjønn samlet,0-14 år,Sykdom i muskel-skjelettsystemet og bindevev (M00-M99),"per 1000, standardisert",2.4,1,5,13
Trøndelag Trööndelage,2025-01-01,Kjønn samlet,0-14 år,Personskader (S00-T78),"per 1000, standardisert",10.9,1,5,13
Trøndelag Trööndelage,2025-01-01,Kjønn samlet,0-14 år,Hodeskader (S00-S09),"per 1000, standardisert",2.5,1,5,13
Trøndelag Trööndelage,2025-01-01,Kjønn samlet,0-14 år,Hoftebrudd (S72.0-72.2),"per 1000, standardisert",,1,5,13
Trøndelag Trööndelage,2025-01-01,Kjønn samlet,0-14 år,Forgiftninger (T36-T65),"per 1000, standardisert",0.2,1,5,13
Trøndelag Trööndelage,2025-01-01,Kjønn samlet,15-24 år,Hjerte og karsykdom (I00-I99),"per 1000, standardisert",1.3,1,6,13
Trøndelag Trööndelage,2025-01-01,Kjønn samlet,15-24 år,KOLS (J44),"per 1000, standardisert",,1,6,13
Trøndelag Trööndelage,2025-01-01,Kjønn samlet,15-24 år,Sykdom i muskel-skjelettsystemet og bindevev (M00-M99),"per 1000, standardisert",6.3,1,6,13
Trøndelag Trööndelage,2025-01-01,Kjønn samlet,15-24 år,Personskader (S00-T78),"per 1000, standardisert",11.7,1,6,13
Trøndelag Trööndelage,2025-01-01,Kjønn samlet,15-24 år,Hodeskader (S00-S09),"per 1000, standardisert",1.6,1,6,13
Trøndelag Trööndelage,2025-01-01,Kjønn samlet,15-24 år,Hoftebrudd (S72.0-72.2),"per 1000, standardisert",,1,6,13
Trøndelag Trööndelage,2025-01-01,Kjønn samlet,15-24 år,Forgiftninger (T36-T65),"per 1000, standardisert",1.0,1,6,13
Trøndelag Trööndelage,2025-01-01,Kjønn samlet,25-44 år,Hjerte og karsykdom (I00-I99),"per 1000, standardisert",3.4,1,7,13
Trøndelag Trööndelage,2025-01-01,Kjønn samlet,25-44 år,KOLS (J44),"per 1000, standardisert",,1,7,13
Trøndelag Trööndelage,2025-01-01,Kjønn samlet,25-44 år,Sykdom i muskel-skjelettsystemet og bindevev (M00-M99),"per 1000, standardisert",9.0,1,7,13
Trøndelag Trööndelage,2025-01-01,Kjønn samlet,25-44 år,Personskader (S00-T78),"per 1000, standardisert",7.5,1,7,13
Trøndelag Trööndelage,2025-01-01,Kjønn samlet,25-44 år,Hodeskader (S00-S09),"per 1000, standardisert",1.0,1,7,13
Trøndelag Trööndelage,2025-01-01,Kjønn samlet,25-44 år,Hoftebrudd (S72.0-72.2),"per 1000, standardisert",,1,7,13
Trøndelag Trööndelage,2025-01-01,Kjønn samlet,25-44 år,Forgiftninger (T36-T65),"per 1000, standardisert",0.5,1,7,13
Trøndelag Trööndelage,2025-01-01,Kjønn samlet,45-74 år,Hjerte og karsykdom (I00-I99),"per 1000, standardisert",20.9,1,8,13
Trøndelag Trööndelage,2025-01-01,Kjønn samlet,45-74 år,KOLS (J44),"per 1000, standardisert",1.8,1,8,13
Trøndelag Trööndelage,2025-01-01,Kjønn samlet,45-74 år,Sykdom i muskel-skjelettsystemet og bindevev (M00-M99),"per 1000, standardisert",23.1,1,8,13
Trøndelag Trööndelage,2025-01-01,Kjønn samlet,45-74 år,Personskader (S00-T78),"per 1000, standardisert",13.2,1,8,13
Trøndelag Trööndelage,2025-01-01,Kjønn samlet,45-74 år,Hodeskader (S00-S09),"per 1000, standardisert",1.7,1,8,13
Trøndelag Trööndelage,2025-01-01,Kjønn samlet,45-74 år,Hoftebrudd (S72.0-72.2),"per 1000, standardisert",1.1,1,8,13
Trøndelag Trööndelage,2025-01-01,Kjønn samlet,45-74 år,Forgiftninger (T36-T65),"per 1000, standardisert",0.4,1,8,13
Trøndelag Trööndelage,2025-01-01,Kjønn samlet,45-64 år,Hjerte og karsykdom (I00-I99),"per 1000, standardisert",14.5,1,9,13
Trøndelag Trööndelage,2025-01-01,Kjønn samlet,45-64 år,KOLS (J44),"per 1000, standardisert",0.6,1,9,13
Trøndelag Trööndelage,2025-01-01,Kjønn samlet,45-64 år,Sykdom i muskel-skjelettsystemet og bindevev (M00-M99),"per 1000, standardisert",20.0,1,9,13
Trøndelag Trööndelage,2025-01-01,Kjønn samlet,45-64 år,Personskader (S00-T78),"per 1000, standardisert",11.5,1,9,13
Trøndelag Trööndelage,2025-01-01,Kjønn samlet,45-64 år,Hodeskader (S00-S09),"per 1000, standardisert",1.3,1,9,13
Trøndelag Trööndelage,2025-01-01,Kjønn samlet,45-64 år,Hoftebrudd (S72.0-72.2),"per 1000, standardisert",0.5,1,9,13
Trøndelag Trööndelage,2025-01-01,Kjønn samlet,45-64 år,Forgiftninger (T36-T65),"per 1000, standardisert",0.4,1,9,13
Trøndelag Trööndelage,2025-01-01,Kjønn samlet,65-74 år,Hjerte og karsykdom (I00-I99),"per 1000, standardisert",37.2,1,10,13
Trøndelag Trööndelage,2025-01-01,Kjønn samlet,65-74 år,KOLS (J44),"per 1000, standardisert",4.6,1,10,13
Trøndelag Trööndelage,2025-01-01,Kjønn samlet,65-74 år,Sykdom i muskel-skjelettsystemet og bindevev (M00-M99),"per 1000, standardisert",30.9,1,10,13
Trøndelag Trööndelage,2025-01-01,Kjønn samlet,65-74 år,Personskader (S00-T78),"per 1000, standardisert",17.4,1,10,13
Trøndelag Trööndelage,2025-01-01,Kjønn samlet,65-74 år,Hodeskader (S00-S09),"per 1000, standardisert",2.6,1,10,13
Trøndelag Trööndelage,2025-01-01,Kjønn samlet,65-74 år,Hoftebrudd (S72.0-72.2),"per 1000, standardisert",2.6,1,10,13
Trøndelag Trööndelage,2025-01-01,Kjønn samlet,65-74 år,Forgiftninger (T36-T65),"per 1000, standardisert",0.3,1,10,13
Trøndelag Trööndelage,2025-01-01,Kjønn samlet,75 år+,Hjerte og karsykdom (I00-I99),"per 1000, standardisert",75.2,1,11,13
Trøndelag Trööndelage,2025-01-01,Kjønn samlet,75 år+,KOLS (J44),"per 1000, standardisert",10.1,1,11,13
Trøndelag Trööndelage,2025-01-01,Kjønn samlet,75 år+,Sykdom i muskel-skjelettsystemet og bindevev (M00-M99),"per 1000, standardisert",34.3,1,11,13
Trøndelag Trööndelage,2025-01-01,Kjønn samlet,75 år+,Personskader (S00-T78),"per 1000, standardisert",40.8,1,11,13
Trøndelag Trööndelage,2025-01-01,Kjønn samlet,75 år+,Hodeskader (S00-S09),"per 1000, standardisert",7.5,1,11,13
Trøndelag Trööndelage,2025-01-01,Kjønn samlet,75 år+,Hoftebrudd (S72.0-72.2),"per 1000, standardisert",13.6,1,11,13
Trøndelag Trööndelage,2025-01-01,Kjønn samlet,75 år+,Forgiftninger (T36-T65),"per 1000, standardisert",0.6,1,11,13
Trøndelag Trööndelage,2025-01-01,Kjønn samlet,75-79 år,Hjerte og karsykdom (I00-I99),"per 1000, standardisert",61.8,1,12,13
Trøndelag Trööndelage,2025-01-01,Kjønn samlet,75-79 år,KOLS (J44),"per 1000, standardisert",9.2,1,12,13
Trøndelag Trööndelage,2025-01-01,Kjønn samlet,75-79 år,Sykdom i muskel-skjelettsystemet og bindevev (M00-M99),"per 1000, standardisert",36.6,1,12,13
Trøndelag Trööndelage,2025-01-01,Kjønn samlet,75-79 år,Personskader (S00-T78),"per 1000, standardisert",25.7,1,12,13
Trøndelag Trööndelage,2025-01-01,Kjønn samlet,75-79 år,Hodeskader (S00-S09),"per 1000, standardisert",4.8,1,12,13
Trøndelag Trööndelage,2025-01-01,Kjønn samlet,75-79 år,Hoftebrudd (S72.0-72.2),"per 1000, standardisert",6.4,1,12,13
Trøndelag Trööndelage,2025-01-01,Kjønn samlet,75-79 år,Forgiftninger (T36-T65),"per 1000, standardisert",0.5,1,12,13
Trøndelag Trööndelage,2025-01-01,Kjønn samlet,80 år+,Hjerte og karsykdom (I00-I99),"per 1000, standardisert",85.9,1,13,13
Trøndelag Trööndelage,2025-01-01,Kjønn samlet,80 år+,KOLS (J44),"per 1000, standardisert",10.9,1,13,13
Trøndelag Trööndelage,2025-01-01,Kjønn samlet,80 år+,Sykdom i muskel-skjelettsystemet og bindevev (M00-M99),"per 1000, standardisert",32.4,1,13,13
Trøndelag Trööndelage,2025-01-01,Kjønn samlet,80 år+,Personskader (S00-T78),"per 1000, standardisert",52.9,1,13,13
Trøndelag Trööndelage,2025-01-01,Kjønn samlet,80 år+,Hodeskader (S00-S09),"per 1000, standardisert",9.7,1,13,13
Trøndelag Trööndelage,2025-01-01,Kjønn samlet,80 år+,Hoftebrudd (S72.0-72.2),"per 1000, standardisert",19.3,1,13,13
Trøndelag Trööndelage,2025-01-01,Kjønn samlet,80 år+,Forgiftninger (T36-T65),"per 1000, standardisert",0.6,1,13,13
Trøndelag Trööndelage,2025-01-01,Menn,Alle aldre,Hjerte og karsykdom (I00-I99),"per 1000, standardisert",18.8,2,1,13
Trøndelag Trööndelage,2025-01-01,Menn,Alle aldre,KOLS (J44),"per 1000, standardisert",1.4,2,1,13
Trøndelag Trööndelage,2025-01-01,Menn,Alle aldre,Sykdom i muskel-skjelettsystemet og bindevev (M00-M99),"per 1000, standardisert",13.4,2,1,13
Trøndelag Trööndelage,2025-01-01,Menn,Alle aldre,Personskader (S00-T78),"per 1000, standardisert",13.7,2,1,13
Trøndelag Trööndelage,2025-01-01,Menn,Alle aldre,Hodeskader (S00-S09),"per 1000, standardisert",2.6,2,1,13
Trøndelag Trööndelage,2025-01-01,Menn,Alle aldre,Hoftebrudd (S72.0-72.2),"per 1000, standardisert",1.2,2,1,13
Trøndelag Trööndelage,2025-01-01,Menn,Alle aldre,Forgiftninger (T36-T65),"per 1000, standardisert",0.4,2,1,13
Trøndelag Trööndelage,2025-01-01,Menn,0-74 år,Hjerte og karsykdom (I00-I99),"per 1000, standardisert",12.0,2,2,13
Trøndelag Trööndelage,2025-01-01,Menn,0-74 år,KOLS (J44),"per 1000, standardisert",0.6,2,2,13
Trøndelag Trööndelage,2025-01-01,Menn,0-74 år,Sykdom i muskel-skjelettsystemet og bindevev (M00-M99),"per 1000, standardisert",11.7,2,2,13
Trøndelag Trööndelage,2025-01-01,Menn,0-74 år,Personskader (S00-T78),"per 1000, standardisert",11.9,2,2,13
Trøndelag Trööndelage,2025-01-01,Menn,0-74 år,Hodeskader (S00-S09),"per 1000, standardisert",2.1,2,2,13
Trøndelag Trööndelage,2025-01-01,Menn,0-74 år,Hoftebrudd (S72.0-72.2),"per 1000, standardisert",0.4,2,2,13
Trøndelag Trööndelage,2025-01-01,Menn,0-74 år,Forgiftninger (T36-T65),"per 1000, standardisert",0.4,2,2,13
Trøndelag Trööndelage,2025-01-01,Menn,0-44 år,Hjerte og karsykdom (I00-I99),"per 1000, standardisert",2.2,2,3,13
Trøndelag Trööndelage,2025-01-01,Menn,0-44 år,KOLS (J44),"per 1000, standardisert",,2,3,13
Trøndelag Trööndelage,2025-01-01,Menn,0-44 år,Sykdom i muskel-skjelettsystemet og bindevev (M00-M99),"per 1000, standardisert",5.6,2,3,13
Trøndelag Trööndelage,2025-01-01,Menn,0-44 år,Personskader (S00-T78),"per 1000, standardisert",11.3,2,3,13
Trøndelag Trööndelage,2025-01-01,Menn,0-44 år,Hodeskader (S00-S09),"per 1000, standardisert",2.0,2,3,13
Trøndelag Trööndelage,2025-01-01,Menn,0-44 år,Hoftebrudd (S72.0-72.2),"per 1000, standardisert",,2,3,13
Trøndelag Trööndelage,2025-01-01,Menn,0-44 år,Forgiftninger (T36-T65),"per 1000, standardisert",0.4,2,3,13
Trøndelag Trööndelage,2025-01-01,Menn,0-24 år,Hjerte og karsykdom (I00-I99),"per 1000, standardisert",1.0,2,4,13
Trøndelag Trööndelage,2025-01-01,Menn,0-24 år,KOLS (J44),"per 1000, standardisert",,2,4,13
Trøndelag Trööndelage,2025-01-01,Menn,0-24 år,Sykdom i muskel-skjelettsystemet og bindevev (M00-M99),"per 1000, standardisert",3.1,2,4,13
Trøndelag Trööndelage,2025-01-01,Menn,0-24 år,Personskader (S00-T78),"per 1000, standardisert",13.1,2,4,13
Trøndelag Trööndelage,2025-01-01,Menn,0-24 år,Hodeskader (S00-S09),"per 1000, standardisert",2.6,2,4,13
Trøndelag Trööndelage,2025-01-01,Menn,0-24 år,Hoftebrudd (S72.0-72.2),"per 1000, standardisert",,2,4,13
Trøndelag Trööndelage,2025-01-01,Menn,0-24 år,Forgiftninger (T36-T65),"per 1000, standardisert",0.3,2,4,13
Trøndelag Trööndelage,2025-01-01,Menn,0-14 år,Hjerte og karsykdom (I00-I99),"per 1000, standardisert",0.5,2,5,13
Trøndelag Trööndelage,2025-01-01,Menn,0-14 år,KOLS (J44),"per 1000, standardisert",,2,5,13
Trøndelag Trööndelage,2025-01-01,Menn,0-14 år,Sykdom i muskel-skjelettsystemet og bindevev (M00-M99),"per 1000, standardisert",1.8,2,5,13
Trøndelag Trööndelage,2025-01-01,Menn,0-14 år,Personskader (S00-T78),"per 1000, standardisert",12.1,2,5,13
Trøndelag Trööndelage,2025-01-01,Menn,0-14 år,Hodeskader (S00-S09),"per 1000, standardisert",3.0,2,5,13
Trøndelag Trööndelage,2025-01-01,Menn,0-14 år,Hoftebrudd (S72.0-72.2),"per 1000, standardisert",,2,5,13
Trøndelag Trööndelage,2025-01-01,Menn,0-14 år,Forgiftninger (T36-T65),"per 1000, standardisert",0.2,2,5,13
Trøndelag Trööndelage,2025-01-01,Menn,15-24 år,Hjerte og karsykdom (I00-I99),"per 1000, standardisert",1.5,2,6,13
Trøndelag Trööndelage,2025-01-01,Menn,15-24 år,KOLS (J44),"per 1000, standardisert",,2,6,13
Trøndelag Trööndelage,2025-01-01,Menn,15-24 år,Sykdom i muskel-skjelettsystemet og bindevev (M00-M99),"per 1000, standardisert",4.8,2,6,13
Trøndelag Trööndelage,2025-01-01,Menn,15-24 år,Personskader (S00-T78),"per 1000, standardisert",14.4,2,6,13
Trøndelag Trööndelage,2025-01-01,Menn,15-24 år,Hodeskader (S00-S09),"per 1000, standardisert",2.1,2,6,13
Trøndelag Trööndelage,2025-01-01,Menn,15-24 år,Hoftebrudd (S72.0-72.2),"per 1000, standardisert",,2,6,13
Trøndelag Trööndelage,2025-01-01,Menn,15-24 år,Forgiftninger (T36-T65),"per 1000, standardisert",0.4,2,6,13
Trøndelag Trööndelage,2025-01-01,Menn,25-44 år,Hjerte og karsykdom (I00-I99),"per 1000, standardisert",3.4,2,7,13
Trøndelag Trööndelage,2025-01-01,Menn,25-44 år,KOLS (J44),"per 1000, standardisert",,2,7,13
Trøndelag Trööndelage,2025-01-01,Menn,25-44 år,Sykdom i muskel-skjelettsystemet og bindevev (M00-M99),"per 1000, standardisert",8.2,2,7,13
Trøndelag Trööndelage,2025-01-01,Menn,25-44 år,Personskader (S00-T78),"per 1000, standardisert",9.5,2,7,13
Trøndelag Trööndelage,2025-01-01,Menn,25-44 år,Hodeskader (S00-S09),"per 1000, standardisert",1.4,2,7,13
Trøndelag Trööndelage,2025-01-01,Menn,25-44 år,Hoftebrudd (S72.0-72.2),"per 1000, standardisert",,2,7,13
Trøndelag Trööndelage,2025-01-01,Menn,25-44 år,Forgiftninger (T36-T65),"per 1000, standardisert",0.4,2,7,13
Trøndelag Trööndelage,2025-01-01,Menn,45-74 år,Hjerte og karsykdom (I00-I99),"per 1000, standardisert",27.3,2,8,13
Trøndelag Trööndelage,2025-01-01,Menn,45-74 år,KOLS (J44),"per 1000, standardisert",,2,8,13
Trøndelag Trööndelage,2025-01-01,Menn,45-74 år,Sykdom i muskel-skjelettsystemet og bindevev (M00-M99),"per 1000, standardisert",21.1,2,8,13
Trøndelag Trööndelage,2025-01-01,Menn,45-74 år,Personskader (S00-T78),"per 1000, standardisert",12.7,2,8,13
Trøndelag Trööndelage,2025-01-01,Menn,45-74 år,Hodeskader (S00-S09),"per 1000, standardisert",2.2,2,8,13
Trøndelag Trööndelage,2025-01-01,Menn,45-74 år,Hoftebrudd (S72.0-72.2),"per 1000, standardisert",,2,8,13
Trøndelag Trööndelage,2025-01-01,Menn,45-74 år,Forgiftninger (T36-T65),"per 1000, standardisert",0.4,2,8,13
Trøndelag Trööndelage,2025-01-01,Menn,45-64 år,Hjerte og karsykdom (I00-I99),"per 1000, standardisert",19.1,2,9,13
Trøndelag Trööndelage,2025-01-01,Menn,45-64 år,KOLS (J44),"per 1000, standardisert",0.5,2,9,13
Trøndelag Trööndelage,2025-01-01,Menn,45-64 år,Sykdom i muskel-skjelettsystemet og bindevev (M00-M99),"per 1000, standardisert",17.8,2,9,13
Trøndelag Trööndelage,2025-01-01,Menn,45-64 år,Personskader (S00-T78),"per 1000, standardisert",11.9,2,9,13
Trøndelag Trööndelage,2025-01-01,Menn,45-64 år,Hodeskader (S00-S09),"per 1000, standardisert",1.8,2,9,13
Trøndelag Trööndelage,2025-01-01,Menn,45-64 år,Hoftebrudd (S72.0-72.2),"per 1000, standardisert",0.5,2,9,13
Trøndelag Trööndelage,2025-01-01,Menn,45-64 år,Forgiftninger (T36-T65),"per 1000, standardisert",0.4,2,9,13
Trøndelag Trööndelage,2025-01-01,Menn,65-74 år,Hjerte og karsykdom (I00-I99),"per 1000, standardisert",48.8,2,10,13
Trøndelag Trööndelage,2025-01-01,Menn,65-74 år,KOLS (J44),"per 1000, standardisert",,2,10,13
Trøndelag Trööndelage,2025-01-01,Menn,65-74 år,Sykdom i muskel-skjelettsystemet og bindevev (M00-M99),"per 1000, standardisert",29.6,2,10,13
Trøndelag Trööndelage,2025-01-01,Menn,65-74 år,Personskader (S00-T78),"per 1000, standardisert",15.1,2,10,13
Trøndelag Trööndelage,2025-01-01,Menn,65-74 år,Hodeskader (S00-S09),"per 1000, standardisert",3.2,2,10,13
Trøndelag Trööndelage,2025-01-01,Menn,65-74 år,Hoftebrudd (S72.0-72.2),"per 1000, standardisert",,2,10,13
Trøndelag Trööndelage,2025-01-01,Menn,65-74 år,Forgiftninger (T36-T65),"per 1000, standardisert",0.3,2,10,13
Trøndelag Trööndelage,2025-01-01,Menn,75 år+,Hjerte og karsykdom (I00-I99),"per 1000, standardisert",91.4,2,11,13
Trøndelag Trööndelage,2025-01-01,Menn,75 år+,KOLS (J44),"per 1000, standardisert",10.0,2,11,13
Trøndelag Trööndelage,2025-01-01,Menn,75 år+,Sykdom i muskel-skjelettsystemet og bindevev (M00-M99),"per 1000, standardisert",31.7,2,11,13
Trøndelag Trööndelage,2025-01-01,Menn,75 år+,Personskader (S00-T78),"per 1000, standardisert",33.8,2,11,13
Trøndelag Trööndelage,2025-01-01,Menn,75 år+,Hodeskader (S00-S09),"per 1000, standardisert",8.7,2,11,13
Trøndelag Trööndelage,2025-01-01,Menn,75 år+,Hoftebrudd (S72.0-72.2),"per 1000, standardisert",10.3,2,11,13
Trøndelag Trööndelage,2025-01-01,Menn,75 år+,Forgiftninger (T36-T65),"per 1000, standardisert",0.4,2,11,13
Trøndelag Trööndelage,2025-01-01,Menn,75-79 år,Hjerte og karsykdom (I00-I99),"per 1000, standardisert",77.7,2,12,13
Trøndelag Trööndelage,2025-01-01,Menn,75-79 år,KOLS (J44),"per 1000, standardisert",7.9,2,12,13
Trøndelag Trööndelage,2025-01-01,Menn,75-79 år,Sykdom i muskel-skjelettsystemet og bindevev (M00-M99),"per 1000, standardisert",32.8,2,12,13
Trøndelag Trööndelage,2025-01-01,Menn,75-79 år,Personskader (S00-T78),"per 1000, standardisert",21.6,2,12,13
Trøndelag Trööndelage,2025-01-01,Menn,75-79 år,Hodeskader (S00-S09),"per 1000, standardisert",5.7,2,12,13
Trøndelag Trööndelage,2025-01-01,Menn,75-79 år,Hoftebrudd (S72.0-72.2),"per 1000, standardisert",4.3,2,12,13
Trøndelag Trööndelage,2025-01-01,Menn,75-79 år,Forgiftninger (T36-T65),"per 1000, standardisert",,2,12,13
Trøndelag Trööndelage,2025-01-01,Menn,80 år+,Hjerte og karsykdom (I00-I99),"per 1000, standardisert",103.7,2,13,13
Trøndelag Trööndelage,2025-01-01,Menn,80 år+,KOLS (J44),"per 1000, standardisert",11.9,2,13,13
Trøndelag Trööndelage,2025-01-01,Menn,80 år+,Sykdom i muskel-skjelettsystemet og bindevev (M00-M99),"per 1000, standardisert",30.7,2,13,13
Trøndelag Trööndelage,2025-01-01,Menn,80 år+,Personskader (S00-T78),"per 1000, standardisert",44.9,2,13,13
Trøndelag Trööndelage,2025-01-01,Menn,80 år+,Hodeskader (S00-S09),"per 1000, standardisert",11.5,2,13,13
Trøndelag Trööndelage,2025-01-01,Menn,80 år+,Hoftebrudd (S72.0-72.2),"per 1000, standardisert",15.7,2,13,13
Trøndelag Trööndelage,2025-01-01,Menn,80 år+,Forgiftninger (T36-T65),"per 1000, standardisert",,2,13,13
Trøndelag Trööndelage,2025-01-01,Kvinner,Alle aldre,Hjerte og karsykdom (I00-I99),"per 1000, standardisert",12.8,3,1,13
Trøndelag Trööndelage,2025-01-01,Kvinner,Alle aldre,KOLS (J44),"per 1000, standardisert",1.8,3,1,13
Trøndelag Trööndelage,2025-01-01,Kvinner,Alle aldre,Sykdom i muskel-skjelettsystemet og bindevev (M00-M99),"per 1000, standardisert",16.8,3,1,13
Trøndelag Trööndelage,2025-01-01,Kvinner,Alle aldre,Personskader (S00-T78),"per 1000, standardisert",13.7,3,1,13
Trøndelag Trööndelage,2025-01-01,Kvinner,Alle aldre,Hodeskader (S00-S09),"per 1000, standardisert",1.7,3,1,13
Trøndelag Trööndelage,2025-01-01,Kvinner,Alle aldre,Hoftebrudd (S72.0-72.2),"per 1000, standardisert",2.2,3,1,13
Trøndelag Trööndelage,2025-01-01,Kvinner,Alle aldre,Forgiftninger (T36-T65),"per 1000, standardisert",0.6,3,1,13
Trøndelag Trööndelage,2025-01-01,Kvinner,0-74 år,Hjerte og karsykdom (I00-I99),"per 1000, standardisert",7.0,3,2,13
Trøndelag Trööndelage,2025-01-01,Kvinner,0-74 år,KOLS (J44),"per 1000, standardisert",0.8,3,2,13
Trøndelag Trööndelage,2025-01-01,Kvinner,0-74 år,Sykdom i muskel-skjelettsystemet og bindevev (M00-M99),"per 1000, standardisert",14.6,3,2,13
Trøndelag Trööndelage,2025-01-01,Kvinner,0-74 år,Personskader (S00-T78),"per 1000, standardisert",9.8,3,2,13
Trøndelag Trööndelage,2025-01-01,Kvinner,0-74 år,Hodeskader (S00-S09),"per 1000, standardisert",1.2,3,2,13
Trøndelag Trööndelage,2025-01-01,Kvinner,0-74 år,Hoftebrudd (S72.0-72.2),"per 1000, standardisert",0.5,3,2,13
Trøndelag Trööndelage,2025-01-01,Kvinner,0-74 år,Forgiftninger (T36-T65),"per 1000, standardisert",0.5,3,2,13
Trøndelag Trööndelage,2025-01-01,Kvinner,0-44 år,Hjerte og karsykdom (I00-I99),"per 1000, standardisert",2.1,3,3,13
Trøndelag Trööndelage,2025-01-01,Kvinner,0-44 år,KOLS (J44),"per 1000, standardisert",,3,3,13
Trøndelag Trööndelage,2025-01-01,Kvinner,0-44 år,Sykdom i muskel-skjelettsystemet og bindevev (M00-M99),"per 1000, standardisert",7.5,3,3,13
Trøndelag Trööndelage,2025-01-01,Kvinner,0-44 år,Personskader (S00-T78),"per 1000, standardisert",7.3,3,3,13
Trøndelag Trööndelage,2025-01-01,Kvinner,0-44 år,Hodeskader (S00-S09),"per 1000, standardisert",1.1,3,3,13
Trøndelag Trööndelage,2025-01-01,Kvinner,0-44 år,Hoftebrudd (S72.0-72.2),"per 1000, standardisert",,3,3,13
Trøndelag Trööndelage,2025-01-01,Kvinner,0-44 år,Forgiftninger (T36-T65),"per 1000, standardisert",0.7,3,3,13
Trøndelag Trööndelage,2025-01-01,Kvinner,0-24 år,Hjerte og karsykdom (I00-I99),"per 1000, standardisert",0.6,3,4,13
Trøndelag Trööndelage,2025-01-01,Kvinner,0-24 år,KOLS (J44),"per 1000, standardisert",,3,4,13
Trøndelag Trööndelage,2025-01-01,Kvinner,0-24 år,Sykdom i muskel-skjelettsystemet og bindevev (M00-M99),"per 1000, standardisert",5.2,3,4,13
Trøndelag Trööndelage,2025-01-01,Kvinner,0-24 år,Personskader (S00-T78),"per 1000, standardisert",9.2,3,4,13
Trøndelag Trööndelage,2025-01-01,Kvinner,0-24 år,Hodeskader (S00-S09),"per 1000, standardisert",1.6,3,4,13
Trøndelag Trööndelage,2025-01-01,Kvinner,0-24 år,Hoftebrudd (S72.0-72.2),"per 1000, standardisert",,3,4,13
Trøndelag Trööndelage,2025-01-01,Kvinner,0-24 år,Forgiftninger (T36-T65),"per 1000, standardisert",0.8,3,4,13
Trøndelag Trööndelage,2025-01-01,Kvinner,0-14 år,Hjerte og karsykdom (I00-I99),"per 1000, standardisert",0.3,3,5,13
Trøndelag Trööndelage,2025-01-01,Kvinner,0-14 år,KOLS (J44),"per 1000, standardisert",,3,5,13
Trøndelag Trööndelage,2025-01-01,Kvinner,0-14 år,Sykdom i muskel-skjelettsystemet og bindevev (M00-M99),"per 1000, standardisert",3.1,3,5,13
Trøndelag Trööndelage,2025-01-01,Kvinner,0-14 år,Personskader (S00-T78),"per 1000, standardisert",9.5,3,5,13
Trøndelag Trööndelage,2025-01-01,Kvinner,0-14 år,Hodeskader (S00-S09),"per 1000, standardisert",2.0,3,5,13
Trøndelag Trööndelage,2025-01-01,Kvinner,0-14 år,Hoftebrudd (S72.0-72.2),"per 1000, standardisert",,3,5,13
Trøndelag Trööndelage,2025-01-01,Kvinner,0-14 år,Forgiftninger (T36-T65),"per 1000, standardisert",0.3,3,5,13
Trøndelag Trööndelage,2025-01-01,Kvinner,15-24 år,Hjerte og karsykdom (I00-I99),"per 1000, standardisert",1.0,3,6,13
Trøndelag Trööndelage,2025-01-01,Kvinner,15-24 år,KOLS (J44),"per 1000, standardisert",,3,6,13
Trøndelag Trööndelage,2025-01-01,Kvinner,15-24 år,Sykdom i muskel-skjelettsystemet og bindevev (M00-M99),"per 1000, standardisert",7.9,3,6,13
Trøndelag Trööndelage,2025-01-01,Kvinner,15-24 år,Personskader (S00-T78),"per 1000, standardisert",8.8,3,6,13
Trøndelag Trööndelage,2025-01-01,Kvinner,15-24 år,Hodeskader (S00-S09),"per 1000, standardisert",1.1,3,6,13
Trøndelag Trööndelage,2025-01-01,Kvinner,15-24 år,Hoftebrudd (S72.0-72.2),"per 1000, standardisert",,3,6,13
Trøndelag Trööndelage,2025-01-01,Kvinner,15-24 år,Forgiftninger (T36-T65),"per 1000, standardisert",1.5,3,6,13
Trøndelag Trööndelage,2025-01-01,Kvinner,25-44 år,Hjerte og karsykdom (I00-I99),"per 1000, standardisert",3.5,3,7,13
Trøndelag Trööndelage,2025-01-01,Kvinner,25-44 år,KOLS (J44),"per 1000, standardisert",,3,7,13
Trøndelag Trööndelage,2025-01-01,Kvinner,25-44 år,Sykdom i muskel-skjelettsystemet og bindevev (M00-M99),"per 1000, standardisert",9.8,3,7,13
Trøndelag Trööndelage,2025-01-01,Kvinner,25-44 år,Personskader (S00-T78),"per 1000, standardisert",5.5,3,7,13
Trøndelag Trööndelage,2025-01-01,Kvinner,25-44 år,Hodeskader (S00-S09),"per 1000, standardisert",0.7,3,7,13
Trøndelag Trööndelage,2025-01-01,Kvinner,25-44 år,Hoftebrudd (S72.0-72.2),"per 1000, standardisert",,3,7,13
Trøndelag Trööndelage,2025-01-01,Kvinner,25-44 år,Forgiftninger (T36-T65),"per 1000, standardisert",0.5,3,7,13
Trøndelag Trööndelage,2025-01-01,Kvinner,45-74 år,Hjerte og karsykdom (I00-I99),"per 1000, standardisert",14.5,3,8,13
Trøndelag Trööndelage,2025-01-01,Kvinner,45-74 år,KOLS (J44),"per 1000, standardisert",,3,8,13
Trøndelag Trööndelage,2025-01-01,Kvinner,45-74 år,Sykdom i muskel-skjelettsystemet og bindevev (M00-M99),"per 1000, standardisert",25.1,3,8,13
Trøndelag Trööndelage,2025-01-01,Kvinner,45-74 år,Personskader (S00-T78),"per 1000, standardisert",13.6,3,8,13
Trøndelag Trööndelage,2025-01-01,Kvinner,45-74 år,Hodeskader (S00-S09),"per 1000, standardisert",1.2,3,8,13
Trøndelag Trööndelage,2025-01-01,Kvinner,45-74 år,Hoftebrudd (S72.0-72.2),"per 1000, standardisert",,3,8,13
Trøndelag Trööndelage,2025-01-01,Kvinner,45-74 år,Forgiftninger (T36-T65),"per 1000, standardisert",0.4,3,8,13
Trøndelag Trööndelage,2025-01-01,Kvinner,45-64 år,Hjerte og karsykdom (I00-I99),"per 1000, standardisert",9.9,3,9,13
Trøndelag Trööndelage,2025-01-01,Kvinner,45-64 år,KOLS (J44),"per 1000, standardisert",0.7,3,9,13
Trøndelag Trööndelage,2025-01-01,Kvinner,45-64 år,Sykdom i muskel-skjelettsystemet og bindevev (M00-M99),"per 1000, standardisert",22.3,3,9,13
Trøndelag Trööndelage,2025-01-01,Kvinner,45-64 år,Personskader (S00-T78),"per 1000, standardisert",11.2,3,9,13
Trøndelag Trööndelage,2025-01-01,Kvinner,45-64 år,Hodeskader (S00-S09),"per 1000, standardisert",0.9,3,9,13
Trøndelag Trööndelage,2025-01-01,Kvinner,45-64 år,Hoftebrudd (S72.0-72.2),"per 1000, standardisert",0.5,3,9,13
Trøndelag Trööndelage,2025-01-01,Kvinner,45-64 år,Forgiftninger (T36-T65),"per 1000, standardisert",0.4,3,9,13
Trøndelag Trööndelage,2025-01-01,Kvinner,65-74 år,Hjerte og karsykdom (I00-I99),"per 1000, standardisert",26.0,3,10,13
Trøndelag Trööndelage,2025-01-01,Kvinner,65-74 år,KOLS (J44),"per 1000, standardisert",,3,10,13
Trøndelag Trööndelage,2025-01-01,Kvinner,65-74 år,Sykdom i muskel-skjelettsystemet og bindevev (M00-M99),"per 1000, standardisert",32.2,3,10,13
Trøndelag Trööndelage,2025-01-01,Kvinner,65-74 år,Personskader (S00-T78),"per 1000, standardisert",19.7,3,10,13
Trøndelag Trööndelage,2025-01-01,Kvinner,65-74 år,Hodeskader (S00-S09),"per 1000, standardisert",2.1,3,10,13
Trøndelag Trööndelage,2025-01-01,Kvinner,65-74 år,Hoftebrudd (S72.0-72.2),"per 1000, standardisert",,3,10,13
Trøndelag Trööndelage,2025-01-01,Kvinner,65-74 år,Forgiftninger (T36-T65),"per 1000, standardisert",0.3,3,10,13
Trøndelag Trööndelage,2025-01-01,Kvinner,75 år+,Hjerte og karsykdom (I00-I99),"per 1000, standardisert",61.9,3,11,13
Trøndelag Trööndelage,2025-01-01,Kvinner,75 år+,KOLS (J44),"per 1000, standardisert",10.3,3,11,13
Trøndelag Trööndelage,2025-01-01,Kvinner,75 år+,Sykdom i muskel-skjelettsystemet og bindevev (M00-M99),"per 1000, standardisert",36.3,3,11,13
Trøndelag Trööndelage,2025-01-01,Kvinner,75 år+,Personskader (S00-T78),"per 1000, standardisert",46.5,3,11,13
Trøndelag Trööndelage,2025-01-01,Kvinner,75 år+,Hodeskader (S00-S09),"per 1000, standardisert",6.6,3,11,13
Trøndelag Trööndelage,2025-01-01,Kvinner,75 år+,Hoftebrudd (S72.0-72.2),"per 1000, standardisert",16.2,3,11,13
Trøndelag Trööndelage,2025-01-01,Kvinner,75 år+,Forgiftninger (T36-T65),"per 1000, standardisert",0.7,3,11,13
Trøndelag Trööndelage,2025-01-01,Kvinner,75-79 år,Hjerte og karsykdom (I00-I99),"per 1000, standardisert",46.9,3,12,13
Trøndelag Trööndelage,2025-01-01,Kvinner,75-79 år,KOLS (J44),"per 1000, standardisert",10.3,3,12,13
Trøndelag Trööndelage,2025-01-01,Kvinner,75-79 år,Sykdom i muskel-skjelettsystemet og bindevev (M00-M99),"per 1000, standardisert",40.2,3,12,13
Trøndelag Trööndelage,2025-01-01,Kvinner,75-79 år,Personskader (S00-T78),"per 1000, standardisert",29.5,3,12,13
Trøndelag Trööndelage,2025-01-01,Kvinner,75-79 år,Hodeskader (S00-S09),"per 1000, standardisert",4.0,3,12,13
Trøndelag Trööndelage,2025-01-01,Kvinner,75-79 år,Hoftebrudd (S72.0-72.2),"per 1000, standardisert",8.3,3,12,13
Trøndelag Trööndelage,2025-01-01,Kvinner,75-79 år,Forgiftninger (T36-T65),"per 1000, standardisert",,3,12,13
Trøndelag Trööndelage,2025-01-01,Kvinner,80 år+,Hjerte og karsykdom (I00-I99),"per 1000, standardisert",72.7,3,13,13
Trøndelag Trööndelage,2025-01-01,Kvinner,80 år+,KOLS (J44),"per 1000, standardisert",10.2,3,13,13
Trøndelag Trööndelage,2025-01-01,Kvinner,80 år+,Sykdom i muskel-skjelettsystemet og bindevev (M00-M99),"per 1000, standardisert",33.5,3,13,13
Trøndelag Trööndelage,2025-01-01,Kvinner,80 år+,Personskader (S00-T78),"per 1000, standardisert",58.8,3,13,13
Trøndelag Trööndelage,2025-01-01,Kvinner,80 år+,Hodeskader (S00-S09),"per 1000, standardisert",8.4,3,13,13
Trøndelag Trööndelage,2025-01-01,Kvinner,80 år+,Hoftebrudd (S72.0-72.2),"per 1000, standardisert",21.9,3,13,13
Trøndelag Trööndelage,2025-01-01,Kvinner,80 år+,Forgiftninger (T36-T65),"per 1000, standardisert",,3,13,13
Nordland Nordlánnda,2025-01-01,Kjønn samlet,Alle aldre,Hjerte og karsykdom (I00-I99),"per 1000, standardisert",18.0,1,1,9
Nordland Nordlánnda,2025-01-01,Kjønn samlet,Alle aldre,KOLS (J44),"per 1000, standardisert",1.5,1,1,9
Nordland Nordlánnda,2025-01-01,Kjønn samlet,Alle aldre,Sykdom i muskel-skjelettsystemet og bindevev (M00-M99),"per 1000, standardisert",18.7,1,1,9
Nordland Nordlánnda,2025-01-01,Kjønn samlet,Alle aldre,Personskader (S00-T78),"per 1000, standardisert",16.5,1,1,9
Nordland Nordlánnda,2025-01-01,Kjønn samlet,Alle aldre,Hodeskader (S00-S09),"per 1000, standardisert",2.9,1,1,9
Nordland Nordlánnda,2025-01-01,Kjønn samlet,Alle aldre,Hoftebrudd (S72.0-72.2),"per 1000, standardisert",1.9,1,1,9
Nordland Nordlánnda,2025-01-01,Kjønn samlet,Alle aldre,Forgiftninger (T36-T65),"per 1000, standardisert",0.8,1,1,9
Nordland Nordlánnda,2025-01-01,Kjønn samlet,0-74 år,Hjerte og karsykdom (I00-I99),"per 1000, standardisert",11.2,1,2,9
Nordland Nordlánnda,2025-01-01,Kjønn samlet,0-74 år,KOLS (J44),"per 1000, standardisert",0.7,1,2,9
Nordland Nordlánnda,2025-01-01,Kjønn samlet,0-74 år,Sykdom i muskel-skjelettsystemet og bindevev (M00-M99),"per 1000, standardisert",16.3,1,2,9
Nordland Nordlánnda,2025-01-01,Kjønn samlet,0-74 år,Personskader (S00-T78),"per 1000, standardisert",12.9,1,2,9
Nordland Nordlánnda,2025-01-01,Kjønn samlet,0-74 år,Hodeskader (S00-S09),"per 1000, standardisert",2.1,1,2,9
Nordland Nordlánnda,2025-01-01,Kjønn samlet,0-74 år,Hoftebrudd (S72.0-72.2),"per 1000, standardisert",0.6,1,2,9
Nordland Nordlánnda,2025-01-01,Kjønn samlet,0-74 år,Forgiftninger (T36-T65),"per 1000, standardisert",0.9,1,2,9
Nordland Nordlánnda,2025-01-01,Kjønn samlet,0-44 år,Hjerte og karsykdom (I00-I99),"per 1000, standardisert",2.4,1,3,9
Nordland Nordlánnda,2025-01-01,Kjønn samlet,0-44 år,KOLS (J44),"per 1000, standardisert",,1,3,9
Nordland Nordlánnda,2025-01-01,Kjønn samlet,0-44 år,Sykdom i muskel-skjelettsystemet og bindevev (M00-M99),"per 1000, standardisert",8.6,1,3,9
Nordland Nordlánnda,2025-01-01,Kjønn samlet,0-44 år,Personskader (S00-T78),"per 1000, standardisert",11.1,1,3,9
Nordland Nordlánnda,2025-01-01,Kjønn samlet,0-44 år,Hodeskader (S00-S09),"per 1000, standardisert",2.1,1,3,9
Nordland Nordlánnda,2025-01-01,Kjønn samlet,0-44 år,Hoftebrudd (S72.0-72.2),"per 1000, standardisert",,1,3,9
Nordland Nordlánnda,2025-01-01,Kjønn samlet,0-44 år,Forgiftninger (T36-T65),"per 1000, standardisert",1.1,1,3,9
Nordland Nordlánnda,2025-01-01,Kjønn samlet,0-24 år,Hjerte og karsykdom (I00-I99),"per 1000, standardisert",1.1,1,4,9
Nordland Nordlánnda,2025-01-01,Kjønn samlet,0-24 år,KOLS (J44),"per 1000, standardisert",,1,4,9
Nordland Nordlánnda,2025-01-01,Kjønn samlet,0-24 år,Sykdom i muskel-skjelettsystemet og bindevev (M00-M99),"per 1000, standardisert",5.2,1,4,9
Nordland Nordlánnda,2025-01-01,Kjønn samlet,0-24 år,Personskader (S00-T78),"per 1000, standardisert",12.8,1,4,9
Nordland Nordlánnda,2025-01-01,Kjønn samlet,0-24 år,Hodeskader (S00-S09),"per 1000, standardisert",2.9,1,4,9
Nordland Nordlánnda,2025-01-01,Kjønn samlet,0-24 år,Hoftebrudd (S72.0-72.2),"per 1000, standardisert",,1,4,9
Nordland Nordlánnda,2025-01-01,Kjønn samlet,0-24 år,Forgiftninger (T36-T65),"per 1000, standardisert",1.4,1,4,9
Nordland Nordlánnda,2025-01-01,Kjønn samlet,0-14 år,Hjerte og karsykdom (I00-I99),"per 1000, standardisert",0.8,1,5,9
Nordland Nordlánnda,2025-01-01,Kjønn samlet,0-14 år,KOLS (J44),"per 1000, standardisert",,1,5,9
Nordland Nordlánnda,2025-01-01,Kjønn samlet,0-14 år,Sykdom i muskel-skjelettsystemet og bindevev (M00-M99),"per 1000, standardisert",1.9,1,5,9
Nordland Nordlánnda,2025-01-01,Kjønn samlet,0-14 år,Personskader (S00-T78),"per 1000, standardisert",11.6,1,5,9
Nordland Nordlánnda,2025-01-01,Kjønn samlet,0-14 år,Hodeskader (S00-S09),"per 1000, standardisert",3.2,1,5,9
Nordland Nordlánnda,2025-01-01,Kjønn samlet,0-14 år,Hoftebrudd (S72.0-72.2),"per 1000, standardisert",,1,5,9
Nordland Nordlánnda,2025-01-01,Kjønn samlet,0-14 år,Forgiftninger (T36-T65),"per 1000, standardisert",0.5,1,5,9
Nordland Nordlánnda,2025-01-01,Kjønn samlet,15-24 år,Hjerte og karsykdom (I00-I99),"per 1000, standardisert",1.5,1,6,9
Nordland Nordlánnda,2025-01-01,Kjønn samlet,15-24 år,KOLS (J44),"per 1000, standardisert",,1,6,9
Nordland Nordlánnda,2025-01-01,Kjønn samlet,15-24 år,Sykdom i muskel-skjelettsystemet og bindevev (M00-M99),"per 1000, standardisert",9.3,1,6,9
Nordland Nordlánnda,2025-01-01,Kjønn samlet,15-24 år,Personskader (S00-T78),"per 1000, standardisert",14.5,1,6,9
Nordland Nordlánnda,2025-01-01,Kjønn samlet,15-24 år,Hodeskader (S00-S09),"per 1000, standardisert",2.4,1,6,9
Nordland Nordlánnda,2025-01-01,Kjønn samlet,15-24 år,Hoftebrudd (S72.0-72.2),"per 1000, standardisert",,1,6,9
Nordland Nordlánnda,2025-01-01,Kjønn samlet,15-24 år,Forgiftninger (T36-T65),"per 1000, standardisert",2.5,1,6,9
Nordland Nordlánnda,2025-01-01,Kjønn samlet,25-44 år,Hjerte og karsykdom (I00-I99),"per 1000, standardisert",3.7,1,7,9
Nordland Nordlánnda,2025-01-01,Kjønn samlet,25-44 år,KOLS (J44),"per 1000, standardisert",,1,7,9
Nordland Nordlánnda,2025-01-01,Kjønn samlet,25-44 år,Sykdom i muskel-skjelettsystemet og bindevev (M00-M99),"per 1000, standardisert",12.1,1,7,9
Nordland Nordlánnda,2025-01-01,Kjønn samlet,25-44 år,Personskader (S00-T78),"per 1000, standardisert",9.3,1,7,9
Nordland Nordlánnda,2025-01-01,Kjønn samlet,25-44 år,Hodeskader (S00-S09),"per 1000, standardisert",1.4,1,7,9
Nordland Nordlánnda,2025-01-01,Kjønn samlet,25-44 år,Hoftebrudd (S72.0-72.2),"per 1000, standardisert",,1,7,9
Nordland Nordlánnda,2025-01-01,Kjønn samlet,25-44 år,Forgiftninger (T36-T65),"per 1000, standardisert",0.8,1,7,9
Nordland Nordlánnda,2025-01-01,Kjønn samlet,45-74 år,Hjerte og karsykdom (I00-I99),"per 1000, standardisert",24.7,1,8,9
Nordland Nordlánnda,2025-01-01,Kjønn samlet,45-74 år,KOLS (J44),"per 1000, standardisert",1.7,1,8,9
Nordland Nordlánnda,2025-01-01,Kjønn samlet,45-74 år,Sykdom i muskel-skjelettsystemet og bindevev (M00-M99),"per 1000, standardisert",28.3,1,8,9
Nordland Nordlánnda,2025-01-01,Kjønn samlet,45-74 år,Personskader (S00-T78),"per 1000, standardisert",15.6,1,8,9
Nordland Nordlánnda,2025-01-01,Kjønn samlet,45-74 år,Hodeskader (S00-S09),"per 1000, standardisert",2.1,1,8,9
Nordland Nordlánnda,2025-01-01,Kjønn samlet,45-74 år,Hoftebrudd (S72.0-72.2),"per 1000, standardisert",,1,8,9
Nordland Nordlánnda,2025-01-01,Kjønn samlet,45-74 år,Forgiftninger (T36-T65),"per 1000, standardisert",0.6,1,8,9
Nordland Nordlánnda,2025-01-01,Kjønn samlet,45-64 år,Hjerte og karsykdom (I00-I99),"per 1000, standardisert",17.6,1,9,9
Nordland Nordlánnda,2025-01-01,Kjønn samlet,45-64 år,KOLS (J44),"per 1000, standardisert",0.7,1,9,9
Nordland Nordlánnda,2025-01-01,Kjønn samlet,45-64 år,Sykdom i muskel-skjelettsystemet og bindevev (M00-M99),"per 1000, standardisert",25.2,1,9,9
Nordland Nordlánnda,2025-01-01,Kjønn samlet,45-64 år,Personskader (S00-T78),"per 1000, standardisert",12.8,1,9,9
Nordland Nordlánnda,2025-01-01,Kjønn samlet,45-64 år,Hodeskader (S00-S09),"per 1000, standardisert",1.5,1,9,9
Nordland Nordlánnda,2025-01-01,Kjønn samlet,45-64 år,Hoftebrudd (S72.0-72.2),"per 1000, standardisert",0.6,1,9,9
Nordland Nordlánnda,2025-01-01,Kjønn samlet,45-64 år,Forgiftninger (T36-T65),"per 1000, standardisert",0.6,1,9,9
Nordland Nordlánnda,2025-01-01,Kjønn samlet,65-74 år,Hjerte og karsykdom (I00-I99),"per 1000, standardisert",42.8,1,10,9
Nordland Nordlánnda,2025-01-01,Kjønn samlet,65-74 år,KOLS (J44),"per 1000, standardisert",4.3,1,10,9
Nordland Nordlánnda,2025-01-01,Kjønn samlet,65-74 år,Sykdom i muskel-skjelettsystemet og bindevev (M00-M99),"per 1000, standardisert",36.7,1,10,9
Nordland Nordlánnda,2025-01-01,Kjønn samlet,65-74 år,Personskader (S00-T78),"per 1000, standardisert",22.8,1,10,9
Nordland Nordlánnda,2025-01-01,Kjønn samlet,65-74 år,Hodeskader (S00-S09),"per 1000, standardisert",3.5,1,10,9
Nordland Nordlánnda,2025-01-01,Kjønn samlet,65-74 år,Hoftebrudd (S72.0-72.2),"per 1000, standardisert",,1,10,9
Nordland Nordlánnda,2025-01-01,Kjønn samlet,65-74 år,Forgiftninger (T36-T65),"per 1000, standardisert",0.6,1,10,9
Nordland Nordlánnda,2025-01-01,Kjønn samlet,75 år+,Hjerte og karsykdom (I00-I99),"per 1000, standardisert",82.2,1,11,9
Nordland Nordlánnda,2025-01-01,Kjønn samlet,75 år+,KOLS (J44),"per 1000, standardisert",8.9,1,11,9
Nordland Nordlánnda,2025-01-01,Kjønn samlet,75 år+,Sykdom i muskel-skjelettsystemet og bindevev (M00-M99),"per 1000, standardisert",41.5,1,11,9
Nordland Nordlánnda,2025-01-01,Kjønn samlet,75 år+,Personskader (S00-T78),"per 1000, standardisert",51.1,1,11,9
Nordland Nordlánnda,2025-01-01,Kjønn samlet,75 år+,Hodeskader (S00-S09),"per 1000, standardisert",10.4,1,11,9
Nordland Nordlánnda,2025-01-01,Kjønn samlet,75 år+,Hoftebrudd (S72.0-72.2),"per 1000, standardisert",14.9,1,11,9
Nordland Nordlánnda,2025-01-01,Kjønn samlet,75 år+,Forgiftninger (T36-T65),"per 1000, standardisert",0.6,1,11,9
Nordland Nordlánnda,2025-01-01,Kjønn samlet,75-79 år,Hjerte og karsykdom (I00-I99),"per 1000, standardisert",66.8,1,12,9
Nordland Nordlánnda,2025-01-01,Kjønn samlet,75-79 år,KOLS (J44),"per 1000, standardisert",7.7,1,12,9
Nordland Nordlánnda,2025-01-01,Kjønn samlet,75-79 år,Sykdom i muskel-skjelettsystemet og bindevev (M00-M99),"per 1000, standardisert",44.8,1,12,9
Nordland Nordlánnda,2025-01-01,Kjønn samlet,75-79 år,Personskader (S00-T78),"per 1000, standardisert",32.6,1,12,9
Nordland Nordlánnda,2025-01-01,Kjønn samlet,75-79 år,Hodeskader (S00-S09),"per 1000, standardisert",6.6,1,12,9
Nordland Nordlánnda,2025-01-01,Kjønn samlet,75-79 år,Hoftebrudd (S72.0-72.2),"per 1000, standardisert",8.5,1,12,9
Nordland Nordlánnda,2025-01-01,Kjønn samlet,75-79 år,Forgiftninger (T36-T65),"per 1000, standardisert",0.5,1,12,9
Nordland Nordlánnda,2025-01-01,Kjønn samlet,80 år+,Hjerte og karsykdom (I00-I99),"per 1000, standardisert",94.5,1,13,9
Nordland Nordlánnda,2025-01-01,Kjønn samlet,80 år+,KOLS (J44),"per 1000, standardisert",9.8,1,13,9
Nordland Nordlánnda,2025-01-01,Kjønn samlet,80 år+,Sykdom i muskel-skjelettsystemet og bindevev (M00-M99),"per 1000, standardisert",38.9,1,13,9
Nordland Nordlánnda,2025-01-01,Kjønn samlet,80 år+,Personskader (S00-T78),"per 1000, standardisert",65.9,1,13,9
Nordland Nordlánnda,2025-01-01,Kjønn samlet,80 år+,Hodeskader (S00-S09),"per 1000, standardisert",13.4,1,13,9
Nordland Nordlánnda,2025-01-01,Kjønn samlet,80 år+,Hoftebrudd (S72.0-72.2),"per 1000, standardisert",20.1,1,13,9
Nordland Nordlánnda,2025-01-01,Kjønn samlet,80 år+,Forgiftninger (T36-T65),"per 1000, standardisert",0.6,1,13,9
Nordland Nordlánnda,2025-01-01,Menn,Alle aldre,Hjerte og karsykdom (I00-I99),"per 1000, standardisert",21.2,2,1,9
Nordland Nordlánnda,2025-01-01,Menn,Alle aldre,KOLS (J44),"per 1000, standardisert",1.2,2,1,9
Nordland Nordlánnda,2025-01-01,Menn,Alle aldre,Sykdom i muskel-skjelettsystemet og bindevev (M00-M99),"per 1000, standardisert",16.4,2,1,9
Nordland Nordlánnda,2025-01-01,Menn,Alle aldre,Personskader (S00-T78),"per 1000, standardisert",16.7,2,1,9
Nordland Nordlánnda,2025-01-01,Menn,Alle aldre,Hodeskader (S00-S09),"per 1000, standardisert",3.3,2,1,9
Nordland Nordlánnda,2025-01-01,Menn,Alle aldre,Hoftebrudd (S72.0-72.2),"per 1000, standardisert",1.5,2,1,9
Nordland Nordlánnda,2025-01-01,Menn,Alle aldre,Forgiftninger (T36-T65),"per 1000, standardisert",0.8,2,1,9
Nordland Nordlánnda,2025-01-01,Menn,0-74 år,Hjerte og karsykdom (I00-I99),"per 1000, standardisert",14.2,2,2,9
Nordland Nordlánnda,2025-01-01,Menn,0-74 år,KOLS (J44),"per 1000, standardisert",0.5,2,2,9
Nordland Nordlánnda,2025-01-01,Menn,0-74 år,Sykdom i muskel-skjelettsystemet og bindevev (M00-M99),"per 1000, standardisert",14.7,2,2,9
Nordland Nordlánnda,2025-01-01,Menn,0-74 år,Personskader (S00-T78),"per 1000, standardisert",14.3,2,2,9
Nordland Nordlánnda,2025-01-01,Menn,0-74 år,Hodeskader (S00-S09),"per 1000, standardisert",2.6,2,2,9
Nordland Nordlánnda,2025-01-01,Menn,0-74 år,Hoftebrudd (S72.0-72.2),"per 1000, standardisert",0.5,2,2,9
Nordland Nordlánnda,2025-01-01,Menn,0-74 år,Forgiftninger (T36-T65),"per 1000, standardisert",0.9,2,2,9
Nordland Nordlánnda,2025-01-01,Menn,0-44 år,Hjerte og karsykdom (I00-I99),"per 1000, standardisert",2.6,2,3,9
Nordland Nordlánnda,2025-01-01,Menn,0-44 år,KOLS (J44),"per 1000, standardisert",,2,3,9
Nordland Nordlánnda,2025-01-01,Menn,0-44 år,Sykdom i muskel-skjelettsystemet og bindevev (M00-M99),"per 1000, standardisert",7.7,2,3,9
Nordland Nordlánnda,2025-01-01,Menn,0-44 år,Personskader (S00-T78),"per 1000, standardisert",13.6,2,3,9
Nordland Nordlánnda,2025-01-01,Menn,0-44 år,Hodeskader (S00-S09),"per 1000, standardisert",2.5,2,3,9
Nordland Nordlánnda,2025-01-01,Menn,0-44 år,Hoftebrudd (S72.0-72.2),"per 1000, standardisert",,2,3,9
Nordland Nordlánnda,2025-01-01,Menn,0-44 år,Forgiftninger (T36-T65),"per 1000, standardisert",1.0,2,3,9
Nordland Nordlánnda,2025-01-01,Menn,0-24 år,Hjerte og karsykdom (I00-I99),"per 1000, standardisert",1.2,2,4,9
Nordland Nordlánnda,2025-01-01,Menn,0-24 år,KOLS (J44),"per 1000, standardisert",,2,4,9
Nordland Nordlánnda,2025-01-01,Menn,0-24 år,Sykdom i muskel-skjelettsystemet og bindevev (M00-M99),"per 1000, standardisert",4.2,2,4,9
Nordland Nordlánnda,2025-01-01,Menn,0-24 år,Personskader (S00-T78),"per 1000, standardisert",15.2,2,4,9
Nordland Nordlánnda,2025-01-01,Menn,0-24 år,Hodeskader (S00-S09),"per 1000, standardisert",3.3,2,4,9
Nordland Nordlánnda,2025-01-01,Menn,0-24 år,Hoftebrudd (S72.0-72.2),"per 1000, standardisert",,2,4,9
Nordland Nordlánnda,2025-01-01,Menn,0-24 år,Forgiftninger (T36-T65),"per 1000, standardisert",0.9,2,4,9
Nordland Nordlánnda,2025-01-01,Menn,0-14 år,Hjerte og karsykdom (I00-I99),"per 1000, standardisert",0.8,2,5,9
Nordland Nordlánnda,2025-01-01,Menn,0-14 år,KOLS (J44),"per 1000, standardisert",,2,5,9
Nordland Nordlánnda,2025-01-01,Menn,0-14 år,Sykdom i muskel-skjelettsystemet og bindevev (M00-M99),"per 1000, standardisert",1.6,2,5,9
Nordland Nordlánnda,2025-01-01,Menn,0-14 år,Personskader (S00-T78),"per 1000, standardisert",13.9,2,5,9
Nordland Nordlánnda,2025-01-01,Menn,0-14 år,Hodeskader (S00-S09),"per 1000, standardisert",3.6,2,5,9
Nordland Nordlánnda,2025-01-01,Menn,0-14 år,Hoftebrudd (S72.0-72.2),"per 1000, standardisert",,2,5,9
Nordland Nordlánnda,2025-01-01,Menn,0-14 år,Forgiftninger (T36-T65),"per 1000, standardisert",,2,5,9
Nordland Nordlánnda,2025-01-01,Menn,15-24 år,Hjerte og karsykdom (I00-I99),"per 1000, standardisert",1.8,2,6,9
Nordland Nordlánnda,2025-01-01,Menn,15-24 år,KOLS (J44),"per 1000, standardisert",,2,6,9
Nordland Nordlánnda,2025-01-01,Menn,15-24 år,Sykdom i muskel-skjelettsystemet og bindevev (M00-M99),"per 1000, standardisert",7.4,2,6,9
Nordland Nordlánnda,2025-01-01,Menn,15-24 år,Personskader (S00-T78),"per 1000, standardisert",16.7,2,6,9
Nordland Nordlánnda,2025-01-01,Menn,15-24 år,Hodeskader (S00-S09),"per 1000, standardisert",2.9,2,6,9
Nordland Nordlánnda,2025-01-01,Menn,15-24 år,Hoftebrudd (S72.0-72.2),"per 1000, standardisert",,2,6,9
Nordland Nordlánnda,2025-01-01,Menn,15-24 år,Forgiftninger (T36-T65),"per 1000, standardisert",1.6,2,6,9
Nordland Nordlánnda,2025-01-01,Menn,25-44 år,Hjerte og karsykdom (I00-I99),"per 1000, standardisert",3.9,2,7,9
Nordland Nordlánnda,2025-01-01,Menn,25-44 år,KOLS (J44),"per 1000, standardisert",,2,7,9
Nordland Nordlánnda,2025-01-01,Menn,25-44 år,Sykdom i muskel-skjelettsystemet og bindevev (M00-M99),"per 1000, standardisert",11.2,2,7,9
Nordland Nordlánnda,2025-01-01,Menn,25-44 år,Personskader (S00-T78),"per 1000, standardisert",12.0,2,7,9
Nordland Nordlánnda,2025-01-01,Menn,25-44 år,Hodeskader (S00-S09),"per 1000, standardisert",1.8,2,7,9
Nordland Nordlánnda,2025-01-01,Menn,25-44 år,Hoftebrudd (S72.0-72.2),"per 1000, standardisert",,2,7,9
Nordland Nordlánnda,2025-01-01,Menn,25-44 år,Forgiftninger (T36-T65),"per 1000, standardisert",1.1,2,7,9
Nordland Nordlánnda,2025-01-01,Menn,45-74 år,Hjerte og karsykdom (I00-I99),"per 1000, standardisert",32.2,2,8,9
Nordland Nordlánnda,2025-01-01,Menn,45-74 år,KOLS (J44),"per 1000, standardisert",,2,8,9
Nordland Nordlánnda,2025-01-01,Menn,45-74 år,Sykdom i muskel-skjelettsystemet og bindevev (M00-M99),"per 1000, standardisert",25.8,2,8,9
Nordland Nordlánnda,2025-01-01,Menn,45-74 år,Personskader (S00-T78),"per 1000, standardisert",15.5,2,8,9
Nordland Nordlánnda,2025-01-01,Menn,45-74 år,Hodeskader (S00-S09),"per 1000, standardisert",2.6,2,8,9
Nordland Nordlánnda,2025-01-01,Menn,45-74 år,Hoftebrudd (S72.0-72.2),"per 1000, standardisert",,2,8,9
Nordland Nordlánnda,2025-01-01,Menn,45-74 år,Forgiftninger (T36-T65),"per 1000, standardisert",0.7,2,8,9
Nordland Nordlánnda,2025-01-01,Menn,45-64 år,Hjerte og karsykdom (I00-I99),"per 1000, standardisert",22.9,2,9,9
Nordland Nordlánnda,2025-01-01,Menn,45-64 år,KOLS (J44),"per 1000, standardisert",0.5,2,9,9
Nordland Nordlánnda,2025-01-01,Menn,45-64 år,Sykdom i muskel-skjelettsystemet og bindevev (M00-M99),"per 1000, standardisert",23.0,2,9,9
Nordland Nordlánnda,2025-01-01,Menn,45-64 år,Personskader (S00-T78),"per 1000, standardisert",13.7,2,9,9
Nordland Nordlánnda,2025-01-01,Menn,45-64 år,Hodeskader (S00-S09),"per 1000, standardisert",1.8,2,9,9
Nordland Nordlánnda,2025-01-01,Menn,45-64 år,Hoftebrudd (S72.0-72.2),"per 1000, standardisert",0.5,2,9,9
Nordland Nordlánnda,2025-01-01,Menn,45-64 år,Forgiftninger (T36-T65),"per 1000, standardisert",0.8,2,9,9
Nordland Nordlánnda,2025-01-01,Menn,65-74 år,Hjerte og karsykdom (I00-I99),"per 1000, standardisert",56.9,2,10,9
Nordland Nordlánnda,2025-01-01,Menn,65-74 år,KOLS (J44),"per 1000, standardisert",,2,10,9
Nordland Nordlánnda,2025-01-01,Menn,65-74 år,Sykdom i muskel-skjelettsystemet og bindevev (M00-M99),"per 1000, standardisert",33.6,2,10,9
Nordland Nordlánnda,2025-01-01,Menn,65-74 år,Personskader (S00-T78),"per 1000, standardisert",20.3,2,10,9
Nordland Nordlánnda,2025-01-01,Menn,65-74 år,Hodeskader (S00-S09),"per 1000, standardisert",4.5,2,10,9
Nordland Nordlánnda,2025-01-01,Menn,65-74 år,Hoftebrudd (S72.0-72.2),"per 1000, standardisert",,2,10,9
Nordland Nordlánnda,2025-01-01,Menn,65-74 år,Forgiftninger (T36-T65),"per 1000, standardisert",0.5,2,10,9
Nordland Nordlánnda,2025-01-01,Menn,75 år+,Hjerte og karsykdom (I00-I99),"per 1000, standardisert",96.8,2,11,9
Nordland Nordlánnda,2025-01-01,Menn,75 år+,KOLS (J44),"per 1000, standardisert",8.4,2,11,9
Nordland Nordlánnda,2025-01-01,Menn,75 år+,Sykdom i muskel-skjelettsystemet og bindevev (M00-M99),"per 1000, standardisert",34.8,2,11,9
Nordland Nordlánnda,2025-01-01,Menn,75 år+,Personskader (S00-T78),"per 1000, standardisert",42.3,2,11,9
Nordland Nordlánnda,2025-01-01,Menn,75 år+,Hodeskader (S00-S09),"per 1000, standardisert",11.5,2,11,9
Nordland Nordlánnda,2025-01-01,Menn,75 år+,Hoftebrudd (S72.0-72.2),"per 1000, standardisert",11.7,2,11,9
Nordland Nordlánnda,2025-01-01,Menn,75 år+,Forgiftninger (T36-T65),"per 1000, standardisert",0.5,2,11,9
Nordland Nordlánnda,2025-01-01,Menn,75-79 år,Hjerte og karsykdom (I00-I99),"per 1000, standardisert",80.6,2,12,9
Nordland Nordlánnda,2025-01-01,Menn,75-79 år,KOLS (J44),"per 1000, standardisert",7.0,2,12,9
Nordland Nordlánnda,2025-01-01,Menn,75-79 år,Sykdom i muskel-skjelettsystemet og bindevev (M00-M99),"per 1000, standardisert",38.1,2,12,9
Nordland Nordlánnda,2025-01-01,Menn,75-79 år,Personskader (S00-T78),"per 1000, standardisert",27.1,2,12,9
Nordland Nordlánnda,2025-01-01,Menn,75-79 år,Hodeskader (S00-S09),"per 1000, standardisert",7.6,2,12,9
Nordland Nordlánnda,2025-01-01,Menn,75-79 år,Hoftebrudd (S72.0-72.2),"per 1000, standardisert",5.0,2,12,9
Nordland Nordlánnda,2025-01-01,Menn,75-79 år,Forgiftninger (T36-T65),"per 1000, standardisert",,2,12,9
Nordland Nordlánnda,2025-01-01,Menn,80 år+,Hjerte og karsykdom (I00-I99),"per 1000, standardisert",111.4,2,13,9
Nordland Nordlánnda,2025-01-01,Menn,80 år+,KOLS (J44),"per 1000, standardisert",9.6,2,13,9
Nordland Nordlánnda,2025-01-01,Menn,80 år+,Sykdom i muskel-skjelettsystemet og bindevev (M00-M99),"per 1000, standardisert",31.9,2,13,9
Nordland Nordlánnda,2025-01-01,Menn,80 år+,Personskader (S00-T78),"per 1000, standardisert",56.1,2,13,9
Nordland Nordlánnda,2025-01-01,Menn,80 år+,Hodeskader (S00-S09),"per 1000, standardisert",15.0,2,13,9
Nordland Nordlánnda,2025-01-01,Menn,80 år+,Hoftebrudd (S72.0-72.2),"per 1000, standardisert",17.7,2,13,9
Nordland Nordlánnda,2025-01-01,Menn,80 år+,Forgiftninger (T36-T65),"per 1000, standardisert",,2,13,9
Nordland Nordlánnda,2025-01-01,Kvinner,Alle aldre,Hjerte og karsykdom (I00-I99),"per 1000, standardisert",14.7,3,1,9
Nordland Nordlánnda,2025-01-01,Kvinner,Alle aldre,KOLS (J44),"per 1000, standardisert",1.8,3,1,9
Nordland Nordlánnda,2025-01-01,Kvinner,Alle aldre,Sykdom i muskel-skjelettsystemet og bindevev (M00-M99),"per 1000, standardisert",21.0,3,1,9
Nordland Nordlánnda,2025-01-01,Kvinner,Alle aldre,Personskader (S00-T78),"per 1000, standardisert",16.3,3,1,9
Nordland Nordlánnda,2025-01-01,Kvinner,Alle aldre,Hodeskader (S00-S09),"per 1000, standardisert",2.4,3,1,9
Nordland Nordlánnda,2025-01-01,Kvinner,Alle aldre,Hoftebrudd (S72.0-72.2),"per 1000, standardisert",2.4,3,1,9
Nordland Nordlánnda,2025-01-01,Kvinner,Alle aldre,Forgiftninger (T36-T65),"per 1000, standardisert",0.9,3,1,9
Nordland Nordlánnda,2025-01-01,Kvinner,0-74 år,Hjerte og karsykdom (I00-I99),"per 1000, standardisert",8.1,3,2,9
Nordland Nordlánnda,2025-01-01,Kvinner,0-74 år,KOLS (J44),"per 1000, standardisert",0.9,3,2,9
Nordland Nordlánnda,2025-01-01,Kvinner,0-74 år,Sykdom i muskel-skjelettsystemet og bindevev (M00-M99),"per 1000, standardisert",18.0,3,2,9
Nordland Nordlánnda,2025-01-01,Kvinner,0-74 år,Personskader (S00-T78),"per 1000, standardisert",11.4,3,2,9
Nordland Nordlánnda,2025-01-01,Kvinner,0-74 år,Hodeskader (S00-S09),"per 1000, standardisert",1.6,3,2,9
Nordland Nordlánnda,2025-01-01,Kvinner,0-74 år,Hoftebrudd (S72.0-72.2),"per 1000, standardisert",0.6,3,2,9
Nordland Nordlánnda,2025-01-01,Kvinner,0-74 år,Forgiftninger (T36-T65),"per 1000, standardisert",0.9,3,2,9
Nordland Nordlánnda,2025-01-01,Kvinner,0-44 år,Hjerte og karsykdom (I00-I99),"per 1000, standardisert",2.2,3,3,9
Nordland Nordlánnda,2025-01-01,Kvinner,0-44 år,KOLS (J44),"per 1000, standardisert",,3,3,9
Nordland Nordlánnda,2025-01-01,Kvinner,0-44 år,Sykdom i muskel-skjelettsystemet og bindevev (M00-M99),"per 1000, standardisert",9.7,3,3,9
Nordland Nordlánnda,2025-01-01,Kvinner,0-44 år,Personskader (S00-T78),"per 1000, standardisert",8.4,3,3,9
Nordland Nordlánnda,2025-01-01,Kvinner,0-44 år,Hodeskader (S00-S09),"per 1000, standardisert",1.7,3,3,9
Nordland Nordlánnda,2025-01-01,Kvinner,0-44 år,Hoftebrudd (S72.0-72.2),"per 1000, standardisert",,3,3,9
Nordland Nordlánnda,2025-01-01,Kvinner,0-44 år,Forgiftninger (T36-T65),"per 1000, standardisert",1.1,3,3,9
Nordland Nordlánnda,2025-01-01,Kvinner,0-24 år,Hjerte og karsykdom (I00-I99),"per 1000, standardisert",0.9,3,4,9
Nordland Nordlánnda,2025-01-01,Kvinner,0-24 år,KOLS (J44),"per 1000, standardisert",,3,4,9
Nordland Nordlánnda,2025-01-01,Kvinner,0-24 år,Sykdom i muskel-skjelettsystemet og bindevev (M00-M99),"per 1000, standardisert",6.2,3,4,9
Nordland Nordlánnda,2025-01-01,Kvinner,0-24 år,Personskader (S00-T78),"per 1000, standardisert",10.4,3,4,9
Nordland Nordlánnda,2025-01-01,Kvinner,0-24 år,Hodeskader (S00-S09),"per 1000, standardisert",2.4,3,4,9
Nordland Nordlánnda,2025-01-01,Kvinner,0-24 år,Hoftebrudd (S72.0-72.2),"per 1000, standardisert",,3,4,9
Nordland Nordlánnda,2025-01-01,Kvinner,0-24 år,Forgiftninger (T36-T65),"per 1000, standardisert",1.8,3,4,9
Nordland Nordlánnda,2025-01-01,Kvinner,0-14 år,Hjerte og karsykdom (I00-I99),"per 1000, standardisert",0.8,3,5,9
Nordland Nordlánnda,2025-01-01,Kvinner,0-14 år,KOLS (J44),"per 1000, standardisert",,3,5,9
Nordland Nordlánnda,2025-01-01,Kvinner,0-14 år,Sykdom i muskel-skjelettsystemet og bindevev (M00-M99),"per 1000, standardisert",2.2,3,5,9
Nordland Nordlánnda,2025-01-01,Kvinner,0-14 år,Personskader (S00-T78),"per 1000, standardisert",9.1,3,5,9
Nordland Nordlánnda,2025-01-01,Kvinner,0-14 år,Hodeskader (S00-S09),"per 1000, standardisert",2.8,3,5,9
Nordland Nordlánnda,2025-01-01,Kvinner,0-14 år,Hoftebrudd (S72.0-72.2),"per 1000, standardisert",,3,5,9
Nordland Nordlánnda,2025-01-01,Kvinner,0-14 år,Forgiftninger (T36-T65),"per 1000, standardisert",0.5,3,5,9
Nordland Nordlánnda,2025-01-01,Kvinner,15-24 år,Hjerte og karsykdom (I00-I99),"per 1000, standardisert",1.1,3,6,9
Nordland Nordlánnda,2025-01-01,Kvinner,15-24 år,KOLS (J44),"per 1000, standardisert",,3,6,9
Nordland Nordlánnda,2025-01-01,Kvinner,15-24 år,Sykdom i muskel-skjelettsystemet og bindevev (M00-M99),"per 1000, standardisert",11.4,3,6,9
Nordland Nordlánnda,2025-01-01,Kvinner,15-24 år,Personskader (S00-T78),"per 1000, standardisert",12.0,3,6,9
Nordland Nordlánnda,2025-01-01,Kvinner,15-24 år,Hodeskader (S00-S09),"per 1000, standardisert",2.0,3,6,9
Nordland Nordlánnda,2025-01-01,Kvinner,15-24 år,Hoftebrudd (S72.0-72.2),"per 1000, standardisert",,3,6,9
Nordland Nordlánnda,2025-01-01,Kvinner,15-24 år,Forgiftninger (T36-T65),"per 1000, standardisert",3.5,3,6,9
Nordland Nordlánnda,2025-01-01,Kvinner,25-44 år,Hjerte og karsykdom (I00-I99),"per 1000, standardisert",3.5,3,7,9
Nordland Nordlánnda,2025-01-01,Kvinner,25-44 år,KOLS (J44),"per 1000, standardisert",,3,7,9
Nordland Nordlánnda,2025-01-01,Kvinner,25-44 år,Sykdom i muskel-skjelettsystemet og bindevev (M00-M99),"per 1000, standardisert",13.1,3,7,9
Nordland Nordlánnda,2025-01-01,Kvinner,25-44 år,Personskader (S00-T78),"per 1000, standardisert",6.4,3,7,9
Nordland Nordlánnda,2025-01-01,Kvinner,25-44 år,Hodeskader (S00-S09),"per 1000, standardisert",0.9,3,7,9
Nordland Nordlánnda,2025-01-01,Kvinner,25-44 år,Hoftebrudd (S72.0-72.2),"per 1000, standardisert",,3,7,9
Nordland Nordlánnda,2025-01-01,Kvinner,25-44 år,Forgiftninger (T36-T65),"per 1000, standardisert",0.5,3,7,9
Nordland Nordlánnda,2025-01-01,Kvinner,45-74 år,Hjerte og karsykdom (I00-I99),"per 1000, standardisert",16.9,3,8,9
Nordland Nordlánnda,2025-01-01,Kvinner,45-74 år,KOLS (J44),"per 1000, standardisert",,3,8,9
Nordland Nordlánnda,2025-01-01,Kvinner,45-74 år,Sykdom i muskel-skjelettsystemet og bindevev (M00-M99),"per 1000, standardisert",30.9,3,8,9
Nordland Nordlánnda,2025-01-01,Kvinner,45-74 år,Personskader (S00-T78),"per 1000, standardisert",15.7,3,8,9
Nordland Nordlánnda,2025-01-01,Kvinner,45-74 år,Hodeskader (S00-S09),"per 1000, standardisert",1.6,3,8,9
Nordland Nordlánnda,2025-01-01,Kvinner,45-74 år,Hoftebrudd (S72.0-72.2),"per 1000, standardisert",,3,8,9
Nordland Nordlánnda,2025-01-01,Kvinner,45-74 år,Forgiftninger (T36-T65),"per 1000, standardisert",0.6,3,8,9
Nordland Nordlánnda,2025-01-01,Kvinner,45-64 år,Hjerte og karsykdom (I00-I99),"per 1000, standardisert",12.1,3,9,9
Nordland Nordlánnda,2025-01-01,Kvinner,45-64 år,KOLS (J44),"per 1000, standardisert",0.9,3,9,9
Nordland Nordlánnda,2025-01-01,Kvinner,45-64 år,Sykdom i muskel-skjelettsystemet og bindevev (M00-M99),"per 1000, standardisert",27.5,3,9,9
Nordland Nordlánnda,2025-01-01,Kvinner,45-64 år,Personskader (S00-T78),"per 1000, standardisert",11.8,3,9,9
Nordland Nordlánnda,2025-01-01,Kvinner,45-64 år,Hodeskader (S00-S09),"per 1000, standardisert",1.1,3,9,9
Nordland Nordlánnda,2025-01-01,Kvinner,45-64 år,Hoftebrudd (S72.0-72.2),"per 1000, standardisert",0.7,3,9,9
Nordland Nordlánnda,2025-01-01,Kvinner,45-64 år,Forgiftninger (T36-T65),"per 1000, standardisert",0.5,3,9,9
Nordland Nordlánnda,2025-01-01,Kvinner,65-74 år,Hjerte og karsykdom (I00-I99),"per 1000, standardisert",29.0,3,10,9
Nordland Nordlánnda,2025-01-01,Kvinner,65-74 år,KOLS (J44),"per 1000, standardisert",,3,10,9
Nordland Nordlánnda,2025-01-01,Kvinner,65-74 år,Sykdom i muskel-skjelettsystemet og bindevev (M00-M99),"per 1000, standardisert",39.7,3,10,9
Nordland Nordlánnda,2025-01-01,Kvinner,65-74 år,Personskader (S00-T78),"per 1000, standardisert",25.2,3,10,9
Nordland Nordlánnda,2025-01-01,Kvinner,65-74 år,Hodeskader (S00-S09),"per 1000, standardisert",2.6,3,10,9
Nordland Nordlánnda,2025-01-01,Kvinner,65-74 år,Hoftebrudd (S72.0-72.2),"per 1000, standardisert",,3,10,9
Nordland Nordlánnda,2025-01-01,Kvinner,65-74 år,Forgiftninger (T36-T65),"per 1000, standardisert",0.7,3,10,9
Nordland Nordlánnda,2025-01-01,Kvinner,75 år+,Hjerte og karsykdom (I00-I99),"per 1000, standardisert",70.3,3,11,9
Nordland Nordlánnda,2025-01-01,Kvinner,75 år+,KOLS (J44),"per 1000, standardisert",9.4,3,11,9
Nordland Nordlánnda,2025-01-01,Kvinner,75 år+,Sykdom i muskel-skjelettsystemet og bindevev (M00-M99),"per 1000, standardisert",47.1,3,11,9
Nordland Nordlánnda,2025-01-01,Kvinner,75 år+,Personskader (S00-T78),"per 1000, standardisert",58.4,3,11,9
Nordland Nordlánnda,2025-01-01,Kvinner,75 år+,Hodeskader (S00-S09),"per 1000, standardisert",9.5,3,11,9
Nordland Nordlánnda,2025-01-01,Kvinner,75 år+,Hoftebrudd (S72.0-72.2),"per 1000, standardisert",17.6,3,11,9
Nordland Nordlánnda,2025-01-01,Kvinner,75 år+,Forgiftninger (T36-T65),"per 1000, standardisert",0.7,3,11,9
Nordland Nordlánnda,2025-01-01,Kvinner,75-79 år,Hjerte og karsykdom (I00-I99),"per 1000, standardisert",54.0,3,12,9
Nordland Nordlánnda,2025-01-01,Kvinner,75-79 år,KOLS (J44),"per 1000, standardisert",8.4,3,12,9
Nordland Nordlánnda,2025-01-01,Kvinner,75-79 år,Sykdom i muskel-skjelettsystemet og bindevev (M00-M99),"per 1000, standardisert",51.1,3,12,9
Nordland Nordlánnda,2025-01-01,Kvinner,75-79 år,Personskader (S00-T78),"per 1000, standardisert",37.9,3,12,9
Nordland Nordlánnda,2025-01-01,Kvinner,75-79 år,Hodeskader (S00-S09),"per 1000, standardisert",5.7,3,12,9
Nordland Nordlánnda,2025-01-01,Kvinner,75-79 år,Hoftebrudd (S72.0-72.2),"per 1000, standardisert",11.9,3,12,9
Nordland Nordlánnda,2025-01-01,Kvinner,75-79 år,Forgiftninger (T36-T65),"per 1000, standardisert",,3,12,9
Nordland Nordlánnda,2025-01-01,Kvinner,80 år+,Hjerte og karsykdom (I00-I99),"per 1000, standardisert",82.1,3,13,9
Nordland Nordlánnda,2025-01-01,Kvinner,80 år+,KOLS (J44),"per 1000, standardisert",10.1,3,13,9
Nordland Nordlánnda,2025-01-01,Kvinner,80 år+,Sykdom i muskel-skjelettsystemet og bindevev (M00-M99),"per 1000, standardisert",44.2,3,13,9
Nordland Nordlánnda,2025-01-01,Kvinner,80 år+,Personskader (S00-T78),"per 1000, standardisert",73.2,3,13,9
Nordland Nordlánnda,2025-01-01,Kvinner,80 år+,Hodeskader (S00-S09),"per 1000, standardisert",12.2,3,13,9
Nordland Nordlánnda,2025-01-01,Kvinner,80 år+,Hoftebrudd (S72.0-72.2),"per 1000, standardisert",21.8,3,13,9
Nordland Nordlánnda,2025-01-01,Kvinner,80 år+,Forgiftninger (T36-T65),"per 1000, standardisert",,3,13,9
Troms Romsa Tromssa,2025-01-01,Kjønn samlet,Alle aldre,Hjerte og karsykdom (I00-I99),"per 1000, standardisert",16.6,1,1,12
Troms Romsa Tromssa,2025-01-01,Kjønn samlet,Alle aldre,KOLS (J44),"per 1000, standardisert",1.1,1,1,12
Troms Romsa Tromssa,2025-01-01,Kjønn samlet,Alle aldre,Sykdom i muskel-skjelettsystemet og bindevev (M00-M99),"per 1000, standardisert",19.2,1,1,12
Troms Romsa Tromssa,2025-01-01,Kjønn samlet,Alle aldre,Personskader (S00-T78),"per 1000, standardisert",15.1,1,1,12
Troms Romsa Tromssa,2025-01-01,Kjønn samlet,Alle aldre,Hodeskader (S00-S09),"per 1000, standardisert",3.3,1,1,12
Troms Romsa Tromssa,2025-01-01,Kjønn samlet,Alle aldre,Hoftebrudd (S72.0-72.2),"per 1000, standardisert",1.6,1,1,12
Troms Romsa Tromssa,2025-01-01,Kjønn samlet,Alle aldre,Forgiftninger (T36-T65),"per 1000, standardisert",0.8,1,1,12
Troms Romsa Tromssa,2025-01-01,Kjønn samlet,0-74 år,Hjerte og karsykdom (I00-I99),"per 1000, standardisert",10.5,1,2,12
Troms Romsa Tromssa,2025-01-01,Kjønn samlet,0-74 år,KOLS (J44),"per 1000, standardisert",0.4,1,2,12
Troms Romsa Tromssa,2025-01-01,Kjønn samlet,0-74 år,Sykdom i muskel-skjelettsystemet og bindevev (M00-M99),"per 1000, standardisert",17.4,1,2,12
Troms Romsa Tromssa,2025-01-01,Kjønn samlet,0-74 år,Personskader (S00-T78),"per 1000, standardisert",12.4,1,2,12
Troms Romsa Tromssa,2025-01-01,Kjønn samlet,0-74 år,Hodeskader (S00-S09),"per 1000, standardisert",2.6,1,2,12
Troms Romsa Tromssa,2025-01-01,Kjønn samlet,0-74 år,Hoftebrudd (S72.0-72.2),"per 1000, standardisert",0.5,1,2,12
Troms Romsa Tromssa,2025-01-01,Kjønn samlet,0-74 år,Forgiftninger (T36-T65),"per 1000, standardisert",0.8,1,2,12
Troms Romsa Tromssa,2025-01-01,Kjønn samlet,0-44 år,Hjerte og karsykdom (I00-I99),"per 1000, standardisert",2.3,1,3,12
Troms Romsa Tromssa,2025-01-01,Kjønn samlet,0-44 år,KOLS (J44),"per 1000, standardisert",,1,3,12
Troms Romsa Tromssa,2025-01-01,Kjønn samlet,0-44 år,Sykdom i muskel-skjelettsystemet og bindevev (M00-M99),"per 1000, standardisert",8.6,1,3,12
Troms Romsa Tromssa,2025-01-01,Kjønn samlet,0-44 år,Personskader (S00-T78),"per 1000, standardisert",11.5,1,3,12
Troms Romsa Tromssa,2025-01-01,Kjønn samlet,0-44 år,Hodeskader (S00-S09),"per 1000, standardisert",2.9,1,3,12
Troms Romsa Tromssa,2025-01-01,Kjønn samlet,0-44 år,Hoftebrudd (S72.0-72.2),"per 1000, standardisert",,1,3,12
Troms Romsa Tromssa,2025-01-01,Kjønn samlet,0-44 år,Forgiftninger (T36-T65),"per 1000, standardisert",1.0,1,3,12
Troms Romsa Tromssa,2025-01-01,Kjønn samlet,0-24 år,Hjerte og karsykdom (I00-I99),"per 1000, standardisert",1.1,1,4,12
Troms Romsa Tromssa,2025-01-01,Kjønn samlet,0-24 år,KOLS (J44),"per 1000, standardisert",,1,4,12
Troms Romsa Tromssa,2025-01-01,Kjønn samlet,0-24 år,Sykdom i muskel-skjelettsystemet og bindevev (M00-M99),"per 1000, standardisert",4.9,1,4,12
Troms Romsa Tromssa,2025-01-01,Kjønn samlet,0-24 år,Personskader (S00-T78),"per 1000, standardisert",14.3,1,4,12
Troms Romsa Tromssa,2025-01-01,Kjønn samlet,0-24 år,Hodeskader (S00-S09),"per 1000, standardisert",4.6,1,4,12
Troms Romsa Tromssa,2025-01-01,Kjønn samlet,0-24 år,Hoftebrudd (S72.0-72.2),"per 1000, standardisert",,1,4,12
Troms Romsa Tromssa,2025-01-01,Kjønn samlet,0-24 år,Forgiftninger (T36-T65),"per 1000, standardisert",1.4,1,4,12
Troms Romsa Tromssa,2025-01-01,Kjønn samlet,0-14 år,Hjerte og karsykdom (I00-I99),"per 1000, standardisert",0.9,1,5,12
Troms Romsa Tromssa,2025-01-01,Kjønn samlet,0-14 år,KOLS (J44),"per 1000, standardisert",,1,5,12
Troms Romsa Tromssa,2025-01-01,Kjønn samlet,0-14 år,Sykdom i muskel-skjelettsystemet og bindevev (M00-M99),"per 1000, standardisert",2.5,1,5,12
Troms Romsa Tromssa,2025-01-01,Kjønn samlet,0-14 år,Personskader (S00-T78),"per 1000, standardisert",13.7,1,5,12
Troms Romsa Tromssa,2025-01-01,Kjønn samlet,0-14 år,Hodeskader (S00-S09),"per 1000, standardisert",5.7,1,5,12
Troms Romsa Tromssa,2025-01-01,Kjønn samlet,0-14 år,Hoftebrudd (S72.0-72.2),"per 1000, standardisert",,1,5,12
Troms Romsa Tromssa,2025-01-01,Kjønn samlet,0-14 år,Forgiftninger (T36-T65),"per 1000, standardisert",,1,5,12
Troms Romsa Tromssa,2025-01-01,Kjønn samlet,15-24 år,Hjerte og karsykdom (I00-I99),"per 1000, standardisert",1.3,1,6,12
Troms Romsa Tromssa,2025-01-01,Kjønn samlet,15-24 år,KOLS (J44),"per 1000, standardisert",,1,6,12
Troms Romsa Tromssa,2025-01-01,Kjønn samlet,15-24 år,Sykdom i muskel-skjelettsystemet og bindevev (M00-M99),"per 1000, standardisert",8.1,1,6,12
Troms Romsa Tromssa,2025-01-01,Kjønn samlet,15-24 år,Personskader (S00-T78),"per 1000, standardisert",15.0,1,6,12
Troms Romsa Tromssa,2025-01-01,Kjønn samlet,15-24 år,Hodeskader (S00-S09),"per 1000, standardisert",3.3,1,6,12
Troms Romsa Tromssa,2025-01-01,Kjønn samlet,15-24 år,Hoftebrudd (S72.0-72.2),"per 1000, standardisert",,1,6,12
Troms Romsa Tromssa,2025-01-01,Kjønn samlet,15-24 år,Forgiftninger (T36-T65),"per 1000, standardisert",2.6,1,6,12
Troms Romsa Tromssa,2025-01-01,Kjønn samlet,25-44 år,Hjerte og karsykdom (I00-I99),"per 1000, standardisert",3.5,1,7,12
Troms Romsa Tromssa,2025-01-01,Kjønn samlet,25-44 år,KOLS (J44),"per 1000, standardisert",,1,7,12
Troms Romsa Tromssa,2025-01-01,Kjønn samlet,25-44 år,Sykdom i muskel-skjelettsystemet og bindevev (M00-M99),"per 1000, standardisert",12.3,1,7,12
Troms Romsa Tromssa,2025-01-01,Kjønn samlet,25-44 år,Personskader (S00-T78),"per 1000, standardisert",8.8,1,7,12
Troms Romsa Tromssa,2025-01-01,Kjønn samlet,25-44 år,Hodeskader (S00-S09),"per 1000, standardisert",1.3,1,7,12
Troms Romsa Tromssa,2025-01-01,Kjønn samlet,25-44 år,Hoftebrudd (S72.0-72.2),"per 1000, standardisert",,1,7,12
Troms Romsa Tromssa,2025-01-01,Kjønn samlet,25-44 år,Forgiftninger (T36-T65),"per 1000, standardisert",0.6,1,7,12
Troms Romsa Tromssa,2025-01-01,Kjønn samlet,45-74 år,Hjerte og karsykdom (I00-I99),"per 1000, standardisert",23.0,1,8,12
Troms Romsa Tromssa,2025-01-01,Kjønn samlet,45-74 år,KOLS (J44),"per 1000, standardisert",,1,8,12
Troms Romsa Tromssa,2025-01-01,Kjønn samlet,45-74 år,Sykdom i muskel-skjelettsystemet og bindevev (M00-M99),"per 1000, standardisert",30.8,1,8,12
Troms Romsa Tromssa,2025-01-01,Kjønn samlet,45-74 år,Personskader (S00-T78),"per 1000, standardisert",13.8,1,8,12
Troms Romsa Tromssa,2025-01-01,Kjønn samlet,45-74 år,Hodeskader (S00-S09),"per 1000, standardisert",2.2,1,8,12
Troms Romsa Tromssa,2025-01-01,Kjønn samlet,45-74 år,Hoftebrudd (S72.0-72.2),"per 1000, standardisert",,1,8,12
Troms Romsa Tromssa,2025-01-01,Kjønn samlet,45-74 år,Forgiftninger (T36-T65),"per 1000, standardisert",0.5,1,8,12
Troms Romsa Tromssa,2025-01-01,Kjønn samlet,45-64 år,Hjerte og karsykdom (I00-I99),"per 1000, standardisert",16.4,1,9,12
Troms Romsa Tromssa,2025-01-01,Kjønn samlet,45-64 år,KOLS (J44),"per 1000, standardisert",0.5,1,9,12
Troms Romsa Tromssa,2025-01-01,Kjønn samlet,45-64 år,Sykdom i muskel-skjelettsystemet og bindevev (M00-M99),"per 1000, standardisert",28.5,1,9,12
Troms Romsa Tromssa,2025-01-01,Kjønn samlet,45-64 år,Personskader (S00-T78),"per 1000, standardisert",12.1,1,9,12
Troms Romsa Tromssa,2025-01-01,Kjønn samlet,45-64 år,Hodeskader (S00-S09),"per 1000, standardisert",1.8,1,9,12
Troms Romsa Tromssa,2025-01-01,Kjønn samlet,45-64 år,Hoftebrudd (S72.0-72.2),"per 1000, standardisert",0.7,1,9,12
Troms Romsa Tromssa,2025-01-01,Kjønn samlet,45-64 år,Forgiftninger (T36-T65),"per 1000, standardisert",,1,9,12
Troms Romsa Tromssa,2025-01-01,Kjønn samlet,65-74 år,Hjerte og karsykdom (I00-I99),"per 1000, standardisert",39.9,1,10,12
Troms Romsa Tromssa,2025-01-01,Kjønn samlet,65-74 år,KOLS (J44),"per 1000, standardisert",,1,10,12
Troms Romsa Tromssa,2025-01-01,Kjønn samlet,65-74 år,Sykdom i muskel-skjelettsystemet og bindevev (M00-M99),"per 1000, standardisert",37.0,1,10,12
Troms Romsa Tromssa,2025-01-01,Kjønn samlet,65-74 år,Personskader (S00-T78),"per 1000, standardisert",18.2,1,10,12
Troms Romsa Tromssa,2025-01-01,Kjønn samlet,65-74 år,Hodeskader (S00-S09),"per 1000, standardisert",3.0,1,10,12
Troms Romsa Tromssa,2025-01-01,Kjønn samlet,65-74 år,Hoftebrudd (S72.0-72.2),"per 1000, standardisert",,1,10,12
Troms Romsa Tromssa,2025-01-01,Kjønn samlet,65-74 år,Forgiftninger (T36-T65),"per 1000, standardisert",,1,10,12
Troms Romsa Tromssa,2025-01-01,Kjønn samlet,75 år+,Hjerte og karsykdom (I00-I99),"per 1000, standardisert",74.4,1,11,12
Troms Romsa Tromssa,2025-01-01,Kjønn samlet,75 år+,KOLS (J44),"per 1000, standardisert",7.6,1,11,12
Troms Romsa Tromssa,2025-01-01,Kjønn samlet,75 år+,Sykdom i muskel-skjelettsystemet og bindevev (M00-M99),"per 1000, standardisert",37.1,1,11,12
Troms Romsa Tromssa,2025-01-01,Kjønn samlet,75 år+,Personskader (S00-T78),"per 1000, standardisert",41.2,1,11,12
Troms Romsa Tromssa,2025-01-01,Kjønn samlet,75 år+,Hodeskader (S00-S09),"per 1000, standardisert",9.5,1,11,12
Troms Romsa Tromssa,2025-01-01,Kjønn samlet,75 år+,Hoftebrudd (S72.0-72.2),"per 1000, standardisert",12.5,1,11,12
Troms Romsa Tromssa,2025-01-01,Kjønn samlet,75 år+,Forgiftninger (T36-T65),"per 1000, standardisert",0.3,1,11,12
Troms Romsa Tromssa,2025-01-01,Kjønn samlet,75-79 år,Hjerte og karsykdom (I00-I99),"per 1000, standardisert",62.8,1,12,12
Troms Romsa Tromssa,2025-01-01,Kjønn samlet,75-79 år,KOLS (J44),"per 1000, standardisert",7.3,1,12,12
Troms Romsa Tromssa,2025-01-01,Kjønn samlet,75-79 år,Sykdom i muskel-skjelettsystemet og bindevev (M00-M99),"per 1000, standardisert",41.2,1,12,12
Troms Romsa Tromssa,2025-01-01,Kjønn samlet,75-79 år,Personskader (S00-T78),"per 1000, standardisert",28.5,1,12,12
Troms Romsa Tromssa,2025-01-01,Kjønn samlet,75-79 år,Hodeskader (S00-S09),"per 1000, standardisert",5.7,1,12,12
Troms Romsa Tromssa,2025-01-01,Kjønn samlet,75-79 år,Hoftebrudd (S72.0-72.2),"per 1000, standardisert",6.0,1,12,12
Troms Romsa Tromssa,2025-01-01,Kjønn samlet,75-79 år,Forgiftninger (T36-T65),"per 1000, standardisert",,1,12,12
Troms Romsa Tromssa,2025-01-01,Kjønn samlet,80 år+,Hjerte og karsykdom (I00-I99),"per 1000, standardisert",83.6,1,13,12
Troms Romsa Tromssa,2025-01-01,Kjønn samlet,80 år+,KOLS (J44),"per 1000, standardisert",7.8,1,13,12
Troms Romsa Tromssa,2025-01-01,Kjønn samlet,80 år+,Sykdom i muskel-skjelettsystemet og bindevev (M00-M99),"per 1000, standardisert",33.8,1,13,12
Troms Romsa Tromssa,2025-01-01,Kjønn samlet,80 år+,Personskader (S00-T78),"per 1000, standardisert",51.2,1,13,12
Troms Romsa Tromssa,2025-01-01,Kjønn samlet,80 år+,Hodeskader (S00-S09),"per 1000, standardisert",12.5,1,13,12
Troms Romsa Tromssa,2025-01-01,Kjønn samlet,80 år+,Hoftebrudd (S72.0-72.2),"per 1000, standardisert",17.7,1,13,12
Troms Romsa Tromssa,2025-01-01,Kjønn samlet,80 år+,Forgiftninger (T36-T65),"per 1000, standardisert",,1,13,12
Troms Romsa Tromssa,2025-01-01,Menn,Alle aldre,Hjerte og karsykdom (I00-I99),"per 1000, standardisert",20.0,2,1,12
Troms Romsa Tromssa,2025-01-01,Menn,Alle aldre,KOLS (J44),"per 1000, standardisert",1.1,2,1,12
Troms Romsa Tromssa,2025-01-01,Menn,Alle aldre,Sykdom i muskel-skjelettsystemet og bindevev (M00-M99),"per 1000, standardisert",16.9,2,1,12
Troms Romsa Tromssa,2025-01-01,Menn,Alle aldre,Personskader (S00-T78),"per 1000, standardisert",15.3,2,1,12
Troms Romsa Tromssa,2025-01-01,Menn,Alle aldre,Hodeskader (S00-S09),"per 1000, standardisert",3.8,2,1,12
Troms Romsa Tromssa,2025-01-01,Menn,Alle aldre,Hoftebrudd (S72.0-72.2),"per 1000, standardisert",1.2,2,1,12
Troms Romsa Tromssa,2025-01-01,Menn,Alle aldre,Forgiftninger (T36-T65),"per 1000, standardisert",,2,1,12
Troms Romsa Tromssa,2025-01-01,Menn,0-74 år,Hjerte og karsykdom (I00-I99),"per 1000, standardisert",13.5,2,2,12
Troms Romsa Tromssa,2025-01-01,Menn,0-74 år,KOLS (J44),"per 1000, standardisert",0.4,2,2,12
Troms Romsa Tromssa,2025-01-01,Menn,0-74 år,Sykdom i muskel-skjelettsystemet og bindevev (M00-M99),"per 1000, standardisert",15.5,2,2,12
Troms Romsa Tromssa,2025-01-01,Menn,0-74 år,Personskader (S00-T78),"per 1000, standardisert",13.6,2,2,12
Troms Romsa Tromssa,2025-01-01,Menn,0-74 år,Hodeskader (S00-S09),"per 1000, standardisert",3.3,2,2,12
Troms Romsa Tromssa,2025-01-01,Menn,0-74 år,Hoftebrudd (S72.0-72.2),"per 1000, standardisert",0.4,2,2,12
Troms Romsa Tromssa,2025-01-01,Menn,0-74 år,Forgiftninger (T36-T65),"per 1000, standardisert",0.5,2,2,12
Troms Romsa Tromssa,2025-01-01,Menn,0-44 år,Hjerte og karsykdom (I00-I99),"per 1000, standardisert",2.5,2,3,12
Troms Romsa Tromssa,2025-01-01,Menn,0-44 år,KOLS (J44),"per 1000, standardisert",,2,3,12
Troms Romsa Tromssa,2025-01-01,Menn,0-44 år,Sykdom i muskel-skjelettsystemet og bindevev (M00-M99),"per 1000, standardisert",7.5,2,3,12
Troms Romsa Tromssa,2025-01-01,Menn,0-44 år,Personskader (S00-T78),"per 1000, standardisert",13.6,2,3,12
Troms Romsa Tromssa,2025-01-01,Menn,0-44 år,Hodeskader (S00-S09),"per 1000, standardisert",3.6,2,3,12
Troms Romsa Tromssa,2025-01-01,Menn,0-44 år,Hoftebrudd (S72.0-72.2),"per 1000, standardisert",,2,3,12
Troms Romsa Tromssa,2025-01-01,Menn,0-44 år,Forgiftninger (T36-T65),"per 1000, standardisert",0.6,2,3,12
Troms Romsa Tromssa,2025-01-01,Menn,0-24 år,Hjerte og karsykdom (I00-I99),"per 1000, standardisert",1.4,2,4,12
Troms Romsa Tromssa,2025-01-01,Menn,0-24 år,KOLS (J44),"per 1000, standardisert",,2,4,12
Troms Romsa Tromssa,2025-01-01,Menn,0-24 år,Sykdom i muskel-skjelettsystemet og bindevev (M00-M99),"per 1000, standardisert",4.3,2,4,12
Troms Romsa Tromssa,2025-01-01,Menn,0-24 år,Personskader (S00-T78),"per 1000, standardisert",17.0,2,4,12
Troms Romsa Tromssa,2025-01-01,Menn,0-24 år,Hodeskader (S00-S09),"per 1000, standardisert",5.9,2,4,12
Troms Romsa Tromssa,2025-01-01,Menn,0-24 år,Hoftebrudd (S72.0-72.2),"per 1000, standardisert",,2,4,12
Troms Romsa Tromssa,2025-01-01,Menn,0-24 år,Forgiftninger (T36-T65),"per 1000, standardisert",,2,4,12
Troms Romsa Tromssa,2025-01-01,Menn,0-14 år,Hjerte og karsykdom (I00-I99),"per 1000, standardisert",1.1,2,5,12
Troms Romsa Tromssa,2025-01-01,Menn,0-14 år,KOLS (J44),"per 1000, standardisert",,2,5,12
Troms Romsa Tromssa,2025-01-01,Menn,0-14 år,Sykdom i muskel-skjelettsystemet og bindevev (M00-M99),"per 1000, standardisert",2.7,2,5,12
Troms Romsa Tromssa,2025-01-01,Menn,0-14 år,Personskader (S00-T78),"per 1000, standardisert",17.1,2,5,12
Troms Romsa Tromssa,2025-01-01,Menn,0-14 år,Hodeskader (S00-S09),"per 1000, standardisert",7.1,2,5,12
Troms Romsa Tromssa,2025-01-01,Menn,0-14 år,Hoftebrudd (S72.0-72.2),"per 1000, standardisert",,2,5,12
Troms Romsa Tromssa,2025-01-01,Menn,0-14 år,Forgiftninger (T36-T65),"per 1000, standardisert",,2,5,12
Troms Romsa Tromssa,2025-01-01,Menn,15-24 år,Hjerte og karsykdom (I00-I99),"per 1000, standardisert",1.9,2,6,12
Troms Romsa Tromssa,2025-01-01,Menn,15-24 år,KOLS (J44),"per 1000, standardisert",,2,6,12
Troms Romsa Tromssa,2025-01-01,Menn,15-24 år,Sykdom i muskel-skjelettsystemet og bindevev (M00-M99),"per 1000, standardisert",6.3,2,6,12
Troms Romsa Tromssa,2025-01-01,Menn,15-24 år,Personskader (S00-T78),"per 1000, standardisert",17.1,2,6,12
Troms Romsa Tromssa,2025-01-01,Menn,15-24 år,Hodeskader (S00-S09),"per 1000, standardisert",4.3,2,6,12
Troms Romsa Tromssa,2025-01-01,Menn,15-24 år,Hoftebrudd (S72.0-72.2),"per 1000, standardisert",,2,6,12
Troms Romsa Tromssa,2025-01-01,Menn,15-24 år,Forgiftninger (T36-T65),"per 1000, standardisert",0.8,2,6,12
Troms Romsa Tromssa,2025-01-01,Menn,25-44 år,Hjerte og karsykdom (I00-I99),"per 1000, standardisert",3.6,2,7,12
Troms Romsa Tromssa,2025-01-01,Menn,25-44 år,KOLS (J44),"per 1000, standardisert",,2,7,12
Troms Romsa Tromssa,2025-01-01,Menn,25-44 år,Sykdom i muskel-skjelettsystemet og bindevev (M00-M99),"per 1000, standardisert",10.8,2,7,12
Troms Romsa Tromssa,2025-01-01,Menn,25-44 år,Personskader (S00-T78),"per 1000, standardisert",10.3,2,7,12
Troms Romsa Tromssa,2025-01-01,Menn,25-44 år,Hodeskader (S00-S09),"per 1000, standardisert",1.4,2,7,12
Troms Romsa Tromssa,2025-01-01,Menn,25-44 år,Hoftebrudd (S72.0-72.2),"per 1000, standardisert",,2,7,12
Troms Romsa Tromssa,2025-01-01,Menn,25-44 år,Forgiftninger (T36-T65),"per 1000, standardisert",,2,7,12
Troms Romsa Tromssa,2025-01-01,Menn,45-74 år,Hjerte og karsykdom (I00-I99),"per 1000, standardisert",30.6,2,8,12
Troms Romsa Tromssa,2025-01-01,Menn,45-74 år,KOLS (J44),"per 1000, standardisert",,2,8,12
Troms Romsa Tromssa,2025-01-01,Menn,45-74 år,Sykdom i muskel-skjelettsystemet og bindevev (M00-M99),"per 1000, standardisert",27.8,2,8,12
Troms Romsa Tromssa,2025-01-01,Menn,45-74 år,Personskader (S00-T78),"per 1000, standardisert",13.6,2,8,12
Troms Romsa Tromssa,2025-01-01,Menn,45-74 år,Hodeskader (S00-S09),"per 1000, standardisert",2.8,2,8,12
Troms Romsa Tromssa,2025-01-01,Menn,45-74 år,Hoftebrudd (S72.0-72.2),"per 1000, standardisert",,2,8,12
Troms Romsa Tromssa,2025-01-01,Menn,45-74 år,Forgiftninger (T36-T65),"per 1000, standardisert",0.5,2,8,12
Troms Romsa Tromssa,2025-01-01,Menn,45-64 år,Hjerte og karsykdom (I00-I99),"per 1000, standardisert",21.7,2,9,12
Troms Romsa Tromssa,2025-01-01,Menn,45-64 år,KOLS (J44),"per 1000, standardisert",0.6,2,9,12
Troms Romsa Tromssa,2025-01-01,Menn,45-64 år,Sykdom i muskel-skjelettsystemet og bindevev (M00-M99),"per 1000, standardisert",25.4,2,9,12
Troms Romsa Tromssa,2025-01-01,Menn,45-64 år,Personskader (S00-T78),"per 1000, standardisert",12.7,2,9,12
Troms Romsa Tromssa,2025-01-01,Menn,45-64 år,Hodeskader (S00-S09),"per 1000, standardisert",2.5,2,9,12
Troms Romsa Tromssa,2025-01-01,Menn,45-64 år,Hoftebrudd (S72.0-72.2),"per 1000, standardisert",,2,9,12
Troms Romsa Tromssa,2025-01-01,Menn,45-64 år,Forgiftninger (T36-T65),"per 1000, standardisert",,2,9,12
Troms Romsa Tromssa,2025-01-01,Menn,65-74 år,Hjerte og karsykdom (I00-I99),"per 1000, standardisert",53.9,2,10,12
Troms Romsa Tromssa,2025-01-01,Menn,65-74 år,KOLS (J44),"per 1000, standardisert",,2,10,12
Troms Romsa Tromssa,2025-01-01,Menn,65-74 år,Sykdom i muskel-skjelettsystemet og bindevev (M00-M99),"per 1000, standardisert",34.6,2,10,12
Troms Romsa Tromssa,2025-01-01,Menn,65-74 år,Personskader (S00-T78),"per 1000, standardisert",15.9,2,10,12
Troms Romsa Tromssa,2025-01-01,Menn,65-74 år,Hodeskader (S00-S09),"per 1000, standardisert",3.6,2,10,12
Troms Romsa Tromssa,2025-01-01,Menn,65-74 år,Hoftebrudd (S72.0-72.2),"per 1000, standardisert",,2,10,12
Troms Romsa Tromssa,2025-01-01,Menn,65-74 år,Forgiftninger (T36-T65),"per 1000, standardisert",,2,10,12
Troms Romsa Tromssa,2025-01-01,Menn,75 år+,Hjerte og karsykdom (I00-I99),"per 1000, standardisert",89.7,2,11,12
Troms Romsa Tromssa,2025-01-01,Menn,75 år+,KOLS (J44),"per 1000, standardisert",7.9,2,11,12
Troms Romsa Tromssa,2025-01-01,Menn,75 år+,Sykdom i muskel-skjelettsystemet og bindevev (M00-M99),"per 1000, standardisert",33.3,2,11,12
Troms Romsa Tromssa,2025-01-01,Menn,75 år+,Personskader (S00-T78),"per 1000, standardisert",34.1,2,11,12
Troms Romsa Tromssa,2025-01-01,Menn,75 år+,Hodeskader (S00-S09),"per 1000, standardisert",9.8,2,11,12
Troms Romsa Tromssa,2025-01-01,Menn,75 år+,Hoftebrudd (S72.0-72.2),"per 1000, standardisert",9.3,2,11,12
Troms Romsa Tromssa,2025-01-01,Menn,75 år+,Forgiftninger (T36-T65),"per 1000, standardisert",,2,11,12
Troms Romsa Tromssa,2025-01-01,Menn,75-79 år,Hjerte og karsykdom (I00-I99),"per 1000, standardisert",76.5,2,12,12
Troms Romsa Tromssa,2025-01-01,Menn,75-79 år,KOLS (J44),"per 1000, standardisert",8.0,2,12,12
Troms Romsa Tromssa,2025-01-01,Menn,75-79 år,Sykdom i muskel-skjelettsystemet og bindevev (M00-M99),"per 1000, standardisert",36.5,2,12,12
Troms Romsa Tromssa,2025-01-01,Menn,75-79 år,Personskader (S00-T78),"per 1000, standardisert",24.0,2,12,12
Troms Romsa Tromssa,2025-01-01,Menn,75-79 år,Hodeskader (S00-S09),"per 1000, standardisert",6.5,2,12,12
Troms Romsa Tromssa,2025-01-01,Menn,75-79 år,Hoftebrudd (S72.0-72.2),"per 1000, standardisert",4.6,2,12,12
Troms Romsa Tromssa,2025-01-01,Menn,75-79 år,Forgiftninger (T36-T65),"per 1000, standardisert",,2,12,12
Troms Romsa Tromssa,2025-01-01,Menn,80 år+,Hjerte og karsykdom (I00-I99),"per 1000, standardisert",101.6,2,13,12
Troms Romsa Tromssa,2025-01-01,Menn,80 år+,KOLS (J44),"per 1000, standardisert",7.9,2,13,12
Troms Romsa Tromssa,2025-01-01,Menn,80 år+,Sykdom i muskel-skjelettsystemet og bindevev (M00-M99),"per 1000, standardisert",30.5,2,13,12
Troms Romsa Tromssa,2025-01-01,Menn,80 år+,Personskader (S00-T78),"per 1000, standardisert",43.3,2,13,12
Troms Romsa Tromssa,2025-01-01,Menn,80 år+,Hodeskader (S00-S09),"per 1000, standardisert",12.9,2,13,12
Troms Romsa Tromssa,2025-01-01,Menn,80 år+,Hoftebrudd (S72.0-72.2),"per 1000, standardisert",13.6,2,13,12
Troms Romsa Tromssa,2025-01-01,Menn,80 år+,Forgiftninger (T36-T65),"per 1000, standardisert",,2,13,12
Troms Romsa Tromssa,2025-01-01,Kvinner,Alle aldre,Hjerte og karsykdom (I00-I99),"per 1000, standardisert",13.1,3,1,12
Troms Romsa Tromssa,2025-01-01,Kvinner,Alle aldre,KOLS (J44),"per 1000, standardisert",1.2,3,1,12
Troms Romsa Tromssa,2025-01-01,Kvinner,Alle aldre,Sykdom i muskel-skjelettsystemet og bindevev (M00-M99),"per 1000, standardisert",21.5,3,1,12
Troms Romsa Tromssa,2025-01-01,Kvinner,Alle aldre,Personskader (S00-T78),"per 1000, standardisert",15.0,3,1,12
Troms Romsa Tromssa,2025-01-01,Kvinner,Alle aldre,Hodeskader (S00-S09),"per 1000, standardisert",2.7,3,1,12
Troms Romsa Tromssa,2025-01-01,Kvinner,Alle aldre,Hoftebrudd (S72.0-72.2),"per 1000, standardisert",2.1,3,1,12
Troms Romsa Tromssa,2025-01-01,Kvinner,Alle aldre,Forgiftninger (T36-T65),"per 1000, standardisert",,3,1,12
Troms Romsa Tromssa,2025-01-01,Kvinner,0-74 år,Hjerte og karsykdom (I00-I99),"per 1000, standardisert",7.4,3,2,12
Troms Romsa Tromssa,2025-01-01,Kvinner,0-74 år,KOLS (J44),"per 1000, standardisert",0.5,3,2,12
Troms Romsa Tromssa,2025-01-01,Kvinner,0-74 år,Sykdom i muskel-skjelettsystemet og bindevev (M00-M99),"per 1000, standardisert",19.4,3,2,12
Troms Romsa Tromssa,2025-01-01,Kvinner,0-74 år,Personskader (S00-T78),"per 1000, standardisert",11.2,3,2,12
Troms Romsa Tromssa,2025-01-01,Kvinner,0-74 år,Hodeskader (S00-S09),"per 1000, standardisert",1.9,3,2,12
Troms Romsa Tromssa,2025-01-01,Kvinner,0-74 år,Hoftebrudd (S72.0-72.2),"per 1000, standardisert",0.5,3,2,12
Troms Romsa Tromssa,2025-01-01,Kvinner,0-74 år,Forgiftninger (T36-T65),"per 1000, standardisert",1.1,3,2,12
Troms Romsa Tromssa,2025-01-01,Kvinner,0-44 år,Hjerte og karsykdom (I00-I99),"per 1000, standardisert",2.1,3,3,12
Troms Romsa Tromssa,2025-01-01,Kvinner,0-44 år,KOLS (J44),"per 1000, standardisert",,3,3,12
Troms Romsa Tromssa,2025-01-01,Kvinner,0-44 år,Sykdom i muskel-skjelettsystemet og bindevev (M00-M99),"per 1000, standardisert",9.7,3,3,12
Troms Romsa Tromssa,2025-01-01,Kvinner,0-44 år,Personskader (S00-T78),"per 1000, standardisert",9.3,3,3,12
Troms Romsa Tromssa,2025-01-01,Kvinner,0-44 år,Hodeskader (S00-S09),"per 1000, standardisert",2.2,3,3,12
Troms Romsa Tromssa,2025-01-01,Kvinner,0-44 år,Hoftebrudd (S72.0-72.2),"per 1000, standardisert",,3,3,12
Troms Romsa Tromssa,2025-01-01,Kvinner,0-44 år,Forgiftninger (T36-T65),"per 1000, standardisert",1.4,3,3,12
Troms Romsa Tromssa,2025-01-01,Kvinner,0-24 år,Hjerte og karsykdom (I00-I99),"per 1000, standardisert",0.7,3,4,12
Troms Romsa Tromssa,2025-01-01,Kvinner,0-24 år,KOLS (J44),"per 1000, standardisert",,3,4,12
Troms Romsa Tromssa,2025-01-01,Kvinner,0-24 år,Sykdom i muskel-skjelettsystemet og bindevev (M00-M99),"per 1000, standardisert",5.7,3,4,12
Troms Romsa Tromssa,2025-01-01,Kvinner,0-24 år,Personskader (S00-T78),"per 1000, standardisert",11.4,3,4,12
Troms Romsa Tromssa,2025-01-01,Kvinner,0-24 år,Hodeskader (S00-S09),"per 1000, standardisert",3.3,3,4,12
Troms Romsa Tromssa,2025-01-01,Kvinner,0-24 år,Hoftebrudd (S72.0-72.2),"per 1000, standardisert",,3,4,12
Troms Romsa Tromssa,2025-01-01,Kvinner,0-24 år,Forgiftninger (T36-T65),"per 1000, standardisert",,3,4,12
Troms Romsa Tromssa,2025-01-01,Kvinner,0-14 år,Hjerte og karsykdom (I00-I99),"per 1000, standardisert",0.8,3,5,12
Troms Romsa Tromssa,2025-01-01,Kvinner,0-14 år,KOLS (J44),"per 1000, standardisert",,3,5,12
Troms Romsa Tromssa,2025-01-01,Kvinner,0-14 år,Sykdom i muskel-skjelettsystemet og bindevev (M00-M99),"per 1000, standardisert",2.2,3,5,12
Troms Romsa Tromssa,2025-01-01,Kvinner,0-14 år,Personskader (S00-T78),"per 1000, standardisert",10.2,3,5,12
Troms Romsa Tromssa,2025-01-01,Kvinner,0-14 år,Hodeskader (S00-S09),"per 1000, standardisert",4.2,3,5,12
Troms Romsa Tromssa,2025-01-01,Kvinner,0-14 år,Hoftebrudd (S72.0-72.2),"per 1000, standardisert",,3,5,12
Troms Romsa Tromssa,2025-01-01,Kvinner,0-14 år,Forgiftninger (T36-T65),"per 1000, standardisert",,3,5,12
Troms Romsa Tromssa,2025-01-01,Kvinner,15-24 år,Hjerte og karsykdom (I00-I99),"per 1000, standardisert",0.7,3,6,12
Troms Romsa Tromssa,2025-01-01,Kvinner,15-24 år,KOLS (J44),"per 1000, standardisert",,3,6,12
Troms Romsa Tromssa,2025-01-01,Kvinner,15-24 år,Sykdom i muskel-skjelettsystemet og bindevev (M00-M99),"per 1000, standardisert",10.0,3,6,12
Troms Romsa Tromssa,2025-01-01,Kvinner,15-24 år,Personskader (S00-T78),"per 1000, standardisert",12.9,3,6,12
Troms Romsa Tromssa,2025-01-01,Kvinner,15-24 år,Hodeskader (S00-S09),"per 1000, standardisert",2.1,3,6,12
Troms Romsa Tromssa,2025-01-01,Kvinner,15-24 år,Hoftebrudd (S72.0-72.2),"per 1000, standardisert",,3,6,12
Troms Romsa Tromssa,2025-01-01,Kvinner,15-24 år,Forgiftninger (T36-T65),"per 1000, standardisert",4.6,3,6,12
Troms Romsa Tromssa,2025-01-01,Kvinner,25-44 år,Hjerte og karsykdom (I00-I99),"per 1000, standardisert",3.5,3,7,12
Troms Romsa Tromssa,2025-01-01,Kvinner,25-44 år,KOLS (J44),"per 1000, standardisert",,3,7,12
Troms Romsa Tromssa,2025-01-01,Kvinner,25-44 år,Sykdom i muskel-skjelettsystemet og bindevev (M00-M99),"per 1000, standardisert",13.8,3,7,12
Troms Romsa Tromssa,2025-01-01,Kvinner,25-44 år,Personskader (S00-T78),"per 1000, standardisert",7.2,3,7,12
Troms Romsa Tromssa,2025-01-01,Kvinner,25-44 år,Hodeskader (S00-S09),"per 1000, standardisert",1.1,3,7,12
Troms Romsa Tromssa,2025-01-01,Kvinner,25-44 år,Hoftebrudd (S72.0-72.2),"per 1000, standardisert",,3,7,12
Troms Romsa Tromssa,2025-01-01,Kvinner,25-44 år,Forgiftninger (T36-T65),"per 1000, standardisert",,3,7,12
Troms Romsa Tromssa,2025-01-01,Kvinner,45-74 år,Hjerte og karsykdom (I00-I99),"per 1000, standardisert",15.3,3,8,12
Troms Romsa Tromssa,2025-01-01,Kvinner,45-74 år,KOLS (J44),"per 1000, standardisert",,3,8,12
Troms Romsa Tromssa,2025-01-01,Kvinner,45-74 år,Sykdom i muskel-skjelettsystemet og bindevev (M00-M99),"per 1000, standardisert",33.9,3,8,12
Troms Romsa Tromssa,2025-01-01,Kvinner,45-74 år,Personskader (S00-T78),"per 1000, standardisert",14.1,3,8,12
Troms Romsa Tromssa,2025-01-01,Kvinner,45-74 år,Hodeskader (S00-S09),"per 1000, standardisert",1.5,3,8,12
Troms Romsa Tromssa,2025-01-01,Kvinner,45-74 år,Hoftebrudd (S72.0-72.2),"per 1000, standardisert",,3,8,12
Troms Romsa Tromssa,2025-01-01,Kvinner,45-74 år,Forgiftninger (T36-T65),"per 1000, standardisert",0.5,3,8,12
Troms Romsa Tromssa,2025-01-01,Kvinner,45-64 år,Hjerte og karsykdom (I00-I99),"per 1000, standardisert",11.0,3,9,12
Troms Romsa Tromssa,2025-01-01,Kvinner,45-64 år,KOLS (J44),"per 1000, standardisert",0.5,3,9,12
Troms Romsa Tromssa,2025-01-01,Kvinner,45-64 år,Sykdom i muskel-skjelettsystemet og bindevev (M00-M99),"per 1000, standardisert",31.8,3,9,12
Troms Romsa Tromssa,2025-01-01,Kvinner,45-64 år,Personskader (S00-T78),"per 1000, standardisert",11.6,3,9,12
Troms Romsa Tromssa,2025-01-01,Kvinner,45-64 år,Hodeskader (S00-S09),"per 1000, standardisert",1.1,3,9,12
Troms Romsa Tromssa,2025-01-01,Kvinner,45-64 år,Hoftebrudd (S72.0-72.2),"per 1000, standardisert",,3,9,12
Troms Romsa Tromssa,2025-01-01,Kvinner,45-64 år,Forgiftninger (T36-T65),"per 1000, standardisert",,3,9,12
Troms Romsa Tromssa,2025-01-01,Kvinner,65-74 år,Hjerte og karsykdom (I00-I99),"per 1000, standardisert",26.1,3,10,12
Troms Romsa Tromssa,2025-01-01,Kvinner,65-74 år,KOLS (J44),"per 1000, standardisert",,3,10,12
Troms Romsa Tromssa,2025-01-01,Kvinner,65-74 år,Sykdom i muskel-skjelettsystemet og bindevev (M00-M99),"per 1000, standardisert",39.3,3,10,12
Troms Romsa Tromssa,2025-01-01,Kvinner,65-74 år,Personskader (S00-T78),"per 1000, standardisert",20.5,3,10,12
Troms Romsa Tromssa,2025-01-01,Kvinner,65-74 år,Hodeskader (S00-S09),"per 1000, standardisert",2.5,3,10,12
Troms Romsa Tromssa,2025-01-01,Kvinner,65-74 år,Hoftebrudd (S72.0-72.2),"per 1000, standardisert",,3,10,12
Troms Romsa Tromssa,2025-01-01,Kvinner,65-74 år,Forgiftninger (T36-T65),"per 1000, standardisert",,3,10,12
Troms Romsa Tromssa,2025-01-01,Kvinner,75 år+,Hjerte og karsykdom (I00-I99),"per 1000, standardisert",61.8,3,11,12
Troms Romsa Tromssa,2025-01-01,Kvinner,75 år+,KOLS (J44),"per 1000, standardisert",7.3,3,11,12
Troms Romsa Tromssa,2025-01-01,Kvinner,75 år+,Sykdom i muskel-skjelettsystemet og bindevev (M00-M99),"per 1000, standardisert",40.1,3,11,12
Troms Romsa Tromssa,2025-01-01,Kvinner,75 år+,Personskader (S00-T78),"per 1000, standardisert",47.0,3,11,12
Troms Romsa Tromssa,2025-01-01,Kvinner,75 år+,Hodeskader (S00-S09),"per 1000, standardisert",9.2,3,11,12
Troms Romsa Tromssa,2025-01-01,Kvinner,75 år+,Hoftebrudd (S72.0-72.2),"per 1000, standardisert",15.1,3,11,12
Troms Romsa Tromssa,2025-01-01,Kvinner,75 år+,Forgiftninger (T36-T65),"per 1000, standardisert",,3,11,12
Troms Romsa Tromssa,2025-01-01,Kvinner,75-79 år,Hjerte og karsykdom (I00-I99),"per 1000, standardisert",50.0,3,12,12
Troms Romsa Tromssa,2025-01-01,Kvinner,75-79 år,KOLS (J44),"per 1000, standardisert",6.7,3,12,12
Troms Romsa Tromssa,2025-01-01,Kvinner,75-79 år,Sykdom i muskel-skjelettsystemet og bindevev (M00-M99),"per 1000, standardisert",45.5,3,12,12
Troms Romsa Tromssa,2025-01-01,Kvinner,75-79 år,Personskader (S00-T78),"per 1000, standardisert",32.8,3,12,12
Troms Romsa Tromssa,2025-01-01,Kvinner,75-79 år,Hodeskader (S00-S09),"per 1000, standardisert",,3,12,12
Troms Romsa Tromssa,2025-01-01,Kvinner,75-79 år,Hoftebrudd (S72.0-72.2),"per 1000, standardisert",7.2,3,12,12
Troms Romsa Tromssa,2025-01-01,Kvinner,75-79 år,Forgiftninger (T36-T65),"per 1000, standardisert",,3,12,12
Troms Romsa Tromssa,2025-01-01,Kvinner,80 år+,Hjerte og karsykdom (I00-I99),"per 1000, standardisert",70.1,3,13,12
Troms Romsa Tromssa,2025-01-01,Kvinner,80 år+,KOLS (J44),"per 1000, standardisert",7.7,3,13,12
Troms Romsa Tromssa,2025-01-01,Kvinner,80 år+,Sykdom i muskel-skjelettsystemet og bindevev (M00-M99),"per 1000, standardisert",36.2,3,13,12
Troms Romsa Tromssa,2025-01-01,Kvinner,80 år+,Personskader (S00-T78),"per 1000, standardisert",57.1,3,13,12
Troms Romsa Tromssa,2025-01-01,Kvinner,80 år+,Hodeskader (S00-S09),"per 1000, standardisert",12.2,3,13,12
Troms Romsa Tromssa,2025-01-01,Kvinner,80 år+,Hoftebrudd (S72.0-72.2),"per 1000, standardisert",20.8,3,13,12
Troms Romsa Tromssa,2025-01-01,Kvinner,80 år+,Forgiftninger (T36-T65),"per 1000, standardisert",,3,13,12
Finnmark Finnmárku Finmarkku,2025-01-01,Kjønn samlet,Alle aldre,Hjerte og karsykdom (I00-I99),"per 1000, standardisert",16.8,1,1,6
Finnmark Finnmárku Finmarkku,2025-01-01,Kjønn samlet,Alle aldre,KOLS (J44),"per 1000, standardisert",1.4,1,1,6
Finnmark Finnmárku Finmarkku,2025-01-01,Kjønn samlet,Alle aldre,Sykdom i muskel-skjelettsystemet og bindevev (M00-M99),"per 1000, standardisert",18.6,1,1,6
Finnmark Finnmárku Finmarkku,2025-01-01,Kjønn samlet,Alle aldre,Personskader (S00-T78),"per 1000, standardisert",15.1,1,1,6
Finnmark Finnmárku Finmarkku,2025-01-01,Kjønn samlet,Alle aldre,Hodeskader (S00-S09),"per 1000, standardisert",3.0,1,1,6
Finnmark Finnmárku Finmarkku,2025-01-01,Kjønn samlet,Alle aldre,Hoftebrudd (S72.0-72.2),"per 1000, standardisert",1.9,1,1,6
Finnmark Finnmárku Finmarkku,2025-01-01,Kjønn samlet,Alle aldre,Forgiftninger (T36-T65),"per 1000, standardisert",0.8,1,1,6
Finnmark Finnmárku Finmarkku,2025-01-01,Kjønn samlet,0-74 år,Hjerte og karsykdom (I00-I99),"per 1000, standardisert",10.5,1,2,6
Finnmark Finnmárku Finmarkku,2025-01-01,Kjønn samlet,0-74 år,KOLS (J44),"per 1000, standardisert",0.8,1,2,6
Finnmark Finnmárku Finmarkku,2025-01-01,Kjønn samlet,0-74 år,Sykdom i muskel-skjelettsystemet og bindevev (M00-M99),"per 1000, standardisert",16.9,1,2,6
Finnmark Finnmárku Finmarkku,2025-01-01,Kjønn samlet,0-74 år,Personskader (S00-T78),"per 1000, standardisert",11.8,1,2,6
Finnmark Finnmárku Finmarkku,2025-01-01,Kjønn samlet,0-74 år,Hodeskader (S00-S09),"per 1000, standardisert",2.3,1,2,6
Finnmark Finnmárku Finmarkku,2025-01-01,Kjønn samlet,0-74 år,Hoftebrudd (S72.0-72.2),"per 1000, standardisert",0.4,1,2,6
Finnmark Finnmárku Finmarkku,2025-01-01,Kjønn samlet,0-74 år,Forgiftninger (T36-T65),"per 1000, standardisert",0.8,1,2,6
Finnmark Finnmárku Finmarkku,2025-01-01,Kjønn samlet,0-44 år,Hjerte og karsykdom (I00-I99),"per 1000, standardisert",1.9,1,3,6
Finnmark Finnmárku Finmarkku,2025-01-01,Kjønn samlet,0-44 år,KOLS (J44),"per 1000, standardisert",,1,3,6
Finnmark Finnmárku Finmarkku,2025-01-01,Kjønn samlet,0-44 år,Sykdom i muskel-skjelettsystemet og bindevev (M00-M99),"per 1000, standardisert",9.0,1,3,6
Finnmark Finnmárku Finmarkku,2025-01-01,Kjønn samlet,0-44 år,Personskader (S00-T78),"per 1000, standardisert",10.4,1,3,6
Finnmark Finnmárku Finmarkku,2025-01-01,Kjønn samlet,0-44 år,Hodeskader (S00-S09),"per 1000, standardisert",2.2,1,3,6
Finnmark Finnmárku Finmarkku,2025-01-01,Kjønn samlet,0-44 år,Hoftebrudd (S72.0-72.2),"per 1000, standardisert",,1,3,6
Finnmark Finnmárku Finmarkku,2025-01-01,Kjønn samlet,0-44 år,Forgiftninger (T36-T65),"per 1000, standardisert",1.0,1,3,6
Finnmark Finnmárku Finmarkku,2025-01-01,Kjønn samlet,0-24 år,Hjerte og karsykdom (I00-I99),"per 1000, standardisert",0.9,1,4,6
Finnmark Finnmárku Finmarkku,2025-01-01,Kjønn samlet,0-24 år,KOLS (J44),"per 1000, standardisert",,1,4,6
Finnmark Finnmárku Finmarkku,2025-01-01,Kjønn samlet,0-24 år,Sykdom i muskel-skjelettsystemet og bindevev (M00-M99),"per 1000, standardisert",5.2,1,4,6
Finnmark Finnmárku Finmarkku,2025-01-01,Kjønn samlet,0-24 år,Personskader (S00-T78),"per 1000, standardisert",12.9,1,4,6
Finnmark Finnmárku Finmarkku,2025-01-01,Kjønn samlet,0-24 år,Hodeskader (S00-S09),"per 1000, standardisert",3.3,1,4,6
Finnmark Finnmárku Finmarkku,2025-01-01,Kjønn samlet,0-24 år,Hoftebrudd (S72.0-72.2),"per 1000, standardisert",,1,4,6
Finnmark Finnmárku Finmarkku,2025-01-01,Kjønn samlet,0-24 år,Forgiftninger (T36-T65),"per 1000, standardisert",1.4,1,4,6
Finnmark Finnmárku Finmarkku,2025-01-01,Kjønn samlet,0-14 år,Hjerte og karsykdom (I00-I99),"per 1000, standardisert",,1,5,6
Finnmark Finnmárku Finmarkku,2025-01-01,Kjønn samlet,0-14 år,KOLS (J44),"per 1000, standardisert",,1,5,6
Finnmark Finnmárku Finmarkku,2025-01-01,Kjønn samlet,0-14 år,Sykdom i muskel-skjelettsystemet og bindevev (M00-M99),"per 1000, standardisert",2.3,1,5,6
Finnmark Finnmárku Finmarkku,2025-01-01,Kjønn samlet,0-14 år,Personskader (S00-T78),"per 1000, standardisert",11.4,1,5,6
Finnmark Finnmárku Finmarkku,2025-01-01,Kjønn samlet,0-14 år,Hodeskader (S00-S09),"per 1000, standardisert",3.0,1,5,6
Finnmark Finnmárku Finmarkku,2025-01-01,Kjønn samlet,0-14 år,Hoftebrudd (S72.0-72.2),"per 1000, standardisert",,1,5,6
Finnmark Finnmárku Finmarkku,2025-01-01,Kjønn samlet,0-14 år,Forgiftninger (T36-T65),"per 1000, standardisert",,1,5,6
Finnmark Finnmárku Finmarkku,2025-01-01,Kjønn samlet,15-24 år,Hjerte og karsykdom (I00-I99),"per 1000, standardisert",0.9,1,6,6
Finnmark Finnmárku Finmarkku,2025-01-01,Kjønn samlet,15-24 år,KOLS (J44),"per 1000, standardisert",,1,6,6
Finnmark Finnmárku Finmarkku,2025-01-01,Kjønn samlet,15-24 år,Sykdom i muskel-skjelettsystemet og bindevev (M00-M99),"per 1000, standardisert",8.9,1,6,6
Finnmark Finnmárku Finmarkku,2025-01-01,Kjønn samlet,15-24 år,Personskader (S00-T78),"per 1000, standardisert",14.9,1,6,6
Finnmark Finnmárku Finmarkku,2025-01-01,Kjønn samlet,15-24 år,Hodeskader (S00-S09),"per 1000, standardisert",3.7,1,6,6
Finnmark Finnmárku Finmarkku,2025-01-01,Kjønn samlet,15-24 år,Hoftebrudd (S72.0-72.2),"per 1000, standardisert",,1,6,6
Finnmark Finnmárku Finmarkku,2025-01-01,Kjønn samlet,15-24 år,Forgiftninger (T36-T65),"per 1000, standardisert",2.4,1,6,6
Finnmark Finnmárku Finmarkku,2025-01-01,Kjønn samlet,25-44 år,Hjerte og karsykdom (I00-I99),"per 1000, standardisert",2.9,1,7,6
Finnmark Finnmárku Finmarkku,2025-01-01,Kjønn samlet,25-44 år,KOLS (J44),"per 1000, standardisert",,1,7,6
Finnmark Finnmárku Finmarkku,2025-01-01,Kjønn samlet,25-44 år,Sykdom i muskel-skjelettsystemet og bindevev (M00-M99),"per 1000, standardisert",12.8,1,7,6
Finnmark Finnmárku Finmarkku,2025-01-01,Kjønn samlet,25-44 år,Personskader (S00-T78),"per 1000, standardisert",7.8,1,7,6
Finnmark Finnmárku Finmarkku,2025-01-01,Kjønn samlet,25-44 år,Hodeskader (S00-S09),"per 1000, standardisert",1.0,1,7,6
Finnmark Finnmárku Finmarkku,2025-01-01,Kjønn samlet,25-44 år,Hoftebrudd (S72.0-72.2),"per 1000, standardisert",,1,7,6
Finnmark Finnmárku Finmarkku,2025-01-01,Kjønn samlet,25-44 år,Forgiftninger (T36-T65),"per 1000, standardisert",0.5,1,7,6
Finnmark Finnmárku Finmarkku,2025-01-01,Kjønn samlet,45-74 år,Hjerte og karsykdom (I00-I99),"per 1000, standardisert",23.5,1,8,6
Finnmark Finnmárku Finmarkku,2025-01-01,Kjønn samlet,45-74 år,KOLS (J44),"per 1000, standardisert",,1,8,6
Finnmark Finnmárku Finmarkku,2025-01-01,Kjønn samlet,45-74 år,Sykdom i muskel-skjelettsystemet og bindevev (M00-M99),"per 1000, standardisert",29.2,1,8,6
Finnmark Finnmárku Finmarkku,2025-01-01,Kjønn samlet,45-74 år,Personskader (S00-T78),"per 1000, standardisert",13.9,1,8,6
Finnmark Finnmárku Finmarkku,2025-01-01,Kjønn samlet,45-74 år,Hodeskader (S00-S09),"per 1000, standardisert",2.4,1,8,6
Finnmark Finnmárku Finmarkku,2025-01-01,Kjønn samlet,45-74 år,Hoftebrudd (S72.0-72.2),"per 1000, standardisert",,1,8,6
Finnmark Finnmárku Finmarkku,2025-01-01,Kjønn samlet,45-74 år,Forgiftninger (T36-T65),"per 1000, standardisert",0.6,1,8,6
Finnmark Finnmárku Finmarkku,2025-01-01,Kjønn samlet,45-64 år,Hjerte og karsykdom (I00-I99),"per 1000, standardisert",16.7,1,9,6
Finnmark Finnmárku Finmarkku,2025-01-01,Kjønn samlet,45-64 år,KOLS (J44),"per 1000, standardisert",1.2,1,9,6
Finnmark Finnmárku Finmarkku,2025-01-01,Kjønn samlet,45-64 år,Sykdom i muskel-skjelettsystemet og bindevev (M00-M99),"per 1000, standardisert",27.2,1,9,6
Finnmark Finnmárku Finmarkku,2025-01-01,Kjønn samlet,45-64 år,Personskader (S00-T78),"per 1000, standardisert",12.3,1,9,6
Finnmark Finnmárku Finmarkku,2025-01-01,Kjønn samlet,45-64 år,Hodeskader (S00-S09),"per 1000, standardisert",1.9,1,9,6
Finnmark Finnmárku Finmarkku,2025-01-01,Kjønn samlet,45-64 år,Hoftebrudd (S72.0-72.2),"per 1000, standardisert",0.5,1,9,6
Finnmark Finnmárku Finmarkku,2025-01-01,Kjønn samlet,45-64 år,Forgiftninger (T36-T65),"per 1000, standardisert",,1,9,6
Finnmark Finnmárku Finmarkku,2025-01-01,Kjønn samlet,65-74 år,Hjerte og karsykdom (I00-I99),"per 1000, standardisert",40.9,1,10,6
Finnmark Finnmárku Finmarkku,2025-01-01,Kjønn samlet,65-74 år,KOLS (J44),"per 1000, standardisert",,1,10,6
Finnmark Finnmárku Finmarkku,2025-01-01,Kjønn samlet,65-74 år,Sykdom i muskel-skjelettsystemet og bindevev (M00-M99),"per 1000, standardisert",34.2,1,10,6
Finnmark Finnmárku Finmarkku,2025-01-01,Kjønn samlet,65-74 år,Personskader (S00-T78),"per 1000, standardisert",18.0,1,10,6
Finnmark Finnmárku Finmarkku,2025-01-01,Kjønn samlet,65-74 år,Hodeskader (S00-S09),"per 1000, standardisert",3.7,1,10,6
Finnmark Finnmárku Finmarkku,2025-01-01,Kjønn samlet,65-74 år,Hoftebrudd (S72.0-72.2),"per 1000, standardisert",,1,10,6
Finnmark Finnmárku Finmarkku,2025-01-01,Kjønn samlet,65-74 år,Forgiftninger (T36-T65),"per 1000, standardisert",,1,10,6
Finnmark Finnmárku Finmarkku,2025-01-01,Kjønn samlet,75 år+,Hjerte og karsykdom (I00-I99),"per 1000, standardisert",76.3,1,11,6
Finnmark Finnmárku Finmarkku,2025-01-01,Kjønn samlet,75 år+,KOLS (J44),"per 1000, standardisert",6.9,1,11,6
Finnmark Finnmárku Finmarkku,2025-01-01,Kjønn samlet,75 år+,Sykdom i muskel-skjelettsystemet og bindevev (M00-M99),"per 1000, standardisert",34.3,1,11,6
Finnmark Finnmárku Finmarkku,2025-01-01,Kjønn samlet,75 år+,Personskader (S00-T78),"per 1000, standardisert",46.8,1,11,6
Finnmark Finnmárku Finmarkku,2025-01-01,Kjønn samlet,75 år+,Hodeskader (S00-S09),"per 1000, standardisert",9.8,1,11,6
Finnmark Finnmárku Finmarkku,2025-01-01,Kjønn samlet,75 år+,Hoftebrudd (S72.0-72.2),"per 1000, standardisert",16.0,1,11,6
Finnmark Finnmárku Finmarkku,2025-01-01,Kjønn samlet,75 år+,Forgiftninger (T36-T65),"per 1000, standardisert",,1,11,6
Finnmark Finnmárku Finmarkku,2025-01-01,Kjønn samlet,75-79 år,Hjerte og karsykdom (I00-I99),"per 1000, standardisert",64.7,1,12,6
Finnmark Finnmárku Finmarkku,2025-01-01,Kjønn samlet,75-79 år,KOLS (J44),"per 1000, standardisert",7.0,1,12,6
Finnmark Finnmárku Finmarkku,2025-01-01,Kjønn samlet,75-79 år,Sykdom i muskel-skjelettsystemet og bindevev (M00-M99),"per 1000, standardisert",32.8,1,12,6
Finnmark Finnmárku Finmarkku,2025-01-01,Kjønn samlet,75-79 år,Personskader (S00-T78),"per 1000, standardisert",33.7,1,12,6
Finnmark Finnmárku Finmarkku,2025-01-01,Kjønn samlet,75-79 år,Hodeskader (S00-S09),"per 1000, standardisert",5.0,1,12,6
Finnmark Finnmárku Finmarkku,2025-01-01,Kjønn samlet,75-79 år,Hoftebrudd (S72.0-72.2),"per 1000, standardisert",10.9,1,12,6
Finnmark Finnmárku Finmarkku,2025-01-01,Kjønn samlet,75-79 år,Forgiftninger (T36-T65),"per 1000, standardisert",,1,12,6
Finnmark Finnmárku Finmarkku,2025-01-01,Kjønn samlet,80 år+,Hjerte og karsykdom (I00-I99),"per 1000, standardisert",85.1,1,13,6
Finnmark Finnmárku Finmarkku,2025-01-01,Kjønn samlet,80 år+,KOLS (J44),"per 1000, standardisert",6.8,1,13,6
Finnmark Finnmárku Finmarkku,2025-01-01,Kjønn samlet,80 år+,Sykdom i muskel-skjelettsystemet og bindevev (M00-M99),"per 1000, standardisert",36.1,1,13,6
Finnmark Finnmárku Finmarkku,2025-01-01,Kjønn samlet,80 år+,Personskader (S00-T78),"per 1000, standardisert",56.7,1,13,6
Finnmark Finnmárku Finmarkku,2025-01-01,Kjønn samlet,80 år+,Hodeskader (S00-S09),"per 1000, standardisert",13.6,1,13,6
Finnmark Finnmárku Finmarkku,2025-01-01,Kjønn samlet,80 år+,Hoftebrudd (S72.0-72.2),"per 1000, standardisert",19.8,1,13,6
Finnmark Finnmárku Finmarkku,2025-01-01,Kjønn samlet,80 år+,Forgiftninger (T36-T65),"per 1000, standardisert",,1,13,6
Finnmark Finnmárku Finmarkku,2025-01-01,Menn,Alle aldre,Hjerte og karsykdom (I00-I99),"per 1000, standardisert",20.1,2,1,6
Finnmark Finnmárku Finmarkku,2025-01-01,Menn,Alle aldre,KOLS (J44),"per 1000, standardisert",1.5,2,1,6
Finnmark Finnmárku Finmarkku,2025-01-01,Menn,Alle aldre,Sykdom i muskel-skjelettsystemet og bindevev (M00-M99),"per 1000, standardisert",16.4,2,1,6
Finnmark Finnmárku Finmarkku,2025-01-01,Menn,Alle aldre,Personskader (S00-T78),"per 1000, standardisert",15.7,2,1,6
Finnmark Finnmárku Finmarkku,2025-01-01,Menn,Alle aldre,Hodeskader (S00-S09),"per 1000, standardisert",3.6,2,1,6
Finnmark Finnmárku Finmarkku,2025-01-01,Menn,Alle aldre,Hoftebrudd (S72.0-72.2),"per 1000, standardisert",1.3,2,1,6
Finnmark Finnmárku Finmarkku,2025-01-01,Menn,Alle aldre,Forgiftninger (T36-T65),"per 1000, standardisert",,2,1,6
Finnmark Finnmárku Finmarkku,2025-01-01,Menn,0-74 år,Hjerte og karsykdom (I00-I99),"per 1000, standardisert",12.9,2,2,6
Finnmark Finnmárku Finmarkku,2025-01-01,Menn,0-74 år,KOLS (J44),"per 1000, standardisert",0.9,2,2,6
Finnmark Finnmárku Finmarkku,2025-01-01,Menn,0-74 år,Sykdom i muskel-skjelettsystemet og bindevev (M00-M99),"per 1000, standardisert",14.8,2,2,6
Finnmark Finnmárku Finmarkku,2025-01-01,Menn,0-74 år,Personskader (S00-T78),"per 1000, standardisert",13.8,2,2,6
Finnmark Finnmárku Finmarkku,2025-01-01,Menn,0-74 år,Hodeskader (S00-S09),"per 1000, standardisert",3.0,2,2,6
Finnmark Finnmárku Finmarkku,2025-01-01,Menn,0-74 år,Hoftebrudd (S72.0-72.2),"per 1000, standardisert",0.5,2,2,6
Finnmark Finnmárku Finmarkku,2025-01-01,Menn,0-74 år,Forgiftninger (T36-T65),"per 1000, standardisert",0.4,2,2,6
Finnmark Finnmárku Finmarkku,2025-01-01,Menn,0-44 år,Hjerte og karsykdom (I00-I99),"per 1000, standardisert",1.6,2,3,6
Finnmark Finnmárku Finmarkku,2025-01-01,Menn,0-44 år,KOLS (J44),"per 1000, standardisert",,2,3,6
Finnmark Finnmárku Finmarkku,2025-01-01,Menn,0-44 år,Sykdom i muskel-skjelettsystemet og bindevev (M00-M99),"per 1000, standardisert",7.3,2,3,6
Finnmark Finnmárku Finmarkku,2025-01-01,Menn,0-44 år,Personskader (S00-T78),"per 1000, standardisert",12.8,2,3,6
Finnmark Finnmárku Finmarkku,2025-01-01,Menn,0-44 år,Hodeskader (S00-S09),"per 1000, standardisert",3.0,2,3,6
Finnmark Finnmárku Finmarkku,2025-01-01,Menn,0-44 år,Hoftebrudd (S72.0-72.2),"per 1000, standardisert",,2,3,6
Finnmark Finnmárku Finmarkku,2025-01-01,Menn,0-44 år,Forgiftninger (T36-T65),"per 1000, standardisert",0.3,2,3,6
Finnmark Finnmárku Finmarkku,2025-01-01,Menn,0-24 år,Hjerte og karsykdom (I00-I99),"per 1000, standardisert",0.9,2,4,6
Finnmark Finnmárku Finmarkku,2025-01-01,Menn,0-24 år,KOLS (J44),"per 1000, standardisert",,2,4,6
Finnmark Finnmárku Finmarkku,2025-01-01,Menn,0-24 år,Sykdom i muskel-skjelettsystemet og bindevev (M00-M99),"per 1000, standardisert",3.7,2,4,6
Finnmark Finnmárku Finmarkku,2025-01-01,Menn,0-24 år,Personskader (S00-T78),"per 1000, standardisert",15.8,2,4,6
Finnmark Finnmárku Finmarkku,2025-01-01,Menn,0-24 år,Hodeskader (S00-S09),"per 1000, standardisert",4.4,2,4,6
Finnmark Finnmárku Finmarkku,2025-01-01,Menn,0-24 år,Hoftebrudd (S72.0-72.2),"per 1000, standardisert",,2,4,6
Finnmark Finnmárku Finmarkku,2025-01-01,Menn,0-24 år,Forgiftninger (T36-T65),"per 1000, standardisert",,2,4,6
Finnmark Finnmárku Finmarkku,2025-01-01,Menn,0-14 år,Hjerte og karsykdom (I00-I99),"per 1000, standardisert",,2,5,6
Finnmark Finnmárku Finmarkku,2025-01-01,Menn,0-14 år,KOLS (J44),"per 1000, standardisert",,2,5,6
Finnmark Finnmárku Finmarkku,2025-01-01,Menn,0-14 år,Sykdom i muskel-skjelettsystemet og bindevev (M00-M99),"per 1000, standardisert",1.7,2,5,6
Finnmark Finnmárku Finmarkku,2025-01-01,Menn,0-14 år,Personskader (S00-T78),"per 1000, standardisert",15.3,2,5,6
Finnmark Finnmárku Finmarkku,2025-01-01,Menn,0-14 år,Hodeskader (S00-S09),"per 1000, standardisert",4.2,2,5,6
Finnmark Finnmárku Finmarkku,2025-01-01,Menn,0-14 år,Hoftebrudd (S72.0-72.2),"per 1000, standardisert",,2,5,6
Finnmark Finnmárku Finmarkku,2025-01-01,Menn,0-14 år,Forgiftninger (T36-T65),"per 1000, standardisert",,2,5,6
Finnmark Finnmárku Finmarkku,2025-01-01,Menn,15-24 år,Hjerte og karsykdom (I00-I99),"per 1000, standardisert",,2,6,6
Finnmark Finnmárku Finmarkku,2025-01-01,Menn,15-24 år,KOLS (J44),"per 1000, standardisert",,2,6,6
Finnmark Finnmárku Finmarkku,2025-01-01,Menn,15-24 år,Sykdom i muskel-skjelettsystemet og bindevev (M00-M99),"per 1000, standardisert",6.4,2,6,6
Finnmark Finnmárku Finmarkku,2025-01-01,Menn,15-24 år,Personskader (S00-T78),"per 1000, standardisert",16.5,2,6,6
Finnmark Finnmárku Finmarkku,2025-01-01,Menn,15-24 år,Hodeskader (S00-S09),"per 1000, standardisert",4.7,2,6,6
Finnmark Finnmárku Finmarkku,2025-01-01,Menn,15-24 år,Hoftebrudd (S72.0-72.2),"per 1000, standardisert",,2,6,6
Finnmark Finnmárku Finmarkku,2025-01-01,Menn,15-24 år,Forgiftninger (T36-T65),"per 1000, standardisert",,2,6,6
Finnmark Finnmárku Finmarkku,2025-01-01,Menn,25-44 år,Hjerte og karsykdom (I00-I99),"per 1000, standardisert",2.4,2,7,6
Finnmark Finnmárku Finmarkku,2025-01-01,Menn,25-44 år,KOLS (J44),"per 1000, standardisert",,2,7,6
Finnmark Finnmárku Finmarkku,2025-01-01,Menn,25-44 år,Sykdom i muskel-skjelettsystemet og bindevev (M00-M99),"per 1000, standardisert",10.9,2,7,6
Finnmark Finnmárku Finmarkku,2025-01-01,Menn,25-44 år,Personskader (S00-T78),"per 1000, standardisert",9.9,2,7,6
Finnmark Finnmárku Finmarkku,2025-01-01,Menn,25-44 år,Hodeskader (S00-S09),"per 1000, standardisert",1.5,2,7,6
Finnmark Finnmárku Finmarkku,2025-01-01,Menn,25-44 år,Hoftebrudd (S72.0-72.2),"per 1000, standardisert",,2,7,6
Finnmark Finnmárku Finmarkku,2025-01-01,Menn,25-44 år,Forgiftninger (T36-T65),"per 1000, standardisert",,2,7,6
Finnmark Finnmárku Finmarkku,2025-01-01,Menn,45-74 år,Hjerte og karsykdom (I00-I99),"per 1000, standardisert",30.4,2,8,6
Finnmark Finnmárku Finmarkku,2025-01-01,Menn,45-74 år,KOLS (J44),"per 1000, standardisert",,2,8,6
Finnmark Finnmárku Finmarkku,2025-01-01,Menn,45-74 år,Sykdom i muskel-skjelettsystemet og bindevev (M00-M99),"per 1000, standardisert",26.4,2,8,6
Finnmark Finnmárku Finmarkku,2025-01-01,Menn,45-74 år,Personskader (S00-T78),"per 1000, standardisert",15.3,2,8,6
Finnmark Finnmárku Finmarkku,2025-01-01,Menn,45-74 år,Hodeskader (S00-S09),"per 1000, standardisert",3.0,2,8,6
Finnmark Finnmárku Finmarkku,2025-01-01,Menn,45-74 år,Hoftebrudd (S72.0-72.2),"per 1000, standardisert",,2,8,6
Finnmark Finnmárku Finmarkku,2025-01-01,Menn,45-74 år,Forgiftninger (T36-T65),"per 1000, standardisert",0.5,2,8,6
Finnmark Finnmárku Finmarkku,2025-01-01,Menn,45-64 år,Hjerte og karsykdom (I00-I99),"per 1000, standardisert",21.7,2,9,6
Finnmark Finnmárku Finmarkku,2025-01-01,Menn,45-64 år,KOLS (J44),"per 1000, standardisert",0.9,2,9,6
Finnmark Finnmárku Finmarkku,2025-01-01,Menn,45-64 år,Sykdom i muskel-skjelettsystemet og bindevev (M00-M99),"per 1000, standardisert",23.4,2,9,6
Finnmark Finnmárku Finmarkku,2025-01-01,Menn,45-64 år,Personskader (S00-T78),"per 1000, standardisert",13.7,2,9,6
Finnmark Finnmárku Finmarkku,2025-01-01,Menn,45-64 år,Hodeskader (S00-S09),"per 1000, standardisert",2.4,2,9,6
Finnmark Finnmárku Finmarkku,2025-01-01,Menn,45-64 år,Hoftebrudd (S72.0-72.2),"per 1000, standardisert",,2,9,6
Finnmark Finnmárku Finmarkku,2025-01-01,Menn,45-64 år,Forgiftninger (T36-T65),"per 1000, standardisert",,2,9,6
Finnmark Finnmárku Finmarkku,2025-01-01,Menn,65-74 år,Hjerte og karsykdom (I00-I99),"per 1000, standardisert",53.1,2,10,6
Finnmark Finnmárku Finmarkku,2025-01-01,Menn,65-74 år,KOLS (J44),"per 1000, standardisert",,2,10,6
Finnmark Finnmárku Finmarkku,2025-01-01,Menn,65-74 år,Sykdom i muskel-skjelettsystemet og bindevev (M00-M99),"per 1000, standardisert",34.4,2,10,6
Finnmark Finnmárku Finmarkku,2025-01-01,Menn,65-74 år,Personskader (S00-T78),"per 1000, standardisert",19.5,2,10,6
Finnmark Finnmárku Finmarkku,2025-01-01,Menn,65-74 år,Hodeskader (S00-S09),"per 1000, standardisert",4.6,2,10,6
Finnmark Finnmárku Finmarkku,2025-01-01,Menn,65-74 år,Hoftebrudd (S72.0-72.2),"per 1000, standardisert",2.4,2,10,6
Finnmark Finnmárku Finmarkku,2025-01-01,Menn,65-74 år,Forgiftninger (T36-T65),"per 1000, standardisert",,2,10,6
Finnmark Finnmárku Finmarkku,2025-01-01,Menn,75 år+,Hjerte og karsykdom (I00-I99),"per 1000, standardisert",97.3,2,11,6
Finnmark Finnmárku Finmarkku,2025-01-01,Menn,75 år+,KOLS (J44),"per 1000, standardisert",7.4,2,11,6
Finnmark Finnmárku Finmarkku,2025-01-01,Menn,75 år+,Sykdom i muskel-skjelettsystemet og bindevev (M00-M99),"per 1000, standardisert",33.3,2,11,6
Finnmark Finnmárku Finmarkku,2025-01-01,Menn,75 år+,Personskader (S00-T78),"per 1000, standardisert",35.8,2,11,6
Finnmark Finnmárku Finmarkku,2025-01-01,Menn,75 år+,Hodeskader (S00-S09),"per 1000, standardisert",9.9,2,11,6
Finnmark Finnmárku Finmarkku,2025-01-01,Menn,75 år+,Hoftebrudd (S72.0-72.2),"per 1000, standardisert",9.6,2,11,6
Finnmark Finnmárku Finmarkku,2025-01-01,Menn,75 år+,Forgiftninger (T36-T65),"per 1000, standardisert",,2,11,6
Finnmark Finnmárku Finmarkku,2025-01-01,Menn,75-79 år,Hjerte og karsykdom (I00-I99),"per 1000, standardisert",87.8,2,12,6
Finnmark Finnmárku Finmarkku,2025-01-01,Menn,75-79 år,KOLS (J44),"per 1000, standardisert",7.8,2,12,6
Finnmark Finnmárku Finmarkku,2025-01-01,Menn,75-79 år,Sykdom i muskel-skjelettsystemet og bindevev (M00-M99),"per 1000, standardisert",29.5,2,12,6
Finnmark Finnmárku Finmarkku,2025-01-01,Menn,75-79 år,Personskader (S00-T78),"per 1000, standardisert",23.5,2,12,6
Finnmark Finnmárku Finmarkku,2025-01-01,Menn,75-79 år,Hodeskader (S00-S09),"per 1000, standardisert",,2,12,6
Finnmark Finnmárku Finmarkku,2025-01-01,Menn,75-79 år,Hoftebrudd (S72.0-72.2),"per 1000, standardisert",5.0,2,12,6
Finnmark Finnmárku Finmarkku,2025-01-01,Menn,75-79 år,Forgiftninger (T36-T65),"per 1000, standardisert",,2,12,6
Finnmark Finnmárku Finmarkku,2025-01-01,Menn,80 år+,Hjerte og karsykdom (I00-I99),"per 1000, standardisert",105.3,2,13,6
Finnmark Finnmárku Finmarkku,2025-01-01,Menn,80 år+,KOLS (J44),"per 1000, standardisert",6.9,2,13,6
Finnmark Finnmárku Finmarkku,2025-01-01,Menn,80 år+,Sykdom i muskel-skjelettsystemet og bindevev (M00-M99),"per 1000, standardisert",37.5,2,13,6
Finnmark Finnmárku Finmarkku,2025-01-01,Menn,80 år+,Personskader (S00-T78),"per 1000, standardisert",47.1,2,13,6
Finnmark Finnmárku Finmarkku,2025-01-01,Menn,80 år+,Hodeskader (S00-S09),"per 1000, standardisert",13.8,2,13,6
Finnmark Finnmárku Finmarkku,2025-01-01,Menn,80 år+,Hoftebrudd (S72.0-72.2),"per 1000, standardisert",13.8,2,13,6
Finnmark Finnmárku Finmarkku,2025-01-01,Menn,80 år+,Forgiftninger (T36-T65),"per 1000, standardisert",,2,13,6
Finnmark Finnmárku Finmarkku,2025-01-01,Kvinner,Alle aldre,Hjerte og karsykdom (I00-I99),"per 1000, standardisert",13.3,3,1,6
Finnmark Finnmárku Finmarkku,2025-01-01,Kvinner,Alle aldre,KOLS (J44),"per 1000, standardisert",1.3,3,1,6
Finnmark Finnmárku Finmarkku,2025-01-01,Kvinner,Alle aldre,Sykdom i muskel-skjelettsystemet og bindevev (M00-M99),"per 1000, standardisert",20.8,3,1,6
Finnmark Finnmárku Finmarkku,2025-01-01,Kvinner,Alle aldre,Personskader (S00-T78),"per 1000, standardisert",14.6,3,1,6
Finnmark Finnmárku Finmarkku,2025-01-01,Kvinner,Alle aldre,Hodeskader (S00-S09),"per 1000, standardisert",2.4,3,1,6
Finnmark Finnmárku Finmarkku,2025-01-01,Kvinner,Alle aldre,Hoftebrudd (S72.0-72.2),"per 1000, standardisert",2.6,3,1,6
Finnmark Finnmárku Finmarkku,2025-01-01,Kvinner,Alle aldre,Forgiftninger (T36-T65),"per 1000, standardisert",,3,1,6
Finnmark Finnmárku Finmarkku,2025-01-01,Kvinner,0-74 år,Hjerte og karsykdom (I00-I99),"per 1000, standardisert",7.9,3,2,6
Finnmark Finnmárku Finmarkku,2025-01-01,Kvinner,0-74 år,KOLS (J44),"per 1000, standardisert",0.7,3,2,6
Finnmark Finnmárku Finmarkku,2025-01-01,Kvinner,0-74 år,Sykdom i muskel-skjelettsystemet og bindevev (M00-M99),"per 1000, standardisert",19.1,3,2,6
Finnmark Finnmárku Finmarkku,2025-01-01,Kvinner,0-74 år,Personskader (S00-T78),"per 1000, standardisert",9.7,3,2,6
Finnmark Finnmárku Finmarkku,2025-01-01,Kvinner,0-74 år,Hodeskader (S00-S09),"per 1000, standardisert",1.6,3,2,6
Finnmark Finnmárku Finmarkku,2025-01-01,Kvinner,0-74 år,Hoftebrudd (S72.0-72.2),"per 1000, standardisert",0.3,3,2,6
Finnmark Finnmárku Finmarkku,2025-01-01,Kvinner,0-74 år,Forgiftninger (T36-T65),"per 1000, standardisert",1.3,3,2,6
Finnmark Finnmárku Finmarkku,2025-01-01,Kvinner,0-44 år,Hjerte og karsykdom (I00-I99),"per 1000, standardisert",2.2,3,3,6
Finnmark Finnmárku Finmarkku,2025-01-01,Kvinner,0-44 år,KOLS (J44),"per 1000, standardisert",,3,3,6
Finnmark Finnmárku Finmarkku,2025-01-01,Kvinner,0-44 år,Sykdom i muskel-skjelettsystemet og bindevev (M00-M99),"per 1000, standardisert",10.9,3,3,6
Finnmark Finnmárku Finmarkku,2025-01-01,Kvinner,0-44 år,Personskader (S00-T78),"per 1000, standardisert",7.8,3,3,6
Finnmark Finnmárku Finmarkku,2025-01-01,Kvinner,0-44 år,Hodeskader (S00-S09),"per 1000, standardisert",1.4,3,3,6
Finnmark Finnmárku Finmarkku,2025-01-01,Kvinner,0-44 år,Hoftebrudd (S72.0-72.2),"per 1000, standardisert",,3,3,6
Finnmark Finnmárku Finmarkku,2025-01-01,Kvinner,0-44 år,Forgiftninger (T36-T65),"per 1000, standardisert",1.7,3,3,6
Finnmark Finnmárku Finmarkku,2025-01-01,Kvinner,0-24 år,Hjerte og karsykdom (I00-I99),"per 1000, standardisert",0.9,3,4,6
Finnmark Finnmárku Finmarkku,2025-01-01,Kvinner,0-24 år,KOLS (J44),"per 1000, standardisert",,3,4,6
Finnmark Finnmárku Finmarkku,2025-01-01,Kvinner,0-24 år,Sykdom i muskel-skjelettsystemet og bindevev (M00-M99),"per 1000, standardisert",6.8,3,4,6
Finnmark Finnmárku Finmarkku,2025-01-01,Kvinner,0-24 år,Personskader (S00-T78),"per 1000, standardisert",10.0,3,4,6
Finnmark Finnmárku Finmarkku,2025-01-01,Kvinner,0-24 år,Hodeskader (S00-S09),"per 1000, standardisert",2.2,3,4,6
Finnmark Finnmárku Finmarkku,2025-01-01,Kvinner,0-24 år,Hoftebrudd (S72.0-72.2),"per 1000, standardisert",,3,4,6
Finnmark Finnmárku Finmarkku,2025-01-01,Kvinner,0-24 år,Forgiftninger (T36-T65),"per 1000, standardisert",,3,4,6
Finnmark Finnmárku Finmarkku,2025-01-01,Kvinner,0-14 år,Hjerte og karsykdom (I00-I99),"per 1000, standardisert",,3,5,6
Finnmark Finnmárku Finmarkku,2025-01-01,Kvinner,0-14 år,KOLS (J44),"per 1000, standardisert",,3,5,6
Finnmark Finnmárku Finmarkku,2025-01-01,Kvinner,0-14 år,Sykdom i muskel-skjelettsystemet og bindevev (M00-M99),"per 1000, standardisert",3.0,3,5,6
Finnmark Finnmárku Finmarkku,2025-01-01,Kvinner,0-14 år,Personskader (S00-T78),"per 1000, standardisert",7.4,3,5,6
Finnmark Finnmárku Finmarkku,2025-01-01,Kvinner,0-14 år,Hodeskader (S00-S09),"per 1000, standardisert",1.9,3,5,6
Finnmark Finnmárku Finmarkku,2025-01-01,Kvinner,0-14 år,Hoftebrudd (S72.0-72.2),"per 1000, standardisert",,3,5,6
Finnmark Finnmárku Finmarkku,2025-01-01,Kvinner,0-14 år,Forgiftninger (T36-T65),"per 1000, standardisert",,3,5,6
Finnmark Finnmárku Finmarkku,2025-01-01,Kvinner,15-24 år,Hjerte og karsykdom (I00-I99),"per 1000, standardisert",,3,6,6
Finnmark Finnmárku Finmarkku,2025-01-01,Kvinner,15-24 år,KOLS (J44),"per 1000, standardisert",,3,6,6
Finnmark Finnmárku Finmarkku,2025-01-01,Kvinner,15-24 år,Sykdom i muskel-skjelettsystemet og bindevev (M00-M99),"per 1000, standardisert",11.8,3,6,6
Finnmark Finnmárku Finmarkku,2025-01-01,Kvinner,15-24 år,Personskader (S00-T78),"per 1000, standardisert",13.2,3,6,6
Finnmark Finnmárku Finmarkku,2025-01-01,Kvinner,15-24 år,Hodeskader (S00-S09),"per 1000, standardisert",2.6,3,6,6
Finnmark Finnmárku Finmarkku,2025-01-01,Kvinner,15-24 år,Hoftebrudd (S72.0-72.2),"per 1000, standardisert",,3,6,6
Finnmark Finnmárku Finmarkku,2025-01-01,Kvinner,15-24 år,Forgiftninger (T36-T65),"per 1000, standardisert",,3,6,6
Finnmark Finnmárku Finmarkku,2025-01-01,Kvinner,25-44 år,Hjerte og karsykdom (I00-I99),"per 1000, standardisert",3.4,3,7,6
Finnmark Finnmárku Finmarkku,2025-01-01,Kvinner,25-44 år,KOLS (J44),"per 1000, standardisert",,3,7,6
Finnmark Finnmárku Finmarkku,2025-01-01,Kvinner,25-44 år,Sykdom i muskel-skjelettsystemet og bindevev (M00-M99),"per 1000, standardisert",14.9,3,7,6
Finnmark Finnmárku Finmarkku,2025-01-01,Kvinner,25-44 år,Personskader (S00-T78),"per 1000, standardisert",5.7,3,7,6
Finnmark Finnmárku Finmarkku,2025-01-01,Kvinner,25-44 år,Hodeskader (S00-S09),"per 1000, standardisert",0.5,3,7,6
Finnmark Finnmárku Finmarkku,2025-01-01,Kvinner,25-44 år,Hoftebrudd (S72.0-72.2),"per 1000, standardisert",,3,7,6
Finnmark Finnmárku Finmarkku,2025-01-01,Kvinner,25-44 år,Forgiftninger (T36-T65),"per 1000, standardisert",,3,7,6
Finnmark Finnmárku Finmarkku,2025-01-01,Kvinner,45-74 år,Hjerte og karsykdom (I00-I99),"per 1000, standardisert",16.5,3,8,6
Finnmark Finnmárku Finmarkku,2025-01-01,Kvinner,45-74 år,KOLS (J44),"per 1000, standardisert",,3,8,6
Finnmark Finnmárku Finmarkku,2025-01-01,Kvinner,45-74 år,Sykdom i muskel-skjelettsystemet og bindevev (M00-M99),"per 1000, standardisert",31.9,3,8,6
Finnmark Finnmárku Finmarkku,2025-01-01,Kvinner,45-74 år,Personskader (S00-T78),"per 1000, standardisert",12.4,3,8,6
Finnmark Finnmárku Finmarkku,2025-01-01,Kvinner,45-74 år,Hodeskader (S00-S09),"per 1000, standardisert",1.8,3,8,6
Finnmark Finnmárku Finmarkku,2025-01-01,Kvinner,45-74 år,Hoftebrudd (S72.0-72.2),"per 1000, standardisert",,3,8,6
Finnmark Finnmárku Finmarkku,2025-01-01,Kvinner,45-74 år,Forgiftninger (T36-T65),"per 1000, standardisert",0.7,3,8,6
Finnmark Finnmárku Finmarkku,2025-01-01,Kvinner,45-64 år,Hjerte og karsykdom (I00-I99),"per 1000, standardisert",11.5,3,9,6
Finnmark Finnmárku Finmarkku,2025-01-01,Kvinner,45-64 år,KOLS (J44),"per 1000, standardisert",1.4,3,9,6
Finnmark Finnmárku Finmarkku,2025-01-01,Kvinner,45-64 år,Sykdom i muskel-skjelettsystemet og bindevev (M00-M99),"per 1000, standardisert",31.1,3,9,6
Finnmark Finnmárku Finmarkku,2025-01-01,Kvinner,45-64 år,Personskader (S00-T78),"per 1000, standardisert",10.8,3,9,6
Finnmark Finnmárku Finmarkku,2025-01-01,Kvinner,45-64 år,Hodeskader (S00-S09),"per 1000, standardisert",1.4,3,9,6
Finnmark Finnmárku Finmarkku,2025-01-01,Kvinner,45-64 år,Hoftebrudd (S72.0-72.2),"per 1000, standardisert",,3,9,6
Finnmark Finnmárku Finmarkku,2025-01-01,Kvinner,45-64 år,Forgiftninger (T36-T65),"per 1000, standardisert",,3,9,6
Finnmark Finnmárku Finmarkku,2025-01-01,Kvinner,65-74 år,Hjerte og karsykdom (I00-I99),"per 1000, standardisert",29.0,3,10,6
Finnmark Finnmárku Finmarkku,2025-01-01,Kvinner,65-74 år,KOLS (J44),"per 1000, standardisert",,3,10,6
Finnmark Finnmárku Finmarkku,2025-01-01,Kvinner,65-74 år,Sykdom i muskel-skjelettsystemet og bindevev (M00-M99),"per 1000, standardisert",33.8,3,10,6
Finnmark Finnmárku Finmarkku,2025-01-01,Kvinner,65-74 år,Personskader (S00-T78),"per 1000, standardisert",16.4,3,10,6
Finnmark Finnmárku Finmarkku,2025-01-01,Kvinner,65-74 år,Hodeskader (S00-S09),"per 1000, standardisert",,3,10,6
Finnmark Finnmárku Finmarkku,2025-01-01,Kvinner,65-74 år,Hoftebrudd (S72.0-72.2),"per 1000, standardisert",,3,10,6
Finnmark Finnmárku Finmarkku,2025-01-01,Kvinner,65-74 år,Forgiftninger (T36-T65),"per 1000, standardisert",,3,10,6
Finnmark Finnmárku Finmarkku,2025-01-01,Kvinner,75 år+,Hjerte og karsykdom (I00-I99),"per 1000, standardisert",58.7,3,11,6
Finnmark Finnmárku Finmarkku,2025-01-01,Kvinner,75 år+,KOLS (J44),"per 1000, standardisert",6.4,3,11,6
Finnmark Finnmárku Finmarkku,2025-01-01,Kvinner,75 år+,Sykdom i muskel-skjelettsystemet og bindevev (M00-M99),"per 1000, standardisert",34.9,3,11,6
Finnmark Finnmárku Finmarkku,2025-01-01,Kvinner,75 år+,Personskader (S00-T78),"per 1000, standardisert",55.9,3,11,6
Finnmark Finnmárku Finmarkku,2025-01-01,Kvinner,75 år+,Hodeskader (S00-S09),"per 1000, standardisert",9.7,3,11,6
Finnmark Finnmárku Finmarkku,2025-01-01,Kvinner,75 år+,Hoftebrudd (S72.0-72.2),"per 1000, standardisert",21.4,3,11,6
Finnmark Finnmárku Finmarkku,2025-01-01,Kvinner,75 år+,Forgiftninger (T36-T65),"per 1000, standardisert",,3,11,6
Finnmark Finnmárku Finmarkku,2025-01-01,Kvinner,75-79 år,Hjerte og karsykdom (I00-I99),"per 1000, standardisert",42.9,3,12,6
Finnmark Finnmárku Finmarkku,2025-01-01,Kvinner,75-79 år,KOLS (J44),"per 1000, standardisert",6.1,3,12,6
Finnmark Finnmárku Finmarkku,2025-01-01,Kvinner,75-79 år,Sykdom i muskel-skjelettsystemet og bindevev (M00-M99),"per 1000, standardisert",35.7,3,12,6
Finnmark Finnmárku Finmarkku,2025-01-01,Kvinner,75-79 år,Personskader (S00-T78),"per 1000, standardisert",43.5,3,12,6
Finnmark Finnmárku Finmarkku,2025-01-01,Kvinner,75-79 år,Hodeskader (S00-S09),"per 1000, standardisert",,3,12,6
Finnmark Finnmárku Finmarkku,2025-01-01,Kvinner,75-79 år,Hoftebrudd (S72.0-72.2),"per 1000, standardisert",16.6,3,12,6
Finnmark Finnmárku Finmarkku,2025-01-01,Kvinner,75-79 år,Forgiftninger (T36-T65),"per 1000, standardisert",,3,12,6
Finnmark Finnmárku Finmarkku,2025-01-01,Kvinner,80 år+,Hjerte og karsykdom (I00-I99),"per 1000, standardisert",70.0,3,13,6
Finnmark Finnmárku Finmarkku,2025-01-01,Kvinner,80 år+,KOLS (J44),"per 1000, standardisert",6.7,3,13,6
Finnmark Finnmárku Finmarkku,2025-01-01,Kvinner,80 år+,Sykdom i muskel-skjelettsystemet og bindevev (M00-M99),"per 1000, standardisert",34.7,3,13,6
Finnmark Finnmárku Finmarkku,2025-01-01,Kvinner,80 år+,Personskader (S00-T78),"per 1000, standardisert",63.9,3,13,6
Finnmark Finnmárku Finmarkku,2025-01-01,Kvinner,80 år+,Hodeskader (S00-S09),"per 1000, standardisert",13.5,3,13,6
Finnmark Finnmárku Finmarkku,2025-01-01,Kvinner,80 år+,Hoftebrudd (S72.0-72.2),"per 1000, standardisert",24.4,3,13,6
Finnmark Finnmárku Finmarkku,2025-01-01,Kvinner,80 år+,Forgiftninger (T36-T65),"per 1000, standardisert",,3,13,6
