OriginID,DestinationID,condition,status,distanceMeters,duration_s,staticDuration_s
96,1,ROUTE_EXISTS,,16643,1354,1326
2,1,ROUTE_EXISTS,,23364,1630,1601
31,1,ROUTE_EXISTS,,5153,464,467
71,1,ROUTE_EXISTS,,12741,1051,1024
4,1,ROUTE_EXISTS,,18128,1309,1311
43,1,ROUTE_EXISTS,,10761,919,892
47,1,ROUTE_EXISTS,,9800,813,788
9,1,ROUTE_EXISTS,,10510,909,914
13,1,ROUTE_EXISTS,,14383,1209,1200
40,1,ROUTE_EXISTS,,2418,367,367
88,1,ROUTE_EXISTS,,16248,1257,1239
90,1,ROUTE_EXISTS,,16487,1295,1272
29,1,ROUTE_EXISTS,,6508,612,612
73,1,ROUTE_EXISTS,,13765,1155,1127
50,1,ROUTE_EXISTS,,11528,976,969
69,1,ROUTE_EXISTS,,13867,1138,1108
32,1,ROUTE_EXISTS,,5801,535,537
52,1,ROUTE_EXISTS,,11009,997,989
7,1,ROUTE_EXISTS,,13781,986,968
17,1,ROUTE_EXISTS,,7238,751,751
46,1,ROUTE_EXISTS,,9796,800,774
91,1,ROUTE_EXISTS,,15998,1192,1170
76,1,ROUTE_EXISTS,,15399,1119,1104
33,1,ROUTE_EXISTS,,4940,449,450
100,1,ROUTE_EXISTS,,13957,1114,1085
24,1,ROUTE_EXISTS,,6176,549,550
15,1,ROUTE_EXISTS,,4145,1834,1834
93,1,ROUTE_EXISTS,,17400,1469,1448
97,1,ROUTE_EXISTS,,15087,1225,1198
98,1,ROUTE_EXISTS,,15520,1330,1276
3,1,ROUTE_EXISTS,,24231,1723,1681
80,1,ROUTE_EXISTS,,14919,1126,1109
92,1,ROUTE_EXISTS,,16123,1217,1195
85,1,ROUTE_EXISTS,,17432,1317,1296
30,1,ROUTE_EXISTS,,5034,467,470
99,1,ROUTE_EXISTS,,14224,1142,1112
55,1,ROUTE_EXISTS,,10686,938,931
64,1,ROUTE_EXISTS,,13556,1127,1101
89,1,ROUTE_EXISTS,,16314,1256,1233
83,1,ROUTE_EXISTS,,17389,1351,1328
45,1,ROUTE_EXISTS,,10038,811,785
60,1,ROUTE_EXISTS,,9422,806,811
70,1,ROUTE_EXISTS,,12419,982,955
41,1,ROUTE_EXISTS,,3281,362,368
27,1,ROUTE_EXISTS,,6049,540,542
86,1,ROUTE_EXISTS,,16912,1250,1229
54,1,ROUTE_EXISTS,,10771,946,939
67,1,ROUTE_EXISTS,,12225,986,951
94,1,ROUTE_EXISTS,,15683,1287,1259
63,1,ROUTE_EXISTS,,12760,1031,1005
79,1,ROUTE_EXISTS,,15773,1182,1168
44,1,ROUTE_EXISTS,,10468,918,891
11,1,ROUTE_EXISTS,,8860,754,760
10,1,ROUTE_EXISTS,,9427,813,818
59,1,ROUTE_EXISTS,,10368,893,895
26,1,ROUTE_EXISTS,,6914,646,646
78,1,ROUTE_EXISTS,,16256,1179,1157
61,1,ROUTE_EXISTS,,9279,793,797
84,1,ROUTE_EXISTS,,16768,1234,1214
39,1,ROUTE_EXISTS,,2027,283,283
35,1,ROUTE_EXISTS,,4907,489,491
14,1,ROUTE_EXISTS,,20045,1752,1745
23,1,ROUTE_EXISTS,,6710,608,608
58,1,ROUTE_EXISTS,,10529,913,916
57,1,ROUTE_EXISTS,,10188,879,882
75,1,ROUTE_EXISTS,,13620,1200,1178
5,1,ROUTE_EXISTS,,20639,1342,1329
77,1,ROUTE_EXISTS,,13845,1122,1110
6,1,ROUTE_EXISTS,,11456,1002,1007
37,1,ROUTE_EXISTS,,2199,332,332
48,1,ROUTE_EXISTS,,9590,788,763
22,1,ROUTE_EXISTS,,7504,675,675
82,1,ROUTE_EXISTS,,14624,1069,1054
42,1,ROUTE_EXISTS,,2862,274,278
21,1,ROUTE_EXISTS,,7939,699,704
36,1,ROUTE_EXISTS,,4145,400,399
49,1,ROUTE_EXISTS,,9845,795,770
34,1,ROUTE_EXISTS,,4538,386,384
66,1,ROUTE_EXISTS,,13303,1138,1111
38,1,ROUTE_EXISTS,,2356,342,342
53,1,ROUTE_EXISTS,,10813,987,982
87,1,ROUTE_EXISTS,,17702,1352,1332
81,1,ROUTE_EXISTS,,14606,1077,1062
16,1,ROUTE_EXISTS,,8047,656,655
56,1,ROUTE_EXISTS,,9810,839,842
25,1,ROUTE_EXISTS,,6334,591,592
51,1,ROUTE_EXISTS,,11585,974,939
18,1,ROUTE_EXISTS,,8939,722,699
8,1,ROUTE_EXISTS,,11033,975,977
72,1,ROUTE_EXISTS,,13319,1088,1062
95,1,ROUTE_EXISTS,,16271,1340,1315
1,1,ROUTE_EXISTS,,14967,1021,1005
65,1,ROUTE_EXISTS,,13736,1141,1111
74,1,ROUTE_EXISTS,,13797,1143,1132
20,1,ROUTE_EXISTS,,7307,606,611
28,1,ROUTE_EXISTS,,5525,524,526
62,1,ROUTE_EXISTS,,9482,815,819
19,1,ROUTE_EXISTS,,7911,689,693
68,1,ROUTE_EXISTS,,13212,1030,1001
12,1,ROUTE_EXISTS,,11388,933,934
192,1,ROUTE_EXISTS,,18205,1045,1023
191,1,ROUTE_EXISTS,,20468,1179,1157
102,1,ROUTE_EXISTS,,14191,1140,1111
176,1,ROUTE_EXISTS,,16517,1349,1323
187,1,ROUTE_EXISTS,,16624,1342,1314
138,1,ROUTE_EXISTS,,21654,1820,1802
190,1,ROUTE_EXISTS,,16595,1384,1355
170,1,ROUTE_EXISTS,,17735,1482,1461
122,1,ROUTE_EXISTS,,24833,1930,1916
183,1,ROUTE_EXISTS,,16412,1312,1285
158,1,ROUTE_EXISTS,,19918,1592,1573
161,1,ROUTE_EXISTS,,18637,1512,1492
135,1,ROUTE_EXISTS,,21767,1571,1556
157,1,ROUTE_EXISTS,,20795,1737,1718
154,1,ROUTE_EXISTS,,28244,1651,1619
199,1,ROUTE_EXISTS,,29614,1868,1836
197,1,ROUTE_EXISTS,,36706,2302,2302
126,1,ROUTE_EXISTS,,24598,1919,1912
194,1,ROUTE_EXISTS,,26486,1593,1567
145,1,ROUTE_EXISTS,,29840,1851,1814
148,1,ROUTE_EXISTS,,20359,1630,1611
116,1,ROUTE_EXISTS,,23853,1790,1783
133,1,ROUTE_EXISTS,,23403,1713,1695
115,1,ROUTE_EXISTS,,23705,1764,1750
141,1,ROUTE_EXISTS,,20884,1685,1663
181,1,ROUTE_EXISTS,,16612,1372,1346
173,1,ROUTE_EXISTS,,16276,1312,1285
101,1,ROUTE_EXISTS,,14679,1266,1238
155,1,ROUTE_EXISTS,,28155,1779,1745
182,1,ROUTE_EXISTS,,16925,1368,1341
186,1,ROUTE_EXISTS,,16221,1284,1255
118,1,ROUTE_EXISTS,,25659,2067,2028
164,1,ROUTE_EXISTS,,20584,1604,1584
129,1,ROUTE_EXISTS,,24459,1830,1812
149,1,ROUTE_EXISTS,,19740,1625,1607
168,1,ROUTE_EXISTS,,17303,1421,1398
152,1,ROUTE_EXISTS,,20957,1698,1675
166,1,ROUTE_EXISTS,,19237,1518,1496
139,1,ROUTE_EXISTS,,21519,1720,1699
175,1,ROUTE_EXISTS,,16619,1392,1363
156,1,ROUTE_EXISTS,,21013,1640,1620
171,1,ROUTE_EXISTS,,16723,1478,1449
196,1,ROUTE_EXISTS,,30198,1912,1879
198,1,ROUTE_EXISTS,,35141,2241,2206
137,1,ROUTE_EXISTS,,21037,1722,1701
165,1,ROUTE_EXISTS,,19889,1511,1490
180,1,ROUTE_EXISTS,,15773,1275,1244
163,1,ROUTE_EXISTS,,20313,1658,1635
179,1,ROUTE_EXISTS,,16255,1309,1282
150,1,ROUTE_EXISTS,,20427,1666,1639
174,1,ROUTE_EXISTS,,16208,1294,1264
162,1,ROUTE_EXISTS,,18967,1544,1517
142,1,ROUTE_EXISTS,,20311,1587,1569
159,1,ROUTE_EXISTS,,18977,1549,1524
167,1,ROUTE_EXISTS,,18090,1467,1446
188,1,ROUTE_EXISTS,,15481,1222,1194
136,1,ROUTE_EXISTS,,21905,1841,1825
146,1,ROUTE_EXISTS,,21279,1778,1762
128,1,ROUTE_EXISTS,,25301,1883,1872
108,1,ROUTE_EXISTS,,24709,1938,1936
169,1,ROUTE_EXISTS,,17405,1421,1399
132,1,ROUTE_EXISTS,,23622,1786,1771
117,1,ROUTE_EXISTS,,25803,2094,2053
125,1,ROUTE_EXISTS,,31566,2077,2037
143,1,ROUTE_EXISTS,,20354,1693,1673
124,1,ROUTE_EXISTS,,30909,1924,1886
121,1,ROUTE_EXISTS,,25235,2022,1997
112,1,ROUTE_EXISTS,,25213,1999,1997
104,1,ROUTE_EXISTS,,24200,1828,1820
109,1,ROUTE_EXISTS,,24633,1905,1903
119,1,ROUTE_EXISTS,,26127,2173,2132
110,1,ROUTE_EXISTS,,24695,1939,1936
105,1,ROUTE_EXISTS,,24300,1870,1861
114,1,ROUTE_EXISTS,,25420,1997,1994
113,1,ROUTE_EXISTS,,25388,1907,1896
144,1,ROUTE_EXISTS,,29037,1738,1709
120,1,ROUTE_EXISTS,,31292,2005,1966
177,1,ROUTE_EXISTS,,15738,1271,1244
189,1,ROUTE_EXISTS,,21652,1240,1215
193,1,ROUTE_EXISTS,,24686,1385,1356
200,1,ROUTE_EXISTS,,29981,1848,1815
172,1,ROUTE_EXISTS,,16443,1383,1355
185,1,ROUTE_EXISTS,,16712,1316,1287
147,1,ROUTE_EXISTS,,21059,1743,1723
195,1,ROUTE_EXISTS,,28208,1602,1574
184,1,ROUTE_EXISTS,,17007,1355,1327
160,1,ROUTE_EXISTS,,19790,1664,1643
131,1,ROUTE_EXISTS,,24242,1795,1785
130,1,ROUTE_EXISTS,,23263,1709,1695
106,1,ROUTE_EXISTS,,24418,1897,1896
107,1,ROUTE_EXISTS,,24347,1864,1854
151,1,ROUTE_EXISTS,,19992,1609,1583
134,1,ROUTE_EXISTS,,23079,1714,1700
153,1,ROUTE_EXISTS,,21252,1675,1652
103,1,ROUTE_EXISTS,,14985,1218,1190
178,1,ROUTE_EXISTS,,15564,1255,1225
127,1,ROUTE_EXISTS,,25339,1861,1851
111,1,ROUTE_EXISTS,,24963,1964,1961
123,1,ROUTE_EXISTS,,31012,1918,1880
140,1,ROUTE_EXISTS,,21042,1709,1687
281,1,ROUTE_EXISTS,,111483,6594,6514
271,1,ROUTE_EXISTS,,18985,1488,1470
255,1,ROUTE_EXISTS,,25328,1885,1875
244,1,ROUTE_EXISTS,,42241,2645,2604
272,1,ROUTE_EXISTS,,18752,1406,1386
235,1,ROUTE_EXISTS,,33046,2088,2048
222,1,ROUTE_EXISTS,,32984,2082,2041
262,1,ROUTE_EXISTS,,20370,1492,1472
269,1,ROUTE_EXISTS,,18270,1335,1315
259,1,ROUTE_EXISTS,,23088,1635,1617
240,1,ROUTE_EXISTS,,28017,2146,2128
207,1,ROUTE_EXISTS,,33264,2026,1982
202,1,ROUTE_EXISTS,,31071,1936,1901
273,1,ROUTE_EXISTS,,19473,1508,1490
242,1,ROUTE_EXISTS,,28109,2286,2241
285,1,ROUTE_EXISTS,,97185,5806,5806
224,1,ROUTE_EXISTS,,31715,2005,1960
283,1,ROUTE_EXISTS,,106113,6207,6170
276,1,ROUTE_EXISTS,,122329,7021,6950
298,1,ROUTE_EXISTS,,93414,5416,5386
296,1,ROUTE_EXISTS,,94073,5502,5473
284,1,ROUTE_EXISTS,,101492,6207,6207
299,1,ROUTE_EXISTS,,94385,5549,5519
227,1,ROUTE_EXISTS,,32877,2042,2001
251,1,ROUTE_EXISTS,,27165,2063,2048
265,1,ROUTE_EXISTS,,26629,1992,1981
209,1,ROUTE_EXISTS,,34620,2153,2100
266,1,ROUTE_EXISTS,,29156,2154,2142
257,1,ROUTE_EXISTS,,24097,1762,1749
270,1,ROUTE_EXISTS,,19248,1438,1419
260,1,ROUTE_EXISTS,,23185,1704,1686
253,1,ROUTE_EXISTS,,30644,2255,2238
274,1,ROUTE_EXISTS,,20169,1497,1479
268,1,ROUTE_EXISTS,,24756,1835,1824
243,1,ROUTE_EXISTS,,34696,2213,2167
264,1,ROUTE_EXISTS,,21403,1518,1501
252,1,ROUTE_EXISTS,,32491,2418,2390
203,1,ROUTE_EXISTS,,31011,1946,1912
228,1,ROUTE_EXISTS,,33443,2115,2071
236,1,ROUTE_EXISTS,,32584,2132,2088
234,1,ROUTE_EXISTS,,33903,2158,2112
249,1,ROUTE_EXISTS,,26983,2095,2080
256,1,ROUTE_EXISTS,,24979,1871,1860
250,1,ROUTE_EXISTS,,28654,2131,2109
258,1,ROUTE_EXISTS,,23391,1688,1670
226,1,ROUTE_EXISTS,,33290,2123,2081
237,1,ROUTE_EXISTS,,32010,1997,1957
248,1,ROUTE_EXISTS,,51955,4149,4045
219,1,ROUTE_EXISTS,,30725,1911,1872
229,1,ROUTE_EXISTS,,33777,2117,2070
246,1,ROUTE_EXISTS,,54946,3424,3412
213,1,ROUTE_EXISTS,,32414,2039,1997
230,1,ROUTE_EXISTS,,34186,2179,2131
220,1,ROUTE_EXISTS,,31376,2009,1969
217,1,ROUTE_EXISTS,,25412,1957,1947
215,1,ROUTE_EXISTS,,32432,2042,2000
206,1,ROUTE_EXISTS,,32179,2084,2049
294,1,ROUTE_EXISTS,,91895,5495,5495
293,1,ROUTE_EXISTS,,92830,5538,5538
210,1,ROUTE_EXISTS,,35237,2210,2158
211,1,ROUTE_EXISTS,,36469,2348,2301
218,1,ROUTE_EXISTS,,31207,1933,1894
212,1,ROUTE_EXISTS,,36404,2271,2223
204,1,ROUTE_EXISTS,,29675,1764,1732
300,1,ROUTE_EXISTS,,94443,5506,5476
291,1,ROUTE_EXISTS,,96373,5607,5575
297,1,ROUTE_EXISTS,,93307,5414,5384
282,1,ROUTE_EXISTS,,111778,6523,6472
295,1,ROUTE_EXISTS,,87708,5290,5241
279,1,ROUTE_EXISTS,,115803,6605,6558
290,1,ROUTE_EXISTS,,97391,5696,5665
216,1,ROUTE_EXISTS,,32520,2067,2026
289,1,ROUTE_EXISTS,,99138,5814,5776
280,1,ROUTE_EXISTS,,106305,6269,6209
277,1,ROUTE_EXISTS,,120111,7025,6955
205,1,ROUTE_EXISTS,,32840,2026,1982
245,1,ROUTE_EXISTS,,32736,2441,2413
232,1,ROUTE_EXISTS,,33231,2172,2126
239,1,ROUTE_EXISTS,,25649,2020,2015
267,1,ROUTE_EXISTS,,23892,1761,1747
225,1,ROUTE_EXISTS,,32687,2146,2103
238,1,ROUTE_EXISTS,,25933,2117,2077
275,1,ROUTE_EXISTS,,134419,7496,7426
214,1,ROUTE_EXISTS,,33186,2105,2064
233,1,ROUTE_EXISTS,,32952,2118,2071
286,1,ROUTE_EXISTS,,101635,5936,5896
208,1,ROUTE_EXISTS,,33981,2171,2125
231,1,ROUTE_EXISTS,,34190,2173,2124
288,1,ROUTE_EXISTS,,99924,5912,5873
241,1,ROUTE_EXISTS,,30255,2257,2235
254,1,ROUTE_EXISTS,,34757,2635,2605
263,1,ROUTE_EXISTS,,20774,1611,1594
223,1,ROUTE_EXISTS,,31889,2017,1973
221,1,ROUTE_EXISTS,,32851,2126,2085
292,1,ROUTE_EXISTS,,95794,5640,5606
287,1,ROUTE_EXISTS,,100730,5962,5924
201,1,ROUTE_EXISTS,,30359,1860,1828
261,1,ROUTE_EXISTS,,21487,1670,1653
247,1,ROUTE_EXISTS,,37271,2838,2806
278,1,ROUTE_EXISTS,,118530,6837,6771
371,1,ROUTE_EXISTS,,28903,1707,1699
329,1,ROUTE_EXISTS,,34805,2480,2464
392,1,ROUTE_EXISTS,,87454,4926,4822
325,1,ROUTE_EXISTS,,81442,4646,4613
320,1,ROUTE_EXISTS,,94244,5518,5479
359,1,ROUTE_EXISTS,,12527,903,903
346,1,ROUTE_EXISTS,,2227,217,219
391,1,ROUTE_EXISTS,,78042,4219,4162
358,1,ROUTE_EXISTS,,16478,1203,1208
324,1,ROUTE_EXISTS,,83687,4762,4730
337,1,ROUTE_EXISTS,,9874,950,950
333,1,ROUTE_EXISTS,,37154,2704,2679
330,1,ROUTE_EXISTS,,38950,2828,2804
399,1,ROUTE_EXISTS,,74053,4236,4236
378,1,ROUTE_EXISTS,,38548,1995,1993
362,1,ROUTE_EXISTS,,60389,3236,3237
322,1,ROUTE_EXISTS,,95794,5612,5571
307,1,ROUTE_EXISTS,,92114,5364,5322
314,1,ROUTE_EXISTS,,90764,5293,5252
310,1,ROUTE_EXISTS,,92592,5387,5346
303,1,ROUTE_EXISTS,,93570,5488,5445
341,1,ROUTE_EXISTS,,753,160,160
356,1,ROUTE_EXISTS,,12615,860,854
370,1,ROUTE_EXISTS,,31829,1714,1713
361,1,ROUTE_EXISTS,,32951,1564,1570
364,1,ROUTE_EXISTS,,53006,2809,2798
369,1,ROUTE_EXISTS,,28120,1288,1289
360,1,ROUTE_EXISTS,,42129,2128,2116
381,1,ROUTE_EXISTS,,37803,1863,1864
363,1,ROUTE_EXISTS,,57313,3035,3044
349,1,ROUTE_EXISTS,,5927,419,414
352,1,ROUTE_EXISTS,,4834,363,361
340,1,ROUTE_EXISTS,,5813,501,496
373,1,ROUTE_EXISTS,,24182,1823,1791
338,1,ROUTE_EXISTS,,3841,397,397
339,1,ROUTE_EXISTS,,2266,308,308
367,1,ROUTE_EXISTS,,30616,1895,1885
350,1,ROUTE_EXISTS,,6805,510,506
376,1,ROUTE_EXISTS,,44248,4039,4013
368,1,ROUTE_EXISTS,,35292,1838,1833
380,1,ROUTE_EXISTS,,37946,1931,1925
366,1,ROUTE_EXISTS,,32692,1688,1688
372,1,ROUTE_EXISTS,,30439,1854,1846
354,1,ROUTE_EXISTS,,18515,935,929
382,1,ROUTE_EXISTS,,39817,2123,2125
375,1,ROUTE_EXISTS,,53031,6581,6581
335,1,ROUTE_EXISTS,,14847,963,947
384,1,ROUTE_EXISTS,,39813,2069,2075
345,1,ROUTE_EXISTS,,3848,343,343
396,1,ROUTE_EXISTS,,69832,3810,3772
389,1,ROUTE_EXISTS,,70781,3721,3667
348,1,ROUTE_EXISTS,,6690,564,558
357,1,ROUTE_EXISTS,,19744,1424,1435
377,1,ROUTE_EXISTS,,42301,2485,2474
387,1,ROUTE_EXISTS,,38193,1934,1930
379,1,ROUTE_EXISTS,,36713,1841,1838
385,1,ROUTE_EXISTS,,39220,2156,2152
342,1,ROUTE_EXISTS,,688,165,165
395,1,ROUTE_EXISTS,,76372,4216,4216
400,1,ROUTE_EXISTS,,59852,3155,3119
321,1,ROUTE_EXISTS,,94668,5503,5464
394,1,ROUTE_EXISTS,,89248,4923,4819
393,1,ROUTE_EXISTS,,89971,4913,4808
309,1,ROUTE_EXISTS,,91863,5342,5302
331,1,ROUTE_EXISTS,,38622,2839,2805
390,1,ROUTE_EXISTS,,80188,4277,4222
328,1,ROUTE_EXISTS,,35378,2543,2521
305,1,ROUTE_EXISTS,,92583,5405,5363
334,1,ROUTE_EXISTS,,43910,3209,3209
313,1,ROUTE_EXISTS,,91501,5319,5279
319,1,ROUTE_EXISTS,,86845,4939,4909
316,1,ROUTE_EXISTS,,90295,5192,5159
306,1,ROUTE_EXISTS,,92420,5362,5317
302,1,ROUTE_EXISTS,,97081,5715,5678
304,1,ROUTE_EXISTS,,92832,5430,5385
323,1,ROUTE_EXISTS,,112461,7381,7305
351,1,ROUTE_EXISTS,,4840,410,416
311,1,ROUTE_EXISTS,,92783,5443,5402
347,1,ROUTE_EXISTS,,6877,600,596
344,1,ROUTE_EXISTS,,1747,207,207
336,1,ROUTE_EXISTS,,7531,599,599
332,1,ROUTE_EXISTS,,39086,2848,2818
374,1,ROUTE_EXISTS,,48505,4720,4684
326,1,ROUTE_EXISTS,,48442,3561,3561
327,1,ROUTE_EXISTS,,42178,3020,3020
301,1,ROUTE_EXISTS,,99196,5915,5873
398,1,ROUTE_EXISTS,,63888,3448,3404
317,1,ROUTE_EXISTS,,89595,5138,5103
353,1,ROUTE_EXISTS,,24776,1493,1493
318,1,ROUTE_EXISTS,,90294,5204,5170
315,1,ROUTE_EXISTS,,90688,5257,5217
388,1,ROUTE_EXISTS,,39454,2147,2143
343,1,ROUTE_EXISTS,,784,150,150
308,1,ROUTE_EXISTS,,91881,5337,5296
365,1,ROUTE_EXISTS,,33249,1583,1567
355,1,ROUTE_EXISTS,,19066,1402,1387
386,1,ROUTE_EXISTS,,38677,2050,2046
383,1,ROUTE_EXISTS,,40285,2223,2195
397,1,ROUTE_EXISTS,,72807,3928,3928
312,1,ROUTE_EXISTS,,92321,5353,5318
402,1,ROUTE_EXISTS,,63563,3443,3393
436,1,ROUTE_EXISTS,,73394,4328,4306
411,1,ROUTE_EXISTS,,66650,4028,3999
449,1,ROUTE_EXISTS,,71954,4248,4222
445,1,ROUTE_EXISTS,,70378,4169,4136
409,1,ROUTE_EXISTS,,42420,2193,2191
418,1,ROUTE_EXISTS,,60930,3628,3609
407,1,ROUTE_EXISTS,,44936,2272,2267
430,1,ROUTE_EXISTS,,77746,4488,4459
432,1,ROUTE_EXISTS,,79541,4612,4581
457,1,ROUTE_EXISTS,,67891,3944,3921
450,1,ROUTE_EXISTS,,78352,4538,4510
500,1,ROUTE_EXISTS,,155572,8638,8497
478,1,ROUTE_EXISTS,,126653,7317,7239
498,1,ROUTE_EXISTS,,166338,9375,9186
442,1,ROUTE_EXISTS,,68527,4016,3991
435,1,ROUTE_EXISTS,,75482,4792,4762
480,1,ROUTE_EXISTS,,112247,6276,6269
475,1,ROUTE_EXISTS,,127535,7715,7624
403,1,ROUTE_EXISTS,,54311,2785,2764
410,1,ROUTE_EXISTS,,43426,2166,2178
408,1,ROUTE_EXISTS,,43553,2457,2453
404,1,ROUTE_EXISTS,,51595,2639,2630
455,1,ROUTE_EXISTS,,67838,3971,3947
426,1,ROUTE_EXISTS,,47842,2900,2873
401,1,ROUTE_EXISTS,,58680,3048,3016
405,1,ROUTE_EXISTS,,44440,2428,2394
423,1,ROUTE_EXISTS,,51668,3065,3041
425,1,ROUTE_EXISTS,,48890,2967,2937
472,1,ROUTE_EXISTS,,107705,6043,6005
452,1,ROUTE_EXISTS,,68829,4120,4116
453,1,ROUTE_EXISTS,,65651,3962,3961
412,1,ROUTE_EXISTS,,67362,4026,4026
420,1,ROUTE_EXISTS,,58445,3460,3437
499,1,ROUTE_EXISTS,,162876,9104,8931
459,1,ROUTE_EXISTS,,57596,3285,3260
451,1,ROUTE_EXISTS,,73036,4388,4385
419,1,ROUTE_EXISTS,,59689,3591,3572
447,1,ROUTE_EXISTS,,70731,4114,4096
433,1,ROUTE_EXISTS,,75052,4388,4361
462,1,ROUTE_EXISTS,,65544,3783,3764
438,1,ROUTE_EXISTS,,67947,3954,3931
463,1,ROUTE_EXISTS,,63586,3675,3657
413,1,ROUTE_EXISTS,,64655,3769,3770
458,1,ROUTE_EXISTS,,62755,3682,3662
421,1,ROUTE_EXISTS,,60089,3588,3588
440,1,ROUTE_EXISTS,,69033,4002,3979
416,1,ROUTE_EXISTS,,58801,3557,3544
465,1,ROUTE_EXISTS,,99947,5739,5712
456,1,ROUTE_EXISTS,,70128,4137,4113
460,1,ROUTE_EXISTS,,62383,3641,3622
471,1,ROUTE_EXISTS,,99066,5691,5656
461,1,ROUTE_EXISTS,,63908,3716,3700
444,1,ROUTE_EXISTS,,70508,4165,4132
492,1,ROUTE_EXISTS,,166350,9748,9593
476,1,ROUTE_EXISTS,,117738,6696,6644
487,1,ROUTE_EXISTS,,132478,7587,7523
479,1,ROUTE_EXISTS,,115622,6434,6426
431,1,ROUTE_EXISTS,,72463,4192,4171
496,1,ROUTE_EXISTS,,163977,9145,8966
485,1,ROUTE_EXISTS,,135257,8073,7960
417,1,ROUTE_EXISTS,,60028,3577,3568
422,1,ROUTE_EXISTS,,48795,2928,2901
454,1,ROUTE_EXISTS,,68965,4092,4068
481,1,ROUTE_EXISTS,,121322,6783,6764
464,1,ROUTE_EXISTS,,98837,5618,5579
493,1,ROUTE_EXISTS,,179359,10130,9903
474,1,ROUTE_EXISTS,,116862,6653,6608
486,1,ROUTE_EXISTS,,140599,8288,8175
441,1,ROUTE_EXISTS,,70029,4109,4090
477,1,ROUTE_EXISTS,,123104,7059,6996
497,1,ROUTE_EXISTS,,170423,9551,9355
494,1,ROUTE_EXISTS,,187316,10519,10271
491,1,ROUTE_EXISTS,,169622,9533,9317
495,1,ROUTE_EXISTS,,199244,11738,11470
489,1,ROUTE_EXISTS,,140292,8079,7974
482,1,ROUTE_EXISTS,,113483,6622,6583
406,1,ROUTE_EXISTS,,39639,2553,2529
428,1,ROUTE_EXISTS,,42390,2570,2546
414,1,ROUTE_EXISTS,,61772,3710,3703
446,1,ROUTE_EXISTS,,65699,3848,3829
468,1,ROUTE_EXISTS,,90878,5324,5286
439,1,ROUTE_EXISTS,,69469,4079,4069
424,1,ROUTE_EXISTS,,49377,3042,3016
469,1,ROUTE_EXISTS,,94217,5611,5611
415,1,ROUTE_EXISTS,,56780,3627,3609
466,1,ROUTE_EXISTS,,94689,5297,5259
484,1,ROUTE_EXISTS,,129192,7488,7434
470,1,ROUTE_EXISTS,,102602,5803,5772
483,1,ROUTE_EXISTS,,110217,6326,6289
437,1,ROUTE_EXISTS,,80712,4754,4727
490,1,ROUTE_EXISTS,,151001,8729,8599
488,1,ROUTE_EXISTS,,141120,8456,8343
473,1,ROUTE_EXISTS,,114713,6609,6566
467,1,ROUTE_EXISTS,,82665,4757,4725
443,1,ROUTE_EXISTS,,69979,4087,4056
429,1,ROUTE_EXISTS,,39367,2376,2350
448,1,ROUTE_EXISTS,,71508,4227,4211
427,1,ROUTE_EXISTS,,44887,2740,2715
434,1,ROUTE_EXISTS,,72761,4299,4272
599,1,ROUTE_EXISTS,,32992,2159,2112
560,1,ROUTE_EXISTS,,150304,8645,8450
570,1,ROUTE_EXISTS,,155648,8639,8447
520,1,ROUTE_EXISTS,,109524,6188,6034
595,1,ROUTE_EXISTS,,16017,1287,1259
590,1,ROUTE_EXISTS,,14011,1209,1182
582,1,ROUTE_EXISTS,,146447,8161,8020
518,1,ROUTE_EXISTS,,180700,10173,9963
531,1,ROUTE_EXISTS,,115756,6514,6449
537,1,ROUTE_EXISTS,,114746,6344,6192
567,1,ROUTE_EXISTS,,149055,8731,8512
546,1,ROUTE_EXISTS,,159148,8884,8884
502,1,ROUTE_EXISTS,,152481,8486,8354
538,1,ROUTE_EXISTS,,117366,6314,6114
527,1,ROUTE_EXISTS,,115153,6346,6306
562,1,ROUTE_EXISTS,,127578,6981,6921
550,1,ROUTE_EXISTS,,146015,8390,8227
522,1,ROUTE_EXISTS,,129298,7689,7394
561,1,ROUTE_EXISTS,,131077,7153,7067
545,1,ROUTE_EXISTS,,157193,9043,8883
512,1,ROUTE_EXISTS,,167363,9519,9329
530,1,ROUTE_EXISTS,,109074,6129,6093
557,1,ROUTE_EXISTS,,163368,9168,8940
506,1,ROUTE_EXISTS,,163292,9121,8954
505,1,ROUTE_EXISTS,,162108,9025,8861
579,1,ROUTE_EXISTS,,185117,10166,9906
526,1,ROUTE_EXISTS,,122803,7130,6994
544,1,ROUTE_EXISTS,,76959,4002,3985
589,1,ROUTE_EXISTS,,13564,1246,1217
593,1,ROUTE_EXISTS,,20059,1612,1592
591,1,ROUTE_EXISTS,,23792,1763,1750
596,1,ROUTE_EXISTS,,16895,1341,1313
598,1,ROUTE_EXISTS,,32885,2141,2098
592,1,ROUTE_EXISTS,,24724,1950,1947
542,1,ROUTE_EXISTS,,101163,5391,5319
541,1,ROUTE_EXISTS,,94347,5066,4899
536,1,ROUTE_EXISTS,,108850,6352,6182
533,1,ROUTE_EXISTS,,105350,5888,5856
569,1,ROUTE_EXISTS,,139484,8021,7801
548,1,ROUTE_EXISTS,,138910,7959,7800
566,1,ROUTE_EXISTS,,134504,7828,7621
552,1,ROUTE_EXISTS,,152506,8804,8598
525,1,ROUTE_EXISTS,,114849,6635,6561
529,1,ROUTE_EXISTS,,111723,6326,6289
568,1,ROUTE_EXISTS,,145507,8451,8221
523,1,ROUTE_EXISTS,,120534,6786,6606
555,1,ROUTE_EXISTS,,167948,9489,9249
539,1,ROUTE_EXISTS,,118803,6761,6569
574,1,ROUTE_EXISTS,,150251,8343,8151
532,1,ROUTE_EXISTS,,115617,6467,6404
572,1,ROUTE_EXISTS,,146662,8066,7892
521,1,ROUTE_EXISTS,,111640,6234,6081
501,1,ROUTE_EXISTS,,155871,8631,8492
571,1,ROUTE_EXISTS,,147133,8098,7918
564,1,ROUTE_EXISTS,,139271,7819,7685
575,1,ROUTE_EXISTS,,156915,8658,8461
553,1,ROUTE_EXISTS,,143214,8288,8066
584,1,ROUTE_EXISTS,,183973,10155,10155
577,1,ROUTE_EXISTS,,172061,9480,9236
528,1,ROUTE_EXISTS,,119336,6704,6650
517,1,ROUTE_EXISTS,,155577,9742,9587
508,1,ROUTE_EXISTS,,164538,9224,9052
565,1,ROUTE_EXISTS,,143284,8208,8055
588,1,ROUTE_EXISTS,,182537,10474,10221
587,1,ROUTE_EXISTS,,166210,9354,9155
524,1,ROUTE_EXISTS,,119081,6891,6808
510,1,ROUTE_EXISTS,,166204,9416,9223
511,1,ROUTE_EXISTS,,166120,9415,9222
507,1,ROUTE_EXISTS,,164039,9162,8993
513,1,ROUTE_EXISTS,,162819,9093,8929
504,1,ROUTE_EXISTS,,160620,8911,8754
515,1,ROUTE_EXISTS,,169581,9676,9488
578,1,ROUTE_EXISTS,,183094,10033,9778
559,1,ROUTE_EXISTS,,149670,8606,8454
509,1,ROUTE_EXISTS,,165203,9333,9142
503,1,ROUTE_EXISTS,,159496,8836,8681
514,1,ROUTE_EXISTS,,166406,9412,9224
556,1,ROUTE_EXISTS,,161025,9447,9262
576,1,ROUTE_EXISTS,,163802,9223,8989
516,1,ROUTE_EXISTS,,171733,9766,9577
594,1,ROUTE_EXISTS,,16675,1378,1351
600,1,ROUTE_EXISTS,,45526,3471,3440
597,1,ROUTE_EXISTS,,40527,2780,2780
547,1,ROUTE_EXISTS,,119225,6605,6500
573,1,ROUTE_EXISTS,,159812,9066,8835
554,1,ROUTE_EXISTS,,136912,7897,7693
563,1,ROUTE_EXISTS,,133560,7369,7267
549,1,ROUTE_EXISTS,,144473,8319,8161
534,1,ROUTE_EXISTS,,115430,6621,6621
558,1,ROUTE_EXISTS,,151336,8779,8617
519,1,ROUTE_EXISTS,,177595,10186,9965
543,1,ROUTE_EXISTS,,97413,5106,5050
585,1,ROUTE_EXISTS,,162570,9185,8941
580,1,ROUTE_EXISTS,,199244,10937,10630
586,1,ROUTE_EXISTS,,160790,8831,8831
540,1,ROUTE_EXISTS,,99273,5471,5292
551,1,ROUTE_EXISTS,,149024,8576,8357
583,1,ROUTE_EXISTS,,157064,8608,8608
581,1,ROUTE_EXISTS,,139855,7738,7628
535,1,ROUTE_EXISTS,,100635,5734,5582
609,1,ROUTE_NOT_FOUND,,,,
610,1,ROUTE_NOT_FOUND,,,,
608,1,ROUTE_NOT_FOUND,,,,
611,1,ROUTE_NOT_FOUND,,,,
612,1,ROUTE_NOT_FOUND,,,,
606,1,ROUTE_EXISTS,,169663.0,9927.0,9673.0
601,1,ROUTE_EXISTS,,154694.0,10246.0,10086.0
605,1,ROUTE_EXISTS,,184089.0,11229.0,10985.0
602,1,ROUTE_EXISTS,,129119.0,7791.0,7706.0
604,1,ROUTE_EXISTS,,223491.0,14516.0,14516.0
607,1,ROUTE_EXISTS,,179141.0,11354.0,11115.0
603,1,ROUTE_EXISTS,,201742.0,12280.0,12280.0
82,2,ROUTE_EXISTS,,54947,3267,3257
76,2,ROUTE_EXISTS,,53985,3104,3109
89,2,ROUTE_EXISTS,,55362,3305,3293
88,2,ROUTE_EXISTS,,54441,3199,3211
27,2,ROUTE_EXISTS,,64943,3452,3370
36,2,ROUTE_EXISTS,,61699,3292,3242
21,2,ROUTE_EXISTS,,57271,3413,3402
50,2,ROUTE_EXISTS,,55173,3209,3205
12,2,ROUTE_EXISTS,,58958,3551,3525
43,2,ROUTE_EXISTS,,53750,3099,3104
93,2,ROUTE_EXISTS,,56449,3523,3508
67,2,ROUTE_EXISTS,,54153,3092,3095
84,2,ROUTE_EXISTS,,55816,3280,3273
57,2,ROUTE_EXISTS,,56746,3367,3354
3,2,ROUTE_EXISTS,,68983,4260,4203
16,2,ROUTE_EXISTS,,62191,3242,3192
2,2,ROUTE_EXISTS,,68117,4165,4122
90,2,ROUTE_EXISTS,,55536,3344,3332
18,2,ROUTE_EXISTS,,55787,3201,3199
17,2,ROUTE_EXISTS,,57533,3555,3541
54,2,ROUTE_EXISTS,,55963,3313,3304
13,2,ROUTE_EXISTS,,61953,3822,3791
28,2,ROUTE_EXISTS,,64419,3436,3354
53,2,ROUTE_EXISTS,,55156,3261,3254
87,2,ROUTE_EXISTS,,56750,3402,3392
99,2,ROUTE_EXISTS,,51391,2882,2885
42,2,ROUTE_EXISTS,,60416,3163,3121
41,2,ROUTE_EXISTS,,60834,3254,3211
78,2,ROUTE_EXISTS,,55304,3224,3217
73,2,ROUTE_EXISTS,,53560,3102,3106
100,2,ROUTE_EXISTS,,51124,2853,2859
45,2,ROUTE_EXISTS,,54782,3134,3137
83,2,ROUTE_EXISTS,,55151,3323,3325
49,2,ROUTE_EXISTS,,55305,3185,3185
68,2,ROUTE_EXISTS,,51618,2872,2875
44,2,ROUTE_EXISTS,,54132,3094,3098
26,2,ROUTE_EXISTS,,58263,3504,3497
70,2,ROUTE_EXISTS,,52214,2929,2933
75,2,ROUTE_EXISTS,,53415,3149,3157
58,2,ROUTE_EXISTS,,57088,3402,3387
79,2,ROUTE_EXISTS,,54358,3170,3172
97,2,ROUTE_EXISTS,,52254,2964,2972
86,2,ROUTE_EXISTS,,55961,3299,3289
1,2,ROUTE_EXISTS,,59720,3548,3526
98,2,ROUTE_EXISTS,,52687,3070,3049
8,2,ROUTE_EXISTS,,56851,3367,3357
56,2,ROUTE_EXISTS,,56624,3357,3343
46,2,ROUTE_EXISTS,,54540,3119,3122
25,2,ROUTE_EXISTS,,57972,3463,3456
24,2,ROUTE_EXISTS,,65071,3462,3378
96,2,ROUTE_EXISTS,,53810,3094,3100
39,2,ROUTE_EXISTS,,59581,3172,3125
69,2,ROUTE_EXISTS,,52273,2978,2982
80,2,ROUTE_EXISTS,,54313,3227,3225
59,2,ROUTE_EXISTS,,56926,3381,3367
4,2,ROUTE_EXISTS,,63712,3914,3909
23,2,ROUTE_EXISTS,,65605,3521,3436
63,2,ROUTE_EXISTS,,52555,2979,2984
92,2,ROUTE_EXISTS,,55171,3264,3254
6,2,ROUTE_EXISTS,,57006,3438,3419
20,2,ROUTE_EXISTS,,57297,3375,3367
60,2,ROUTE_EXISTS,,57981,3470,3452
22,2,ROUTE_EXISTS,,58199,3473,3462
71,2,ROUTE_EXISTS,,52537,2998,3002
38,2,ROUTE_EXISTS,,59910,3234,3185
51,2,ROUTE_EXISTS,,54545,3149,3145
64,2,ROUTE_EXISTS,,53351,3074,3080
7,2,ROUTE_EXISTS,,56177,3337,3319
34,2,ROUTE_EXISTS,,62684,3241,3160
33,2,ROUTE_EXISTS,,63835,3359,3278
19,2,ROUTE_EXISTS,,57901,3460,3449
40,2,ROUTE_EXISTS,,59971,3265,3210
14,2,ROUTE_EXISTS,,67616,4381,4336
11,2,ROUTE_EXISTS,,58192,3470,3459
9,2,ROUTE_EXISTS,,56818,3407,3388
52,2,ROUTE_EXISTS,,55394,3264,3256
72,2,ROUTE_EXISTS,,52193,2965,2970
10,2,ROUTE_EXISTS,,56610,3328,3318
35,2,ROUTE_EXISTS,,63802,3400,3319
55,2,ROUTE_EXISTS,,56025,3310,3299
77,2,ROUTE_EXISTS,,53640,3069,3088
5,2,ROUTE_EXISTS,,66223,3947,3927
74,2,ROUTE_EXISTS,,53592,3089,3111
48,2,ROUTE_EXISTS,,55117,3188,3187
37,2,ROUTE_EXISTS,,59753,3224,3175
94,2,ROUTE_EXISTS,,52850,3025,3032
65,2,ROUTE_EXISTS,,53531,3088,3090
91,2,ROUTE_EXISTS,,55047,3239,3230
85,2,ROUTE_EXISTS,,56480,3365,3356
15,2,ROUTE_EXISTS,,61698,4810,4677
32,2,ROUTE_EXISTS,,64695,3447,3365
31,2,ROUTE_EXISTS,,64047,3375,3295
62,2,ROUTE_EXISTS,,57790,3451,3434
30,2,ROUTE_EXISTS,,63928,3378,3298
95,2,ROUTE_EXISTS,,53438,3080,3089
47,2,ROUTE_EXISTS,,55327,3215,3212
61,2,ROUTE_EXISTS,,57587,3427,3412
81,2,ROUTE_EXISTS,,54929,3274,3264
66,2,ROUTE_EXISTS,,53098,3084,3089
29,2,ROUTE_EXISTS,,65402,3525,3440
164,2,ROUTE_EXISTS,,53518,3048,3056
101,2,ROUTE_EXISTS,,51846,3005,3012
182,2,ROUTE_EXISTS,,54092,3109,3114
106,2,ROUTE_EXISTS,,56444,3328,3327
200,2,ROUTE_EXISTS,,54460,3099,3105
119,2,ROUTE_EXISTS,,57128,3438,3431
154,2,ROUTE_EXISTS,,52723,2907,2909
151,2,ROUTE_EXISTS,,54842,3110,3115
171,2,ROUTE_EXISTS,,54931,3177,3182
166,2,ROUTE_EXISTS,,53906,3062,3070
145,2,ROUTE_EXISTS,,54318,3102,3105
196,2,ROUTE_EXISTS,,54677,3162,3170
168,2,ROUTE_EXISTS,,54470,3164,3171
172,2,ROUTE_EXISTS,,53610,3125,3128
116,2,ROUTE_EXISTS,,56375,3359,3354
159,2,ROUTE_EXISTS,,54585,3183,3190
115,2,ROUTE_EXISTS,,55698,3246,3242
131,2,ROUTE_EXISTS,,58068,3568,3557
112,2,ROUTE_EXISTS,,57239,3430,3427
179,2,ROUTE_EXISTS,,53422,3049,3055
181,2,ROUTE_EXISTS,,53779,3114,3119
193,2,ROUTE_EXISTS,,35395,1884,1927
175,2,ROUTE_EXISTS,,53785,3134,3137
120,2,ROUTE_EXISTS,,55770,3261,3257
191,2,ROUTE_EXISTS,,44947,2424,2447
192,2,ROUTE_EXISTS,,41878,2233,2259
102,2,ROUTE_EXISTS,,50354,2797,2807
169,2,ROUTE_EXISTS,,54572,3164,3173
188,2,ROUTE_EXISTS,,52648,2961,2967
165,2,ROUTE_EXISTS,,53432,3003,3011
122,2,ROUTE_EXISTS,,56475,3281,3276
190,2,ROUTE_EXISTS,,53415,3090,3095
189,2,ROUTE_EXISTS,,46130,2486,2505
155,2,ROUTE_EXISTS,,52633,3030,3035
180,2,ROUTE_EXISTS,,52940,3014,3018
156,2,ROUTE_EXISTS,,53947,3082,3092
195,2,ROUTE_EXISTS,,52686,2857,2865
128,2,ROUTE_EXISTS,,57083,3412,3405
160,2,ROUTE_EXISTS,,55535,3266,3262
185,2,ROUTE_EXISTS,,53879,3056,3061
110,2,ROUTE_EXISTS,,56721,3369,3366
137,2,ROUTE_EXISTS,,54330,3113,3113
161,2,ROUTE_EXISTS,,56129,3258,3248
177,2,ROUTE_EXISTS,,52905,3010,3017
127,2,ROUTE_EXISTS,,57151,3390,3388
126,2,ROUTE_EXISTS,,55888,3280,3276
199,2,ROUTE_EXISTS,,54093,3119,3126
170,2,ROUTE_EXISTS,,54902,3232,3234
148,2,ROUTE_EXISTS,,54654,3141,3143
152,2,ROUTE_EXISTS,,54071,3066,3069
109,2,ROUTE_EXISTS,,56659,3335,3333
124,2,ROUTE_EXISTS,,55387,3174,3176
174,2,ROUTE_EXISTS,,53375,3033,3037
142,2,ROUTE_EXISTS,,55628,3162,3160
173,2,ROUTE_EXISTS,,53443,3052,3059
187,2,ROUTE_EXISTS,,53791,3081,3088
143,2,ROUTE_EXISTS,,55719,3284,3283
121,2,ROUTE_EXISTS,,56386,3301,3295
114,2,ROUTE_EXISTS,,57446,3427,3424
125,2,ROUTE_EXISTS,,56045,3333,3328
103,2,ROUTE_EXISTS,,49986,2795,2805
162,2,ROUTE_EXISTS,,56134,3299,3290
146,2,ROUTE_EXISTS,,54902,3197,3196
136,2,ROUTE_EXISTS,,54449,3165,3164
118,2,ROUTE_EXISTS,,56660,3334,3327
158,2,ROUTE_EXISTS,,55235,3168,3165
140,2,ROUTE_EXISTS,,55040,3165,3170
129,2,ROUTE_EXISTS,,57507,3473,3461
144,2,ROUTE_EXISTS,,53515,2992,2999
157,2,ROUTE_EXISTS,,54650,3182,3184
108,2,ROUTE_EXISTS,,56735,3368,3367
113,2,ROUTE_EXISTS,,56945,3395,3391
139,2,ROUTE_EXISTS,,55214,3163,3165
111,2,ROUTE_EXISTS,,56990,3394,3391
198,2,ROUTE_EXISTS,,59619,3501,3496
132,2,ROUTE_EXISTS,,58373,3532,3514
135,2,ROUTE_EXISTS,,58287,3386,3383
117,2,ROUTE_EXISTS,,56805,3359,3352
167,2,ROUTE_EXISTS,,55257,3214,3219
107,2,ROUTE_EXISTS,,56002,3207,3207
138,2,ROUTE_EXISTS,,54648,3174,3174
183,2,ROUTE_EXISTS,,53579,3052,3058
194,2,ROUTE_EXISTS,,40818,2306,2334
134,2,ROUTE_EXISTS,,57829,3454,3443
184,2,ROUTE_EXISTS,,54173,3096,3101
147,2,ROUTE_EXISTS,,54682,3156,3158
133,2,ROUTE_EXISTS,,58271,3537,3526
186,2,ROUTE_EXISTS,,53388,3022,3028
141,2,ROUTE_EXISTS,,55188,3220,3211
130,2,ROUTE_EXISTS,,56608,3340,3332
105,2,ROUTE_EXISTS,,56085,3241,3236
150,2,ROUTE_EXISTS,,54759,3116,3119
123,2,ROUTE_EXISTS,,55490,3168,3171
149,2,ROUTE_EXISTS,,55591,3234,3225
163,2,ROUTE_EXISTS,,53316,3061,3070
178,2,ROUTE_EXISTS,,52730,2994,2998
197,2,ROUTE_EXISTS,,61185,3595,3592
104,2,ROUTE_EXISTS,,56358,3301,3293
176,2,ROUTE_EXISTS,,53683,3089,3096
153,2,ROUTE_EXISTS,,54366,3044,3046
211,2,ROUTE_EXISTS,,60947,3609,3591
229,2,ROUTE_EXISTS,,58255,3371,3361
279,2,ROUTE_EXISTS,,98895,5937,5937
262,2,ROUTE_EXISTS,,56890,3305,3299
251,2,ROUTE_EXISTS,,58844,3596,3591
201,2,ROUTE_EXISTS,,54837,3111,3119
217,2,ROUTE_EXISTS,,56212,3299,3293
240,2,ROUTE_EXISTS,,59753,3635,3633
259,2,ROUTE_EXISTS,,61009,3611,3608
237,2,ROUTE_EXISTS,,56489,3252,3248
261,2,ROUTE_EXISTS,,58007,3489,3480
282,2,ROUTE_EXISTS,,102371,6387,6387
227,2,ROUTE_EXISTS,,57356,3299,3291
266,2,ROUTE_EXISTS,,62302,3776,3772
220,2,ROUTE_EXISTS,,55854,3264,3259
267,2,ROUTE_EXISTS,,58599,3627,3620
273,2,ROUTE_EXISTS,,58521,3564,3550
250,2,ROUTE_EXISTS,,60332,3660,3653
249,2,ROUTE_EXISTS,,58660,3627,3623
206,2,ROUTE_EXISTS,,56658,3341,3339
271,2,ROUTE_EXISTS,,57575,3463,3454
234,2,ROUTE_EXISTS,,58382,3413,3402
263,2,ROUTE_EXISTS,,57294,3428,3421
243,2,ROUTE_EXISTS,,59175,3473,3457
242,2,ROUTE_EXISTS,,59110,3553,3540
207,2,ROUTE_EXISTS,,57742,3280,3273
204,2,ROUTE_EXISTS,,54154,3015,3022
202,2,ROUTE_EXISTS,,55549,3187,3191
203,2,ROUTE_EXISTS,,55489,3197,3203
288,2,ROUTE_EXISTS,,83017,5252,5252
297,2,ROUTE_EXISTS,,81274,5095,5095
264,2,ROUTE_EXISTS,,59324,3498,3491
295,2,ROUTE_EXISTS,,83921,5145,5145
210,2,ROUTE_EXISTS,,59715,3470,3449
226,2,ROUTE_EXISTS,,57768,3378,3372
223,2,ROUTE_EXISTS,,56368,3272,3264
283,2,ROUTE_EXISTS,,89206,5549,5549
294,2,ROUTE_EXISTS,,77112,4848,4848
260,2,ROUTE_EXISTS,,58568,3610,3603
221,2,ROUTE_EXISTS,,57330,3381,3376
270,2,ROUTE_EXISTS,,57309,3367,3364
238,2,ROUTE_EXISTS,,56934,3383,3376
233,2,ROUTE_EXISTS,,57430,3372,3361
236,2,ROUTE_EXISTS,,57063,3387,3378
252,2,ROUTE_EXISTS,,64169,3947,3934
272,2,ROUTE_EXISTS,,57800,3460,3446
244,2,ROUTE_EXISTS,,66719,3907,3894
269,2,ROUTE_EXISTS,,57535,3371,3364
274,2,ROUTE_EXISTS,,59217,3553,3538
277,2,ROUTE_EXISTS,,103204,6333,6333
255,2,ROUTE_EXISTS,,57641,3477,3473
258,2,ROUTE_EXISTS,,58528,3604,3595
245,2,ROUTE_EXISTS,,63276,3815,3793
214,2,ROUTE_EXISTS,,57665,3361,3354
257,2,ROUTE_EXISTS,,58079,3567,3555
241,2,ROUTE_EXISTS,,60796,3634,3615
232,2,ROUTE_EXISTS,,57709,3429,3416
253,2,ROUTE_EXISTS,,62322,3783,3782
268,2,ROUTE_EXISTS,,57709,3524,3511
231,2,ROUTE_EXISTS,,58669,3430,3414
213,2,ROUTE_EXISTS,,56893,3296,3287
248,2,ROUTE_EXISTS,,83633,5673,5588
219,2,ROUTE_EXISTS,,55203,3160,3163
280,2,ROUTE_EXISTS,,94272,5920,5920
287,2,ROUTE_EXISTS,,83823,5303,5303
299,2,ROUTE_EXISTS,,82352,5230,5230
292,2,ROUTE_EXISTS,,78887,4982,4982
225,2,ROUTE_EXISTS,,57165,3401,3393
300,2,ROUTE_EXISTS,,82410,5187,5187
293,2,ROUTE_EXISTS,,77389,4831,4831
218,2,ROUTE_EXISTS,,55686,3183,3184
212,2,ROUTE_EXISTS,,60882,3534,3514
246,2,ROUTE_EXISTS,,79424,4683,4702
281,2,ROUTE_EXISTS,,99451,6224,6224
284,2,ROUTE_EXISTS,,86051,5500,5500
290,2,ROUTE_EXISTS,,80484,5044,5044
228,2,ROUTE_EXISTS,,57921,3369,3361
289,2,ROUTE_EXISTS,,82230,5154,5154
275,2,ROUTE_EXISTS,,117513,6805,6805
278,2,ROUTE_EXISTS,,101622,6150,6150
285,2,ROUTE_EXISTS,,81743,5099,5099
256,2,ROUTE_EXISTS,,58396,3605,3595
286,2,ROUTE_EXISTS,,84727,5274,5274
235,2,ROUTE_EXISTS,,57523,3345,3339
205,2,ROUTE_EXISTS,,57319,3280,3273
265,2,ROUTE_EXISTS,,60871,3790,3783
276,2,ROUTE_EXISTS,,105421,6329,6329
209,2,ROUTE_EXISTS,,59099,3408,3390
291,2,ROUTE_EXISTS,,79466,4953,4953
224,2,ROUTE_EXISTS,,56193,3260,3250
216,2,ROUTE_EXISTS,,56999,3324,3316
239,2,ROUTE_EXISTS,,57676,3451,3446
208,2,ROUTE_EXISTS,,58460,3427,3415
254,2,ROUTE_EXISTS,,66435,4158,4149
247,2,ROUTE_EXISTS,,68949,4359,4349
215,2,ROUTE_EXISTS,,56910,3299,3290
298,2,ROUTE_EXISTS,,81381,5097,5097
230,2,ROUTE_EXISTS,,58664,3436,3422
296,2,ROUTE_EXISTS,,82040,5184,5184
222,2,ROUTE_EXISTS,,57463,3339,3332
344,2,ROUTE_EXISTS,,59657,3137,3094
363,2,ROUTE_EXISTS,,60564,3567,3538
391,2,ROUTE_EXISTS,,19787,1237,1223
381,2,ROUTE_EXISTS,,40681,2356,2316
302,2,ROUTE_EXISTS,,85048,5389,5389
394,2,ROUTE_EXISTS,,30993,1901,1880
393,2,ROUTE_EXISTS,,31716,1891,1869
370,2,ROUTE_EXISTS,,34918,2224,2183
367,2,ROUTE_EXISTS,,39775,2423,2379
338,2,ROUTE_EXISTS,,56812,3069,3085
340,2,ROUTE_EXISTS,,59971,3123,3075
353,2,ROUTE_EXISTS,,54055,3186,3155
347,2,ROUTE_EXISTS,,64787,3542,3483
308,2,ROUTE_EXISTS,,82474,5210,5210
321,2,ROUTE_EXISTS,,85261,5379,5379
320,2,ROUTE_EXISTS,,84837,5394,5394
334,2,ROUTE_EXISTS,,77057,4853,4839
400,2,ROUTE_EXISTS,,1841,226,226
396,2,ROUTE_EXISTS,,11821,879,879
397,2,ROUTE_EXISTS,,14796,1035,1035
390,2,ROUTE_EXISTS,,21933,1296,1283
377,2,ROUTE_EXISTS,,45179,2984,2926
356,2,ROUTE_EXISTS,,47950,2611,2585
389,2,ROUTE_EXISTS,,12526,743,728
399,2,ROUTE_EXISTS,,16041,1342,1342
392,2,ROUTE_EXISTS,,29199,1904,1883
382,2,ROUTE_EXISTS,,42695,2619,2577
354,2,ROUTE_EXISTS,,47793,2617,2591
373,2,ROUTE_EXISTS,,46245,2911,2850
365,2,ROUTE_EXISTS,,35829,2078,2037
375,2,ROUTE_EXISTS,,55909,7033,7033
398,2,ROUTE_EXISTS,,5876,511,511
380,2,ROUTE_EXISTS,,40824,2425,2378
386,2,ROUTE_EXISTS,,41555,2546,2498
383,2,ROUTE_EXISTS,,43163,2715,2647
366,2,ROUTE_EXISTS,,35570,2181,2140
318,2,ROUTE_EXISTS,,86506,5075,5075
379,2,ROUTE_EXISTS,,39591,2334,2290
339,2,ROUTE_EXISTS,,57526,3036,2987
343,2,ROUTE_EXISTS,,58694,3086,3037
352,2,ROUTE_EXISTS,,62744,3301,3248
362,2,ROUTE_EXISTS,,63640,3760,3732
368,2,ROUTE_EXISTS,,38170,2330,2286
376,2,ROUTE_EXISTS,,47126,4530,4465
385,2,ROUTE_EXISTS,,42098,2652,2604
324,2,ROUTE_EXISTS,,79899,4634,4634
357,2,ROUTE_EXISTS,,53635,3212,3166
355,2,ROUTE_EXISTS,,51360,3003,2961
345,2,ROUTE_EXISTS,,61759,3281,3230
337,2,ROUTE_EXISTS,,62845,3633,3638
315,2,ROUTE_EXISTS,,86900,5121,5121
358,2,ROUTE_EXISTS,,51142,3266,3223
378,2,ROUTE_EXISTS,,41426,2491,2445
326,2,ROUTE_EXISTS,,81589,5228,5192
314,2,ROUTE_EXISTS,,86976,5156,5156
332,2,ROUTE_EXISTS,,72232,4455,4448
325,2,ROUTE_EXISTS,,77654,4518,4518
335,2,ROUTE_EXISTS,,47286,2661,2683
313,2,ROUTE_EXISTS,,81479,5200,5200
306,2,ROUTE_EXISTS,,83014,5232,5232
322,2,ROUTE_EXISTS,,86387,5485,5485
307,2,ROUTE_EXISTS,,82708,5237,5237
333,2,ROUTE_EXISTS,,70300,4319,4309
350,2,ROUTE_EXISTS,,64715,3452,3393
301,2,ROUTE_EXISTS,,87163,5584,5584
328,2,ROUTE_EXISTS,,68524,4158,4152
372,2,ROUTE_EXISTS,,41471,2527,2478
330,2,ROUTE_EXISTS,,72097,4438,4434
374,2,ROUTE_EXISTS,,51383,5302,5136
346,2,ROUTE_EXISTS,,60137,3152,3106
312,2,ROUTE_EXISTS,,80850,5081,5081
349,2,ROUTE_EXISTS,,63837,3358,3301
331,2,ROUTE_EXISTS,,71768,4447,4435
305,2,ROUTE_EXISTS,,83176,5278,5278
336,2,ROUTE_EXISTS,,55228,3025,3042
310,2,ROUTE_EXISTS,,83185,5261,5261
311,2,ROUTE_EXISTS,,83376,5317,5317
327,2,ROUTE_EXISTS,,75325,4660,4650
395,2,ROUTE_EXISTS,,18361,1323,1323
369,2,ROUTE_EXISTS,,30998,1785,1741
387,2,ROUTE_EXISTS,,41071,2427,2382
361,2,ROUTE_EXISTS,,36202,2099,2065
319,2,ROUTE_EXISTS,,83056,4814,4814
371,2,ROUTE_EXISTS,,39833,2365,2321
303,2,ROUTE_EXISTS,,84163,5359,5359
317,2,ROUTE_EXISTS,,85807,5007,5007
329,2,ROUTE_EXISTS,,67951,4097,4094
351,2,ROUTE_EXISTS,,62750,3350,3303
348,2,ROUTE_EXISTS,,64600,3507,3445
316,2,ROUTE_EXISTS,,86507,5063,5063
342,2,ROUTE_EXISTS,,58768,3110,3061
309,2,ROUTE_EXISTS,,82457,5215,5215
304,2,ROUTE_EXISTS,,83425,5300,5300
364,2,ROUTE_EXISTS,,56257,3341,3293
384,2,ROUTE_EXISTS,,42691,2565,2527
388,2,ROUTE_EXISTS,,42332,2643,2595
341,2,ROUTE_EXISTS,,58721,3125,3078
360,2,ROUTE_EXISTS,,45380,2663,2611
323,2,ROUTE_EXISTS,,103054,7220,7220
359,2,ROUTE_EXISTS,,55266,3162,3111
402,2,ROUTE_EXISTS,,5308,454,454
439,2,ROUTE_EXISTS,,47648,2936,2936
410,2,ROUTE_EXISTS,,28230,1722,1708
425,2,ROUTE_EXISTS,,47413,2966,2966
430,2,ROUTE_EXISTS,,59563,3610,3610
423,2,ROUTE_EXISTS,,40998,2604,2604
406,2,ROUTE_EXISTS,,26067,1758,1770
474,2,ROUTE_EXISTS,,98679,5759,5759
456,2,ROUTE_EXISTS,,66341,4017,4017
412,2,ROUTE_EXISTS,,39063,2421,2421
490,2,ROUTE_EXISTS,,141591,8513,8513
422,2,ROUTE_EXISTS,,45008,2806,2806
473,2,ROUTE_EXISTS,,96530,5718,5718
416,2,ROUTE_EXISTS,,36981,2411,2411
461,2,ROUTE_EXISTS,,60121,3603,3603
485,2,ROUTE_EXISTS,,118350,7339,7339
478,2,ROUTE_EXISTS,,108470,6391,6391
426,2,ROUTE_EXISTS,,46366,2902,2902
438,2,ROUTE_EXISTS,,54037,3310,3310
437,2,ROUTE_EXISTS,,62529,3878,3878
469,2,ROUTE_EXISTS,,76034,4763,4763
487,2,ROUTE_EXISTS,,123071,7438,7438
497,2,ROUTE_EXISTS,,153516,8734,8734
498,2,ROUTE_EXISTS,,149430,8565,8565
405,2,ROUTE_EXISTS,,15642,878,878
480,2,ROUTE_EXISTS,,94064,5421,5421
404,2,ROUTE_EXISTS,,10668,679,669
413,2,ROUTE_EXISTS,,42835,2637,2637
418,2,ROUTE_EXISTS,,31484,1882,1882
441,2,ROUTE_EXISTS,,51846,3241,3241
415,2,ROUTE_EXISTS,,40490,2627,2627
411,2,ROUTE_EXISTS,,36117,2200,2200
403,2,ROUTE_EXISTS,,4766,357,350
420,2,ROUTE_EXISTS,,35365,2183,2183
452,2,ROUTE_EXISTS,,69726,4148,4148
421,2,ROUTE_EXISTS,,43375,2755,2755
451,2,ROUTE_EXISTS,,74903,4422,4422
447,2,ROUTE_EXISTS,,52548,3248,3248
443,2,ROUTE_EXISTS,,50953,3102,3102
433,2,ROUTE_EXISTS,,56869,3513,3513
465,2,ROUTE_EXISTS,,77225,4840,4840
431,2,ROUTE_EXISTS,,54279,3322,3322
428,2,ROUTE_EXISTS,,52932,3286,3286
455,2,ROUTE_EXISTS,,64050,3852,3852
462,2,ROUTE_EXISTS,,61756,3669,3669
445,2,ROUTE_EXISTS,,51352,3182,3182
457,2,ROUTE_EXISTS,,56316,3459,3459
466,2,ROUTE_EXISTS,,76506,4410,4410
459,2,ROUTE_EXISTS,,53808,3164,3164
424,2,ROUTE_EXISTS,,43815,2879,2879
427,2,ROUTE_EXISTS,,47745,3012,3012
464,2,ROUTE_EXISTS,,80654,4731,4731
401,2,ROUTE_EXISTS,,425,77,77
446,2,ROUTE_EXISTS,,53481,3325,3325
460,2,ROUTE_EXISTS,,58595,3527,3527
434,2,ROUTE_EXISTS,,54577,3424,3424
435,2,ROUTE_EXISTS,,57299,3913,3913
458,2,ROUTE_EXISTS,,58968,3567,3567
449,2,ROUTE_EXISTS,,53770,3374,3374
472,2,ROUTE_EXISTS,,89522,5157,5157
481,2,ROUTE_EXISTS,,103138,5916,5916
476,2,ROUTE_EXISTS,,99555,5796,5796
454,2,ROUTE_EXISTS,,65177,3972,3972
453,2,ROUTE_EXISTS,,67915,4096,4096
477,2,ROUTE_EXISTS,,104921,6148,6148
467,2,ROUTE_EXISTS,,64482,3877,3877
484,2,ROUTE_EXISTS,,112284,6812,6812
479,2,ROUTE_EXISTS,,97439,5578,5578
450,2,ROUTE_EXISTS,,74564,4414,4414
475,2,ROUTE_EXISTS,,109352,6776,6776
482,2,ROUTE_EXISTS,,96577,5962,5962
471,2,ROUTE_EXISTS,,80883,4807,4807
483,2,ROUTE_EXISTS,,93310,5667,5667
486,2,ROUTE_EXISTS,,131193,8090,8090
494,2,ROUTE_EXISTS,,170409,9900,9650
463,2,ROUTE_EXISTS,,59798,3561,3561
432,2,ROUTE_EXISTS,,61358,3733,3733
436,2,ROUTE_EXISTS,,55211,3457,3457
496,2,ROUTE_EXISTS,,147069,8344,8344
495,2,ROUTE_EXISTS,,182336,10849,10849
489,2,ROUTE_EXISTS,,130885,7889,7889
470,2,ROUTE_EXISTS,,72860,4538,4538
468,2,ROUTE_EXISTS,,72695,4438,4438
492,2,ROUTE_EXISTS,,160261,9138,9138
409,2,ROUTE_EXISTS,,22893,1392,1373
407,2,ROUTE_EXISTS,,13911,841,825
499,2,ROUTE_EXISTS,,145972,8310,8310
408,2,ROUTE_EXISTS,,19348,1385,1367
417,2,ROUTE_EXISTS,,35692,2322,2322
419,2,ROUTE_EXISTS,,33730,2064,2064
440,2,ROUTE_EXISTS,,50850,3131,3131
442,2,ROUTE_EXISTS,,51590,3264,3264
448,2,ROUTE_EXISTS,,49688,3078,3078
493,2,ROUTE_EXISTS,,162451,9530,9282
500,2,ROUTE_EXISTS,,138665,7876,7876
429,2,ROUTE_EXISTS,,53524,3297,3297
491,2,ROUTE_EXISTS,,152715,8696,8696
414,2,ROUTE_EXISTS,,39952,2570,2570
488,2,ROUTE_EXISTS,,131713,8258,8258
444,2,ROUTE_EXISTS,,51482,3178,3178
542,2,ROUTE_EXISTS,,43365,2523,2446
556,2,ROUTE_EXISTS,,104279,6633,6538
530,2,ROUTE_EXISTS,,66808,4236,4236
520,2,ROUTE_EXISTS,,51269,3134,3095
524,2,ROUTE_EXISTS,,64832,4244,4244
595,2,ROUTE_EXISTS,,53183,3026,3032
557,2,ROUTE_EXISTS,,99915,6333,6233
587,2,ROUTE_EXISTS,,122970,7294,7294
562,2,ROUTE_EXISTS,,84338,5059,5059
575,2,ROUTE_EXISTS,,113675,6599,6599
504,2,ROUTE_EXISTS,,143712,8133,8133
521,2,ROUTE_EXISTS,,53385,3181,3142
558,2,ROUTE_EXISTS,,96804,6164,6079
505,2,ROUTE_EXISTS,,145200,8240,8240
572,2,ROUTE_EXISTS,,103422,6030,6030
568,2,ROUTE_EXISTS,,87252,5356,5282
551,2,ROUTE_EXISTS,,90769,5480,5418
548,2,ROUTE_EXISTS,,81111,5072,4927
591,2,ROUTE_EXISTS,,55898,3248,3242
555,2,ROUTE_EXISTS,,115774,7362,7244
588,2,ROUTE_EXISTS,,139297,8360,8360
589,2,ROUTE_EXISTS,,53494,3165,3168
560,2,ROUTE_EXISTS,,107064,6589,6589
513,2,ROUTE_EXISTS,,145912,8307,8307
561,2,ROUTE_EXISTS,,87837,5205,5205
509,2,ROUTE_EXISTS,,148296,8521,8521
519,2,ROUTE_EXISTS,,146681,8512,8512
517,2,ROUTE_EXISTS,,138670,8966,8966
582,2,ROUTE_EXISTS,,103207,6158,6158
540,2,ROUTE_EXISTS,,41018,2420,2353
532,2,ROUTE_EXISTS,,59413,3723,3723
581,2,ROUTE_EXISTS,,96615,5765,5765
549,2,ROUTE_EXISTS,,86674,5412,5288
541,2,ROUTE_EXISTS,,36092,2025,1960
535,2,ROUTE_EXISTS,,42380,2643,2643
527,2,ROUTE_EXISTS,,71914,4445,4445
531,2,ROUTE_EXISTS,,61506,3884,3884
529,2,ROUTE_EXISTS,,71054,4556,4556
543,2,ROUTE_EXISTS,,46166,2655,2573
537,2,ROUTE_EXISTS,,56491,3290,3253
545,2,ROUTE_EXISTS,,99395,6150,6010
554,2,ROUTE_EXISTS,,78657,4817,4755
544,2,ROUTE_EXISTS,,67728,3987,3901
586,2,ROUTE_EXISTS,,117551,6970,6970
567,2,ROUTE_EXISTS,,90800,5655,5573
597,2,ROUTE_EXISTS,,65006,4070,4070
596,2,ROUTE_EXISTS,,54062,3081,3086
583,2,ROUTE_EXISTS,,113825,6747,6747
546,2,ROUTE_EXISTS,,107338,6664,6532
550,2,ROUTE_EXISTS,,88216,5489,5354
553,2,ROUTE_EXISTS,,84959,5193,5128
522,2,ROUTE_EXISTS,,71043,4608,4455
525,2,ROUTE_EXISTS,,65060,4171,4171
563,2,ROUTE_EXISTS,,90320,5406,5406
528,2,ROUTE_EXISTS,,76096,4789,4789
593,2,ROUTE_EXISTS,,54455,3072,3074
592,2,ROUTE_EXISTS,,56751,3379,3378
526,2,ROUTE_EXISTS,,73014,4604,4604
590,2,ROUTE_EXISTS,,53806,3158,3160
559,2,ROUTE_EXISTS,,95334,6017,5932
598,2,ROUTE_EXISTS,,57363,3396,3388
518,2,ROUTE_EXISTS,,137462,8101,8101
534,2,ROUTE_EXISTS,,57175,3682,3682
579,2,ROUTE_EXISTS,,141877,8173,8045
578,2,ROUTE_EXISTS,,139855,8048,7917
533,2,ROUTE_EXISTS,,71548,4465,4465
574,2,ROUTE_EXISTS,,107012,6289,6289
584,2,ROUTE_EXISTS,,140734,8294,8294
552,2,ROUTE_EXISTS,,94251,5732,5659
600,2,ROUTE_EXISTS,,70004,4732,4730
599,2,ROUTE_EXISTS,,57470,3414,3402
571,2,ROUTE_EXISTS,,103893,6057,6057
573,2,ROUTE_EXISTS,,116574,6973,6973
570,2,ROUTE_EXISTS,,105734,6713,6615
580,2,ROUTE_EXISTS,,156004,8945,8769
501,2,ROUTE_EXISTS,,138964,7870,7870
502,2,ROUTE_EXISTS,,135574,7733,7733
511,2,ROUTE_EXISTS,,149212,8601,8601
512,2,ROUTE_EXISTS,,150452,8706,8706
507,2,ROUTE_EXISTS,,147132,8372,8372
510,2,ROUTE_EXISTS,,149296,8602,8602
514,2,ROUTE_EXISTS,,149499,8603,8603
515,2,ROUTE_EXISTS,,152674,8867,8867
516,2,ROUTE_EXISTS,,154826,8956,8956
523,2,ROUTE_EXISTS,,62279,3722,3667
539,2,ROUTE_EXISTS,,60548,3710,3631
585,2,ROUTE_EXISTS,,119331,7080,7080
569,2,ROUTE_EXISTS,,81229,4930,4862
566,2,ROUTE_EXISTS,,76249,4748,4682
565,2,ROUTE_EXISTS,,100044,6194,6194
503,2,ROUTE_EXISTS,,142592,8060,8060
538,2,ROUTE_EXISTS,,59111,3260,3176
536,2,ROUTE_EXISTS,,50595,3243,3243
547,2,ROUTE_EXISTS,,61426,3718,3627
564,2,ROUTE_EXISTS,,96031,5823,5823
506,2,ROUTE_EXISTS,,146384,8333,8333
594,2,ROUTE_EXISTS,,53842,3119,3125
576,2,ROUTE_EXISTS,,120563,7127,7127
577,2,ROUTE_EXISTS,,128821,7375,7375
508,2,ROUTE_EXISTS,,147631,8431,8431
610,2,ROUTE_NOT_FOUND,,,,
612,2,ROUTE_NOT_FOUND,,,,
609,2,ROUTE_NOT_FOUND,,,,
608,2,ROUTE_NOT_FOUND,,,,
611,2,ROUTE_NOT_FOUND,,,,
606,2,ROUTE_EXISTS,,111410.0,6850.0,6734.0
607,2,ROUTE_EXISTS,,122395.0,8391.0,8391.0
605,2,ROUTE_EXISTS,,158469.0,9867.0,9867.0
601,2,ROUTE_EXISTS,,137786.0,9465.0,9465.0
604,2,ROUTE_EXISTS,,206584.0,13895.0,13895.0
602,2,ROUTE_EXISTS,,110936.0,6858.0,6858.0
603,2,ROUTE_EXISTS,,184835.0,11658.0,11658.0
79,3,ROUTE_EXISTS,,134209,7646,7406
48,3,ROUTE_EXISTS,,136388,7758,7498
21,3,ROUTE_EXISTS,,138543,7974,7713
93,3,ROUTE_EXISTS,,133676,7750,7505
11,3,ROUTE_EXISTS,,139463,8031,7770
2,3,ROUTE_EXISTS,,147987,8634,8362
98,3,ROUTE_EXISTS,,131928,7489,7207
46,3,ROUTE_EXISTS,,135811,7689,7433
31,3,ROUTE_EXISTS,,140391,8092,7834
60,3,ROUTE_EXISTS,,139252,8030,7763
88,3,ROUTE_EXISTS,,132803,7534,7287
40,3,ROUTE_EXISTS,,148433,8408,8150
23,3,ROUTE_EXISTS,,140108,8087,7830
63,3,ROUTE_EXISTS,,133826,7549,7295
20,3,ROUTE_EXISTS,,138568,7937,7678
94,3,ROUTE_EXISTS,,131779,7399,7145
22,3,ROUTE_EXISTS,,139470,8033,7773
1,3,ROUTE_EXISTS,,139590,8026,7766
100,3,ROUTE_EXISTS,,131789,7396,7151
8,3,ROUTE_EXISTS,,138122,7930,7668
41,3,ROUTE_EXISTS,,149296,8398,8151
14,3,ROUTE_EXISTS,,147486,8850,8576
69,3,ROUTE_EXISTS,,133544,7548,7293
97,3,ROUTE_EXISTS,,131495,7378,7130
56,3,ROUTE_EXISTS,,137895,7919,7654
64,3,ROUTE_EXISTS,,134622,7641,7391
6,3,ROUTE_EXISTS,,136876,7915,7659
74,3,ROUTE_EXISTS,,133025,7574,7345
70,3,ROUTE_EXISTS,,133485,7498,7244
58,3,ROUTE_EXISTS,,138357,7963,7698
42,3,ROUTE_EXISTS,,148876,8310,8061
13,3,ROUTE_EXISTS,,141822,8302,8030
84,3,ROUTE_EXISTS,,132442,7479,7233
36,3,ROUTE_EXISTS,,142134,8281,8023
7,3,ROUTE_EXISTS,,136046,7812,7558
57,3,ROUTE_EXISTS,,138017,7930,7665
83,3,ROUTE_EXISTS,,133065,7593,7348
50,3,ROUTE_EXISTS,,136444,7776,7516
72,3,ROUTE_EXISTS,,133464,7535,7281
3,3,ROUTE_EXISTS,,148853,8724,8442
51,3,ROUTE_EXISTS,,135816,7720,7456
90,3,ROUTE_EXISTS,,132859,7586,7342
10,3,ROUTE_EXISTS,,137881,7889,7629
29,3,ROUTE_EXISTS,,139738,8072,7815
78,3,ROUTE_EXISTS,,133373,7539,7292
66,3,ROUTE_EXISTS,,134369,7651,7400
53,3,ROUTE_EXISTS,,136427,7820,7565
52,3,ROUTE_EXISTS,,136665,7823,7567
54,3,ROUTE_EXISTS,,137234,7873,7615
28,3,ROUTE_EXISTS,,140649,8141,7886
77,3,ROUTE_EXISTS,,133307,7568,7324
25,3,ROUTE_EXISTS,,139243,8023,7767
81,3,ROUTE_EXISTS,,134799,7755,7504
67,3,ROUTE_EXISTS,,135424,7661,7406
99,3,ROUTE_EXISTS,,131461,7349,7104
82,3,ROUTE_EXISTS,,134817,7748,7497
18,3,ROUTE_EXISTS,,137057,7769,7510
86,3,ROUTE_EXISTS,,132588,7495,7249
27,3,ROUTE_EXISTS,,140272,8079,7820
95,3,ROUTE_EXISTS,,131642,7410,7163
35,3,ROUTE_EXISTS,,140903,8188,7933
75,3,ROUTE_EXISTS,,132847,7629,7390
89,3,ROUTE_EXISTS,,132690,7542,7297
38,3,ROUTE_EXISTS,,148371,8380,8125
39,3,ROUTE_EXISTS,,148042,8320,8066
4,3,ROUTE_EXISTS,,143581,8388,8148
9,3,ROUTE_EXISTS,,136688,7884,7627
19,3,ROUTE_EXISTS,,139172,8018,7760
96,3,ROUTE_EXISTS,,132015,7425,7174
59,3,ROUTE_EXISTS,,138197,7943,7678
68,3,ROUTE_EXISTS,,132889,7439,7186
15,3,ROUTE_EXISTS,,150160,9899,9617
49,3,ROUTE_EXISTS,,136577,7754,7495
62,3,ROUTE_EXISTS,,139061,8009,7745
12,3,ROUTE_EXISTS,,138828,8030,7765
92,3,ROUTE_EXISTS,,133240,7577,7330
32,3,ROUTE_EXISTS,,140925,8152,7897
37,3,ROUTE_EXISTS,,148214,8370,8115
17,3,ROUTE_EXISTS,,138804,8116,7852
16,3,ROUTE_EXISTS,,150827,8444,8191
33,3,ROUTE_EXISTS,,140849,8136,7882
73,3,ROUTE_EXISTS,,134831,7669,7417
34,3,ROUTE_EXISTS,,141502,8136,7844
71,3,ROUTE_EXISTS,,133808,7570,7313
45,3,ROUTE_EXISTS,,136053,7705,7448
55,3,ROUTE_EXISTS,,137296,7870,7610
30,3,ROUTE_EXISTS,,140029,8104,7847
91,3,ROUTE_EXISTS,,133116,7553,7305
76,3,ROUTE_EXISTS,,133836,7585,7342
65,3,ROUTE_EXISTS,,134802,7656,7401
61,3,ROUTE_EXISTS,,138858,7987,7723
87,3,ROUTE_EXISTS,,133378,7594,7352
5,3,ROUTE_EXISTS,,146094,8425,8167
26,3,ROUTE_EXISTS,,139534,8067,7808
43,3,ROUTE_EXISTS,,135021,7666,7415
80,3,ROUTE_EXISTS,,134183,7711,7465
85,3,ROUTE_EXISTS,,133107,7562,7316
24,3,ROUTE_EXISTS,,139575,8028,7772
44,3,ROUTE_EXISTS,,135403,7662,7409
47,3,ROUTE_EXISTS,,136598,7781,7523
135,3,ROUTE_EXISTS,,131362,7343,7108
157,3,ROUTE_EXISTS,,128213,7172,6930
155,3,ROUTE_EXISTS,,126198,7026,6781
110,3,ROUTE_EXISTS,,130286,7350,7113
103,3,ROUTE_EXISTS,,134231,7578,7324
194,3,ROUTE_EXISTS,,137820,7803,7549
173,3,ROUTE_EXISTS,,131647,7380,7133
124,3,ROUTE_EXISTS,,128952,7165,6923
168,3,ROUTE_EXISTS,,129469,7286,7049
125,3,ROUTE_EXISTS,,129610,7322,7074
153,3,ROUTE_EXISTS,,127931,7041,6793
139,3,ROUTE_EXISTS,,128779,7155,6911
128,3,ROUTE_EXISTS,,130648,7395,7151
104,3,ROUTE_EXISTS,,129923,7285,7039
123,3,ROUTE_EXISTS,,129055,7160,6917
165,3,ROUTE_EXISTS,,126997,6999,6757
199,3,ROUTE_EXISTS,,125656,7081,6839
186,3,ROUTE_EXISTS,,129277,7151,6912
149,3,ROUTE_EXISTS,,129156,7217,6971
109,3,ROUTE_EXISTS,,130224,7324,7079
156,3,ROUTE_EXISTS,,127512,7082,6838
170,3,ROUTE_EXISTS,,128945,7335,7088
148,3,ROUTE_EXISTS,,128219,7136,6889
167,3,ROUTE_EXISTS,,129109,7242,7010
151,3,ROUTE_EXISTS,,128407,7107,6861
172,3,ROUTE_EXISTS,,130416,7315,7072
158,3,ROUTE_EXISTS,,128800,7159,6911
183,3,ROUTE_EXISTS,,129112,7138,6897
144,3,ROUTE_EXISTS,,125079,6949,6712
119,3,ROUTE_EXISTS,,130693,7422,7177
177,3,ROUTE_EXISTS,,131109,7336,7092
196,3,ROUTE_EXISTS,,117283,6451,6230
117,3,ROUTE_EXISTS,,130368,7340,7098
112,3,ROUTE_EXISTS,,130803,7413,7173
113,3,ROUTE_EXISTS,,130508,7378,7137
189,3,ROUTE_EXISTS,,130374,7273,7025
122,3,ROUTE_EXISTS,,130041,7269,7022
101,3,ROUTE_EXISTS,,131718,7476,7225
142,3,ROUTE_EXISTS,,129193,7154,6906
171,3,ROUTE_EXISTS,,128496,7168,6928
140,3,ROUTE_EXISTS,,128605,7157,6916
192,3,ROUTE_EXISTS,,129539,7245,7005
191,3,ROUTE_EXISTS,,126428,7044,6801
200,3,ROUTE_EXISTS,,126023,7061,6819
118,3,ROUTE_EXISTS,,130225,7323,7073
107,3,ROUTE_EXISTS,,129567,7195,6953
163,3,ROUTE_EXISTS,,126881,7060,6817
143,3,ROUTE_EXISTS,,129283,7272,7029
132,3,ROUTE_EXISTS,,131938,7515,7260
106,3,ROUTE_EXISTS,,130009,7316,7073
138,3,ROUTE_EXISTS,,128213,7166,6920
129,3,ROUTE_EXISTS,,131071,7456,7207
120,3,ROUTE_EXISTS,,129336,7241,7003
133,3,ROUTE_EXISTS,,131836,7520,7273
130,3,ROUTE_EXISTS,,130173,7330,7078
197,3,ROUTE_EXISTS,,119253,6671,6445
181,3,ROUTE_EXISTS,,130298,7292,7052
185,3,ROUTE_EXISTS,,128577,7069,6825
166,3,ROUTE_EXISTS,,127471,7061,6816
114,3,ROUTE_EXISTS,,131011,7410,7170
195,3,ROUTE_EXISTS,,121442,6622,6395
136,3,ROUTE_EXISTS,,128014,7157,6910
184,3,ROUTE_EXISTS,,128640,7088,6844
105,3,ROUTE_EXISTS,,129650,7221,6982
162,3,ROUTE_EXISTS,,130162,7292,7034
161,3,ROUTE_EXISTS,,129694,7238,6994
198,3,ROUTE_EXISTS,,114212,6346,6129
145,3,ROUTE_EXISTS,,127883,7100,6851
116,3,ROUTE_EXISTS,,129938,7340,7100
121,3,ROUTE_EXISTS,,129951,7286,7041
174,3,ROUTE_EXISTS,,130433,7323,7081
178,3,ROUTE_EXISTS,,129145,7261,7025
102,3,ROUTE_EXISTS,,132733,7460,7207
193,3,ROUTE_EXISTS,,136019,7593,7338
146,3,ROUTE_EXISTS,,128467,7186,6942
188,3,ROUTE_EXISTS,,130701,7276,7027
127,3,ROUTE_EXISTS,,130716,7373,7134
176,3,ROUTE_EXISTS,,130948,7395,7161
154,3,ROUTE_EXISTS,,126288,6897,6655
134,3,ROUTE_EXISTS,,131395,7436,7189
190,3,ROUTE_EXISTS,,131786,7414,7171
187,3,ROUTE_EXISTS,,128919,7136,6896
159,3,ROUTE_EXISTS,,128150,7173,6936
150,3,ROUTE_EXISTS,,128324,7112,6865
169,3,ROUTE_EXISTS,,129556,7279,7043
182,3,ROUTE_EXISTS,,129073,7143,6903
164,3,ROUTE_EXISTS,,127083,7045,6803
179,3,ROUTE_EXISTS,,129941,7222,6987
152,3,ROUTE_EXISTS,,127636,7065,6815
126,3,ROUTE_EXISTS,,129453,7261,7022
111,3,ROUTE_EXISTS,,130555,7376,7138
137,3,ROUTE_EXISTS,,127895,7109,6859
108,3,ROUTE_EXISTS,,130300,7349,7113
147,3,ROUTE_EXISTS,,128247,7149,6904
160,3,ROUTE_EXISTS,,129100,7246,7008
131,3,ROUTE_EXISTS,,131633,7552,7303
175,3,ROUTE_EXISTS,,130844,7398,7160
180,3,ROUTE_EXISTS,,130414,7279,7031
115,3,ROUTE_EXISTS,,129263,7227,6988
141,3,ROUTE_EXISTS,,128753,7204,6957
290,3,ROUTE_EXISTS,,94228,5037,4928
239,3,ROUTE_EXISTS,,131241,7433,7192
249,3,ROUTE_EXISTS,,129631,7459,7239
285,3,ROUTE_EXISTS,,90476,4845,4746
206,3,ROUTE_EXISTS,,128221,7290,7052
228,3,ROUTE_EXISTS,,131486,7351,7107
293,3,ROUTE_EXISTS,,95141,5243,5127
276,3,ROUTE_EXISTS,,97189,5184,5055
278,3,ROUTE_EXISTS,,93390,4996,4877
217,3,ROUTE_EXISTS,,129777,7283,7039
214,3,ROUTE_EXISTS,,131230,7342,7100
233,3,ROUTE_EXISTS,,128827,7278,7078
224,3,ROUTE_EXISTS,,129758,7240,6996
296,3,ROUTE_EXISTS,,100247,5501,5380
300,3,ROUTE_EXISTS,,100617,5505,5383
266,3,ROUTE_EXISTS,,135867,7768,7519
274,3,ROUTE_EXISTS,,133331,7537,7288
254,3,ROUTE_EXISTS,,126401,7368,7162
210,3,ROUTE_EXISTS,,128874,7377,7141
225,3,ROUTE_EXISTS,,130730,7384,7139
220,3,ROUTE_EXISTS,,129420,7244,7005
202,3,ROUTE_EXISTS,,127113,7142,6904
256,3,ROUTE_EXISTS,,131961,7589,7341
213,3,ROUTE_EXISTS,,130457,7280,7033
203,3,ROUTE_EXISTS,,127053,7152,6916
215,3,ROUTE_EXISTS,,130475,7284,7036
287,3,ROUTE_EXISTS,,90487,4861,4760
252,3,ROUTE_EXISTS,,130782,7491,7272
275,3,ROUTE_EXISTS,,109281,5666,5532
297,3,ROUTE_EXISTS,,99481,5413,5291
286,3,ROUTE_EXISTS,,89575,4825,4725
279,3,ROUTE_EXISTS,,90663,4771,4664
299,3,ROUTE_EXISTS,,100559,5565,5426
281,3,ROUTE_EXISTS,,99455,5318,5182
295,3,ROUTE_EXISTS,,103282,5760,5623
283,3,ROUTE_EXISTS,,84855,4518,4425
282,3,ROUTE_EXISTS,,110435,6017,5839
277,3,ROUTE_EXISTS,,94972,5187,5060
284,3,ROUTE_EXISTS,,86852,4816,4713
237,3,ROUTE_EXISTS,,130053,7232,6994
280,3,ROUTE_EXISTS,,104633,5676,5496
221,3,ROUTE_EXISTS,,130895,7363,7122
289,3,ROUTE_EXISTS,,92654,4963,4856
246,3,ROUTE_EXISTS,,106212,5990,5809
232,3,ROUTE_EXISTS,,129106,7339,7132
222,3,ROUTE_EXISTS,,131027,7328,7078
263,3,ROUTE_EXISTS,,130371,7385,7146
292,3,ROUTE_EXISTS,,97094,5295,5180
208,3,ROUTE_EXISTS,,132024,7410,7161
231,3,ROUTE_EXISTS,,129372,7351,7155
229,3,ROUTE_EXISTS,,131820,7353,7107
270,3,ROUTE_EXISTS,,130385,7334,7089
273,3,ROUTE_EXISTS,,132220,7534,7288
253,3,ROUTE_EXISTS,,130034,7511,7299
201,3,ROUTE_EXISTS,,126401,7073,6832
238,3,ROUTE_EXISTS,,130499,7365,7122
236,3,ROUTE_EXISTS,,130628,7369,7124
261,3,ROUTE_EXISTS,,131084,7448,7205
264,3,ROUTE_EXISTS,,132401,7457,7216
257,3,ROUTE_EXISTS,,131644,7551,7301
219,3,ROUTE_EXISTS,,128768,7153,6909
216,3,ROUTE_EXISTS,,130564,7311,7062
268,3,ROUTE_EXISTS,,131274,7506,7257
234,3,ROUTE_EXISTS,,131947,7397,7148
218,3,ROUTE_EXISTS,,129250,7173,6930
247,3,ROUTE_EXISTS,,123709,7107,6898
205,3,ROUTE_EXISTS,,130884,7262,7019
212,3,ROUTE_EXISTS,,134447,7517,7260
267,3,ROUTE_EXISTS,,132165,7613,7365
271,3,ROUTE_EXISTS,,130651,7420,7179
226,3,ROUTE_EXISTS,,131333,7359,7118
258,3,ROUTE_EXISTS,,132092,7589,7341
251,3,ROUTE_EXISTS,,132408,7581,7337
298,3,ROUTE_EXISTS,,99588,5415,5293
242,3,ROUTE_EXISTS,,127193,7236,7033
291,3,ROUTE_EXISTS,,94799,5074,4962
223,3,ROUTE_EXISTS,,129933,7252,7010
207,3,ROUTE_EXISTS,,131307,7262,7019
294,3,ROUTE_EXISTS,,98504,5414,5299
240,3,ROUTE_EXISTS,,128911,7341,7124
260,3,ROUTE_EXISTS,,132133,7595,7349
255,3,ROUTE_EXISTS,,131206,7461,7219
204,3,ROUTE_EXISTS,,125717,6975,6735
209,3,ROUTE_EXISTS,,132664,7390,7136
230,3,ROUTE_EXISTS,,132229,7419,7168
245,3,ROUTE_EXISTS,,129778,7415,7199
235,3,ROUTE_EXISTS,,131089,7336,7084
250,3,ROUTE_EXISTS,,128789,7362,7152
269,3,ROUTE_EXISTS,,130612,7339,7089
241,3,ROUTE_EXISTS,,127298,7227,7021
288,3,ROUTE_EXISTS,,91741,4922,4816
244,3,ROUTE_EXISTS,,118231,6615,6411
248,3,ROUTE_EXISTS,,140134,8587,8322
243,3,ROUTE_EXISTS,,125776,7079,6871
262,3,ROUTE_EXISTS,,129967,7261,7024
265,3,ROUTE_EXISTS,,134436,7781,7529
259,3,ROUTE_EXISTS,,131984,7529,7281
227,3,ROUTE_EXISTS,,130921,7284,7038
211,3,ROUTE_EXISTS,,134512,7593,7338
272,3,ROUTE_EXISTS,,131499,7430,7184
392,3,ROUTE_EXISTS,,80347,4899,4752
379,3,ROUTE_EXISTS,,145657,8547,8300
346,3,ROUTE_EXISTS,,148597,8299,8046
311,3,ROUTE_EXISTS,,101583,5645,5513
313,3,ROUTE_EXISTS,,99686,5505,5395
373,3,ROUTE_EXISTS,,152312,9148,8860
354,3,ROUTE_EXISTS,,161295,8718,8465
395,3,ROUTE_EXISTS,,128596,7125,7125
359,3,ROUTE_EXISTS,,155307,8685,8440
320,3,ROUTE_EXISTS,,103044,5720,5590
330,3,ROUTE_EXISTS,,145662,8441,8180
391,3,ROUTE_EXISTS,,87247,5159,5008
303,3,ROUTE_EXISTS,,102370,5689,5555
380,3,ROUTE_EXISTS,,146889,8640,8388
394,3,ROUTE_EXISTS,,73058,4279,4279
400,3,ROUTE_EXISTS,,108360,6430,6272
369,3,ROUTE_EXISTS,,137065,7989,7750
393,3,ROUTE_EXISTS,,74982,4439,4295
385,3,ROUTE_EXISTS,,148163,8885,8614
324,3,ROUTE_EXISTS,,106990,5859,5677
314,3,ROUTE_EXISTS,,101058,5556,5428
389,3,ROUTE_EXISTS,,93959,5473,5333
383,3,ROUTE_EXISTS,,149229,8946,8657
398,3,ROUTE_EXISTS,,112395,6723,6557
375,3,ROUTE_EXISTS,,161976,13386,13043
378,3,ROUTE_EXISTS,,147492,8711,8454
386,3,ROUTE_EXISTS,,147621,8769,8508
319,3,ROUTE_EXISTS,,103864,5680,5549
366,3,ROUTE_EXISTS,,141636,8388,8149
362,3,ROUTE_EXISTS,,169706,9999,9741
372,3,ROUTE_EXISTS,,147537,8747,8488
364,3,ROUTE_EXISTS,,162323,9579,9302
381,3,ROUTE_EXISTS,,146747,8570,8326
307,3,ROUTE_EXISTS,,100915,5562,5433
310,3,ROUTE_EXISTS,,101392,5586,5456
352,3,ROUTE_EXISTS,,151204,8447,8188
360,3,ROUTE_EXISTS,,151446,8896,8620
301,3,ROUTE_EXISTS,,105370,5926,5780
302,3,ROUTE_EXISTS,,103255,5729,5585
365,3,ROUTE_EXISTS,,141895,8289,8047
361,3,ROUTE_EXISTS,,142268,8309,8075
384,3,ROUTE_EXISTS,,148757,8794,8537
371,3,ROUTE_EXISTS,,145900,8579,8331
367,3,ROUTE_EXISTS,,145841,8639,8388
318,3,ROUTE_EXISTS,,101280,5590,5464
341,3,ROUTE_EXISTS,,147182,8272,8018
316,3,ROUTE_EXISTS,,101281,5578,5453
342,3,ROUTE_EXISTS,,147229,8256,8002
315,3,ROUTE_EXISTS,,100969,5515,5408
334,3,ROUTE_EXISTS,,150621,8858,8585
309,3,ROUTE_EXISTS,,100664,5520,5411
308,3,ROUTE_EXISTS,,100681,5514,5406
343,3,ROUTE_EXISTS,,147156,8231,7978
337,3,ROUTE_EXISTS,,149668,8583,8324
347,3,ROUTE_EXISTS,,153249,8679,8424
332,3,ROUTE_EXISTS,,145797,8460,8194
331,3,ROUTE_EXISTS,,145333,8452,8182
317,3,ROUTE_EXISTS,,101438,5594,5467
327,3,ROUTE_EXISTS,,148890,8655,8396
349,3,ROUTE_EXISTS,,152299,8505,8241
388,3,ROUTE_EXISTS,,148398,8875,8605
321,3,ROUTE_EXISTS,,103468,5705,5575
336,3,ROUTE_EXISTS,,142052,7979,7728
312,3,ROUTE_EXISTS,,99057,5387,5277
348,3,ROUTE_EXISTS,,153062,8643,8386
358,3,ROUTE_EXISTS,,159258,9001,8745
377,3,ROUTE_EXISTS,,151245,9218,8936
338,3,ROUTE_EXISTS,,143636,8025,7772
344,3,ROUTE_EXISTS,,148119,8284,8034
328,3,ROUTE_EXISTS,,142089,8158,7898
329,3,ROUTE_EXISTS,,141516,8097,7840
335,3,ROUTE_EXISTS,,134109,7615,7370
356,3,ROUTE_EXISTS,,155395,8641,8391
326,3,ROUTE_EXISTS,,155154,9240,8938
357,3,ROUTE_EXISTS,,162524,9245,8971
374,3,ROUTE_EXISTS,,157449,11514,11145
397,3,ROUTE_EXISTS,,115695,6573,6359
376,3,ROUTE_EXISTS,,153190,10758,10476
368,3,ROUTE_EXISTS,,144237,8544,8295
390,3,ROUTE_EXISTS,,104427,6125,5962
396,3,ROUTE_EXISTS,,122056,6681,6681
351,3,ROUTE_EXISTS,,151212,8495,8243
305,3,ROUTE_EXISTS,,101383,5606,5474
370,3,ROUTE_EXISTS,,140985,8433,8193
333,3,ROUTE_EXISTS,,143865,8318,8055
350,3,ROUTE_EXISTS,,153177,8602,8334
399,3,ROUTE_EXISTS,,126276,7145,7145
345,3,ROUTE_EXISTS,,150220,8426,8170
325,3,ROUTE_EXISTS,,104745,5743,5560
339,3,ROUTE_EXISTS,,144149,8057,7802
382,3,ROUTE_EXISTS,,148761,8851,8586
387,3,ROUTE_EXISTS,,147138,8643,8392
355,3,ROUTE_EXISTS,,161845,9222,8924
304,3,ROUTE_EXISTS,,101632,5631,5495
306,3,ROUTE_EXISTS,,101221,5560,5428
363,3,ROUTE_EXISTS,,166630,9802,9548
340,3,ROUTE_EXISTS,,148592,8287,8033
323,3,ROUTE_EXISTS,,121261,7595,7415
322,3,ROUTE_EXISTS,,104594,5814,5681
353,3,ROUTE_EXISTS,,167554,9321,9029
499,3,ROUTE_EXISTS,,89106,5630,5526
464,3,ROUTE_EXISTS,,49152,2650,2586
500,3,ROUTE_EXISTS,,76577,4832,4813
478,3,ROUTE_EXISTS,,34851,2275,2275
419,3,ROUTE_EXISTS,,96056,5375,5190
487,3,ROUTE_EXISTS,,118564,6413,6228
484,3,ROUTE_EXISTS,,95402,5180,5073
491,3,ROUTE_EXISTS,,95850,6125,5911
429,3,ROUTE_EXISTS,,108003,5948,5739
427,3,ROUTE_EXISTS,,102224,5657,5455
445,3,ROUTE_EXISTS,,79740,4411,4258
422,3,ROUTE_EXISTS,,99487,5416,5247
476,3,ROUTE_EXISTS,,42491,2701,2701
480,3,ROUTE_EXISTS,,64974,3438,3411
467,3,ROUTE_EXISTS,,65239,3453,3389
452,3,ROUTE_EXISTS,,96817,5356,5190
462,3,ROUTE_EXISTS,,88847,4878,4711
444,3,ROUTE_EXISTS,,79871,4407,4254
446,3,ROUTE_EXISTS,,80954,4430,4283
424,3,ROUTE_EXISTS,,101011,5588,5405
438,3,ROUTE_EXISTS,,81510,4421,4268
442,3,ROUTE_EXISTS,,79062,4363,4222
405,3,ROUTE_EXISTS,,121708,7066,6888
406,3,ROUTE_EXISTS,,132134,7962,7780
401,3,ROUTE_EXISTS,,106356,6258,6097
474,3,ROUTE_EXISTS,,49587,3147,3147
475,3,ROUTE_EXISTS,,34446,2843,2843
486,3,ROUTE_EXISTS,,126685,7073,6880
473,3,ROUTE_EXISTS,,55301,3531,3531
469,3,ROUTE_EXISTS,,53254,3253,3253
413,3,ROUTE_EXISTS,,85926,4637,4477
477,3,ROUTE_EXISTS,,37883,2457,2457
461,3,ROUTE_EXISTS,,87212,4807,4646
466,3,ROUTE_EXISTS,,52115,2754,2694
433,3,ROUTE_EXISTS,,73563,3924,3815
479,3,ROUTE_EXISTS,,68349,3598,3568
416,3,ROUTE_EXISTS,,92762,5157,4970
472,3,ROUTE_EXISTS,,60432,3203,3147
431,3,ROUTE_EXISTS,,74447,3889,3784
465,3,ROUTE_EXISTS,,49092,2700,2650
455,3,ROUTE_EXISTS,,91141,5069,4894
434,3,ROUTE_EXISTS,,78109,4240,4106
471,3,ROUTE_EXISTS,,51793,2859,2798
481,3,ROUTE_EXISTS,,74049,3970,3907
449,3,ROUTE_EXISTS,,77720,4145,4027
443,3,ROUTE_EXISTS,,79342,4327,4178
448,3,ROUTE_EXISTS,,79930,4446,4310
451,3,ROUTE_EXISTS,,101994,5648,5465
432,3,ROUTE_EXISTS,,67957,3613,3549
456,3,ROUTE_EXISTS,,93432,5233,5060
404,3,ROUTE_EXISTS,,116734,6855,6679
496,3,ROUTE_EXISTS,,90204,5672,5560
447,3,ROUTE_EXISTS,,77883,4211,4083
430,3,ROUTE_EXISTS,,69265,3645,3579
418,3,ROUTE_EXISTS,,97298,5411,5227
441,3,ROUTE_EXISTS,,78449,4218,4088
402,3,ROUTE_EXISTS,,103691,6161,6004
458,3,ROUTE_EXISTS,,85794,4756,4595
436,3,ROUTE_EXISTS,,82667,4560,4415
403,3,ROUTE_EXISTS,,110832,6525,6360
494,3,ROUTE_EXISTS,,113544,7156,6866
463,3,ROUTE_EXISTS,,86889,4765,4604
423,3,ROUTE_EXISTS,,99159,5544,5353
412,3,ROUTE_EXISTS,,102152,5743,5549
411,3,ROUTE_EXISTS,,103017,5823,5618
497,3,ROUTE_EXISTS,,96651,6139,5950
457,3,ROUTE_EXISTS,,83789,4578,4417
459,3,ROUTE_EXISTS,,89323,4867,4700
493,3,ROUTE_EXISTS,,105586,6769,6497
407,3,ROUTE_EXISTS,,119977,7028,6834
488,3,ROUTE_EXISTS,,127207,7237,7048
490,3,ROUTE_EXISTS,,107728,6882,6611
408,3,ROUTE_EXISTS,,125414,7588,7376
483,3,ROUTE_EXISTS,,80485,4243,4160
410,3,ROUTE_EXISTS,,134297,7925,7717
437,3,ROUTE_EXISTS,,89985,4994,4835
439,3,ROUTE_EXISTS,,83185,4557,4401
409,3,ROUTE_EXISTS,,128960,7595,7383
417,3,ROUTE_EXISTS,,94818,5276,5091
495,3,ROUTE_EXISTS,,125471,8401,8065
425,3,ROUTE_EXISTS,,101893,5600,5409
428,3,ROUTE_EXISTS,,107411,5937,5728
414,3,ROUTE_EXISTS,,89329,4919,4738
492,3,ROUTE_EXISTS,,103395,6597,6354
470,3,ROUTE_EXISTS,,44726,2395,2349
440,3,ROUTE_EXISTS,,77921,4160,4032
489,3,ROUTE_EXISTS,,126379,6868,6679
485,3,ROUTE_EXISTS,,101468,5727,5599
420,3,ROUTE_EXISTS,,94812,5244,5056
435,3,ROUTE_EXISTS,,84755,5033,4870
498,3,ROUTE_EXISTS,,92565,5940,5780
426,3,ROUTE_EXISTS,,100845,5513,5344
450,3,ROUTE_EXISTS,,101655,5636,5457
415,3,ROUTE_EXISTS,,96402,5418,5242
453,3,ROUTE_EXISTS,,95006,5305,5138
460,3,ROUTE_EXISTS,,85686,4731,4569
468,3,ROUTE_EXISTS,,58111,3267,3203
421,3,ROUTE_EXISTS,,102822,5825,5628
454,3,ROUTE_EXISTS,,92268,5190,5015
482,3,ROUTE_EXISTS,,79694,4307,4222
574,3,ROUTE_EXISTS,,3818,350,344
585,3,ROUTE_EXISTS,,16341,1202,1187
532,3,ROUTE_EXISTS,,44273,2431,2359
537,3,ROUTE_EXISTS,,73363,4325,4190
536,3,ROUTE_EXISTS,,71199,4341,4174
562,3,ROUTE_EXISTS,,20995,1241,1197
527,3,ROUTE_EXISTS,,31752,1689,1637
539,3,ROUTE_EXISTS,,81896,6339,6131
529,3,ROUTE_EXISTS,,42920,2416,2367
535,3,ROUTE_EXISTS,,62983,3575,3575
550,3,ROUTE_EXISTS,,63557,4201,4209
521,3,ROUTE_EXISTS,,57763,3403,3308
517,3,ROUTE_EXISTS,,80689,5471,5380
544,3,ROUTE_EXISTS,,126074,7341,7160
573,3,ROUTE_EXISTS,,13585,1080,1080
560,3,ROUTE_EXISTS,,11970,1125,1125
577,3,ROUTE_EXISTS,,25627,1436,1430
572,3,ROUTE_EXISTS,,1745,238,238
583,3,ROUTE_EXISTS,,21105,1483,1464
575,3,ROUTE_EXISTS,,10482,651,654
571,3,ROUTE_EXISTS,,699,112,112
530,3,ROUTE_EXISTS,,38674,2087,2047
531,3,ROUTE_EXISTS,,44412,2477,2404
563,3,ROUTE_EXISTS,,20021,1238,1181
568,3,ROUTE_EXISTS,,27489,1957,1980
586,3,ROUTE_EXISTS,,18653,1277,1253
558,3,ROUTE_EXISTS,,23284,1663,1675
567,3,ROUTE_EXISTS,,25425,1835,1863
580,3,ROUTE_EXISTS,,52810,2860,2824
565,3,ROUTE_EXISTS,,29745,1970,1970
587,3,ROUTE_EXISTS,,24073,1594,1577
584,3,ROUTE_EXISTS,,47259,2952,2952
566,3,ROUTE_EXISTS,,44225,3152,3158
556,3,ROUTE_EXISTS,,24956,1737,1737
549,3,ROUTE_EXISTS,,65487,4359,4369
588,3,ROUTE_EXISTS,,40400,2668,2643
533,3,ROUTE_EXISTS,,43414,2321,2276
503,3,ROUTE_EXISTS,,71428,4521,4539
538,3,ROUTE_EXISTS,,77285,4529,4384
553,3,ROUTE_EXISTS,,52971,3635,3638
545,3,ROUTE_EXISTS,,71943,4734,4734
557,3,ROUTE_EXISTS,,17499,1221,1219
552,3,ROUTE_EXISTS,,62262,4170,4169
528,3,ROUTE_EXISTS,,29831,1666,1617
525,3,ROUTE_EXISTS,,38496,2311,2230
547,3,ROUTE_EXISTS,,90023,5822,5760
569,3,ROUTE_EXISTS,,33512,2374,2395
548,3,ROUTE_EXISTS,,70680,4631,4635
582,3,ROUTE_EXISTS,,22375,1581,1581
555,3,ROUTE_EXISTS,,21514,1442,1442
513,3,ROUTE_EXISTS,,68707,4337,4377
502,3,ROUTE_EXISTS,,78443,4986,4956
501,3,ROUTE_EXISTS,,75029,4751,4732
506,3,ROUTE_EXISTS,,67701,4245,4293
514,3,ROUTE_EXISTS,,64470,3904,3955
510,3,ROUTE_EXISTS,,64818,3960,4019
546,3,ROUTE_EXISTS,,79887,5256,5256
505,3,ROUTE_EXISTS,,68958,4349,4389
511,3,ROUTE_EXISTS,,64777,3970,4026
508,3,ROUTE_EXISTS,,66462,4140,4191
520,3,ROUTE_EXISTS,,57730,3494,3407
595,3,ROUTE_EXISTS,,129702,7200,6964
600,3,ROUTE_EXISTS,,117773,7272,7057
590,3,ROUTE_EXISTS,,135077,7728,7471
518,3,ROUTE_EXISTS,,43988,2766,2760
515,3,ROUTE_EXISTS,,61555,3740,3784
512,3,ROUTE_EXISTS,,63521,3855,3906
523,3,ROUTE_EXISTS,,52462,3592,3581
598,3,ROUTE_EXISTS,,128895,7330,7125
509,3,ROUTE_EXISTS,,65750,4035,4095
540,3,ROUTE_EXISTS,,95152,5445,5283
551,3,ROUTE_EXISTS,,58781,3928,3928
593,3,ROUTE_EXISTS,,128020,7071,6820
507,3,ROUTE_EXISTS,,66916,4193,4237
596,3,ROUTE_EXISTS,,128528,7073,6830
591,3,ROUTE_EXISTS,,129463,7228,6988
542,3,ROUTE_EXISTS,,101711,5911,5704
504,3,ROUTE_EXISTS,,70814,4457,4495
543,3,ROUTE_EXISTS,,104512,6043,5831
599,3,ROUTE_EXISTS,,128867,7323,7119
589,3,ROUTE_EXISTS,,134765,7735,7479
597,3,ROUTE_EXISTS,,123075,7156,6923
524,3,ROUTE_EXISTS,,43912,2814,2718
541,3,ROUTE_EXISTS,,99485,5781,5504
559,3,ROUTE_EXISTS,,21814,1514,1529
554,3,ROUTE_EXISTS,,46668,3258,3265
522,3,ROUTE_EXISTS,,44269,3179,3182
576,3,ROUTE_EXISTS,,17369,1187,1182
561,3,ROUTE_EXISTS,,15833,926,876
570,3,ROUTE_EXISTS,,9778,723,726
534,3,ROUTE_EXISTS,,47461,2704,2625
564,3,ROUTE_EXISTS,,25732,1599,1599
526,3,ROUTE_EXISTS,,30293,1759,1686
594,3,ROUTE_EXISTS,,130361,7298,7057
581,3,ROUTE_EXISTS,,14641,1110,1110
579,3,ROUTE_EXISTS,,38683,2098,2100
592,3,ROUTE_EXISTS,,130316,7361,7124
519,3,ROUTE_EXISTS,,53206,3146,3170
578,3,ROUTE_EXISTS,,36661,1973,1973
516,3,ROUTE_EXISTS,,59201,3576,3610
611,3,ROUTE_NOT_FOUND,,,,
608,3,ROUTE_NOT_FOUND,,,,
609,3,ROUTE_NOT_FOUND,,,,
610,3,ROUTE_NOT_FOUND,,,,
612,3,ROUTE_NOT_FOUND,,,,
607,3,ROUTE_EXISTS,,45243.0,3746.0,3746.0
606,3,ROUTE_EXISTS,,46035.0,3025.0,3024.0
602,3,ROUTE_EXISTS,,81846.0,4963.0,4848.0
605,3,ROUTE_EXISTS,,64994.0,4510.0,4525.0
601,3,ROUTE_EXISTS,,120904.0,7871.0,7725.0
603,3,ROUTE_EXISTS,,127970.0,8874.0,8874.0
604,3,ROUTE_EXISTS,,149718.0,11110.0,11110.0
46,4,ROUTE_EXISTS,,57945,3557,3497
49,4,ROUTE_EXISTS,,58712,3622,3559
65,4,ROUTE_EXISTS,,56936,3527,3465
99,4,ROUTE_EXISTS,,53595,3215,3168
53,4,ROUTE_EXISTS,,58561,3693,3629
27,4,ROUTE_EXISTS,,62406,3945,3884
2,4,ROUTE_EXISTS,,70121,4499,4426
39,4,ROUTE_EXISTS,,70177,4189,4130
87,4,ROUTE_EXISTS,,55512,3466,3417
52,4,ROUTE_EXISTS,,58799,3696,3631
50,4,ROUTE_EXISTS,,58579,3644,3580
51,4,ROUTE_EXISTS,,57951,3587,3520
80,4,ROUTE_EXISTS,,56318,3579,3529
17,4,ROUTE_EXISTS,,60938,3983,3916
76,4,ROUTE_EXISTS,,55970,3456,3406
41,4,ROUTE_EXISTS,,71430,4267,4215
1,4,ROUTE_EXISTS,,61724,3893,3830
10,4,ROUTE_EXISTS,,60016,3761,3693
62,4,ROUTE_EXISTS,,61196,3879,3809
86,4,ROUTE_EXISTS,,54722,3363,3313
23,4,ROUTE_EXISTS,,62244,3954,3894
82,4,ROUTE_EXISTS,,56952,3615,3561
63,4,ROUTE_EXISTS,,55960,3417,3358
67,4,ROUTE_EXISTS,,57558,3532,3470
94,4,ROUTE_EXISTS,,53913,3267,3210
60,4,ROUTE_EXISTS,,61386,3898,3827
70,4,ROUTE_EXISTS,,55619,3367,3309
47,4,ROUTE_EXISTS,,58732,3650,3587
35,4,ROUTE_EXISTS,,63037,4057,3997
57,4,ROUTE_EXISTS,,60152,3801,3729
55,4,ROUTE_EXISTS,,59430,3741,3674
72,4,ROUTE_EXISTS,,55598,3403,3345
75,4,ROUTE_EXISTS,,54982,3501,3455
34,4,ROUTE_EXISTS,,63636,4004,3909
84,4,ROUTE_EXISTS,,54578,3348,3298
77,4,ROUTE_EXISTS,,55441,3437,3388
15,4,ROUTE_EXISTS,,72294,5740,5681
90,4,ROUTE_EXISTS,,54994,3457,3407
85,4,ROUTE_EXISTS,,55242,3431,3380
89,4,ROUTE_EXISTS,,54825,3411,3361
37,4,ROUTE_EXISTS,,70348,4239,4179
93,4,ROUTE_EXISTS,,55811,3618,3570
22,4,ROUTE_EXISTS,,61604,3901,3838
68,4,ROUTE_EXISTS,,55023,3308,3250
73,4,ROUTE_EXISTS,,56966,3541,3481
24,4,ROUTE_EXISTS,,61709,3896,3836
74,4,ROUTE_EXISTS,,55159,3443,3409
36,4,ROUTE_EXISTS,,64270,4149,4087
45,4,ROUTE_EXISTS,,58188,3573,3512
66,4,ROUTE_EXISTS,,56503,3523,3465
88,4,ROUTE_EXISTS,,54938,3403,3351
79,4,ROUTE_EXISTS,,56343,3517,3470
16,4,ROUTE_EXISTS,,72961,4314,4255
69,4,ROUTE_EXISTS,,55678,3416,3357
48,4,ROUTE_EXISTS,,58522,3625,3562
38,4,ROUTE_EXISTS,,70506,4249,4189
7,4,ROUTE_EXISTS,,58182,3685,3623
42,4,ROUTE_EXISTS,,71012,4179,4125
31,4,ROUTE_EXISTS,,62525,3959,3898
95,4,ROUTE_EXISTS,,53777,3278,3227
58,4,ROUTE_EXISTS,,60493,3833,3762
21,4,ROUTE_EXISTS,,60677,3844,3778
97,4,ROUTE_EXISTS,,53629,3244,3194
19,4,ROUTE_EXISTS,,61306,3887,3824
25,4,ROUTE_EXISTS,,61378,3891,3831
8,4,ROUTE_EXISTS,,60256,3800,3732
5,4,ROUTE_EXISTS,,68228,4295,4231
59,4,ROUTE_EXISTS,,60331,3813,3742
78,4,ROUTE_EXISTS,,55506,3408,3356
64,4,ROUTE_EXISTS,,56757,3513,3455
3,4,ROUTE_EXISTS,,70988,4587,4507
100,4,ROUTE_EXISTS,,53924,3264,3215
20,4,ROUTE_EXISTS,,60702,3808,3742
32,4,ROUTE_EXISTS,,63059,4019,3961
13,4,ROUTE_EXISTS,,63958,4171,4095
91,4,ROUTE_EXISTS,,55250,3421,3369
9,4,ROUTE_EXISTS,,58823,3756,3692
30,4,ROUTE_EXISTS,,62163,3971,3911
28,4,ROUTE_EXISTS,,62783,4008,3950
61,4,ROUTE_EXISTS,,60992,3857,3787
11,4,ROUTE_EXISTS,,61598,3898,3834
14,4,ROUTE_EXISTS,,69620,4709,4640
81,4,ROUTE_EXISTS,,56933,3623,3568
98,4,ROUTE_EXISTS,,54063,3357,3272
44,4,ROUTE_EXISTS,,57537,3533,3473
40,4,ROUTE_EXISTS,,70567,4278,4214
71,4,ROUTE_EXISTS,,55942,3438,3377
18,4,ROUTE_EXISTS,,59193,3637,3574
26,4,ROUTE_EXISTS,,61668,3933,3872
83,4,ROUTE_EXISTS,,55199,3466,3412
29,4,ROUTE_EXISTS,,61872,3939,3879
56,4,ROUTE_EXISTS,,60029,3790,3718
92,4,ROUTE_EXISTS,,55374,3446,3394
6,4,ROUTE_EXISTS,,59011,3786,3723
4,4,ROUTE_EXISTS,,65717,4258,4213
54,4,ROUTE_EXISTS,,59368,3746,3679
96,4,ROUTE_EXISTS,,54149,3293,3239
33,4,ROUTE_EXISTS,,62984,4004,3946
12,4,ROUTE_EXISTS,,60962,3897,3829
43,4,ROUTE_EXISTS,,57155,3539,3479
191,4,ROUTE_EXISTS,,48563,2902,2865
107,4,ROUTE_EXISTS,,51701,3060,3017
140,4,ROUTE_EXISTS,,50740,3020,2980
172,4,ROUTE_EXISTS,,52550,3174,3136
121,4,ROUTE_EXISTS,,52085,3148,3105
148,4,ROUTE_EXISTS,,50353,2997,2953
132,4,ROUTE_EXISTS,,54072,3384,3324
118,4,ROUTE_EXISTS,,52359,3180,3138
113,4,ROUTE_EXISTS,,52644,3242,3202
198,4,ROUTE_EXISTS,,36346,2218,2193
124,4,ROUTE_EXISTS,,51087,3029,2987
131,4,ROUTE_EXISTS,,53767,3420,3367
194,4,ROUTE_EXISTS,,59954,3673,3613
164,4,ROUTE_EXISTS,,49217,2904,2867
120,4,ROUTE_EXISTS,,51470,3109,3067
187,4,ROUTE_EXISTS,,51053,2998,2960
188,4,ROUTE_EXISTS,,52835,3138,3091
176,4,ROUTE_EXISTS,,53082,3263,3225
103,4,ROUTE_EXISTS,,56366,3447,3388
157,4,ROUTE_EXISTS,,50349,3036,2994
166,4,ROUTE_EXISTS,,49606,2919,2880
133,4,ROUTE_EXISTS,,53970,3389,3337
128,4,ROUTE_EXISTS,,52783,3264,3215
127,4,ROUTE_EXISTS,,52851,3237,3198
147,4,ROUTE_EXISTS,,50381,3012,2968
116,4,ROUTE_EXISTS,,52074,3206,3164
197,4,ROUTE_EXISTS,,41389,2534,2509
195,4,ROUTE_EXISTS,,43576,2487,2459
155,4,ROUTE_EXISTS,,48332,2885,2845
174,4,ROUTE_EXISTS,,52567,3181,3145
196,4,ROUTE_EXISTS,,39418,2319,2294
153,4,ROUTE_EXISTS,,50065,2900,2857
173,4,ROUTE_EXISTS,,53781,3246,3197
126,4,ROUTE_EXISTS,,51588,3129,3086
141,4,ROUTE_EXISTS,,50887,3072,3022
144,4,ROUTE_EXISTS,,47213,2810,2776
138,4,ROUTE_EXISTS,,50347,3029,2984
170,4,ROUTE_EXISTS,,51079,3191,3152
189,4,ROUTE_EXISTS,,52509,3135,3089
168,4,ROUTE_EXISTS,,51603,3147,3113
106,4,ROUTE_EXISTS,,52144,3175,3137
112,4,ROUTE_EXISTS,,52939,3281,3237
146,4,ROUTE_EXISTS,,50601,3051,3007
165,4,ROUTE_EXISTS,,49132,2858,2822
159,4,ROUTE_EXISTS,,50284,3038,3000
108,4,ROUTE_EXISTS,,52435,3215,3177
161,4,ROUTE_EXISTS,,51829,3106,3058
177,4,ROUTE_EXISTS,,53244,3201,3156
185,4,ROUTE_EXISTS,,50712,2927,2889
142,4,ROUTE_EXISTS,,51328,3017,2971
160,4,ROUTE_EXISTS,,51234,3115,3073
156,4,ROUTE_EXISTS,,49646,2940,2902
134,4,ROUTE_EXISTS,,53529,3304,3253
136,4,ROUTE_EXISTS,,50149,3020,2974
192,4,ROUTE_EXISTS,,51673,3113,3070
114,4,ROUTE_EXISTS,,53145,3278,3234
179,4,ROUTE_EXISTS,,52075,3090,3051
171,4,ROUTE_EXISTS,,50630,3032,2992
137,4,ROUTE_EXISTS,,50029,2969,2923
169,4,ROUTE_EXISTS,,51690,3141,3107
110,4,ROUTE_EXISTS,,52420,3215,3177
123,4,ROUTE_EXISTS,,51189,3023,2981
149,4,ROUTE_EXISTS,,51291,3085,3035
117,4,ROUTE_EXISTS,,52504,3206,3162
122,4,ROUTE_EXISTS,,52175,3131,3086
129,4,ROUTE_EXISTS,,53206,3324,3271
119,4,ROUTE_EXISTS,,52828,3291,3241
184,4,ROUTE_EXISTS,,50774,2946,2908
135,4,ROUTE_EXISTS,,53498,3209,3172
143,4,ROUTE_EXISTS,,51418,3133,3093
180,4,ROUTE_EXISTS,,52548,3141,3095
182,4,ROUTE_EXISTS,,51207,3005,2967
105,4,ROUTE_EXISTS,,51784,3090,3047
186,4,ROUTE_EXISTS,,51411,3014,2976
130,4,ROUTE_EXISTS,,52307,3186,3142
151,4,ROUTE_EXISTS,,50542,2967,2925
139,4,ROUTE_EXISTS,,50913,3018,2975
104,4,ROUTE_EXISTS,,52057,3146,3103
102,4,ROUTE_EXISTS,,54867,3329,3271
115,4,ROUTE_EXISTS,,51397,3095,3052
181,4,ROUTE_EXISTS,,52432,3154,3115
200,4,ROUTE_EXISTS,,48158,2919,2883
145,4,ROUTE_EXISTS,,50018,2959,2915
167,4,ROUTE_EXISTS,,51243,3110,3074
162,4,ROUTE_EXISTS,,52296,3153,3099
150,4,ROUTE_EXISTS,,50459,2972,2929
125,4,ROUTE_EXISTS,,51744,3180,3138
152,4,ROUTE_EXISTS,,49770,2923,2880
163,4,ROUTE_EXISTS,,49015,2918,2881
101,4,ROUTE_EXISTS,,53853,3344,3290
190,4,ROUTE_EXISTS,,53921,3283,3235
175,4,ROUTE_EXISTS,,52978,3266,3225
158,4,ROUTE_EXISTS,,50935,3023,2975
193,4,ROUTE_EXISTS,,58153,3465,3402
178,4,ROUTE_EXISTS,,51279,3128,3089
199,4,ROUTE_EXISTS,,47791,2939,2903
111,4,ROUTE_EXISTS,,52689,3241,3202
183,4,ROUTE_EXISTS,,51246,2999,2962
109,4,ROUTE_EXISTS,,52358,3182,3143
154,4,ROUTE_EXISTS,,48422,2760,2719
220,4,ROUTE_EXISTS,,51554,3112,3069
256,4,ROUTE_EXISTS,,54095,3461,3405
208,4,ROUTE_EXISTS,,54159,3278,3225
201,4,ROUTE_EXISTS,,48535,2931,2896
223,4,ROUTE_EXISTS,,52067,3120,3074
226,4,ROUTE_EXISTS,,53467,3225,3182
218,4,ROUTE_EXISTS,,51385,3037,2994
254,4,ROUTE_EXISTS,,48536,3233,3226
263,4,ROUTE_EXISTS,,52505,3253,3210
290,4,ROUTE_EXISTS,,29927,1992,2044
222,4,ROUTE_EXISTS,,53162,3185,3142
261,4,ROUTE_EXISTS,,53218,3317,3269
265,4,ROUTE_EXISTS,,56570,3650,3593
234,4,ROUTE_EXISTS,,54081,3265,3212
273,4,ROUTE_EXISTS,,54354,3403,3352
255,4,ROUTE_EXISTS,,53341,3329,3283
225,4,ROUTE_EXISTS,,52864,3252,3203
292,4,ROUTE_EXISTS,,28329,1930,1982
241,4,ROUTE_EXISTS,,49432,3095,3084
204,4,ROUTE_EXISTS,,47852,2835,2799
297,4,ROUTE_EXISTS,,30717,2054,2096
295,4,ROUTE_EXISTS,,31332,2131,2172
244,4,ROUTE_EXISTS,,40365,2480,2475
285,4,ROUTE_EXISTS,,31186,2055,2100
229,4,ROUTE_EXISTS,,53954,3218,3171
286,4,ROUTE_EXISTS,,34171,2225,2275
269,4,ROUTE_EXISTS,,52746,3194,3153
288,4,ROUTE_EXISTS,,32460,2202,2252
294,4,ROUTE_EXISTS,,26554,1799,1848
243,4,ROUTE_EXISTS,,47910,2938,2935
283,4,ROUTE_EXISTS,,38649,2508,2549
239,4,ROUTE_EXISTS,,53375,3302,3256
240,4,ROUTE_EXISTS,,51047,3206,3190
278,4,ROUTE_EXISTS,,51065,3145,3151
207,4,ROUTE_EXISTS,,53442,3130,3083
246,4,ROUTE_EXISTS,,28347,1870,1873
231,4,ROUTE_EXISTS,,51506,3217,3219
291,4,ROUTE_EXISTS,,28909,1901,1954
250,4,ROUTE_EXISTS,,50923,3227,3216
268,4,ROUTE_EXISTS,,53408,3375,3321
235,4,ROUTE_EXISTS,,53223,3191,3148
216,4,ROUTE_EXISTS,,52699,3171,3127
252,4,ROUTE_EXISTS,,52916,3359,3336
276,4,ROUTE_EXISTS,,54864,3332,3329
284,4,ROUTE_EXISTS,,35494,2500,2500
213,4,ROUTE_EXISTS,,52592,3142,3098
228,4,ROUTE_EXISTS,,53620,3216,3171
230,4,ROUTE_EXISTS,,54363,3288,3232
215,4,ROUTE_EXISTS,,52609,3145,3101
275,4,ROUTE_EXISTS,,66956,3814,3806
267,4,ROUTE_EXISTS,,54299,3485,3429
238,4,ROUTE_EXISTS,,52634,3230,3186
206,4,ROUTE_EXISTS,,50356,3151,3117
245,4,ROUTE_EXISTS,,51912,3284,3264
247,4,ROUTE_EXISTS,,45843,2967,2962
272,4,ROUTE_EXISTS,,53633,3299,3248
210,4,ROUTE_EXISTS,,51008,3242,3206
212,4,ROUTE_EXISTS,,56581,3386,3324
202,4,ROUTE_EXISTS,,49247,3005,2968
258,4,ROUTE_EXISTS,,54227,3460,3406
248,4,ROUTE_EXISTS,,62268,4453,4386
203,4,ROUTE_EXISTS,,49187,3015,2980
211,4,ROUTE_EXISTS,,56646,3465,3402
260,4,ROUTE_EXISTS,,54267,3468,3413
236,4,ROUTE_EXISTS,,52762,3234,3189
219,4,ROUTE_EXISTS,,50903,3016,2973
264,4,ROUTE_EXISTS,,54535,3326,3280
259,4,ROUTE_EXISTS,,54118,3398,3345
242,4,ROUTE_EXISTS,,49327,3104,3098
251,4,ROUTE_EXISTS,,54543,3452,3401
274,4,ROUTE_EXISTS,,55465,3406,3352
298,4,ROUTE_EXISTS,,30824,2055,2098
227,4,ROUTE_EXISTS,,53055,3145,3102
293,4,ROUTE_EXISTS,,26832,1782,1831
270,4,ROUTE_EXISTS,,52519,3190,3153
299,4,ROUTE_EXISTS,,31795,2193,2231
300,4,ROUTE_EXISTS,,31853,2149,2188
279,4,ROUTE_EXISTS,,48338,2927,2937
221,4,ROUTE_EXISTS,,53029,3228,3186
271,4,ROUTE_EXISTS,,52785,3288,3244
249,4,ROUTE_EXISTS,,51765,3327,3303
209,4,ROUTE_EXISTS,,54798,3258,3200
281,4,ROUTE_EXISTS,,48894,3270,3224
262,4,ROUTE_EXISTS,,52101,3128,3088
233,4,ROUTE_EXISTS,,50962,3139,3142
224,4,ROUTE_EXISTS,,51893,3109,3061
266,4,ROUTE_EXISTS,,58002,3636,3583
280,4,ROUTE_EXISTS,,43715,2940,2920
289,4,ROUTE_EXISTS,,31673,2103,2155
296,4,ROUTE_EXISTS,,31483,2146,2185
277,4,ROUTE_EXISTS,,52647,3335,3334
287,4,ROUTE_EXISTS,,33265,2255,2303
214,4,ROUTE_EXISTS,,53364,3208,3164
282,4,ROUTE_EXISTS,,51814,3391,3388
232,4,ROUTE_EXISTS,,51241,3194,3197
253,4,ROUTE_EXISTS,,52168,3380,3363
217,4,ROUTE_EXISTS,,51911,3144,3104
205,4,ROUTE_EXISTS,,53018,3130,3083
257,4,ROUTE_EXISTS,,53779,3420,3366
237,4,ROUTE_EXISTS,,52188,3101,3058
319,4,ROUTE_EXISTS,,32282,1911,1920
395,4,ROUTE_EXISTS,,50730,3189,3189
317,4,ROUTE_EXISTS,,35032,2105,2114
361,4,ROUTE_EXISTS,,86421,5124,5124
309,4,ROUTE_EXISTS,,31900,2167,2216
323,4,ROUTE_EXISTS,,52496,4221,4221
337,4,ROUTE_EXISTS,,71802,4450,4389
328,4,ROUTE_EXISTS,,64223,4025,3962
381,4,ROUTE_EXISTS,,90902,5376,5376
305,4,ROUTE_EXISTS,,32619,2232,2278
334,4,ROUTE_EXISTS,,72756,4717,4650
378,4,ROUTE_EXISTS,,91647,5505,5505
356,4,ROUTE_EXISTS,,77529,4507,4455
311,4,ROUTE_EXISTS,,32819,2271,2318
394,4,ROUTE_EXISTS,,75572,4466,4466
331,4,ROUTE_EXISTS,,67467,4322,4246
326,4,ROUTE_EXISTS,,77288,5073,5002
324,4,ROUTE_EXISTS,,29124,1740,1741
325,4,ROUTE_EXISTS,,26879,1622,1624
308,4,ROUTE_EXISTS,,31917,2162,2211
302,4,ROUTE_EXISTS,,34491,2357,2390
322,4,ROUTE_EXISTS,,35830,2444,2486
312,4,ROUTE_EXISTS,,30293,2027,2082
313,4,ROUTE_EXISTS,,30922,2149,2200
397,4,ROUTE_EXISTS,,37831,2424,2424
307,4,ROUTE_EXISTS,,32150,2190,2237
338,4,ROUTE_EXISTS,,65770,3893,3836
306,4,ROUTE_EXISTS,,32456,2187,2233
390,4,ROUTE_EXISTS,,73722,4461,4461
399,4,ROUTE_EXISTS,,48410,3209,3209
316,4,ROUTE_EXISTS,,35733,2162,2170
398,4,ROUTE_EXISTS,,45493,2805,2805
400,4,ROUTE_EXISTS,,49178,3020,3020
321,4,ROUTE_EXISTS,,34704,2333,2380
304,4,ROUTE_EXISTS,,32868,2257,2300
369,4,ROUTE_EXISTS,,81219,4801,4801
303,4,ROUTE_EXISTS,,33606,2316,2360
315,4,ROUTE_EXISTS,,32205,2162,2213
353,4,ROUTE_EXISTS,,89690,5154,5094
376,4,ROUTE_EXISTS,,97346,7525,7525
380,4,ROUTE_EXISTS,,91045,5438,5438
366,4,ROUTE_EXISTS,,85790,5200,5200
368,4,ROUTE_EXISTS,,88391,5346,5346
388,4,ROUTE_EXISTS,,92553,5655,5655
336,4,ROUTE_EXISTS,,64186,3848,3792
373,4,ROUTE_EXISTS,,89096,5479,5392
329,4,ROUTE_EXISTS,,63650,3964,3905
335,4,ROUTE_EXISTS,,56244,3487,3434
332,4,ROUTE_EXISTS,,67931,4330,4258
379,4,ROUTE_EXISTS,,89812,5350,5350
386,4,ROUTE_EXISTS,,91776,5558,5558
365,4,ROUTE_EXISTS,,86050,5097,5097
359,4,ROUTE_EXISTS,,77441,4549,4504
360,4,ROUTE_EXISTS,,95601,5671,5671
364,4,ROUTE_EXISTS,,106478,6353,6353
344,4,ROUTE_EXISTS,,70253,4153,4098
377,4,ROUTE_EXISTS,,95399,5986,5986
340,4,ROUTE_EXISTS,,70726,4155,4097
367,4,ROUTE_EXISTS,,89996,5438,5438
382,4,ROUTE_EXISTS,,92916,5637,5637
385,4,ROUTE_EXISTS,,92319,5664,5664
350,4,ROUTE_EXISTS,,75311,4467,4398
327,4,ROUTE_EXISTS,,71024,4521,4460
384,4,ROUTE_EXISTS,,92912,5587,5587
371,4,ROUTE_EXISTS,,93817,5363,5300
354,4,ROUTE_EXISTS,,83429,4581,4529
342,4,ROUTE_EXISTS,,69364,4124,4066
387,4,ROUTE_EXISTS,,91292,5442,5442
362,4,ROUTE_EXISTS,,113860,6792,6792
347,4,ROUTE_EXISTS,,75383,4544,4488
348,4,ROUTE_EXISTS,,75196,4508,4450
343,4,ROUTE_EXISTS,,69290,4100,4042
352,4,ROUTE_EXISTS,,73340,4316,4252
358,4,ROUTE_EXISTS,,81392,4854,4809
357,4,ROUTE_EXISTS,,84658,5077,5035
375,4,ROUTE_EXISTS,,106130,10093,10093
370,4,ROUTE_EXISTS,,85139,5243,5243
339,4,ROUTE_EXISTS,,66283,3923,3866
374,4,ROUTE_EXISTS,,101604,8196,8196
310,4,ROUTE_EXISTS,,32628,2212,2261
396,4,ROUTE_EXISTS,,44190,2745,2745
318,4,ROUTE_EXISTS,,35732,2174,2181
389,4,ROUTE_EXISTS,,64315,3905,3905
351,4,ROUTE_EXISTS,,73346,4364,4307
349,4,ROUTE_EXISTS,,74433,4373,4306
391,4,ROUTE_EXISTS,,71576,4401,4401
392,4,ROUTE_EXISTS,,82860,5007,4939
363,4,ROUTE_EXISTS,,110785,6598,6598
393,4,ROUTE_EXISTS,,77496,4537,4482
301,4,ROUTE_EXISTS,,36606,2564,2585
320,4,ROUTE_EXISTS,,34279,2349,2395
345,4,ROUTE_EXISTS,,72354,4296,4234
314,4,ROUTE_EXISTS,,32295,2183,2233
355,4,ROUTE_EXISTS,,83980,5055,4988
330,4,ROUTE_EXISTS,,67796,4311,4245
346,4,ROUTE_EXISTS,,70733,4167,4110
383,4,ROUTE_EXISTS,,93384,5707,5707
333,4,ROUTE_EXISTS,,65999,4187,4119
372,4,ROUTE_EXISTS,,95353,5507,5447
341,4,ROUTE_EXISTS,,69317,4141,4083
465,4,ROUTE_EXISTS,,31116,1839,1854
452,4,ROUTE_EXISTS,,18951,1251,1254
403,4,ROUTE_EXISTS,,54987,3410,3410
439,4,ROUTE_EXISTS,,5319,465,465
498,4,ROUTE_EXISTS,,98873,5626,5565
437,4,ROUTE_EXISTS,,11972,868,878
417,4,ROUTE_EXISTS,,16952,1166,1155
467,4,ROUTE_EXISTS,,13835,866,868
474,4,ROUTE_EXISTS,,48032,2734,2750
425,4,ROUTE_EXISTS,,24027,1480,1473
473,4,ROUTE_EXISTS,,45881,2693,2708
468,4,ROUTE_EXISTS,,22048,1429,1429
431,4,ROUTE_EXISTS,,3632,308,313
490,4,ROUTE_EXISTS,,91037,5541,5514
449,4,ROUTE_EXISTS,,3123,365,365
492,4,ROUTE_EXISTS,,109703,6235,6139
404,4,ROUTE_EXISTS,,60889,3729,3729
409,4,ROUTE_EXISTS,,73113,4432,4432
441,4,ROUTE_EXISTS,,1199,232,232
406,4,ROUTE_EXISTS,,73107,4621,4575
484,4,ROUTE_EXISTS,,61727,3806,3813
407,4,ROUTE_EXISTS,,64132,3885,3885
463,4,ROUTE_EXISTS,,9024,669,668
486,4,ROUTE_EXISTS,,80633,5105,5090
460,4,ROUTE_EXISTS,,7820,635,633
469,4,ROUTE_EXISTS,,25387,1753,1753
470,4,ROUTE_EXISTS,,33771,1903,1915
472,4,ROUTE_EXISTS,,38875,2134,2147
479,4,ROUTE_EXISTS,,46792,2522,2568
483,4,ROUTE_EXISTS,,42752,2632,2668
448,4,ROUTE_EXISTS,,3338,408,408
438,4,ROUTE_EXISTS,,3644,339,332
454,4,ROUTE_EXISTS,,14402,1080,1079
475,4,ROUTE_EXISTS,,58705,3766,3766
455,4,ROUTE_EXISTS,,13275,959,958
401,4,ROUTE_EXISTS,,52214,3255,3255
476,4,ROUTE_EXISTS,,48907,2772,2787
461,4,ROUTE_EXISTS,,9346,710,710
458,4,ROUTE_EXISTS,,7928,661,659
450,4,ROUTE_EXISTS,,23789,1516,1521
422,4,ROUTE_EXISTS,,21621,1315,1311
442,4,ROUTE_EXISTS,,1197,286,286
434,4,ROUTE_EXISTS,,3930,415,415
446,4,ROUTE_EXISTS,,3088,347,347
497,4,ROUTE_EXISTS,,102959,5804,5734
402,4,ROUTE_EXISTS,,57097,3631,3631
482,4,ROUTE_EXISTS,,46019,2942,2962
433,4,ROUTE_EXISTS,,6222,501,503
459,4,ROUTE_EXISTS,,11458,768,765
480,4,ROUTE_EXISTS,,43417,2366,2411
457,4,ROUTE_EXISTS,,5923,489,481
453,4,ROUTE_EXISTS,,17140,1198,1202
443,4,ROUTE_EXISTS,,1476,242,242
489,4,ROUTE_EXISTS,,80328,4899,4890
500,4,ROUTE_EXISTS,,88108,4904,4876
456,4,ROUTE_EXISTS,,15566,1124,1124
451,4,ROUTE_EXISTS,,24129,1528,1529
491,4,ROUTE_EXISTS,,102158,5786,5696
485,4,ROUTE_EXISTS,,67793,4361,4339
440,4,ROUTE_EXISTS,,150,49,49
428,4,ROUTE_EXISTS,,29546,1815,1792
495,4,ROUTE_EXISTS,,131779,7976,7850
444,4,ROUTE_EXISTS,,2006,318,318
478,4,ROUTE_EXISTS,,57823,3382,3382
496,4,ROUTE_EXISTS,,96512,5400,5345
494,4,ROUTE_EXISTS,,119852,6765,6651
414,4,ROUTE_EXISTS,,11464,816,802
432,4,ROUTE_EXISTS,,10710,721,723
423,4,ROUTE_EXISTS,,21293,1429,1417
493,4,ROUTE_EXISTS,,111894,6398,6282
420,4,ROUTE_EXISTS,,16947,1134,1120
411,4,ROUTE_EXISTS,,25151,1704,1682
419,4,ROUTE_EXISTS,,18191,1272,1254
412,4,ROUTE_EXISTS,,24286,1613,1613
429,4,ROUTE_EXISTS,,30137,1826,1803
415,4,ROUTE_EXISTS,,18536,1306,1306
481,4,ROUTE_EXISTS,,52491,2856,2907
405,4,ROUTE_EXISTS,,65863,3938,3938
499,4,ROUTE_EXISTS,,95415,5360,5311
410,4,ROUTE_EXISTS,,78451,4768,4768
447,4,ROUTE_EXISTS,,1901,236,238
436,4,ROUTE_EXISTS,,4654,449,458
462,4,ROUTE_EXISTS,,10981,777,775
471,4,ROUTE_EXISTS,,30236,1791,1798
488,4,ROUTE_EXISTS,,81156,5280,5258
427,4,ROUTE_EXISTS,,24358,1537,1519
445,4,ROUTE_EXISTS,,1876,322,322
424,4,ROUTE_EXISTS,,23145,1470,1469
416,4,ROUTE_EXISTS,,14898,1046,1035
418,4,ROUTE_EXISTS,,19432,1310,1291
466,4,ROUTE_EXISTS,,25859,1397,1401
477,4,ROUTE_EXISTS,,54273,3138,3138
464,4,ROUTE_EXISTS,,30007,1718,1721
426,4,ROUTE_EXISTS,,22979,1414,1409
421,4,ROUTE_EXISTS,,24956,1692,1692
413,4,ROUTE_EXISTS,,8060,546,541
430,4,ROUTE_EXISTS,,8916,599,601
408,4,ROUTE_EXISTS,,69569,4427,4427
487,4,ROUTE_EXISTS,,72514,4448,4438
435,4,ROUTE_EXISTS,,6742,913,913
542,4,ROUTE_EXISTS,,95153,5622,5622
600,4,ROUTE_EXISTS,,39908,3134,3121
526,4,ROUTE_EXISTS,,53973,3197,3136
537,4,ROUTE_EXISTS,,75877,4420,4377
584,4,ROUTE_EXISTS,,115143,6298,6298
564,4,ROUTE_EXISTS,,70441,3858,3827
579,4,ROUTE_EXISTS,,116287,6166,6048
505,4,ROUTE_EXISTS,,94643,5284,5241
523,4,ROUTE_EXISTS,,69171,4088,4019
581,4,ROUTE_EXISTS,,71025,3787,3770
559,4,ROUTE_EXISTS,,80840,4637,4596
561,4,ROUTE_EXISTS,,62247,3217,3209
588,4,ROUTE_EXISTS,,113707,6363,6363
547,4,ROUTE_EXISTS,,113215,6804,6804
594,4,ROUTE_EXISTS,,52495,3159,3121
536,4,ROUTE_EXISTS,,73712,4435,4361
517,4,ROUTE_EXISTS,,88113,5993,5966
522,4,ROUTE_EXISTS,,77935,4991,4808
570,4,ROUTE_EXISTS,,86817,4671,4589
513,4,ROUTE_EXISTS,,95354,5349,5308
595,4,ROUTE_EXISTS,,51837,3067,3028
580,4,ROUTE_EXISTS,,130413,6944,6772
548,4,ROUTE_EXISTS,,109560,6575,6478
546,4,ROUTE_EXISTS,,118766,7219,7098
532,4,ROUTE_EXISTS,,46786,2555,2546
530,4,ROUTE_EXISTS,,40244,2217,2235
531,4,ROUTE_EXISTS,,46926,2601,2591
527,4,ROUTE_EXISTS,,46323,2435,2449
528,4,ROUTE_EXISTS,,50506,2780,2792
582,4,ROUTE_EXISTS,,77617,4162,4162
533,4,ROUTE_EXISTS,,36519,1986,1999
525,4,ROUTE_EXISTS,,46019,2718,2703
549,4,ROUTE_EXISTS,,104367,6311,6212
574,4,ROUTE_EXISTS,,81421,4376,4293
597,4,ROUTE_EXISTS,,45210,2987,2987
553,4,ROUTE_EXISTS,,91851,5571,5480
560,4,ROUTE_EXISTS,,81473,4679,4592
501,4,ROUTE_EXISTS,,88407,4897,4871
554,4,ROUTE_EXISTS,,85548,5202,5107
518,4,ROUTE_EXISTS,,111872,6105,6105
572,4,ROUTE_EXISTS,,77832,4099,4034
571,4,ROUTE_EXISTS,,78303,4131,4060
529,4,ROUTE_EXISTS,,42893,2415,2432
562,4,ROUTE_EXISTS,,58748,3051,3063
575,4,ROUTE_EXISTS,,88085,4691,4603
521,4,ROUTE_EXISTS,,60277,3532,3495
551,4,ROUTE_EXISTS,,97659,5871,5771
538,4,ROUTE_EXISTS,,79799,4630,4571
590,4,ROUTE_EXISTS,,57211,3596,3536
568,4,ROUTE_EXISTS,,88925,5283,5247
591,4,ROUTE_EXISTS,,51597,3096,3053
550,4,ROUTE_EXISTS,,102435,6150,6052
540,4,ROUTE_EXISTS,,97665,5561,5470
503,4,ROUTE_EXISTS,,92034,5097,5061
539,4,ROUTE_EXISTS,,84409,6447,6318
596,4,ROUTE_EXISTS,,50662,2931,2894
504,4,ROUTE_EXISTS,,93155,5171,5133
587,4,ROUTE_EXISTS,,97380,5297,5297
599,4,ROUTE_EXISTS,,51002,3181,3183
511,4,ROUTE_EXISTS,,98655,5669,5601
535,4,ROUTE_EXISTS,,65497,3793,3762
592,4,ROUTE_EXISTS,,52450,3226,3188
508,4,ROUTE_EXISTS,,97074,5477,5431
558,4,ROUTE_EXISTS,,82506,4809,4760
583,4,ROUTE_EXISTS,,88234,4750,4750
519,4,ROUTE_EXISTS,,110130,6452,6344
576,4,ROUTE_EXISTS,,94972,5239,5131
573,4,ROUTE_EXISTS,,90984,5084,4976
545,4,ROUTE_EXISTS,,110824,6679,6576
512,4,ROUTE_EXISTS,,99898,5772,5708
515,4,ROUTE_EXISTS,,102117,5927,5867
578,4,ROUTE_EXISTS,,114264,6034,5921
507,4,ROUTE_EXISTS,,96575,5417,5373
569,4,ROUTE_EXISTS,,88121,5318,5214
510,4,ROUTE_EXISTS,,98739,5670,5602
541,4,ROUTE_EXISTS,,87881,5138,5138
585,4,ROUTE_EXISTS,,93740,5202,5083
502,4,ROUTE_EXISTS,,85017,4754,4734
514,4,ROUTE_EXISTS,,98942,5666,5603
567,4,ROUTE_EXISTS,,86861,5163,5130
509,4,ROUTE_EXISTS,,97739,5587,5522
556,4,ROUTE_EXISTS,,92195,5461,5404
552,4,ROUTE_EXISTS,,101142,6117,6011
586,4,ROUTE_EXISTS,,91960,4973,4973
566,4,ROUTE_EXISTS,,83139,5131,5036
524,4,ROUTE_EXISTS,,50251,2964,2950
534,4,ROUTE_EXISTS,,49975,2825,2812
520,4,ROUTE_EXISTS,,60244,3626,3594
589,4,ROUTE_EXISTS,,56899,3602,3543
563,4,ROUTE_EXISTS,,64730,3427,3409
593,4,ROUTE_EXISTS,,50154,2929,2885
577,4,ROUTE_EXISTS,,103231,5495,5378
544,4,ROUTE_EXISTS,,109189,6940,6940
555,4,ROUTE_EXISTS,,99117,5503,5391
598,4,ROUTE_EXISTS,,51030,3187,3189
565,4,ROUTE_EXISTS,,74452,4243,4198
543,4,ROUTE_EXISTS,,97955,5750,5750
557,4,ROUTE_EXISTS,,94538,5185,5082
516,4,ROUTE_EXISTS,,104268,6016,5956
506,4,ROUTE_EXISTS,,95827,5376,5334
611,4,ROUTE_NOT_FOUND,,,,
610,4,ROUTE_NOT_FOUND,,,,
609,4,ROUTE_NOT_FOUND,,,,
608,4,ROUTE_NOT_FOUND,,,,
612,4,ROUTE_NOT_FOUND,,,,
607,4,ROUTE_EXISTS,,110311.0,7257.0,7257.0
602,4,ROUTE_EXISTS,,60289.0,3848.0,3848.0
605,4,ROUTE_EXISTS,,116625.0,7479.0,7364.0
603,4,ROUTE_EXISTS,,134278.0,8659.0,8659.0
601,4,ROUTE_EXISTS,,87229.0,6465.0,6465.0
606,4,ROUTE_EXISTS,,107471.0,6367.0,6290.0
604,4,ROUTE_EXISTS,,156026.0,10895.0,10895.0
85,5,ROUTE_EXISTS,,22204,1664,1664
46,5,ROUTE_EXISTS,,27901,2163,2149
38,5,ROUTE_EXISTS,,36281,2695,2640
6,5,ROUTE_EXISTS,,25973,2036,2006
60,5,ROUTE_EXISTS,,30837,2309,2281
30,5,ROUTE_EXISTS,,31374,2373,2352
14,5,ROUTE_EXISTS,,36583,2969,2923
81,5,ROUTE_EXISTS,,23895,1878,1851
19,5,ROUTE_EXISTS,,30516,2291,2264
92,5,ROUTE_EXISTS,,22337,1677,1677
65,5,ROUTE_EXISTS,,23958,1910,1881
83,5,ROUTE_EXISTS,,22161,1696,1696
17,5,ROUTE_EXISTS,,30894,2580,2568
56,5,ROUTE_EXISTS,,27596,2227,2196
12,5,ROUTE_EXISTS,,27925,2149,2112
21,5,ROUTE_EXISTS,,29354,2205,2174
75,5,ROUTE_EXISTS,,23289,1845,1826
20,5,ROUTE_EXISTS,,29913,2211,2182
36,5,ROUTE_EXISTS,,34842,2578,2523
50,5,ROUTE_EXISTS,,26145,2085,2058
97,5,ROUTE_EXISTS,,23585,1861,1846
88,5,ROUTE_EXISTS,,21900,1635,1635
89,5,ROUTE_EXISTS,,21787,1644,1644
87,5,ROUTE_EXISTS,,21883,1666,1666
84,5,ROUTE_EXISTS,,20433,1583,1583
37,5,ROUTE_EXISTS,,36247,2696,2640
79,5,ROUTE_EXISTS,,23844,1829,1829
31,5,ROUTE_EXISTS,,31736,2361,2338
77,5,ROUTE_EXISTS,,22404,1687,1671
67,5,ROUTE_EXISTS,,25125,1972,1948
66,5,ROUTE_EXISTS,,26459,2130,2117
95,5,ROUTE_EXISTS,,22637,1805,1793
68,5,ROUTE_EXISTS,,24979,1916,1902
74,5,ROUTE_EXISTS,,23091,1806,1797
96,5,ROUTE_EXISTS,,23010,1818,1804
98,5,ROUTE_EXISTS,,23584,1953,1904
82,5,ROUTE_EXISTS,,23914,1870,1844
61,5,ROUTE_EXISTS,,28559,2295,2265
94,5,ROUTE_EXISTS,,22774,1794,1775
58,5,ROUTE_EXISTS,,28060,2272,2240
18,5,ROUTE_EXISTS,,29148,2244,2226
49,5,ROUTE_EXISTS,,28667,2228,2211
1,5,ROUTE_EXISTS,,28687,2145,2113
80,5,ROUTE_EXISTS,,23280,1832,1812
32,5,ROUTE_EXISTS,,32270,2424,2402
24,5,ROUTE_EXISTS,,30920,2299,2277
86,5,ROUTE_EXISTS,,21685,1596,1596
43,5,ROUTE_EXISTS,,27111,2144,2131
47,5,ROUTE_EXISTS,,28688,2258,2239
63,5,ROUTE_EXISTS,,25916,2024,2011
71,5,ROUTE_EXISTS,,25898,2043,2030
22,5,ROUTE_EXISTS,,30815,2304,2278
34,5,ROUTE_EXISTS,,33366,2422,2368
16,5,ROUTE_EXISTS,,43381,3029,3015
9,5,ROUTE_EXISTS,,25785,2007,1975
78,5,ROUTE_EXISTS,,22469,1658,1639
69,5,ROUTE_EXISTS,,25634,2023,2010
33,5,ROUTE_EXISTS,,32194,2409,2386
76,5,ROUTE_EXISTS,,23471,1784,1765
90,5,ROUTE_EXISTS,,21956,1690,1690
51,5,ROUTE_EXISTS,,27906,2194,2172
53,5,ROUTE_EXISTS,,26128,2133,2107
11,5,ROUTE_EXISTS,,27197,2126,2090
15,5,ROUTE_EXISTS,,39445,4323,4252
72,5,ROUTE_EXISTS,,25554,2012,1997
4,5,ROUTE_EXISTS,,32679,2504,2496
28,5,ROUTE_EXISTS,,31994,2414,2391
23,5,ROUTE_EXISTS,,31454,2357,2335
48,5,ROUTE_EXISTS,,28478,2232,2215
70,5,ROUTE_EXISTS,,25575,1975,1961
29,5,ROUTE_EXISTS,,31082,2341,2320
54,5,ROUTE_EXISTS,,26935,2183,2156
55,5,ROUTE_EXISTS,,26997,2179,2152
41,5,ROUTE_EXISTS,,36386,2687,2639
27,5,ROUTE_EXISTS,,31617,2348,2325
52,5,ROUTE_EXISTS,,26366,2136,2108
40,5,ROUTE_EXISTS,,37717,2847,2785
13,5,ROUTE_EXISTS,,30920,2421,2378
42,5,ROUTE_EXISTS,,35968,2599,2550
59,5,ROUTE_EXISTS,,27898,2251,2220
62,5,ROUTE_EXISTS,,28762,2317,2287
2,5,ROUTE_EXISTS,,37084,2756,2709
45,5,ROUTE_EXISTS,,28144,2178,2164
25,5,ROUTE_EXISTS,,30588,2294,2271
91,5,ROUTE_EXISTS,,22212,1653,1653
10,5,ROUTE_EXISTS,,27229,2127,2088
100,5,ROUTE_EXISTS,,23879,1878,1867
26,5,ROUTE_EXISTS,,30294,2329,2301
57,5,ROUTE_EXISTS,,27718,2237,2206
39,5,ROUTE_EXISTS,,37327,2757,2700
73,5,ROUTE_EXISTS,,24385,1988,1956
5,5,ROUTE_EXISTS,,35190,2537,2514
44,5,ROUTE_EXISTS,,27493,2139,2125
7,5,ROUTE_EXISTS,,25144,1937,1906
99,5,ROUTE_EXISTS,,23551,1835,1820
35,5,ROUTE_EXISTS,,32248,2461,2438
93,5,ROUTE_EXISTS,,22773,1853,1853
3,5,ROUTE_EXISTS,,37950,2849,2790
64,5,ROUTE_EXISTS,,24323,1954,1933
8,5,ROUTE_EXISTS,,26203,2088,2056
104,5,ROUTE_EXISTS,,15250,1229,1225
124,5,ROUTE_EXISTS,,15887,1277,1270
164,5,ROUTE_EXISTS,,19547,1581,1585
177,5,ROUTE_EXISTS,,22189,1745,1733
146,5,ROUTE_EXISTS,,17339,1497,1491
157,5,ROUTE_EXISTS,,19049,1611,1610
167,5,ROUTE_EXISTS,,20116,1580,1571
185,5,ROUTE_EXISTS,,23626,1775,1761
128,5,ROUTE_EXISTS,,14364,1063,1057
160,5,ROUTE_EXISTS,,18802,1625,1621
125,5,ROUTE_EXISTS,,16544,1426,1422
130,5,ROUTE_EXISTS,,15362,1194,1184
161,5,ROUTE_EXISTS,,20025,1578,1567
153,5,ROUTE_EXISTS,,18766,1475,1473
108,5,ROUTE_EXISTS,,14303,1062,1061
190,5,ROUTE_EXISTS,,26587,2137,2122
187,5,ROUTE_EXISTS,,23967,1846,1831
188,5,ROUTE_EXISTS,,23036,1783,1767
121,5,ROUTE_EXISTS,,14730,1180,1151
148,5,ROUTE_EXISTS,,17115,1405,1399
194,5,ROUTE_EXISTS,,37167,2644,2619
192,5,ROUTE_EXISTS,,28886,2095,2076
166,5,ROUTE_EXISTS,,22060,1738,1722
189,5,ROUTE_EXISTS,,29723,2116,2095
142,5,ROUTE_EXISTS,,16611,1328,1322
106,5,ROUTE_EXISTS,,14542,1085,1079
136,5,ROUTE_EXISTS,,16778,1434,1429
132,5,ROUTE_EXISTS,,15326,1169,1165
165,5,ROUTE_EXISTS,,19955,1569,1571
119,5,ROUTE_EXISTS,,15623,1327,1285
139,5,ROUTE_EXISTS,,15409,1195,1187
112,5,ROUTE_EXISTS,,13878,1019,1016
131,5,ROUTE_EXISTS,,15034,1143,1141
127,5,ROUTE_EXISTS,,13769,969,963
129,5,ROUTE_EXISTS,,14473,1047,1044
195,5,ROUTE_EXISTS,,22898,1674,1669
110,5,ROUTE_EXISTS,,14082,1077,1072
122,5,ROUTE_EXISTS,,14492,1111,1089
114,5,ROUTE_EXISTS,,13880,1015,1011
154,5,ROUTE_EXISTS,,17991,1410,1407
199,5,ROUTE_EXISTS,,18997,1569,1570
113,5,ROUTE_EXISTS,,14179,1062,1057
123,5,ROUTE_EXISTS,,15157,1200,1191
126,5,ROUTE_EXISTS,,15613,1289,1286
105,5,ROUTE_EXISTS,,14977,1172,1169
116,5,ROUTE_EXISTS,,15129,1207,1199
191,5,ROUTE_EXISTS,,25776,1884,1871
156,5,ROUTE_EXISTS,,19348,1571,1574
145,5,ROUTE_EXISTS,,18412,1495,1495
120,5,ROUTE_EXISTS,,15682,1334,1293
176,5,ROUTE_EXISTS,,21955,1734,1722
103,5,ROUTE_EXISTS,,25617,2015,2002
170,5,ROUTE_EXISTS,,21420,1735,1724
102,5,ROUTE_EXISTS,,24823,1937,1923
186,5,ROUTE_EXISTS,,23776,1844,1829
115,5,ROUTE_EXISTS,,14981,1180,1170
137,5,ROUTE_EXISTS,,16647,1406,1396
182,5,ROUTE_EXISTS,,24121,1854,1838
143,5,ROUTE_EXISTS,,16854,1412,1408
101,5,ROUTE_EXISTS,,24054,1979,1966
150,5,ROUTE_EXISTS,,19159,1544,1546
174,5,ROUTE_EXISTS,,21440,1654,1642
118,5,ROUTE_EXISTS,,15154,1224,1182
175,5,ROUTE_EXISTS,,21851,1737,1722
133,5,ROUTE_EXISTS,,14980,1195,1195
197,5,ROUTE_EXISTS,,34141,2416,2401
184,5,ROUTE_EXISTS,,23688,1795,1779
169,5,ROUTE_EXISTS,,20563,1612,1604
181,5,ROUTE_EXISTS,,24167,1932,1920
180,5,ROUTE_EXISTS,,23328,1836,1818
193,5,ROUTE_EXISTS,,35367,2438,2408
152,5,ROUTE_EXISTS,,18471,1497,1496
173,5,ROUTE_EXISTS,,21805,1709,1696
171,5,ROUTE_EXISTS,,23544,1880,1864
163,5,ROUTE_EXISTS,,20756,1719,1713
179,5,ROUTE_EXISTS,,23810,1871,1855
178,5,ROUTE_EXISTS,,23118,1816,1798
107,5,ROUTE_EXISTS,,14624,1110,1104
138,5,ROUTE_EXISTS,,16527,1414,1405
147,5,ROUTE_EXISTS,,17119,1460,1452
141,5,ROUTE_EXISTS,,16475,1352,1348
172,5,ROUTE_EXISTS,,23998,1943,1928
159,5,ROUTE_EXISTS,,20365,1617,1600
155,5,ROUTE_EXISTS,,18348,1522,1523
183,5,ROUTE_EXISTS,,24160,1847,1833
140,5,ROUTE_EXISTS,,16176,1301,1295
144,5,ROUTE_EXISTS,,19134,1524,1525
158,5,ROUTE_EXISTS,,17471,1433,1427
162,5,ROUTE_EXISTS,,20355,1611,1593
196,5,ROUTE_EXISTS,,27633,1992,1979
134,5,ROUTE_EXISTS,,16585,1304,1295
200,5,ROUTE_EXISTS,,23175,1812,1807
151,5,ROUTE_EXISTS,,19242,1539,1542
111,5,ROUTE_EXISTS,,14125,1067,1062
135,5,ROUTE_EXISTS,,16368,1245,1235
149,5,ROUTE_EXISTS,,17516,1483,1475
168,5,ROUTE_EXISTS,,20476,1619,1610
117,5,ROUTE_EXISTS,,15299,1249,1206
198,5,ROUTE_EXISTS,,32576,2319,2305
109,5,ROUTE_EXISTS,,14232,1069,1064
261,5,ROUTE_EXISTS,,17359,1391,1382
212,5,ROUTE_EXISTS,,22687,1760,1742
211,5,ROUTE_EXISTS,,22752,1838,1820
294,5,ROUTE_EXISTS,,74596,4765,4765
206,5,ROUTE_EXISTS,,21374,1717,1700
290,5,ROUTE_EXISTS,,77871,4823,4816
266,5,ROUTE_EXISTS,,9271,701,698
257,5,ROUTE_EXISTS,,13595,1053,1053
241,5,ROUTE_EXISTS,,14739,1100,1100
252,5,ROUTE_EXISTS,,16170,1160,1160
255,5,ROUTE_EXISTS,,14259,1053,1048
214,5,ROUTE_EXISTS,,19469,1584,1582
270,5,ROUTE_EXISTS,,18547,1396,1396
216,5,ROUTE_EXISTS,,18804,1547,1545
221,5,ROUTE_EXISTS,,19343,1587,1588
234,5,ROUTE_EXISTS,,20186,1639,1630
247,5,ROUTE_EXISTS,,20950,1576,1576
223,5,ROUTE_EXISTS,,17427,1422,1415
281,5,ROUTE_EXISTS,,91964,5699,5664
289,5,ROUTE_EXISTS,,79618,4937,4927
276,5,ROUTE_EXISTS,,102809,6118,6101
243,5,ROUTE_EXISTS,,18385,1310,1306
250,5,ROUTE_EXISTS,,15507,1090,1084
265,5,ROUTE_EXISTS,,12486,942,942
239,5,ROUTE_EXISTS,,14453,1075,1072
205,5,ROUTE_EXISTS,,19123,1506,1502
269,5,ROUTE_EXISTS,,20337,1553,1543
217,5,ROUTE_EXISTS,,16089,1260,1255
254,5,ROUTE_EXISTS,,18436,1375,1375
258,5,ROUTE_EXISTS,,14536,1133,1133
264,5,ROUTE_EXISTS,,16124,1200,1200
274,5,ROUTE_EXISTS,,20221,1474,1474
215,5,ROUTE_EXISTS,,18715,1521,1519
251,5,ROUTE_EXISTS,,12567,905,903
237,5,ROUTE_EXISTS,,18293,1479,1476
260,5,ROUTE_EXISTS,,14814,1187,1187
224,5,ROUTE_EXISTS,,17252,1411,1401
204,5,ROUTE_EXISTS,,22869,1727,1724
268,5,ROUTE_EXISTS,,13422,1065,1065
248,5,ROUTE_EXISTS,,35634,2815,2815
238,5,ROUTE_EXISTS,,15429,1273,1230
213,5,ROUTE_EXISTS,,18697,1518,1516
228,5,ROUTE_EXISTS,,19726,1592,1590
236,5,ROUTE_EXISTS,,18122,1533,1529
245,5,ROUTE_EXISTS,,17460,1321,1321
209,5,ROUTE_EXISTS,,20903,1634,1619
232,5,ROUTE_EXISTS,,18768,1573,1567
218,5,ROUTE_EXISTS,,17490,1417,1412
262,5,ROUTE_EXISTS,,17883,1356,1346
225,5,ROUTE_EXISTS,,18224,1548,1544
230,5,ROUTE_EXISTS,,20469,1660,1650
277,5,ROUTE_EXISTS,,100591,6122,6106
226,5,ROUTE_EXISTS,,19573,1602,1600
273,5,ROUTE_EXISTS,,19713,1505,1505
219,5,ROUTE_EXISTS,,16262,1320,1314
229,5,ROUTE_EXISTS,,20060,1594,1589
235,5,ROUTE_EXISTS,,19329,1568,1566
202,5,ROUTE_EXISTS,,24265,1898,1893
259,5,ROUTE_EXISTS,,14530,1135,1135
246,5,ROUTE_EXISTS,,38536,2542,2545
203,5,ROUTE_EXISTS,,24204,1908,1904
231,5,ROUTE_EXISTS,,19034,1596,1590
222,5,ROUTE_EXISTS,,19267,1561,1560
263,5,ROUTE_EXISTS,,18547,1524,1519
279,5,ROUTE_EXISTS,,96282,5710,5709
283,5,ROUTE_EXISTS,,86593,5319,5321
292,5,ROUTE_EXISTS,,76274,4767,4757
300,5,ROUTE_EXISTS,,74923,4634,4627
285,5,ROUTE_EXISTS,,79886,5076,5076
296,5,ROUTE_EXISTS,,74553,4630,4624
278,5,ROUTE_EXISTS,,99009,5935,5922
295,5,ROUTE_EXISTS,,70410,4535,4511
299,5,ROUTE_EXISTS,,74865,4679,4670
280,5,ROUTE_EXISTS,,86785,5380,5360
291,5,ROUTE_EXISTS,,76853,4735,4726
275,5,ROUTE_EXISTS,,114900,6591,6577
288,5,ROUTE_EXISTS,,80404,5035,5024
227,5,ROUTE_EXISTS,,19160,1521,1520
282,5,ROUTE_EXISTS,,97146,5533,5478
298,5,ROUTE_EXISTS,,73894,4544,4537
297,5,ROUTE_EXISTS,,73787,4543,4535
249,5,ROUTE_EXISTS,,13836,1056,1054
233,5,ROUTE_EXISTS,,18489,1519,1512
271,5,ROUTE_EXISTS,,18692,1461,1461
253,5,ROUTE_EXISTS,,13706,951,951
207,5,ROUTE_EXISTS,,19547,1506,1501
240,5,ROUTE_EXISTS,,14870,1105,1103
220,5,ROUTE_EXISTS,,17659,1490,1488
210,5,ROUTE_EXISTS,,21520,1693,1677
256,5,ROUTE_EXISTS,,12988,981,981
272,5,ROUTE_EXISTS,,19417,1440,1440
242,5,ROUTE_EXISTS,,17170,1255,1249
267,5,ROUTE_EXISTS,,14115,1117,1117
208,5,ROUTE_EXISTS,,20264,1652,1644
244,5,ROUTE_EXISTS,,25831,1748,1737
293,5,ROUTE_EXISTS,,75531,4808,4808
284,5,ROUTE_EXISTS,,86474,5389,5391
286,5,ROUTE_EXISTS,,82115,5057,5047
201,5,ROUTE_EXISTS,,23553,1824,1821
287,5,ROUTE_EXISTS,,81210,5083,5075
355,5,ROUTE_EXISTS,,57171,3633,3603
326,5,ROUTE_EXISTS,,13747,1148,1148
328,5,ROUTE_EXISTS,,2595,275,272
331,5,ROUTE_EXISTS,,1627,256,256
378,5,ROUTE_EXISTS,,73637,4323,4297
335,5,ROUTE_EXISTS,,33457,2462,2440
343,5,ROUTE_EXISTS,,37887,2772,2711
309,5,ROUTE_EXISTS,,72344,4466,4452
320,5,ROUTE_EXISTS,,74724,4649,4631
358,5,ROUTE_EXISTS,,51579,3543,3536
360,5,ROUTE_EXISTS,,77217,4458,4420
313,5,ROUTE_EXISTS,,71981,4434,4430
327,5,ROUTE_EXISTS,,7483,607,607
330,5,ROUTE_EXISTS,,3326,329,329
332,5,ROUTE_EXISTS,,1915,211,211
369,5,ROUTE_EXISTS,,63209,3607,3577
339,5,ROUTE_EXISTS,,38701,2784,2768
319,5,ROUTE_EXISTS,,67325,4051,4060
321,5,ROUTE_EXISTS,,75148,4631,4615
340,5,ROUTE_EXISTS,,40913,2841,2823
379,5,ROUTE_EXISTS,,71802,4166,4142
304,5,ROUTE_EXISTS,,73312,4559,4536
324,5,ROUTE_EXISTS,,64167,3880,3881
325,5,ROUTE_EXISTS,,61922,3765,3765
345,5,ROUTE_EXISTS,,40952,2966,2903
311,5,ROUTE_EXISTS,,73263,4573,4553
341,5,ROUTE_EXISTS,,37914,2813,2752
342,5,ROUTE_EXISTS,,37961,2797,2735
365,5,ROUTE_EXISTS,,68337,3904,3872
306,5,ROUTE_EXISTS,,72900,4489,4468
390,5,ROUTE_EXISTS,,92276,5628,5542
375,5,ROUTE_EXISTS,,88120,8885,8885
370,5,ROUTE_EXISTS,,66918,4038,4017
303,5,ROUTE_EXISTS,,74050,4614,4596
338,5,ROUTE_EXISTS,,42983,2862,2842
381,5,ROUTE_EXISTS,,72892,4188,4168
366,5,ROUTE_EXISTS,,67780,4012,3992
400,5,ROUTE_EXISTS,,71940,4510,4439
347,5,ROUTE_EXISTS,,43980,3223,3157
305,5,ROUTE_EXISTS,,73063,4534,4514
382,5,ROUTE_EXISTS,,74906,4453,4429
310,5,ROUTE_EXISTS,,73072,4515,4497
396,5,ROUTE_EXISTS,,81920,5171,5092
361,5,ROUTE_EXISTS,,68039,3886,3875
392,5,ROUTE_EXISTS,,99542,6259,6141
301,5,ROUTE_EXISTS,,79676,5037,5024
368,5,ROUTE_EXISTS,,70381,4162,4138
397,5,ROUTE_EXISTS,,76764,4841,4841
308,5,ROUTE_EXISTS,,72360,4460,4447
383,5,ROUTE_EXISTS,,75374,4550,4499
352,5,ROUTE_EXISTS,,41938,2986,2921
398,5,ROUTE_EXISTS,,75976,4794,4724
362,5,ROUTE_EXISTS,,95477,5558,5541
386,5,ROUTE_EXISTS,,73765,4378,4350
388,5,ROUTE_EXISTS,,74543,4476,4447
371,5,ROUTE_EXISTS,,63992,4031,4003
357,5,ROUTE_EXISTS,,54845,3768,3762
348,5,ROUTE_EXISTS,,43793,3187,3119
364,5,ROUTE_EXISTS,,88095,5139,5102
337,5,ROUTE_EXISTS,,49016,3423,3394
323,5,ROUTE_EXISTS,,92955,6007,5956
377,5,ROUTE_EXISTS,,77389,4811,4778
316,5,ROUTE_EXISTS,,70775,4310,4310
399,5,ROUTE_EXISTS,,86141,5630,5555
389,5,ROUTE_EXISTS,,82869,5077,4986
349,5,ROUTE_EXISTS,,43030,3042,2975
322,5,ROUTE_EXISTS,,76274,4740,4722
387,5,ROUTE_EXISTS,,73282,4260,4234
354,5,ROUTE_EXISTS,,53604,3251,3233
344,5,ROUTE_EXISTS,,38851,2825,2767
307,5,ROUTE_EXISTS,,72594,4491,4473
384,5,ROUTE_EXISTS,,74902,4397,4379
359,5,ROUTE_EXISTS,,47628,3242,3231
312,5,ROUTE_EXISTS,,72801,4479,4469
374,5,ROUTE_EXISTS,,83594,7047,6988
329,5,ROUTE_EXISTS,,3353,317,313
334,5,ROUTE_EXISTS,,8335,755,755
391,5,ROUTE_EXISTS,,90130,5571,5481
373,5,ROUTE_EXISTS,,62287,4056,4007
315,5,ROUTE_EXISTS,,71168,4371,4368
336,5,ROUTE_EXISTS,,41398,2817,2799
346,5,ROUTE_EXISTS,,39331,2840,2779
317,5,ROUTE_EXISTS,,70075,4253,4254
353,5,ROUTE_EXISTS,,59865,3819,3797
302,5,ROUTE_EXISTS,,77561,4838,4829
395,5,ROUTE_EXISTS,,88460,5536,5536
350,5,ROUTE_EXISTS,,43908,3133,3067
363,5,ROUTE_EXISTS,,92402,5360,5348
380,5,ROUTE_EXISTS,,73035,4257,4230
367,5,ROUTE_EXISTS,,65705,4220,4189
376,5,ROUTE_EXISTS,,79336,6364,6317
394,5,ROUTE_EXISTS,,101334,6256,6139
385,5,ROUTE_EXISTS,,74309,4486,4456
318,5,ROUTE_EXISTS,,70774,4321,4321
372,5,ROUTE_EXISTS,,65528,4179,4150
356,5,ROUTE_EXISTS,,47715,3198,3181
393,5,ROUTE_EXISTS,,102059,6245,6127
351,5,ROUTE_EXISTS,,41943,3034,2976
314,5,ROUTE_EXISTS,,71244,4409,4403
333,5,ROUTE_EXISTS,,1578,225,225
497,5,ROUTE_EXISTS,,150901,8614,8505
442,5,ROUTE_EXISTS,,65962,4114,4090
429,5,ROUTE_EXISTS,,36802,2461,2449
441,5,ROUTE_EXISTS,,67464,4207,4189
404,5,ROUTE_EXISTS,,60795,3894,3845
425,5,ROUTE_EXISTS,,46325,3052,3036
499,5,ROUTE_EXISTS,,143359,8159,8082
412,5,ROUTE_EXISTS,,64797,4138,4125
451,5,ROUTE_EXISTS,,56626,3509,3519
462,5,ROUTE_EXISTS,,55208,3414,3426
478,5,ROUTE_EXISTS,,124089,7423,7339
464,5,ROUTE_EXISTS,,96270,5711,5679
461,5,ROUTE_EXISTS,,59333,3696,3704
456,5,ROUTE_EXISTS,,57148,3621,3632
403,5,ROUTE_EXISTS,,66399,4149,4084
424,5,ROUTE_EXISTS,,46812,3126,3115
445,5,ROUTE_EXISTS,,67813,4266,4236
420,5,ROUTE_EXISTS,,55880,3549,3537
467,5,ROUTE_EXISTS,,80100,4850,4825
433,5,ROUTE_EXISTS,,72487,4481,4460
476,5,ROUTE_EXISTS,,115173,6796,6744
491,5,ROUTE_EXISTS,,148359,8579,8425
452,5,ROUTE_EXISTS,,52419,3245,3249
453,5,ROUTE_EXISTS,,49241,3088,3095
487,5,ROUTE_EXISTS,,117843,6590,6529
443,5,ROUTE_EXISTS,,67414,4185,4156
422,5,ROUTE_EXISTS,,46231,3014,3000
448,5,ROUTE_EXISTS,,68943,4322,4310
455,5,ROUTE_EXISTS,,53600,3357,3365
437,5,ROUTE_EXISTS,,78146,4846,4827
414,5,ROUTE_EXISTS,,59207,3815,3802
407,5,ROUTE_EXISTS,,66926,4165,4106
457,5,ROUTE_EXISTS,,63315,3920,3926
428,5,ROUTE_EXISTS,,39825,2654,2645
446,5,ROUTE_EXISTS,,63134,3949,3928
438,5,ROUTE_EXISTS,,65382,4050,4030
421,5,ROUTE_EXISTS,,57524,3703,3687
413,5,ROUTE_EXISTS,,62090,3874,3869
402,5,ROUTE_EXISTS,,75651,4788,4712
440,5,ROUTE_EXISTS,,66468,4100,4079
454,5,ROUTE_EXISTS,,53552,3397,3405
474,5,ROUTE_EXISTS,,114297,6754,6707
450,5,ROUTE_EXISTS,,61053,3776,3780
430,5,ROUTE_EXISTS,,75181,4580,4558
427,5,ROUTE_EXISTS,,42322,2824,2814
492,5,ROUTE_EXISTS,,151718,8763,8598
419,5,ROUTE_EXISTS,,57124,3691,3671
401,5,ROUTE_EXISTS,,70768,4405,4336
449,5,ROUTE_EXISTS,,69389,4340,4322
415,5,ROUTE_EXISTS,,54215,3729,3708
426,5,ROUTE_EXISTS,,45277,2986,2972
408,5,ROUTE_EXISTS,,72363,4705,4648
417,5,ROUTE_EXISTS,,57463,3677,3667
439,5,ROUTE_EXISTS,,66904,4177,4168
416,5,ROUTE_EXISTS,,56236,3654,3643
447,5,ROUTE_EXISTS,,68166,4212,4196
459,5,ROUTE_EXISTS,,55031,3376,3359
411,5,ROUTE_EXISTS,,64085,4126,4099
466,5,ROUTE_EXISTS,,92124,5391,5358
409,5,ROUTE_EXISTS,,77509,4522,4495
436,5,ROUTE_EXISTS,,70829,4421,4406
488,5,ROUTE_EXISTS,,126488,7451,7349
468,5,ROUTE_EXISTS,,88313,5419,5386
431,5,ROUTE_EXISTS,,69898,4287,4270
410,5,ROUTE_EXISTS,,78514,4495,4482
495,5,ROUTE_EXISTS,,176668,10734,10561
465,5,ROUTE_EXISTS,,97382,5837,5811
458,5,ROUTE_EXISTS,,60190,3785,3761
485,5,ROUTE_EXISTS,,115737,7146,7111
500,5,ROUTE_EXISTS,,136052,7705,7648
475,5,ROUTE_EXISTS,,124970,7826,7723
472,5,ROUTE_EXISTS,,105140,6147,6104
483,5,ROUTE_EXISTS,,90697,5436,5440
493,5,ROUTE_EXISTS,,156783,9163,8994
470,5,ROUTE_EXISTS,,100037,5902,5871
489,5,ROUTE_EXISTS,,125660,7078,6980
494,5,ROUTE_EXISTS,,164740,9529,9362
477,5,ROUTE_EXISTS,,120539,7162,7095
423,5,ROUTE_EXISTS,,49103,3149,3140
469,5,ROUTE_EXISTS,,91652,5745,5710
479,5,ROUTE_EXISTS,,113057,6536,6525
434,5,ROUTE_EXISTS,,70196,4391,4372
486,5,ROUTE_EXISTS,,125967,7280,7181
481,5,ROUTE_EXISTS,,98724,6057,6050
482,5,ROUTE_EXISTS,,93964,5726,5734
435,5,ROUTE_EXISTS,,72916,4884,4862
432,5,ROUTE_EXISTS,,76976,4705,4680
473,5,ROUTE_EXISTS,,112148,6709,6665
463,5,ROUTE_EXISTS,,57179,3521,3534
490,5,ROUTE_EXISTS,,136368,7713,7605
460,5,ROUTE_EXISTS,,59817,3744,3722
405,5,ROUTE_EXISTS,,55121,3483,3447
406,5,ROUTE_EXISTS,,50321,3611,3581
418,5,ROUTE_EXISTS,,58365,3730,3708
480,5,ROUTE_EXISTS,,109682,6378,6368
471,5,ROUTE_EXISTS,,96501,5786,5755
498,5,ROUTE_EXISTS,,146818,8433,8337
444,5,ROUTE_EXISTS,,67943,4262,4232
484,5,ROUTE_EXISTS,,109672,6583,6585
496,5,ROUTE_EXISTS,,144457,8198,8117
562,5,ROUTE_EXISTS,,125013,7085,7020
502,5,ROUTE_EXISTS,,132961,7563,7506
592,5,ROUTE_EXISTS,,14112,1088,1083
512,5,ROUTE_EXISTS,,147843,8583,8480
560,5,ROUTE_EXISTS,,147739,8771,8549
534,5,ROUTE_EXISTS,,116240,6852,6769
588,5,ROUTE_EXISTS,,179972,10602,10320
548,5,ROUTE_EXISTS,,151454,9455,9185
582,5,ROUTE_EXISTS,,143882,8280,8119
506,5,ROUTE_EXISTS,,143772,8175,8105
523,5,ROUTE_EXISTS,,132622,8090,7925
599,5,ROUTE_EXISTS,,18529,1560,1554
539,5,ROUTE_EXISTS,,130891,8077,7889
535,5,ROUTE_EXISTS,,112723,7014,6902
569,5,ROUTE_EXISTS,,151572,9316,9120
542,5,ROUTE_EXISTS,,113708,6862,6704
529,5,ROUTE_EXISTS,,109158,6427,6389
519,5,ROUTE_EXISTS,,158075,9244,9116
520,5,ROUTE_EXISTS,,121612,7476,7353
540,5,ROUTE_EXISTS,,111362,6762,6611
565,5,ROUTE_EXISTS,,140719,8329,8155
549,5,ROUTE_EXISTS,,157018,9804,9546
553,5,ROUTE_EXISTS,,155302,9581,9386
575,5,ROUTE_EXISTS,,154350,8783,8560
554,5,ROUTE_EXISTS,,149000,9191,9013
510,5,ROUTE_EXISTS,,146684,8478,8374
594,5,ROUTE_EXISTS,,24230,1938,1925
568,5,ROUTE_EXISTS,,155190,9391,9204
576,5,ROUTE_EXISTS,,161237,9347,9088
573,5,ROUTE_EXISTS,,157249,9191,8933
597,5,ROUTE_EXISTS,,37962,2879,2879
596,5,ROUTE_EXISTS,,23577,1779,1765
600,5,ROUTE_EXISTS,,29116,2573,2573
541,5,ROUTE_EXISTS,,106434,6378,6219
590,5,ROUTE_EXISTS,,24631,2011,2011
593,5,ROUTE_EXISTS,,18855,1502,1501
595,5,ROUTE_EXISTS,,23571,1848,1832
589,5,ROUTE_EXISTS,,26855,2209,2195
509,5,ROUTE_EXISTS,,145683,8394,8294
537,5,ROUTE_EXISTS,,126834,7632,7512
538,5,ROUTE_EXISTS,,129454,7604,7434
515,5,ROUTE_EXISTS,,150061,8732,8639
536,5,ROUTE_EXISTS,,120939,7640,7501
526,5,ROUTE_EXISTS,,120238,7232,7094
544,5,ROUTE_EXISTS,,112047,6326,6289
581,5,ROUTE_EXISTS,,137290,7851,7727
561,5,ROUTE_EXISTS,,128512,7255,7166
571,5,ROUTE_EXISTS,,144568,8217,8017
533,5,ROUTE_EXISTS,,102785,5989,5956
504,5,ROUTE_EXISTS,,141100,7974,7905
513,5,ROUTE_EXISTS,,143299,8148,8080
532,5,ROUTE_EXISTS,,113052,6567,6503
530,5,ROUTE_EXISTS,,106509,6229,6193
545,5,ROUTE_EXISTS,,169738,10533,10268
587,5,ROUTE_EXISTS,,163645,9478,9254
556,5,ROUTE_EXISTS,,158460,9576,9361
543,5,ROUTE_EXISTS,,116509,6996,6831
518,5,ROUTE_EXISTS,,168838,10028,9876
552,5,ROUTE_EXISTS,,164594,10120,9917
527,5,ROUTE_EXISTS,,112588,6447,6406
517,5,ROUTE_EXISTS,,136057,8800,8738
574,5,ROUTE_EXISTS,,147686,8465,8250
546,5,ROUTE_EXISTS,,177681,11057,10790
577,5,ROUTE_EXISTS,,169496,9611,9335
559,5,ROUTE_EXISTS,,147105,8728,8553
557,5,ROUTE_EXISTS,,160803,9293,9039
514,5,ROUTE_EXISTS,,146886,8474,8375
572,5,ROUTE_EXISTS,,144097,8186,7991
578,5,ROUTE_EXISTS,,180527,10160,9879
567,5,ROUTE_EXISTS,,153126,9271,9087
508,5,ROUTE_EXISTS,,145018,8282,8203
505,5,ROUTE_EXISTS,,142588,8081,8013
583,5,ROUTE_EXISTS,,154499,8896,8707
566,5,ROUTE_EXISTS,,146592,9125,8941
584,5,ROUTE_EXISTS,,181408,10255,10255
522,5,ROUTE_EXISTS,,141386,8979,8714
555,5,ROUTE_EXISTS,,165383,9620,9348
558,5,ROUTE_EXISTS,,148771,8900,8717
591,5,ROUTE_EXISTS,,15068,1180,1169
564,5,ROUTE_EXISTS,,136706,7933,7784
516,5,ROUTE_EXISTS,,152213,8822,8728
531,5,ROUTE_EXISTS,,113191,6614,6548
547,5,ROUTE_EXISTS,,131769,8086,7885
501,5,ROUTE_EXISTS,,136351,7699,7643
524,5,ROUTE_EXISTS,,116517,6995,6907
525,5,ROUTE_EXISTS,,112284,6735,6660
503,5,ROUTE_EXISTS,,139979,7899,7833
598,5,ROUTE_EXISTS,,18422,1543,1539
580,5,ROUTE_EXISTS,,196679,11070,10729
550,5,ROUTE_EXISTS,,158559,9878,9612
521,5,ROUTE_EXISTS,,123729,7524,7401
528,5,ROUTE_EXISTS,,116771,6805,6749
585,5,ROUTE_EXISTS,,160006,9310,9040
570,5,ROUTE_EXISTS,,153083,8764,8546
579,5,ROUTE_EXISTS,,182552,10295,10005
511,5,ROUTE_EXISTS,,146600,8477,8373
551,5,ROUTE_EXISTS,,161112,9868,9676
586,5,ROUTE_EXISTS,,158225,9144,8931
507,5,ROUTE_EXISTS,,144519,8215,8145
563,5,ROUTE_EXISTS,,130995,7476,7366
612,5,ROUTE_NOT_FOUND,,,,
608,5,ROUTE_NOT_FOUND,,,,
610,5,ROUTE_NOT_FOUND,,,,
609,5,ROUTE_NOT_FOUND,,,,
611,5,ROUTE_NOT_FOUND,,,,
602,5,ROUTE_EXISTS,,126554.0,7904.0,7805.0
604,5,ROUTE_EXISTS,,203971.0,13667.0,13667.0
601,5,ROUTE_EXISTS,,135173.0,9307.0,9237.0
603,5,ROUTE_EXISTS,,182222.0,11431.0,11431.0
605,5,ROUTE_EXISTS,,164569.0,10290.0,10136.0
607,5,ROUTE_EXISTS,,176576.0,11497.0,11215.0
606,5,ROUTE_EXISTS,,173736.0,10492.0,10247.0
52,6,ROUTE_EXISTS,,72917,4767,4761
73,6,ROUTE_EXISTS,,71083,4611,4611
7,6,ROUTE_EXISTS,,71216,4612,4598
16,6,ROUTE_EXISTS,,95928,5578,5491
19,6,ROUTE_EXISTS,,75424,4956,4954
63,6,ROUTE_EXISTS,,70078,4486,4489
46,6,ROUTE_EXISTS,,72062,4628,4627
62,6,ROUTE_EXISTS,,75313,4948,4939
29,6,ROUTE_EXISTS,,75989,5008,5009
100,6,ROUTE_EXISTS,,68041,4327,4345
76,6,ROUTE_EXISTS,,69543,4458,4457
67,6,ROUTE_EXISTS,,71676,4602,4601
55,6,ROUTE_EXISTS,,73547,4810,4804
6,6,ROUTE_EXISTS,,72045,4712,4698
42,6,ROUTE_EXISTS,,79514,5232,5244
20,6,ROUTE_EXISTS,,74820,4877,4872
3,6,ROUTE_EXISTS,,84022,5519,5482
24,6,ROUTE_EXISTS,,75827,4965,4966
75,6,ROUTE_EXISTS,,69360,4517,4518
35,6,ROUTE_EXISTS,,77154,5125,5126
81,6,ROUTE_EXISTS,,69967,4550,4542
50,6,ROUTE_EXISTS,,72696,4716,4710
95,6,ROUTE_EXISTS,,66799,4250,4271
40,6,ROUTE_EXISTS,,81263,5480,5479
70,6,ROUTE_EXISTS,,69737,4436,4439
96,6,ROUTE_EXISTS,,67171,4263,4282
79,6,ROUTE_EXISTS,,69916,4521,4521
1,6,ROUTE_EXISTS,,74758,4820,4805
8,6,ROUTE_EXISTS,,72275,4764,4748
66,6,ROUTE_EXISTS,,70620,4594,4595
87,6,ROUTE_EXISTS,,68546,4388,4392
25,6,ROUTE_EXISTS,,75495,4960,4961
12,6,ROUTE_EXISTS,,73997,4824,4804
94,6,ROUTE_EXISTS,,66935,4238,4253
93,6,ROUTE_EXISTS,,68845,4545,4545
21,6,ROUTE_EXISTS,,74794,4913,4908
59,6,ROUTE_EXISTS,,74449,4883,4872
97,6,ROUTE_EXISTS,,67746,4309,4324
58,6,ROUTE_EXISTS,,74610,4902,4892
78,6,ROUTE_EXISTS,,68541,4326,4331
68,6,ROUTE_EXISTS,,69140,4372,4381
14,6,ROUTE_EXISTS,,82655,5642,5615
90,6,ROUTE_EXISTS,,68028,4378,4382
18,6,ROUTE_EXISTS,,73310,4709,4704
80,6,ROUTE_EXISTS,,69352,4505,4504
10,6,ROUTE_EXISTS,,73300,4802,4780
45,6,ROUTE_EXISTS,,72305,4643,4642
91,6,ROUTE_EXISTS,,68284,4342,4345
17,6,ROUTE_EXISTS,,75056,5052,5046
44,6,ROUTE_EXISTS,,71654,4603,4603
49,6,ROUTE_EXISTS,,72829,4693,4689
27,6,ROUTE_EXISTS,,76523,5015,5014
74,6,ROUTE_EXISTS,,69163,4479,4489
84,6,ROUTE_EXISTS,,67612,4263,4273
37,6,ROUTE_EXISTS,,79793,5332,5334
83,6,ROUTE_EXISTS,,68233,4388,4388
38,6,ROUTE_EXISTS,,79827,5331,5334
41,6,ROUTE_EXISTS,,79932,5323,5334
15,6,ROUTE_EXISTS,,82991,6965,6946
28,6,ROUTE_EXISTS,,76900,5077,5080
23,6,ROUTE_EXISTS,,76361,5023,5024
71,6,ROUTE_EXISTS,,70059,4505,4508
99,6,ROUTE_EXISTS,,67713,4280,4298
39,6,ROUTE_EXISTS,,80873,5390,5395
69,6,ROUTE_EXISTS,,69795,4485,4488
57,6,ROUTE_EXISTS,,74269,4869,4859
56,6,ROUTE_EXISTS,,74147,4858,4849
54,6,ROUTE_EXISTS,,73485,4814,4809
48,6,ROUTE_EXISTS,,72639,4697,4693
53,6,ROUTE_EXISTS,,72678,4764,4760
26,6,ROUTE_EXISTS,,75785,5002,5003
34,6,ROUTE_EXISTS,,77753,5073,5039
4,6,ROUTE_EXISTS,,78751,5181,5188
60,6,ROUTE_EXISTS,,75504,4967,4957
86,6,ROUTE_EXISTS,,67756,4278,4287
13,6,ROUTE_EXISTS,,76992,5095,5070
82,6,ROUTE_EXISTS,,69986,4543,4536
2,6,ROUTE_EXISTS,,83156,5426,5401
61,6,ROUTE_EXISTS,,75109,4926,4916
77,6,ROUTE_EXISTS,,68475,4358,4363
30,6,ROUTE_EXISTS,,76280,5040,5041
85,6,ROUTE_EXISTS,,68276,4351,4356
43,6,ROUTE_EXISTS,,71273,4609,4609
51,6,ROUTE_EXISTS,,72068,4658,4651
31,6,ROUTE_EXISTS,,76643,5028,5028
92,6,ROUTE_EXISTS,,68409,4368,4369
72,6,ROUTE_EXISTS,,69716,4473,4475
98,6,ROUTE_EXISTS,,67745,4412,4382
9,6,ROUTE_EXISTS,,71857,4683,4667
32,6,ROUTE_EXISTS,,77176,5088,5091
5,6,ROUTE_EXISTS,,81262,5211,5206
47,6,ROUTE_EXISTS,,72850,4722,4718
11,6,ROUTE_EXISTS,,73268,4802,4782
65,6,ROUTE_EXISTS,,70030,4584,4573
22,6,ROUTE_EXISTS,,75721,4970,4968
64,6,ROUTE_EXISTS,,70874,4584,4585
33,6,ROUTE_EXISTS,,77101,5072,5076
89,6,ROUTE_EXISTS,,67859,4329,4336
88,6,ROUTE_EXISTS,,67972,4321,4327
36,6,ROUTE_EXISTS,,78388,5212,5218
128,6,ROUTE_EXISTS,,60015,3653,3638
117,6,ROUTE_EXISTS,,58014,3500,3507
192,6,ROUTE_EXISTS,,74640,4371,4305
139,6,ROUTE_EXISTS,,60687,3751,3767
126,6,ROUTE_EXISTS,,59667,3680,3702
186,6,ROUTE_EXISTS,,66574,4108,4138
158,6,ROUTE_EXISTS,,62374,3851,3873
141,6,ROUTE_EXISTS,,62078,3850,3879
143,6,ROUTE_EXISTS,,62458,3911,3940
153,6,ROUTE_EXISTS,,61505,3731,3754
119,6,ROUTE_EXISTS,,58541,3597,3603
162,6,ROUTE_EXISTS,,63736,3981,3996
105,6,ROUTE_EXISTS,,59864,3642,3663
175,6,ROUTE_EXISTS,,66012,4181,4200
166,6,ROUTE_EXISTS,,64307,3986,4012
152,6,ROUTE_EXISTS,,61210,3753,3776
199,6,ROUTE_EXISTS,,61736,3825,3850
127,6,ROUTE_EXISTS,,59705,3575,3564
188,6,ROUTE_EXISTS,,67197,4226,4244
194,6,ROUTE_EXISTS,,82920,4937,4848
164,6,ROUTE_EXISTS,,62287,3838,3866
113,6,ROUTE_EXISTS,,59876,3636,3624
157,6,ROUTE_EXISTS,,61789,3865,3891
111,6,ROUTE_EXISTS,,59558,3594,3588
123,6,ROUTE_EXISTS,,59269,3574,3597
131,6,ROUTE_EXISTS,,60970,3750,3742
189,6,ROUTE_EXISTS,,75476,4393,4325
185,6,ROUTE_EXISTS,,65874,4027,4051
150,6,ROUTE_EXISTS,,61898,3801,3827
167,6,ROUTE_EXISTS,,64277,4028,4049
183,6,ROUTE_EXISTS,,66408,4093,4123
151,6,ROUTE_EXISTS,,61981,3796,3823
107,6,ROUTE_EXISTS,,59781,3612,3633
106,6,ROUTE_EXISTS,,60239,3658,3645
136,6,ROUTE_EXISTS,,61189,3797,3821
112,6,ROUTE_EXISTS,,59575,3592,3582
161,6,ROUTE_EXISTS,,63268,3935,3956
155,6,ROUTE_EXISTS,,61087,3780,3804
160,6,ROUTE_EXISTS,,62674,3942,3970
163,6,ROUTE_EXISTS,,63496,3970,3994
120,6,ROUTE_EXISTS,,59550,3661,3683
197,6,ROUTE_EXISTS,,64355,3787,3745
124,6,ROUTE_EXISTS,,59166,3580,3603
156,6,ROUTE_EXISTS,,62088,3827,3855
165,6,ROUTE_EXISTS,,62694,3825,3852
193,6,ROUTE_EXISTS,,81120,4721,4638
148,6,ROUTE_EXISTS,,61793,3826,3850
102,6,ROUTE_EXISTS,,68985,4395,4401
176,6,ROUTE_EXISTS,,66117,4179,4200
180,6,ROUTE_EXISTS,,67710,4241,4256
147,6,ROUTE_EXISTS,,61821,3840,3865
179,6,ROUTE_EXISTS,,67237,4187,4213
103,6,ROUTE_EXISTS,,69779,4477,4480
118,6,ROUTE_EXISTS,,58079,3510,3517
140,6,ROUTE_EXISTS,,61780,3798,3827
178,6,ROUTE_EXISTS,,66441,4228,4251
142,6,ROUTE_EXISTS,,62767,3846,3868
169,6,ROUTE_EXISTS,,64725,4058,4082
114,6,ROUTE_EXISTS,,59046,3514,3508
144,6,ROUTE_EXISTS,,61874,3781,3806
145,6,ROUTE_EXISTS,,61152,3751,3776
182,6,ROUTE_EXISTS,,66369,4100,4129
137,6,ROUTE_EXISTS,,61069,3748,3771
170,6,ROUTE_EXISTS,,65582,4180,4202
134,6,ROUTE_EXISTS,,62282,3876,3861
173,6,ROUTE_EXISTS,,65966,4153,4174
104,6,ROUTE_EXISTS,,60137,3698,3719
195,6,ROUTE_EXISTS,,66543,3741,3695
130,6,ROUTE_EXISTS,,61060,3766,3751
200,6,ROUTE_EXISTS,,65914,4060,4088
177,6,ROUTE_EXISTS,,66351,4188,4211
190,6,ROUTE_EXISTS,,69082,4385,4396
138,6,ROUTE_EXISTS,,61388,3807,3831
108,6,ROUTE_EXISTS,,60000,3636,3628
159,6,ROUTE_EXISTS,,63046,3944,3969
184,6,ROUTE_EXISTS,,65936,4040,4070
198,6,ROUTE_EXISTS,,59313,3471,3429
174,6,ROUTE_EXISTS,,65601,4101,4121
129,6,ROUTE_EXISTS,,60409,3654,3645
168,6,ROUTE_EXISTS,,64637,4066,4088
187,6,ROUTE_EXISTS,,66215,4092,4121
146,6,ROUTE_EXISTS,,62041,3879,3904
122,6,ROUTE_EXISTS,,58774,3578,3577
121,6,ROUTE_EXISTS,,58448,3553,3557
109,6,ROUTE_EXISTS,,59815,3590,3584
132,6,ROUTE_EXISTS,,61262,3775,3766
196,6,ROUTE_EXISTS,,62385,3573,3530
135,6,ROUTE_EXISTS,,62065,3817,3802
110,6,ROUTE_EXISTS,,59779,3650,3639
133,6,ROUTE_EXISTS,,61873,3894,3886
154,6,ROUTE_EXISTS,,60731,3665,3688
149,6,ROUTE_EXISTS,,62730,3914,3933
116,6,ROUTE_EXISTS,,60826,3779,3766
101,6,ROUTE_EXISTS,,68215,4440,4444
171,6,ROUTE_EXISTS,,65792,4127,4154
191,6,ROUTE_EXISTS,,71529,4160,4101
125,6,ROUTE_EXISTS,,59824,3732,3754
181,6,ROUTE_EXISTS,,67595,4257,4277
172,6,ROUTE_EXISTS,,67713,4277,4298
115,6,ROUTE_EXISTS,,60259,3736,3750
206,6,ROUTE_EXISTS,,64113,3969,3981
297,6,ROUTE_EXISTS,,1230,117,122
255,6,ROUTE_EXISTS,,60195,3660,3649
241,6,ROUTE_EXISTS,,55745,3280,3288
228,6,ROUTE_EXISTS,,58719,3494,3508
201,6,ROUTE_EXISTS,,66292,4073,4102
270,6,ROUTE_EXISTS,,65022,4069,4055
214,6,ROUTE_EXISTS,,59510,3594,3612
285,6,ROUTE_EXISTS,,9782,755,755
207,6,ROUTE_EXISTS,,62286,3763,3782
288,6,ROUTE_EXISTS,,7972,658,666
251,6,ROUTE_EXISTS,,60639,3694,3686
218,6,ROUTE_EXISTS,,59840,3640,3659
252,6,ROUTE_EXISTS,,59229,3541,3538
283,6,ROUTE_EXISTS,,14160,954,962
217,6,ROUTE_EXISTS,,58829,3512,3536
205,6,ROUTE_EXISTS,,61863,3763,3782
244,6,ROUTE_EXISTS,,46679,2663,2677
249,6,ROUTE_EXISTS,,58079,3507,3505
232,6,ROUTE_EXISTS,,57554,3378,3399
209,6,ROUTE_EXISTS,,63643,3888,3900
266,6,ROUTE_EXISTS,,64098,3875,3867
300,6,ROUTE_EXISTS,,2366,210,214
294,6,ROUTE_EXISTS,,5151,498,503
295,6,ROUTE_EXISTS,,9928,827,827
227,6,ROUTE_EXISTS,,59187,3494,3507
292,6,ROUTE_EXISTS,,3841,399,399
291,6,ROUTE_EXISTS,,4421,360,367
281,6,ROUTE_EXISTS,,19406,1287,1250
284,6,ROUTE_EXISTS,,14042,1032,1032
287,6,ROUTE_EXISTS,,8777,709,717
290,6,ROUTE_EXISTS,,5438,449,458
286,6,ROUTE_EXISTS,,9682,680,689
278,6,ROUTE_EXISTS,,26577,1568,1564
279,6,ROUTE_EXISTS,,23850,1348,1351
276,6,ROUTE_EXISTS,,30376,1748,1742
247,6,ROUTE_EXISTS,,52156,3151,3164
246,6,ROUTE_EXISTS,,34660,2084,2076
282,6,ROUTE_EXISTS,,21907,1392,1388
211,6,ROUTE_EXISTS,,65491,4088,4101
245,6,ROUTE_EXISTS,,58226,3465,3466
275,6,ROUTE_EXISTS,,42468,2217,2219
237,6,ROUTE_EXISTS,,59731,3607,3626
271,6,ROUTE_EXISTS,,65820,4200,4219
264,6,ROUTE_EXISTS,,63511,3899,3884
253,6,ROUTE_EXISTS,,58482,3561,3565
242,6,ROUTE_EXISTS,,55640,3288,3300
262,6,ROUTE_EXISTS,,63581,3929,3913
263,6,ROUTE_EXISTS,,64244,4097,4086
248,6,ROUTE_EXISTS,,68582,4637,4588
226,6,ROUTE_EXISTS,,59029,3527,3539
219,6,ROUTE_EXISTS,,58218,3468,3489
272,6,ROUTE_EXISTS,,66804,4141,4124
230,6,ROUTE_EXISTS,,58262,3455,3472
240,6,ROUTE_EXISTS,,57360,3391,3392
221,6,ROUTE_EXISTS,,59441,3534,3554
215,6,ROUTE_EXISTS,,59581,3592,3611
208,6,ROUTE_EXISTS,,63004,3906,3925
213,6,ROUTE_EXISTS,,59564,3589,3608
269,6,ROUTE_EXISTS,,65780,4114,4128
204,6,ROUTE_EXISTS,,65609,3978,4005
236,6,ROUTE_EXISTS,,57766,3435,3453
222,6,ROUTE_EXISTS,,58573,3501,3520
216,6,ROUTE_EXISTS,,59671,3619,3637
239,6,ROUTE_EXISTS,,58282,3538,3546
259,6,ROUTE_EXISTS,,61917,3830,3819
267,6,ROUTE_EXISTS,,61502,3809,3801
202,6,ROUTE_EXISTS,,67004,4148,4174
261,6,ROUTE_EXISTS,,63056,3963,3949
268,6,ROUTE_EXISTS,,60611,3703,3692
212,6,ROUTE_EXISTS,,65426,4015,4023
238,6,ROUTE_EXISTS,,58085,3517,3524
235,6,ROUTE_EXISTS,,59370,3577,3596
229,6,ROUTE_EXISTS,,58546,3453,3467
258,6,ROUTE_EXISTS,,61923,3826,3817
234,6,ROUTE_EXISTS,,58461,3482,3496
280,6,ROUTE_EXISTS,,14228,966,946
225,6,ROUTE_EXISTS,,57627,3453,3470
274,6,ROUTE_EXISTS,,67608,4173,4158
233,6,ROUTE_EXISTS,,57275,3324,3344
298,6,ROUTE_EXISTS,,1336,119,124
296,6,ROUTE_EXISTS,,1996,211,211
299,6,ROUTE_EXISTS,,2307,257,257
277,6,ROUTE_EXISTS,,28158,1752,1747
289,6,ROUTE_EXISTS,,7185,560,568
254,6,ROUTE_EXISTS,,54849,3419,3429
203,6,ROUTE_EXISTS,,66944,4158,4185
260,6,ROUTE_EXISTS,,62201,3883,3871
250,6,ROUTE_EXISTS,,57237,3414,3419
210,6,ROUTE_EXISTS,,64259,3945,3958
220,6,ROUTE_EXISTS,,59074,3637,3654
293,6,ROUTE_EXISTS,,5428,487,487
265,6,ROUTE_EXISTS,,63773,3972,3965
231,6,ROUTE_EXISTS,,57820,3402,3421
224,6,ROUTE_EXISTS,,57205,3328,3348
223,6,ROUTE_EXISTS,,57940,3414,3432
243,6,ROUTE_EXISTS,,54223,3121,3137
273,6,ROUTE_EXISTS,,67101,4204,4189
256,6,ROUTE_EXISTS,,61298,3785,3777
257,6,ROUTE_EXISTS,,60982,3747,3737
302,6,ROUTE_EXISTS,,5004,412,415
307,6,ROUTE_EXISTS,,2244,238,238
316,6,ROUTE_EXISTS,,2610,260,258
315,6,ROUTE_EXISTS,,2299,217,213
342,6,ROUTE_EXISTS,,92330,5388,5301
365,6,ROUTE_EXISTS,,121128,6526,6403
304,6,ROUTE_EXISTS,,2962,309,301
301,6,ROUTE_EXISTS,,7119,609,611
313,6,ROUTE_EXISTS,,941,185,185
321,6,ROUTE_EXISTS,,4797,380,380
391,6,ROUTE_EXISTS,,110443,6370,6316
310,6,ROUTE_EXISTS,,2721,266,262
350,6,ROUTE_EXISTS,,98278,5736,5634
369,6,ROUTE_EXISTS,,116001,6228,6125
390,6,ROUTE_EXISTS,,103336,6319,6319
363,6,ROUTE_EXISTS,,145193,7975,7880
346,6,ROUTE_EXISTS,,93700,5431,5346
397,6,ROUTE_EXISTS,,67445,4282,4282
395,6,ROUTE_EXISTS,,80343,5046,5046
376,6,ROUTE_EXISTS,,132128,8974,8850
398,6,ROUTE_EXISTS,,75106,4661,4661
359,6,ROUTE_EXISTS,,100407,5817,5739
392,6,ROUTE_EXISTS,,103542,6117,6060
380,6,ROUTE_EXISTS,,125827,6869,6762
329,6,ROUTE_EXISTS,,69746,4199,4189
330,6,ROUTE_EXISTS,,73892,4559,4529
373,6,ROUTE_EXISTS,,112062,6763,6628
336,6,ROUTE_EXISTS,,87153,5112,5028
338,6,ROUTE_EXISTS,,88737,5157,5072
354,6,ROUTE_EXISTS,,106396,5848,5765
382,6,ROUTE_EXISTS,,127697,7060,6961
341,6,ROUTE_EXISTS,,92283,5405,5319
367,6,ROUTE_EXISTS,,118497,6833,6722
325,6,ROUTE_EXISTS,,10600,646,646
319,6,ROUTE_EXISTS,,5194,359,354
309,6,ROUTE_EXISTS,,1994,221,216
317,6,ROUTE_EXISTS,,2768,274,273
327,6,ROUTE_EXISTS,,77120,4772,4744
314,6,ROUTE_EXISTS,,2388,237,234
320,6,ROUTE_EXISTS,,4373,399,395
328,6,ROUTE_EXISTS,,70319,4266,4245
311,6,ROUTE_EXISTS,,2912,323,318
337,6,ROUTE_EXISTS,,94769,5718,5624
335,6,ROUTE_EXISTS,,79210,4744,4670
393,6,ROUTE_EXISTS,,98177,5651,5603
332,6,ROUTE_EXISTS,,74027,4577,4542
399,6,ROUTE_EXISTS,,78025,5067,5067
339,6,ROUTE_EXISTS,,89250,5188,5102
343,6,ROUTE_EXISTS,,92257,5363,5278
331,6,ROUTE_EXISTS,,73564,4570,4530
400,6,ROUTE_EXISTS,,78792,4878,4878
326,6,ROUTE_EXISTS,,83384,5321,5286
333,6,ROUTE_EXISTS,,72096,4439,4403
364,6,ROUTE_EXISTS,,140887,7749,7635
383,6,ROUTE_EXISTS,,128165,7161,7032
388,6,ROUTE_EXISTS,,127334,7084,6980
334,6,ROUTE_EXISTS,,78852,4966,4934
377,6,ROUTE_EXISTS,,130181,7427,7311
356,6,ROUTE_EXISTS,,100496,5776,5691
345,6,ROUTE_EXISTS,,95321,5560,5470
361,6,ROUTE_EXISTS,,120831,6507,6407
375,6,ROUTE_EXISTS,,140912,11607,11418
344,6,ROUTE_EXISTS,,93220,5416,5334
370,6,ROUTE_EXISTS,,119710,6657,6550
387,6,ROUTE_EXISTS,,126074,6871,6767
381,6,ROUTE_EXISTS,,125682,6801,6700
352,6,ROUTE_EXISTS,,96307,5580,5488
379,6,ROUTE_EXISTS,,124593,6780,6675
389,6,ROUTE_EXISTS,,93930,5764,5764
360,6,ROUTE_EXISTS,,130009,7066,6953
394,6,ROUTE_EXISTS,,96253,5587,5587
371,6,ROUTE_EXISTS,,116784,6651,6535
351,6,ROUTE_EXISTS,,96313,5629,5543
368,6,ROUTE_EXISTS,,123173,6778,6670
362,6,ROUTE_EXISTS,,148269,8173,8074
347,6,ROUTE_EXISTS,,98350,5812,5724
374,6,ROUTE_EXISTS,,136386,9668,9520
322,6,ROUTE_EXISTS,,5923,487,487
355,6,ROUTE_EXISTS,,106946,6342,6224
312,6,ROUTE_EXISTS,,312,66,66
323,6,ROUTE_EXISTS,,22591,2221,2221
308,6,ROUTE_EXISTS,,2010,216,212
318,6,ROUTE_EXISTS,,2609,270,269
378,6,ROUTE_EXISTS,,126429,6932,6829
372,6,ROUTE_EXISTS,,118319,6792,6683
348,6,ROUTE_EXISTS,,98163,5777,5686
305,6,ROUTE_EXISTS,,2713,279,279
340,6,ROUTE_EXISTS,,93693,5419,5333
358,6,ROUTE_EXISTS,,104359,6140,6045
306,6,ROUTE_EXISTS,,2550,242,233
384,6,ROUTE_EXISTS,,127693,7006,6912
324,6,ROUTE_EXISTS,,8355,530,531
357,6,ROUTE_EXISTS,,107625,6364,6271
349,6,ROUTE_EXISTS,,97400,5639,5541
396,6,ROUTE_EXISTS,,73804,4603,4603
366,6,ROUTE_EXISTS,,120572,6632,6524
386,6,ROUTE_EXISTS,,126557,6987,6883
353,6,ROUTE_EXISTS,,112657,6439,6329
385,6,ROUTE_EXISTS,,127100,7093,6989
442,6,ROUTE_EXISTS,,30811,2110,2145
455,6,ROUTE_EXISTS,,26107,1547,1535
490,6,ROUTE_EXISTS,,61130,3510,3515
492,6,ROUTE_EXISTS,,76479,4513,4509
419,6,ROUTE_EXISTS,,47805,3110,3113
460,6,ROUTE_EXISTS,,30022,1805,1779
483,6,ROUTE_EXISTS,,18264,1073,1081
458,6,ROUTE_EXISTS,,31193,1952,1915
422,6,ROUTE_EXISTS,,44588,2577,2547
403,6,ROUTE_EXISTS,,84601,5269,5269
486,6,ROUTE_EXISTS,,50729,3080,3091
495,6,ROUTE_EXISTS,,107291,6364,6263
414,6,ROUTE_EXISTS,,41078,2657,2661
416,6,ROUTE_EXISTS,,44512,2890,2893
481,6,ROUTE_EXISTS,,26291,1688,1690
436,6,ROUTE_EXISTS,,26622,1758,1798
467,6,ROUTE_EXISTS,,43777,2750,2770
452,6,ROUTE_EXISTS,,20090,1167,1156
450,6,ROUTE_EXISTS,,17899,1091,1087
430,6,ROUTE_EXISTS,,38857,2474,2503
462,6,ROUTE_EXISTS,,26480,1508,1498
456,6,ROUTE_EXISTS,,22479,1356,1348
439,6,ROUTE_EXISTS,,34933,2293,2323
479,6,ROUTE_EXISTS,,40014,2273,2285
485,6,ROUTE_EXISTS,,43304,2748,2753
454,6,ROUTE_EXISTS,,26397,1620,1613
441,6,ROUTE_EXISTS,,31141,2097,2134
453,6,ROUTE_EXISTS,,23454,1410,1404
470,6,ROUTE_EXISTS,,54453,3011,3035
473,6,ROUTE_EXISTS,,47589,2749,2758
448,6,ROUTE_EXISTS,,32952,2238,2267
434,6,ROUTE_EXISTS,,33872,2280,2317
444,6,ROUTE_EXISTS,,31620,2151,2177
402,6,ROUTE_EXISTS,,86711,5490,5490
413,6,ROUTE_EXISTS,,37674,2372,2399
421,6,ROUTE_EXISTS,,55924,3259,3242
435,6,ROUTE_EXISTS,,27120,2122,2157
443,6,ROUTE_EXISTS,,31090,2075,2101
432,6,ROUTE_EXISTS,,40652,2602,2626
474,6,ROUTE_EXISTS,,54544,3146,3155
457,6,ROUTE_EXISTS,,34587,2014,1998
484,6,ROUTE_EXISTS,,37239,2209,2226
431,6,ROUTE_EXISTS,,33574,2177,2215
437,6,ROUTE_EXISTS,,19523,1358,1400
496,6,ROUTE_EXISTS,,72024,3800,3758
424,6,ROUTE_EXISTS,,46112,2730,2705
461,6,ROUTE_EXISTS,,30605,1791,1776
482,6,ROUTE_EXISTS,,21531,1363,1376
475,6,ROUTE_EXISTS,,65218,4171,4171
411,6,ROUTE_EXISTS,,54766,3550,3540
489,6,ROUTE_EXISTS,,50422,2878,2890
415,6,ROUTE_EXISTS,,41680,2701,2673
425,6,ROUTE_EXISTS,,46994,2739,2709
487,6,ROUTE_EXISTS,,42607,2420,2439
428,6,ROUTE_EXISTS,,52512,3071,3028
468,6,ROUTE_EXISTS,,51990,3331,3331
499,6,ROUTE_EXISTS,,70926,3761,3724
404,6,ROUTE_EXISTS,,90503,5588,5588
427,6,ROUTE_EXISTS,,47325,2795,2755
464,6,ROUTE_EXISTS,,50186,2823,2846
449,6,ROUTE_EXISTS,,33065,2228,2267
465,6,ROUTE_EXISTS,,51427,2920,2948
463,6,ROUTE_EXISTS,,28451,1618,1606
401,6,ROUTE_EXISTS,,81828,5113,5113
433,6,ROUTE_EXISTS,,36164,2370,2406
445,6,ROUTE_EXISTS,,31490,2154,2181
417,6,ROUTE_EXISTS,,46566,3005,3014
407,6,ROUTE_EXISTS,,93746,5743,5743
476,6,ROUTE_EXISTS,,55420,3187,3192
498,6,ROUTE_EXISTS,,74385,4025,3979
426,6,ROUTE_EXISTS,,45946,2673,2644
412,6,ROUTE_EXISTS,,53900,3471,3472
429,6,ROUTE_EXISTS,,53104,3081,3039
405,6,ROUTE_EXISTS,,100874,5769,5676
406,6,ROUTE_EXISTS,,96074,5892,5811
491,6,ROUTE_EXISTS,,77670,4180,4110
409,6,ROUTE_EXISTS,,102728,6291,6291
500,6,ROUTE_EXISTS,,63619,3305,3289
423,6,ROUTE_EXISTS,,47503,2720,2694
488,6,ROUTE_EXISTS,,51249,3246,3259
440,6,ROUTE_EXISTS,,30145,1990,2024
480,6,ROUTE_EXISTS,,36638,2116,2128
477,6,ROUTE_EXISTS,,60786,3543,3543
478,6,ROUTE_EXISTS,,64336,3787,3787
418,6,ROUTE_EXISTS,,49046,3148,3149
469,6,ROUTE_EXISTS,,55328,3656,3656
494,6,ROUTE_EXISTS,,95363,5147,5064
420,6,ROUTE_EXISTS,,46561,2974,2978
438,6,ROUTE_EXISTS,,28381,1964,2001
451,6,ROUTE_EXISTS,,15997,981,971
446,6,ROUTE_EXISTS,,34136,2116,2082
466,6,ROUTE_EXISTS,,51220,2790,2810
472,6,ROUTE_EXISTS,,49556,2846,2857
447,6,ROUTE_EXISTS,,31843,2103,2141
459,6,ROUTE_EXISTS,,34424,2039,2000
471,6,ROUTE_EXISTS,,48177,2681,2700
497,6,ROUTE_EXISTS,,78471,4198,4148
408,6,ROUTE_EXISTS,,99183,6285,6285
493,6,ROUTE_EXISTS,,87406,4777,4696
410,6,ROUTE_EXISTS,,108065,6626,6626
555,6,ROUTE_EXISTS,,119798,6615,6511
591,6,ROUTE_EXISTS,,60765,3753,3735
504,6,ROUTE_EXISTS,,68667,3571,3546
537,6,ROUTE_EXISTS,,96558,5533,5498
521,6,ROUTE_EXISTS,,80958,4650,4616
511,6,ROUTE_EXISTS,,74167,4067,4015
578,6,ROUTE_EXISTS,,134946,7152,7041
576,6,ROUTE_EXISTS,,115653,6342,6252
505,6,ROUTE_EXISTS,,70153,3682,3653
539,6,ROUTE_EXISTS,,105091,7556,7439
587,6,ROUTE_EXISTS,,98488,5728,5728
565,6,ROUTE_EXISTS,,95135,5357,5318
517,6,ROUTE_EXISTS,,63625,4385,4380
570,6,ROUTE_EXISTS,,107499,5782,5710
588,6,ROUTE_EXISTS,,114815,6794,6794
564,6,ROUTE_EXISTS,,91122,4979,4948
581,6,ROUTE_EXISTS,,83457,4853,4853
534,6,ROUTE_EXISTS,,70656,3937,3933
514,6,ROUTE_EXISTS,,74454,4063,4016
593,6,ROUTE_EXISTS,,61594,3759,3782
533,6,ROUTE_EXISTS,,57201,3093,3120
535,6,ROUTE_EXISTS,,86179,4913,4883
579,6,ROUTE_EXISTS,,136968,7278,7169
546,6,ROUTE_EXISTS,,139448,8324,8219
600,6,ROUTE_EXISTS,,46221,3319,3323
558,6,ROUTE_EXISTS,,103186,5916,5880
529,6,ROUTE_EXISTS,,63574,3535,3552
531,6,ROUTE_EXISTS,,67607,3715,3712
541,6,ROUTE_EXISTS,,122679,6996,6811
532,6,ROUTE_EXISTS,,67468,3672,3667
598,6,ROUTE_EXISTS,,57343,3371,3392
599,6,ROUTE_EXISTS,,57315,3365,3385
597,6,ROUTE_EXISTS,,68176,4277,4223
524,6,ROUTE_EXISTS,,70933,4077,4071
584,6,ROUTE_EXISTS,,112461,6435,6329
586,6,ROUTE_EXISTS,,93068,5404,5404
530,6,ROUTE_EXISTS,,60925,3337,3356
582,6,ROUTE_EXISTS,,78725,4592,4592
507,6,ROUTE_EXISTS,,72086,3817,3786
519,6,ROUTE_EXISTS,,85642,4831,4757
510,6,ROUTE_EXISTS,,74251,4067,4015
501,6,ROUTE_EXISTS,,63918,3298,3284
592,6,ROUTE_EXISTS,,59809,3662,3650
571,6,ROUTE_EXISTS,,98984,5249,5181
502,6,ROUTE_EXISTS,,60529,3153,3147
563,6,ROUTE_EXISTS,,85411,4544,4530
568,6,ROUTE_EXISTS,,109605,6387,6367
525,6,ROUTE_EXISTS,,66700,3829,3824
512,6,ROUTE_EXISTS,,75410,4166,4122
589,6,ROUTE_EXISTS,,71016,4674,4673
572,6,ROUTE_EXISTS,,98513,5218,5155
526,6,ROUTE_EXISTS,,74654,4312,4257
515,6,ROUTE_EXISTS,,77628,4319,4281
595,6,ROUTE_EXISTS,,66999,4162,4190
561,6,ROUTE_EXISTS,,82928,4332,4330
574,6,ROUTE_EXISTS,,102102,5490,5414
528,6,ROUTE_EXISTS,,71187,3891,3913
583,6,ROUTE_EXISTS,,89343,5180,5180
518,6,ROUTE_EXISTS,,96405,5613,5517
506,6,ROUTE_EXISTS,,71339,3777,3747
536,6,ROUTE_EXISTS,,94394,5549,5482
544,6,ROUTE_EXISTS,,149269,8561,8468
590,6,ROUTE_EXISTS,,71328,4667,4666
557,6,ROUTE_EXISTS,,115219,6288,6203
543,6,ROUTE_EXISTS,,127707,7263,7139
594,6,ROUTE_EXISTS,,67658,4262,4283
573,6,ROUTE_EXISTS,,111665,6191,6097
559,6,ROUTE_EXISTS,,101521,5750,5717
508,6,ROUTE_EXISTS,,72585,3878,3845
516,6,ROUTE_EXISTS,,79780,4408,4370
551,6,ROUTE_EXISTS,,118342,6986,6891
549,6,ROUTE_EXISTS,,125048,7418,7333
527,6,ROUTE_EXISTS,,67004,3554,3569
575,6,ROUTE_EXISTS,,108766,5799,5724
520,6,ROUTE_EXISTS,,80925,4743,4715
538,6,ROUTE_EXISTS,,100480,5741,5692
522,6,ROUTE_EXISTS,,98616,6101,5929
547,6,ROUTE_EXISTS,,142968,8310,8193
545,6,ROUTE_EXISTS,,131505,7784,7697
542,6,ROUTE_EXISTS,,124906,7130,7012
550,6,ROUTE_EXISTS,,123118,7262,7172
548,6,ROUTE_EXISTS,,130241,7679,7598
552,6,ROUTE_EXISTS,,121824,7230,7132
585,6,ROUTE_EXISTS,,96825,5732,5732
596,6,ROUTE_EXISTS,,65825,4025,4055
503,6,ROUTE_EXISTS,,67546,3498,3474
523,6,ROUTE_EXISTS,,89852,5207,5140
509,6,ROUTE_EXISTS,,73251,3986,3935
577,6,ROUTE_EXISTS,,123912,6607,6499
556,6,ROUTE_EXISTS,,112876,6572,6525
553,6,ROUTE_EXISTS,,112532,6683,6601
569,6,ROUTE_EXISTS,,108802,6419,6335
567,6,ROUTE_EXISTS,,107542,6266,6251
560,6,ROUTE_EXISTS,,102155,5788,5713
580,6,ROUTE_EXISTS,,151095,8057,7893
513,6,ROUTE_EXISTS,,70866,3749,3721
562,6,ROUTE_EXISTS,,79429,4164,4184
554,6,ROUTE_EXISTS,,106230,6304,6228
540,6,ROUTE_EXISTS,,118347,6674,6591
566,6,ROUTE_EXISTS,,103822,6236,6155
608,6,ROUTE_NOT_FOUND,,,,
612,6,ROUTE_NOT_FOUND,,,,
609,6,ROUTE_NOT_FOUND,,,,
611,6,ROUTE_NOT_FOUND,,,,
610,6,ROUTE_NOT_FOUND,,,,
605,6,ROUTE_EXISTS,,92136.0,5864.0,5778.0
601,6,ROUTE_EXISTS,,62741.0,4879.0,4879.0
602,6,ROUTE_EXISTS,,53510.0,3565.0,3565.0
606,6,ROUTE_EXISTS,,128152.0,7475.0,7411.0
607,6,ROUTE_EXISTS,,130992.0,8378.0,8378.0
603,6,ROUTE_EXISTS,,109790.0,7072.0,7072.0
604,6,ROUTE_EXISTS,,131538.0,9309.0,9309.0
47,7,ROUTE_EXISTS,,46445,2496,2467
67,7,ROUTE_EXISTS,,48870,2669,2631
21,7,ROUTE_EXISTS,,46115,2463,2438
98,7,ROUTE_EXISTS,,52166,3011,2955
32,7,ROUTE_EXISTS,,45370,2494,2442
81,7,ROUTE_EXISTS,,51251,2758,2741
26,7,ROUTE_EXISTS,,46483,2606,2551
11,7,ROUTE_EXISTS,,47036,2518,2494
16,7,ROUTE_EXISTS,,42866,2291,2270
56,7,ROUTE_EXISTS,,47985,2603,2575
3,7,ROUTE_EXISTS,,60876,3407,3360
12,7,ROUTE_EXISTS,,50348,2668,2642
2,7,ROUTE_EXISTS,,60010,3315,3280
63,7,ROUTE_EXISTS,,49405,2714,2684
70,7,ROUTE_EXISTS,,49064,2666,2634
99,7,ROUTE_EXISTS,,50869,2823,2791
34,7,ROUTE_EXISTS,,43359,2290,2237
58,7,ROUTE_EXISTS,,48705,2676,2649
14,7,ROUTE_EXISTS,,59005,3486,3453
44,7,ROUTE_EXISTS,,47114,2603,2570
60,7,ROUTE_EXISTS,,47597,2572,2545
51,7,ROUTE_EXISTS,,48231,2657,2619
23,7,ROUTE_EXISTS,,46279,2569,2514
57,7,ROUTE_EXISTS,,48364,2643,2616
24,7,ROUTE_EXISTS,,45745,2508,2455
77,7,ROUTE_EXISTS,,50491,2803,2789
69,7,ROUTE_EXISTS,,50512,2819,2787
59,7,ROUTE_EXISTS,,48543,2656,2629
20,7,ROUTE_EXISTS,,46140,2425,2402
49,7,ROUTE_EXISTS,,46490,2478,2449
9,7,ROUTE_EXISTS,,48685,2672,2647
50,7,ROUTE_EXISTS,,49133,2718,2680
48,7,ROUTE_EXISTS,,46235,2471,2442
19,7,ROUTE_EXISTS,,46744,2507,2484
17,7,ROUTE_EXISTS,,46409,2594,2565
30,7,ROUTE_EXISTS,,44603,2427,2375
46,7,ROUTE_EXISTS,,46441,2484,2453
36,7,ROUTE_EXISTS,,42373,2341,2319
71,7,ROUTE_EXISTS,,49387,2733,2703
39,7,ROUTE_EXISTS,,40256,2227,2203
61,7,ROUTE_EXISTS,,47454,2559,2531
53,7,ROUTE_EXISTS,,48989,2747,2715
40,7,ROUTE_EXISTS,,40646,2314,2287
31,7,ROUTE_EXISTS,,44722,2424,2373
62,7,ROUTE_EXISTS,,47658,2581,2553
45,7,ROUTE_EXISTS,,46684,2494,2464
68,7,ROUTE_EXISTS,,49858,2713,2681
88,7,ROUTE_EXISTS,,52894,2937,2918
18,7,ROUTE_EXISTS,,45584,2405,2378
5,7,ROUTE_EXISTS,,57285,3023,3008
38,7,ROUTE_EXISTS,,40585,2285,2262
22,7,ROUTE_EXISTS,,47042,2521,2498
27,7,ROUTE_EXISTS,,45618,2499,2447
55,7,ROUTE_EXISTS,,48862,2700,2665
8,7,ROUTE_EXISTS,,49209,2735,2711
29,7,ROUTE_EXISTS,,46077,2573,2517
84,7,ROUTE_EXISTS,,53413,2915,2893
10,7,ROUTE_EXISTS,,47603,2578,2552
35,7,ROUTE_EXISTS,,44477,2449,2396
66,7,ROUTE_EXISTS,,49948,2818,2790
97,7,ROUTE_EXISTS,,51732,2906,2877
91,7,ROUTE_EXISTS,,52644,2873,2849
72,7,ROUTE_EXISTS,,49964,2769,2741
41,7,ROUTE_EXISTS,,41509,2303,2288
75,7,ROUTE_EXISTS,,50265,2881,2857
54,7,ROUTE_EXISTS,,48947,2707,2673
76,7,ROUTE_EXISTS,,52045,2800,2784
100,7,ROUTE_EXISTS,,50602,2795,2764
90,7,ROUTE_EXISTS,,53133,2975,2951
6,7,ROUTE_EXISTS,,51255,2766,2747
78,7,ROUTE_EXISTS,,52901,2860,2836
87,7,ROUTE_EXISTS,,54347,3032,3012
65,7,ROUTE_EXISTS,,50381,2822,2790
13,7,ROUTE_EXISTS,,53343,2939,2907
15,7,ROUTE_EXISTS,,42373,3767,3754
92,7,ROUTE_EXISTS,,52768,2898,2874
93,7,ROUTE_EXISTS,,54046,3150,3127
37,7,ROUTE_EXISTS,,40427,2275,2252
80,7,ROUTE_EXISTS,,51564,2806,2788
73,7,ROUTE_EXISTS,,50411,2835,2806
86,7,ROUTE_EXISTS,,53558,2930,2908
94,7,ROUTE_EXISTS,,52328,2967,2938
89,7,ROUTE_EXISTS,,52959,2936,2912
4,7,ROUTE_EXISTS,,54774,2989,2990
28,7,ROUTE_EXISTS,,45094,2483,2431
83,7,ROUTE_EXISTS,,54035,3031,3007
95,7,ROUTE_EXISTS,,52916,3021,2995
42,7,ROUTE_EXISTS,,41091,2218,2198
52,7,ROUTE_EXISTS,,49185,2756,2723
85,7,ROUTE_EXISTS,,54077,2997,2975
43,7,ROUTE_EXISTS,,47406,2604,2572
25,7,ROUTE_EXISTS,,45903,2552,2497
82,7,ROUTE_EXISTS,,51270,2751,2734
64,7,ROUTE_EXISTS,,50202,2808,2780
96,7,ROUTE_EXISTS,,53289,3033,3006
33,7,ROUTE_EXISTS,,44509,2408,2355
79,7,ROUTE_EXISTS,,52418,2863,2847
1,7,ROUTE_EXISTS,,51613,2704,2684
74,7,ROUTE_EXISTS,,50443,2823,2811
7,7,ROUTE_EXISTS,,50426,2670,2647
189,7,ROUTE_EXISTS,,56560,2918,2879
108,7,ROUTE_EXISTS,,61354,3626,3616
164,7,ROUTE_EXISTS,,57230,3288,3264
158,7,ROUTE_EXISTS,,56563,3276,3253
140,7,ROUTE_EXISTS,,57688,3393,3366
168,7,ROUTE_EXISTS,,53948,3100,3077
166,7,ROUTE_EXISTS,,55883,3199,3175
119,7,ROUTE_EXISTS,,62773,3850,3811
165,7,ROUTE_EXISTS,,56535,3192,3169
186,7,ROUTE_EXISTS,,52867,2964,2934
176,7,ROUTE_EXISTS,,53162,3029,3002
137,7,ROUTE_EXISTS,,57683,3406,3380
197,7,ROUTE_EXISTS,,71614,4005,3965
124,7,ROUTE_EXISTS,,60236,3602,3577
104,7,ROUTE_EXISTS,,60845,3516,3499
103,7,ROUTE_EXISTS,,51631,2898,2869
101,7,ROUTE_EXISTS,,51325,2946,2917
144,7,ROUTE_EXISTS,,63944,3420,3372
198,7,ROUTE_EXISTS,,70049,3911,3870
179,7,ROUTE_EXISTS,,52900,2989,2961
129,7,ROUTE_EXISTS,,61104,3519,3491
157,7,ROUTE_EXISTS,,57440,3421,3397
172,7,ROUTE_EXISTS,,53088,3062,3033
121,7,ROUTE_EXISTS,,61879,3709,3676
169,7,ROUTE_EXISTS,,54051,3100,3079
143,7,ROUTE_EXISTS,,57000,3378,3352
170,7,ROUTE_EXISTS,,54381,3163,3140
173,7,ROUTE_EXISTS,,52921,2993,2964
182,7,ROUTE_EXISTS,,53570,3048,3020
159,7,ROUTE_EXISTS,,55623,3232,3204
112,7,ROUTE_EXISTS,,61859,3687,3676
171,7,ROUTE_EXISTS,,53369,3159,3128
133,7,ROUTE_EXISTS,,60048,3398,3374
192,7,ROUTE_EXISTS,,53113,2724,2687
190,7,ROUTE_EXISTS,,53240,3064,3035
178,7,ROUTE_EXISTS,,52209,2936,2904
116,7,ROUTE_EXISTS,,60499,3478,3462
154,7,ROUTE_EXISTS,,63152,3333,3282
180,7,ROUTE_EXISTS,,52418,2955,2924
109,7,ROUTE_EXISTS,,61278,3593,3582
191,7,ROUTE_EXISTS,,55376,2857,2820
162,7,ROUTE_EXISTS,,55613,3226,3196
194,7,ROUTE_EXISTS,,61394,3272,3230
153,7,ROUTE_EXISTS,,57897,3359,3332
110,7,ROUTE_EXISTS,,61340,3627,3615
181,7,ROUTE_EXISTS,,53258,3052,3025
122,7,ROUTE_EXISTS,,61479,3617,3595
156,7,ROUTE_EXISTS,,57659,3324,3299
102,7,ROUTE_EXISTS,,50837,2821,2790
151,7,ROUTE_EXISTS,,56638,3292,3262
155,7,ROUTE_EXISTS,,63063,3460,3408
167,7,ROUTE_EXISTS,,54736,3148,3125
188,7,ROUTE_EXISTS,,52127,2903,2873
175,7,ROUTE_EXISTS,,53265,3071,3043
131,7,ROUTE_EXISTS,,60887,3483,3464
185,7,ROUTE_EXISTS,,53358,2996,2967
128,7,ROUTE_EXISTS,,61946,3571,3551
123,7,ROUTE_EXISTS,,60338,3596,3571
141,7,ROUTE_EXISTS,,57529,3370,3342
177,7,ROUTE_EXISTS,,52383,2951,2923
135,7,ROUTE_EXISTS,,58413,3254,3235
163,7,ROUTE_EXISTS,,56959,3342,3314
146,7,ROUTE_EXISTS,,57925,3466,3441
118,7,ROUTE_EXISTS,,62304,3747,3708
145,7,ROUTE_EXISTS,,59167,3531,3505
107,7,ROUTE_EXISTS,,60993,3552,3533
125,7,ROUTE_EXISTS,,60893,3747,3728
115,7,ROUTE_EXISTS,,60351,3450,3430
187,7,ROUTE_EXISTS,,53269,3022,2993
200,7,ROUTE_EXISTS,,64889,3530,3479
127,7,ROUTE_EXISTS,,61984,3549,3529
199,7,ROUTE_EXISTS,,64522,3549,3500
196,7,ROUTE_EXISTS,,65106,3593,3543
114,7,ROUTE_EXISTS,,62065,3685,3673
106,7,ROUTE_EXISTS,,61064,3585,3575
174,7,ROUTE_EXISTS,,52854,2974,2943
139,7,ROUTE_EXISTS,,58164,3404,3378
111,7,ROUTE_EXISTS,,61609,3652,3640
120,7,ROUTE_EXISTS,,60619,3684,3657
113,7,ROUTE_EXISTS,,62033,3594,3575
147,7,ROUTE_EXISTS,,57705,3428,3402
183,7,ROUTE_EXISTS,,53058,2992,2964
160,7,ROUTE_EXISTS,,56435,3348,3322
126,7,ROUTE_EXISTS,,61243,3607,3591
195,7,ROUTE_EXISTS,,63116,3282,3238
136,7,ROUTE_EXISTS,,58551,3530,3504
105,7,ROUTE_EXISTS,,60946,3558,3541
149,7,ROUTE_EXISTS,,56385,3310,3286
130,7,ROUTE_EXISTS,,59909,3394,3374
132,7,ROUTE_EXISTS,,60268,3474,3450
193,7,ROUTE_EXISTS,,59593,3062,3020
117,7,ROUTE_EXISTS,,62449,3771,3732
152,7,ROUTE_EXISTS,,57603,3382,3354
150,7,ROUTE_EXISTS,,57072,3350,3318
148,7,ROUTE_EXISTS,,57004,3314,3291
161,7,ROUTE_EXISTS,,55283,3194,3171
142,7,ROUTE_EXISTS,,56956,3270,3248
138,7,ROUTE_EXISTS,,58299,3508,3481
134,7,ROUTE_EXISTS,,59724,3399,3379
184,7,ROUTE_EXISTS,,53653,3035,3007
264,7,ROUTE_EXISTS,,58048,3200,3180
249,7,ROUTE_EXISTS,,63627,3772,3759
257,7,ROUTE_EXISTS,,60743,3448,3428
237,7,ROUTE_EXISTS,,61337,3676,3648
239,7,ROUTE_EXISTS,,62295,3707,3695
207,7,ROUTE_EXISTS,,62591,3704,3673
213,7,ROUTE_EXISTS,,61741,3716,3688
282,7,ROUTE_EXISTS,,146686,8254,8136
222,7,ROUTE_EXISTS,,62310,3752,3732
247,7,ROUTE_EXISTS,,73916,4525,4485
272,7,ROUTE_EXISTS,,55397,3086,3065
269,7,ROUTE_EXISTS,,54916,3016,2994
238,7,ROUTE_EXISTS,,62579,3794,3756
278,7,ROUTE_EXISTS,,153437,8566,8435
266,7,ROUTE_EXISTS,,65801,3831,3821
232,7,ROUTE_EXISTS,,62558,3835,3817
277,7,ROUTE_EXISTS,,155019,8757,8618
201,7,ROUTE_EXISTS,,65267,3541,3492
226,7,ROUTE_EXISTS,,62616,3786,3772
242,7,ROUTE_EXISTS,,64755,3965,3920
236,7,ROUTE_EXISTS,,61911,3795,3779
252,7,ROUTE_EXISTS,,69137,4098,4069
300,7,ROUTE_EXISTS,,129350,7225,7141
229,7,ROUTE_EXISTS,,63103,3780,3761
280,7,ROUTE_EXISTS,,141213,7998,7873
225,7,ROUTE_EXISTS,,62013,3810,3793
274,7,ROUTE_EXISTS,,56814,3179,3158
273,7,ROUTE_EXISTS,,56118,3189,3169
284,7,ROUTE_EXISTS,,127162,7885,7885
251,7,ROUTE_EXISTS,,63811,3744,3727
295,7,ROUTE_EXISTS,,122615,7006,6906
263,7,ROUTE_EXISTS,,57420,3294,3273
271,7,ROUTE_EXISTS,,55630,3170,3149
260,7,ROUTE_EXISTS,,59831,3389,3365
202,7,ROUTE_EXISTS,,65979,3617,3564
212,7,ROUTE_EXISTS,,65731,3938,3914
230,7,ROUTE_EXISTS,,63512,3842,3822
211,7,ROUTE_EXISTS,,65796,4016,3992
285,7,ROUTE_EXISTS,,122854,7484,7484
240,7,ROUTE_EXISTS,,64662,3823,3807
243,7,ROUTE_EXISTS,,64023,3876,3857
262,7,ROUTE_EXISTS,,57015,3174,3152
235,7,ROUTE_EXISTS,,62372,3754,3738
221,7,ROUTE_EXISTS,,62178,3790,3776
245,7,ROUTE_EXISTS,,69381,4121,4092
214,7,ROUTE_EXISTS,,62513,3770,3754
209,7,ROUTE_EXISTS,,63947,3816,3790
223,7,ROUTE_EXISTS,,61216,3695,3664
244,7,ROUTE_EXISTS,,71568,4320,4295
208,7,ROUTE_EXISTS,,63308,3834,3815
231,7,ROUTE_EXISTS,,63517,3836,3815
220,7,ROUTE_EXISTS,,60703,3687,3659
293,7,ROUTE_EXISTS,,118502,7217,7217
204,7,ROUTE_EXISTS,,64583,3446,3396
215,7,ROUTE_EXISTS,,61759,3719,3691
218,7,ROUTE_EXISTS,,60534,3611,3584
224,7,ROUTE_EXISTS,,61042,3683,3651
299,7,ROUTE_EXISTS,,129293,7268,7183
210,7,ROUTE_EXISTS,,64564,3873,3849
234,7,ROUTE_EXISTS,,63230,3822,3802
206,7,ROUTE_EXISTS,,67087,3754,3713
205,7,ROUTE_EXISTS,,62167,3704,3673
250,7,ROUTE_EXISTS,,65300,3808,3789
287,7,ROUTE_EXISTS,,135638,7693,7588
217,7,ROUTE_EXISTS,,62058,3645,3626
216,7,ROUTE_EXISTS,,61848,3744,3717
246,7,ROUTE_EXISTS,,84273,5115,5102
281,7,ROUTE_EXISTS,,146392,8325,8176
289,7,ROUTE_EXISTS,,134046,7540,7439
279,7,ROUTE_EXISTS,,150710,8336,8222
275,7,ROUTE_EXISTS,,169328,9219,9090
292,7,ROUTE_EXISTS,,130702,7360,7270
297,7,ROUTE_EXISTS,,128215,7133,7048
276,7,ROUTE_EXISTS,,157236,8754,8613
298,7,ROUTE_EXISTS,,128321,7134,7050
291,7,ROUTE_EXISTS,,131281,7327,7238
227,7,ROUTE_EXISTS,,62204,3720,3692
296,7,ROUTE_EXISTS,,128981,7222,7137
283,7,ROUTE_EXISTS,,141021,7937,7833
255,7,ROUTE_EXISTS,,61973,3573,3554
259,7,ROUTE_EXISTS,,59734,3319,3296
267,7,ROUTE_EXISTS,,60537,3447,3426
270,7,ROUTE_EXISTS,,55894,3117,3098
261,7,ROUTE_EXISTS,,58133,3354,3332
241,7,ROUTE_EXISTS,,66901,3934,3915
219,7,ROUTE_EXISTS,,60052,3588,3563
203,7,ROUTE_EXISTS,,65918,3627,3576
248,7,ROUTE_EXISTS,,88600,5846,5724
268,7,ROUTE_EXISTS,,61401,3524,3504
254,7,ROUTE_EXISTS,,71403,4317,4284
294,7,ROUTE_EXISTS,,126802,7262,7159
290,7,ROUTE_EXISTS,,132299,7422,7329
288,7,ROUTE_EXISTS,,134832,7644,7537
228,7,ROUTE_EXISTS,,62769,3778,3761
265,7,ROUTE_EXISTS,,63274,3680,3661
253,7,ROUTE_EXISTS,,67290,3932,3917
233,7,ROUTE_EXISTS,,62279,3781,3762
258,7,ROUTE_EXISTS,,60036,3372,3349
256,7,ROUTE_EXISTS,,61624,3559,3539
286,7,ROUTE_EXISTS,,136543,7667,7560
370,7,ROUTE_EXISTS,,15173,1229,1229
344,7,ROUTE_EXISTS,,40332,2192,2171
395,7,ROUTE_EXISTS,,59474,3709,3709
341,7,ROUTE_EXISTS,,39396,2180,2155
367,7,ROUTE_EXISTS,,7286,686,681
356,7,ROUTE_EXISTS,,24768,1748,1743
364,7,ROUTE_EXISTS,,30976,2068,2066
359,7,ROUTE_EXISTS,,32084,2293,2269
352,7,ROUTE_EXISTS,,43419,2350,2325
394,7,ROUTE_EXISTS,,72349,4404,4311
393,7,ROUTE_EXISTS,,73073,4392,4300
320,7,ROUTE_EXISTS,,129151,7237,7143
307,7,ROUTE_EXISTS,,127022,7082,6986
334,7,ROUTE_EXISTS,,80556,4939,4888
382,7,ROUTE_EXISTS,,3650,501,501
375,7,ROUTE_EXISTS,,14080,4746,4746
381,7,ROUTE_EXISTS,,2227,351,318
400,7,ROUTE_EXISTS,,42954,2651,2612
342,7,ROUTE_EXISTS,,39443,2165,2139
391,7,ROUTE_EXISTS,,61144,3712,3654
330,7,ROUTE_EXISTS,,75596,4515,4483
304,7,ROUTE_EXISTS,,127740,7149,7049
315,7,ROUTE_EXISTS,,125596,6974,6880
323,7,ROUTE_EXISTS,,147369,9110,8969
331,7,ROUTE_EXISTS,,75267,4526,4484
326,7,ROUTE_EXISTS,,85088,5303,5241
314,7,ROUTE_EXISTS,,125671,7009,6915
317,7,ROUTE_EXISTS,,124502,6843,6766
308,7,ROUTE_EXISTS,,126788,7055,6959
385,7,ROUTE_EXISTS,,726,181,181
366,7,ROUTE_EXISTS,,7756,715,708
396,7,ROUTE_EXISTS,,52934,3265,3265
360,7,ROUTE_EXISTS,,20098,1398,1384
350,7,ROUTE_EXISTS,,45390,2499,2470
369,7,ROUTE_EXISTS,,10778,769,754
376,7,ROUTE_EXISTS,,5297,2178,2178
383,7,ROUTE_EXISTS,,1077,294,294
380,7,ROUTE_EXISTS,,1977,251,251
339,7,ROUTE_EXISTS,,38201,2090,2064
365,7,ROUTE_EXISTS,,9341,703,698
384,7,ROUTE_EXISTS,,272,88,88
353,7,ROUTE_EXISTS,,23884,1874,1874
335,7,ROUTE_EXISTS,,49755,2644,2611
354,7,ROUTE_EXISTS,,17025,1313,1305
361,7,ROUTE_EXISTS,,11413,892,886
387,7,ROUTE_EXISTS,,1403,189,189
372,7,ROUTE_EXISTS,,8982,787,780
348,7,ROUTE_EXISTS,,45275,2555,2523
378,7,ROUTE_EXISTS,,1547,224,224
368,7,ROUTE_EXISTS,,5682,593,588
345,7,ROUTE_EXISTS,,42434,2331,2307
388,7,ROUTE_EXISTS,,1013,224,224
399,7,ROUTE_EXISTS,,57154,3728,3728
371,7,ROUTE_EXISTS,,7345,628,623
355,7,ROUTE_EXISTS,,18365,1501,1477
343,7,ROUTE_EXISTS,,39369,2140,2115
357,7,ROUTE_EXISTS,,25724,2174,2141
362,7,ROUTE_EXISTS,,38358,2494,2505
358,7,ROUTE_EXISTS,,29333,2441,2409
390,7,ROUTE_EXISTS,,63289,3759,3715
347,7,ROUTE_EXISTS,,45462,2590,2560
337,7,ROUTE_EXISTS,,37370,2780,2756
397,7,ROUTE_EXISTS,,55909,3421,3421
313,7,ROUTE_EXISTS,,126409,7037,6942
329,7,ROUTE_EXISTS,,71450,4161,4143
328,7,ROUTE_EXISTS,,72023,4224,4201
319,7,ROUTE_EXISTS,,121751,6650,6573
332,7,ROUTE_EXISTS,,75731,4535,4497
327,7,ROUTE_EXISTS,,78824,4742,4699
303,7,ROUTE_EXISTS,,128478,7208,7108
311,7,ROUTE_EXISTS,,127690,7163,7066
316,7,ROUTE_EXISTS,,125203,6895,6823
325,7,ROUTE_EXISTS,,116349,6359,6277
306,7,ROUTE_EXISTS,,127328,7080,6981
302,7,ROUTE_EXISTS,,131989,7441,7342
318,7,ROUTE_EXISTS,,125202,6907,6833
374,7,ROUTE_EXISTS,,9554,2849,2849
301,7,ROUTE_EXISTS,,134104,7646,7537
373,7,ROUTE_EXISTS,,13757,1166,1152
340,7,ROUTE_EXISTS,,40646,2178,2152
389,7,ROUTE_EXISTS,,53883,3210,3159
309,7,ROUTE_EXISTS,,126772,7060,6964
305,7,ROUTE_EXISTS,,127491,7124,7027
324,7,ROUTE_EXISTS,,118594,6475,6393
310,7,ROUTE_EXISTS,,127500,7105,7009
386,7,ROUTE_EXISTS,,460,111,111
377,7,ROUTE_EXISTS,,3350,639,639
349,7,ROUTE_EXISTS,,44512,2407,2378
351,7,ROUTE_EXISTS,,43425,2398,2380
336,7,ROUTE_EXISTS,,42439,2296,2262
392,7,ROUTE_EXISTS,,70555,4407,4314
398,7,ROUTE_EXISTS,,46989,2938,2897
346,7,ROUTE_EXISTS,,40812,2207,2183
379,7,ROUTE_EXISTS,,2279,270,269
333,7,ROUTE_EXISTS,,73799,4388,4358
312,7,ROUTE_EXISTS,,127229,7071,6981
363,7,ROUTE_EXISTS,,35283,2298,2312
338,7,ROUTE_EXISTS,,40270,2155,2127
321,7,ROUTE_EXISTS,,129575,7223,7128
322,7,ROUTE_EXISTS,,130701,7332,7234
467,7,ROUTE_EXISTS,,105594,6263,6263
410,7,ROUTE_EXISTS,,21888,1494,1494
418,7,ROUTE_EXISTS,,72597,4268,4268
420,7,ROUTE_EXISTS,,76478,4569,4569
431,7,ROUTE_EXISTS,,95393,5708,5708
479,7,ROUTE_EXISTS,,138552,7964,7964
419,7,ROUTE_EXISTS,,74842,4449,4449
457,7,ROUTE_EXISTS,,102798,5653,5585
404,7,ROUTE_EXISTS,,34696,2143,2123
486,7,ROUTE_EXISTS,,175507,10022,9839
449,7,ROUTE_EXISTS,,94882,5760,5760
473,7,ROUTE_EXISTS,,137643,8104,8104
441,7,ROUTE_EXISTS,,92959,5627,5627
497,7,ROUTE_EXISTS,,205331,11261,11019
436,7,ROUTE_EXISTS,,96324,5843,5843
406,7,ROUTE_EXISTS,,50096,3225,3224
415,7,ROUTE_EXISTS,,81604,5013,5013
494,7,ROUTE_EXISTS,,222224,12236,11935
427,7,ROUTE_EXISTS,,79794,4413,4379
437,7,ROUTE_EXISTS,,103642,6264,6264
468,7,ROUTE_EXISTS,,113808,6824,6824
474,7,ROUTE_EXISTS,,139792,8145,8145
435,7,ROUTE_EXISTS,,98412,6299,6299
485,7,ROUTE_EXISTS,,170165,9803,9624
481,7,ROUTE_EXISTS,,144251,8302,8302
500,7,ROUTE_EXISTS,,190480,10379,10161
496,7,ROUTE_EXISTS,,198884,10867,10629
402,7,ROUTE_EXISTS,,46664,2933,2885
421,7,ROUTE_EXISTS,,84487,5140,5140
405,7,ROUTE_EXISTS,,39670,2337,2332
403,7,ROUTE_EXISTS,,37412,2288,2257
409,7,ROUTE_EXISTS,,25522,1698,1683
401,7,ROUTE_EXISTS,,41782,2548,2509
411,7,ROUTE_EXISTS,,77230,4586,4586
414,7,ROUTE_EXISTS,,81065,4956,4956
428,7,ROUTE_EXISTS,,77298,4243,4210
429,7,ROUTE_EXISTS,,74275,4048,4013
423,7,ROUTE_EXISTS,,86575,4743,4704
417,7,ROUTE_EXISTS,,76804,4708,4708
456,7,ROUTE_EXISTS,,105036,5845,5776
447,7,ROUTE_EXISTS,,93661,5634,5634
465,7,ROUTE_EXISTS,,118582,7271,7271
433,7,ROUTE_EXISTS,,97982,5899,5899
458,7,ROUTE_EXISTS,,97663,5383,5326
453,7,ROUTE_EXISTS,,94978,5683,5652
460,7,ROUTE_EXISTS,,97291,5341,5286
416,7,ROUTE_EXISTS,,78094,4797,4797
434,7,ROUTE_EXISTS,,95691,5810,5810
424,7,ROUTE_EXISTS,,84285,4720,4679
422,7,ROUTE_EXISTS,,83703,4605,4564
454,7,ROUTE_EXISTS,,103872,5801,5731
444,7,ROUTE_EXISTS,,92594,5564,5564
432,7,ROUTE_EXISTS,,102471,6119,6119
469,7,ROUTE_EXISTS,,117147,7149,7149
443,7,ROUTE_EXISTS,,92066,5488,5488
451,7,ROUTE_EXISTS,,102363,6109,6076
488,7,ROUTE_EXISTS,,176027,10194,10007
475,7,ROUTE_EXISTS,,150465,9162,9162
471,7,ROUTE_EXISTS,,121996,7193,7193
476,7,ROUTE_EXISTS,,140668,8182,8182
461,7,ROUTE_EXISTS,,98816,5417,5363
430,7,ROUTE_EXISTS,,100676,5996,5996
426,7,ROUTE_EXISTS,,82749,4577,4536
464,7,ROUTE_EXISTS,,121767,7117,7117
455,7,ROUTE_EXISTS,,102746,5680,5611
462,7,ROUTE_EXISTS,,100451,5486,5428
463,7,ROUTE_EXISTS,,98494,5376,5320
452,7,ROUTE_EXISTS,,98156,5842,5807
472,7,ROUTE_EXISTS,,130635,7543,7543
459,7,ROUTE_EXISTS,,92504,4964,4923
482,7,ROUTE_EXISTS,,148392,8353,8247
480,7,ROUTE_EXISTS,,135177,7807,7807
490,7,ROUTE_EXISTS,,185908,10471,10263
495,7,ROUTE_EXISTS,,234151,13453,13134
491,7,ROUTE_EXISTS,,204530,11243,10981
489,7,ROUTE_EXISTS,,175200,9809,9638
477,7,ROUTE_EXISTS,,146034,8534,8534
425,7,ROUTE_EXISTS,,83797,4644,4600
484,7,ROUTE_EXISTS,,164100,9212,9097
498,7,ROUTE_EXISTS,,201246,11090,10850
499,7,ROUTE_EXISTS,,197787,10826,10595
442,7,ROUTE_EXISTS,,92703,5650,5650
407,7,ROUTE_EXISTS,,28038,1775,1759
408,7,ROUTE_EXISTS,,26655,1960,1945
412,7,ROUTE_EXISTS,,80176,4807,4807
413,7,ROUTE_EXISTS,,83948,5023,5023
440,7,ROUTE_EXISTS,,91963,5517,5517
445,7,ROUTE_EXISTS,,92465,5568,5568
446,7,ROUTE_EXISTS,,100606,5554,5492
438,7,ROUTE_EXISTS,,95150,5696,5696
466,7,ROUTE_EXISTS,,117619,6796,6796
487,7,ROUTE_EXISTS,,167385,9309,9187
470,7,ROUTE_EXISTS,,114217,6969,6969
492,7,ROUTE_EXISTS,,201258,11458,11256
450,7,ROUTE_EXISTS,,113259,6252,6173
478,7,ROUTE_EXISTS,,149583,8777,8777
493,7,ROUTE_EXISTS,,214267,11840,11567
483,7,ROUTE_EXISTS,,145125,8055,7952
439,7,ROUTE_EXISTS,,88762,5322,5322
448,7,ROUTE_EXISTS,,90801,5464,5464
589,7,ROUTE_EXISTS,,50209,2927,2896
566,7,ROUTE_EXISTS,,117606,7339,7113
550,7,ROUTE_EXISTS,,124979,7802,7609
523,7,ROUTE_EXISTS,,103636,6292,6098
535,7,ROUTE_EXISTS,,83737,5226,5075
563,7,ROUTE_EXISTS,,131677,7837,7837
587,7,ROUTE_EXISTS,,164327,9725,9725
596,7,ROUTE_EXISTS,,53541,3021,2992
503,7,ROUTE_EXISTS,,194407,10555,10345
600,7,ROUTE_EXISTS,,74853,5167,5130
510,7,ROUTE_EXISTS,,201111,11131,10887
541,7,ROUTE_EXISTS,,77448,4547,4391
581,7,ROUTE_EXISTS,,137973,8197,8197
593,7,ROUTE_EXISTS,,56704,3295,3272
584,7,ROUTE_EXISTS,,182090,10725,10725
533,7,ROUTE_EXISTS,,112905,6896,6896
582,7,ROUTE_EXISTS,,144564,8590,8590
598,7,ROUTE_EXISTS,,62212,3805,3788
556,7,ROUTE_EXISTS,,145636,9223,8969
586,7,ROUTE_EXISTS,,158907,9401,9401
511,7,ROUTE_EXISTS,,201028,11130,10886
575,7,ROUTE_EXISTS,,155032,9280,9031
573,7,ROUTE_EXISTS,,157931,9698,9404
502,7,ROUTE_EXISTS,,187389,10224,10018
591,7,ROUTE_EXISTS,,60438,3449,3429
542,7,ROUTE_EXISTS,,80128,4773,4701
537,7,ROUTE_EXISTS,,97848,5851,5684
538,7,ROUTE_EXISTS,,100467,5821,5607
536,7,ROUTE_EXISTS,,91952,5859,5674
532,7,ROUTE_EXISTS,,100770,6154,6154
597,7,ROUTE_EXISTS,,75435,4484,4443
590,7,ROUTE_EXISTS,,50656,2890,2861
554,7,ROUTE_EXISTS,,120013,7414,7186
527,7,ROUTE_EXISTS,,113270,6876,6876
571,7,ROUTE_EXISTS,,145250,8742,8488
546,7,ROUTE_EXISTS,,138112,8266,8266
543,7,ROUTE_EXISTS,,76378,4482,4432
553,7,ROUTE_EXISTS,,126316,7809,7559
583,7,ROUTE_EXISTS,,155182,9178,9178
569,7,ROUTE_EXISTS,,122586,7539,7293
555,7,ROUTE_EXISTS,,157130,9963,9676
592,7,ROUTE_EXISTS,,61370,3638,3627
540,7,ROUTE_EXISTS,,82375,4955,4784
567,7,ROUTE_EXISTS,,132157,8249,8004
534,7,ROUTE_EXISTS,,98532,6113,6113
524,7,ROUTE_EXISTS,,106189,6675,6675
549,7,ROUTE_EXISTS,,123438,7731,7542
545,7,ROUTE_EXISTS,,136158,8458,8265
560,7,ROUTE_EXISTS,,148421,9020,9020
585,7,ROUTE_EXISTS,,160688,9819,9511
579,7,ROUTE_EXISTS,,183234,10758,10476
564,7,ROUTE_EXISTS,,137388,8255,8255
520,7,ROUTE_EXISTS,,92624,5694,5526
519,7,ROUTE_EXISTS,,188038,10943,10943
530,7,ROUTE_EXISTS,,108164,6667,6667
576,7,ROUTE_EXISTS,,161919,9857,9559
577,7,ROUTE_EXISTS,,170178,10112,9806
565,7,ROUTE_EXISTS,,141401,8625,8625
574,7,ROUTE_EXISTS,,148368,8973,8721
557,7,ROUTE_EXISTS,,141272,8927,8664
518,7,ROUTE_EXISTS,,178819,10532,10532
526,7,ROUTE_EXISTS,,114371,7036,7036
548,7,ROUTE_EXISTS,,117874,7359,7182
539,7,ROUTE_EXISTS,,101904,6267,6062
561,7,ROUTE_EXISTS,,129194,7636,7636
508,7,ROUTE_EXISTS,,199443,10944,10716
568,7,ROUTE_EXISTS,,128609,7971,7714
504,7,ROUTE_EXISTS,,195528,10632,10418
513,7,ROUTE_EXISTS,,197727,10814,10592
505,7,ROUTE_EXISTS,,197016,10746,10525
559,7,ROUTE_EXISTS,,136691,8616,8363
515,7,ROUTE_EXISTS,,204489,11386,11152
506,7,ROUTE_EXISTS,,198199,10843,10618
514,7,ROUTE_EXISTS,,201314,11127,10887
516,7,ROUTE_EXISTS,,206641,11476,11241
517,7,ROUTE_EXISTS,,190485,11453,11251
595,7,ROUTE_EXISTS,,52662,2967,2938
551,7,ROUTE_EXISTS,,132126,8093,7849
594,7,ROUTE_EXISTS,,53321,3057,3030
544,7,ROUTE_EXISTS,,55923,3380,3367
531,7,ROUTE_EXISTS,,102863,6316,6316
547,7,ROUTE_EXISTS,,98189,6002,5882
529,7,ROUTE_EXISTS,,112411,6987,6987
558,7,ROUTE_EXISTS,,138161,8766,8509
528,7,ROUTE_EXISTS,,117453,7220,7220
522,7,ROUTE_EXISTS,,112400,7199,6887
521,7,ROUTE_EXISTS,,94742,5741,5574
525,7,ROUTE_EXISTS,,106417,6603,6603
578,7,ROUTE_EXISTS,,181212,10634,10348
501,7,ROUTE_EXISTS,,190779,10371,10155
509,7,ROUTE_EXISTS,,200111,11049,10806
599,7,ROUTE_EXISTS,,62319,3822,3803
507,7,ROUTE_EXISTS,,198947,10883,10657
512,7,ROUTE_EXISTS,,202270,11229,10993
588,7,ROUTE_EXISTS,,180654,10791,10791
572,7,ROUTE_EXISTS,,144779,8710,8461
552,7,ROUTE_EXISTS,,135607,8328,8090
580,7,ROUTE_EXISTS,,197361,11512,11200
562,7,ROUTE_EXISTS,,125695,7491,7491
570,7,ROUTE_EXISTS,,147090,9309,9046
609,7,ROUTE_NOT_FOUND,,,,
611,7,ROUTE_NOT_FOUND,,,,
610,7,ROUTE_NOT_FOUND,,,,
608,7,ROUTE_NOT_FOUND,,,,
612,7,ROUTE_NOT_FOUND,,,,
607,7,ROUTE_EXISTS,,163751.0,11097.0,10823.0
606,7,ROUTE_EXISTS,,152766.0,9454.0,9165.0
605,7,ROUTE_EXISTS,,199826.0,12298.0,12298.0
603,7,ROUTE_EXISTS,,236650.0,14286.0,13943.0
602,7,ROUTE_EXISTS,,152049.0,9244.0,9244.0
604,7,ROUTE_EXISTS,,258399.0,16180.0,16180.0
601,7,ROUTE_EXISTS,,189601.0,11957.0,11750.0
92,8,ROUTE_EXISTS,,1422,238,238
85,8,ROUTE_EXISTS,,2731,340,340
75,8,ROUTE_EXISTS,,1814,328,328
67,8,ROUTE_EXISTS,,3975,425,420
8,8,ROUTE_EXISTS,,3647,456,456
25,8,ROUTE_EXISTS,,8032,672,671
49,8,ROUTE_EXISTS,,6275,617,612
65,8,ROUTE_EXISTS,,2483,382,382
41,8,ROUTE_EXISTS,,13830,1063,1039
60,8,ROUTE_EXISTS,,8280,687,681
33,8,ROUTE_EXISTS,,9638,786,786
23,8,ROUTE_EXISTS,,8898,735,735
44,8,ROUTE_EXISTS,,5440,575,577
72,8,ROUTE_EXISTS,,2758,368,368
31,8,ROUTE_EXISTS,,9180,739,739
74,8,ROUTE_EXISTS,,2185,366,379
3,8,ROUTE_EXISTS,,15394,1223,1190
51,8,ROUTE_EXISTS,,5514,583,573
93,8,ROUTE_EXISTS,,2700,491,491
91,8,ROUTE_EXISTS,,1298,214,214
2,8,ROUTE_EXISTS,,14527,1130,1110
63,8,ROUTE_EXISTS,,3359,391,391
54,8,ROUTE_EXISTS,,5785,634,629
19,8,ROUTE_EXISTS,,7960,669,664
12,8,ROUTE_EXISTS,,5369,527,513
1,8,ROUTE_EXISTS,,6130,524,513
77,8,ROUTE_EXISTS,,1497,254,254
20,8,ROUTE_EXISTS,,7356,589,582
97,8,ROUTE_EXISTS,,3481,469,472
30,8,ROUTE_EXISTS,,8817,751,752
64,8,ROUTE_EXISTS,,3173,406,405
87,8,ROUTE_EXISTS,,3001,372,376
66,8,ROUTE_EXISTS,,3904,481,481
13,8,ROUTE_EXISTS,,8364,798,778
76,8,ROUTE_EXISTS,,1378,229,229
68,8,ROUTE_EXISTS,,2916,353,345
28,8,ROUTE_EXISTS,,9437,791,791
27,8,ROUTE_EXISTS,,9060,726,725
82,8,ROUTE_EXISTS,,1358,244,244
88,8,ROUTE_EXISTS,,2427,311,311
9,8,ROUTE_EXISTS,,3229,386,375
36,8,ROUTE_EXISTS,,12285,957,923
90,8,ROUTE_EXISTS,,1786,316,316
5,8,ROUTE_EXISTS,,12634,917,914
38,8,ROUTE_EXISTS,,13725,1071,1040
69,8,ROUTE_EXISTS,,2925,383,383
55,8,ROUTE_EXISTS,,5847,629,624
14,8,ROUTE_EXISTS,,14026,1342,1324
79,8,ROUTE_EXISTS,,1751,292,292
46,8,ROUTE_EXISTS,,5508,554,549
58,8,ROUTE_EXISTS,,6910,722,712
95,8,ROUTE_EXISTS,,4283,585,585
52,8,ROUTE_EXISTS,,5216,587,581
81,8,ROUTE_EXISTS,,1339,252,252
98,8,ROUTE_EXISTS,,3615,527,527
53,8,ROUTE_EXISTS,,4978,584,579
83,8,ROUTE_EXISTS,,2688,372,372
94,8,ROUTE_EXISTS,,4078,530,533
73,8,ROUTE_EXISTS,,3382,431,431
11,8,ROUTE_EXISTS,,4640,490,490
80,8,ROUTE_EXISTS,,724,204,204
7,8,ROUTE_EXISTS,,2588,306,306
40,8,ROUTE_EXISTS,,15161,1221,1185
35,8,ROUTE_EXISTS,,9691,839,838
32,8,ROUTE_EXISTS,,9713,802,802
42,8,ROUTE_EXISTS,,13411,977,950
10,8,ROUTE_EXISTS,,4672,488,488
18,8,ROUTE_EXISTS,,6756,632,626
29,8,ROUTE_EXISTS,,8526,720,720
59,8,ROUTE_EXISTS,,6748,701,692
22,8,ROUTE_EXISTS,,8258,678,678
48,8,ROUTE_EXISTS,,6085,620,615
17,8,ROUTE_EXISTS,,8879,866,857
4,8,ROUTE_EXISTS,,10123,884,896
62,8,ROUTE_EXISTS,,8341,695,690
16,8,ROUTE_EXISTS,,20825,1403,1416
61,8,ROUTE_EXISTS,,8137,674,668
21,8,ROUTE_EXISTS,,6798,583,574
39,8,ROUTE_EXISTS,,14771,1132,1101
50,8,ROUTE_EXISTS,,4995,537,530
99,8,ROUTE_EXISTS,,3068,389,391
71,8,ROUTE_EXISTS,,3220,406,403
78,8,ROUTE_EXISTS,,1555,201,201
43,8,ROUTE_EXISTS,,4718,534,531
100,8,ROUTE_EXISTS,,3396,432,438
45,8,ROUTE_EXISTS,,5751,569,564
84,8,ROUTE_EXISTS,,2067,257,257
37,8,ROUTE_EXISTS,,13691,1072,1040
26,8,ROUTE_EXISTS,,7738,701,701
15,8,ROUTE_EXISTS,,16888,2686,2652
89,8,ROUTE_EXISTS,,1613,277,277
6,8,ROUTE_EXISTS,,3417,406,406
96,8,ROUTE_EXISTS,,5617,660,662
47,8,ROUTE_EXISTS,,6295,645,640
24,8,ROUTE_EXISTS,,8364,677,677
70,8,ROUTE_EXISTS,,3048,352,350
34,8,ROUTE_EXISTS,,10810,799,768
57,8,ROUTE_EXISTS,,6569,688,679
56,8,ROUTE_EXISTS,,6446,677,668
86,8,ROUTE_EXISTS,,2212,272,272
135,8,ROUTE_EXISTS,,7066,596,600
129,8,ROUTE_EXISTS,,9758,860,856
106,8,ROUTE_EXISTS,,9717,927,939
196,8,ROUTE_EXISTS,,16990,1295,1290
141,8,ROUTE_EXISTS,,8169,768,767
194,8,ROUTE_EXISTS,,20946,1529,1510
144,8,ROUTE_EXISTS,,10529,958,961
133,8,ROUTE_EXISTS,,8702,738,739
121,8,ROUTE_EXISTS,,10534,1051,1041
134,8,ROUTE_EXISTS,,8378,740,743
161,8,ROUTE_EXISTS,,5923,597,596
185,8,ROUTE_EXISTS,,5686,622,623
149,8,ROUTE_EXISTS,,7025,710,711
162,8,ROUTE_EXISTS,,6253,629,621
115,8,ROUTE_EXISTS,,9004,790,794
158,8,ROUTE_EXISTS,,7203,678,678
190,8,ROUTE_EXISTS,,7108,774,774
189,8,ROUTE_EXISTS,,8403,721,714
193,8,ROUTE_EXISTS,,19145,1321,1299
192,8,ROUTE_EXISTS,,12665,980,966
132,8,ROUTE_EXISTS,,8922,816,814
156,8,ROUTE_EXISTS,,7824,750,750
126,8,ROUTE_EXISTS,,9897,949,955
181,8,ROUTE_EXISTS,,5587,681,681
120,8,ROUTE_EXISTS,,11259,1080,1082
138,8,ROUTE_EXISTS,,8939,907,906
179,8,ROUTE_EXISTS,,5229,615,617
170,8,ROUTE_EXISTS,,7318,749,753
197,8,ROUTE_EXISTS,,23498,1712,1712
182,8,ROUTE_EXISTS,,5899,676,676
164,8,ROUTE_EXISTS,,7395,715,714
148,8,ROUTE_EXISTS,,7644,715,716
152,8,ROUTE_EXISTS,,8242,781,780
102,8,ROUTE_EXISTS,,4704,539,529
122,8,ROUTE_EXISTS,,10133,960,959
187,8,ROUTE_EXISTS,,5598,648,650
108,8,ROUTE_EXISTS,,10008,968,980
109,8,ROUTE_EXISTS,,9932,935,946
167,8,ROUTE_EXISTS,,6013,600,600
199,8,ROUTE_EXISTS,,10392,1005,1006
166,8,ROUTE_EXISTS,,7957,751,751
169,8,ROUTE_EXISTS,,6460,630,632
139,8,ROUTE_EXISTS,,9433,805,810
110,8,ROUTE_EXISTS,,9994,969,980
145,8,ROUTE_EXISTS,,9807,927,930
128,8,ROUTE_EXISTS,,10600,912,916
154,8,ROUTE_EXISTS,,8979,794,793
159,8,ROUTE_EXISTS,,6262,634,629
112,8,ROUTE_EXISTS,,10512,1029,1040
191,8,ROUTE_EXISTS,,12357,947,934
113,8,ROUTE_EXISTS,,10687,937,939
171,8,ROUTE_EXISTS,,5698,787,784
195,8,ROUTE_EXISTS,,12254,978,980
160,8,ROUTE_EXISTS,,7075,747,747
186,8,ROUTE_EXISTS,,5196,589,591
174,8,ROUTE_EXISTS,,5182,600,599
124,8,ROUTE_EXISTS,,10876,999,1002
131,8,ROUTE_EXISTS,,9541,824,828
177,8,ROUTE_EXISTS,,4712,578,579
127,8,ROUTE_EXISTS,,10638,890,893
175,8,ROUTE_EXISTS,,5593,699,699
180,8,ROUTE_EXISTS,,4747,581,580
184,8,ROUTE_EXISTS,,5981,662,663
147,8,ROUTE_EXISTS,,8344,826,827
114,8,ROUTE_EXISTS,,10719,1027,1037
111,8,ROUTE_EXISTS,,10263,994,1005
151,8,ROUTE_EXISTS,,7278,694,687
125,8,ROUTE_EXISTS,,10446,1074,1079
142,8,ROUTE_EXISTS,,7596,672,673
165,8,ROUTE_EXISTS,,6700,621,620
173,8,ROUTE_EXISTS,,5250,619,620
136,8,ROUTE_EXISTS,,9191,926,930
198,8,ROUTE_EXISTS,,21932,1624,1616
200,8,ROUTE_EXISTS,,14163,1190,1193
157,8,ROUTE_EXISTS,,8081,820,823
103,8,ROUTE_EXISTS,,5498,616,608
117,8,ROUTE_EXISTS,,11103,1123,1096
153,8,ROUTE_EXISTS,,8537,758,757
104,8,ROUTE_EXISTS,,9499,858,863
146,8,ROUTE_EXISTS,,8565,865,866
168,8,ROUTE_EXISTS,,6373,636,639
188,8,ROUTE_EXISTS,,4455,529,529
137,8,ROUTE_EXISTS,,8323,804,805
178,8,ROUTE_EXISTS,,4538,562,560
116,8,ROUTE_EXISTS,,9153,819,827
143,8,ROUTE_EXISTS,,7639,776,777
172,8,ROUTE_EXISTS,,5417,690,690
130,8,ROUTE_EXISTS,,8563,734,739
119,8,ROUTE_EXISTS,,11426,1201,1175
107,8,ROUTE_EXISTS,,9646,893,898
183,8,ROUTE_EXISTS,,5386,619,620
155,8,ROUTE_EXISTS,,9336,907,908
101,8,ROUTE_EXISTS,,3938,574,574
163,8,ROUTE_EXISTS,,8111,809,807
176,8,ROUTE_EXISTS,,5491,656,659
150,8,ROUTE_EXISTS,,7712,750,744
123,8,ROUTE_EXISTS,,10234,963,965
140,8,ROUTE_EXISTS,,8328,791,791
118,8,ROUTE_EXISTS,,10958,1097,1072
105,8,ROUTE_EXISTS,,9600,900,905
270,8,ROUTE_EXISTS,,4547,458,462
226,8,ROUTE_EXISTS,,13256,1194,1197
221,8,ROUTE_EXISTS,,12818,1197,1201
242,8,ROUTE_EXISTS,,13408,1314,1285
235,8,ROUTE_EXISTS,,13012,1161,1163
294,8,ROUTE_EXISTS,,70973,4747,4747
286,8,ROUTE_EXISTS,,78492,5011,5029
227,8,ROUTE_EXISTS,,12844,1116,1117
265,8,ROUTE_EXISTS,,11928,1024,1024
250,8,ROUTE_EXISTS,,13954,1160,1153
202,8,ROUTE_EXISTS,,15253,1275,1278
209,8,ROUTE_EXISTS,,14587,1224,1216
201,8,ROUTE_EXISTS,,14541,1201,1206
285,8,ROUTE_EXISTS,,76263,5059,5059
257,8,ROUTE_EXISTS,,9397,789,792
213,8,ROUTE_EXISTS,,12381,1113,1113
264,8,ROUTE_EXISTS,,6702,543,544
269,8,ROUTE_EXISTS,,3569,355,359
291,8,ROUTE_EXISTS,,73230,4687,4708
274,8,ROUTE_EXISTS,,5468,520,522
260,8,ROUTE_EXISTS,,8484,729,730
261,8,ROUTE_EXISTS,,6787,697,697
258,8,ROUTE_EXISTS,,8690,712,714
268,8,ROUTE_EXISTS,,10055,865,869
239,8,ROUTE_EXISTS,,10949,1049,1059
203,8,ROUTE_EXISTS,,15192,1285,1290
212,8,ROUTE_EXISTS,,16370,1347,1339
230,8,ROUTE_EXISTS,,14152,1250,1247
208,8,ROUTE_EXISTS,,13948,1242,1241
245,8,ROUTE_EXISTS,,18035,1468,1457
255,8,ROUTE_EXISTS,,10627,915,918
251,8,ROUTE_EXISTS,,12465,1093,1091
215,8,ROUTE_EXISTS,,12399,1115,1116
237,8,ROUTE_EXISTS,,11977,1072,1073
254,8,ROUTE_EXISTS,,20056,1662,1649
249,8,ROUTE_EXISTS,,12282,1125,1123
266,8,ROUTE_EXISTS,,14455,1186,1186
253,8,ROUTE_EXISTS,,15944,1283,1281
252,8,ROUTE_EXISTS,,17791,1445,1434
206,8,ROUTE_EXISTS,,15058,1305,1297
248,8,ROUTE_EXISTS,,37254,3159,3088
229,8,ROUTE_EXISTS,,13743,1188,1186
247,8,ROUTE_EXISTS,,22570,1867,1849
240,8,ROUTE_EXISTS,,13316,1174,1171
204,8,ROUTE_EXISTS,,13857,1108,1110
225,8,ROUTE_EXISTS,,12653,1217,1218
238,8,ROUTE_EXISTS,,11232,1147,1120
233,8,ROUTE_EXISTS,,12919,1189,1187
232,8,ROUTE_EXISTS,,13198,1243,1242
220,8,ROUTE_EXISTS,,11343,1083,1085
211,8,ROUTE_EXISTS,,16436,1424,1417
234,8,ROUTE_EXISTS,,13870,1229,1227
299,8,ROUTE_EXISTS,,71242,4629,4653
224,8,ROUTE_EXISTS,,11682,1080,1076
296,8,ROUTE_EXISTS,,70930,4582,4607
282,8,ROUTE_EXISTS,,88635,5597,5606
290,8,ROUTE_EXISTS,,74248,4776,4799
207,8,ROUTE_EXISTS,,13231,1100,1098
288,8,ROUTE_EXISTS,,76781,4989,5007
277,8,ROUTE_EXISTS,,96968,6097,6088
280,8,ROUTE_EXISTS,,83162,5341,5342
295,8,ROUTE_EXISTS,,66786,4487,4494
289,8,ROUTE_EXISTS,,75995,4892,4909
283,8,ROUTE_EXISTS,,82970,5278,5303
287,8,ROUTE_EXISTS,,77587,5037,5058
275,8,ROUTE_EXISTS,,111277,6583,6560
298,8,ROUTE_EXISTS,,70270,4496,4520
263,8,ROUTE_EXISTS,,6074,638,638
246,8,ROUTE_EXISTS,,34913,2517,2527
218,8,ROUTE_EXISTS,,11174,1008,1009
262,8,ROUTE_EXISTS,,5669,514,516
272,8,ROUTE_EXISTS,,4051,427,430
267,8,ROUTE_EXISTS,,9191,788,790
223,8,ROUTE_EXISTS,,11856,1091,1089
241,8,ROUTE_EXISTS,,15555,1285,1279
214,8,ROUTE_EXISTS,,13153,1177,1179
236,8,ROUTE_EXISTS,,12551,1203,1204
228,8,ROUTE_EXISTS,,13409,1185,1187
243,8,ROUTE_EXISTS,,14663,1286,1283
231,8,ROUTE_EXISTS,,14157,1244,1240
222,8,ROUTE_EXISTS,,12951,1156,1157
293,8,ROUTE_EXISTS,,71908,4791,4791
278,8,ROUTE_EXISTS,,95386,5900,5905
217,8,ROUTE_EXISTS,,10712,987,991
259,8,ROUTE_EXISTS,,8388,660,660
256,8,ROUTE_EXISTS,,10278,901,903
219,8,ROUTE_EXISTS,,10692,985,988
210,8,ROUTE_EXISTS,,15204,1282,1274
273,8,ROUTE_EXISTS,,4772,534,534
271,8,ROUTE_EXISTS,,4284,513,513
244,8,ROUTE_EXISTS,,22208,1729,1720
281,8,ROUTE_EXISTS,,88340,5672,5646
205,8,ROUTE_EXISTS,,12807,1100,1098
300,8,ROUTE_EXISTS,,71300,4586,4610
276,8,ROUTE_EXISTS,,99185,6093,6083
292,8,ROUTE_EXISTS,,72651,4720,4740
284,8,ROUTE_EXISTS,,82851,5350,5373
216,8,ROUTE_EXISTS,,12488,1141,1142
279,8,ROUTE_EXISTS,,92659,5682,5692
297,8,ROUTE_EXISTS,,70164,4495,4518
330,8,ROUTE_EXISTS,,24250,1849,1849
373,8,ROUTE_EXISTS,,39730,2421,2407
329,8,ROUTE_EXISTS,,20104,1507,1507
358,8,ROUTE_EXISTS,,29022,1916,1936
363,8,ROUTE_EXISTS,,69845,3732,3748
357,8,ROUTE_EXISTS,,32288,2136,2162
381,8,ROUTE_EXISTS,,50335,2552,2568
314,8,ROUTE_EXISTS,,67621,4370,4385
309,8,ROUTE_EXISTS,,68721,4419,4434
318,8,ROUTE_EXISTS,,67151,4288,4303
321,8,ROUTE_EXISTS,,71524,4582,4598
385,8,ROUTE_EXISTS,,51752,2847,2856
308,8,ROUTE_EXISTS,,68737,4414,4429
391,8,ROUTE_EXISTS,,73909,4474,4373
383,8,ROUTE_EXISTS,,52817,2915,2899
322,8,ROUTE_EXISTS,,72650,4693,4704
374,8,ROUTE_EXISTS,,61037,5417,5372
346,8,ROUTE_EXISTS,,16774,1214,1179
351,8,ROUTE_EXISTS,,19387,1407,1377
347,8,ROUTE_EXISTS,,21424,1595,1557
332,8,ROUTE_EXISTS,,24385,1861,1861
337,8,ROUTE_EXISTS,,24246,1784,1784
305,8,ROUTE_EXISTS,,69440,4486,4496
339,8,ROUTE_EXISTS,,16144,1158,1169
344,8,ROUTE_EXISTS,,16294,1199,1167
354,8,ROUTE_EXISTS,,31047,1623,1633
359,8,ROUTE_EXISTS,,25071,1614,1631
350,8,ROUTE_EXISTS,,21352,1506,1467
326,8,ROUTE_EXISTS,,33742,2605,2605
345,8,ROUTE_EXISTS,,18396,1340,1303
361,8,ROUTE_EXISTS,,45483,2252,2275
369,8,ROUTE_EXISTS,,40653,1977,1993
336,8,ROUTE_EXISTS,,20383,1368,1367
335,8,ROUTE_EXISTS,,17236,1344,1331
372,8,ROUTE_EXISTS,,42971,2543,2550
355,8,ROUTE_EXISTS,,34614,2003,2003
367,8,ROUTE_EXISTS,,43148,2584,2589
327,8,ROUTE_EXISTS,,27478,2063,2063
360,8,ROUTE_EXISTS,,54661,2819,2820
388,8,ROUTE_EXISTS,,51986,2837,2847
338,8,ROUTE_EXISTS,,18214,1224,1231
328,8,ROUTE_EXISTS,,20677,1565,1565
352,8,ROUTE_EXISTS,,19381,1360,1321
370,8,ROUTE_EXISTS,,44361,2402,2418
362,8,ROUTE_EXISTS,,72921,3931,3941
390,8,ROUTE_EXISTS,,76055,4532,4433
303,8,ROUTE_EXISTS,,70427,4565,4578
398,8,ROUTE_EXISTS,,59754,3698,3615
334,8,ROUTE_EXISTS,,29209,2252,2252
387,8,ROUTE_EXISTS,,50725,2623,2634
384,8,ROUTE_EXISTS,,52345,2759,2779
380,8,ROUTE_EXISTS,,50479,2621,2630
316,8,ROUTE_EXISTS,,67152,4278,4292
307,8,ROUTE_EXISTS,,68971,4443,4456
389,8,ROUTE_EXISTS,,66648,3978,3878
310,8,ROUTE_EXISTS,,69449,4466,4479
399,8,ROUTE_EXISTS,,69920,4447,4447
331,8,ROUTE_EXISTS,,23921,1849,1849
320,8,ROUTE_EXISTS,,71100,4600,4613
393,8,ROUTE_EXISTS,,85838,5136,5019
400,8,ROUTE_EXISTS,,55719,3405,3331
315,8,ROUTE_EXISTS,,67545,4335,4350
348,8,ROUTE_EXISTS,,21237,1559,1519
319,8,ROUTE_EXISTS,,63702,4025,4042
382,8,ROUTE_EXISTS,,52349,2814,2829
394,8,ROUTE_EXISTS,,85115,5147,5030
304,8,ROUTE_EXISTS,,69689,4511,4518
323,8,ROUTE_EXISTS,,89318,6454,6439
302,8,ROUTE_EXISTS,,73938,4791,4812
324,8,ROUTE_EXISTS,,60543,3853,3863
397,8,ROUTE_EXISTS,,68674,4139,4139
317,8,ROUTE_EXISTS,,66451,4224,4236
365,8,ROUTE_EXISTS,,45781,2270,2272
378,8,ROUTE_EXISTS,,51080,2686,2697
340,8,ROUTE_EXISTS,,18356,1215,1224
379,8,ROUTE_EXISTS,,49245,2530,2543
375,8,ROUTE_EXISTS,,65564,7285,7285
349,8,ROUTE_EXISTS,,20474,1416,1375
341,8,ROUTE_EXISTS,,15357,1187,1152
364,8,ROUTE_EXISTS,,65538,3505,3502
312,8,ROUTE_EXISTS,,69178,4430,4451
396,8,ROUTE_EXISTS,,65699,4070,3983
313,8,ROUTE_EXISTS,,68358,4395,4412
386,8,ROUTE_EXISTS,,51209,2741,2735
343,8,ROUTE_EXISTS,,15331,1146,1111
368,8,ROUTE_EXISTS,,47825,2527,2538
356,8,ROUTE_EXISTS,,25159,1571,1582
376,8,ROUTE_EXISTS,,56780,4733,4718
377,8,ROUTE_EXISTS,,54833,3180,3178
371,8,ROUTE_EXISTS,,41436,2396,2403
353,8,ROUTE_EXISTS,,37309,2185,2197
342,8,ROUTE_EXISTS,,15405,1171,1135
306,8,ROUTE_EXISTS,,69277,4441,4451
311,8,ROUTE_EXISTS,,69640,4525,4536
325,8,ROUTE_EXISTS,,58298,3737,3747
395,8,ROUTE_EXISTS,,72239,4428,4428
392,8,ROUTE_EXISTS,,83321,5150,5033
301,8,ROUTE_EXISTS,,76053,4991,5007
333,8,ROUTE_EXISTS,,22453,1722,1722
366,8,ROUTE_EXISTS,,45224,2377,2392
453,8,ROUTE_EXISTS,,45618,3065,3077
456,8,ROUTE_EXISTS,,56920,3526,3523
434,8,ROUTE_EXISTS,,59552,3688,3683
463,8,ROUTE_EXISTS,,50378,3074,3067
468,8,ROUTE_EXISTS,,77670,4729,4697
469,8,ROUTE_EXISTS,,81008,5055,5021
490,8,ROUTE_EXISTS,,127857,7785,7732
425,8,ROUTE_EXISTS,,35681,2357,2347
405,8,ROUTE_EXISTS,,38900,2380,2338
459,8,ROUTE_EXISTS,,44388,2675,2670
483,8,ROUTE_EXISTS,,87074,5400,5422
467,8,ROUTE_EXISTS,,69457,4154,4136
442,8,ROUTE_EXISTS,,55319,3407,3401
480,8,ROUTE_EXISTS,,99038,5684,5679
419,8,ROUTE_EXISTS,,46481,2989,2982
447,8,ROUTE_EXISTS,,57523,3504,3506
437,8,ROUTE_EXISTS,,67504,4150,4137
475,8,ROUTE_EXISTS,,114327,7138,7034
466,8,ROUTE_EXISTS,,81481,4700,4669
481,8,ROUTE_EXISTS,,95101,6021,6032
432,8,ROUTE_EXISTS,,66332,4007,3991
439,8,ROUTE_EXISTS,,56260,3470,3480
408,8,ROUTE_EXISTS,,56085,3150,3157
429,8,ROUTE_EXISTS,,26159,1765,1760
402,8,ROUTE_EXISTS,,59430,3692,3604
427,8,ROUTE_EXISTS,,31678,2130,2125
421,8,ROUTE_EXISTS,,46880,3000,2998
417,8,ROUTE_EXISTS,,46820,2975,2978
410,8,ROUTE_EXISTS,,55958,2857,2883
413,8,ROUTE_EXISTS,,51447,3170,3180
412,8,ROUTE_EXISTS,,54154,3431,3436
454,8,ROUTE_EXISTS,,49929,3373,3388
407,8,ROUTE_EXISTS,,57468,2964,2971
479,8,ROUTE_EXISTS,,102413,5842,5837
415,8,ROUTE_EXISTS,,43572,3026,3019
418,8,ROUTE_EXISTS,,47722,3027,3019
404,8,ROUTE_EXISTS,,44574,2789,2737
416,8,ROUTE_EXISTS,,45593,2952,2954
406,8,ROUTE_EXISTS,,34099,2508,2473
461,8,ROUTE_EXISTS,,50700,3116,3109
460,8,ROUTE_EXISTS,,49174,3040,3032
448,8,ROUTE_EXISTS,,58300,3613,3621
449,8,ROUTE_EXISTS,,58745,3634,3633
438,8,ROUTE_EXISTS,,54739,3345,3341
435,8,ROUTE_EXISTS,,62274,4189,4172
433,8,ROUTE_EXISTS,,61844,3783,3771
422,8,ROUTE_EXISTS,,35587,2318,2311
455,8,ROUTE_EXISTS,,49977,3333,3348
443,8,ROUTE_EXISTS,,56770,3477,3467
474,8,ROUTE_EXISTS,,103653,6061,6018
477,8,ROUTE_EXISTS,,109895,6482,6406
482,8,ROUTE_EXISTS,,90341,5698,5717
476,8,ROUTE_EXISTS,,104529,6104,6055
411,8,ROUTE_EXISTS,,53441,3419,3410
445,8,ROUTE_EXISTS,,57170,3557,3546
426,8,ROUTE_EXISTS,,34633,2290,2283
484,8,ROUTE_EXISTS,,106049,6574,6567
436,8,ROUTE_EXISTS,,60186,3719,3717
487,8,ROUTE_EXISTS,,109334,6670,6657
401,8,ROUTE_EXISTS,,54547,3299,3227
473,8,ROUTE_EXISTS,,101504,6016,5976
498,8,ROUTE_EXISTS,,143195,8425,8319
452,8,ROUTE_EXISTS,,48796,3223,3232
464,8,ROUTE_EXISTS,,85629,5021,4989
446,8,ROUTE_EXISTS,,52490,3245,3239
424,8,ROUTE_EXISTS,,36169,2431,2426
472,8,ROUTE_EXISTS,,94496,5449,5415
485,8,ROUTE_EXISTS,,112114,7141,7093
486,8,ROUTE_EXISTS,,117456,7357,7309
491,8,ROUTE_EXISTS,,146479,8592,8451
500,8,ROUTE_EXISTS,,132429,7700,7630
478,8,ROUTE_EXISTS,,113445,6740,6650
465,8,ROUTE_EXISTS,,86738,5145,5122
493,8,ROUTE_EXISTS,,156216,9188,9036
489,8,ROUTE_EXISTS,,117149,7148,7108
496,8,ROUTE_EXISTS,,140834,8188,8099
441,8,ROUTE_EXISTS,,56821,3499,3500
444,8,ROUTE_EXISTS,,57300,3553,3543
420,8,ROUTE_EXISTS,,45236,2850,2848
458,8,ROUTE_EXISTS,,49547,3080,3072
423,8,ROUTE_EXISTS,,38459,2454,2451
403,8,ROUTE_EXISTS,,50178,3040,2975
430,8,ROUTE_EXISTS,,64537,3882,3869
428,8,ROUTE_EXISTS,,29182,1962,1956
440,8,ROUTE_EXISTS,,55825,3393,3390
414,8,ROUTE_EXISTS,,48563,3110,3113
450,8,ROUTE_EXISTS,,57430,3748,3762
494,8,ROUTE_EXISTS,,164173,9560,9405
471,8,ROUTE_EXISTS,,85858,5095,5066
488,8,ROUTE_EXISTS,,117977,7523,7477
495,8,ROUTE_EXISTS,,176100,10805,10604
462,8,ROUTE_EXISTS,,52335,3182,3174
492,8,ROUTE_EXISTS,,143207,8803,8726
497,8,ROUTE_EXISTS,,147280,8611,8489
470,8,ROUTE_EXISTS,,89393,5209,5182
451,8,ROUTE_EXISTS,,53003,3486,3501
409,8,ROUTE_EXISTS,,54952,2884,2895
457,8,ROUTE_EXISTS,,54682,3337,3331
431,8,ROUTE_EXISTS,,59254,3580,3581
499,8,ROUTE_EXISTS,,139736,8149,8065
596,8,ROUTE_EXISTS,,5870,648,648
600,8,ROUTE_EXISTS,,25493,2556,2556
528,8,ROUTE_EXISTS,,106127,6113,6060
523,8,ROUTE_EXISTS,,116401,6949,6817
563,8,ROUTE_EXISTS,,120350,6792,6678
504,8,ROUTE_EXISTS,,137477,7956,7887
506,8,ROUTE_EXISTS,,140149,8165,8088
532,8,ROUTE_EXISTS,,102408,5874,5814
582,8,ROUTE_EXISTS,,133239,7581,7430
597,8,ROUTE_EXISTS,,27319,2190,2190
577,8,ROUTE_EXISTS,,158852,8908,8646
571,8,ROUTE_EXISTS,,133924,7516,7328
568,8,ROUTE_EXISTS,,141374,8609,8432
583,8,ROUTE_EXISTS,,143856,8201,8018
517,8,ROUTE_EXISTS,,132434,8798,8721
543,8,ROUTE_EXISTS,,109946,5802,5754
561,8,ROUTE_EXISTS,,117868,6576,6477
516,8,ROUTE_EXISTS,,148590,8821,8710
549,8,ROUTE_EXISTS,,140795,8662,8438
562,8,ROUTE_EXISTS,,114369,6395,6331
584,8,ROUTE_EXISTS,,170765,9566,9566
552,8,ROUTE_EXISTS,,148373,8983,8809
547,8,ROUTE_EXISTS,,115548,6944,6777
502,8,ROUTE_EXISTS,,129338,7553,7488
551,8,ROUTE_EXISTS,,144891,8727,8568
567,8,ROUTE_EXISTS,,142483,8571,8398
576,8,ROUTE_EXISTS,,150594,8649,8399
579,8,ROUTE_EXISTS,,171908,9593,9316
590,8,ROUTE_EXISTS,,3628,486,486
573,8,ROUTE_EXISTS,,146605,8492,8244
598,8,ROUTE_EXISTS,,12852,1212,1213
593,8,ROUTE_EXISTS,,7344,697,697
592,8,ROUTE_EXISTS,,10024,980,991
599,8,ROUTE_EXISTS,,12959,1229,1228
544,8,ROUTE_EXISTS,,89491,4697,4690
524,8,ROUTE_EXISTS,,105873,6303,6218
510,8,ROUTE_EXISTS,,143058,8469,8354
529,8,ROUTE_EXISTS,,98515,5731,5700
541,8,ROUTE_EXISTS,,90214,5272,5110
595,8,ROUTE_EXISTS,,4991,593,594
558,8,ROUTE_EXISTS,,138127,8205,8028
537,8,ROUTE_EXISTS,,110613,6506,6403
525,8,ROUTE_EXISTS,,101640,6042,5971
527,8,ROUTE_EXISTS,,101944,5752,5717
538,8,ROUTE_EXISTS,,113233,6477,6326
540,8,ROUTE_EXISTS,,95140,5645,5503
520,8,ROUTE_EXISTS,,105391,6351,6245
531,8,ROUTE_EXISTS,,102548,5920,5859
507,8,ROUTE_EXISTS,,140896,8206,8127
556,8,ROUTE_EXISTS,,147816,8873,8672
554,8,ROUTE_EXISTS,,132779,8054,7905
545,8,ROUTE_EXISTS,,153517,9390,9160
559,8,ROUTE_EXISTS,,136462,8031,7864
530,8,ROUTE_EXISTS,,95865,5535,5503
550,8,ROUTE_EXISTS,,142338,8736,8504
534,8,ROUTE_EXISTS,,105597,6160,6080
570,8,ROUTE_EXISTS,,142439,8064,7857
533,8,ROUTE_EXISTS,,92141,5293,5267
521,8,ROUTE_EXISTS,,107507,6398,6292
526,8,ROUTE_EXISTS,,109594,6553,6404
522,8,ROUTE_EXISTS,,125165,7850,7605
560,8,ROUTE_EXISTS,,137095,8071,7860
575,8,ROUTE_EXISTS,,143707,8083,7871
503,8,ROUTE_EXISTS,,136356,7879,7815
511,8,ROUTE_EXISTS,,142977,8469,8356
569,8,ROUTE_EXISTS,,135351,8179,8012
587,8,ROUTE_EXISTS,,153001,8779,8565
565,8,ROUTE_EXISTS,,130075,7628,7465
566,8,ROUTE_EXISTS,,130371,7990,7832
514,8,ROUTE_EXISTS,,143263,8465,8357
501,8,ROUTE_EXISTS,,132728,7693,7625
586,8,ROUTE_EXISTS,,147582,8446,8241
581,8,ROUTE_EXISTS,,126647,7161,7038
585,8,ROUTE_EXISTS,,149362,8611,8351
555,8,ROUTE_EXISTS,,154739,8916,8659
519,8,ROUTE_EXISTS,,154452,9239,9098
513,8,ROUTE_EXISTS,,139673,8138,8060
536,8,ROUTE_EXISTS,,104717,6514,6393
578,8,ROUTE_EXISTS,,169886,9458,9189
553,8,ROUTE_EXISTS,,139081,8437,8278
505,8,ROUTE_EXISTS,,138965,8069,7995
509,8,ROUTE_EXISTS,,142060,8385,8276
589,8,ROUTE_EXISTS,,5500,701,701
564,8,ROUTE_EXISTS,,126062,7241,7095
515,8,ROUTE_EXISTS,,146438,8731,8621
512,8,ROUTE_EXISTS,,144220,8577,8463
580,8,ROUTE_EXISTS,,186035,10362,10040
594,8,ROUTE_EXISTS,,5649,687,687
542,8,ROUTE_EXISTS,,97485,5747,5596
535,8,ROUTE_EXISTS,,96502,5896,5793
539,8,ROUTE_EXISTS,,114670,6935,6781
546,8,ROUTE_EXISTS,,171680,9588,9588
591,8,ROUTE_EXISTS,,9092,790,793
572,8,ROUTE_EXISTS,,133453,7484,7302
518,8,ROUTE_EXISTS,,167493,9601,9373
557,8,ROUTE_EXISTS,,150159,8594,8350
588,8,ROUTE_EXISTS,,169328,9901,9631
508,8,ROUTE_EXISTS,,141395,8274,8186
548,8,ROUTE_EXISTS,,135233,8319,8077
574,8,ROUTE_EXISTS,,137043,7764,7561
609,8,ROUTE_NOT_FOUND,,,,
611,8,ROUTE_NOT_FOUND,,,,
610,8,ROUTE_NOT_FOUND,,,,
608,8,ROUTE_NOT_FOUND,,,,
612,8,ROUTE_NOT_FOUND,,,,
602,8,ROUTE_EXISTS,,115910.0,7214.0,7116.0
604,8,ROUTE_EXISTS,,200348.0,13650.0,13650.0
607,8,ROUTE_EXISTS,,165932.0,10784.0,10525.0
606,8,ROUTE_EXISTS,,163092.0,9790.0,9558.0
605,8,ROUTE_EXISTS,,160946.0,10295.0,10118.0
601,8,ROUTE_EXISTS,,131550.0,9304.0,9219.0
603,8,ROUTE_EXISTS,,178599.0,11413.0,11413.0
36,9,ROUTE_EXISTS,,152490,9321,9191
50,9,ROUTE_EXISTS,,146799,8830,8683
91,9,ROUTE_EXISTS,,142390,8455,8319
52,9,ROUTE_EXISTS,,147022,8883,8735
6,9,ROUTE_EXISTS,,146150,8826,8672
73,9,ROUTE_EXISTS,,145188,8727,8585
5,9,ROUTE_EXISTS,,155368,9320,9180
100,9,ROUTE_EXISTS,,142146,8440,8319
29,9,ROUTE_EXISTS,,150095,9123,8984
22,9,ROUTE_EXISTS,,149827,9085,8942
33,9,ROUTE_EXISTS,,151206,9186,9050
81,9,ROUTE_EXISTS,,144073,8662,8518
58,9,ROUTE_EXISTS,,148716,9020,8867
51,9,ROUTE_EXISTS,,146174,8774,8625
12,9,ROUTE_EXISTS,,148102,8940,8779
45,9,ROUTE_EXISTS,,146411,8757,8616
95,9,ROUTE_EXISTS,,140904,8366,8245
65,9,ROUTE_EXISTS,,144135,8696,8547
39,9,ROUTE_EXISTS,,154978,9490,9369
15,9,ROUTE_EXISTS,,157096,11066,10920
42,9,ROUTE_EXISTS,,153619,9340,9218
88,9,ROUTE_EXISTS,,142077,8435,8301
55,9,ROUTE_EXISTS,,147653,8926,8779
96,9,ROUTE_EXISTS,,141277,8380,8256
64,9,ROUTE_EXISTS,,144979,8696,8559
61,9,ROUTE_EXISTS,,149215,9044,8892
40,9,ROUTE_EXISTS,,155369,9580,9453
63,9,ROUTE_EXISTS,,144183,8599,8463
76,9,ROUTE_EXISTS,,143649,8572,8432
97,9,ROUTE_EXISTS,,141852,8424,8298
99,9,ROUTE_EXISTS,,141818,8397,8273
17,9,ROUTE_EXISTS,,149161,9166,9021
78,9,ROUTE_EXISTS,,142644,8440,8305
74,9,ROUTE_EXISTS,,143268,8593,8463
70,9,ROUTE_EXISTS,,143842,8549,8413
72,9,ROUTE_EXISTS,,143821,8587,8449
32,9,ROUTE_EXISTS,,151282,9200,9066
30,9,ROUTE_EXISTS,,150386,9154,9016
46,9,ROUTE_EXISTS,,146168,8742,8601
41,9,ROUTE_EXISTS,,154038,9423,9308
79,9,ROUTE_EXISTS,,144022,8632,8495
75,9,ROUTE_EXISTS,,143466,8628,8492
59,9,ROUTE_EXISTS,,148554,9001,8846
53,9,ROUTE_EXISTS,,146784,8880,8734
19,9,ROUTE_EXISTS,,149529,9072,8928
14,9,ROUTE_EXISTS,,156760,9746,9590
90,9,ROUTE_EXISTS,,142133,8492,8356
62,9,ROUTE_EXISTS,,149419,9064,8913
82,9,ROUTE_EXISTS,,144091,8654,8510
1,9,ROUTE_EXISTS,,148864,8937,8780
10,9,ROUTE_EXISTS,,147406,8918,8754
54,9,ROUTE_EXISTS,,147591,8930,8783
68,9,ROUTE_EXISTS,,143246,8485,8355
24,9,ROUTE_EXISTS,,149932,9080,8940
83,9,ROUTE_EXISTS,,142339,8501,8362
16,9,ROUTE_EXISTS,,170033,9681,9466
31,9,ROUTE_EXISTS,,150748,9142,9002
84,9,ROUTE_EXISTS,,141717,8379,8247
85,9,ROUTE_EXISTS,,142381,8464,8330
43,9,ROUTE_EXISTS,,145378,8725,8583
3,9,ROUTE_EXISTS,,158127,9624,9456
89,9,ROUTE_EXISTS,,141964,8442,8311
44,9,ROUTE_EXISTS,,145760,8718,8578
25,9,ROUTE_EXISTS,,149600,9075,8935
21,9,ROUTE_EXISTS,,148900,9031,8882
20,9,ROUTE_EXISTS,,148925,8995,8846
98,9,ROUTE_EXISTS,,141851,8526,8356
92,9,ROUTE_EXISTS,,142514,8481,8343
71,9,ROUTE_EXISTS,,144165,8619,8482
18,9,ROUTE_EXISTS,,147415,8823,8678
67,9,ROUTE_EXISTS,,145781,8716,8575
8,9,ROUTE_EXISTS,,146380,8879,8722
9,9,ROUTE_EXISTS,,145962,8796,8641
11,9,ROUTE_EXISTS,,147374,8918,8756
94,9,ROUTE_EXISTS,,141041,8355,8227
23,9,ROUTE_EXISTS,,150466,9137,8999
86,9,ROUTE_EXISTS,,141862,8395,8263
27,9,ROUTE_EXISTS,,150629,9130,8989
56,9,ROUTE_EXISTS,,148252,8976,8823
26,9,ROUTE_EXISTS,,149891,9117,8977
77,9,ROUTE_EXISTS,,142581,8471,8337
13,9,ROUTE_EXISTS,,151098,9207,9044
69,9,ROUTE_EXISTS,,143901,8598,8462
47,9,ROUTE_EXISTS,,146955,8837,8692
60,9,ROUTE_EXISTS,,149609,9082,8931
66,9,ROUTE_EXISTS,,144726,8708,8569
87,9,ROUTE_EXISTS,,142652,8501,8366
80,9,ROUTE_EXISTS,,143457,8616,8478
35,9,ROUTE_EXISTS,,151260,9235,9102
34,9,ROUTE_EXISTS,,151859,9186,9013
7,9,ROUTE_EXISTS,,145321,8727,8573
28,9,ROUTE_EXISTS,,151006,9190,9055
48,9,ROUTE_EXISTS,,146745,8811,8667
93,9,ROUTE_EXISTS,,142950,8657,8519
37,9,ROUTE_EXISTS,,153899,9432,9309
4,9,ROUTE_EXISTS,,152857,9290,9162
38,9,ROUTE_EXISTS,,153933,9431,9308
57,9,ROUTE_EXISTS,,148375,8987,8833
49,9,ROUTE_EXISTS,,146935,8807,8663
2,9,ROUTE_EXISTS,,157261,9523,9376
110,9,ROUTE_EXISTS,,133882,7758,7612
163,9,ROUTE_EXISTS,,137601,8076,7969
198,9,ROUTE_EXISTS,,133419,7580,7403
111,9,ROUTE_EXISTS,,133663,7700,7562
133,9,ROUTE_EXISTS,,135978,7998,7860
153,9,ROUTE_EXISTS,,135611,7836,7728
144,9,ROUTE_EXISTS,,135979,7886,7781
179,9,ROUTE_EXISTS,,141343,8302,8187
128,9,ROUTE_EXISTS,,134120,7760,7612
159,9,ROUTE_EXISTS,,137151,8051,7943
173,9,ROUTE_EXISTS,,140072,8262,8148
138,9,ROUTE_EXISTS,,135493,7910,7806
147,9,ROUTE_EXISTS,,135926,7943,7839
127,9,ROUTE_EXISTS,,133811,7681,7539
141,9,ROUTE_EXISTS,,136184,7953,7854
165,9,ROUTE_EXISTS,,136800,7928,7826
174,9,ROUTE_EXISTS,,139707,8211,8095
194,9,ROUTE_EXISTS,,157026,9054,8823
182,9,ROUTE_EXISTS,,140475,8209,8103
158,9,ROUTE_EXISTS,,136480,7954,7847
164,9,ROUTE_EXISTS,,136392,7941,7840
177,9,ROUTE_EXISTS,,140456,8304,8185
160,9,ROUTE_EXISTS,,136777,8047,7943
192,9,ROUTE_EXISTS,,148743,8485,8279
119,9,ROUTE_EXISTS,,132647,7703,7578
105,9,ROUTE_EXISTS,,133970,7750,7637
113,9,ROUTE_EXISTS,,133982,7744,7598
137,9,ROUTE_EXISTS,,135175,7853,7745
166,9,ROUTE_EXISTS,,138411,8093,7986
168,9,ROUTE_EXISTS,,138743,8178,8063
155,9,ROUTE_EXISTS,,135193,7885,7778
120,9,ROUTE_EXISTS,,133655,7768,7657
129,9,ROUTE_EXISTS,,134514,7762,7619
183,9,ROUTE_EXISTS,,140514,8204,8097
154,9,ROUTE_EXISTS,,134836,7772,7662
175,9,ROUTE_EXISTS,,140118,8295,8174
115,9,ROUTE_EXISTS,,134365,7841,7724
125,9,ROUTE_EXISTS,,133929,7838,7728
103,9,ROUTE_EXISTS,,143884,8590,8454
109,9,ROUTE_EXISTS,,133920,7696,7559
178,9,ROUTE_EXISTS,,140547,8344,8225
117,9,ROUTE_EXISTS,,132119,7608,7481
142,9,ROUTE_EXISTS,,136873,7949,7842
116,9,ROUTE_EXISTS,,134932,7885,7740
181,9,ROUTE_EXISTS,,141700,8374,8251
107,9,ROUTE_EXISTS,,133886,7719,7607
191,9,ROUTE_EXISTS,,145635,8269,8075
172,9,ROUTE_EXISTS,,141818,8394,8272
167,9,ROUTE_EXISTS,,138383,8136,8023
145,9,ROUTE_EXISTS,,135257,7857,7750
123,9,ROUTE_EXISTS,,133374,7680,7571
189,9,ROUTE_EXISTS,,149582,8507,8299
114,9,ROUTE_EXISTS,,133152,7622,7483
180,9,ROUTE_EXISTS,,141816,8357,8231
140,9,ROUTE_EXISTS,,135886,7903,7802
195,9,ROUTE_EXISTS,,140648,7846,7669
121,9,ROUTE_EXISTS,,132554,7659,7531
157,9,ROUTE_EXISTS,,135894,7968,7866
186,9,ROUTE_EXISTS,,140679,8217,8112
170,9,ROUTE_EXISTS,,139687,8294,8176
104,9,ROUTE_EXISTS,,134242,7804,7693
162,9,ROUTE_EXISTS,,137841,8087,7970
185,9,ROUTE_EXISTS,,139979,8135,8025
143,9,ROUTE_EXISTS,,136564,8015,7915
196,9,ROUTE_EXISTS,,136491,7679,7504
124,9,ROUTE_EXISTS,,133272,7686,7577
122,9,ROUTE_EXISTS,,132879,7683,7551
176,9,ROUTE_EXISTS,,140222,8292,8174
126,9,ROUTE_EXISTS,,133773,7786,7676
193,9,ROUTE_EXISTS,,155226,8835,8613
106,9,ROUTE_EXISTS,,134344,7765,7620
190,9,ROUTE_EXISTS,,143188,8499,8371
156,9,ROUTE_EXISTS,,136193,7931,7829
184,9,ROUTE_EXISTS,,140042,8148,8044
112,9,ROUTE_EXISTS,,133678,7698,7556
132,9,ROUTE_EXISTS,,135368,7881,7741
188,9,ROUTE_EXISTS,,141303,8342,8220
134,9,ROUTE_EXISTS,,136387,7980,7836
149,9,ROUTE_EXISTS,,136836,8017,7907
108,9,ROUTE_EXISTS,,134106,7744,7602
136,9,ROUTE_EXISTS,,135295,7903,7796
118,9,ROUTE_EXISTS,,132184,7618,7491
101,9,ROUTE_EXISTS,,142321,8553,8419
146,9,ROUTE_EXISTS,,136146,7982,7878
148,9,ROUTE_EXISTS,,135899,7929,7825
169,9,ROUTE_EXISTS,,138830,8169,8056
187,9,ROUTE_EXISTS,,140321,8204,8096
152,9,ROUTE_EXISTS,,135316,7859,7751
130,9,ROUTE_EXISTS,,135165,7871,7725
200,9,ROUTE_EXISTS,,140020,8172,8063
171,9,ROUTE_EXISTS,,139898,8236,8128
102,9,ROUTE_EXISTS,,143088,8509,8374
199,9,ROUTE_EXISTS,,135842,7928,7826
139,9,ROUTE_EXISTS,,134793,7856,7741
161,9,ROUTE_EXISTS,,137374,8039,7930
135,9,ROUTE_EXISTS,,136171,7920,7776
151,9,ROUTE_EXISTS,,136087,7901,7797
131,9,ROUTE_EXISTS,,135076,7855,7716
150,9,ROUTE_EXISTS,,136004,7906,7801
197,9,ROUTE_EXISTS,,138461,7892,7719
261,9,ROUTE_EXISTS,,137159,8068,7922
282,9,ROUTE_EXISTS,,66711,3720,3677
216,9,ROUTE_EXISTS,,133776,7726,7612
223,9,ROUTE_EXISTS,,132046,7522,7406
249,9,ROUTE_EXISTS,,132184,7616,7479
213,9,ROUTE_EXISTS,,133669,7695,7583
279,9,ROUTE_EXISTS,,50352,2652,2671
297,9,ROUTE_EXISTS,,74916,4094,4071
219,9,ROUTE_EXISTS,,132324,7578,7463
283,9,ROUTE_EXISTS,,60289,3181,3204
286,9,ROUTE_EXISTS,,65010,3492,3505
264,9,ROUTE_EXISTS,,137617,8003,7859
259,9,ROUTE_EXISTS,,136023,7933,7793
205,9,ROUTE_EXISTS,,135968,7868,7757
221,9,ROUTE_EXISTS,,133547,7639,7528
201,9,ROUTE_EXISTS,,140398,8185,8076
208,9,ROUTE_EXISTS,,137109,8010,7899
274,9,ROUTE_EXISTS,,141713,8286,8132
235,9,ROUTE_EXISTS,,133475,7683,7571
278,9,ROUTE_EXISTS,,49669,2699,2715
289,9,ROUTE_EXISTS,,68089,3630,3636
281,9,ROUTE_EXISTS,,55733,3018,3019
296,9,ROUTE_EXISTS,,75682,4192,4160
288,9,ROUTE_EXISTS,,67176,3587,3596
294,9,ROUTE_EXISTS,,73938,4094,4078
277,9,ROUTE_EXISTS,,51250,2882,2898
299,9,ROUTE_EXISTS,,75994,4241,4206
280,9,ROUTE_EXISTS,,60912,3363,3334
295,9,ROUTE_EXISTS,,78716,4435,4402
290,9,ROUTE_EXISTS,,69663,3706,3708
293,9,ROUTE_EXISTS,,70576,3911,3906
300,9,ROUTE_EXISTS,,72888,4239,4123
242,9,ROUTE_EXISTS,,129746,7394,7274
233,9,ROUTE_EXISTS,,131381,7433,7318
262,9,ROUTE_EXISTS,,137686,8033,7887
247,9,ROUTE_EXISTS,,126262,7250,7139
224,9,ROUTE_EXISTS,,131311,7437,7324
245,9,ROUTE_EXISTS,,132331,7574,7440
229,9,ROUTE_EXISTS,,132652,7562,7441
267,9,ROUTE_EXISTS,,135608,7912,7775
228,9,ROUTE_EXISTS,,132824,7603,7482
206,9,ROUTE_EXISTS,,138219,8074,7955
204,9,ROUTE_EXISTS,,139714,8085,7979
263,9,ROUTE_EXISTS,,138349,8208,8060
202,9,ROUTE_EXISTS,,141110,8257,8148
248,9,ROUTE_EXISTS,,142687,8751,8562
266,9,ROUTE_EXISTS,,138203,7978,7841
240,9,ROUTE_EXISTS,,131465,7502,7366
222,9,ROUTE_EXISTS,,132679,7609,7494
238,9,ROUTE_EXISTS,,132191,7626,7498
217,9,ROUTE_EXISTS,,132934,7620,7510
211,9,ROUTE_EXISTS,,139597,8200,8075
252,9,ROUTE_EXISTS,,133335,7647,7512
234,9,ROUTE_EXISTS,,132567,7591,7470
239,9,ROUTE_EXISTS,,132387,7644,7520
209,9,ROUTE_EXISTS,,137748,7992,7874
210,9,ROUTE_EXISTS,,138365,8052,7932
226,9,ROUTE_EXISTS,,133135,7636,7514
255,9,ROUTE_EXISTS,,134301,7767,7623
271,9,ROUTE_EXISTS,,139925,8315,8193
272,9,ROUTE_EXISTS,,140910,8250,8099
225,9,ROUTE_EXISTS,,131732,7562,7445
203,9,ROUTE_EXISTS,,141049,8267,8160
269,9,ROUTE_EXISTS,,139886,8224,8102
250,9,ROUTE_EXISTS,,131342,7523,7393
268,9,ROUTE_EXISTS,,134717,7809,7667
214,9,ROUTE_EXISTS,,133616,7700,7587
218,9,ROUTE_EXISTS,,133945,7748,7633
251,9,ROUTE_EXISTS,,134745,7800,7660
230,9,ROUTE_EXISTS,,132367,7565,7446
215,9,ROUTE_EXISTS,,133687,7698,7586
236,9,ROUTE_EXISTS,,131872,7543,7427
258,9,ROUTE_EXISTS,,136028,7929,7791
260,9,ROUTE_EXISTS,,136307,7987,7845
265,9,ROUTE_EXISTS,,137879,8077,7939
298,9,ROUTE_EXISTS,,75022,4095,4073
227,9,ROUTE_EXISTS,,133293,7602,7481
254,9,ROUTE_EXISTS,,128955,7527,7403
275,9,ROUTE_EXISTS,,31734,1795,1795
276,9,ROUTE_EXISTS,,45130,2487,2496
243,9,ROUTE_EXISTS,,128326,7219,7111
287,9,ROUTE_EXISTS,,65922,3527,3539
285,9,ROUTE_EXISTS,,65911,3512,3525
284,9,ROUTE_EXISTS,,66597,3642,3646
291,9,ROUTE_EXISTS,,70234,3738,3742
207,9,ROUTE_EXISTS,,136392,7868,7757
273,9,ROUTE_EXISTS,,141206,8320,8163
246,9,ROUTE_EXISTS,,108766,6144,6050
220,9,ROUTE_EXISTS,,133180,7745,7628
257,9,ROUTE_EXISTS,,135087,7852,7711
270,9,ROUTE_EXISTS,,139127,8181,8029
292,9,ROUTE_EXISTS,,72528,3968,3960
244,9,ROUTE_EXISTS,,120784,6736,6651
237,9,ROUTE_EXISTS,,133836,7714,7601
253,9,ROUTE_EXISTS,,132587,7667,7540
241,9,ROUTE_EXISTS,,129851,7385,7262
231,9,ROUTE_EXISTS,,131925,7513,7395
256,9,ROUTE_EXISTS,,135404,7891,7751
212,9,ROUTE_EXISTS,,139532,8122,7997
232,9,ROUTE_EXISTS,,131660,7489,7373
301,9,ROUTE_EXISTS,,68780,3971,3900
312,9,ROUTE_EXISTS,,74492,4066,4056
302,9,ROUTE_EXISTS,,70234,4019,3942
393,9,ROUTE_EXISTS,,129860,7586,7586
390,9,ROUTE_EXISTS,,159304,9383,9252
310,9,ROUTE_EXISTS,,76827,4260,4236
391,9,ROUTE_EXISTS,,142126,8424,8298
389,9,ROUTE_EXISTS,,148836,8749,8623
318,9,ROUTE_EXISTS,,76715,4265,4244
381,9,ROUTE_EXISTS,,199789,10898,10675
309,9,ROUTE_EXISTS,,76097,4214,4191
376,9,ROUTE_EXISTS,,206234,13080,12824
394,9,ROUTE_EXISTS,,127935,7569,7569
398,9,ROUTE_EXISTS,,143895,8395,8239
396,9,ROUTE_EXISTS,,142592,8333,8179
361,9,ROUTE_EXISTS,,194936,10604,10381
367,9,ROUTE_EXISTS,,192599,10932,10696
355,9,ROUTE_EXISTS,,181052,10433,10198
337,9,ROUTE_EXISTS,,168875,9822,9599
358,9,ROUTE_EXISTS,,178464,10238,10019
342,9,ROUTE_EXISTS,,166436,9488,9276
339,9,ROUTE_EXISTS,,163356,9297,9076
360,9,ROUTE_EXISTS,,204115,11165,10927
385,9,ROUTE_EXISTS,,201206,11192,10963
314,9,ROUTE_EXISTS,,76494,4230,4208
320,9,ROUTE_EXISTS,,78479,4394,4370
303,9,ROUTE_EXISTS,,73989,4322,4213
315,9,ROUTE_EXISTS,,76404,4210,4188
304,9,ROUTE_EXISTS,,77067,4304,4275
316,9,ROUTE_EXISTS,,76716,4254,4233
313,9,ROUTE_EXISTS,,75121,4195,4175
319,9,ROUTE_EXISTS,,79299,4354,4329
321,9,ROUTE_EXISTS,,78903,4379,4355
392,9,ROUTE_EXISTS,,135224,8042,8042
324,9,ROUTE_EXISTS,,82460,4529,4506
399,9,ROUTE_EXISTS,,146812,8806,8642
317,9,ROUTE_EXISTS,,76873,4269,4247
345,9,ROUTE_EXISTS,,169424,9663,9443
325,9,ROUTE_EXISTS,,84705,4651,4620
323,9,ROUTE_EXISTS,,96696,6288,6195
334,9,ROUTE_EXISTS,,152957,9081,8908
322,9,ROUTE_EXISTS,,80029,4490,4461
366,9,ROUTE_EXISTS,,194678,10732,10498
308,9,ROUTE_EXISTS,,76116,4210,4186
380,9,ROUTE_EXISTS,,199932,10970,10736
340,9,ROUTE_EXISTS,,167799,9516,9307
368,9,ROUTE_EXISTS,,197278,10875,10644
346,9,ROUTE_EXISTS,,167805,9527,9320
327,9,ROUTE_EXISTS,,151226,8887,8718
347,9,ROUTE_EXISTS,,172455,9917,9698
375,9,ROUTE_EXISTS,,215017,15735,15392
397,9,ROUTE_EXISTS,,136233,7994,7857
306,9,ROUTE_EXISTS,,76655,4234,4207
333,9,ROUTE_EXISTS,,146201,8553,8378
331,9,ROUTE_EXISTS,,147669,8681,8504
352,9,ROUTE_EXISTS,,170412,9684,9462
338,9,ROUTE_EXISTS,,162842,9267,9046
384,9,ROUTE_EXISTS,,201799,11106,10886
371,9,ROUTE_EXISTS,,190889,10750,10510
387,9,ROUTE_EXISTS,,200179,10972,10741
400,9,ROUTE_EXISTS,,147580,8616,8454
369,9,ROUTE_EXISTS,,190106,10327,10100
344,9,ROUTE_EXISTS,,167326,9513,9308
359,9,ROUTE_EXISTS,,174513,9922,9714
350,9,ROUTE_EXISTS,,172383,9838,9608
373,9,ROUTE_EXISTS,,186168,10861,10602
364,9,ROUTE_EXISTS,,214992,11846,11609
332,9,ROUTE_EXISTS,,148133,8689,8517
365,9,ROUTE_EXISTS,,195235,10623,10378
335,9,ROUTE_EXISTS,,153316,8857,8644
343,9,ROUTE_EXISTS,,166362,9463,9252
336,9,ROUTE_EXISTS,,161258,9223,9003
354,9,ROUTE_EXISTS,,180501,9952,9740
349,9,ROUTE_EXISTS,,171505,9743,9516
395,9,ROUTE_EXISTS,,149129,8622,8622
311,9,ROUTE_EXISTS,,77018,4318,4292
377,9,ROUTE_EXISTS,,204287,11528,11285
305,9,ROUTE_EXISTS,,76818,4279,4253
351,9,ROUTE_EXISTS,,170418,9733,9518
363,9,ROUTE_EXISTS,,219296,12072,11855
372,9,ROUTE_EXISTS,,192425,10889,10657
353,9,ROUTE_EXISTS,,186762,10531,10304
378,9,ROUTE_EXISTS,,200534,11033,10803
307,9,ROUTE_EXISTS,,76347,4236,4212
382,9,ROUTE_EXISTS,,201803,11160,10936
330,9,ROUTE_EXISTS,,147998,8670,8503
326,9,ROUTE_EXISTS,,157490,9421,9260
386,9,ROUTE_EXISTS,,200663,11089,10857
341,9,ROUTE_EXISTS,,166386,9502,9292
388,9,ROUTE_EXISTS,,201440,11183,10954
362,9,ROUTE_EXISTS,,222375,12272,12048
348,9,ROUTE_EXISTS,,172268,9880,9660
357,9,ROUTE_EXISTS,,181730,10456,10245
356,9,ROUTE_EXISTS,,174601,9879,9665
379,9,ROUTE_EXISTS,,198699,10877,10649
383,9,ROUTE_EXISTS,,202271,11260,11006
328,9,ROUTE_EXISTS,,144425,8383,8220
329,9,ROUTE_EXISTS,,143852,8314,8163
370,9,ROUTE_EXISTS,,193815,10756,10524
374,9,ROUTE_EXISTS,,210491,13782,13495
477,9,ROUTE_EXISTS,,74100,4449,4449
485,9,ROUTE_EXISTS,,31619,2709,2699
487,9,ROUTE_EXISTS,,61585,3819,3727
450,9,ROUTE_EXISTS,,86378,4885,4834
466,9,ROUTE_EXISTS,,93500,4935,4909
434,9,ROUTE_EXISTS,,102660,5943,5893
471,9,ROUTE_EXISTS,,90457,4823,4798
496,9,ROUTE_EXISTS,,25558,1637,1620
413,9,ROUTE_EXISTS,,106462,6029,5975
412,9,ROUTE_EXISTS,,122688,7152,7047
459,9,ROUTE_EXISTS,,108530,6097,5975
435,9,ROUTE_EXISTS,,95908,5783,5732
404,9,ROUTE_EXISTS,,159291,9349,9163
467,9,ROUTE_EXISTS,,106625,5657,5604
414,9,ROUTE_EXISTS,,109866,6322,6236
464,9,ROUTE_EXISTS,,92466,4967,4944
465,9,ROUTE_EXISTS,,93707,5068,5047
461,9,ROUTE_EXISTS,,104710,5855,5750
470,9,ROUTE_EXISTS,,96733,5158,5134
427,9,ROUTE_EXISTS,,121431,6880,6729
452,9,ROUTE_EXISTS,,94196,5192,5130
462,9,ROUTE_EXISTS,,100586,5557,5472
405,9,ROUTE_EXISTS,,164265,9555,9372
408,9,ROUTE_EXISTS,,167971,10107,9861
401,9,ROUTE_EXISTS,,150616,8689,8689
482,9,ROUTE_EXISTS,,63811,3460,3474
492,9,ROUTE_EXISTS,,38749,2468,2414
498,9,ROUTE_EXISTS,,27919,1862,1840
494,9,ROUTE_EXISTS,,48897,2988,2926
489,9,ROUTE_EXISTS,,53790,3369,3290
480,9,ROUTE_EXISTS,,78916,4243,4226
490,9,ROUTE_EXISTS,,43081,2746,2671
491,9,ROUTE_EXISTS,,31203,2020,1971
493,9,ROUTE_EXISTS,,40940,2621,2557
488,9,ROUTE_EXISTS,,60378,4010,3913
500,9,ROUTE_EXISTS,,11930,874,873
460,9,ROUTE_EXISTS,,104125,5869,5753
499,9,ROUTE_EXISTS,,24460,1596,1586
478,9,ROUTE_EXISTS,,71068,4268,4268
495,9,ROUTE_EXISTS,,60825,4203,4125
483,9,ROUTE_EXISTS,,60544,3157,3180
425,9,ROUTE_EXISTS,,121096,6821,6682
440,9,ROUTE_EXISTS,,98933,5644,5599
458,9,ROUTE_EXISTS,,105299,6008,5890
473,9,ROUTE_EXISTS,,89869,4893,4857
486,9,ROUTE_EXISTS,,60801,3994,3896
448,9,ROUTE_EXISTS,,101740,5902,5842
457,9,ROUTE_EXISTS,,98152,5692,5646
474,9,ROUTE_EXISTS,,85804,5140,5140
433,9,ROUTE_EXISTS,,104952,6027,5981
432,9,ROUTE_EXISTS,,109343,5811,5763
484,9,ROUTE_EXISTS,,34873,2795,2787
421,9,ROUTE_EXISTS,,123355,7236,7125
451,9,ROUTE_EXISTS,,90102,5000,4946
443,9,ROUTE_EXISTS,,99878,5734,5676
479,9,ROUTE_EXISTS,,82294,4405,4383
437,9,ROUTE_EXISTS,,88311,4989,4975
456,9,ROUTE_EXISTS,,96584,5392,5322
438,9,ROUTE_EXISTS,,97169,5617,5576
497,9,ROUTE_EXISTS,,32004,2009,2009
442,9,ROUTE_EXISTS,,99599,5770,5720
416,9,ROUTE_EXISTS,,113300,6554,6468
420,9,ROUTE_EXISTS,,115349,6643,6553
415,9,ROUTE_EXISTS,,115785,6773,6647
454,9,ROUTE_EXISTS,,100503,5673,5587
439,9,ROUTE_EXISTS,,103721,5958,5899
446,9,ROUTE_EXISTS,,101490,5838,5781
424,9,ROUTE_EXISTS,,120217,6812,6679
436,9,ROUTE_EXISTS,,95409,5397,5373
469,9,ROUTE_EXISTS,,105991,5960,5912
447,9,ROUTE_EXISTS,,100631,5763,5716
423,9,ROUTE_EXISTS,,121608,6792,6668
426,9,ROUTE_EXISTS,,120051,6746,6619
431,9,ROUTE_EXISTS,,102362,5840,5791
428,9,ROUTE_EXISTS,,126618,7166,7002
429,9,ROUTE_EXISTS,,127209,7176,7013
411,9,ROUTE_EXISTS,,123553,7234,7115
422,9,ROUTE_EXISTS,,118693,6649,6521
445,9,ROUTE_EXISTS,,100278,5816,5756
403,9,ROUTE_EXISTS,,153389,8844,8844
406,9,ROUTE_EXISTS,,170179,9996,9785
402,9,ROUTE_EXISTS,,155499,9065,9065
410,9,ROUTE_EXISTS,,176853,10446,10202
409,9,ROUTE_EXISTS,,171516,10115,9867
453,9,ROUTE_EXISTS,,97559,5453,5379
476,9,ROUTE_EXISTS,,78707,4693,4693
472,9,ROUTE_EXISTS,,91836,4990,4956
468,9,ROUTE_EXISTS,,102652,5641,5588
444,9,ROUTE_EXISTS,,100408,5812,5752
418,9,ROUTE_EXISTS,,117834,6828,6725
441,9,ROUTE_EXISTS,,99929,5757,5710
430,9,ROUTE_EXISTS,,110650,5844,5794
481,9,ROUTE_EXISTS,,68571,3792,3789
417,9,ROUTE_EXISTS,,115354,6674,6589
455,9,ROUTE_EXISTS,,100213,5597,5509
449,9,ROUTE_EXISTS,,101853,5893,5843
419,9,ROUTE_EXISTS,,116593,6780,6688
475,9,ROUTE_EXISTS,,70663,4836,4836
463,9,ROUTE_EXISTS,,102557,5672,5581
407,9,ROUTE_EXISTS,,162534,9517,9319
518,9,ROUTE_EXISTS,,22630,1661,1640
513,9,ROUTE_EXISTS,,4060,436,436
526,9,ROUTE_EXISTS,,85170,4976,4976
572,9,ROUTE_EXISTS,,66114,4125,4035
595,9,ROUTE_EXISTS,,141104,8271,8164
539,9,ROUTE_EXISTS,,136773,9421,9421
509,9,ROUTE_EXISTS,,1104,155,155
574,9,ROUTE_EXISTS,,68420,4300,4198
527,9,ROUTE_EXISTS,,86629,4928,4928
580,9,ROUTE_EXISTS,,101879,6266,6114
575,9,ROUTE_EXISTS,,75083,4606,4508
521,9,ROUTE_EXISTS,,112641,6598,6598
553,9,ROUTE_EXISTS,,117340,7552,7435
597,9,ROUTE_EXISTS,,142282,8394,8197
550,9,ROUTE_EXISTS,,127926,8112,8006
556,9,ROUTE_EXISTS,,89325,5635,5534
554,9,ROUTE_EXISTS,,111037,7173,7062
529,9,ROUTE_EXISTS,,97798,5657,5657
549,9,ROUTE_EXISTS,,129856,8269,8166
591,9,ROUTE_EXISTS,,134871,7858,7710
558,9,ROUTE_EXISTS,,87653,5559,5472
524,9,ROUTE_EXISTS,,98789,6008,6008
541,9,ROUTE_EXISTS,,154362,9036,8794
516,9,ROUTE_EXISTS,,6005,480,492
501,9,ROUTE_EXISTS,,10382,793,792
515,9,ROUTE_EXISTS,,3853,394,403
512,9,ROUTE_EXISTS,,1635,238,244
503,9,ROUTE_EXISTS,,6781,601,599
584,9,ROUTE_EXISTS,,38685,2452,2452
504,9,ROUTE_EXISTS,,6168,557,555
514,9,ROUTE_EXISTS,,679,139,139
502,9,ROUTE_EXISTS,,13797,1017,1016
583,9,ROUTE_EXISTS,,44946,2737,2709
543,9,ROUTE_EXISTS,,159390,9298,9121
585,9,ROUTE_EXISTS,,51673,3245,3204
511,9,ROUTE_EXISTS,,832,183,183
563,9,ROUTE_EXISTS,,75028,4482,4482
519,9,ROUTE_EXISTS,,11867,890,880
505,9,ROUTE_EXISTS,,4312,453,449
578,9,ROUTE_EXISTS,,86976,5383,5268
586,9,ROUTE_EXISTS,,47916,2914,2876
557,9,ROUTE_EXISTS,,81867,5121,5016
567,9,ROUTE_EXISTS,,89794,5735,5660
582,9,ROUTE_EXISTS,,56768,3460,3460
588,9,ROUTE_EXISTS,,69663,4363,4266
581,9,ROUTE_EXISTS,,63323,3838,3838
565,9,ROUTE_EXISTS,,84753,5270,5270
571,9,ROUTE_EXISTS,,64563,4042,3956
564,9,ROUTE_EXISTS,,80740,4899,4899
569,9,ROUTE_EXISTS,,97881,6277,6192
530,9,ROUTE_EXISTS,,93551,5337,5337
562,9,ROUTE_EXISTS,,75873,4488,4488
579,9,ROUTE_EXISTS,,87126,5446,5326
551,9,ROUTE_EXISTS,,123150,7846,7725
531,9,ROUTE_EXISTS,,99290,5694,5694
573,9,ROUTE_EXISTS,,57968,3689,3619
520,9,ROUTE_EXISTS,,112607,6697,6697
576,9,ROUTE_EXISTS,,81971,5145,5037
525,9,ROUTE_EXISTS,,93373,5520,5520
570,9,ROUTE_EXISTS,,74147,4619,4523
577,9,ROUTE_EXISTS,,90229,5388,5284
537,9,ROUTE_EXISTS,,128241,7481,7481
552,9,ROUTE_EXISTS,,126631,8081,7966
534,9,ROUTE_EXISTS,,102339,5916,5916
548,9,ROUTE_EXISTS,,135049,8542,8432
522,9,ROUTE_EXISTS,,108637,7094,6979
540,9,ROUTE_EXISTS,,150029,8719,8573
560,9,ROUTE_EXISTS,,76339,5017,4922
566,9,ROUTE_EXISTS,,108593,7066,6955
538,9,ROUTE_EXISTS,,132162,7675,7675
599,9,ROUTE_EXISTS,,131421,7476,7359
547,9,ROUTE_EXISTS,,154391,9735,9557
535,9,ROUTE_EXISTS,,117861,6865,6865
533,9,ROUTE_EXISTS,,99481,5244,5218
593,9,ROUTE_EXISTS,,135700,7864,7756
542,9,ROUTE_EXISTS,,156588,9168,8995
592,9,ROUTE_EXISTS,,133915,7768,7624
545,9,ROUTE_EXISTS,,136313,8647,8531
544,9,ROUTE_EXISTS,,180951,10608,10450
596,9,ROUTE_EXISTS,,139930,8133,8030
546,9,ROUTE_EXISTS,,144255,9188,9053
598,9,ROUTE_EXISTS,,131449,7481,7366
590,9,ROUTE_EXISTS,,145434,8782,8640
528,9,ROUTE_EXISTS,,84708,4907,4907
532,9,ROUTE_EXISTS,,99150,5649,5649
568,9,ROUTE_EXISTS,,91858,5858,5778
536,9,ROUTE_EXISTS,,126076,7465,7465
587,9,ROUTE_EXISTS,,53336,3237,3200
561,9,ROUTE_EXISTS,,72546,4281,4281
510,9,ROUTE_EXISTS,,679,145,145
508,9,ROUTE_EXISTS,,1815,262,251
506,9,ROUTE_EXISTS,,3054,359,353
517,9,ROUTE_EXISTS,,16043,1440,1440
600,9,ROUTE_EXISTS,,120326,7427,7298
559,9,ROUTE_EXISTS,,86182,5414,5326
507,9,ROUTE_EXISTS,,2269,306,297
594,9,ROUTE_EXISTS,,141763,8379,8257
555,9,ROUTE_EXISTS,,86116,5396,5297
589,9,ROUTE_EXISTS,,145122,8788,8648
523,9,ROUTE_EXISTS,,121534,7123,7123
612,9,ROUTE_NOT_FOUND,,,,
610,9,ROUTE_NOT_FOUND,,,,
611,9,ROUTE_NOT_FOUND,,,,
608,9,ROUTE_NOT_FOUND,,,,
609,9,ROUTE_NOT_FOUND,,,,
605,9,ROUTE_EXISTS,,18361.0,1900.0,1900.0
604,9,ROUTE_EXISTS,,85072.0,7170.0,7170.0
603,9,ROUTE_EXISTS,,63323.0,4934.0,4934.0
607,9,ROUTE_EXISTS,,109611.0,7543.0,7543.0
601,9,ROUTE_EXISTS,,51463.0,4851.0,4851.0
606,9,ROUTE_EXISTS,,110404.0,6939.0,6821.0
602,9,ROUTE_EXISTS,,95790.0,5734.0,5663.0
73,10,ROUTE_EXISTS,,93496,5400,5301
26,10,ROUTE_EXISTS,,98198,5798,5693
87,10,ROUTE_EXISTS,,96686,5687,5587
79,10,ROUTE_EXISTS,,94293,5453,5367
33,10,ROUTE_EXISTS,,103770,5640,5473
59,10,ROUTE_EXISTS,,96861,5665,5562
1,10,ROUTE_EXISTS,,99655,5841,5721
8,10,ROUTE_EXISTS,,96786,5652,5552
51,10,ROUTE_EXISTS,,94481,5433,5340
69,10,ROUTE_EXISTS,,92208,5278,5178
58,10,ROUTE_EXISTS,,97023,5686,5582
56,10,ROUTE_EXISTS,,96559,5638,5538
65,10,ROUTE_EXISTS,,93465,5385,5285
21,10,ROUTE_EXISTS,,97207,5713,5598
30,10,ROUTE_EXISTS,,103864,5663,5493
100,10,ROUTE_EXISTS,,91059,5159,5054
3,10,ROUTE_EXISTS,,108919,6556,6398
23,10,ROUTE_EXISTS,,105540,5815,5632
66,10,ROUTE_EXISTS,,93033,5382,5285
70,10,ROUTE_EXISTS,,92149,5237,5129
32,10,ROUTE_EXISTS,,104631,5747,5560
77,10,ROUTE_EXISTS,,93576,5365,5284
89,10,ROUTE_EXISTS,,95297,5585,5488
25,10,ROUTE_EXISTS,,97908,5758,5651
45,10,ROUTE_EXISTS,,94718,5429,5332
71,10,ROUTE_EXISTS,,92472,5295,5198
16,10,ROUTE_EXISTS,,102126,5527,5388
29,10,ROUTE_EXISTS,,105337,5819,5635
42,10,ROUTE_EXISTS,,100351,5447,5316
49,10,ROUTE_EXISTS,,95242,5469,5379
99,10,ROUTE_EXISTS,,91326,5187,5081
41,10,ROUTE_EXISTS,,100770,5540,5406
37,10,ROUTE_EXISTS,,99688,5510,5370
95,10,ROUTE_EXISTS,,93373,5378,5284
54,10,ROUTE_EXISTS,,95898,5593,5499
15,10,ROUTE_EXISTS,,101634,7084,6872
53,10,ROUTE_EXISTS,,95091,5547,5450
36,10,ROUTE_EXISTS,,101634,5571,5437
20,10,ROUTE_EXISTS,,97233,5660,5562
2,10,ROUTE_EXISTS,,108052,6461,6318
43,10,ROUTE_EXISTS,,93685,5396,5299
27,10,ROUTE_EXISTS,,104878,5752,5565
34,10,ROUTE_EXISTS,,102620,5526,5355
78,10,ROUTE_EXISTS,,95239,5509,5412
38,10,ROUTE_EXISTS,,99845,5519,5380
31,10,ROUTE_EXISTS,,103983,5660,5491
35,10,ROUTE_EXISTS,,103737,5685,5514
11,10,ROUTE_EXISTS,,98128,5765,5654
28,10,ROUTE_EXISTS,,104355,5736,5549
93,10,ROUTE_EXISTS,,96384,5817,5703
84,10,ROUTE_EXISTS,,95751,5556,5468
81,10,ROUTE_EXISTS,,94864,5550,5459
83,10,ROUTE_EXISTS,,95086,5602,5520
64,10,ROUTE_EXISTS,,93287,5370,5275
91,10,ROUTE_EXISTS,,94983,5524,5425
75,10,ROUTE_EXISTS,,93350,5433,5352
82,10,ROUTE_EXISTS,,94883,5553,5452
74,10,ROUTE_EXISTS,,93528,5387,5306
7,10,ROUTE_EXISTS,,96113,5618,5514
4,10,ROUTE_EXISTS,,103648,6210,6104
40,10,ROUTE_EXISTS,,99907,5550,5405
80,10,ROUTE_EXISTS,,94249,5512,5420
97,10,ROUTE_EXISTS,,92189,5264,5167
92,10,ROUTE_EXISTS,,95107,5550,5449
47,10,ROUTE_EXISTS,,95262,5501,5407
72,10,ROUTE_EXISTS,,92129,5265,5165
18,10,ROUTE_EXISTS,,95723,5486,5394
39,10,ROUTE_EXISTS,,99516,5456,5321
24,10,ROUTE_EXISTS,,105006,5756,5573
22,10,ROUTE_EXISTS,,98134,5767,5658
60,10,ROUTE_EXISTS,,97916,5764,5647
9,10,ROUTE_EXISTS,,96754,5691,5583
14,10,ROUTE_EXISTS,,107551,6669,6531
98,10,ROUTE_EXISTS,,92622,5366,5244
61,10,ROUTE_EXISTS,,97522,5727,5607
13,10,ROUTE_EXISTS,,101889,6118,5986
19,10,ROUTE_EXISTS,,97836,5755,5644
46,10,ROUTE_EXISTS,,94475,5413,5317
52,10,ROUTE_EXISTS,,95330,5550,5451
50,10,ROUTE_EXISTS,,95109,5495,5400
85,10,ROUTE_EXISTS,,96415,5650,5552
94,10,ROUTE_EXISTS,,92784,5323,5227
68,10,ROUTE_EXISTS,,91552,5179,5071
62,10,ROUTE_EXISTS,,97725,5751,5629
44,10,ROUTE_EXISTS,,94067,5391,5293
5,10,ROUTE_EXISTS,,106159,6243,6122
6,10,ROUTE_EXISTS,,96942,5738,5614
10,10,ROUTE_EXISTS,,96546,5607,5514
12,10,ROUTE_EXISTS,,98894,5845,5720
57,10,ROUTE_EXISTS,,96682,5652,5549
48,10,ROUTE_EXISTS,,95052,5473,5383
17,10,ROUTE_EXISTS,,97468,5848,5736
90,10,ROUTE_EXISTS,,95471,5624,5527
63,10,ROUTE_EXISTS,,92491,5279,5179
76,10,ROUTE_EXISTS,,93920,5402,5304
67,10,ROUTE_EXISTS,,94088,5390,5291
88,10,ROUTE_EXISTS,,94376,5484,5406
86,10,ROUTE_EXISTS,,95896,5578,5484
55,10,ROUTE_EXISTS,,95960,5589,5494
96,10,ROUTE_EXISTS,,93746,5391,5295
192,10,ROUTE_EXISTS,,81813,4533,4454
158,10,ROUTE_EXISTS,,95171,5452,5360
190,10,ROUTE_EXISTS,,93351,5388,5291
184,10,ROUTE_EXISTS,,94109,5393,5296
107,10,ROUTE_EXISTS,,95937,5492,5402
106,10,ROUTE_EXISTS,,96380,5608,5522
117,10,ROUTE_EXISTS,,96740,5640,5547
132,10,ROUTE_EXISTS,,98309,5826,5709
133,10,ROUTE_EXISTS,,98206,5831,5722
129,10,ROUTE_EXISTS,,97442,5767,5656
101,10,ROUTE_EXISTS,,91782,5302,5207
191,10,ROUTE_EXISTS,,84881,4724,4643
135,10,ROUTE_EXISTS,,98223,5670,5578
110,10,ROUTE_EXISTS,,96656,5653,5562
194,10,ROUTE_EXISTS,,80754,4605,4530
170,10,ROUTE_EXISTS,,94838,5517,5429
177,10,ROUTE_EXISTS,,92840,5308,5212
150,10,ROUTE_EXISTS,,94695,5412,5314
116,10,ROUTE_EXISTS,,96310,5640,5549
193,10,ROUTE_EXISTS,,75331,4183,4121
145,10,ROUTE_EXISTS,,94253,5400,5300
189,10,ROUTE_EXISTS,,86066,4785,4701
159,10,ROUTE_EXISTS,,94520,5467,5385
139,10,ROUTE_EXISTS,,95149,5447,5360
148,10,ROUTE_EXISTS,,94589,5425,5338
181,10,ROUTE_EXISTS,,93715,5410,5315
141,10,ROUTE_EXISTS,,95123,5505,5406
197,10,ROUTE_EXISTS,,101120,5888,5787
188,10,ROUTE_EXISTS,,92584,5261,5163
103,10,ROUTE_EXISTS,,89922,5105,5000
166,10,ROUTE_EXISTS,,93842,5358,5265
115,10,ROUTE_EXISTS,,95634,5532,5437
119,10,ROUTE_EXISTS,,97064,5738,5626
136,10,ROUTE_EXISTS,,94385,5449,5359
176,10,ROUTE_EXISTS,,93619,5387,5292
163,10,ROUTE_EXISTS,,93251,5357,5266
186,10,ROUTE_EXISTS,,93324,5320,5224
187,10,ROUTE_EXISTS,,93726,5379,5283
199,10,ROUTE_EXISTS,,94028,5414,5321
172,10,ROUTE_EXISTS,,93546,5419,5323
167,10,ROUTE_EXISTS,,95193,5500,5414
102,10,ROUTE_EXISTS,,90290,5107,5001
174,10,ROUTE_EXISTS,,93310,5331,5232
147,10,ROUTE_EXISTS,,94617,5440,5353
144,10,ROUTE_EXISTS,,93451,5288,5194
152,10,ROUTE_EXISTS,,94007,5362,5265
157,10,ROUTE_EXISTS,,94585,5466,5379
143,10,ROUTE_EXISTS,,95654,5562,5478
104,10,ROUTE_EXISTS,,96293,5580,5488
200,10,ROUTE_EXISTS,,94395,5396,5301
162,10,ROUTE_EXISTS,,96070,5577,5486
118,10,ROUTE_EXISTS,,96596,5615,5523
182,10,ROUTE_EXISTS,,94027,5407,5310
164,10,ROUTE_EXISTS,,93453,5346,5252
134,10,ROUTE_EXISTS,,97765,5754,5638
149,10,ROUTE_EXISTS,,95527,5519,5420
155,10,ROUTE_EXISTS,,92569,5327,5230
105,10,ROUTE_EXISTS,,96020,5527,5431
173,10,ROUTE_EXISTS,,93378,5349,5254
114,10,ROUTE_EXISTS,,97381,5727,5619
113,10,ROUTE_EXISTS,,96880,5679,5587
160,10,ROUTE_EXISTS,,95470,5552,5457
183,10,ROUTE_EXISTS,,93514,5349,5253
123,10,ROUTE_EXISTS,,95425,5453,5366
175,10,ROUTE_EXISTS,,93721,5429,5332
169,10,ROUTE_EXISTS,,94507,5448,5368
153,10,ROUTE_EXISTS,,94301,5342,5242
142,10,ROUTE_EXISTS,,95564,5446,5355
198,10,ROUTE_EXISTS,,99555,5795,5691
127,10,ROUTE_EXISTS,,97087,5675,5583
179,10,ROUTE_EXISTS,,93357,5347,5250
138,10,ROUTE_EXISTS,,94583,5458,5369
111,10,ROUTE_EXISTS,,96925,5679,5587
124,10,ROUTE_EXISTS,,95323,5458,5372
108,10,ROUTE_EXISTS,,96671,5653,5562
161,10,ROUTE_EXISTS,,96065,5544,5443
126,10,ROUTE_EXISTS,,95824,5556,5471
180,10,ROUTE_EXISTS,,92875,5311,5213
109,10,ROUTE_EXISTS,,96594,5616,5528
125,10,ROUTE_EXISTS,,95980,5614,5523
178,10,ROUTE_EXISTS,,92666,5291,5193
130,10,ROUTE_EXISTS,,96543,5621,5527
112,10,ROUTE_EXISTS,,97175,5730,5622
120,10,ROUTE_EXISTS,,95706,5546,5452
137,10,ROUTE_EXISTS,,94265,5409,5308
122,10,ROUTE_EXISTS,,96411,5558,5471
151,10,ROUTE_EXISTS,,94778,5407,5310
156,10,ROUTE_EXISTS,,93882,5380,5287
131,10,ROUTE_EXISTS,,98003,5862,5752
196,10,ROUTE_EXISTS,,94612,5446,5365
171,10,ROUTE_EXISTS,,94866,5461,5377
146,10,ROUTE_EXISTS,,94837,5482,5391
165,10,ROUTE_EXISTS,,93368,5300,5207
185,10,ROUTE_EXISTS,,93814,5352,5256
168,10,ROUTE_EXISTS,,94405,5449,5366
140,10,ROUTE_EXISTS,,94976,5449,5365
128,10,ROUTE_EXISTS,,97019,5712,5600
154,10,ROUTE_EXISTS,,92658,5215,5104
121,10,ROUTE_EXISTS,,96322,5581,5490
195,10,ROUTE_EXISTS,,92622,5163,5060
242,10,ROUTE_EXISTS,,99046,5847,5735
278,10,ROUTE_EXISTS,,113141,6314,6262
275,10,ROUTE_EXISTS,,129032,6979,6917
240,10,ROUTE_EXISTS,,99688,5929,5828
286,10,ROUTE_EXISTS,,109327,6133,6110
234,10,ROUTE_EXISTS,,98317,5713,5597
221,10,ROUTE_EXISTS,,97265,5666,5571
246,10,ROUTE_EXISTS,,119360,6963,6897
202,10,ROUTE_EXISTS,,95485,5471,5386
214,10,ROUTE_EXISTS,,97600,5642,5549
272,10,ROUTE_EXISTS,,97735,5755,5641
295,10,ROUTE_EXISTS,,123033,7076,7008
219,10,ROUTE_EXISTS,,95139,5444,5358
292,10,ROUTE_EXISTS,,116844,6615,6564
294,10,ROUTE_EXISTS,,118254,6739,6683
216,10,ROUTE_EXISTS,,96935,5603,5512
229,10,ROUTE_EXISTS,,98190,5656,5556
255,10,ROUTE_EXISTS,,97577,5772,5668
224,10,ROUTE_EXISTS,,96129,5546,5445
269,10,ROUTE_EXISTS,,97471,5656,5559
268,10,ROUTE_EXISTS,,97644,5818,5706
256,10,ROUTE_EXISTS,,98331,5898,5790
290,10,ROUTE_EXISTS,,113980,6356,6314
232,10,ROUTE_EXISTS,,97645,5728,5611
277,10,ROUTE_EXISTS,,114723,6506,6445
271,10,ROUTE_EXISTS,,97510,5757,5650
262,10,ROUTE_EXISTS,,96825,5584,5494
281,10,ROUTE_EXISTS,,119206,6639,6567
209,10,ROUTE_EXISTS,,99034,5693,5585
244,10,ROUTE_EXISTS,,106655,6203,6089
201,10,ROUTE_EXISTS,,94773,5407,5314
263,10,ROUTE_EXISTS,,97230,5728,5616
273,10,ROUTE_EXISTS,,98457,5857,5745
203,10,ROUTE_EXISTS,,95424,5482,5398
288,10,ROUTE_EXISTS,,111493,6234,6201
237,10,ROUTE_EXISTS,,96424,5538,5443
252,10,ROUTE_EXISTS,,104105,6243,6129
259,10,ROUTE_EXISTS,,100945,5905,5803
274,10,ROUTE_EXISTS,,99153,5847,5733
225,10,ROUTE_EXISTS,,97100,5686,5588
254,10,ROUTE_EXISTS,,106370,6454,6344
296,10,ROUTE_EXISTS,,119999,6829,6765
261,10,ROUTE_EXISTS,,97943,5783,5675
287,10,ROUTE_EXISTS,,110239,6170,6145
238,10,ROUTE_EXISTS,,96870,5667,5571
207,10,ROUTE_EXISTS,,97678,5557,5468
243,10,ROUTE_EXISTS,,99110,5768,5652
250,10,ROUTE_EXISTS,,100268,5954,5848
205,10,ROUTE_EXISTS,,97254,5557,5468
251,10,ROUTE_EXISTS,,98779,5890,5786
222,10,ROUTE_EXISTS,,97398,5620,5527
231,10,ROUTE_EXISTS,,98604,5730,5610
215,10,ROUTE_EXISTS,,96846,5578,5485
233,10,ROUTE_EXISTS,,97366,5657,5556
220,10,ROUTE_EXISTS,,95790,5550,5454
265,10,ROUTE_EXISTS,,100806,6087,5978
257,10,ROUTE_EXISTS,,98015,5861,5750
217,10,ROUTE_EXISTS,,96147,5577,5488
223,10,ROUTE_EXISTS,,96303,5548,5459
291,10,ROUTE_EXISTS,,114551,6389,6347
247,10,ROUTE_EXISTS,,108884,6647,6544
270,10,ROUTE_EXISTS,,97244,5652,5559
293,10,ROUTE_EXISTS,,114893,6564,6512
300,10,ROUTE_EXISTS,,120369,6832,6768
285,10,ROUTE_EXISTS,,110227,6154,6131
284,10,ROUTE_EXISTS,,106603,6124,6098
279,10,ROUTE_EXISTS,,110414,6078,6049
260,10,ROUTE_EXISTS,,98503,5904,5798
299,10,ROUTE_EXISTS,,120311,6876,6811
280,10,ROUTE_EXISTS,,124385,6990,6881
235,10,ROUTE_EXISTS,,97459,5626,5533
218,10,ROUTE_EXISTS,,95621,5467,5379
236,10,ROUTE_EXISTS,,96998,5671,5573
276,10,ROUTE_EXISTS,,116941,6502,6440
258,10,ROUTE_EXISTS,,98463,5898,5791
226,10,ROUTE_EXISTS,,97703,5662,5567
241,10,ROUTE_EXISTS,,100731,5927,5810
245,10,ROUTE_EXISTS,,103211,6111,5988
227,10,ROUTE_EXISTS,,97291,5578,5487
228,10,ROUTE_EXISTS,,97856,5654,5556
298,10,ROUTE_EXISTS,,119339,6740,6678
297,10,ROUTE_EXISTS,,119233,6738,6676
248,10,ROUTE_EXISTS,,123568,7925,7783
283,10,ROUTE_EXISTS,,104606,5814,5810
230,10,ROUTE_EXISTS,,98599,5736,5617
206,10,ROUTE_EXISTS,,96593,5622,5535
289,10,ROUTE_EXISTS,,112406,6279,6241
282,10,ROUTE_EXISTS,,130186,7342,7224
264,10,ROUTE_EXISTS,,99259,5792,5686
249,10,ROUTE_EXISTS,,98596,5921,5818
239,10,ROUTE_EXISTS,,97611,5751,5641
267,10,ROUTE_EXISTS,,98535,5921,5814
213,10,ROUTE_EXISTS,,96828,5575,5482
212,10,ROUTE_EXISTS,,100817,5828,5709
211,10,ROUTE_EXISTS,,100883,5903,5787
266,10,ROUTE_EXISTS,,102238,6072,5968
204,10,ROUTE_EXISTS,,94089,5313,5217
253,10,ROUTE_EXISTS,,102258,6080,5977
208,10,ROUTE_EXISTS,,98394,5727,5611
210,10,ROUTE_EXISTS,,99651,5764,5644
390,10,ROUTE_EXISTS,,18651,1156,1102
308,10,ROUTE_EXISTS,,120432,6848,6791
375,10,ROUTE_EXISTS,,95845,9411,9228
343,10,ROUTE_EXISTS,,98630,5384,5233
400,10,ROUTE_EXISTS,,42229,2469,2458
315,10,ROUTE_EXISTS,,120721,6848,6793
391,10,ROUTE_EXISTS,,36150,2090,2084
360,10,ROUTE_EXISTS,,85315,4975,4806
392,10,ROUTE_EXISTS,,45562,2757,2744
367,10,ROUTE_EXISTS,,79710,4723,4574
355,10,ROUTE_EXISTS,,91296,5301,5156
378,10,ROUTE_EXISTS,,81362,4792,4640
305,10,ROUTE_EXISTS,,121135,6918,6859
358,10,ROUTE_EXISTS,,91078,5551,5418
342,10,ROUTE_EXISTS,,98703,5407,5257
311,10,ROUTE_EXISTS,,121335,6957,6898
309,10,ROUTE_EXISTS,,120416,6853,6796
387,10,ROUTE_EXISTS,,81007,4726,4577
374,10,ROUTE_EXISTS,,91319,7561,7331
316,10,ROUTE_EXISTS,,121033,6890,6838
327,10,ROUTE_EXISTS,,115260,6939,6845
334,10,ROUTE_EXISTS,,116992,7125,7034
320,10,ROUTE_EXISTS,,122796,7035,6975
396,10,ROUTE_EXISTS,,52209,3111,3111
354,10,ROUTE_EXISTS,,87728,4928,4786
395,10,ROUTE_EXISTS,,58749,3555,3555
393,10,ROUTE_EXISTS,,46929,2587,2556
372,10,ROUTE_EXISTS,,81406,4829,4673
365,10,ROUTE_EXISTS,,75764,4377,4232
399,10,ROUTE_EXISTS,,56430,3574,3574
384,10,ROUTE_EXISTS,,82626,4873,4723
370,10,ROUTE_EXISTS,,74854,4523,4379
361,10,ROUTE_EXISTS,,76137,4398,4260
377,10,ROUTE_EXISTS,,85114,5281,5122
381,10,ROUTE_EXISTS,,80616,4655,4511
341,10,ROUTE_EXISTS,,98656,5420,5273
346,10,ROUTE_EXISTS,,100073,5436,5301
348,10,ROUTE_EXISTS,,104536,5801,5641
373,10,ROUTE_EXISTS,,86181,5220,5045
337,10,ROUTE_EXISTS,,102780,5926,5833
386,10,ROUTE_EXISTS,,81490,4850,4693
369,10,ROUTE_EXISTS,,70934,4089,3936
331,10,ROUTE_EXISTS,,111703,6734,6631
382,10,ROUTE_EXISTS,,82630,4930,4772
383,10,ROUTE_EXISTS,,83098,5025,4842
345,10,ROUTE_EXISTS,,101694,5557,5425
371,10,ROUTE_EXISTS,,79769,4665,4516
340,10,ROUTE_EXISTS,,99907,5417,5270
356,10,ROUTE_EXISTS,,87886,4922,4780
301,10,ROUTE_EXISTS,,125121,7251,7164
306,10,ROUTE_EXISTS,,120972,6872,6813
351,10,ROUTE_EXISTS,,102686,5630,5498
335,10,ROUTE_EXISTS,,87221,4973,4878
310,10,ROUTE_EXISTS,,121144,6897,6841
364,10,ROUTE_EXISTS,,96193,5622,5488
324,10,ROUTE_EXISTS,,120287,6866,6866
333,10,ROUTE_EXISTS,,110236,6615,6504
314,10,ROUTE_EXISTS,,120811,6868,6814
326,10,ROUTE_EXISTS,,121524,7489,7387
376,10,ROUTE_EXISTS,,87061,6811,6661
388,10,ROUTE_EXISTS,,82267,4954,4791
329,10,ROUTE_EXISTS,,107886,6393,6289
339,10,ROUTE_EXISTS,,97461,5333,5182
349,10,ROUTE_EXISTS,,103773,5639,5496
325,10,ROUTE_EXISTS,,118042,6750,6750
322,10,ROUTE_EXISTS,,124346,7132,7066
344,10,ROUTE_EXISTS,,99593,5432,5289
362,10,ROUTE_EXISTS,,93794,5844,5744
350,10,ROUTE_EXISTS,,104651,5752,5588
303,10,ROUTE_EXISTS,,122122,7002,6940
363,10,ROUTE_EXISTS,,100499,5861,5734
317,10,ROUTE_EXISTS,,121190,6907,6853
321,10,ROUTE_EXISTS,,123220,7020,6960
352,10,ROUTE_EXISTS,,102680,5580,5443
347,10,ROUTE_EXISTS,,104723,5836,5678
304,10,ROUTE_EXISTS,,121384,6943,6880
307,10,ROUTE_EXISTS,,120666,6873,6818
353,10,ROUTE_EXISTS,,93990,5471,5350
385,10,ROUTE_EXISTS,,82033,4964,4799
357,10,ROUTE_EXISTS,,93570,5497,5362
312,10,ROUTE_EXISTS,,118809,6711,6662
318,10,ROUTE_EXISTS,,121032,6903,6849
319,10,ROUTE_EXISTS,,123616,6994,6934
323,10,ROUTE_EXISTS,,141013,8991,8801
332,10,ROUTE_EXISTS,,112167,6742,6643
330,10,ROUTE_EXISTS,,112032,6725,6629
302,10,ROUTE_EXISTS,,123007,7044,6970
397,10,ROUTE_EXISTS,,55184,3267,3267
313,10,ROUTE_EXISTS,,119437,6832,6780
398,10,ROUTE_EXISTS,,46265,2755,2743
368,10,ROUTE_EXISTS,,78106,4630,4481
389,10,ROUTE_EXISTS,,28889,1575,1589
359,10,ROUTE_EXISTS,,95202,5446,5306
394,10,ROUTE_EXISTS,,47356,2753,2741
366,10,ROUTE_EXISTS,,75505,4480,4335
338,10,ROUTE_EXISTS,,96746,5365,5280
379,10,ROUTE_EXISTS,,79526,4633,4486
336,10,ROUTE_EXISTS,,95164,5323,5237
380,10,ROUTE_EXISTS,,80760,4724,4573
328,10,ROUTE_EXISTS,,108459,6454,6347
421,10,ROUTE_EXISTS,,83763,4987,4987
402,10,ROUTE_EXISTS,,37560,2192,2189
477,10,ROUTE_EXISTS,,95582,5551,5523
496,10,ROUTE_EXISTS,,158589,8650,8456
495,10,ROUTE_EXISTS,,193855,11206,10961
432,10,ROUTE_EXISTS,,87709,4940,4934
417,10,ROUTE_EXISTS,,76081,4554,4554
418,10,ROUTE_EXISTS,,71872,4114,4114
478,10,ROUTE_EXISTS,,99132,5802,5767
456,10,ROUTE_EXISTS,,106729,6249,6249
448,10,ROUTE_EXISTS,,90076,5310,5310
461,10,ROUTE_EXISTS,,100509,5835,5835
468,10,ROUTE_EXISTS,,77862,4590,4588
420,10,ROUTE_EXISTS,,75754,4415,4415
427,10,ROUTE_EXISTS,,88133,5244,5244
474,10,ROUTE_EXISTS,,89341,5146,5135
464,10,ROUTE_EXISTS,,68903,3972,3971
475,10,ROUTE_EXISTS,,100014,6208,6151
473,10,ROUTE_EXISTS,,87191,5106,5093
494,10,ROUTE_EXISTS,,181928,9996,9762
434,10,ROUTE_EXISTS,,97861,5533,5491
490,10,ROUTE_EXISTS,,156839,8897,8689
403,10,ROUTE_EXISTS,,44701,2562,2546
404,10,ROUTE_EXISTS,,50603,2885,2864
406,10,ROUTE_EXISTS,,66002,4062,3965
415,10,ROUTE_EXISTS,,80878,4858,4858
405,10,ROUTE_EXISTS,,55577,3094,3074
419,10,ROUTE_EXISTS,,74118,4296,4296
470,10,ROUTE_EXISTS,,64478,3731,3734
407,10,ROUTE_EXISTS,,53846,3056,3020
423,10,ROUTE_EXISTS,,81387,4836,4836
408,10,ROUTE_EXISTS,,59284,3662,3562
462,10,ROUTE_EXISTS,,102144,5901,5901
479,10,ROUTE_EXISTS,,88101,4924,4953
433,10,ROUTE_EXISTS,,93314,5226,5200
416,10,ROUTE_EXISTS,,77370,4643,4643
425,10,ROUTE_EXISTS,,87802,5198,5198
422,10,ROUTE_EXISTS,,85396,5038,5038
482,10,ROUTE_EXISTS,,99446,5604,5608
431,10,ROUTE_EXISTS,,94199,5190,5169
465,10,ROUTE_EXISTS,,68843,4020,4036
472,10,ROUTE_EXISTS,,80183,4525,4532
469,10,ROUTE_EXISTS,,73006,4637,4638
439,10,ROUTE_EXISTS,,88037,5168,5168
411,10,ROUTE_EXISTS,,76505,4432,4432
428,10,ROUTE_EXISTS,,93320,5518,5518
447,10,ROUTE_EXISTS,,97635,5508,5468
445,10,ROUTE_EXISTS,,91741,5414,5414
409,10,ROUTE_EXISTS,,62829,3669,3568
413,10,ROUTE_EXISTS,,83223,4869,4869
480,10,ROUTE_EXISTS,,84726,4762,4796
450,10,ROUTE_EXISTS,,114952,6646,6646
453,10,ROUTE_EXISTS,,108303,6327,6327
412,10,ROUTE_EXISTS,,79451,4653,4653
486,10,ROUTE_EXISTS,,146438,8458,8265
455,10,ROUTE_EXISTS,,104438,6084,6084
440,10,ROUTE_EXISTS,,97673,5465,5417
488,10,ROUTE_EXISTS,,146958,8629,8433
435,10,ROUTE_EXISTS,,97687,6145,6145
452,10,ROUTE_EXISTS,,110115,6379,6379
498,10,ROUTE_EXISTS,,160950,8883,8677
442,10,ROUTE_EXISTS,,91978,5496,5496
463,10,ROUTE_EXISTS,,100187,5793,5793
497,10,ROUTE_EXISTS,,165035,9058,8846
493,10,ROUTE_EXISTS,,173971,9642,9394
437,10,ROUTE_EXISTS,,102917,6110,6110
484,10,ROUTE_EXISTS,,115154,6498,6458
489,10,ROUTE_EXISTS,,146131,8248,8064
459,10,ROUTE_EXISTS,,94197,5396,5396
491,10,ROUTE_EXISTS,,164234,9041,8808
466,10,ROUTE_EXISTS,,71866,4073,4079
438,10,ROUTE_EXISTS,,94425,5542,5542
487,10,ROUTE_EXISTS,,138316,7790,7613
430,10,ROUTE_EXISTS,,89016,4976,4964
492,10,ROUTE_EXISTS,,171780,9478,9250
457,10,ROUTE_EXISTS,,96704,5691,5691
499,10,ROUTE_EXISTS,,157491,8613,8422
444,10,ROUTE_EXISTS,,91871,5410,5410
436,10,ROUTE_EXISTS,,95599,5689,5689
424,10,ROUTE_EXISTS,,84203,5111,5111
401,10,ROUTE_EXISTS,,40225,2288,2283
467,10,ROUTE_EXISTS,,84991,4777,4774
458,10,ROUTE_EXISTS,,99356,5799,5799
429,10,ROUTE_EXISTS,,93912,5529,5529
485,10,ROUTE_EXISTS,,121219,7042,6984
500,10,ROUTE_EXISTS,,150184,8141,7988
446,10,ROUTE_EXISTS,,93869,5557,5557
460,10,ROUTE_EXISTS,,98983,5759,5759
443,10,ROUTE_EXISTS,,91341,5334,5334
483,10,ROUTE_EXISTS,,100236,5536,5545
410,10,ROUTE_EXISTS,,68166,4023,3903
414,10,ROUTE_EXISTS,,80340,4802,4802
471,10,ROUTE_EXISTS,,71545,4175,4183
426,10,ROUTE_EXISTS,,86754,5134,5134
476,10,ROUTE_EXISTS,,90216,5184,5172
451,10,ROUTE_EXISTS,,115292,6654,6654
449,10,ROUTE_EXISTS,,97471,5452,5412
441,10,ROUTE_EXISTS,,98201,5513,5473
454,10,ROUTE_EXISTS,,105565,6204,6204
481,10,ROUTE_EXISTS,,93800,5273,5292
534,10,ROUTE_EXISTS,,48793,2883,2878
540,10,ROUTE_EXISTS,,746,143,143
558,10,ROUTE_EXISTS,,85624,5340,5273
502,10,ROUTE_EXISTS,,147093,7990,7845
505,10,ROUTE_EXISTS,,156720,8527,8352
539,10,ROUTE_EXISTS,,20627,1497,1485
570,10,ROUTE_EXISTS,,94553,5887,5810
524,10,ROUTE_EXISTS,,56450,3435,3439
553,10,ROUTE_EXISTS,,63558,4173,4062
572,10,ROUTE_EXISTS,,95040,5293,5226
516,10,ROUTE_EXISTS,,144293,8267,8146
533,10,ROUTE_EXISTS,,63166,3660,3661
510,10,ROUTE_EXISTS,,149911,8665,8556
576,10,ROUTE_EXISTS,,112181,6442,6323
587,10,ROUTE_EXISTS,,114588,6490,6490
589,10,ROUTE_EXISTS,,93429,5449,5363
600,10,ROUTE_EXISTS,,109940,7010,6925
544,10,ROUTE_EXISTS,,30851,1958,1949
538,10,ROUTE_EXISTS,,18838,991,966
548,10,ROUTE_EXISTS,,44234,3026,2975
537,10,ROUTE_EXISTS,,22931,1309,1282
541,10,ROUTE_EXISTS,,4262,355,294
529,10,ROUTE_EXISTS,,62672,3749,3752
530,10,ROUTE_EXISTS,,58426,3432,3432
525,10,ROUTE_EXISTS,,56678,3368,3367
526,10,ROUTE_EXISTS,,64632,3838,3800
523,10,ROUTE_EXISTS,,51098,2907,2862
532,10,ROUTE_EXISTS,,51031,2923,2919
547,10,ROUTE_EXISTS,,24550,1692,1675
550,10,ROUTE_EXISTS,,51340,3492,3402
531,10,ROUTE_EXISTS,,53125,3078,3080
527,10,ROUTE_EXISTS,,63532,3642,3641
520,10,ROUTE_EXISTS,,40088,2309,2290
522,10,ROUTE_EXISTS,,59862,3783,3651
551,10,ROUTE_EXISTS,,56369,3809,3703
552,10,ROUTE_EXISTS,,62526,4152,4044
545,10,ROUTE_EXISTS,,62518,4145,4058
565,10,ROUTE_EXISTS,,91662,5438,5390
579,10,ROUTE_EXISTS,,133495,7379,7240
571,10,ROUTE_EXISTS,,95511,5326,5253
583,10,ROUTE_EXISTS,,105443,5942,5942
588,10,ROUTE_EXISTS,,130915,7555,7555
543,10,ROUTE_EXISTS,,9290,620,621
568,10,ROUTE_EXISTS,,76071,4527,4478
597,10,ROUTE_EXISTS,,104941,6369,6265
528,10,ROUTE_EXISTS,,67714,3974,3984
546,10,ROUTE_EXISTS,,70461,4580,4580
559,10,ROUTE_EXISTS,,84154,5189,5127
584,10,ROUTE_EXISTS,,132352,7490,7490
564,10,ROUTE_EXISTS,,87649,5054,5019
596,10,ROUTE_EXISTS,,93998,5378,5282
592,10,ROUTE_EXISTS,,96686,5664,5573
593,10,ROUTE_EXISTS,,94390,5368,5269
599,10,ROUTE_EXISTS,,97406,5714,5598
582,10,ROUTE_EXISTS,,94826,5393,5354
562,10,ROUTE_EXISTS,,75956,4239,4255
560,10,ROUTE_EXISTS,,98682,5867,5785
554,10,ROUTE_EXISTS,,67476,3991,3950
519,10,ROUTE_EXISTS,,138299,7825,7708
578,10,ROUTE_EXISTS,,131473,7250,7113
501,10,ROUTE_EXISTS,,150483,8134,7982
515,10,ROUTE_EXISTS,,146648,8446,8321
504,10,ROUTE_EXISTS,,155232,8417,8245
594,10,ROUTE_EXISTS,,93778,5414,5320
580,10,ROUTE_EXISTS,,147622,8209,7964
509,10,ROUTE_EXISTS,,150843,8741,8633
581,10,ROUTE_EXISTS,,88234,4982,4962
518,10,ROUTE_EXISTS,,129081,7297,7297
517,10,ROUTE_EXISTS,,141540,8763,8612
574,10,ROUTE_EXISTS,,98630,5570,5485
590,10,ROUTE_EXISTS,,93741,5442,5356
514,10,ROUTE_EXISTS,,149563,8618,8492
566,10,ROUTE_EXISTS,,65068,3922,3877
511,10,ROUTE_EXISTS,,149869,8674,8563
577,10,ROUTE_EXISTS,,120439,6696,6570
507,10,ROUTE_EXISTS,,158651,8661,8484
542,10,ROUTE_EXISTS,,6488,489,494
549,10,ROUTE_EXISTS,,49798,3417,3336
536,10,ROUTE_EXISTS,,66959,4104,4104
555,10,ROUTE_EXISTS,,104593,6537,6440
535,10,ROUTE_EXISTS,,58743,3504,3504
573,10,ROUTE_EXISTS,,108192,6284,6168
561,10,ROUTE_EXISTS,,79456,4403,4401
575,10,ROUTE_EXISTS,,105294,5879,5795
567,10,ROUTE_EXISTS,,79619,4823,4768
512,10,ROUTE_EXISTS,,148614,8564,8443
598,10,ROUTE_EXISTS,,97299,5681,5583
521,10,ROUTE_EXISTS,,42205,2358,2338
569,10,ROUTE_EXISTS,,70048,4099,4057
556,10,ROUTE_EXISTS,,93099,5807,5733
563,10,ROUTE_EXISTS,,81938,4615,4601
506,10,ROUTE_EXISTS,,157904,8628,8445
591,10,ROUTE_EXISTS,,95834,5533,5437
503,10,ROUTE_EXISTS,,154111,8337,8172
586,10,ROUTE_EXISTS,,109169,6166,6166
557,10,ROUTE_EXISTS,,88734,5509,5428
508,10,ROUTE_EXISTS,,159150,8722,8543
585,10,ROUTE_EXISTS,,110949,6404,6275
513,10,ROUTE_EXISTS,,157431,8600,8419
595,10,ROUTE_EXISTS,,93119,5324,5227
609,10,ROUTE_NOT_FOUND,,,,
612,10,ROUTE_NOT_FOUND,,,,
610,10,ROUTE_NOT_FOUND,,,,
608,10,ROUTE_NOT_FOUND,,,,
611,10,ROUTE_NOT_FOUND,,,,
607,10,ROUTE_EXISTS,,111214.0,7586.0,7586.0
602,10,ROUTE_EXISTS,,101596.0,6279.0,6233.0
606,10,ROUTE_EXISTS,,100229.0,6024.0,5929.0
605,10,ROUTE_EXISTS,,150087.0,9062.0,9062.0
603,10,ROUTE_EXISTS,,196354.0,11982.0,11770.0
601,10,ROUTE_EXISTS,,140656.0,9281.0,9110.0
604,10,ROUTE_EXISTS,,218103.0,14007.0,14007.0
46,11,ROUTE_EXISTS,,87382,5150,5016
71,11,ROUTE_EXISTS,,85379,5050,4897
55,11,ROUTE_EXISTS,,88867,5337,5194
29,11,ROUTE_EXISTS,,91309,5537,5399
23,11,ROUTE_EXISTS,,91681,5552,5414
77,11,ROUTE_EXISTS,,84879,5049,4907
43,11,ROUTE_EXISTS,,86593,5128,4998
19,11,ROUTE_EXISTS,,90744,5483,5343
85,11,ROUTE_EXISTS,,84679,5043,4900
95,11,ROUTE_EXISTS,,83213,4894,4747
15,11,ROUTE_EXISTS,,101730,7339,7201
27,11,ROUTE_EXISTS,,91843,5544,5404
16,11,ROUTE_EXISTS,,102398,5909,5775
82,11,ROUTE_EXISTS,,86389,5209,5080
6,11,ROUTE_EXISTS,,88448,5381,5242
60,11,ROUTE_EXISTS,,90824,5495,5346
32,11,ROUTE_EXISTS,,92496,5617,5481
64,11,ROUTE_EXISTS,,86194,5103,4974
61,11,ROUTE_EXISTS,,90429,5452,5307
80,11,ROUTE_EXISTS,,85755,5172,5048
57,11,ROUTE_EXISTS,,89589,5396,5248
65,11,ROUTE_EXISTS,,86373,5117,4984
5,11,ROUTE_EXISTS,,97665,5890,5750
75,11,ROUTE_EXISTS,,84418,5092,4974
84,11,ROUTE_EXISTS,,84013,4963,4817
97,11,ROUTE_EXISTS,,83066,4862,4713
45,11,ROUTE_EXISTS,,87625,5166,5031
49,11,ROUTE_EXISTS,,88149,5215,5078
1,11,ROUTE_EXISTS,,91162,5490,5350
92,11,ROUTE_EXISTS,,84810,5058,4914
79,11,ROUTE_EXISTS,,85780,5107,4989
68,11,ROUTE_EXISTS,,84460,4924,4770
38,11,ROUTE_EXISTS,,99943,5845,5709
7,11,ROUTE_EXISTS,,87619,5280,5143
39,11,ROUTE_EXISTS,,99614,5785,5649
83,11,ROUTE_EXISTS,,84636,5077,4932
18,11,ROUTE_EXISTS,,88630,5231,5093
72,11,ROUTE_EXISTS,,85036,5016,4864
9,11,ROUTE_EXISTS,,88260,5351,5211
63,11,ROUTE_EXISTS,,85398,5030,4878
58,11,ROUTE_EXISTS,,89930,5428,5282
8,11,ROUTE_EXISTS,,89694,5396,5252
33,11,ROUTE_EXISTS,,92421,5601,5465
34,11,ROUTE_EXISTS,,93073,5602,5428
52,11,ROUTE_EXISTS,,88237,5291,5150
88,11,ROUTE_EXISTS,,84375,5015,4871
98,11,ROUTE_EXISTS,,83500,4972,4791
70,11,ROUTE_EXISTS,,85057,4984,4828
100,11,ROUTE_EXISTS,,83361,4880,4734
89,11,ROUTE_EXISTS,,84262,5023,4881
96,11,ROUTE_EXISTS,,83586,4909,4758
59,11,ROUTE_EXISTS,,89769,5408,5261
69,11,ROUTE_EXISTS,,85115,5029,4877
30,11,ROUTE_EXISTS,,91600,5569,5431
37,11,ROUTE_EXISTS,,99786,5835,5699
3,11,ROUTE_EXISTS,,100425,6185,6026
10,11,ROUTE_EXISTS,,89453,5356,5213
74,11,ROUTE_EXISTS,,84597,5056,4928
14,11,ROUTE_EXISTS,,99058,6309,6160
54,11,ROUTE_EXISTS,,88805,5341,5198
90,11,ROUTE_EXISTS,,84431,5068,4926
26,11,ROUTE_EXISTS,,91105,5531,5392
12,11,ROUTE_EXISTS,,90400,5494,5349
56,11,ROUTE_EXISTS,,89467,5386,5238
93,11,ROUTE_EXISTS,,85248,5212,5089
44,11,ROUTE_EXISTS,,86974,5123,4993
21,11,ROUTE_EXISTS,,90114,5439,5297
94,11,ROUTE_EXISTS,,83350,4883,4729
66,11,ROUTE_EXISTS,,85940,5113,4984
25,11,ROUTE_EXISTS,,90815,5488,5350
53,11,ROUTE_EXISTS,,87998,5289,5149
78,11,ROUTE_EXISTS,,84944,5021,4876
13,11,ROUTE_EXISTS,,93395,5767,5614
40,11,ROUTE_EXISTS,,100004,5874,5734
91,11,ROUTE_EXISTS,,84687,5034,4889
28,11,ROUTE_EXISTS,,92220,5606,5470
35,11,ROUTE_EXISTS,,92474,5654,5517
41,11,ROUTE_EXISTS,,100868,5863,5735
4,11,ROUTE_EXISTS,,95154,5854,5732
99,11,ROUTE_EXISTS,,83033,4833,4688
73,11,ROUTE_EXISTS,,86403,5130,5000
48,11,ROUTE_EXISTS,,87959,5219,5082
47,11,ROUTE_EXISTS,,88170,5244,5107
31,11,ROUTE_EXISTS,,91963,5557,5417
20,11,ROUTE_EXISTS,,90140,5403,5261
62,11,ROUTE_EXISTS,,90633,5474,5328
24,11,ROUTE_EXISTS,,91147,5493,5355
67,11,ROUTE_EXISTS,,86995,5122,4990
17,11,ROUTE_EXISTS,,90376,5581,5436
51,11,ROUTE_EXISTS,,87388,5181,5040
76,11,ROUTE_EXISTS,,85407,5067,4926
81,11,ROUTE_EXISTS,,86370,5216,5088
50,11,ROUTE_EXISTS,,88016,5238,5099
87,11,ROUTE_EXISTS,,84949,5077,4936
42,11,ROUTE_EXISTS,,100449,5775,5645
2,11,ROUTE_EXISTS,,99559,6097,5946
22,11,ROUTE_EXISTS,,91041,5498,5357
11,11,ROUTE_EXISTS,,91035,5495,5353
86,11,ROUTE_EXISTS,,84160,4979,4833
36,11,ROUTE_EXISTS,,93708,5746,5607
151,11,ROUTE_EXISTS,,79977,4583,4445
165,11,ROUTE_EXISTS,,78568,4474,4341
150,11,ROUTE_EXISTS,,79896,4587,4449
172,11,ROUTE_EXISTS,,81988,4790,4656
198,11,ROUTE_EXISTS,,65784,3831,3712
135,11,ROUTE_EXISTS,,82935,4827,4692
112,11,ROUTE_EXISTS,,82376,4897,4757
119,11,ROUTE_EXISTS,,82264,4907,4762
156,11,ROUTE_EXISTS,,79083,4556,4422
105,11,ROUTE_EXISTS,,81222,4701,4566
137,11,ROUTE_EXISTS,,79466,4585,4443
178,11,ROUTE_EXISTS,,80717,4741,4608
123,11,ROUTE_EXISTS,,80627,4636,4501
148,11,ROUTE_EXISTS,,79791,4612,4473
196,11,ROUTE_EXISTS,,68856,3934,3813
184,11,ROUTE_EXISTS,,80211,4562,4428
200,11,ROUTE_EXISTS,,77595,4535,4402
160,11,ROUTE_EXISTS,,80671,4726,4592
158,11,ROUTE_EXISTS,,80372,4635,4495
118,11,ROUTE_EXISTS,,81797,4798,4657
145,11,ROUTE_EXISTS,,79455,4575,4434
169,11,ROUTE_EXISTS,,81128,4754,4626
133,11,ROUTE_EXISTS,,83407,5002,4856
152,11,ROUTE_EXISTS,,79208,4539,4399
185,11,ROUTE_EXISTS,,80149,4543,4409
127,11,ROUTE_EXISTS,,82288,4857,4718
191,11,ROUTE_EXISTS,,78000,4518,4385
166,11,ROUTE_EXISTS,,79043,4535,4399
126,11,ROUTE_EXISTS,,81024,4742,4606
189,11,ROUTE_EXISTS,,81947,4748,4609
193,11,ROUTE_EXISTS,,87591,5076,4922
111,11,ROUTE_EXISTS,,82126,4860,4721
115,11,ROUTE_EXISTS,,80835,4707,4572
144,11,ROUTE_EXISTS,,76650,4426,4296
179,11,ROUTE_EXISTS,,81512,4702,4571
197,11,ROUTE_EXISTS,,70826,4150,4029
149,11,ROUTE_EXISTS,,80728,4697,4555
183,11,ROUTE_EXISTS,,80683,4614,4481
167,11,ROUTE_EXISTS,,80679,4722,4594
104,11,ROUTE_EXISTS,,81494,4760,4623
164,11,ROUTE_EXISTS,,78654,4520,4386
155,11,ROUTE_EXISTS,,77770,4501,4365
142,11,ROUTE_EXISTS,,80765,4630,4490
195,11,ROUTE_EXISTS,,73014,4102,3978
117,11,ROUTE_EXISTS,,81941,4824,4682
170,11,ROUTE_EXISTS,,80516,4810,4672
108,11,ROUTE_EXISTS,,81872,4833,4696
147,11,ROUTE_EXISTS,,79818,4625,4487
174,11,ROUTE_EXISTS,,82005,4798,4665
124,11,ROUTE_EXISTS,,80524,4641,4506
171,11,ROUTE_EXISTS,,80068,4644,4512
103,11,ROUTE_EXISTS,,85803,5058,4908
106,11,ROUTE_EXISTS,,81581,4791,4657
110,11,ROUTE_EXISTS,,81857,4834,4696
199,11,ROUTE_EXISTS,,77228,4555,4423
153,11,ROUTE_EXISTS,,79503,4516,4376
180,11,ROUTE_EXISTS,,81985,4754,4614
157,11,ROUTE_EXISTS,,79786,4649,4514
136,11,ROUTE_EXISTS,,79586,4633,4493
190,11,ROUTE_EXISTS,,83358,4899,4755
177,11,ROUTE_EXISTS,,82681,4820,4675
139,11,ROUTE_EXISTS,,80350,4631,4494
176,11,ROUTE_EXISTS,,82520,4879,4744
131,11,ROUTE_EXISTS,,83204,5033,4887
140,11,ROUTE_EXISTS,,80177,4633,4500
143,11,ROUTE_EXISTS,,80855,4747,4613
162,11,ROUTE_EXISTS,,81733,4767,4618
159,11,ROUTE_EXISTS,,79721,4650,4520
138,11,ROUTE_EXISTS,,79784,4642,4504
188,11,ROUTE_EXISTS,,82273,4751,4610
101,11,ROUTE_EXISTS,,83291,4960,4809
109,11,ROUTE_EXISTS,,81796,4799,4663
120,11,ROUTE_EXISTS,,80907,4721,4586
146,11,ROUTE_EXISTS,,80038,4663,4526
130,11,ROUTE_EXISTS,,81744,4805,4662
122,11,ROUTE_EXISTS,,81612,4744,4605
121,11,ROUTE_EXISTS,,81523,4761,4624
134,11,ROUTE_EXISTS,,82967,4920,4772
192,11,ROUTE_EXISTS,,81110,4725,4589
125,11,ROUTE_EXISTS,,81181,4797,4658
114,11,ROUTE_EXISTS,,82582,4894,4754
161,11,ROUTE_EXISTS,,81266,4718,4578
107,11,ROUTE_EXISTS,,81138,4672,4537
168,11,ROUTE_EXISTS,,81040,4761,4633
132,11,ROUTE_EXISTS,,83510,5000,4843
154,11,ROUTE_EXISTS,,77859,4375,4239
194,11,ROUTE_EXISTS,,89390,5270,5133
102,11,ROUTE_EXISTS,,84305,4945,4790
129,11,ROUTE_EXISTS,,82643,4940,4791
163,11,ROUTE_EXISTS,,78452,4535,4400
186,11,ROUTE_EXISTS,,80849,4627,4496
187,11,ROUTE_EXISTS,,80490,4612,4479
182,11,ROUTE_EXISTS,,80644,4618,4487
116,11,ROUTE_EXISTS,,81511,4825,4684
128,11,ROUTE_EXISTS,,82220,4880,4734
141,11,ROUTE_EXISTS,,80325,4684,4541
181,11,ROUTE_EXISTS,,81870,4767,4635
173,11,ROUTE_EXISTS,,83219,4864,4716
113,11,ROUTE_EXISTS,,82081,4861,4721
175,11,ROUTE_EXISTS,,82415,4882,4744
279,11,ROUTE_EXISTS,,41870,2212,2221
286,11,ROUTE_EXISTS,,40783,2266,2282
207,11,ROUTE_EXISTS,,82879,4743,4603
209,11,ROUTE_EXISTS,,84235,4874,4720
210,11,ROUTE_EXISTS,,80445,4861,4725
226,11,ROUTE_EXISTS,,82903,4843,4702
237,11,ROUTE_EXISTS,,81625,4712,4577
256,11,ROUTE_EXISTS,,83532,5072,4925
293,11,ROUTE_EXISTS,,46349,2675,2684
229,11,ROUTE_EXISTS,,83392,4837,4691
220,11,ROUTE_EXISTS,,80992,4724,4589
201,11,ROUTE_EXISTS,,77972,4547,4415
219,11,ROUTE_EXISTS,,80340,4629,4492
235,11,ROUTE_EXISTS,,82661,4811,4668
263,11,ROUTE_EXISTS,,81943,4869,4730
272,11,ROUTE_EXISTS,,83071,4914,4768
264,11,ROUTE_EXISTS,,83972,4942,4800
222,11,ROUTE_EXISTS,,82599,4803,4661
262,11,ROUTE_EXISTS,,81538,4741,4608
206,11,ROUTE_EXISTS,,79793,4765,4636
267,11,ROUTE_EXISTS,,83736,5096,4949
268,11,ROUTE_EXISTS,,82846,4991,4840
238,11,ROUTE_EXISTS,,82071,4849,4705
283,11,ROUTE_EXISTS,,36062,1961,1982
254,11,ROUTE_EXISTS,,77972,4853,4745
278,11,ROUTE_EXISTS,,44597,2432,2434
287,11,ROUTE_EXISTS,,41695,2301,2317
275,11,ROUTE_EXISTS,,60488,3084,3089
298,11,ROUTE_EXISTS,,50795,2852,2850
269,11,ROUTE_EXISTS,,82182,4814,4672
285,11,ROUTE_EXISTS,,41683,2286,2303
282,11,ROUTE_EXISTS,,61642,3468,3396
281,11,ROUTE_EXISTS,,50662,2754,2739
291,11,ROUTE_EXISTS,,46006,2505,2519
273,11,ROUTE_EXISTS,,83790,5016,4872
284,11,ROUTE_EXISTS,,38059,2257,2270
292,11,ROUTE_EXISTS,,48301,2730,2738
288,11,ROUTE_EXISTS,,42948,2357,2373
290,11,ROUTE_EXISTS,,45436,2473,2486
297,11,ROUTE_EXISTS,,50689,2851,2848
299,11,ROUTE_EXISTS,,51766,2986,2983
217,11,ROUTE_EXISTS,,81349,4758,4623
233,11,ROUTE_EXISTS,,80399,4753,4661
243,11,ROUTE_EXISTS,,77347,4554,4455
277,11,ROUTE_EXISTS,,46179,2619,2618
244,11,ROUTE_EXISTS,,69803,4095,3994
216,11,ROUTE_EXISTS,,82136,4786,4646
261,11,ROUTE_EXISTS,,82656,4932,4789
203,11,ROUTE_EXISTS,,78624,4628,4499
225,11,ROUTE_EXISTS,,82302,4868,4723
248,11,ROUTE_EXISTS,,91706,6051,5905
242,11,ROUTE_EXISTS,,78764,4716,4617
274,11,ROUTE_EXISTS,,84902,5018,4871
212,11,ROUTE_EXISTS,,86019,4998,4843
249,11,ROUTE_EXISTS,,81203,4943,4822
213,11,ROUTE_EXISTS,,82029,4755,4617
295,11,ROUTE_EXISTS,,54489,3163,3180
204,11,ROUTE_EXISTS,,77288,4451,4319
271,11,ROUTE_EXISTS,,82223,4904,4763
239,11,ROUTE_EXISTS,,82812,4918,4775
247,11,ROUTE_EXISTS,,75280,4583,4482
205,11,ROUTE_EXISTS,,82455,4743,4603
236,11,ROUTE_EXISTS,,82200,4853,4708
260,11,ROUTE_EXISTS,,83704,5079,4933
208,11,ROUTE_EXISTS,,83596,4894,4745
266,11,ROUTE_EXISTS,,87439,5230,5102
289,11,ROUTE_EXISTS,,43862,2399,2414
253,11,ROUTE_EXISTS,,81606,4996,4883
223,11,ROUTE_EXISTS,,81505,4732,4593
230,11,ROUTE_EXISTS,,83801,4904,4752
251,11,ROUTE_EXISTS,,83980,5064,4921
255,11,ROUTE_EXISTS,,82778,4945,4802
211,11,ROUTE_EXISTS,,86084,5076,4921
228,11,ROUTE_EXISTS,,83058,4835,4691
259,11,ROUTE_EXISTS,,83556,5010,4865
202,11,ROUTE_EXISTS,,78684,4618,4488
270,11,ROUTE_EXISTS,,81957,4809,4673
252,11,ROUTE_EXISTS,,82353,4975,4855
214,11,ROUTE_EXISTS,,82801,4826,4684
250,11,ROUTE_EXISTS,,80361,4846,4736
231,11,ROUTE_EXISTS,,80944,4835,4738
218,11,ROUTE_EXISTS,,80822,4650,4514
257,11,ROUTE_EXISTS,,83216,5032,4885
280,11,ROUTE_EXISTS,,55840,3094,3053
276,11,ROUTE_EXISTS,,48396,2615,2613
232,11,ROUTE_EXISTS,,80677,4814,4715
296,11,ROUTE_EXISTS,,51455,2941,2937
300,11,ROUTE_EXISTS,,51825,2945,2940
241,11,ROUTE_EXISTS,,78869,4707,4605
245,11,ROUTE_EXISTS,,81350,4900,4783
234,11,ROUTE_EXISTS,,83518,4881,4732
221,11,ROUTE_EXISTS,,82466,4847,4705
265,11,ROUTE_EXISTS,,86008,5243,5113
294,11,ROUTE_EXISTS,,49711,2851,2856
258,11,ROUTE_EXISTS,,83664,5072,4925
227,11,ROUTE_EXISTS,,82492,4759,4621
224,11,ROUTE_EXISTS,,81330,4720,4580
240,11,ROUTE_EXISTS,,80484,4825,4709
246,11,ROUTE_EXISTS,,57784,3475,3393
215,11,ROUTE_EXISTS,,82047,4759,4620
393,11,ROUTE_EXISTS,,48042,3017,2990
398,11,ROUTE_EXISTS,,74930,4324,4324
302,11,ROUTE_EXISTS,,54463,3146,3142
357,11,ROUTE_EXISTS,,114096,6691,6555
330,11,ROUTE_EXISTS,,97233,5907,5764
392,11,ROUTE_EXISTS,,53406,3478,3447
374,11,ROUTE_EXISTS,,131041,9715,9715
371,11,ROUTE_EXISTS,,123254,6964,6819
327,11,ROUTE_EXISTS,,100461,6119,5980
323,11,ROUTE_EXISTS,,72469,5050,4973
368,11,ROUTE_EXISTS,,117828,6865,6865
313,11,ROUTE_EXISTS,,50894,2945,2953
322,11,ROUTE_EXISTS,,55801,3228,3238
340,11,ROUTE_EXISTS,,100164,5752,5616
365,11,ROUTE_EXISTS,,115487,6616,6616
384,11,ROUTE_EXISTS,,122349,7107,7107
364,11,ROUTE_EXISTS,,135915,7872,7872
356,11,ROUTE_EXISTS,,106966,6105,5974
341,11,ROUTE_EXISTS,,98754,5737,5602
301,11,ROUTE_EXISTS,,56577,3380,3337
360,11,ROUTE_EXISTS,,125036,7191,7191
378,11,ROUTE_EXISTS,,121082,7024,7024
394,11,ROUTE_EXISTS,,46118,2974,2974
317,11,ROUTE_EXISTS,,52646,3014,3025
391,11,ROUTE_EXISTS,,60308,3735,3703
397,11,ROUTE_EXISTS,,67268,3943,3943
324,11,ROUTE_EXISTS,,58561,3342,3260
389,11,ROUTE_EXISTS,,67018,4056,4028
312,11,ROUTE_EXISTS,,50265,2824,2834
399,11,ROUTE_EXISTS,,77848,4728,4728
310,11,ROUTE_EXISTS,,52599,3005,3014
353,11,ROUTE_EXISTS,,119127,6768,6613
318,11,ROUTE_EXISTS,,52488,3010,3021
395,11,ROUTE_EXISTS,,80167,4709,4709
325,11,ROUTE_EXISTS,,56316,3172,3144
319,11,ROUTE_EXISTS,,55072,3098,3106
308,11,ROUTE_EXISTS,,51888,2955,2963
303,11,ROUTE_EXISTS,,53578,3106,3112
390,11,ROUTE_EXISTS,,77486,4692,4657
309,11,ROUTE_EXISTS,,51872,2960,2968
337,11,ROUTE_EXISTS,,101240,6047,5908
367,11,ROUTE_EXISTS,,119433,6958,6958
321,11,ROUTE_EXISTS,,54675,3123,3132
306,11,ROUTE_EXISTS,,52428,2980,2985
305,11,ROUTE_EXISTS,,52591,3024,3031
400,11,ROUTE_EXISTS,,78615,4539,4539
320,11,ROUTE_EXISTS,,54251,3138,3147
396,11,ROUTE_EXISTS,,73627,4264,4264
370,11,ROUTE_EXISTS,,114576,6763,6763
342,11,ROUTE_EXISTS,,98801,5721,5585
333,11,ROUTE_EXISTS,,95437,5783,5639
311,11,ROUTE_EXISTS,,52790,3063,3070
386,11,ROUTE_EXISTS,,121213,7078,7078
361,11,ROUTE_EXISTS,,115860,6645,6645
383,11,ROUTE_EXISTS,,122821,7226,7226
362,11,ROUTE_EXISTS,,143298,8311,8311
349,11,ROUTE_EXISTS,,103870,5970,5825
381,11,ROUTE_EXISTS,,120339,6896,6896
315,11,ROUTE_EXISTS,,52177,2955,2965
344,11,ROUTE_EXISTS,,99691,5749,5618
314,11,ROUTE_EXISTS,,52266,2976,2986
379,11,ROUTE_EXISTS,,119249,6870,6870
348,11,ROUTE_EXISTS,,104633,6106,5969
339,11,ROUTE_EXISTS,,95721,5521,5385
380,11,ROUTE_EXISTS,,120482,6957,6957
351,11,ROUTE_EXISTS,,102783,5960,5827
366,11,ROUTE_EXISTS,,115228,6719,6719
347,11,ROUTE_EXISTS,,104820,6141,6007
385,11,ROUTE_EXISTS,,121756,7183,7183
307,11,ROUTE_EXISTS,,52122,2982,2990
354,11,ROUTE_EXISTS,,112866,6179,6049
358,11,ROUTE_EXISTS,,110829,6455,6329
387,11,ROUTE_EXISTS,,120729,6962,6962
382,11,ROUTE_EXISTS,,122353,7156,7156
331,11,ROUTE_EXISTS,,96905,5918,5765
355,11,ROUTE_EXISTS,,113417,6668,6507
334,11,ROUTE_EXISTS,,102193,6316,6169
345,11,ROUTE_EXISTS,,101792,5891,5753
363,11,ROUTE_EXISTS,,140222,8118,8118
372,11,ROUTE_EXISTS,,124790,7109,6966
343,11,ROUTE_EXISTS,,98727,5696,5561
326,11,ROUTE_EXISTS,,106725,6686,6521
328,11,ROUTE_EXISTS,,93661,5623,5481
377,11,ROUTE_EXISTS,,124837,7506,7506
336,11,ROUTE_EXISTS,,93623,5444,5312
352,11,ROUTE_EXISTS,,102777,5912,5772
346,11,ROUTE_EXISTS,,100170,5764,5630
375,11,ROUTE_EXISTS,,135567,11613,11613
335,11,ROUTE_EXISTS,,85681,5098,4953
359,11,ROUTE_EXISTS,,106878,6146,6024
332,11,ROUTE_EXISTS,,97368,5926,5778
350,11,ROUTE_EXISTS,,104748,6065,5917
329,11,ROUTE_EXISTS,,93088,5562,5424
376,11,ROUTE_EXISTS,,126784,9045,9045
369,11,ROUTE_EXISTS,,110656,6320,6320
304,11,ROUTE_EXISTS,,52840,3049,3053
373,11,ROUTE_EXISTS,,118533,7080,6912
316,11,ROUTE_EXISTS,,52488,2998,3010
388,11,ROUTE_EXISTS,,121990,7175,7175
338,11,ROUTE_EXISTS,,95207,5490,5355
464,11,ROUTE_EXISTS,,569,112,112
439,11,ROUTE_EXISTS,,34756,2027,1984
444,11,ROUTE_EXISTS,,31443,1880,1838
478,11,ROUTE_EXISTS,,30588,1939,1939
487,11,ROUTE_EXISTS,,69772,3867,3785
440,11,ROUTE_EXISTS,,29493,1647,1615
448,11,ROUTE_EXISTS,,31501,1919,1893
482,11,ROUTE_EXISTS,,30902,1755,1780
499,11,ROUTE_EXISTS,,88947,4671,4594
407,11,ROUTE_EXISTS,,93569,5404,5404
435,11,ROUTE_EXISTS,,36325,2496,2455
490,11,ROUTE_EXISTS,,88293,4959,4861
479,11,ROUTE_EXISTS,,19557,1102,1125
441,11,ROUTE_EXISTS,,30021,1695,1671
421,11,ROUTE_EXISTS,,54394,3276,3212
428,11,ROUTE_EXISTS,,58983,3420,3312
488,11,ROUTE_EXISTS,,78414,4688,4605
409,11,ROUTE_EXISTS,,102551,5953,5953
486,11,ROUTE_EXISTS,,77894,4517,4438
483,11,ROUTE_EXISTS,,31692,1690,1717
481,11,ROUTE_EXISTS,,25256,1433,1464
438,11,ROUTE_EXISTS,,33080,1894,1852
445,11,ROUTE_EXISTS,,31313,1884,1842
460,11,ROUTE_EXISTS,,37256,2199,2153
468,11,ROUTE_EXISTS,,10923,863,863
423,11,ROUTE_EXISTS,,50729,2993,2937
484,11,ROUTE_EXISTS,,46610,2611,2630
466,11,ROUTE_EXISTS,,3686,291,278
470,11,ROUTE_EXISTS,,4318,412,422
473,11,ROUTE_EXISTS,,18647,1271,1265
475,11,ROUTE_EXISTS,,31469,2323,2323
461,11,ROUTE_EXISTS,,38782,2276,2230
476,11,ROUTE_EXISTS,,21672,1344,1344
443,11,ROUTE_EXISTS,,30914,1803,1762
472,11,ROUTE_EXISTS,,11639,712,705
430,11,ROUTE_EXISTS,,20836,1175,1163
480,11,ROUTE_EXISTS,,16181,946,969
469,11,ROUTE_EXISTS,,14262,1187,1187
413,11,ROUTE_EXISTS,,37497,2107,2060
474,11,ROUTE_EXISTS,,20796,1307,1307
433,11,ROUTE_EXISTS,,25134,1418,1399
431,11,ROUTE_EXISTS,,26019,1392,1368
457,11,ROUTE_EXISTS,,35360,2048,2001
442,11,ROUTE_EXISTS,,30634,1838,1806
458,11,ROUTE_EXISTS,,37365,2225,2179
446,11,ROUTE_EXISTS,,32525,1903,1867
459,11,ROUTE_EXISTS,,40895,2334,2284
424,11,ROUTE_EXISTS,,52581,3035,2989
437,11,ROUTE_EXISTS,,41557,2458,2419
403,11,ROUTE_EXISTS,,84424,4930,4930
416,11,ROUTE_EXISTS,,44335,2616,2554
415,11,ROUTE_EXISTS,,47974,2883,2826
453,11,ROUTE_EXISTS,,46577,2768,2722
455,11,ROUTE_EXISTS,,42713,2528,2478
427,11,ROUTE_EXISTS,,53796,3103,3038
420,11,ROUTE_EXISTS,,46384,2704,2639
494,11,ROUTE_EXISTS,,113384,6040,5934
414,11,ROUTE_EXISTS,,40901,2382,2322
436,11,ROUTE_EXISTS,,34239,2030,1998
422,11,ROUTE_EXISTS,,51059,2881,2830
485,11,ROUTE_EXISTS,,52675,3145,3157
447,11,ROUTE_EXISTS,,29455,1690,1666
402,11,ROUTE_EXISTS,,76751,4728,4698
462,11,ROUTE_EXISTS,,40418,2343,2295
493,11,ROUTE_EXISTS,,105426,5675,5566
418,11,ROUTE_EXISTS,,48869,2876,2810
449,11,ROUTE_EXISTS,,29291,1634,1610
401,11,ROUTE_EXISTS,,79416,4824,4792
426,11,ROUTE_EXISTS,,52416,2981,2928
412,11,ROUTE_EXISTS,,53723,3173,3133
495,11,ROUTE_EXISTS,,125311,7231,7133
429,11,ROUTE_EXISTS,,59574,3432,3322
451,11,ROUTE_EXISTS,,53566,3093,3048
500,11,ROUTE_EXISTS,,81640,4209,4160
498,11,ROUTE_EXISTS,,92405,4946,4849
404,11,ROUTE_EXISTS,,90326,5249,5249
406,11,ROUTE_EXISTS,,102544,6219,6095
410,11,ROUTE_EXISTS,,107888,6287,6287
497,11,ROUTE_EXISTS,,96491,5094,5018
465,11,ROUTE_EXISTS,,1460,161,161
471,11,ROUTE_EXISTS,,3001,355,355
432,11,ROUTE_EXISTS,,19529,1144,1132
452,11,ROUTE_EXISTS,,48389,2819,2773
492,11,ROUTE_EXISTS,,103236,5519,5422
419,11,ROUTE_EXISTS,,47628,2839,2774
456,11,ROUTE_EXISTS,,45003,2694,2643
454,11,ROUTE_EXISTS,,43839,2649,2598
491,11,ROUTE_EXISTS,,95690,5097,4980
411,11,ROUTE_EXISTS,,54589,3274,3201
425,11,ROUTE_EXISTS,,53464,3046,2992
496,11,ROUTE_EXISTS,,90044,4710,4629
408,11,ROUTE_EXISTS,,99006,5946,5946
434,11,ROUTE_EXISTS,,29681,1715,1690
477,11,ROUTE_EXISTS,,27038,1695,1695
467,11,ROUTE_EXISTS,,16811,987,973
463,11,ROUTE_EXISTS,,38461,2233,2187
489,11,ROUTE_EXISTS,,77586,4315,4236
450,11,ROUTE_EXISTS,,53226,3081,3040
417,11,ROUTE_EXISTS,,46390,2736,2675
405,11,ROUTE_EXISTS,,95300,5458,5458
528,11,ROUTE_EXISTS,,21052,1286,1300
522,11,ROUTE_EXISTS,,48481,3462,3316
582,11,ROUTE_EXISTS,,48163,2670,2670
504,11,ROUTE_EXISTS,,86687,4476,4417
507,11,ROUTE_EXISTS,,90107,4727,4656
510,11,ROUTE_EXISTS,,92271,4990,4886
570,11,ROUTE_EXISTS,,57363,3146,3097
558,11,ROUTE_EXISTS,,53052,3283,3267
538,11,ROUTE_EXISTS,,50345,3106,3079
545,11,ROUTE_EXISTS,,81370,5144,5084
547,11,ROUTE_EXISTS,,92832,5658,5580
559,11,ROUTE_EXISTS,,51385,3114,3104
530,11,ROUTE_EXISTS,,10790,725,743
563,11,ROUTE_EXISTS,,35275,1927,1917
529,11,ROUTE_EXISTS,,13439,939,939
568,11,ROUTE_EXISTS,,59470,3751,3755
525,11,ROUTE_EXISTS,,16565,1225,1211
521,11,ROUTE_EXISTS,,30823,2030,2002
587,11,ROUTE_EXISTS,,67925,3805,3805
584,11,ROUTE_EXISTS,,85688,4805,4805
562,11,ROUTE_EXISTS,,29294,1554,1571
598,11,ROUTE_EXISTS,,80466,4805,4708
535,11,ROUTE_EXISTS,,36043,2269,2269
523,11,ROUTE_EXISTS,,39717,2575,2527
564,11,ROUTE_EXISTS,,40987,2350,2335
572,11,ROUTE_EXISTS,,48378,2586,2542
574,11,ROUTE_EXISTS,,51967,2860,2801
566,11,ROUTE_EXISTS,,53687,3600,3542
557,11,ROUTE_EXISTS,,65084,3654,3590
585,11,ROUTE_EXISTS,,64286,3670,3591
520,11,ROUTE_EXISTS,,30790,2122,2102
537,11,ROUTE_EXISTS,,46423,2902,2885
556,11,ROUTE_EXISTS,,62741,3926,3912
501,11,ROUTE_EXISTS,,81939,4202,4155
571,11,ROUTE_EXISTS,,48849,2618,2568
586,11,ROUTE_EXISTS,,62506,3481,3481
511,11,ROUTE_EXISTS,,92187,4990,4885
581,11,ROUTE_EXISTS,,41571,2278,2278
531,11,ROUTE_EXISTS,,17472,1109,1099
569,11,ROUTE_EXISTS,,58667,3783,3722
519,11,ROUTE_EXISTS,,91636,5023,5023
536,11,ROUTE_EXISTS,,44258,2869,2869
573,11,ROUTE_EXISTS,,61530,3554,3484
555,11,ROUTE_EXISTS,,69663,3968,3899
514,11,ROUTE_EXISTS,,92474,4986,4887
552,11,ROUTE_EXISTS,,71688,4576,4519
542,11,ROUTE_EXISTS,,74770,4475,4399
503,11,ROUTE_EXISTS,,85567,4403,4344
517,11,ROUTE_EXISTS,,72995,4828,4784
567,11,ROUTE_EXISTS,,57407,3631,3638
560,11,ROUTE_EXISTS,,52019,3154,3100
551,11,ROUTE_EXISTS,,68207,4334,4278
578,11,ROUTE_EXISTS,,84810,4497,4428
553,11,ROUTE_EXISTS,,62397,4036,3988
541,11,ROUTE_EXISTS,,72545,4344,4199
513,11,ROUTE_EXISTS,,88887,4659,4592
579,11,ROUTE_EXISTS,,86833,4624,4556
505,11,ROUTE_EXISTS,,88175,4587,4524
590,11,ROUTE_EXISTS,,86648,5189,5055
580,11,ROUTE_EXISTS,,100959,5406,5280
516,11,ROUTE_EXISTS,,97801,5302,5240
589,11,ROUTE_EXISTS,,86336,5196,5063
534,11,ROUTE_EXISTS,,20521,1331,1320
546,11,ROUTE_EXISTS,,89312,5606,5606
515,11,ROUTE_EXISTS,,95649,5215,5151
544,11,ROUTE_EXISTS,,99133,5909,5854
591,11,ROUTE_EXISTS,,81035,4708,4572
548,11,ROUTE_EXISTS,,80106,5040,4985
592,11,ROUTE_EXISTS,,81887,4845,4707
540,11,ROUTE_EXISTS,,68211,4026,3978
588,11,ROUTE_EXISTS,,84253,4871,4871
527,11,ROUTE_EXISTS,,16869,944,956
509,11,ROUTE_EXISTS,,91271,4907,4805
518,11,ROUTE_EXISTS,,82418,4613,4613
576,11,ROUTE_EXISTS,,65518,3708,3639
526,11,ROUTE_EXISTS,,24519,1700,1644
533,11,ROUTE_EXISTS,,7065,494,507
524,11,ROUTE_EXISTS,,20797,1466,1458
575,11,ROUTE_EXISTS,,58631,3166,3111
595,11,ROUTE_EXISTS,,81274,4680,4548
565,11,ROUTE_EXISTS,,44999,2705,2705
594,11,ROUTE_EXISTS,,81933,4773,4640
549,11,ROUTE_EXISTS,,74913,4769,4719
577,11,ROUTE_EXISTS,,73777,3960,3886
502,11,ROUTE_EXISTS,,78549,4062,4018
600,11,ROUTE_EXISTS,,69345,4747,4641
508,11,ROUTE_EXISTS,,90606,4788,4715
506,11,ROUTE_EXISTS,,89359,4687,4617
543,11,ROUTE_EXISTS,,77572,4609,4526
532,11,ROUTE_EXISTS,,17332,1064,1054
561,11,ROUTE_EXISTS,,32793,1719,1717
593,11,ROUTE_EXISTS,,79592,4545,4404
596,11,ROUTE_EXISTS,,80100,4547,4413
554,11,ROUTE_EXISTS,,56094,3670,3615
599,11,ROUTE_EXISTS,,80438,4798,4702
583,11,ROUTE_EXISTS,,58780,3258,3258
539,11,ROUTE_EXISTS,,54955,4905,4825
550,11,ROUTE_EXISTS,,72983,4608,4559
597,11,ROUTE_EXISTS,,74647,4632,4507
512,11,ROUTE_EXISTS,,93430,5083,4992
609,11,ROUTE_NOT_FOUND,,,,
608,11,ROUTE_NOT_FOUND,,,,
612,11,ROUTE_NOT_FOUND,,,,
611,11,ROUTE_NOT_FOUND,,,,
610,11,ROUTE_NOT_FOUND,,,,
606,11,ROUTE_EXISTS,,78017.0,4825.0,4798.0
602,11,ROUTE_EXISTS,,33053.0,2405.0,2405.0
607,11,ROUTE_EXISTS,,80857.0,5765.0,5765.0
601,11,ROUTE_EXISTS,,72111.0,5283.0,5283.0
605,11,ROUTE_EXISTS,,103424.0,6378.0,6378.0
604,11,ROUTE_EXISTS,,149559.0,10179.0,10179.0
603,11,ROUTE_EXISTS,,127810.0,7943.0,7943.0
94,12,ROUTE_EXISTS,,6897,673,669
73,12,ROUTE_EXISTS,,11045,1029,1027
65,12,ROUTE_EXISTS,,9992,1002,989
37,12,ROUTE_EXISTS,,19755,1747,1750
58,12,ROUTE_EXISTS,,14572,1318,1308
87,12,ROUTE_EXISTS,,8508,814,808
72,12,ROUTE_EXISTS,,9677,894,891
48,12,ROUTE_EXISTS,,12601,1113,1109
98,12,ROUTE_EXISTS,,7707,835,798
63,12,ROUTE_EXISTS,,10040,906,905
75,12,ROUTE_EXISTS,,9322,938,934
28,12,ROUTE_EXISTS,,16862,1492,1496
36,12,ROUTE_EXISTS,,18350,1629,1634
35,12,ROUTE_EXISTS,,17116,1539,1544
7,12,ROUTE_EXISTS,,11178,1029,1014
9,12,ROUTE_EXISTS,,11819,1099,1083
40,12,ROUTE_EXISTS,,21225,1895,1895
77,12,ROUTE_EXISTS,,8437,785,779
42,12,ROUTE_EXISTS,,19475,1650,1660
97,12,ROUTE_EXISTS,,7708,740,740
82,12,ROUTE_EXISTS,,9948,962,952
22,12,ROUTE_EXISTS,,15683,1386,1384
71,12,ROUTE_EXISTS,,10021,925,924
86,12,ROUTE_EXISTS,,7719,711,704
23,12,ROUTE_EXISTS,,16322,1439,1440
52,12,ROUTE_EXISTS,,12879,1183,1177
89,12,ROUTE_EXISTS,,7821,759,752
76,12,ROUTE_EXISTS,,9505,878,873
26,12,ROUTE_EXISTS,,15747,1418,1419
100,12,ROUTE_EXISTS,,8003,757,761
69,12,ROUTE_EXISTS,,9757,905,904
6,12,ROUTE_EXISTS,,12007,1128,1114
57,12,ROUTE_EXISTS,,14231,1284,1275
11,12,ROUTE_EXISTS,,13230,1218,1198
90,12,ROUTE_EXISTS,,7990,804,798
79,12,ROUTE_EXISTS,,9878,940,937
78,12,ROUTE_EXISTS,,8503,756,748
18,12,ROUTE_EXISTS,,13272,1125,1120
17,12,ROUTE_EXISTS,,15017,1467,1462
67,12,ROUTE_EXISTS,,11637,1020,1017
8,12,ROUTE_EXISTS,,12237,1179,1164
19,12,ROUTE_EXISTS,,15386,1373,1370
50,12,ROUTE_EXISTS,,12658,1132,1126
56,12,ROUTE_EXISTS,,14109,1274,1265
14,12,ROUTE_EXISTS,,22617,2054,2031
66,12,ROUTE_EXISTS,,10582,1012,1011
2,12,ROUTE_EXISTS,,23118,1842,1818
53,12,ROUTE_EXISTS,,12640,1180,1176
64,12,ROUTE_EXISTS,,10836,1002,1001
81,12,ROUTE_EXISTS,,9929,969,959
13,12,ROUTE_EXISTS,,16954,1511,1486
70,12,ROUTE_EXISTS,,9699,857,855
96,12,ROUTE_EXISTS,,7133,697,698
92,12,ROUTE_EXISTS,,8370,794,785
1,12,ROUTE_EXISTS,,14720,1237,1221
34,12,ROUTE_EXISTS,,17715,1488,1455
38,12,ROUTE_EXISTS,,19789,1747,1750
39,12,ROUTE_EXISTS,,20834,1805,1810
12,12,ROUTE_EXISTS,,13959,1241,1220
41,12,ROUTE_EXISTS,,19894,1739,1750
4,12,ROUTE_EXISTS,,18713,1595,1604
32,12,ROUTE_EXISTS,,17138,1503,1507
61,12,ROUTE_EXISTS,,15071,1342,1333
91,12,ROUTE_EXISTS,,8246,769,761
54,12,ROUTE_EXISTS,,13447,1231,1225
85,12,ROUTE_EXISTS,,8238,778,772
49,12,ROUTE_EXISTS,,12791,1110,1105
95,12,ROUTE_EXISTS,,6761,684,687
16,12,ROUTE_EXISTS,,32876,1975,1958
5,12,ROUTE_EXISTS,,21224,1628,1622
30,12,ROUTE_EXISTS,,16242,1455,1457
25,12,ROUTE_EXISTS,,15457,1376,1377
21,12,ROUTE_EXISTS,,14756,1329,1324
46,12,ROUTE_EXISTS,,12024,1046,1043
44,12,ROUTE_EXISTS,,11616,1021,1019
31,12,ROUTE_EXISTS,,16605,1444,1444
43,12,ROUTE_EXISTS,,11235,1027,1025
74,12,ROUTE_EXISTS,,9124,900,905
55,12,ROUTE_EXISTS,,13509,1226,1220
15,12,ROUTE_EXISTS,,22953,3354,3362
68,12,ROUTE_EXISTS,,9102,798,797
93,12,ROUTE_EXISTS,,8807,965,961
51,12,ROUTE_EXISTS,,12030,1075,1067
27,12,ROUTE_EXISTS,,16485,1431,1430
20,12,ROUTE_EXISTS,,14782,1292,1288
60,12,ROUTE_EXISTS,,15466,1383,1373
83,12,ROUTE_EXISTS,,8195,813,804
33,12,ROUTE_EXISTS,,17063,1488,1492
59,12,ROUTE_EXISTS,,14411,1298,1288
45,12,ROUTE_EXISTS,,12267,1061,1058
88,12,ROUTE_EXISTS,,7934,751,743
84,12,ROUTE_EXISTS,,7574,696,689
80,12,ROUTE_EXISTS,,9314,925,920
99,12,ROUTE_EXISTS,,7675,713,714
62,12,ROUTE_EXISTS,,15275,1364,1355
3,12,ROUTE_EXISTS,,23984,1935,1898
24,12,ROUTE_EXISTS,,15789,1381,1382
10,12,ROUTE_EXISTS,,13262,1219,1196
47,12,ROUTE_EXISTS,,12812,1138,1134
29,12,ROUTE_EXISTS,,15951,1424,1425
199,12,ROUTE_EXISTS,,2105,317,317
128,12,ROUTE_EXISTS,,4285,542,542
134,12,ROUTE_EXISTS,,4540,532,531
126,12,ROUTE_EXISTS,,3090,413,413
169,12,ROUTE_EXISTS,,4686,501,498
116,12,ROUTE_EXISTS,,3084,442,442
173,12,ROUTE_EXISTS,,5928,594,590
180,12,ROUTE_EXISTS,,7672,676,672
131,12,ROUTE_EXISTS,,5269,695,694
115,12,ROUTE_EXISTS,,2408,330,330
182,12,ROUTE_EXISTS,,6331,542,545
167,12,ROUTE_EXISTS,,4239,465,465
110,12,ROUTE_EXISTS,,3923,499,503
140,12,ROUTE_EXISTS,,1750,258,258
157,12,ROUTE_EXISTS,,1751,307,307
170,12,ROUTE_EXISTS,,5544,618,618
168,12,ROUTE_EXISTS,,4599,508,505
200,12,ROUTE_EXISTS,,5876,504,504
113,12,ROUTE_EXISTS,,4147,525,528
162,12,ROUTE_EXISTS,,3698,423,412
114,12,ROUTE_EXISTS,,4648,561,561
191,12,ROUTE_EXISTS,,8478,575,568
184,12,ROUTE_EXISTS,,5898,483,486
124,12,ROUTE_EXISTS,,2589,313,313
197,12,ROUTE_EXISTS,,16843,1098,1098
138,12,ROUTE_EXISTS,,1357,262,262
141,12,ROUTE_EXISTS,,2049,311,311
145,12,ROUTE_EXISTS,,1520,242,242
142,12,ROUTE_EXISTS,,2729,287,284
190,12,ROUTE_EXISTS,,9045,811,813
160,12,ROUTE_EXISTS,,2636,386,386
166,12,ROUTE_EXISTS,,4270,428,429
137,12,ROUTE_EXISTS,,1039,202,202
135,12,ROUTE_EXISTS,,4323,473,471
156,12,ROUTE_EXISTS,,2050,271,271
136,12,ROUTE_EXISTS,,1159,252,252
176,12,ROUTE_EXISTS,,6079,618,616
198,12,ROUTE_EXISTS,,15277,1010,1002
189,12,ROUTE_EXISTS,,12424,808,792
111,12,ROUTE_EXISTS,,4191,524,528
121,12,ROUTE_EXISTS,,3588,432,432
195,12,ROUTE_EXISTS,,5599,368,366
143,12,ROUTE_EXISTS,,2428,371,371
154,12,ROUTE_EXISTS,,693,104,104
120,12,ROUTE_EXISTS,,2972,393,393
150,12,ROUTE_EXISTS,,1860,243,243
153,12,ROUTE_EXISTS,,1467,170,170
183,12,ROUTE_EXISTS,,6370,535,539
155,12,ROUTE_EXISTS,,1049,220,220
130,12,ROUTE_EXISTS,,3317,420,420
175,12,ROUTE_EXISTS,,5974,620,616
133,12,ROUTE_EXISTS,,4980,615,615
144,12,ROUTE_EXISTS,,2242,272,272
108,12,ROUTE_EXISTS,,3937,498,504
107,12,ROUTE_EXISTS,,3203,343,344
158,12,ROUTE_EXISTS,,2336,289,289
165,12,ROUTE_EXISTS,,2656,266,268
164,12,ROUTE_EXISTS,,2249,279,282
179,12,ROUTE_EXISTS,,7199,626,629
148,12,ROUTE_EXISTS,,1755,266,266
196,12,ROUTE_EXISTS,,10335,684,676
185,12,ROUTE_EXISTS,,5836,464,467
177,12,ROUTE_EXISTS,,6313,628,627
181,12,ROUTE_EXISTS,,7557,690,693
193,12,ROUTE_EXISTS,,18068,1127,1105
194,12,ROUTE_EXISTS,,19869,1334,1316
102,12,ROUTE_EXISTS,,8947,819,817
127,12,ROUTE_EXISTS,,4353,520,525
152,12,ROUTE_EXISTS,,1172,193,193
188,12,ROUTE_EXISTS,,7160,662,662
149,12,ROUTE_EXISTS,,2692,349,349
151,12,ROUTE_EXISTS,,1943,236,239
112,12,ROUTE_EXISTS,,4441,558,564
105,12,ROUTE_EXISTS,,3287,373,373
125,12,ROUTE_EXISTS,,3247,465,465
159,12,ROUTE_EXISTS,,3008,385,385
118,12,ROUTE_EXISTS,,3862,464,464
172,12,ROUTE_EXISTS,,7675,711,714
171,12,ROUTE_EXISTS,,5754,570,570
101,12,ROUTE_EXISTS,,8177,860,860
161,12,ROUTE_EXISTS,,3230,376,372
129,12,ROUTE_EXISTS,,4708,599,598
119,12,ROUTE_EXISTS,,4330,568,568
192,12,ROUTE_EXISTS,,11588,787,773
104,12,ROUTE_EXISTS,,3559,430,430
106,12,ROUTE_EXISTS,,3646,458,464
132,12,ROUTE_EXISTS,,5083,611,602
178,12,ROUTE_EXISTS,,6403,667,667
147,12,ROUTE_EXISTS,,1783,281,281
187,12,ROUTE_EXISTS,,6177,534,537
163,12,ROUTE_EXISTS,,3458,410,410
139,12,ROUTE_EXISTS,,1923,253,253
123,12,ROUTE_EXISTS,,2692,306,308
174,12,ROUTE_EXISTS,,5563,543,537
103,12,ROUTE_EXISTS,,9741,897,896
109,12,ROUTE_EXISTS,,3861,465,470
122,12,ROUTE_EXISTS,,3677,412,412
117,12,ROUTE_EXISTS,,4006,489,489
146,12,ROUTE_EXISTS,,2003,320,320
186,12,ROUTE_EXISTS,,6536,550,554
261,12,ROUTE_EXISTS,,5314,618,618
236,12,ROUTE_EXISTS,,4265,517,515
202,12,ROUTE_EXISTS,,6966,590,590
209,12,ROUTE_EXISTS,,6300,538,527
257,12,ROUTE_EXISTS,,5281,694,692
201,12,ROUTE_EXISTS,,6254,515,518
226,12,ROUTE_EXISTS,,4970,508,509
300,12,ROUTE_EXISTS,,63013,3881,3921
250,12,ROUTE_EXISTS,,7534,791,790
222,12,ROUTE_EXISTS,,4664,469,469
212,12,ROUTE_EXISTS,,8084,651,651
219,12,ROUTE_EXISTS,,2405,299,300
211,12,ROUTE_EXISTS,,8149,728,728
259,12,ROUTE_EXISTS,,5129,624,624
283,12,ROUTE_EXISTS,,74683,4571,4615
237,12,ROUTE_EXISTS,,3690,385,385
247,12,ROUTE_EXISTS,,16150,1497,1486
256,12,ROUTE_EXISTS,,5597,734,732
285,12,ROUTE_EXISTS,,67976,4370,4370
252,12,ROUTE_EXISTS,,11371,1080,1071
289,12,ROUTE_EXISTS,,67708,4185,4221
299,12,ROUTE_EXISTS,,62955,3926,3964
292,12,ROUTE_EXISTS,,64364,4014,4050
279,12,ROUTE_EXISTS,,84373,4965,5003
238,12,ROUTE_EXISTS,,4136,513,513
214,12,ROUTE_EXISTS,,4866,491,491
241,12,ROUTE_EXISTS,,7997,765,752
239,12,ROUTE_EXISTS,,4877,583,583
217,12,ROUTE_EXISTS,,3414,430,430
207,12,ROUTE_EXISTS,,4944,413,410
208,12,ROUTE_EXISTS,,5661,556,552
255,12,ROUTE_EXISTS,,4843,604,610
251,12,ROUTE_EXISTS,,6045,725,728
224,12,ROUTE_EXISTS,,3395,392,387
234,12,ROUTE_EXISTS,,5583,543,539
243,12,ROUTE_EXISTS,,6377,600,594
246,12,ROUTE_EXISTS,,26626,1825,1839
204,12,ROUTE_EXISTS,,5571,420,421
294,12,ROUTE_EXISTS,,62686,4058,4058
230,12,ROUTE_EXISTS,,5866,564,559
233,12,ROUTE_EXISTS,,4632,503,498
206,12,ROUTE_EXISTS,,6771,619,609
225,12,ROUTE_EXISTS,,4367,531,530
242,12,ROUTE_EXISTS,,6312,677,677
266,12,ROUTE_EXISTS,,9504,909,909
205,12,ROUTE_EXISTS,,4520,413,410
215,12,ROUTE_EXISTS,,4112,427,427
228,12,ROUTE_EXISTS,,5123,499,498
267,12,ROUTE_EXISTS,,5801,758,756
229,12,ROUTE_EXISTS,,5457,501,498
216,12,ROUTE_EXISTS,,4201,453,453
272,12,ROUTE_EXISTS,,6629,648,639
210,12,ROUTE_EXISTS,,6917,597,586
264,12,ROUTE_EXISTS,,7531,674,672
258,12,ROUTE_EXISTS,,5237,684,684
270,12,ROUTE_EXISTS,,5516,552,544
203,12,ROUTE_EXISTS,,6906,599,602
221,12,ROUTE_EXISTS,,4531,513,513
249,12,ROUTE_EXISTS,,5862,758,760
253,12,ROUTE_EXISTS,,9524,919,919
248,12,ROUTE_EXISTS,,30834,2790,2725
281,12,ROUTE_EXISTS,,80054,4954,4958
290,12,ROUTE_EXISTS,,65961,4070,4110
287,12,ROUTE_EXISTS,,69300,4329,4369
282,12,ROUTE_EXISTS,,80348,4885,4918
227,12,ROUTE_EXISTS,,4557,428,428
288,12,ROUTE_EXISTS,,68495,4282,4318
278,12,ROUTE_EXISTS,,87100,5182,5216
275,12,ROUTE_EXISTS,,102991,5855,5871
231,12,ROUTE_EXISTS,,5870,559,551
291,12,ROUTE_EXISTS,,64944,3982,4020
284,12,ROUTE_EXISTS,,74565,4641,4684
280,12,ROUTE_EXISTS,,74876,4633,4654
297,12,ROUTE_EXISTS,,61877,3790,3829
298,12,ROUTE_EXISTS,,61984,3791,3831
296,12,ROUTE_EXISTS,,62643,3877,3918
277,12,ROUTE_EXISTS,,88682,5377,5400
293,12,ROUTE_EXISTS,,63621,4102,4102
260,12,ROUTE_EXISTS,,5277,691,691
273,12,ROUTE_EXISTS,,7350,751,743
244,12,ROUTE_EXISTS,,13921,1040,1031
213,12,ROUTE_EXISTS,,4094,424,424
218,12,ROUTE_EXISTS,,2887,321,321
265,12,ROUTE_EXISTS,,8073,920,920
274,12,ROUTE_EXISTS,,8461,743,743
240,12,ROUTE_EXISTS,,6954,766,770
220,12,ROUTE_EXISTS,,3057,396,396
269,12,ROUTE_EXISTS,,5742,556,544
295,12,ROUTE_EXISTS,,58500,3805,3805
286,12,ROUTE_EXISTS,,70205,4304,4341
276,12,ROUTE_EXISTS,,90899,5374,5395
262,12,ROUTE_EXISTS,,5097,489,480
268,12,ROUTE_EXISTS,,4911,651,648
263,12,ROUTE_EXISTS,,5501,601,601
235,12,ROUTE_EXISTS,,4726,475,475
271,12,ROUTE_EXISTS,,5782,640,635
223,12,ROUTE_EXISTS,,3570,403,401
254,12,ROUTE_EXISTS,,13637,1294,1286
232,12,ROUTE_EXISTS,,4911,557,553
245,12,ROUTE_EXISTS,,10478,947,930
331,12,ROUTE_EXISTS,,18970,1589,1572
302,12,ROUTE_EXISTS,,65651,4085,4123
340,12,ROUTE_EXISTS,,30641,1818,1800
354,12,ROUTE_EXISTS,,43344,2255,2232
313,12,ROUTE_EXISTS,,60071,3692,3724
307,12,ROUTE_EXISTS,,60685,3740,3767
330,12,ROUTE_EXISTS,,19299,1578,1571
338,12,ROUTE_EXISTS,,25685,1552,1539
369,12,ROUTE_EXISTS,,52949,2611,2593
380,12,ROUTE_EXISTS,,62774,3255,3229
371,12,ROUTE_EXISTS,,53732,3031,3003
350,12,ROUTE_EXISTS,,35226,2127,2101
368,12,ROUTE_EXISTS,,60121,3162,3137
386,12,ROUTE_EXISTS,,63505,3374,3350
363,12,ROUTE_EXISTS,,82141,4364,4347
353,12,ROUTE_EXISTS,,49605,2821,2797
375,12,ROUTE_EXISTS,,77860,7965,7885
377,12,ROUTE_EXISTS,,67129,3810,3778
359,12,ROUTE_EXISTS,,37356,2222,2207
356,12,ROUTE_EXISTS,,37444,2180,2158
319,12,ROUTE_EXISTS,,55415,3324,3354
364,12,ROUTE_EXISTS,,77835,4134,4102
315,12,ROUTE_EXISTS,,59258,3633,3662
374,12,ROUTE_EXISTS,,73334,6058,5987
325,12,ROUTE_EXISTS,,50012,3038,3058
327,12,ROUTE_EXISTS,,22526,1787,1787
326,12,ROUTE_EXISTS,,28790,2329,2329
332,12,ROUTE_EXISTS,,19434,1597,1585
318,12,ROUTE_EXISTS,,58864,3587,3615
372,12,ROUTE_EXISTS,,55268,3178,3150
396,12,ROUTE_EXISTS,,64622,3844,3789
339,12,ROUTE_EXISTS,,26198,1583,1569
328,12,ROUTE_EXISTS,,15726,1295,1289
391,12,ROUTE_EXISTS,,72831,4247,4178
352,12,ROUTE_EXISTS,,33255,1977,1955
357,12,ROUTE_EXISTS,,44573,2747,2738
341,12,ROUTE_EXISTS,,29231,1801,1786
390,12,ROUTE_EXISTS,,74977,4305,4239
400,12,ROUTE_EXISTS,,54642,3189,3136
360,12,ROUTE_EXISTS,,66957,3453,3420
370,12,ROUTE_EXISTS,,56658,3038,3017
397,12,ROUTE_EXISTS,,59466,3538,3538
379,12,ROUTE_EXISTS,,61541,3165,3142
351,12,ROUTE_EXISTS,,33261,2025,2010
389,12,ROUTE_EXISTS,,65571,3749,3683
347,12,ROUTE_EXISTS,,35298,2217,2191
348,12,ROUTE_EXISTS,,35111,2182,2153
384,12,ROUTE_EXISTS,,64641,3392,3379
322,12,ROUTE_EXISTS,,64364,3987,4016
345,12,ROUTE_EXISTS,,32269,1957,1937
361,12,ROUTE_EXISTS,,57779,2888,2874
395,12,ROUTE_EXISTS,,71162,4233,4233
373,12,ROUTE_EXISTS,,49010,3147,3095
349,12,ROUTE_EXISTS,,34348,2034,2009
355,12,ROUTE_EXISTS,,43894,2725,2691
310,12,ROUTE_EXISTS,,61162,3762,3791
388,12,ROUTE_EXISTS,,64283,3471,3447
301,12,ROUTE_EXISTS,,67766,4284,4318
321,12,ROUTE_EXISTS,,63238,3878,3909
366,12,ROUTE_EXISTS,,57520,3012,2991
311,12,ROUTE_EXISTS,,61353,3820,3847
344,12,ROUTE_EXISTS,,30168,1816,1801
381,12,ROUTE_EXISTS,,62631,3187,3168
314,12,ROUTE_EXISTS,,59334,3667,3697
358,12,ROUTE_EXISTS,,41307,2526,2512
343,12,ROUTE_EXISTS,,29205,1761,1745
320,12,ROUTE_EXISTS,,62814,3896,3925
393,12,ROUTE_EXISTS,,84761,4908,4824
303,12,ROUTE_EXISTS,,62140,3861,3890
309,12,ROUTE_EXISTS,,60434,3716,3746
362,12,ROUTE_EXISTS,,85217,4565,4541
312,12,ROUTE_EXISTS,,60892,3728,3763
308,12,ROUTE_EXISTS,,60451,3712,3741
367,12,ROUTE_EXISTS,,55445,3218,3189
394,12,ROUTE_EXISTS,,84037,4919,4835
323,12,ROUTE_EXISTS,,81031,5730,5750
378,12,ROUTE_EXISTS,,63377,3319,3296
383,12,ROUTE_EXISTS,,65114,3546,3499
385,12,ROUTE_EXISTS,,64048,3480,3456
317,12,ROUTE_EXISTS,,58165,3522,3548
335,12,ROUTE_EXISTS,,16158,1150,1137
337,12,ROUTE_EXISTS,,31717,2092,2092
382,12,ROUTE_EXISTS,,64646,3447,3428
305,12,ROUTE_EXISTS,,61153,3781,3808
398,12,ROUTE_EXISTS,,58677,3472,3421
387,12,ROUTE_EXISTS,,63022,3257,3234
333,12,ROUTE_EXISTS,,17502,1456,1446
334,12,ROUTE_EXISTS,,24258,1976,1976
342,12,ROUTE_EXISTS,,29279,1785,1769
346,12,ROUTE_EXISTS,,30648,1830,1813
365,12,ROUTE_EXISTS,,58077,2906,2871
336,12,ROUTE_EXISTS,,24101,1508,1495
306,12,ROUTE_EXISTS,,60991,3738,3762
316,12,ROUTE_EXISTS,,58865,3576,3604
399,12,ROUTE_EXISTS,,68842,4252,4252
329,12,ROUTE_EXISTS,,15152,1233,1232
376,12,ROUTE_EXISTS,,69076,5372,5317
324,12,ROUTE_EXISTS,,52257,3154,3175
304,12,ROUTE_EXISTS,,61402,3806,3830
392,12,ROUTE_EXISTS,,82243,4921,4838
415,12,ROUTE_EXISTS,,36917,2410,2406
427,12,ROUTE_EXISTS,,25023,1515,1511
424,12,ROUTE_EXISTS,,29514,1816,1812
404,12,ROUTE_EXISTS,,43496,2575,2542
439,12,ROUTE_EXISTS,,49605,2855,2865
497,12,ROUTE_EXISTS,,138994,7878,7800
471,12,ROUTE_EXISTS,,79203,4460,4452
490,12,ROUTE_EXISTS,,119571,7057,7044
440,12,ROUTE_EXISTS,,49170,2778,2776
454,12,ROUTE_EXISTS,,41642,2674,2699
457,12,ROUTE_EXISTS,,48027,2721,2717
467,12,ROUTE_EXISTS,,62802,3528,3522
487,12,ROUTE_EXISTS,,101048,5942,5968
495,12,ROUTE_EXISTS,,167814,10065,9916
418,12,ROUTE_EXISTS,,41067,2411,2405
428,12,ROUTE_EXISTS,,22527,1344,1342
421,12,ROUTE_EXISTS,,40225,2384,2384
452,12,ROUTE_EXISTS,,40510,2523,2543
448,12,ROUTE_EXISTS,,51644,2998,3008
426,12,ROUTE_EXISTS,,27978,1677,1670
416,12,ROUTE_EXISTS,,38937,2336,2342
422,12,ROUTE_EXISTS,,28932,1704,1697
450,12,ROUTE_EXISTS,,49143,3049,3074
414,12,ROUTE_EXISTS,,41908,2495,2499
459,12,ROUTE_EXISTS,,37733,2059,2056
402,12,ROUTE_EXISTS,,58352,3467,3409
455,12,ROUTE_EXISTS,,41690,2633,2659
458,12,ROUTE_EXISTS,,42892,2465,2459
413,12,ROUTE_EXISTS,,44791,2554,2566
405,12,ROUTE_EXISTS,,37822,2169,2144
408,12,ROUTE_EXISTS,,55064,3384,3345
412,12,ROUTE_EXISTS,,47499,2822,2822
423,12,ROUTE_EXISTS,,31804,1839,1837
449,12,ROUTE_EXISTS,,52090,3018,3019
441,12,ROUTE_EXISTS,,50166,2884,2886
420,12,ROUTE_EXISTS,,38581,2234,2234
438,12,ROUTE_EXISTS,,48083,2730,2727
470,12,ROUTE_EXISTS,,82738,4575,4568
411,12,ROUTE_EXISTS,,46786,2804,2796
432,12,ROUTE_EXISTS,,59677,3383,3377
406,12,ROUTE_EXISTS,,33022,2294,2278
410,12,ROUTE_EXISTS,,68254,3490,3482
429,12,ROUTE_EXISTS,,19503,1149,1146
425,12,ROUTE_EXISTS,,29026,1743,1733
456,12,ROUTE_EXISTS,,50265,2911,2909
433,12,ROUTE_EXISTS,,55188,3160,3157
468,12,ROUTE_EXISTS,,71014,4094,4083
460,12,ROUTE_EXISTS,,42519,2424,2419
462,12,ROUTE_EXISTS,,45680,2567,2561
407,12,ROUTE_EXISTS,,49627,2842,2803
403,12,ROUTE_EXISTS,,49100,2826,2781
485,12,ROUTE_EXISTS,,103827,6412,6405
437,12,ROUTE_EXISTS,,60848,3524,3523
436,12,ROUTE_EXISTS,,53531,3100,3103
409,12,ROUTE_EXISTS,,58609,3391,3351
481,12,ROUTE_EXISTS,,86814,5303,5343
435,12,ROUTE_EXISTS,,55619,3562,3558
488,12,ROUTE_EXISTS,,109690,6794,6788
478,12,ROUTE_EXISTS,,106790,6076,6036
417,12,ROUTE_EXISTS,,40165,2358,2364
465,12,ROUTE_EXISTS,,80083,4511,4508
486,12,ROUTE_EXISTS,,109170,6628,6621
476,12,ROUTE_EXISTS,,97874,5458,5441
431,12,ROUTE_EXISTS,,52599,2964,2967
473,12,ROUTE_EXISTS,,94849,5371,5362
479,12,ROUTE_EXISTS,,95759,5198,5222
477,12,ROUTE_EXISTS,,103240,5819,5792
498,12,ROUTE_EXISTS,,134908,7692,7631
464,12,ROUTE_EXISTS,,78974,4387,4375
491,12,ROUTE_EXISTS,,138193,7860,7762
484,12,ROUTE_EXISTS,,97762,5847,5879
483,12,ROUTE_EXISTS,,78787,4690,4734
480,12,ROUTE_EXISTS,,92383,5040,5065
500,12,ROUTE_EXISTS,,124142,6972,6942
474,12,ROUTE_EXISTS,,96998,5415,5404
492,12,ROUTE_EXISTS,,134920,8069,8038
493,12,ROUTE_EXISTS,,147929,8450,8348
442,12,ROUTE_EXISTS,,48664,2792,2787
475,12,ROUTE_EXISTS,,107672,6472,6420
494,12,ROUTE_EXISTS,,155886,8824,8716
472,12,ROUTE_EXISTS,,87841,4810,4801
453,12,ROUTE_EXISTS,,37331,2365,2389
445,12,ROUTE_EXISTS,,50515,2942,2933
461,12,ROUTE_EXISTS,,44045,2500,2495
443,12,ROUTE_EXISTS,,50115,2862,2853
444,12,ROUTE_EXISTS,,50645,2939,2929
419,12,ROUTE_EXISTS,,39825,2372,2369
430,12,ROUTE_EXISTS,,57882,3258,3255
463,12,ROUTE_EXISTS,,43723,2458,2453
434,12,ROUTE_EXISTS,,52897,3070,3069
482,12,ROUTE_EXISTS,,82054,4980,5028
466,12,ROUTE_EXISTS,,74826,4065,4055
499,12,ROUTE_EXISTS,,131449,7418,7376
489,12,ROUTE_EXISTS,,108862,6418,6419
401,12,ROUTE_EXISTS,,53469,3084,3033
451,12,ROUTE_EXISTS,,44716,2787,2813
447,12,ROUTE_EXISTS,,50868,2889,2892
469,12,ROUTE_EXISTS,,74353,4407,4407
446,12,ROUTE_EXISTS,,45835,2629,2625
496,12,ROUTE_EXISTS,,132547,7457,7411
574,12,ROUTE_EXISTS,,130388,7102,6947
564,12,ROUTE_EXISTS,,119407,6575,6481
590,12,ROUTE_EXISTS,,11290,1084,1082
591,12,ROUTE_EXISTS,,2608,331,331
582,12,ROUTE_EXISTS,,126583,6917,6816
561,12,ROUTE_EXISTS,,111213,5911,5863
567,12,ROUTE_EXISTS,,135828,7902,7784
569,12,ROUTE_EXISTS,,134274,7948,7817
531,12,ROUTE_EXISTS,,95893,5276,5245
540,12,ROUTE_EXISTS,,94063,5424,5308
545,12,ROUTE_EXISTS,,152439,9159,8965
509,12,ROUTE_EXISTS,,133773,7653,7587
583,12,ROUTE_EXISTS,,137201,7534,7404
597,12,ROUTE_EXISTS,,20664,1576,1576
501,12,ROUTE_EXISTS,,124441,6964,6937
542,12,ROUTE_EXISTS,,96408,5523,5402
600,12,ROUTE_EXISTS,,17206,1867,1867
593,12,ROUTE_EXISTS,,1556,199,198
541,12,ROUTE_EXISTS,,89135,5040,4916
592,12,ROUTE_EXISTS,,3952,510,515
595,12,ROUTE_EXISTS,,6961,603,606
568,12,ROUTE_EXISTS,,137890,8025,7902
563,12,ROUTE_EXISTS,,113696,6128,6063
526,12,ROUTE_EXISTS,,102939,5888,5791
565,12,ROUTE_EXISTS,,123420,6966,6852
536,12,ROUTE_EXISTS,,103640,6291,6198
596,12,ROUTE_EXISTS,,5786,468,471
520,12,ROUTE_EXISTS,,104313,6128,6050
527,12,ROUTE_EXISTS,,95290,5109,5103
525,12,ROUTE_EXISTS,,94985,5397,5357
550,12,ROUTE_EXISTS,,141261,8505,8309
552,12,ROUTE_EXISTS,,147295,8747,8614
511,12,ROUTE_EXISTS,,134690,7736,7667
529,12,ROUTE_EXISTS,,91859,5089,5086
544,12,ROUTE_EXISTS,,101787,5336,5289
534,12,ROUTE_EXISTS,,98942,5513,5466
571,12,ROUTE_EXISTS,,127269,6854,6714
524,12,ROUTE_EXISTS,,99218,5654,5604
538,12,ROUTE_EXISTS,,112155,6254,6131
577,12,ROUTE_EXISTS,,152197,8235,8032
503,12,ROUTE_EXISTS,,128069,7150,7127
504,12,ROUTE_EXISTS,,129190,7226,7199
532,12,ROUTE_EXISTS,,95753,5230,5200
533,12,ROUTE_EXISTS,,85486,4658,4653
588,12,ROUTE_EXISTS,,162673,9229,9017
560,12,ROUTE_EXISTS,,130440,7406,7246
512,12,ROUTE_EXISTS,,135933,7845,7774
573,12,ROUTE_EXISTS,,139950,7823,7630
502,12,ROUTE_EXISTS,,121052,6825,6800
555,12,ROUTE_EXISTS,,148084,8243,8045
572,12,ROUTE_EXISTS,,126798,6822,6688
537,12,ROUTE_EXISTS,,109535,6283,6209
505,12,ROUTE_EXISTS,,130678,7338,7306
576,12,ROUTE_EXISTS,,143939,7980,7785
580,12,ROUTE_EXISTS,,179380,9694,9426
517,12,ROUTE_EXISTS,,124148,8064,8032
549,12,ROUTE_EXISTS,,139719,8431,8243
535,12,ROUTE_EXISTS,,95425,5674,5599
543,12,ROUTE_EXISTS,,99211,5655,5528
506,12,ROUTE_EXISTS,,131862,7434,7399
548,12,ROUTE_EXISTS,,134156,8088,7882
530,12,ROUTE_EXISTS,,89210,4892,4890
581,12,ROUTE_EXISTS,,119992,6495,6424
518,12,ROUTE_EXISTS,,160838,8929,8759
514,12,ROUTE_EXISTS,,134977,7733,7669
553,12,ROUTE_EXISTS,,138004,8206,8083
575,12,ROUTE_EXISTS,,137051,7418,7257
508,12,ROUTE_EXISTS,,133108,7541,7497
586,12,ROUTE_EXISTS,,140926,7777,7628
516,12,ROUTE_EXISTS,,140303,8087,8022
558,12,ROUTE_EXISTS,,131472,7537,7414
566,12,ROUTE_EXISTS,,129293,7758,7638
579,12,ROUTE_EXISTS,,165253,8922,8702
585,12,ROUTE_EXISTS,,142707,7942,7737
519,12,ROUTE_EXISTS,,146165,8505,8410
515,12,ROUTE_EXISTS,,138151,7997,7933
562,12,ROUTE_EXISTS,,107714,5742,5717
547,12,ROUTE_EXISTS,,114471,6723,6582
513,12,ROUTE_EXISTS,,131389,7407,7374
556,12,ROUTE_EXISTS,,141161,8201,8058
594,12,ROUTE_EXISTS,,7620,696,699
598,12,ROUTE_EXISTS,,4565,526,525
557,12,ROUTE_EXISTS,,143504,7925,7736
539,12,ROUTE_EXISTS,,113592,6714,6586
570,12,ROUTE_EXISTS,,135784,7399,7243
551,12,ROUTE_EXISTS,,143814,8495,8373
521,12,ROUTE_EXISTS,,106430,6175,6098
584,12,ROUTE_EXISTS,,164110,8952,8952
587,12,ROUTE_EXISTS,,146346,8109,7951
546,12,ROUTE_EXISTS,,160382,9680,9487
510,12,ROUTE_EXISTS,,134774,7737,7668
589,12,ROUTE_EXISTS,,10978,1090,1089
599,12,ROUTE_EXISTS,,4672,544,539
522,12,ROUTE_EXISTS,,124087,7617,7411
507,12,ROUTE_EXISTS,,132609,7474,7439
559,12,ROUTE_EXISTS,,129806,7366,7250
528,12,ROUTE_EXISTS,,99472,5467,5446
554,12,ROUTE_EXISTS,,131701,7823,7710
523,12,ROUTE_EXISTS,,115323,6727,6622
578,12,ROUTE_EXISTS,,163231,8787,8575
611,12,ROUTE_NOT_FOUND,,,,
612,12,ROUTE_NOT_FOUND,,,,
610,12,ROUTE_NOT_FOUND,,,,
608,12,ROUTE_NOT_FOUND,,,,
609,12,ROUTE_NOT_FOUND,,,,
601,12,ROUTE_EXISTS,,123264.0,8569.0,8531.0
602,12,ROUTE_EXISTS,,109255.0,6548.0,6502.0
606,12,ROUTE_EXISTS,,156437.0,9119.0,8944.0
604,12,ROUTE_EXISTS,,192061.0,12961.0,12961.0
603,12,ROUTE_EXISTS,,170312.0,10725.0,10725.0
607,12,ROUTE_EXISTS,,159277.0,10113.0,9912.0
605,12,ROUTE_EXISTS,,152659.0,9558.0,9430.0
37,13,ROUTE_EXISTS,,146964,8470,8368
64,13,ROUTE_EXISTS,,140931,8476,8324
87,13,ROUTE_EXISTS,,144330,8794,8636
14,13,ROUTE_EXISTS,,165542,9722,9569
21,13,ROUTE_EXISTS,,152651,8659,8553
97,13,ROUTE_EXISTS,,139834,8371,8216
75,13,ROUTE_EXISTS,,140995,8540,8401
79,13,ROUTE_EXISTS,,141938,8560,8416
86,13,ROUTE_EXISTS,,143541,8685,8533
90,13,ROUTE_EXISTS,,143116,8732,8576
63,13,ROUTE_EXISTS,,140135,8386,8228
44,13,ROUTE_EXISTS,,141712,8497,8342
82,13,ROUTE_EXISTS,,142527,8660,8501
13,13,ROUTE_EXISTS,,159879,9173,9023
12,13,ROUTE_EXISTS,,156884,8881,8758
71,13,ROUTE_EXISTS,,140117,8402,8246
29,13,ROUTE_EXISTS,,152613,8768,8633
41,13,ROUTE_EXISTS,,148045,8499,8403
73,13,ROUTE_EXISTS,,141139,8507,8351
93,13,ROUTE_EXISTS,,144029,8924,8752
24,13,ROUTE_EXISTS,,152282,8704,8571
76,13,ROUTE_EXISTS,,141565,8509,8353
38,13,ROUTE_EXISTS,,147121,8481,8378
68,13,ROUTE_EXISTS,,139198,8286,8119
70,13,ROUTE_EXISTS,,139794,8344,8178
31,13,ROUTE_EXISTS,,151258,8620,8488
94,13,ROUTE_EXISTS,,140430,8430,8276
34,13,ROUTE_EXISTS,,149895,8486,8353
59,13,ROUTE_EXISTS,,144506,8773,8611
95,13,ROUTE_EXISTS,,141018,8485,8333
100,13,ROUTE_EXISTS,,138704,8266,8103
36,13,ROUTE_EXISTS,,148910,8538,8435
30,13,ROUTE_EXISTS,,151139,8623,8491
18,13,ROUTE_EXISTS,,143367,8593,8443
62,13,ROUTE_EXISTS,,154194,8776,8669
33,13,ROUTE_EXISTS,,151046,8604,8471
84,13,ROUTE_EXISTS,,143396,8663,8517
69,13,ROUTE_EXISTS,,139853,8385,8226
83,13,ROUTE_EXISTS,,142731,8709,8569
11,13,ROUTE_EXISTS,,153572,8714,8610
48,13,ROUTE_EXISTS,,142697,8580,8431
99,13,ROUTE_EXISTS,,138971,8294,8130
23,13,ROUTE_EXISTS,,152816,8764,8629
39,13,ROUTE_EXISTS,,146792,8421,8318
53,13,ROUTE_EXISTS,,142736,8654,8498
43,13,ROUTE_EXISTS,,141330,8503,8348
77,13,ROUTE_EXISTS,,141220,8472,8332
88,13,ROUTE_EXISTS,,142021,8590,8455
32,13,ROUTE_EXISTS,,151906,8690,8558
74,13,ROUTE_EXISTS,,141172,8494,8355
78,13,ROUTE_EXISTS,,142884,8616,8461
2,13,ROUTE_EXISTS,,166546,9551,9396
17,13,ROUTE_EXISTS,,152945,8792,8681
45,13,ROUTE_EXISTS,,142362,8536,8381
51,13,ROUTE_EXISTS,,142125,8540,8389
8,13,ROUTE_EXISTS,,144431,8759,8601
27,13,ROUTE_EXISTS,,152154,8695,8563
85,13,ROUTE_EXISTS,,144060,8757,8600
9,13,ROUTE_EXISTS,,144398,8799,8632
50,13,ROUTE_EXISTS,,142753,8601,8449
25,13,ROUTE_EXISTS,,152439,8747,8613
20,13,ROUTE_EXISTS,,152677,8621,8518
1,13,ROUTE_EXISTS,,158149,8928,8800
15,13,ROUTE_EXISTS,,148910,10014,9870
65,13,ROUTE_EXISTS,,141111,8492,8334
67,13,ROUTE_EXISTS,,141733,8497,8339
47,13,ROUTE_EXISTS,,142907,8608,8456
10,13,ROUTE_EXISTS,,144190,8714,8562
61,13,ROUTE_EXISTS,,153991,8754,8647
49,13,ROUTE_EXISTS,,142886,8576,8428
5,13,ROUTE_EXISTS,,163821,9257,9124
89,13,ROUTE_EXISTS,,142942,8692,8537
22,13,ROUTE_EXISTS,,153578,8717,8613
4,13,ROUTE_EXISTS,,161310,9224,9106
26,13,ROUTE_EXISTS,,153019,8805,8667
92,13,ROUTE_EXISTS,,142751,8657,8498
91,13,ROUTE_EXISTS,,142627,8631,8474
72,13,ROUTE_EXISTS,,139773,8372,8214
19,13,ROUTE_EXISTS,,153280,8703,8600
3,13,ROUTE_EXISTS,,167412,9644,9476
81,13,ROUTE_EXISTS,,142509,8658,8508
46,13,ROUTE_EXISTS,,142120,8520,8366
54,13,ROUTE_EXISTS,,143543,8700,8548
28,13,ROUTE_EXISTS,,151630,8679,8547
56,13,ROUTE_EXISTS,,144204,8745,8587
55,13,ROUTE_EXISTS,,143605,8696,8543
60,13,ROUTE_EXISTS,,154133,8767,8660
42,13,ROUTE_EXISTS,,147627,8406,8314
7,13,ROUTE_EXISTS,,143757,8725,8563
57,13,ROUTE_EXISTS,,144326,8759,8598
35,13,ROUTE_EXISTS,,151013,8645,8512
52,13,ROUTE_EXISTS,,142974,8657,8500
66,13,ROUTE_EXISTS,,140678,8489,8334
80,13,ROUTE_EXISTS,,141893,8619,8469
98,13,ROUTE_EXISTS,,140267,8473,8293
96,13,ROUTE_EXISTS,,141390,8498,8344
16,13,ROUTE_EXISTS,,149402,8487,8385
40,13,ROUTE_EXISTS,,147182,8510,8403
6,13,ROUTE_EXISTS,,144586,8845,8663
58,13,ROUTE_EXISTS,,144668,8794,8631
190,13,ROUTE_EXISTS,,140995,8495,8340
111,13,ROUTE_EXISTS,,144569,8786,8636
186,13,ROUTE_EXISTS,,140968,8427,8273
173,13,ROUTE_EXISTS,,141023,8456,8303
134,13,ROUTE_EXISTS,,145410,8861,8687
153,13,ROUTE_EXISTS,,141946,8449,8291
191,13,ROUTE_EXISTS,,132527,7824,7691
144,13,ROUTE_EXISTS,,141095,8395,8243
167,13,ROUTE_EXISTS,,142837,8607,8463
112,13,ROUTE_EXISTS,,144819,8837,8671
165,13,ROUTE_EXISTS,,141012,8407,8255
116,13,ROUTE_EXISTS,,143955,8747,8598
110,13,ROUTE_EXISTS,,144301,8760,8611
109,13,ROUTE_EXISTS,,144239,8723,8577
141,13,ROUTE_EXISTS,,142767,8612,8456
195,13,ROUTE_EXISTS,,140266,8270,8109
146,13,ROUTE_EXISTS,,142482,8589,8440
176,13,ROUTE_EXISTS,,141263,8494,8341
152,13,ROUTE_EXISTS,,141650,8469,8314
199,13,ROUTE_EXISTS,,141673,8521,8370
101,13,ROUTE_EXISTS,,139426,8409,8256
174,13,ROUTE_EXISTS,,140955,8438,8281
118,13,ROUTE_EXISTS,,144240,8722,8571
117,13,ROUTE_EXISTS,,144385,8747,8596
108,13,ROUTE_EXISTS,,144315,8760,8611
188,13,ROUTE_EXISTS,,140228,8368,8211
129,13,ROUTE_EXISTS,,145087,8874,8705
124,13,ROUTE_EXISTS,,142967,8565,8420
159,13,ROUTE_EXISTS,,142165,8574,8434
178,13,ROUTE_EXISTS,,140310,8398,8242
139,13,ROUTE_EXISTS,,142794,8554,8409
133,13,ROUTE_EXISTS,,145851,8938,8771
194,13,ROUTE_EXISTS,,128398,7705,7578
142,13,ROUTE_EXISTS,,143208,8553,8404
189,13,ROUTE_EXISTS,,133710,7885,7750
184,13,ROUTE_EXISTS,,141754,8500,8345
192,13,ROUTE_EXISTS,,129458,7633,7503
181,13,ROUTE_EXISTS,,141359,8517,8363
126,13,ROUTE_EXISTS,,143468,8663,8520
145,13,ROUTE_EXISTS,,141898,8506,8349
162,13,ROUTE_EXISTS,,143714,8685,8535
149,13,ROUTE_EXISTS,,143171,8626,8469
158,13,ROUTE_EXISTS,,142815,8559,8409
183,13,ROUTE_EXISTS,,141159,8456,8302
170,13,ROUTE_EXISTS,,142482,8624,8478
132,13,ROUTE_EXISTS,,145953,8933,8758
197,13,ROUTE_EXISTS,,144027,8732,8435
179,13,ROUTE_EXISTS,,141002,8454,8299
137,13,ROUTE_EXISTS,,141910,8516,8357
130,13,ROUTE_EXISTS,,144188,8728,8576
175,13,ROUTE_EXISTS,,141366,8536,8381
114,13,ROUTE_EXISTS,,145026,8834,8668
131,13,ROUTE_EXISTS,,145648,8969,8801
163,13,ROUTE_EXISTS,,140896,8464,8315
113,13,ROUTE_EXISTS,,144525,8786,8636
198,13,ROUTE_EXISTS,,138984,8407,8118
182,13,ROUTE_EXISTS,,141672,8514,8359
185,13,ROUTE_EXISTS,,141459,8459,8305
155,13,ROUTE_EXISTS,,140213,8433,8279
160,13,ROUTE_EXISTS,,143115,8659,8506
107,13,ROUTE_EXISTS,,143582,8599,8451
196,13,ROUTE_EXISTS,,142056,8515,8219
172,13,ROUTE_EXISTS,,141190,8526,8372
122,13,ROUTE_EXISTS,,144056,8665,8520
156,13,ROUTE_EXISTS,,141527,8487,8336
123,13,ROUTE_EXISTS,,143070,8560,8415
106,13,ROUTE_EXISTS,,144024,8715,8571
151,13,ROUTE_EXISTS,,142422,8514,8359
166,13,ROUTE_EXISTS,,141486,8465,8314
120,13,ROUTE_EXISTS,,143351,8654,8500
136,13,ROUTE_EXISTS,,142029,8556,8408
164,13,ROUTE_EXISTS,,141098,8453,8301
143,13,ROUTE_EXISTS,,143298,8669,8527
200,13,ROUTE_EXISTS,,142040,8503,8350
150,13,ROUTE_EXISTS,,142338,8519,8364
121,13,ROUTE_EXISTS,,143965,8688,8540
140,13,ROUTE_EXISTS,,142620,8556,8414
125,13,ROUTE_EXISTS,,143625,8721,8572
177,13,ROUTE_EXISTS,,140485,8415,8261
161,13,ROUTE_EXISTS,,143709,8651,8492
104,13,ROUTE_EXISTS,,143938,8687,8537
115,13,ROUTE_EXISTS,,143278,8639,8486
154,13,ROUTE_EXISTS,,140303,8322,8153
171,13,ROUTE_EXISTS,,142511,8568,8426
128,13,ROUTE_EXISTS,,144663,8819,8649
193,13,ROUTE_EXISTS,,122976,7283,7170
157,13,ROUTE_EXISTS,,142230,8573,8428
187,13,ROUTE_EXISTS,,141371,8486,8332
147,13,ROUTE_EXISTS,,142262,8547,8402
148,13,ROUTE_EXISTS,,142234,8532,8387
180,13,ROUTE_EXISTS,,140520,8418,8262
119,13,ROUTE_EXISTS,,144708,8845,8675
102,13,ROUTE_EXISTS,,137935,8214,8050
135,13,ROUTE_EXISTS,,145867,8778,8627
127,13,ROUTE_EXISTS,,144731,8782,8632
105,13,ROUTE_EXISTS,,143665,8634,8480
169,13,ROUTE_EXISTS,,142152,8555,8417
103,13,ROUTE_EXISTS,,137566,8212,8049
138,13,ROUTE_EXISTS,,142228,8565,8418
168,13,ROUTE_EXISTS,,142050,8556,8415
271,13,ROUTE_EXISTS,,145155,8865,8698
214,13,ROUTE_EXISTS,,145245,8749,8598
285,13,ROUTE_EXISTS,,115248,6842,6735
201,13,ROUTE_EXISTS,,142417,8514,8363
259,13,ROUTE_EXISTS,,148589,9012,8852
284,13,ROUTE_EXISTS,,111624,6811,6703
283,13,ROUTE_EXISTS,,109627,6502,6414
272,13,ROUTE_EXISTS,,145380,8862,8690
287,13,ROUTE_EXISTS,,115260,6859,6749
250,13,ROUTE_EXISTS,,147912,9061,8897
217,13,ROUTE_EXISTS,,143792,8684,8537
296,13,ROUTE_EXISTS,,125020,7507,7370
233,13,ROUTE_EXISTS,,145010,8764,8605
209,13,ROUTE_EXISTS,,146679,8800,8634
221,13,ROUTE_EXISTS,,144910,8773,8620
248,13,ROUTE_EXISTS,,164906,10631,10311
251,13,ROUTE_EXISTS,,146424,8997,8835
267,13,ROUTE_EXISTS,,146180,9028,8863
294,13,ROUTE_EXISTS,,123276,7410,7288
266,13,ROUTE_EXISTS,,149881,9180,9017
223,13,ROUTE_EXISTS,,143947,8655,8508
227,13,ROUTE_EXISTS,,144935,8685,8536
279,13,ROUTE_EXISTS,,115435,6762,6653
216,13,ROUTE_EXISTS,,144578,8711,8561
257,13,ROUTE_EXISTS,,145659,8968,8799
300,13,ROUTE_EXISTS,,125390,7520,7373
258,13,ROUTE_EXISTS,,146108,9005,8839
278,13,ROUTE_EXISTS,,118162,6980,6867
203,13,ROUTE_EXISTS,,143069,8589,8447
269,13,ROUTE_EXISTS,,145115,8763,8608
281,13,ROUTE_EXISTS,,124227,7313,7171
290,13,ROUTE_EXISTS,,119001,7024,6918
254,13,ROUTE_EXISTS,,151174,9424,9152
228,13,ROUTE_EXISTS,,145501,8761,8605
293,13,ROUTE_EXISTS,,119914,7238,7116
211,13,ROUTE_EXISTS,,148527,9010,8835
240,13,ROUTE_EXISTS,,147333,9036,8877
238,13,ROUTE_EXISTS,,144514,8774,8620
212,13,ROUTE_EXISTS,,148462,8935,8758
242,13,ROUTE_EXISTS,,146690,8954,8784
295,13,ROUTE_EXISTS,,128054,7769,7612
234,13,ROUTE_EXISTS,,145962,8820,8646
263,13,ROUTE_EXISTS,,144874,8835,8665
297,13,ROUTE_EXISTS,,124254,7409,7281
288,13,ROUTE_EXISTS,,116513,6914,6806
275,13,ROUTE_EXISTS,,134053,7675,7522
280,13,ROUTE_EXISTS,,129405,7685,7486
225,13,ROUTE_EXISTS,,144745,8793,8637
232,13,ROUTE_EXISTS,,145289,8836,8660
252,13,ROUTE_EXISTS,,151749,9350,9178
218,13,ROUTE_EXISTS,,143266,8574,8428
210,13,ROUTE_EXISTS,,147295,8871,8693
299,13,ROUTE_EXISTS,,125331,7568,7416
292,13,ROUTE_EXISTS,,121866,7290,7170
202,13,ROUTE_EXISTS,,143129,8578,8435
213,13,ROUTE_EXISTS,,144473,8682,8531
262,13,ROUTE_EXISTS,,144470,8691,8543
207,13,ROUTE_EXISTS,,145322,8664,8517
277,13,ROUTE_EXISTS,,119744,7176,7050
206,13,ROUTE_EXISTS,,144238,8729,8583
222,13,ROUTE_EXISTS,,145043,8727,8576
219,13,ROUTE_EXISTS,,142783,8551,8407
289,13,ROUTE_EXISTS,,117426,6954,6846
204,13,ROUTE_EXISTS,,141734,8420,8266
215,13,ROUTE_EXISTS,,144490,8685,8534
260,13,ROUTE_EXISTS,,146148,9011,8847
208,13,ROUTE_EXISTS,,146039,8834,8659
273,13,ROUTE_EXISTS,,146101,8965,8794
282,13,ROUTE_EXISTS,,135207,8034,7829
247,13,ROUTE_EXISTS,,148481,9176,8888
246,13,ROUTE_EXISTS,,130985,8011,7799
226,13,ROUTE_EXISTS,,145348,8770,8616
249,13,ROUTE_EXISTS,,146240,9028,8867
245,13,ROUTE_EXISTS,,150856,9219,9037
205,13,ROUTE_EXISTS,,144899,8664,8517
255,13,ROUTE_EXISTS,,145221,8879,8717
244,13,ROUTE_EXISTS,,143003,8674,8400
243,13,ROUTE_EXISTS,,146755,8875,8701
298,13,ROUTE_EXISTS,,124360,7411,7282
286,13,ROUTE_EXISTS,,114348,6820,6715
265,13,ROUTE_EXISTS,,148451,9194,9027
268,13,ROUTE_EXISTS,,145289,8925,8755
220,13,ROUTE_EXISTS,,143435,8657,8503
276,13,ROUTE_EXISTS,,121961,7172,7045
274,13,ROUTE_EXISTS,,146797,8954,8782
229,13,ROUTE_EXISTS,,145835,8763,8605
291,13,ROUTE_EXISTS,,119571,7057,6951
236,13,ROUTE_EXISTS,,144643,8779,8622
241,13,ROUTE_EXISTS,,148376,9035,8859
256,13,ROUTE_EXISTS,,145976,9006,8839
253,13,ROUTE_EXISTS,,149902,9187,9026
230,13,ROUTE_EXISTS,,146244,8843,8666
261,13,ROUTE_EXISTS,,145587,8890,8724
235,13,ROUTE_EXISTS,,145104,8733,8582
239,13,ROUTE_EXISTS,,145256,8858,8690
237,13,ROUTE_EXISTS,,144069,8645,8492
224,13,ROUTE_EXISTS,,143773,8653,8494
270,13,ROUTE_EXISTS,,144889,8759,8608
231,13,ROUTE_EXISTS,,146249,8837,8658
264,13,ROUTE_EXISTS,,146904,8899,8735
389,13,ROUTE_EXISTS,,76534,4671,4638
399,13,ROUTE_EXISTS,,104074,6758,6623
382,13,ROUTE_EXISTS,,125533,7737,7645
362,13,ROUTE_EXISTS,,132888,8365,8262
340,13,ROUTE_EXISTS,,147182,8364,8268
393,13,ROUTE_EXISTS,,64444,3984,3932
370,13,ROUTE_EXISTS,,122633,7506,7425
347,13,ROUTE_EXISTS,,151998,8786,8676
329,13,ROUTE_EXISTS,,155531,9500,9338
313,13,ROUTE_EXISTS,,124459,7520,7385
372,13,ROUTE_EXISTS,,124309,7645,7546
306,13,ROUTE_EXISTS,,125993,7562,7417
305,13,ROUTE_EXISTS,,126156,7611,7463
333,13,ROUTE_EXISTS,,157880,9722,9553
381,13,ROUTE_EXISTS,,123519,7472,7384
385,13,ROUTE_EXISTS,,124936,7770,7672
307,13,ROUTE_EXISTS,,125687,7564,7422
388,13,ROUTE_EXISTS,,125170,7761,7663
311,13,ROUTE_EXISTS,,126355,7654,7502
310,13,ROUTE_EXISTS,,126164,7589,7446
326,13,ROUTE_EXISTS,,169169,10589,10436
344,13,ROUTE_EXISTS,,146868,8378,8286
379,13,ROUTE_EXISTS,,122429,7449,7358
373,13,ROUTE_EXISTS,,129084,8025,7918
392,13,ROUTE_EXISTS,,69808,4449,4389
383,13,ROUTE_EXISTS,,126001,7836,7715
367,13,ROUTE_EXISTS,,122613,7544,7446
335,13,ROUTE_EXISTS,,134866,8078,7927
350,13,ROUTE_EXISTS,,151926,8695,8586
400,13,ROUTE_EXISTS,,89874,5565,5507
357,13,ROUTE_EXISTS,,140846,8460,8360
341,13,ROUTE_EXISTS,,145932,8366,8271
394,13,ROUTE_EXISTS,,72321,4500,4440
356,13,ROUTE_EXISTS,,135161,7847,7778
365,13,ROUTE_EXISTS,,115222,6926,6856
337,13,ROUTE_EXISTS,,152839,8926,8795
368,13,ROUTE_EXISTS,,121009,7446,7353
343,13,ROUTE_EXISTS,,145905,8325,8230
364,13,ROUTE_EXISTS,,134979,8178,8087
354,13,ROUTE_EXISTS,,135004,7853,7784
308,13,ROUTE_EXISTS,,125452,7531,7396
360,13,ROUTE_EXISTS,,124102,7491,7405
349,13,ROUTE_EXISTS,,151048,8603,8494
386,13,ROUTE_EXISTS,,124393,7663,7566
353,13,ROUTE_EXISTS,,141266,8435,8348
322,13,ROUTE_EXISTS,,129366,7824,7671
339,13,ROUTE_EXISTS,,144737,8275,8180
366,13,ROUTE_EXISTS,,118205,7256,7174
318,13,ROUTE_EXISTS,,126052,7594,7454
377,13,ROUTE_EXISTS,,128017,8105,7994
355,13,ROUTE_EXISTS,,138571,8243,8154
338,13,ROUTE_EXISTS,,146806,8340,8242
332,13,ROUTE_EXISTS,,159812,9844,9692
328,13,ROUTE_EXISTS,,156104,9561,9396
317,13,ROUTE_EXISTS,,126211,7598,7457
334,13,ROUTE_EXISTS,,164636,10225,10083
397,13,ROUTE_EXISTS,,102829,6414,6316
375,13,ROUTE_EXISTS,,138748,12328,12101
331,13,ROUTE_EXISTS,,159348,9836,9680
314,13,ROUTE_EXISTS,,125830,7558,7418
352,13,ROUTE_EXISTS,,149956,8547,8441
371,13,ROUTE_EXISTS,,122672,7481,7389
327,13,ROUTE_EXISTS,,162905,10039,9894
330,13,ROUTE_EXISTS,,159677,9827,9678
303,13,ROUTE_EXISTS,,127143,7698,7545
374,13,ROUTE_EXISTS,,134221,10377,10204
325,13,ROUTE_EXISTS,,129517,7751,7550
301,13,ROUTE_EXISTS,,130143,7942,7769
387,13,ROUTE_EXISTS,,123910,7547,7450
395,13,ROUTE_EXISTS,,106394,6729,6604
378,13,ROUTE_EXISTS,,124264,7609,7512
320,13,ROUTE_EXISTS,,127816,7730,7580
390,13,ROUTE_EXISTS,,66295,4248,4151
391,13,ROUTE_EXISTS,,76710,4706,4645
396,13,ROUTE_EXISTS,,99854,6236,6159
361,13,ROUTE_EXISTS,,114924,6908,6859
384,13,ROUTE_EXISTS,,125529,7682,7595
336,13,ROUTE_EXISTS,,142808,8430,8286
380,13,ROUTE_EXISTS,,123663,7545,7445
351,13,ROUTE_EXISTS,,149961,8594,8496
302,13,ROUTE_EXISTS,,128027,7737,7574
348,13,ROUTE_EXISTS,,151811,8750,8638
346,13,ROUTE_EXISTS,,147348,8393,8299
342,13,ROUTE_EXISTS,,145979,8350,8254
316,13,ROUTE_EXISTS,,126053,7581,7443
369,13,ROUTE_EXISTS,,118713,7050,6983
304,13,ROUTE_EXISTS,,126405,7639,7485
358,13,ROUTE_EXISTS,,138353,8511,8416
324,13,ROUTE_EXISTS,,131762,7874,7666
376,13,ROUTE_EXISTS,,129964,9701,9533
398,13,ROUTE_EXISTS,,93909,5850,5792
363,13,ROUTE_EXISTS,,139286,8407,8333
319,13,ROUTE_EXISTS,,128637,7689,7539
315,13,ROUTE_EXISTS,,125742,7531,7397
359,13,ROUTE_EXISTS,,142477,8405,8304
321,13,ROUTE_EXISTS,,128240,7714,7565
309,13,ROUTE_EXISTS,,125437,7536,7401
345,13,ROUTE_EXISTS,,148970,8527,8423
323,13,ROUTE_EXISTS,,146034,9650,9405
312,13,ROUTE_EXISTS,,123830,7382,7266
447,13,ROUTE_EXISTS,,102656,6192,6072
484,13,ROUTE_EXISTS,,120175,7168,7063
405,13,ROUTE_EXISTS,,103222,6190,6122
421,13,ROUTE_EXISTS,,127594,7837,7618
476,13,ROUTE_EXISTS,,95237,5857,5776
474,13,ROUTE_EXISTS,,94361,5819,5739
429,13,ROUTE_EXISTS,,132775,7966,7729
436,13,ROUTE_EXISTS,,107439,6545,6404
423,13,ROUTE_EXISTS,,123931,7541,7342
426,13,ROUTE_EXISTS,,125617,7529,7334
453,13,ROUTE_EXISTS,,119778,7300,7128
498,13,ROUTE_EXISTS,,165970,9541,9281
434,13,ROUTE_EXISTS,,102882,6216,6096
457,13,ROUTE_EXISTS,,108561,6564,6407
420,13,ROUTE_EXISTS,,119584,7239,7045
459,13,ROUTE_EXISTS,,114096,6863,6690
482,13,ROUTE_EXISTS,,104467,6288,6212
416,13,ROUTE_EXISTS,,117536,7144,6960
419,13,ROUTE_EXISTS,,120829,7370,7180
448,13,ROUTE_EXISTS,,104702,6430,6300
401,13,ROUTE_EXISTS,,87869,5384,5332
469,13,ROUTE_EXISTS,,78024,5308,5242
403,13,ROUTE_EXISTS,,92346,5657,5594
471,13,ROUTE_EXISTS,,76566,4829,4787
439,13,ROUTE_EXISTS,,107957,6542,6390
480,13,ROUTE_EXISTS,,89746,5440,5401
462,13,ROUTE_EXISTS,,113617,6875,6701
441,13,ROUTE_EXISTS,,103221,6197,6077
444,13,ROUTE_EXISTS,,104643,6389,6244
497,13,ROUTE_EXISTS,,170056,9718,9450
430,13,ROUTE_EXISTS,,94037,5649,5569
445,13,ROUTE_EXISTS,,104514,6393,6248
464,13,ROUTE_EXISTS,,73924,4620,4576
493,13,ROUTE_EXISTS,,178988,10289,9998
443,13,ROUTE_EXISTS,,104114,6308,6168
473,13,ROUTE_EXISTS,,92212,5778,5698
415,13,ROUTE_EXISTS,,121174,7414,7232
410,13,ROUTE_EXISTS,,104967,6874,6798
442,13,ROUTE_EXISTS,,103835,6344,6212
428,13,ROUTE_EXISTS,,132183,7952,7718
431,13,ROUTE_EXISTS,,99219,5864,5774
454,13,ROUTE_EXISTS,,117040,7179,7004
413,13,ROUTE_EXISTS,,110698,6625,6466
425,13,ROUTE_EXISTS,,126665,7603,7398
409,13,ROUTE_EXISTS,,110473,6769,6617
485,13,ROUTE_EXISTS,,126240,7736,7589
449,13,ROUTE_EXISTS,,102492,6135,6016
424,13,ROUTE_EXISTS,,125783,7592,7395
478,13,ROUTE_EXISTS,,92830,6045,6045
450,13,ROUTE_EXISTS,,126427,7644,7446
408,13,ROUTE_EXISTS,,106928,6762,6611
477,13,ROUTE_EXISTS,,100603,6235,6128
433,13,ROUTE_EXISTS,,98335,5900,5805
414,13,ROUTE_EXISTS,,114102,6911,6728
455,13,ROUTE_EXISTS,,115913,7051,6884
461,13,ROUTE_EXISTS,,111984,6802,6636
440,13,ROUTE_EXISTS,,102694,6148,6021
488,13,ROUTE_EXISTS,,151979,9308,9038
494,13,ROUTE_EXISTS,,186949,10650,10367
460,13,ROUTE_EXISTS,,110458,6721,6559
446,13,ROUTE_EXISTS,,105726,6412,6273
496,13,ROUTE_EXISTS,,163609,9321,9061
489,13,ROUTE_EXISTS,,151151,8928,8669
412,13,ROUTE_EXISTS,,126924,7751,7539
427,13,ROUTE_EXISTS,,126996,7666,7444
418,13,ROUTE_EXISTS,,122070,7407,7217
406,13,ROUTE_EXISTS,,113647,7162,7014
417,13,ROUTE_EXISTS,,119590,7271,7081
500,13,ROUTE_EXISTS,,155205,8822,8592
463,13,ROUTE_EXISTS,,111662,6756,6593
490,13,ROUTE_EXISTS,,161860,9556,9293
422,13,ROUTE_EXISTS,,124259,7412,7236
451,13,ROUTE_EXISTS,,126767,7657,7455
495,13,ROUTE_EXISTS,,198876,11820,11566
456,13,ROUTE_EXISTS,,118204,7229,7049
466,13,ROUTE_EXISTS,,76887,4723,4684
411,13,ROUTE_EXISTS,,124150,7481,7481
407,13,ROUTE_EXISTS,,101491,6151,6069
465,13,ROUTE_EXISTS,,73864,4669,4640
479,13,ROUTE_EXISTS,,93122,5599,5558
472,13,ROUTE_EXISTS,,85204,5182,5137
438,13,ROUTE_EXISTS,,106282,6403,6257
432,13,ROUTE_EXISTS,,92730,5616,5538
470,13,ROUTE_EXISTS,,69499,4377,4339
499,13,ROUTE_EXISTS,,162512,9290,9027
467,13,ROUTE_EXISTS,,90012,5455,5379
487,13,ROUTE_EXISTS,,143337,8477,8217
483,13,ROUTE_EXISTS,,105257,6220,6149
452,13,ROUTE_EXISTS,,121589,7352,7180
492,13,ROUTE_EXISTS,,176800,10127,9855
402,13,ROUTE_EXISTS,,85205,5287,5238
491,13,ROUTE_EXISTS,,169255,9701,9412
481,13,ROUTE_EXISTS,,98821,5948,5896
475,13,ROUTE_EXISTS,,92424,6613,6613
437,13,ROUTE_EXISTS,,114757,6978,6825
458,13,ROUTE_EXISTS,,110566,6748,6585
435,13,ROUTE_EXISTS,,109527,7018,6860
486,13,ROUTE_EXISTS,,151458,9141,8870
468,13,ROUTE_EXISTS,,82883,5255,5193
404,13,ROUTE_EXISTS,,98248,5980,5913
548,13,ROUTE_EXISTS,,7230,546,546
575,13,ROUTE_EXISTS,,73947,4815,4754
530,13,ROUTE_EXISTS,,63446,4072,4037
524,13,ROUTE_EXISTS,,61471,4074,4044
546,13,ROUTE_EXISTS,,19846,1361,1361
595,13,ROUTE_EXISTS,,140763,8431,8276
567,13,ROUTE_EXISTS,,40017,2582,2551
551,13,ROUTE_EXISTS,,5755,508,485
520,13,ROUTE_EXISTS,,47192,3063,3044
539,13,ROUTE_EXISTS,,70893,4718,4661
533,13,ROUTE_EXISTS,,68187,4306,4266
580,13,ROUTE_EXISTS,,111573,6672,6672
506,13,ROUTE_EXISTS,,130961,8336,8340
589,13,ROUTE_EXISTS,,141074,8556,8412
554,13,ROUTE_EXISTS,,17838,1185,1154
547,13,ROUTE_EXISTS,,26572,1693,1671
568,13,ROUTE_EXISTS,,36470,2291,2260
545,13,ROUTE_EXISTS,,11904,840,840
556,13,ROUTE_EXISTS,,53497,3562,3515
569,13,ROUTE_EXISTS,,30446,1867,1839
549,13,ROUTE_EXISTS,,2037,280,280
559,13,ROUTE_EXISTS,,44552,2932,2910
566,13,ROUTE_EXISTS,,25466,1685,1660
523,13,ROUTE_EXISTS,,33668,2083,2050
552,13,ROUTE_EXISTS,,11912,826,826
550,13,ROUTE_EXISTS,,726,184,184
557,13,ROUTE_EXISTS,,49132,3240,3210
555,13,ROUTE_EXISTS,,64991,4222,4222
522,13,ROUTE_EXISTS,,25474,1677,1651
570,13,ROUTE_EXISTS,,54951,3640,3592
532,13,ROUTE_EXISTS,,56052,3537,3524
534,13,ROUTE_EXISTS,,53814,3499,3483
541,13,ROUTE_EXISTS,,51907,3447,3343
544,13,ROUTE_EXISTS,,69945,4521,4468
540,13,ROUTE_EXISTS,,51786,3472,3448
558,13,ROUTE_EXISTS,,46022,3078,3056
543,13,ROUTE_EXISTS,,48384,3184,3139
560,13,ROUTE_EXISTS,,54170,3818,3768
577,13,ROUTE_EXISTS,,84390,5278,5278
521,13,ROUTE_EXISTS,,42561,2602,2579
536,13,ROUTE_EXISTS,,72622,4817,4743
563,13,ROUTE_EXISTS,,60665,4109,4078
582,13,ROUTE_EXISTS,,80353,5351,5351
535,13,ROUTE_EXISTS,,64407,4143,4143
597,13,ROUTE_EXISTS,,147846,9225,8912
528,13,ROUTE_EXISTS,,72735,4622,4589
531,13,ROUTE_EXISTS,,58145,3701,3685
574,13,ROUTE_EXISTS,,67283,4514,4444
561,13,ROUTE_EXISTS,,64853,4464,4385
538,13,ROUTE_EXISTS,,66747,4078,4021
564,13,ROUTE_EXISTS,,64449,4482,4436
572,13,ROUTE_EXISTS,,64673,4313,4254
516,13,ROUTE_EXISTS,,122462,7678,7657
512,13,ROUTE_EXISTS,,126782,7956,7953
576,13,ROUTE_EXISTS,,76132,5031,5031
573,13,ROUTE_EXISTS,,76845,5207,5127
503,13,ROUTE_EXISTS,,134688,8619,8586
518,13,ROUTE_EXISTS,,107248,6880,6807
585,13,ROUTE_EXISTS,,79602,5322,5234
501,13,ROUTE_EXISTS,,155504,8815,8587
579,13,ROUTE_EXISTS,,97446,5948,5948
511,13,ROUTE_EXISTS,,128038,8068,8073
581,13,ROUTE_EXISTS,,73761,5035,4959
510,13,ROUTE_EXISTS,,128079,8058,8066
588,13,ROUTE_EXISTS,,103660,6789,6690
594,13,ROUTE_EXISTS,,141422,8521,8369
505,13,ROUTE_EXISTS,,132219,8444,8436
514,13,ROUTE_EXISTS,,127730,8005,8002
592,13,ROUTE_EXISTS,,144331,8771,8622
509,13,ROUTE_EXISTS,,129011,8134,8142
519,13,ROUTE_EXISTS,,116467,7240,7217
507,13,ROUTE_EXISTS,,130176,8285,8284
529,13,ROUTE_EXISTS,,67693,4395,4357
593,13,ROUTE_EXISTS,,142035,8475,8318
598,13,ROUTE_EXISTS,,144943,8788,8632
517,13,ROUTE_EXISTS,,146560,9429,9216
584,13,ROUTE_EXISTS,,110520,7056,7000
600,13,ROUTE_EXISTS,,142545,9328,9047
502,13,ROUTE_EXISTS,,152114,8671,8450
596,13,ROUTE_EXISTS,,141642,8485,8331
562,13,ROUTE_EXISTS,,68310,4677,4606
504,13,ROUTE_EXISTS,,134075,8556,8542
542,13,ROUTE_EXISTS,,44798,3040,3001
571,13,ROUTE_EXISTS,,64165,4276,4211
565,13,ROUTE_EXISTS,,68461,4853,4806
527,13,ROUTE_EXISTS,,68552,4288,4245
590,13,ROUTE_EXISTS,,141386,8549,8405
587,13,ROUTE_EXISTS,,87334,5720,5624
515,13,ROUTE_EXISTS,,124816,7841,7831
586,13,ROUTE_EXISTS,,81914,5397,5300
583,13,ROUTE_EXISTS,,84366,5607,5511
553,13,ROUTE_EXISTS,,12944,871,843
513,13,ROUTE_EXISTS,,131967,8431,8424
578,13,ROUTE_EXISTS,,95424,5820,5820
525,13,ROUTE_EXISTS,,61699,4006,3972
599,13,ROUTE_EXISTS,,145050,8821,8647
526,13,ROUTE_EXISTS,,69653,4485,4405
508,13,ROUTE_EXISTS,,129722,8236,8238
591,13,ROUTE_EXISTS,,143478,8640,8486
537,13,ROUTE_EXISTS,,62825,3866,3827
609,13,ROUTE_NOT_FOUND,,,,
611,13,ROUTE_NOT_FOUND,,,,
610,13,ROUTE_NOT_FOUND,,,,
612,13,ROUTE_NOT_FOUND,,,,
608,13,ROUTE_NOT_FOUND,,,,
606,13,ROUTE_EXISTS,,60627.0,3774.0,3711.0
605,13,ROUTE_EXISTS,,128255.0,8609.0,8572.0
602,13,ROUTE_EXISTS,,106618.0,6954.0,6838.0
607,13,ROUTE_EXISTS,,71613.0,5369.0,5369.0
601,13,ROUTE_EXISTS,,145675.0,9939.0,9715.0
604,13,ROUTE_EXISTS,,223123.0,14611.0,14611.0
603,13,ROUTE_EXISTS,,201375.0,12580.0,12375.0
303,6,ROUTE_EXISTS,,3700,367,361
