Kommune,År (intervall),År,Kjønn,Alder,Krefttyper,Måltall,Antall,SortKjonn,SortKommune
Hele landet,2007-2016,2016-01-01,Kjønn samlet,Alle aldre,Totalt alle krefttyper,"per 100 000, standardisert",644.3,1,2
Hele landet,2007-2016,2016-01-01,Kjønn samlet,Alle aldre,Tykk- og endetarmskreft,"per 100 000, standardisert",88.2,1,2
Hele landet,2007-2016,2016-01-01,Kjønn samlet,Alle aldre,Lungekreft,"per 100 000, standardisert",65.7,1,2
Hele landet,2007-2016,2016-01-01,Kjønn samlet,Alle aldre,Hudkreft,"per 100 000, standardisert",74.9,1,2
Hele landet,2007-2016,2016-01-01,Kjønn samlet,Alle aldre,Føflekkreft (malignt melanom),"per 100 000, standardisert",37.0,1,2
Hele landet,2007-2016,2016-01-01,Kjønn samlet,Alle aldre,Brystkreft,"per 100 000, standardisert",63.8,1,2
Hele landet,2007-2016,2016-01-01,Kjønn samlet,Alle aldre,"Livmorhalskreft, kvinner","per 100 000, standardisert",,1,2
Hele landet,2007-2016,2016-01-01,Kjønn samlet,Alle aldre,Prostatakreft,"per 100 000, standardisert",,1,2
Hele landet,2007-2016,2016-01-01,Menn,Alle aldre,Totalt alle krefttyper,"per 100 000, standardisert",711.5,2,2
Hele landet,2007-2016,2016-01-01,Menn,Alle aldre,Tykk- og endetarmskreft,"per 100 000, standardisert",92.8,2,2
Hele landet,2007-2016,2016-01-01,Menn,Alle aldre,Lungekreft,"per 100 000, standardisert",74.0,2,2
Hele landet,2007-2016,2016-01-01,Menn,Alle aldre,Hudkreft,"per 100 000, standardisert",80.7,2,2
Hele landet,2007-2016,2016-01-01,Menn,Alle aldre,Føflekkreft (malignt melanom),"per 100 000, standardisert",37.9,2,2
Hele landet,2007-2016,2016-01-01,Menn,Alle aldre,Brystkreft,"per 100 000, standardisert",0.9,2,2
Hele landet,2007-2016,2016-01-01,Menn,Alle aldre,"Livmorhalskreft, kvinner","per 100 000, standardisert",,2,2
Hele landet,2007-2016,2016-01-01,Menn,Alle aldre,Prostatakreft,"per 100 000, standardisert",221.0,2,2
Hele landet,2007-2016,2016-01-01,Kvinner,Alle aldre,Totalt alle krefttyper,"per 100 000, standardisert",578.8,3,2
Hele landet,2007-2016,2016-01-01,Kvinner,Alle aldre,Tykk- og endetarmskreft,"per 100 000, standardisert",83.7,3,2
Hele landet,2007-2016,2016-01-01,Kvinner,Alle aldre,Lungekreft,"per 100 000, standardisert",57.9,3,2
Hele landet,2007-2016,2016-01-01,Kvinner,Alle aldre,Hudkreft,"per 100 000, standardisert",69.2,3,2
Hele landet,2007-2016,2016-01-01,Kvinner,Alle aldre,Føflekkreft (malignt melanom),"per 100 000, standardisert",36.1,3,2
Hele landet,2007-2016,2016-01-01,Kvinner,Alle aldre,Brystkreft,"per 100 000, standardisert",127.6,3,2
Hele landet,2007-2016,2016-01-01,Kvinner,Alle aldre,"Livmorhalskreft, kvinner","per 100 000, standardisert",12.9,3,2
Hele landet,2007-2016,2016-01-01,Kvinner,Alle aldre,Prostatakreft,"per 100 000, standardisert",,3,2
Hele landet,2008-2017,2017-01-01,Kjønn samlet,Alle aldre,Totalt alle krefttyper,"per 100 000, standardisert",648.2,1,2
Hele landet,2008-2017,2017-01-01,Kjønn samlet,Alle aldre,Tykk- og endetarmskreft,"per 100 000, standardisert",88.6,1,2
Hele landet,2008-2017,2017-01-01,Kjønn samlet,Alle aldre,Lungekreft,"per 100 000, standardisert",66.0,1,2
Hele landet,2008-2017,2017-01-01,Kjønn samlet,Alle aldre,Hudkreft,"per 100 000, standardisert",77.7,1,2
Hele landet,2008-2017,2017-01-01,Kjønn samlet,Alle aldre,Føflekkreft (malignt melanom),"per 100 000, standardisert",38.6,1,2
Hele landet,2008-2017,2017-01-01,Kjønn samlet,Alle aldre,Brystkreft,"per 100 000, standardisert",64.7,1,2
Hele landet,2008-2017,2017-01-01,Kjønn samlet,Alle aldre,"Livmorhalskreft, kvinner","per 100 000, standardisert",,1,2
Hele landet,2008-2017,2017-01-01,Kjønn samlet,Alle aldre,Prostatakreft,"per 100 000, standardisert",,1,2
Hele landet,2008-2017,2017-01-01,Menn,Alle aldre,Totalt alle krefttyper,"per 100 000, standardisert",712.7,2,2
Hele landet,2008-2017,2017-01-01,Menn,Alle aldre,Tykk- og endetarmskreft,"per 100 000, standardisert",93.1,2,2
Hele landet,2008-2017,2017-01-01,Menn,Alle aldre,Lungekreft,"per 100 000, standardisert",73.3,2,2
Hele landet,2008-2017,2017-01-01,Menn,Alle aldre,Hudkreft,"per 100 000, standardisert",83.9,2,2
Hele landet,2008-2017,2017-01-01,Menn,Alle aldre,Føflekkreft (malignt melanom),"per 100 000, standardisert",39.7,2,2
Hele landet,2008-2017,2017-01-01,Menn,Alle aldre,Brystkreft,"per 100 000, standardisert",0.9,2,2
Hele landet,2008-2017,2017-01-01,Menn,Alle aldre,"Livmorhalskreft, kvinner","per 100 000, standardisert",,2,2
Hele landet,2008-2017,2017-01-01,Menn,Alle aldre,Prostatakreft,"per 100 000, standardisert",218.4,2,2
Hele landet,2008-2017,2017-01-01,Kvinner,Alle aldre,Totalt alle krefttyper,"per 100 000, standardisert",584.9,3,2
Hele landet,2008-2017,2017-01-01,Kvinner,Alle aldre,Tykk- og endetarmskreft,"per 100 000, standardisert",84.1,3,2
Hele landet,2008-2017,2017-01-01,Kvinner,Alle aldre,Lungekreft,"per 100 000, standardisert",59.0,3,2
Hele landet,2008-2017,2017-01-01,Kvinner,Alle aldre,Hudkreft,"per 100 000, standardisert",71.7,3,2
Hele landet,2008-2017,2017-01-01,Kvinner,Alle aldre,Føflekkreft (malignt melanom),"per 100 000, standardisert",37.4,3,2
Hele landet,2008-2017,2017-01-01,Kvinner,Alle aldre,Brystkreft,"per 100 000, standardisert",129.6,3,2
Hele landet,2008-2017,2017-01-01,Kvinner,Alle aldre,"Livmorhalskreft, kvinner","per 100 000, standardisert",13.0,3,2
Hele landet,2008-2017,2017-01-01,Kvinner,Alle aldre,Prostatakreft,"per 100 000, standardisert",,3,2
Hele landet,2009-2018,2018-01-01,Kjønn samlet,Alle aldre,Totalt alle krefttyper,"per 100 000, standardisert",651.8,1,2
Hele landet,2009-2018,2018-01-01,Kjønn samlet,Alle aldre,Tykk- og endetarmskreft,"per 100 000, standardisert",88.8,1,2
Hele landet,2009-2018,2018-01-01,Kjønn samlet,Alle aldre,Lungekreft,"per 100 000, standardisert",66.2,1,2
Hele landet,2009-2018,2018-01-01,Kjønn samlet,Alle aldre,Hudkreft,"per 100 000, standardisert",80.7,1,2
Hele landet,2009-2018,2018-01-01,Kjønn samlet,Alle aldre,Føflekkreft (malignt melanom),"per 100 000, standardisert",40.1,1,2
Hele landet,2009-2018,2018-01-01,Kjønn samlet,Alle aldre,Brystkreft,"per 100 000, standardisert",65.6,1,2
Hele landet,2009-2018,2018-01-01,Kjønn samlet,Alle aldre,"Livmorhalskreft, kvinner","per 100 000, standardisert",,1,2
Hele landet,2009-2018,2018-01-01,Kjønn samlet,Alle aldre,Prostatakreft,"per 100 000, standardisert",,1,2
Hele landet,2009-2018,2018-01-01,Menn,Alle aldre,Totalt alle krefttyper,"per 100 000, standardisert",712.8,2,2
Hele landet,2009-2018,2018-01-01,Menn,Alle aldre,Tykk- og endetarmskreft,"per 100 000, standardisert",93.2,2,2
Hele landet,2009-2018,2018-01-01,Menn,Alle aldre,Lungekreft,"per 100 000, standardisert",72.4,2,2
Hele landet,2009-2018,2018-01-01,Menn,Alle aldre,Hudkreft,"per 100 000, standardisert",86.7,2,2
Hele landet,2009-2018,2018-01-01,Menn,Alle aldre,Føflekkreft (malignt melanom),"per 100 000, standardisert",41.0,2,2
Hele landet,2009-2018,2018-01-01,Menn,Alle aldre,Brystkreft,"per 100 000, standardisert",0.9,2,2
Hele landet,2009-2018,2018-01-01,Menn,Alle aldre,"Livmorhalskreft, kvinner","per 100 000, standardisert",,2,2
Hele landet,2009-2018,2018-01-01,Menn,Alle aldre,Prostatakreft,"per 100 000, standardisert",215.0,2,2
Hele landet,2009-2018,2018-01-01,Kvinner,Alle aldre,Totalt alle krefttyper,"per 100 000, standardisert",591.5,3,2
Hele landet,2009-2018,2018-01-01,Kvinner,Alle aldre,Tykk- og endetarmskreft,"per 100 000, standardisert",84.5,3,2
Hele landet,2009-2018,2018-01-01,Kvinner,Alle aldre,Lungekreft,"per 100 000, standardisert",60.3,3,2
Hele landet,2009-2018,2018-01-01,Kvinner,Alle aldre,Hudkreft,"per 100 000, standardisert",74.8,3,2
Hele landet,2009-2018,2018-01-01,Kvinner,Alle aldre,Føflekkreft (malignt melanom),"per 100 000, standardisert",39.2,3,2
Hele landet,2009-2018,2018-01-01,Kvinner,Alle aldre,Brystkreft,"per 100 000, standardisert",131.3,3,2
Hele landet,2009-2018,2018-01-01,Kvinner,Alle aldre,"Livmorhalskreft, kvinner","per 100 000, standardisert",13.2,3,2
Hele landet,2009-2018,2018-01-01,Kvinner,Alle aldre,Prostatakreft,"per 100 000, standardisert",,3,2
Hele landet,2010-2019,2019-01-01,Kjønn samlet,Alle aldre,Totalt alle krefttyper,"per 100 000, standardisert",654.9,1,2
Hele landet,2010-2019,2019-01-01,Kjønn samlet,Alle aldre,Tykk- og endetarmskreft,"per 100 000, standardisert",88.5,1,2
Hele landet,2010-2019,2019-01-01,Kjønn samlet,Alle aldre,Lungekreft,"per 100 000, standardisert",66.2,1,2
Hele landet,2010-2019,2019-01-01,Kjønn samlet,Alle aldre,Hudkreft,"per 100 000, standardisert",83.7,1,2
Hele landet,2010-2019,2019-01-01,Kjønn samlet,Alle aldre,Føflekkreft (malignt melanom),"per 100 000, standardisert",41.3,1,2
Hele landet,2010-2019,2019-01-01,Kjønn samlet,Alle aldre,Brystkreft,"per 100 000, standardisert",66.8,1,2
Hele landet,2010-2019,2019-01-01,Kjønn samlet,Alle aldre,"Livmorhalskreft, kvinner","per 100 000, standardisert",,1,2
Hele landet,2010-2019,2019-01-01,Kjønn samlet,Alle aldre,Prostatakreft,"per 100 000, standardisert",,1,2
Hele landet,2010-2019,2019-01-01,Menn,Alle aldre,Totalt alle krefttyper,"per 100 000, standardisert",712.2,2,2
Hele landet,2010-2019,2019-01-01,Menn,Alle aldre,Tykk- og endetarmskreft,"per 100 000, standardisert",92.7,2,2
Hele landet,2010-2019,2019-01-01,Menn,Alle aldre,Lungekreft,"per 100 000, standardisert",71.0,2,2
Hele landet,2010-2019,2019-01-01,Menn,Alle aldre,Hudkreft,"per 100 000, standardisert",89.6,2,2
Hele landet,2010-2019,2019-01-01,Menn,Alle aldre,Føflekkreft (malignt melanom),"per 100 000, standardisert",42.3,2,2
Hele landet,2010-2019,2019-01-01,Menn,Alle aldre,Brystkreft,"per 100 000, standardisert",1.0,2,2
Hele landet,2010-2019,2019-01-01,Menn,Alle aldre,"Livmorhalskreft, kvinner","per 100 000, standardisert",,2,2
Hele landet,2010-2019,2019-01-01,Menn,Alle aldre,Prostatakreft,"per 100 000, standardisert",212.1,2,2
Hele landet,2010-2019,2019-01-01,Kvinner,Alle aldre,Totalt alle krefttyper,"per 100 000, standardisert",597.9,3,2
Hele landet,2010-2019,2019-01-01,Kvinner,Alle aldre,Tykk- og endetarmskreft,"per 100 000, standardisert",84.4,3,2
Hele landet,2010-2019,2019-01-01,Kvinner,Alle aldre,Lungekreft,"per 100 000, standardisert",61.5,3,2
Hele landet,2010-2019,2019-01-01,Kvinner,Alle aldre,Hudkreft,"per 100 000, standardisert",77.8,3,2
Hele landet,2010-2019,2019-01-01,Kvinner,Alle aldre,Føflekkreft (malignt melanom),"per 100 000, standardisert",40.3,3,2
Hele landet,2010-2019,2019-01-01,Kvinner,Alle aldre,Brystkreft,"per 100 000, standardisert",133.6,3,2
Hele landet,2010-2019,2019-01-01,Kvinner,Alle aldre,"Livmorhalskreft, kvinner","per 100 000, standardisert",13.5,3,2
Hele landet,2010-2019,2019-01-01,Kvinner,Alle aldre,Prostatakreft,"per 100 000, standardisert",,3,2
Hele landet,2011-2020,2020-01-01,Kjønn samlet,Alle aldre,Totalt alle krefttyper,"per 100 000, standardisert",656.9,1,2
Hele landet,2011-2020,2020-01-01,Kjønn samlet,Alle aldre,Tykk- og endetarmskreft,"per 100 000, standardisert",88.3,1,2
Hele landet,2011-2020,2020-01-01,Kjønn samlet,Alle aldre,Lungekreft,"per 100 000, standardisert",65.8,1,2
Hele landet,2011-2020,2020-01-01,Kjønn samlet,Alle aldre,Hudkreft,"per 100 000, standardisert",86.7,1,2
Hele landet,2011-2020,2020-01-01,Kjønn samlet,Alle aldre,Føflekkreft (malignt melanom),"per 100 000, standardisert",42.2,1,2
Hele landet,2011-2020,2020-01-01,Kjønn samlet,Alle aldre,Brystkreft,"per 100 000, standardisert",67.1,1,2
Hele landet,2011-2020,2020-01-01,Kjønn samlet,Alle aldre,"Livmorhalskreft, kvinner","per 100 000, standardisert",,1,2
Hele landet,2011-2020,2020-01-01,Kjønn samlet,Alle aldre,Prostatakreft,"per 100 000, standardisert",,1,2
Hele landet,2011-2020,2020-01-01,Menn,Alle aldre,Totalt alle krefttyper,"per 100 000, standardisert",711.5,2,2
Hele landet,2011-2020,2020-01-01,Menn,Alle aldre,Tykk- og endetarmskreft,"per 100 000, standardisert",91.8,2,2
Hele landet,2011-2020,2020-01-01,Menn,Alle aldre,Lungekreft,"per 100 000, standardisert",69.9,2,2
Hele landet,2011-2020,2020-01-01,Menn,Alle aldre,Hudkreft,"per 100 000, standardisert",92.5,2,2
Hele landet,2011-2020,2020-01-01,Menn,Alle aldre,Føflekkreft (malignt melanom),"per 100 000, standardisert",43.2,2,2
Hele landet,2011-2020,2020-01-01,Menn,Alle aldre,Brystkreft,"per 100 000, standardisert",1.0,2,2
Hele landet,2011-2020,2020-01-01,Menn,Alle aldre,"Livmorhalskreft, kvinner","per 100 000, standardisert",,2,2
Hele landet,2011-2020,2020-01-01,Menn,Alle aldre,Prostatakreft,"per 100 000, standardisert",210.0,2,2
Hele landet,2011-2020,2020-01-01,Kvinner,Alle aldre,Totalt alle krefttyper,"per 100 000, standardisert",602.3,3,2
Hele landet,2011-2020,2020-01-01,Kvinner,Alle aldre,Tykk- og endetarmskreft,"per 100 000, standardisert",84.8,3,2
Hele landet,2011-2020,2020-01-01,Kvinner,Alle aldre,Lungekreft,"per 100 000, standardisert",61.9,3,2
Hele landet,2011-2020,2020-01-01,Kvinner,Alle aldre,Hudkreft,"per 100 000, standardisert",80.9,3,2
Hele landet,2011-2020,2020-01-01,Kvinner,Alle aldre,Føflekkreft (malignt melanom),"per 100 000, standardisert",41.2,3,2
Hele landet,2011-2020,2020-01-01,Kvinner,Alle aldre,Brystkreft,"per 100 000, standardisert",134.3,3,2
Hele landet,2011-2020,2020-01-01,Kvinner,Alle aldre,"Livmorhalskreft, kvinner","per 100 000, standardisert",13.5,3,2
Hele landet,2011-2020,2020-01-01,Kvinner,Alle aldre,Prostatakreft,"per 100 000, standardisert",,3,2
Hele landet,2012-2021,2021-01-01,Kjønn samlet,Alle aldre,Totalt alle krefttyper,"per 100 000, standardisert",658.3,1,2
Hele landet,2012-2021,2021-01-01,Kjønn samlet,Alle aldre,Tykk- og endetarmskreft,"per 100 000, standardisert",88.1,1,2
Hele landet,2012-2021,2021-01-01,Kjønn samlet,Alle aldre,Lungekreft,"per 100 000, standardisert",65.7,1,2
Hele landet,2012-2021,2021-01-01,Kjønn samlet,Alle aldre,Hudkreft,"per 100 000, standardisert",89.2,1,2
Hele landet,2012-2021,2021-01-01,Kjønn samlet,Alle aldre,Føflekkreft (malignt melanom),"per 100 000, standardisert",42.9,1,2
Hele landet,2012-2021,2021-01-01,Kjønn samlet,Alle aldre,Brystkreft,"per 100 000, standardisert",68.1,1,2
Hele landet,2012-2021,2021-01-01,Kjønn samlet,Alle aldre,"Livmorhalskreft, kvinner","per 100 000, standardisert",,1,2
Hele landet,2012-2021,2021-01-01,Kjønn samlet,Alle aldre,Prostatakreft,"per 100 000, standardisert",,1,2
Hele landet,2012-2021,2021-01-01,Menn,Alle aldre,Totalt alle krefttyper,"per 100 000, standardisert",708.2,2,2
Hele landet,2012-2021,2021-01-01,Menn,Alle aldre,Tykk- og endetarmskreft,"per 100 000, standardisert",91.3,2,2
Hele landet,2012-2021,2021-01-01,Menn,Alle aldre,Lungekreft,"per 100 000, standardisert",68.7,2,2
Hele landet,2012-2021,2021-01-01,Menn,Alle aldre,Hudkreft,"per 100 000, standardisert",95.0,2,2
Hele landet,2012-2021,2021-01-01,Menn,Alle aldre,Føflekkreft (malignt melanom),"per 100 000, standardisert",43.9,2,2
Hele landet,2012-2021,2021-01-01,Menn,Alle aldre,Brystkreft,"per 100 000, standardisert",1.0,2,2
Hele landet,2012-2021,2021-01-01,Menn,Alle aldre,"Livmorhalskreft, kvinner","per 100 000, standardisert",,2,2
Hele landet,2012-2021,2021-01-01,Menn,Alle aldre,Prostatakreft,"per 100 000, standardisert",205.6,2,2
Hele landet,2012-2021,2021-01-01,Kvinner,Alle aldre,Totalt alle krefttyper,"per 100 000, standardisert",608.1,3,2
Hele landet,2012-2021,2021-01-01,Kvinner,Alle aldre,Tykk- og endetarmskreft,"per 100 000, standardisert",84.9,3,2
Hele landet,2012-2021,2021-01-01,Kvinner,Alle aldre,Lungekreft,"per 100 000, standardisert",62.6,3,2
Hele landet,2012-2021,2021-01-01,Kvinner,Alle aldre,Hudkreft,"per 100 000, standardisert",83.4,3,2
Hele landet,2012-2021,2021-01-01,Kvinner,Alle aldre,Føflekkreft (malignt melanom),"per 100 000, standardisert",41.8,3,2
Hele landet,2012-2021,2021-01-01,Kvinner,Alle aldre,Brystkreft,"per 100 000, standardisert",136.3,3,2
Hele landet,2012-2021,2021-01-01,Kvinner,Alle aldre,"Livmorhalskreft, kvinner","per 100 000, standardisert",13.7,3,2
Hele landet,2012-2021,2021-01-01,Kvinner,Alle aldre,Prostatakreft,"per 100 000, standardisert",,3,2
Hele landet,2013-2022,2022-01-01,Kjønn samlet,Alle aldre,Totalt alle krefttyper,"per 100 000, standardisert",661.2,1,2
Hele landet,2013-2022,2022-01-01,Kjønn samlet,Alle aldre,Tykk- og endetarmskreft,"per 100 000, standardisert",87.9,1,2
Hele landet,2013-2022,2022-01-01,Kjønn samlet,Alle aldre,Lungekreft,"per 100 000, standardisert",65.3,1,2
Hele landet,2013-2022,2022-01-01,Kjønn samlet,Alle aldre,Hudkreft,"per 100 000, standardisert",92.6,1,2
Hele landet,2013-2022,2022-01-01,Kjønn samlet,Alle aldre,Føflekkreft (malignt melanom),"per 100 000, standardisert",44.3,1,2
Hele landet,2013-2022,2022-01-01,Kjønn samlet,Alle aldre,Brystkreft,"per 100 000, standardisert",69.7,1,2
Hele landet,2013-2022,2022-01-01,Kjønn samlet,Alle aldre,"Livmorhalskreft, kvinner","per 100 000, standardisert",,1,2
Hele landet,2013-2022,2022-01-01,Kjønn samlet,Alle aldre,Prostatakreft,"per 100 000, standardisert",,1,2
Hele landet,2013-2022,2022-01-01,Menn,Alle aldre,Totalt alle krefttyper,"per 100 000, standardisert",706.3,2,2
Hele landet,2013-2022,2022-01-01,Menn,Alle aldre,Tykk- og endetarmskreft,"per 100 000, standardisert",90.9,2,2
Hele landet,2013-2022,2022-01-01,Menn,Alle aldre,Lungekreft,"per 100 000, standardisert",67.5,2,2
Hele landet,2013-2022,2022-01-01,Menn,Alle aldre,Hudkreft,"per 100 000, standardisert",98.2,2,2
Hele landet,2013-2022,2022-01-01,Menn,Alle aldre,Føflekkreft (malignt melanom),"per 100 000, standardisert",45.2,2,2
Hele landet,2013-2022,2022-01-01,Menn,Alle aldre,Brystkreft,"per 100 000, standardisert",1.0,2,2
Hele landet,2013-2022,2022-01-01,Menn,Alle aldre,"Livmorhalskreft, kvinner","per 100 000, standardisert",,2,2
Hele landet,2013-2022,2022-01-01,Menn,Alle aldre,Prostatakreft,"per 100 000, standardisert",202.8,2,2
Hele landet,2013-2022,2022-01-01,Kvinner,Alle aldre,Totalt alle krefttyper,"per 100 000, standardisert",615.6,3,2
Hele landet,2013-2022,2022-01-01,Kvinner,Alle aldre,Tykk- og endetarmskreft,"per 100 000, standardisert",84.9,3,2
Hele landet,2013-2022,2022-01-01,Kvinner,Alle aldre,Lungekreft,"per 100 000, standardisert",63.1,3,2
Hele landet,2013-2022,2022-01-01,Kvinner,Alle aldre,Hudkreft,"per 100 000, standardisert",86.9,3,2
Hele landet,2013-2022,2022-01-01,Kvinner,Alle aldre,Føflekkreft (malignt melanom),"per 100 000, standardisert",43.4,3,2
Hele landet,2013-2022,2022-01-01,Kvinner,Alle aldre,Brystkreft,"per 100 000, standardisert",139.5,3,2
Hele landet,2013-2022,2022-01-01,Kvinner,Alle aldre,"Livmorhalskreft, kvinner","per 100 000, standardisert",13.5,3,2
Hele landet,2013-2022,2022-01-01,Kvinner,Alle aldre,Prostatakreft,"per 100 000, standardisert",,3,2
Hele landet,2014-2023,2023-01-01,Kjønn samlet,Alle aldre,Totalt alle krefttyper,"per 100 000, standardisert",661.8,1,2
Hele landet,2014-2023,2023-01-01,Kjønn samlet,Alle aldre,Tykk- og endetarmskreft,"per 100 000, standardisert",87.5,1,2
Hele landet,2014-2023,2023-01-01,Kjønn samlet,Alle aldre,Lungekreft,"per 100 000, standardisert",64.6,1,2
Hele landet,2014-2023,2023-01-01,Kjønn samlet,Alle aldre,Hudkreft,"per 100 000, standardisert",95.7,1,2
Hele landet,2014-2023,2023-01-01,Kjønn samlet,Alle aldre,Føflekkreft (malignt melanom),"per 100 000, standardisert",45.7,1,2
Hele landet,2014-2023,2023-01-01,Kjønn samlet,Alle aldre,Brystkreft,"per 100 000, standardisert",70.4,1,2
Hele landet,2014-2023,2023-01-01,Kjønn samlet,Alle aldre,"Livmorhalskreft, kvinner","per 100 000, standardisert",,1,2
Hele landet,2014-2023,2023-01-01,Kjønn samlet,Alle aldre,Prostatakreft,"per 100 000, standardisert",,1,2
Hele landet,2014-2023,2023-01-01,Menn,Alle aldre,Totalt alle krefttyper,"per 100 000, standardisert",703.2,2,2
Hele landet,2014-2023,2023-01-01,Menn,Alle aldre,Tykk- og endetarmskreft,"per 100 000, standardisert",90.4,2,2
Hele landet,2014-2023,2023-01-01,Menn,Alle aldre,Lungekreft,"per 100 000, standardisert",66.2,2,2
Hele landet,2014-2023,2023-01-01,Menn,Alle aldre,Hudkreft,"per 100 000, standardisert",101.5,2,2
Hele landet,2014-2023,2023-01-01,Menn,Alle aldre,Føflekkreft (malignt melanom),"per 100 000, standardisert",46.8,2,2
Hele landet,2014-2023,2023-01-01,Menn,Alle aldre,Brystkreft,"per 100 000, standardisert",0.9,2,2
Hele landet,2014-2023,2023-01-01,Menn,Alle aldre,"Livmorhalskreft, kvinner","per 100 000, standardisert",,2,2
Hele landet,2014-2023,2023-01-01,Menn,Alle aldre,Prostatakreft,"per 100 000, standardisert",199.4,2,2
Hele landet,2014-2023,2023-01-01,Kvinner,Alle aldre,Totalt alle krefttyper,"per 100 000, standardisert",619.9,3,2
Hele landet,2014-2023,2023-01-01,Kvinner,Alle aldre,Tykk- og endetarmskreft,"per 100 000, standardisert",84.7,3,2
Hele landet,2014-2023,2023-01-01,Kvinner,Alle aldre,Lungekreft,"per 100 000, standardisert",63.0,3,2
Hele landet,2014-2023,2023-01-01,Kvinner,Alle aldre,Hudkreft,"per 100 000, standardisert",89.8,3,2
Hele landet,2014-2023,2023-01-01,Kvinner,Alle aldre,Føflekkreft (malignt melanom),"per 100 000, standardisert",44.6,3,2
Hele landet,2014-2023,2023-01-01,Kvinner,Alle aldre,Brystkreft,"per 100 000, standardisert",140.9,3,2
Hele landet,2014-2023,2023-01-01,Kvinner,Alle aldre,"Livmorhalskreft, kvinner","per 100 000, standardisert",13.5,3,2
Hele landet,2014-2023,2023-01-01,Kvinner,Alle aldre,Prostatakreft,"per 100 000, standardisert",,3,2
Hele landet,2015-2024,2024-01-01,Kjønn samlet,Alle aldre,Totalt alle krefttyper,"per 100 000, standardisert",660.2,1,2
Hele landet,2015-2024,2024-01-01,Kjønn samlet,Alle aldre,Tykk- og endetarmskreft,"per 100 000, standardisert",87.1,1,2
Hele landet,2015-2024,2024-01-01,Kjønn samlet,Alle aldre,Lungekreft,"per 100 000, standardisert",63.7,1,2
Hele landet,2015-2024,2024-01-01,Kjønn samlet,Alle aldre,Hudkreft,"per 100 000, standardisert",97.6,1,2
Hele landet,2015-2024,2024-01-01,Kjønn samlet,Alle aldre,Føflekkreft (malignt melanom),"per 100 000, standardisert",46.0,1,2
Hele landet,2015-2024,2024-01-01,Kjønn samlet,Alle aldre,Brystkreft,"per 100 000, standardisert",71.0,1,2
Hele landet,2015-2024,2024-01-01,Kjønn samlet,Alle aldre,"Livmorhalskreft, kvinner","per 100 000, standardisert",,1,2
Hele landet,2015-2024,2024-01-01,Kjønn samlet,Alle aldre,Prostatakreft,"per 100 000, standardisert",,1,2
Hele landet,2015-2024,2024-01-01,Menn,Alle aldre,Totalt alle krefttyper,"per 100 000, standardisert",698.3,2,2
Hele landet,2015-2024,2024-01-01,Menn,Alle aldre,Tykk- og endetarmskreft,"per 100 000, standardisert",89.4,2,2
Hele landet,2015-2024,2024-01-01,Menn,Alle aldre,Lungekreft,"per 100 000, standardisert",64.6,2,2
Hele landet,2015-2024,2024-01-01,Menn,Alle aldre,Hudkreft,"per 100 000, standardisert",103.2,2,2
Hele landet,2015-2024,2024-01-01,Menn,Alle aldre,Føflekkreft (malignt melanom),"per 100 000, standardisert",47.1,2,2
Hele landet,2015-2024,2024-01-01,Menn,Alle aldre,Brystkreft,"per 100 000, standardisert",0.9,2,2
Hele landet,2015-2024,2024-01-01,Menn,Alle aldre,"Livmorhalskreft, kvinner","per 100 000, standardisert",,2,2
Hele landet,2015-2024,2024-01-01,Menn,Alle aldre,Prostatakreft,"per 100 000, standardisert",195.3,2,2
Hele landet,2015-2024,2024-01-01,Kvinner,Alle aldre,Totalt alle krefttyper,"per 100 000, standardisert",621.6,3,2
Hele landet,2015-2024,2024-01-01,Kvinner,Alle aldre,Tykk- og endetarmskreft,"per 100 000, standardisert",84.7,3,2
Hele landet,2015-2024,2024-01-01,Kvinner,Alle aldre,Lungekreft,"per 100 000, standardisert",62.7,3,2
Hele landet,2015-2024,2024-01-01,Kvinner,Alle aldre,Hudkreft,"per 100 000, standardisert",92.0,3,2
Hele landet,2015-2024,2024-01-01,Kvinner,Alle aldre,Føflekkreft (malignt melanom),"per 100 000, standardisert",45.0,3,2
Hele landet,2015-2024,2024-01-01,Kvinner,Alle aldre,Brystkreft,"per 100 000, standardisert",142.2,3,2
Hele landet,2015-2024,2024-01-01,Kvinner,Alle aldre,"Livmorhalskreft, kvinner","per 100 000, standardisert",13.1,3,2
Hele landet,2015-2024,2024-01-01,Kvinner,Alle aldre,Prostatakreft,"per 100 000, standardisert",,3,2
Hele landet,2016-2025,2025-01-01,Kjønn samlet,Alle aldre,Totalt alle krefttyper,"per 100 000, standardisert",657.9,1,2
Hele landet,2016-2025,2025-01-01,Kjønn samlet,Alle aldre,Tykk- og endetarmskreft,"per 100 000, standardisert",86.0,1,2
Hele landet,2016-2025,2025-01-01,Kjønn samlet,Alle aldre,Lungekreft,"per 100 000, standardisert",62.5,1,2
Hele landet,2016-2025,2025-01-01,Kjønn samlet,Alle aldre,Hudkreft,"per 100 000, standardisert",100.6,1,2
Hele landet,2016-2025,2025-01-01,Kjønn samlet,Alle aldre,Føflekkreft (malignt melanom),"per 100 000, standardisert",47.0,1,2
Hele landet,2016-2025,2025-01-01,Kjønn samlet,Alle aldre,Brystkreft,"per 100 000, standardisert",71.8,1,2
Hele landet,2016-2025,2025-01-01,Kjønn samlet,Alle aldre,"Livmorhalskreft, kvinner","per 100 000, standardisert",,1,2
Hele landet,2016-2025,2025-01-01,Kjønn samlet,Alle aldre,Prostatakreft,"per 100 000, standardisert",,1,2
Hele landet,2016-2025,2025-01-01,Menn,Alle aldre,Totalt alle krefttyper,"per 100 000, standardisert",692.3,2,2
Hele landet,2016-2025,2025-01-01,Menn,Alle aldre,Tykk- og endetarmskreft,"per 100 000, standardisert",88.0,2,2
Hele landet,2016-2025,2025-01-01,Menn,Alle aldre,Lungekreft,"per 100 000, standardisert",62.9,2,2
Hele landet,2016-2025,2025-01-01,Menn,Alle aldre,Hudkreft,"per 100 000, standardisert",105.6,2,2
Hele landet,2016-2025,2025-01-01,Menn,Alle aldre,Føflekkreft (malignt melanom),"per 100 000, standardisert",47.9,2,2
Hele landet,2016-2025,2025-01-01,Menn,Alle aldre,Brystkreft,"per 100 000, standardisert",0.9,2,2
Hele landet,2016-2025,2025-01-01,Menn,Alle aldre,"Livmorhalskreft, kvinner","per 100 000, standardisert",,2,2
Hele landet,2016-2025,2025-01-01,Menn,Alle aldre,Prostatakreft,"per 100 000, standardisert",191.1,2,2
Hele landet,2016-2025,2025-01-01,Kvinner,Alle aldre,Totalt alle krefttyper,"per 100 000, standardisert",622.9,3,2
Hele landet,2016-2025,2025-01-01,Kvinner,Alle aldre,Tykk- og endetarmskreft,"per 100 000, standardisert",83.9,3,2
Hele landet,2016-2025,2025-01-01,Kvinner,Alle aldre,Lungekreft,"per 100 000, standardisert",62.2,3,2
Hele landet,2016-2025,2025-01-01,Kvinner,Alle aldre,Hudkreft,"per 100 000, standardisert",95.4,3,2
Hele landet,2016-2025,2025-01-01,Kvinner,Alle aldre,Føflekkreft (malignt melanom),"per 100 000, standardisert",46.2,3,2
Hele landet,2016-2025,2025-01-01,Kvinner,Alle aldre,Brystkreft,"per 100 000, standardisert",143.9,3,2
Hele landet,2016-2025,2025-01-01,Kvinner,Alle aldre,"Livmorhalskreft, kvinner","per 100 000, standardisert",12.4,3,2
Hele landet,2016-2025,2025-01-01,Kvinner,Alle aldre,Prostatakreft,"per 100 000, standardisert",,3,2
Telemark,2007-2016,2016-01-01,Kjønn samlet,Alle aldre,Totalt alle krefttyper,"per 100 000, standardisert",646.1,1,1
Telemark,2007-2016,2016-01-01,Kjønn samlet,Alle aldre,Tykk- og endetarmskreft,"per 100 000, standardisert",76.4,1,1
Telemark,2007-2016,2016-01-01,Kjønn samlet,Alle aldre,Lungekreft,"per 100 000, standardisert",63.4,1,1
Telemark,2007-2016,2016-01-01,Kjønn samlet,Alle aldre,Hudkreft,"per 100 000, standardisert",84.2,1,1
Telemark,2007-2016,2016-01-01,Kjønn samlet,Alle aldre,Føflekkreft (malignt melanom),"per 100 000, standardisert",39.0,1,1
Telemark,2007-2016,2016-01-01,Kjønn samlet,Alle aldre,Brystkreft,"per 100 000, standardisert",62.2,1,1
Telemark,2007-2016,2016-01-01,Kjønn samlet,Alle aldre,"Livmorhalskreft, kvinner","per 100 000, standardisert",,1,1
Telemark,2007-2016,2016-01-01,Kjønn samlet,Alle aldre,Prostatakreft,"per 100 000, standardisert",,1,1
Telemark,2007-2016,2016-01-01,Menn,Alle aldre,Totalt alle krefttyper,"per 100 000, standardisert",718.2,2,1
Telemark,2007-2016,2016-01-01,Menn,Alle aldre,Tykk- og endetarmskreft,"per 100 000, standardisert",82.1,2,1
Telemark,2007-2016,2016-01-01,Menn,Alle aldre,Lungekreft,"per 100 000, standardisert",73.4,2,1
Telemark,2007-2016,2016-01-01,Menn,Alle aldre,Hudkreft,"per 100 000, standardisert",92.0,2,1
Telemark,2007-2016,2016-01-01,Menn,Alle aldre,Føflekkreft (malignt melanom),"per 100 000, standardisert",39.5,2,1
Telemark,2007-2016,2016-01-01,Menn,Alle aldre,Brystkreft,"per 100 000, standardisert",,2,1
Telemark,2007-2016,2016-01-01,Menn,Alle aldre,"Livmorhalskreft, kvinner","per 100 000, standardisert",,2,1
Telemark,2007-2016,2016-01-01,Menn,Alle aldre,Prostatakreft,"per 100 000, standardisert",215.3,2,1
Telemark,2007-2016,2016-01-01,Kvinner,Alle aldre,Totalt alle krefttyper,"per 100 000, standardisert",576.2,3,1
Telemark,2007-2016,2016-01-01,Kvinner,Alle aldre,Tykk- og endetarmskreft,"per 100 000, standardisert",71.1,3,1
Telemark,2007-2016,2016-01-01,Kvinner,Alle aldre,Lungekreft,"per 100 000, standardisert",53.9,3,1
Telemark,2007-2016,2016-01-01,Kvinner,Alle aldre,Hudkreft,"per 100 000, standardisert",76.8,3,1
Telemark,2007-2016,2016-01-01,Kvinner,Alle aldre,Føflekkreft (malignt melanom),"per 100 000, standardisert",38.4,3,1
Telemark,2007-2016,2016-01-01,Kvinner,Alle aldre,Brystkreft,"per 100 000, standardisert",124.1,3,1
Telemark,2007-2016,2016-01-01,Kvinner,Alle aldre,"Livmorhalskreft, kvinner","per 100 000, standardisert",13.1,3,1
Telemark,2007-2016,2016-01-01,Kvinner,Alle aldre,Prostatakreft,"per 100 000, standardisert",,3,1
Telemark,2008-2017,2017-01-01,Kjønn samlet,Alle aldre,Totalt alle krefttyper,"per 100 000, standardisert",646.9,1,1
Telemark,2008-2017,2017-01-01,Kjønn samlet,Alle aldre,Tykk- og endetarmskreft,"per 100 000, standardisert",76.3,1,1
Telemark,2008-2017,2017-01-01,Kjønn samlet,Alle aldre,Lungekreft,"per 100 000, standardisert",62.8,1,1
Telemark,2008-2017,2017-01-01,Kjønn samlet,Alle aldre,Hudkreft,"per 100 000, standardisert",87.7,1,1
Telemark,2008-2017,2017-01-01,Kjønn samlet,Alle aldre,Føflekkreft (malignt melanom),"per 100 000, standardisert",40.5,1,1
Telemark,2008-2017,2017-01-01,Kjønn samlet,Alle aldre,Brystkreft,"per 100 000, standardisert",62.3,1,1
Telemark,2008-2017,2017-01-01,Kjønn samlet,Alle aldre,"Livmorhalskreft, kvinner","per 100 000, standardisert",,1,1
Telemark,2008-2017,2017-01-01,Kjønn samlet,Alle aldre,Prostatakreft,"per 100 000, standardisert",,1,1
Telemark,2008-2017,2017-01-01,Menn,Alle aldre,Totalt alle krefttyper,"per 100 000, standardisert",716.1,2,1
Telemark,2008-2017,2017-01-01,Menn,Alle aldre,Tykk- og endetarmskreft,"per 100 000, standardisert",80.8,2,1
Telemark,2008-2017,2017-01-01,Menn,Alle aldre,Lungekreft,"per 100 000, standardisert",71.6,2,1
Telemark,2008-2017,2017-01-01,Menn,Alle aldre,Hudkreft,"per 100 000, standardisert",95.5,2,1
Telemark,2008-2017,2017-01-01,Menn,Alle aldre,Føflekkreft (malignt melanom),"per 100 000, standardisert",40.7,2,1
Telemark,2008-2017,2017-01-01,Menn,Alle aldre,Brystkreft,"per 100 000, standardisert",,2,1
Telemark,2008-2017,2017-01-01,Menn,Alle aldre,"Livmorhalskreft, kvinner","per 100 000, standardisert",,2,1
Telemark,2008-2017,2017-01-01,Menn,Alle aldre,Prostatakreft,"per 100 000, standardisert",214.3,2,1
Telemark,2008-2017,2017-01-01,Kvinner,Alle aldre,Totalt alle krefttyper,"per 100 000, standardisert",579.2,3,1
Telemark,2008-2017,2017-01-01,Kvinner,Alle aldre,Tykk- og endetarmskreft,"per 100 000, standardisert",72.0,3,1
Telemark,2008-2017,2017-01-01,Kvinner,Alle aldre,Lungekreft,"per 100 000, standardisert",54.5,3,1
Telemark,2008-2017,2017-01-01,Kvinner,Alle aldre,Hudkreft,"per 100 000, standardisert",80.0,3,1
Telemark,2008-2017,2017-01-01,Kvinner,Alle aldre,Føflekkreft (malignt melanom),"per 100 000, standardisert",40.3,3,1
Telemark,2008-2017,2017-01-01,Kvinner,Alle aldre,Brystkreft,"per 100 000, standardisert",124.4,3,1
Telemark,2008-2017,2017-01-01,Kvinner,Alle aldre,"Livmorhalskreft, kvinner","per 100 000, standardisert",12.3,3,1
Telemark,2008-2017,2017-01-01,Kvinner,Alle aldre,Prostatakreft,"per 100 000, standardisert",,3,1
Telemark,2009-2018,2018-01-01,Kjønn samlet,Alle aldre,Totalt alle krefttyper,"per 100 000, standardisert",649.7,1,1
Telemark,2009-2018,2018-01-01,Kjønn samlet,Alle aldre,Tykk- og endetarmskreft,"per 100 000, standardisert",77.2,1,1
Telemark,2009-2018,2018-01-01,Kjønn samlet,Alle aldre,Lungekreft,"per 100 000, standardisert",63.2,1,1
Telemark,2009-2018,2018-01-01,Kjønn samlet,Alle aldre,Hudkreft,"per 100 000, standardisert",94.1,1,1
Telemark,2009-2018,2018-01-01,Kjønn samlet,Alle aldre,Føflekkreft (malignt melanom),"per 100 000, standardisert",43.0,1,1
Telemark,2009-2018,2018-01-01,Kjønn samlet,Alle aldre,Brystkreft,"per 100 000, standardisert",63.6,1,1
Telemark,2009-2018,2018-01-01,Kjønn samlet,Alle aldre,"Livmorhalskreft, kvinner","per 100 000, standardisert",,1,1
Telemark,2009-2018,2018-01-01,Kjønn samlet,Alle aldre,Prostatakreft,"per 100 000, standardisert",,1,1
Telemark,2009-2018,2018-01-01,Menn,Alle aldre,Totalt alle krefttyper,"per 100 000, standardisert",709.6,2,1
Telemark,2009-2018,2018-01-01,Menn,Alle aldre,Tykk- og endetarmskreft,"per 100 000, standardisert",81.1,2,1
Telemark,2009-2018,2018-01-01,Menn,Alle aldre,Lungekreft,"per 100 000, standardisert",69.2,2,1
Telemark,2009-2018,2018-01-01,Menn,Alle aldre,Hudkreft,"per 100 000, standardisert",101.0,2,1
Telemark,2009-2018,2018-01-01,Menn,Alle aldre,Føflekkreft (malignt melanom),"per 100 000, standardisert",42.9,2,1
Telemark,2009-2018,2018-01-01,Menn,Alle aldre,Brystkreft,"per 100 000, standardisert",,2,1
Telemark,2009-2018,2018-01-01,Menn,Alle aldre,"Livmorhalskreft, kvinner","per 100 000, standardisert",,2,1
Telemark,2009-2018,2018-01-01,Menn,Alle aldre,Prostatakreft,"per 100 000, standardisert",208.2,2,1
Telemark,2009-2018,2018-01-01,Kvinner,Alle aldre,Totalt alle krefttyper,"per 100 000, standardisert",590.5,3,1
Telemark,2009-2018,2018-01-01,Kvinner,Alle aldre,Tykk- og endetarmskreft,"per 100 000, standardisert",73.3,3,1
Telemark,2009-2018,2018-01-01,Kvinner,Alle aldre,Lungekreft,"per 100 000, standardisert",57.6,3,1
Telemark,2009-2018,2018-01-01,Kvinner,Alle aldre,Hudkreft,"per 100 000, standardisert",87.3,3,1
Telemark,2009-2018,2018-01-01,Kvinner,Alle aldre,Føflekkreft (malignt melanom),"per 100 000, standardisert",43.1,3,1
Telemark,2009-2018,2018-01-01,Kvinner,Alle aldre,Brystkreft,"per 100 000, standardisert",126.9,3,1
Telemark,2009-2018,2018-01-01,Kvinner,Alle aldre,"Livmorhalskreft, kvinner","per 100 000, standardisert",12.9,3,1
Telemark,2009-2018,2018-01-01,Kvinner,Alle aldre,Prostatakreft,"per 100 000, standardisert",,3,1
Telemark,2010-2019,2019-01-01,Kjønn samlet,Alle aldre,Totalt alle krefttyper,"per 100 000, standardisert",651.2,1,1
Telemark,2010-2019,2019-01-01,Kjønn samlet,Alle aldre,Tykk- og endetarmskreft,"per 100 000, standardisert",78.5,1,1
Telemark,2010-2019,2019-01-01,Kjønn samlet,Alle aldre,Lungekreft,"per 100 000, standardisert",63.8,1,1
Telemark,2010-2019,2019-01-01,Kjønn samlet,Alle aldre,Hudkreft,"per 100 000, standardisert",97.1,1,1
Telemark,2010-2019,2019-01-01,Kjønn samlet,Alle aldre,Føflekkreft (malignt melanom),"per 100 000, standardisert",44.3,1,1
Telemark,2010-2019,2019-01-01,Kjønn samlet,Alle aldre,Brystkreft,"per 100 000, standardisert",65.0,1,1
Telemark,2010-2019,2019-01-01,Kjønn samlet,Alle aldre,"Livmorhalskreft, kvinner","per 100 000, standardisert",,1,1
Telemark,2010-2019,2019-01-01,Kjønn samlet,Alle aldre,Prostatakreft,"per 100 000, standardisert",,1,1
Telemark,2010-2019,2019-01-01,Menn,Alle aldre,Totalt alle krefttyper,"per 100 000, standardisert",705.5,2,1
Telemark,2010-2019,2019-01-01,Menn,Alle aldre,Tykk- og endetarmskreft,"per 100 000, standardisert",81.0,2,1
Telemark,2010-2019,2019-01-01,Menn,Alle aldre,Lungekreft,"per 100 000, standardisert",69.2,2,1
Telemark,2010-2019,2019-01-01,Menn,Alle aldre,Hudkreft,"per 100 000, standardisert",102.6,2,1
Telemark,2010-2019,2019-01-01,Menn,Alle aldre,Føflekkreft (malignt melanom),"per 100 000, standardisert",42.7,2,1
Telemark,2010-2019,2019-01-01,Menn,Alle aldre,Brystkreft,"per 100 000, standardisert",,2,1
Telemark,2010-2019,2019-01-01,Menn,Alle aldre,"Livmorhalskreft, kvinner","per 100 000, standardisert",,2,1
Telemark,2010-2019,2019-01-01,Menn,Alle aldre,Prostatakreft,"per 100 000, standardisert",200.6,2,1
Telemark,2010-2019,2019-01-01,Kvinner,Alle aldre,Totalt alle krefttyper,"per 100 000, standardisert",597.1,3,1
Telemark,2010-2019,2019-01-01,Kvinner,Alle aldre,Tykk- og endetarmskreft,"per 100 000, standardisert",76.0,3,1
Telemark,2010-2019,2019-01-01,Kvinner,Alle aldre,Lungekreft,"per 100 000, standardisert",58.6,3,1
Telemark,2010-2019,2019-01-01,Kvinner,Alle aldre,Hudkreft,"per 100 000, standardisert",91.6,3,1
Telemark,2010-2019,2019-01-01,Kvinner,Alle aldre,Føflekkreft (malignt melanom),"per 100 000, standardisert",45.8,3,1
Telemark,2010-2019,2019-01-01,Kvinner,Alle aldre,Brystkreft,"per 100 000, standardisert",129.7,3,1
Telemark,2010-2019,2019-01-01,Kvinner,Alle aldre,"Livmorhalskreft, kvinner","per 100 000, standardisert",14.6,3,1
Telemark,2010-2019,2019-01-01,Kvinner,Alle aldre,Prostatakreft,"per 100 000, standardisert",,3,1
Telemark,2011-2020,2020-01-01,Kjønn samlet,Alle aldre,Totalt alle krefttyper,"per 100 000, standardisert",658.4,1,1
Telemark,2011-2020,2020-01-01,Kjønn samlet,Alle aldre,Tykk- og endetarmskreft,"per 100 000, standardisert",78.6,1,1
Telemark,2011-2020,2020-01-01,Kjønn samlet,Alle aldre,Lungekreft,"per 100 000, standardisert",65.1,1,1
Telemark,2011-2020,2020-01-01,Kjønn samlet,Alle aldre,Hudkreft,"per 100 000, standardisert",103.9,1,1
Telemark,2011-2020,2020-01-01,Kjønn samlet,Alle aldre,Føflekkreft (malignt melanom),"per 100 000, standardisert",47.9,1,1
Telemark,2011-2020,2020-01-01,Kjønn samlet,Alle aldre,Brystkreft,"per 100 000, standardisert",64.9,1,1
Telemark,2011-2020,2020-01-01,Kjønn samlet,Alle aldre,"Livmorhalskreft, kvinner","per 100 000, standardisert",,1,1
Telemark,2011-2020,2020-01-01,Kjønn samlet,Alle aldre,Prostatakreft,"per 100 000, standardisert",,1,1
Telemark,2011-2020,2020-01-01,Menn,Alle aldre,Totalt alle krefttyper,"per 100 000, standardisert",714.2,2,1
Telemark,2011-2020,2020-01-01,Menn,Alle aldre,Tykk- og endetarmskreft,"per 100 000, standardisert",80.8,2,1
Telemark,2011-2020,2020-01-01,Menn,Alle aldre,Lungekreft,"per 100 000, standardisert",71.8,2,1
Telemark,2011-2020,2020-01-01,Menn,Alle aldre,Hudkreft,"per 100 000, standardisert",109.5,2,1
Telemark,2011-2020,2020-01-01,Menn,Alle aldre,Føflekkreft (malignt melanom),"per 100 000, standardisert",47.3,2,1
Telemark,2011-2020,2020-01-01,Menn,Alle aldre,Brystkreft,"per 100 000, standardisert",,2,1
Telemark,2011-2020,2020-01-01,Menn,Alle aldre,"Livmorhalskreft, kvinner","per 100 000, standardisert",,2,1
Telemark,2011-2020,2020-01-01,Menn,Alle aldre,Prostatakreft,"per 100 000, standardisert",197.4,2,1
Telemark,2011-2020,2020-01-01,Kvinner,Alle aldre,Totalt alle krefttyper,"per 100 000, standardisert",602.6,3,1
Telemark,2011-2020,2020-01-01,Kvinner,Alle aldre,Tykk- og endetarmskreft,"per 100 000, standardisert",76.5,3,1
Telemark,2011-2020,2020-01-01,Kvinner,Alle aldre,Lungekreft,"per 100 000, standardisert",58.6,3,1
Telemark,2011-2020,2020-01-01,Kvinner,Alle aldre,Hudkreft,"per 100 000, standardisert",98.3,3,1
Telemark,2011-2020,2020-01-01,Kvinner,Alle aldre,Føflekkreft (malignt melanom),"per 100 000, standardisert",48.5,3,1
Telemark,2011-2020,2020-01-01,Kvinner,Alle aldre,Brystkreft,"per 100 000, standardisert",129.5,3,1
Telemark,2011-2020,2020-01-01,Kvinner,Alle aldre,"Livmorhalskreft, kvinner","per 100 000, standardisert",15.2,3,1
Telemark,2011-2020,2020-01-01,Kvinner,Alle aldre,Prostatakreft,"per 100 000, standardisert",,3,1
Telemark,2012-2021,2021-01-01,Kjønn samlet,Alle aldre,Totalt alle krefttyper,"per 100 000, standardisert",665.5,1,1
Telemark,2012-2021,2021-01-01,Kjønn samlet,Alle aldre,Tykk- og endetarmskreft,"per 100 000, standardisert",79.5,1,1
Telemark,2012-2021,2021-01-01,Kjønn samlet,Alle aldre,Lungekreft,"per 100 000, standardisert",64.6,1,1
Telemark,2012-2021,2021-01-01,Kjønn samlet,Alle aldre,Hudkreft,"per 100 000, standardisert",108.3,1,1
Telemark,2012-2021,2021-01-01,Kjønn samlet,Alle aldre,Føflekkreft (malignt melanom),"per 100 000, standardisert",49.2,1,1
Telemark,2012-2021,2021-01-01,Kjønn samlet,Alle aldre,Brystkreft,"per 100 000, standardisert",66.5,1,1
Telemark,2012-2021,2021-01-01,Kjønn samlet,Alle aldre,"Livmorhalskreft, kvinner","per 100 000, standardisert",,1,1
Telemark,2012-2021,2021-01-01,Kjønn samlet,Alle aldre,Prostatakreft,"per 100 000, standardisert",,1,1
Telemark,2012-2021,2021-01-01,Menn,Alle aldre,Totalt alle krefttyper,"per 100 000, standardisert",715.7,2,1
Telemark,2012-2021,2021-01-01,Menn,Alle aldre,Tykk- og endetarmskreft,"per 100 000, standardisert",82.4,2,1
Telemark,2012-2021,2021-01-01,Menn,Alle aldre,Lungekreft,"per 100 000, standardisert",70.4,2,1
Telemark,2012-2021,2021-01-01,Menn,Alle aldre,Hudkreft,"per 100 000, standardisert",113.8,2,1
Telemark,2012-2021,2021-01-01,Menn,Alle aldre,Føflekkreft (malignt melanom),"per 100 000, standardisert",49.0,2,1
Telemark,2012-2021,2021-01-01,Menn,Alle aldre,Brystkreft,"per 100 000, standardisert",,2,1
Telemark,2012-2021,2021-01-01,Menn,Alle aldre,"Livmorhalskreft, kvinner","per 100 000, standardisert",,2,1
Telemark,2012-2021,2021-01-01,Menn,Alle aldre,Prostatakreft,"per 100 000, standardisert",190.7,2,1
Telemark,2012-2021,2021-01-01,Kvinner,Alle aldre,Totalt alle krefttyper,"per 100 000, standardisert",615.0,3,1
Telemark,2012-2021,2021-01-01,Kvinner,Alle aldre,Tykk- og endetarmskreft,"per 100 000, standardisert",76.5,3,1
Telemark,2012-2021,2021-01-01,Kvinner,Alle aldre,Lungekreft,"per 100 000, standardisert",58.8,3,1
Telemark,2012-2021,2021-01-01,Kvinner,Alle aldre,Hudkreft,"per 100 000, standardisert",102.7,3,1
Telemark,2012-2021,2021-01-01,Kvinner,Alle aldre,Føflekkreft (malignt melanom),"per 100 000, standardisert",49.4,3,1
Telemark,2012-2021,2021-01-01,Kvinner,Alle aldre,Brystkreft,"per 100 000, standardisert",132.5,3,1
Telemark,2012-2021,2021-01-01,Kvinner,Alle aldre,"Livmorhalskreft, kvinner","per 100 000, standardisert",15.8,3,1
Telemark,2012-2021,2021-01-01,Kvinner,Alle aldre,Prostatakreft,"per 100 000, standardisert",,3,1
Telemark,2013-2022,2022-01-01,Kjønn samlet,Alle aldre,Totalt alle krefttyper,"per 100 000, standardisert",667.4,1,1
Telemark,2013-2022,2022-01-01,Kjønn samlet,Alle aldre,Tykk- og endetarmskreft,"per 100 000, standardisert",80.5,1,1
Telemark,2013-2022,2022-01-01,Kjønn samlet,Alle aldre,Lungekreft,"per 100 000, standardisert",64.0,1,1
Telemark,2013-2022,2022-01-01,Kjønn samlet,Alle aldre,Hudkreft,"per 100 000, standardisert",115.4,1,1
Telemark,2013-2022,2022-01-01,Kjønn samlet,Alle aldre,Føflekkreft (malignt melanom),"per 100 000, standardisert",53.0,1,1
Telemark,2013-2022,2022-01-01,Kjønn samlet,Alle aldre,Brystkreft,"per 100 000, standardisert",69.2,1,1
Telemark,2013-2022,2022-01-01,Kjønn samlet,Alle aldre,"Livmorhalskreft, kvinner","per 100 000, standardisert",,1,1
Telemark,2013-2022,2022-01-01,Kjønn samlet,Alle aldre,Prostatakreft,"per 100 000, standardisert",,1,1
Telemark,2013-2022,2022-01-01,Menn,Alle aldre,Totalt alle krefttyper,"per 100 000, standardisert",708.4,2,1
Telemark,2013-2022,2022-01-01,Menn,Alle aldre,Tykk- og endetarmskreft,"per 100 000, standardisert",83.2,2,1
Telemark,2013-2022,2022-01-01,Menn,Alle aldre,Lungekreft,"per 100 000, standardisert",68.9,2,1
Telemark,2013-2022,2022-01-01,Menn,Alle aldre,Hudkreft,"per 100 000, standardisert",120.6,2,1
Telemark,2013-2022,2022-01-01,Menn,Alle aldre,Føflekkreft (malignt melanom),"per 100 000, standardisert",52.1,2,1
Telemark,2013-2022,2022-01-01,Menn,Alle aldre,Brystkreft,"per 100 000, standardisert",,2,1
Telemark,2013-2022,2022-01-01,Menn,Alle aldre,"Livmorhalskreft, kvinner","per 100 000, standardisert",,2,1
Telemark,2013-2022,2022-01-01,Menn,Alle aldre,Prostatakreft,"per 100 000, standardisert",182.2,2,1
Telemark,2013-2022,2022-01-01,Kvinner,Alle aldre,Totalt alle krefttyper,"per 100 000, standardisert",625.8,3,1
Telemark,2013-2022,2022-01-01,Kvinner,Alle aldre,Tykk- og endetarmskreft,"per 100 000, standardisert",77.8,3,1
Telemark,2013-2022,2022-01-01,Kvinner,Alle aldre,Lungekreft,"per 100 000, standardisert",59.0,3,1
Telemark,2013-2022,2022-01-01,Kvinner,Alle aldre,Hudkreft,"per 100 000, standardisert",110.1,3,1
Telemark,2013-2022,2022-01-01,Kvinner,Alle aldre,Føflekkreft (malignt melanom),"per 100 000, standardisert",53.8,3,1
Telemark,2013-2022,2022-01-01,Kvinner,Alle aldre,Brystkreft,"per 100 000, standardisert",138.1,3,1
Telemark,2013-2022,2022-01-01,Kvinner,Alle aldre,"Livmorhalskreft, kvinner","per 100 000, standardisert",14.9,3,1
Telemark,2013-2022,2022-01-01,Kvinner,Alle aldre,Prostatakreft,"per 100 000, standardisert",,3,1
Telemark,2014-2023,2023-01-01,Kjønn samlet,Alle aldre,Totalt alle krefttyper,"per 100 000, standardisert",676.1,1,1
Telemark,2014-2023,2023-01-01,Kjønn samlet,Alle aldre,Tykk- og endetarmskreft,"per 100 000, standardisert",81.4,1,1
Telemark,2014-2023,2023-01-01,Kjønn samlet,Alle aldre,Lungekreft,"per 100 000, standardisert",64.8,1,1
Telemark,2014-2023,2023-01-01,Kjønn samlet,Alle aldre,Hudkreft,"per 100 000, standardisert",121.3,1,1
Telemark,2014-2023,2023-01-01,Kjønn samlet,Alle aldre,Føflekkreft (malignt melanom),"per 100 000, standardisert",55.4,1,1
Telemark,2014-2023,2023-01-01,Kjønn samlet,Alle aldre,Brystkreft,"per 100 000, standardisert",71.5,1,1
Telemark,2014-2023,2023-01-01,Kjønn samlet,Alle aldre,"Livmorhalskreft, kvinner","per 100 000, standardisert",,1,1
Telemark,2014-2023,2023-01-01,Kjønn samlet,Alle aldre,Prostatakreft,"per 100 000, standardisert",,1,1
Telemark,2014-2023,2023-01-01,Menn,Alle aldre,Totalt alle krefttyper,"per 100 000, standardisert",709.5,2,1
Telemark,2014-2023,2023-01-01,Menn,Alle aldre,Tykk- og endetarmskreft,"per 100 000, standardisert",82.2,2,1
Telemark,2014-2023,2023-01-01,Menn,Alle aldre,Lungekreft,"per 100 000, standardisert",68.8,2,1
Telemark,2014-2023,2023-01-01,Menn,Alle aldre,Hudkreft,"per 100 000, standardisert",124.5,2,1
Telemark,2014-2023,2023-01-01,Menn,Alle aldre,Føflekkreft (malignt melanom),"per 100 000, standardisert",54.1,2,1
Telemark,2014-2023,2023-01-01,Menn,Alle aldre,Brystkreft,"per 100 000, standardisert",,2,1
Telemark,2014-2023,2023-01-01,Menn,Alle aldre,"Livmorhalskreft, kvinner","per 100 000, standardisert",,2,1
Telemark,2014-2023,2023-01-01,Menn,Alle aldre,Prostatakreft,"per 100 000, standardisert",181.4,2,1
Telemark,2014-2023,2023-01-01,Kvinner,Alle aldre,Totalt alle krefttyper,"per 100 000, standardisert",642.1,3,1
Telemark,2014-2023,2023-01-01,Kvinner,Alle aldre,Tykk- og endetarmskreft,"per 100 000, standardisert",80.5,3,1
Telemark,2014-2023,2023-01-01,Kvinner,Alle aldre,Lungekreft,"per 100 000, standardisert",60.8,3,1
Telemark,2014-2023,2023-01-01,Kvinner,Alle aldre,Hudkreft,"per 100 000, standardisert",118.0,3,1
Telemark,2014-2023,2023-01-01,Kvinner,Alle aldre,Føflekkreft (malignt melanom),"per 100 000, standardisert",56.7,3,1
Telemark,2014-2023,2023-01-01,Kvinner,Alle aldre,Brystkreft,"per 100 000, standardisert",143.2,3,1
Telemark,2014-2023,2023-01-01,Kvinner,Alle aldre,"Livmorhalskreft, kvinner","per 100 000, standardisert",15.6,3,1
Telemark,2014-2023,2023-01-01,Kvinner,Alle aldre,Prostatakreft,"per 100 000, standardisert",,3,1
Telemark,2015-2024,2024-01-01,Kjønn samlet,Alle aldre,Totalt alle krefttyper,"per 100 000, standardisert",675.9,1,1
Telemark,2015-2024,2024-01-01,Kjønn samlet,Alle aldre,Tykk- og endetarmskreft,"per 100 000, standardisert",81.1,1,1
Telemark,2015-2024,2024-01-01,Kjønn samlet,Alle aldre,Lungekreft,"per 100 000, standardisert",64.7,1,1
Telemark,2015-2024,2024-01-01,Kjønn samlet,Alle aldre,Hudkreft,"per 100 000, standardisert",124.5,1,1
Telemark,2015-2024,2024-01-01,Kjønn samlet,Alle aldre,Føflekkreft (malignt melanom),"per 100 000, standardisert",55.6,1,1
Telemark,2015-2024,2024-01-01,Kjønn samlet,Alle aldre,Brystkreft,"per 100 000, standardisert",71.2,1,1
Telemark,2015-2024,2024-01-01,Kjønn samlet,Alle aldre,"Livmorhalskreft, kvinner","per 100 000, standardisert",,1,1
Telemark,2015-2024,2024-01-01,Kjønn samlet,Alle aldre,Prostatakreft,"per 100 000, standardisert",,1,1
Telemark,2015-2024,2024-01-01,Menn,Alle aldre,Totalt alle krefttyper,"per 100 000, standardisert",704.8,2,1
Telemark,2015-2024,2024-01-01,Menn,Alle aldre,Tykk- og endetarmskreft,"per 100 000, standardisert",80.9,2,1
Telemark,2015-2024,2024-01-01,Menn,Alle aldre,Lungekreft,"per 100 000, standardisert",66.6,2,1
Telemark,2015-2024,2024-01-01,Menn,Alle aldre,Hudkreft,"per 100 000, standardisert",125.0,2,1
Telemark,2015-2024,2024-01-01,Menn,Alle aldre,Føflekkreft (malignt melanom),"per 100 000, standardisert",54.1,2,1
Telemark,2015-2024,2024-01-01,Menn,Alle aldre,Brystkreft,"per 100 000, standardisert",,2,1
Telemark,2015-2024,2024-01-01,Menn,Alle aldre,"Livmorhalskreft, kvinner","per 100 000, standardisert",,2,1
Telemark,2015-2024,2024-01-01,Menn,Alle aldre,Prostatakreft,"per 100 000, standardisert",179.0,2,1
Telemark,2015-2024,2024-01-01,Kvinner,Alle aldre,Totalt alle krefttyper,"per 100 000, standardisert",646.5,3,1
Telemark,2015-2024,2024-01-01,Kvinner,Alle aldre,Tykk- og endetarmskreft,"per 100 000, standardisert",81.2,3,1
Telemark,2015-2024,2024-01-01,Kvinner,Alle aldre,Lungekreft,"per 100 000, standardisert",62.8,3,1
Telemark,2015-2024,2024-01-01,Kvinner,Alle aldre,Hudkreft,"per 100 000, standardisert",123.9,3,1
Telemark,2015-2024,2024-01-01,Kvinner,Alle aldre,Føflekkreft (malignt melanom),"per 100 000, standardisert",57.1,3,1
Telemark,2015-2024,2024-01-01,Kvinner,Alle aldre,Brystkreft,"per 100 000, standardisert",142.6,3,1
Telemark,2015-2024,2024-01-01,Kvinner,Alle aldre,"Livmorhalskreft, kvinner","per 100 000, standardisert",14.8,3,1
Telemark,2015-2024,2024-01-01,Kvinner,Alle aldre,Prostatakreft,"per 100 000, standardisert",,3,1
Telemark,2016-2025,2025-01-01,Kjønn samlet,Alle aldre,Totalt alle krefttyper,"per 100 000, standardisert",676.0,1,1
Telemark,2016-2025,2025-01-01,Kjønn samlet,Alle aldre,Tykk- og endetarmskreft,"per 100 000, standardisert",81.1,1,1
Telemark,2016-2025,2025-01-01,Kjønn samlet,Alle aldre,Lungekreft,"per 100 000, standardisert",63.9,1,1
Telemark,2016-2025,2025-01-01,Kjønn samlet,Alle aldre,Hudkreft,"per 100 000, standardisert",128.2,1,1
Telemark,2016-2025,2025-01-01,Kjønn samlet,Alle aldre,Føflekkreft (malignt melanom),"per 100 000, standardisert",56.4,1,1
Telemark,2016-2025,2025-01-01,Kjønn samlet,Alle aldre,Brystkreft,"per 100 000, standardisert",70.3,1,1
Telemark,2016-2025,2025-01-01,Kjønn samlet,Alle aldre,"Livmorhalskreft, kvinner","per 100 000, standardisert",,1,1
Telemark,2016-2025,2025-01-01,Kjønn samlet,Alle aldre,Prostatakreft,"per 100 000, standardisert",,1,1
Telemark,2016-2025,2025-01-01,Menn,Alle aldre,Totalt alle krefttyper,"per 100 000, standardisert",701.6,2,1
Telemark,2016-2025,2025-01-01,Menn,Alle aldre,Tykk- og endetarmskreft,"per 100 000, standardisert",79.4,2,1
Telemark,2016-2025,2025-01-01,Menn,Alle aldre,Lungekreft,"per 100 000, standardisert",66.8,2,1
Telemark,2016-2025,2025-01-01,Menn,Alle aldre,Hudkreft,"per 100 000, standardisert",126.9,2,1
Telemark,2016-2025,2025-01-01,Menn,Alle aldre,Føflekkreft (malignt melanom),"per 100 000, standardisert",54.3,2,1
Telemark,2016-2025,2025-01-01,Menn,Alle aldre,Brystkreft,"per 100 000, standardisert",,2,1
Telemark,2016-2025,2025-01-01,Menn,Alle aldre,"Livmorhalskreft, kvinner","per 100 000, standardisert",,2,1
Telemark,2016-2025,2025-01-01,Menn,Alle aldre,Prostatakreft,"per 100 000, standardisert",172.7,2,1
Telemark,2016-2025,2025-01-01,Kvinner,Alle aldre,Totalt alle krefttyper,"per 100 000, standardisert",650.1,3,1
Telemark,2016-2025,2025-01-01,Kvinner,Alle aldre,Tykk- og endetarmskreft,"per 100 000, standardisert",82.7,3,1
Telemark,2016-2025,2025-01-01,Kvinner,Alle aldre,Lungekreft,"per 100 000, standardisert",60.9,3,1
Telemark,2016-2025,2025-01-01,Kvinner,Alle aldre,Hudkreft,"per 100 000, standardisert",129.4,3,1
Telemark,2016-2025,2025-01-01,Kvinner,Alle aldre,Føflekkreft (malignt melanom),"per 100 000, standardisert",58.5,3,1
Telemark,2016-2025,2025-01-01,Kvinner,Alle aldre,Brystkreft,"per 100 000, standardisert",140.9,3,1
Telemark,2016-2025,2025-01-01,Kvinner,Alle aldre,"Livmorhalskreft, kvinner","per 100 000, standardisert",14.9,3,1
Telemark,2016-2025,2025-01-01,Kvinner,Alle aldre,Prostatakreft,"per 100 000, standardisert",,3,1
Porsgrunn,2007-2016,2016-01-01,Kjønn samlet,Alle aldre,Totalt alle krefttyper,"per 100 000, standardisert",664.0,1,13
Porsgrunn,2007-2016,2016-01-01,Kjønn samlet,Alle aldre,Tykk- og endetarmskreft,"per 100 000, standardisert",77.0,1,13
Porsgrunn,2007-2016,2016-01-01,Kjønn samlet,Alle aldre,Lungekreft,"per 100 000, standardisert",73.7,1,13
Porsgrunn,2007-2016,2016-01-01,Kjønn samlet,Alle aldre,Hudkreft,"per 100 000, standardisert",77.7,1,13
Porsgrunn,2007-2016,2016-01-01,Kjønn samlet,Alle aldre,Føflekkreft (malignt melanom),"per 100 000, standardisert",37.3,1,13
Porsgrunn,2007-2016,2016-01-01,Kjønn samlet,Alle aldre,Brystkreft,"per 100 000, standardisert",,1,13
Porsgrunn,2007-2016,2016-01-01,Kjønn samlet,Alle aldre,"Livmorhalskreft, kvinner","per 100 000, standardisert",,1,13
Porsgrunn,2007-2016,2016-01-01,Kjønn samlet,Alle aldre,Prostatakreft,"per 100 000, standardisert",,1,13
Porsgrunn,2007-2016,2016-01-01,Menn,Alle aldre,Totalt alle krefttyper,"per 100 000, standardisert",744.5,2,13
Porsgrunn,2007-2016,2016-01-01,Menn,Alle aldre,Tykk- og endetarmskreft,"per 100 000, standardisert",88.2,2,13
Porsgrunn,2007-2016,2016-01-01,Menn,Alle aldre,Lungekreft,"per 100 000, standardisert",90.2,2,13
Porsgrunn,2007-2016,2016-01-01,Menn,Alle aldre,Hudkreft,"per 100 000, standardisert",86.1,2,13
Porsgrunn,2007-2016,2016-01-01,Menn,Alle aldre,Føflekkreft (malignt melanom),"per 100 000, standardisert",38.9,2,13
Porsgrunn,2007-2016,2016-01-01,Menn,Alle aldre,Brystkreft,"per 100 000, standardisert",,2,13
Porsgrunn,2007-2016,2016-01-01,Menn,Alle aldre,"Livmorhalskreft, kvinner","per 100 000, standardisert",,2,13
Porsgrunn,2007-2016,2016-01-01,Menn,Alle aldre,Prostatakreft,"per 100 000, standardisert",214.7,2,13
Porsgrunn,2007-2016,2016-01-01,Kvinner,Alle aldre,Totalt alle krefttyper,"per 100 000, standardisert",587.6,3,13
Porsgrunn,2007-2016,2016-01-01,Kvinner,Alle aldre,Tykk- og endetarmskreft,"per 100 000, standardisert",66.7,3,13
Porsgrunn,2007-2016,2016-01-01,Kvinner,Alle aldre,Lungekreft,"per 100 000, standardisert",58.7,3,13
Porsgrunn,2007-2016,2016-01-01,Kvinner,Alle aldre,Hudkreft,"per 100 000, standardisert",69.8,3,13
Porsgrunn,2007-2016,2016-01-01,Kvinner,Alle aldre,Føflekkreft (malignt melanom),"per 100 000, standardisert",35.7,3,13
Porsgrunn,2007-2016,2016-01-01,Kvinner,Alle aldre,Brystkreft,"per 100 000, standardisert",127.0,3,13
Porsgrunn,2007-2016,2016-01-01,Kvinner,Alle aldre,"Livmorhalskreft, kvinner","per 100 000, standardisert",19.1,3,13
Porsgrunn,2007-2016,2016-01-01,Kvinner,Alle aldre,Prostatakreft,"per 100 000, standardisert",,3,13
Porsgrunn,2008-2017,2017-01-01,Kjønn samlet,Alle aldre,Totalt alle krefttyper,"per 100 000, standardisert",668.6,1,13
Porsgrunn,2008-2017,2017-01-01,Kjønn samlet,Alle aldre,Tykk- og endetarmskreft,"per 100 000, standardisert",77.4,1,13
Porsgrunn,2008-2017,2017-01-01,Kjønn samlet,Alle aldre,Lungekreft,"per 100 000, standardisert",71.4,1,13
Porsgrunn,2008-2017,2017-01-01,Kjønn samlet,Alle aldre,Hudkreft,"per 100 000, standardisert",84.2,1,13
Porsgrunn,2008-2017,2017-01-01,Kjønn samlet,Alle aldre,Føflekkreft (malignt melanom),"per 100 000, standardisert",39.4,1,13
Porsgrunn,2008-2017,2017-01-01,Kjønn samlet,Alle aldre,Brystkreft,"per 100 000, standardisert",,1,13
Porsgrunn,2008-2017,2017-01-01,Kjønn samlet,Alle aldre,"Livmorhalskreft, kvinner","per 100 000, standardisert",,1,13
Porsgrunn,2008-2017,2017-01-01,Kjønn samlet,Alle aldre,Prostatakreft,"per 100 000, standardisert",,1,13
Porsgrunn,2008-2017,2017-01-01,Menn,Alle aldre,Totalt alle krefttyper,"per 100 000, standardisert",738.2,2,13
Porsgrunn,2008-2017,2017-01-01,Menn,Alle aldre,Tykk- og endetarmskreft,"per 100 000, standardisert",84.2,2,13
Porsgrunn,2008-2017,2017-01-01,Menn,Alle aldre,Lungekreft,"per 100 000, standardisert",86.5,2,13
Porsgrunn,2008-2017,2017-01-01,Menn,Alle aldre,Hudkreft,"per 100 000, standardisert",91.9,2,13
Porsgrunn,2008-2017,2017-01-01,Menn,Alle aldre,Føflekkreft (malignt melanom),"per 100 000, standardisert",41.2,2,13
Porsgrunn,2008-2017,2017-01-01,Menn,Alle aldre,Brystkreft,"per 100 000, standardisert",,2,13
Porsgrunn,2008-2017,2017-01-01,Menn,Alle aldre,"Livmorhalskreft, kvinner","per 100 000, standardisert",,2,13
Porsgrunn,2008-2017,2017-01-01,Menn,Alle aldre,Prostatakreft,"per 100 000, standardisert",216.4,2,13
Porsgrunn,2008-2017,2017-01-01,Kvinner,Alle aldre,Totalt alle krefttyper,"per 100 000, standardisert",601.5,3,13
Porsgrunn,2008-2017,2017-01-01,Kvinner,Alle aldre,Tykk- og endetarmskreft,"per 100 000, standardisert",71.2,3,13
Porsgrunn,2008-2017,2017-01-01,Kvinner,Alle aldre,Lungekreft,"per 100 000, standardisert",57.6,3,13
Porsgrunn,2008-2017,2017-01-01,Kvinner,Alle aldre,Hudkreft,"per 100 000, standardisert",76.9,3,13
Porsgrunn,2008-2017,2017-01-01,Kvinner,Alle aldre,Føflekkreft (malignt melanom),"per 100 000, standardisert",37.6,3,13
Porsgrunn,2008-2017,2017-01-01,Kvinner,Alle aldre,Brystkreft,"per 100 000, standardisert",132.4,3,13
Porsgrunn,2008-2017,2017-01-01,Kvinner,Alle aldre,"Livmorhalskreft, kvinner","per 100 000, standardisert",15.6,3,13
Porsgrunn,2008-2017,2017-01-01,Kvinner,Alle aldre,Prostatakreft,"per 100 000, standardisert",,3,13
Porsgrunn,2009-2018,2018-01-01,Kjønn samlet,Alle aldre,Totalt alle krefttyper,"per 100 000, standardisert",668.2,1,13
Porsgrunn,2009-2018,2018-01-01,Kjønn samlet,Alle aldre,Tykk- og endetarmskreft,"per 100 000, standardisert",80.3,1,13
Porsgrunn,2009-2018,2018-01-01,Kjønn samlet,Alle aldre,Lungekreft,"per 100 000, standardisert",70.1,1,13
Porsgrunn,2009-2018,2018-01-01,Kjønn samlet,Alle aldre,Hudkreft,"per 100 000, standardisert",91.0,1,13
Porsgrunn,2009-2018,2018-01-01,Kjønn samlet,Alle aldre,Føflekkreft (malignt melanom),"per 100 000, standardisert",41.4,1,13
Porsgrunn,2009-2018,2018-01-01,Kjønn samlet,Alle aldre,Brystkreft,"per 100 000, standardisert",,1,13
Porsgrunn,2009-2018,2018-01-01,Kjønn samlet,Alle aldre,"Livmorhalskreft, kvinner","per 100 000, standardisert",,1,13
Porsgrunn,2009-2018,2018-01-01,Kjønn samlet,Alle aldre,Prostatakreft,"per 100 000, standardisert",,1,13
Porsgrunn,2009-2018,2018-01-01,Menn,Alle aldre,Totalt alle krefttyper,"per 100 000, standardisert",725.1,2,13
Porsgrunn,2009-2018,2018-01-01,Menn,Alle aldre,Tykk- og endetarmskreft,"per 100 000, standardisert",88.4,2,13
Porsgrunn,2009-2018,2018-01-01,Menn,Alle aldre,Lungekreft,"per 100 000, standardisert",80.9,2,13
Porsgrunn,2009-2018,2018-01-01,Menn,Alle aldre,Hudkreft,"per 100 000, standardisert",96.7,2,13
Porsgrunn,2009-2018,2018-01-01,Menn,Alle aldre,Føflekkreft (malignt melanom),"per 100 000, standardisert",42.2,2,13
Porsgrunn,2009-2018,2018-01-01,Menn,Alle aldre,Brystkreft,"per 100 000, standardisert",,2,13
Porsgrunn,2009-2018,2018-01-01,Menn,Alle aldre,"Livmorhalskreft, kvinner","per 100 000, standardisert",,2,13
Porsgrunn,2009-2018,2018-01-01,Menn,Alle aldre,Prostatakreft,"per 100 000, standardisert",203.7,2,13
Porsgrunn,2009-2018,2018-01-01,Kvinner,Alle aldre,Totalt alle krefttyper,"per 100 000, standardisert",612.4,3,13
Porsgrunn,2009-2018,2018-01-01,Kvinner,Alle aldre,Tykk- og endetarmskreft,"per 100 000, standardisert",72.8,3,13
Porsgrunn,2009-2018,2018-01-01,Kvinner,Alle aldre,Lungekreft,"per 100 000, standardisert",60.1,3,13
Porsgrunn,2009-2018,2018-01-01,Kvinner,Alle aldre,Hudkreft,"per 100 000, standardisert",85.4,3,13
Porsgrunn,2009-2018,2018-01-01,Kvinner,Alle aldre,Føflekkreft (malignt melanom),"per 100 000, standardisert",40.6,3,13
Porsgrunn,2009-2018,2018-01-01,Kvinner,Alle aldre,Brystkreft,"per 100 000, standardisert",137.6,3,13
Porsgrunn,2009-2018,2018-01-01,Kvinner,Alle aldre,"Livmorhalskreft, kvinner","per 100 000, standardisert",17.8,3,13
Porsgrunn,2009-2018,2018-01-01,Kvinner,Alle aldre,Prostatakreft,"per 100 000, standardisert",,3,13
Porsgrunn,2010-2019,2019-01-01,Kjønn samlet,Alle aldre,Totalt alle krefttyper,"per 100 000, standardisert",668.9,1,13
Porsgrunn,2010-2019,2019-01-01,Kjønn samlet,Alle aldre,Tykk- og endetarmskreft,"per 100 000, standardisert",81.3,1,13
Porsgrunn,2010-2019,2019-01-01,Kjønn samlet,Alle aldre,Lungekreft,"per 100 000, standardisert",71.0,1,13
Porsgrunn,2010-2019,2019-01-01,Kjønn samlet,Alle aldre,Hudkreft,"per 100 000, standardisert",95.3,1,13
Porsgrunn,2010-2019,2019-01-01,Kjønn samlet,Alle aldre,Føflekkreft (malignt melanom),"per 100 000, standardisert",44.7,1,13
Porsgrunn,2010-2019,2019-01-01,Kjønn samlet,Alle aldre,Brystkreft,"per 100 000, standardisert",,1,13
Porsgrunn,2010-2019,2019-01-01,Kjønn samlet,Alle aldre,"Livmorhalskreft, kvinner","per 100 000, standardisert",,1,13
Porsgrunn,2010-2019,2019-01-01,Kjønn samlet,Alle aldre,Prostatakreft,"per 100 000, standardisert",,1,13
Porsgrunn,2010-2019,2019-01-01,Menn,Alle aldre,Totalt alle krefttyper,"per 100 000, standardisert",722.6,2,13
Porsgrunn,2010-2019,2019-01-01,Menn,Alle aldre,Tykk- og endetarmskreft,"per 100 000, standardisert",91.6,2,13
Porsgrunn,2010-2019,2019-01-01,Menn,Alle aldre,Lungekreft,"per 100 000, standardisert",81.8,2,13
Porsgrunn,2010-2019,2019-01-01,Menn,Alle aldre,Hudkreft,"per 100 000, standardisert",100.6,2,13
Porsgrunn,2010-2019,2019-01-01,Menn,Alle aldre,Føflekkreft (malignt melanom),"per 100 000, standardisert",44.3,2,13
Porsgrunn,2010-2019,2019-01-01,Menn,Alle aldre,Brystkreft,"per 100 000, standardisert",,2,13
Porsgrunn,2010-2019,2019-01-01,Menn,Alle aldre,"Livmorhalskreft, kvinner","per 100 000, standardisert",,2,13
Porsgrunn,2010-2019,2019-01-01,Menn,Alle aldre,Prostatakreft,"per 100 000, standardisert",191.9,2,13
Porsgrunn,2010-2019,2019-01-01,Kvinner,Alle aldre,Totalt alle krefttyper,"per 100 000, standardisert",616.0,3,13
Porsgrunn,2010-2019,2019-01-01,Kvinner,Alle aldre,Tykk- og endetarmskreft,"per 100 000, standardisert",71.5,3,13
Porsgrunn,2010-2019,2019-01-01,Kvinner,Alle aldre,Lungekreft,"per 100 000, standardisert",60.9,3,13
Porsgrunn,2010-2019,2019-01-01,Kvinner,Alle aldre,Hudkreft,"per 100 000, standardisert",90.0,3,13
Porsgrunn,2010-2019,2019-01-01,Kvinner,Alle aldre,Føflekkreft (malignt melanom),"per 100 000, standardisert",45.0,3,13
Porsgrunn,2010-2019,2019-01-01,Kvinner,Alle aldre,Brystkreft,"per 100 000, standardisert",144.2,3,13
Porsgrunn,2010-2019,2019-01-01,Kvinner,Alle aldre,"Livmorhalskreft, kvinner","per 100 000, standardisert",19.9,3,13
Porsgrunn,2010-2019,2019-01-01,Kvinner,Alle aldre,Prostatakreft,"per 100 000, standardisert",,3,13
Porsgrunn,2011-2020,2020-01-01,Kjønn samlet,Alle aldre,Totalt alle krefttyper,"per 100 000, standardisert",670.2,1,13
Porsgrunn,2011-2020,2020-01-01,Kjønn samlet,Alle aldre,Tykk- og endetarmskreft,"per 100 000, standardisert",82.7,1,13
Porsgrunn,2011-2020,2020-01-01,Kjønn samlet,Alle aldre,Lungekreft,"per 100 000, standardisert",71.7,1,13
Porsgrunn,2011-2020,2020-01-01,Kjønn samlet,Alle aldre,Hudkreft,"per 100 000, standardisert",100.5,1,13
Porsgrunn,2011-2020,2020-01-01,Kjønn samlet,Alle aldre,Føflekkreft (malignt melanom),"per 100 000, standardisert",49.7,1,13
Porsgrunn,2011-2020,2020-01-01,Kjønn samlet,Alle aldre,Brystkreft,"per 100 000, standardisert",,1,13
Porsgrunn,2011-2020,2020-01-01,Kjønn samlet,Alle aldre,"Livmorhalskreft, kvinner","per 100 000, standardisert",,1,13
Porsgrunn,2011-2020,2020-01-01,Kjønn samlet,Alle aldre,Prostatakreft,"per 100 000, standardisert",,1,13
Porsgrunn,2011-2020,2020-01-01,Menn,Alle aldre,Totalt alle krefttyper,"per 100 000, standardisert",726.3,2,13
Porsgrunn,2011-2020,2020-01-01,Menn,Alle aldre,Tykk- og endetarmskreft,"per 100 000, standardisert",92.4,2,13
Porsgrunn,2011-2020,2020-01-01,Menn,Alle aldre,Lungekreft,"per 100 000, standardisert",82.5,2,13
Porsgrunn,2011-2020,2020-01-01,Menn,Alle aldre,Hudkreft,"per 100 000, standardisert",108.7,2,13
Porsgrunn,2011-2020,2020-01-01,Menn,Alle aldre,Føflekkreft (malignt melanom),"per 100 000, standardisert",52.9,2,13
Porsgrunn,2011-2020,2020-01-01,Menn,Alle aldre,Brystkreft,"per 100 000, standardisert",,2,13
Porsgrunn,2011-2020,2020-01-01,Menn,Alle aldre,"Livmorhalskreft, kvinner","per 100 000, standardisert",,2,13
Porsgrunn,2011-2020,2020-01-01,Menn,Alle aldre,Prostatakreft,"per 100 000, standardisert",183.9,2,13
Porsgrunn,2011-2020,2020-01-01,Kvinner,Alle aldre,Totalt alle krefttyper,"per 100 000, standardisert",614.7,3,13
Porsgrunn,2011-2020,2020-01-01,Kvinner,Alle aldre,Tykk- og endetarmskreft,"per 100 000, standardisert",73.4,3,13
Porsgrunn,2011-2020,2020-01-01,Kvinner,Alle aldre,Lungekreft,"per 100 000, standardisert",61.5,3,13
Porsgrunn,2011-2020,2020-01-01,Kvinner,Alle aldre,Hudkreft,"per 100 000, standardisert",92.4,3,13
Porsgrunn,2011-2020,2020-01-01,Kvinner,Alle aldre,Føflekkreft (malignt melanom),"per 100 000, standardisert",46.6,3,13
Porsgrunn,2011-2020,2020-01-01,Kvinner,Alle aldre,Brystkreft,"per 100 000, standardisert",142.7,3,13
Porsgrunn,2011-2020,2020-01-01,Kvinner,Alle aldre,"Livmorhalskreft, kvinner","per 100 000, standardisert",19.3,3,13
Porsgrunn,2011-2020,2020-01-01,Kvinner,Alle aldre,Prostatakreft,"per 100 000, standardisert",,3,13
Porsgrunn,2012-2021,2021-01-01,Kjønn samlet,Alle aldre,Totalt alle krefttyper,"per 100 000, standardisert",669.3,1,13
Porsgrunn,2012-2021,2021-01-01,Kjønn samlet,Alle aldre,Tykk- og endetarmskreft,"per 100 000, standardisert",82.0,1,13
Porsgrunn,2012-2021,2021-01-01,Kjønn samlet,Alle aldre,Lungekreft,"per 100 000, standardisert",67.8,1,13
Porsgrunn,2012-2021,2021-01-01,Kjønn samlet,Alle aldre,Hudkreft,"per 100 000, standardisert",110.9,1,13
Porsgrunn,2012-2021,2021-01-01,Kjønn samlet,Alle aldre,Føflekkreft (malignt melanom),"per 100 000, standardisert",53.0,1,13
Porsgrunn,2012-2021,2021-01-01,Kjønn samlet,Alle aldre,Brystkreft,"per 100 000, standardisert",,1,13
Porsgrunn,2012-2021,2021-01-01,Kjønn samlet,Alle aldre,"Livmorhalskreft, kvinner","per 100 000, standardisert",,1,13
Porsgrunn,2012-2021,2021-01-01,Kjønn samlet,Alle aldre,Prostatakreft,"per 100 000, standardisert",,1,13
Porsgrunn,2012-2021,2021-01-01,Menn,Alle aldre,Totalt alle krefttyper,"per 100 000, standardisert",722.7,2,13
Porsgrunn,2012-2021,2021-01-01,Menn,Alle aldre,Tykk- og endetarmskreft,"per 100 000, standardisert",96.3,2,13
Porsgrunn,2012-2021,2021-01-01,Menn,Alle aldre,Lungekreft,"per 100 000, standardisert",74.4,2,13
Porsgrunn,2012-2021,2021-01-01,Menn,Alle aldre,Hudkreft,"per 100 000, standardisert",117.3,2,13
Porsgrunn,2012-2021,2021-01-01,Menn,Alle aldre,Føflekkreft (malignt melanom),"per 100 000, standardisert",57.3,2,13
Porsgrunn,2012-2021,2021-01-01,Menn,Alle aldre,Brystkreft,"per 100 000, standardisert",,2,13
Porsgrunn,2012-2021,2021-01-01,Menn,Alle aldre,"Livmorhalskreft, kvinner","per 100 000, standardisert",,2,13
Porsgrunn,2012-2021,2021-01-01,Menn,Alle aldre,Prostatakreft,"per 100 000, standardisert",171.8,2,13
Porsgrunn,2012-2021,2021-01-01,Kvinner,Alle aldre,Totalt alle krefttyper,"per 100 000, standardisert",616.2,3,13
Porsgrunn,2012-2021,2021-01-01,Kvinner,Alle aldre,Tykk- og endetarmskreft,"per 100 000, standardisert",68.4,3,13
Porsgrunn,2012-2021,2021-01-01,Kvinner,Alle aldre,Lungekreft,"per 100 000, standardisert",61.5,3,13
Porsgrunn,2012-2021,2021-01-01,Kvinner,Alle aldre,Hudkreft,"per 100 000, standardisert",104.5,3,13
Porsgrunn,2012-2021,2021-01-01,Kvinner,Alle aldre,Føflekkreft (malignt melanom),"per 100 000, standardisert",48.8,3,13
Porsgrunn,2012-2021,2021-01-01,Kvinner,Alle aldre,Brystkreft,"per 100 000, standardisert",142.9,3,13
Porsgrunn,2012-2021,2021-01-01,Kvinner,Alle aldre,"Livmorhalskreft, kvinner","per 100 000, standardisert",19.2,3,13
Porsgrunn,2012-2021,2021-01-01,Kvinner,Alle aldre,Prostatakreft,"per 100 000, standardisert",,3,13
Porsgrunn,2013-2022,2022-01-01,Kjønn samlet,Alle aldre,Totalt alle krefttyper,"per 100 000, standardisert",664.4,1,13
Porsgrunn,2013-2022,2022-01-01,Kjønn samlet,Alle aldre,Tykk- og endetarmskreft,"per 100 000, standardisert",81.6,1,13
Porsgrunn,2013-2022,2022-01-01,Kjønn samlet,Alle aldre,Lungekreft,"per 100 000, standardisert",66.1,1,13
Porsgrunn,2013-2022,2022-01-01,Kjønn samlet,Alle aldre,Hudkreft,"per 100 000, standardisert",117.7,1,13
Porsgrunn,2013-2022,2022-01-01,Kjønn samlet,Alle aldre,Føflekkreft (malignt melanom),"per 100 000, standardisert",55.3,1,13
Porsgrunn,2013-2022,2022-01-01,Kjønn samlet,Alle aldre,Brystkreft,"per 100 000, standardisert",,1,13
Porsgrunn,2013-2022,2022-01-01,Kjønn samlet,Alle aldre,"Livmorhalskreft, kvinner","per 100 000, standardisert",,1,13
Porsgrunn,2013-2022,2022-01-01,Kjønn samlet,Alle aldre,Prostatakreft,"per 100 000, standardisert",,1,13
Porsgrunn,2013-2022,2022-01-01,Menn,Alle aldre,Totalt alle krefttyper,"per 100 000, standardisert",703.3,2,13
Porsgrunn,2013-2022,2022-01-01,Menn,Alle aldre,Tykk- og endetarmskreft,"per 100 000, standardisert",95.7,2,13
Porsgrunn,2013-2022,2022-01-01,Menn,Alle aldre,Lungekreft,"per 100 000, standardisert",70.3,2,13
Porsgrunn,2013-2022,2022-01-01,Menn,Alle aldre,Hudkreft,"per 100 000, standardisert",121.6,2,13
Porsgrunn,2013-2022,2022-01-01,Menn,Alle aldre,Føflekkreft (malignt melanom),"per 100 000, standardisert",56.7,2,13
Porsgrunn,2013-2022,2022-01-01,Menn,Alle aldre,Brystkreft,"per 100 000, standardisert",,2,13
Porsgrunn,2013-2022,2022-01-01,Menn,Alle aldre,"Livmorhalskreft, kvinner","per 100 000, standardisert",,2,13
Porsgrunn,2013-2022,2022-01-01,Menn,Alle aldre,Prostatakreft,"per 100 000, standardisert",163.0,2,13
Porsgrunn,2013-2022,2022-01-01,Kvinner,Alle aldre,Totalt alle krefttyper,"per 100 000, standardisert",625.2,3,13
Porsgrunn,2013-2022,2022-01-01,Kvinner,Alle aldre,Tykk- og endetarmskreft,"per 100 000, standardisert",68.0,3,13
Porsgrunn,2013-2022,2022-01-01,Kvinner,Alle aldre,Lungekreft,"per 100 000, standardisert",62.0,3,13
Porsgrunn,2013-2022,2022-01-01,Kvinner,Alle aldre,Hudkreft,"per 100 000, standardisert",113.7,3,13
Porsgrunn,2013-2022,2022-01-01,Kvinner,Alle aldre,Føflekkreft (malignt melanom),"per 100 000, standardisert",53.9,3,13
Porsgrunn,2013-2022,2022-01-01,Kvinner,Alle aldre,Brystkreft,"per 100 000, standardisert",145.5,3,13
Porsgrunn,2013-2022,2022-01-01,Kvinner,Alle aldre,"Livmorhalskreft, kvinner","per 100 000, standardisert",16.3,3,13
Porsgrunn,2013-2022,2022-01-01,Kvinner,Alle aldre,Prostatakreft,"per 100 000, standardisert",,3,13
Porsgrunn,2014-2023,2023-01-01,Kjønn samlet,Alle aldre,Totalt alle krefttyper,"per 100 000, standardisert",673.3,1,13
Porsgrunn,2014-2023,2023-01-01,Kjønn samlet,Alle aldre,Tykk- og endetarmskreft,"per 100 000, standardisert",82.9,1,13
Porsgrunn,2014-2023,2023-01-01,Kjønn samlet,Alle aldre,Lungekreft,"per 100 000, standardisert",65.9,1,13
Porsgrunn,2014-2023,2023-01-01,Kjønn samlet,Alle aldre,Hudkreft,"per 100 000, standardisert",123.2,1,13
Porsgrunn,2014-2023,2023-01-01,Kjønn samlet,Alle aldre,Føflekkreft (malignt melanom),"per 100 000, standardisert",57.5,1,13
Porsgrunn,2014-2023,2023-01-01,Kjønn samlet,Alle aldre,Brystkreft,"per 100 000, standardisert",,1,13
Porsgrunn,2014-2023,2023-01-01,Kjønn samlet,Alle aldre,"Livmorhalskreft, kvinner","per 100 000, standardisert",,1,13
Porsgrunn,2014-2023,2023-01-01,Kjønn samlet,Alle aldre,Prostatakreft,"per 100 000, standardisert",,1,13
Porsgrunn,2014-2023,2023-01-01,Menn,Alle aldre,Totalt alle krefttyper,"per 100 000, standardisert",704.2,2,13
Porsgrunn,2014-2023,2023-01-01,Menn,Alle aldre,Tykk- og endetarmskreft,"per 100 000, standardisert",94.6,2,13
Porsgrunn,2014-2023,2023-01-01,Menn,Alle aldre,Lungekreft,"per 100 000, standardisert",68.0,2,13
Porsgrunn,2014-2023,2023-01-01,Menn,Alle aldre,Hudkreft,"per 100 000, standardisert",125.7,2,13
Porsgrunn,2014-2023,2023-01-01,Menn,Alle aldre,Føflekkreft (malignt melanom),"per 100 000, standardisert",57.2,2,13
Porsgrunn,2014-2023,2023-01-01,Menn,Alle aldre,Brystkreft,"per 100 000, standardisert",,2,13
Porsgrunn,2014-2023,2023-01-01,Menn,Alle aldre,"Livmorhalskreft, kvinner","per 100 000, standardisert",,2,13
Porsgrunn,2014-2023,2023-01-01,Menn,Alle aldre,Prostatakreft,"per 100 000, standardisert",158.9,2,13
Porsgrunn,2014-2023,2023-01-01,Kvinner,Alle aldre,Totalt alle krefttyper,"per 100 000, standardisert",641.7,3,13
Porsgrunn,2014-2023,2023-01-01,Kvinner,Alle aldre,Tykk- og endetarmskreft,"per 100 000, standardisert",71.5,3,13
Porsgrunn,2014-2023,2023-01-01,Kvinner,Alle aldre,Lungekreft,"per 100 000, standardisert",63.8,3,13
Porsgrunn,2014-2023,2023-01-01,Kvinner,Alle aldre,Hudkreft,"per 100 000, standardisert",120.4,3,13
Porsgrunn,2014-2023,2023-01-01,Kvinner,Alle aldre,Føflekkreft (malignt melanom),"per 100 000, standardisert",57.9,3,13
Porsgrunn,2014-2023,2023-01-01,Kvinner,Alle aldre,Brystkreft,"per 100 000, standardisert",151.5,3,13
Porsgrunn,2014-2023,2023-01-01,Kvinner,Alle aldre,"Livmorhalskreft, kvinner","per 100 000, standardisert",17.3,3,13
Porsgrunn,2014-2023,2023-01-01,Kvinner,Alle aldre,Prostatakreft,"per 100 000, standardisert",,3,13
Porsgrunn,2015-2024,2024-01-01,Kjønn samlet,Alle aldre,Totalt alle krefttyper,"per 100 000, standardisert",677.7,1,13
Porsgrunn,2015-2024,2024-01-01,Kjønn samlet,Alle aldre,Tykk- og endetarmskreft,"per 100 000, standardisert",82.6,1,13
Porsgrunn,2015-2024,2024-01-01,Kjønn samlet,Alle aldre,Lungekreft,"per 100 000, standardisert",64.2,1,13
Porsgrunn,2015-2024,2024-01-01,Kjønn samlet,Alle aldre,Hudkreft,"per 100 000, standardisert",129.2,1,13
Porsgrunn,2015-2024,2024-01-01,Kjønn samlet,Alle aldre,Føflekkreft (malignt melanom),"per 100 000, standardisert",58.2,1,13
Porsgrunn,2015-2024,2024-01-01,Kjønn samlet,Alle aldre,Brystkreft,"per 100 000, standardisert",,1,13
Porsgrunn,2015-2024,2024-01-01,Kjønn samlet,Alle aldre,"Livmorhalskreft, kvinner","per 100 000, standardisert",,1,13
Porsgrunn,2015-2024,2024-01-01,Kjønn samlet,Alle aldre,Prostatakreft,"per 100 000, standardisert",,1,13
Porsgrunn,2015-2024,2024-01-01,Menn,Alle aldre,Totalt alle krefttyper,"per 100 000, standardisert",703.3,2,13
Porsgrunn,2015-2024,2024-01-01,Menn,Alle aldre,Tykk- og endetarmskreft,"per 100 000, standardisert",89.9,2,13
Porsgrunn,2015-2024,2024-01-01,Menn,Alle aldre,Lungekreft,"per 100 000, standardisert",60.3,2,13
Porsgrunn,2015-2024,2024-01-01,Menn,Alle aldre,Hudkreft,"per 100 000, standardisert",134.0,2,13
Porsgrunn,2015-2024,2024-01-01,Menn,Alle aldre,Føflekkreft (malignt melanom),"per 100 000, standardisert",60.2,2,13
Porsgrunn,2015-2024,2024-01-01,Menn,Alle aldre,Brystkreft,"per 100 000, standardisert",,2,13
Porsgrunn,2015-2024,2024-01-01,Menn,Alle aldre,"Livmorhalskreft, kvinner","per 100 000, standardisert",,2,13
Porsgrunn,2015-2024,2024-01-01,Menn,Alle aldre,Prostatakreft,"per 100 000, standardisert",160.5,2,13
Porsgrunn,2015-2024,2024-01-01,Kvinner,Alle aldre,Totalt alle krefttyper,"per 100 000, standardisert",651.4,3,13
Porsgrunn,2015-2024,2024-01-01,Kvinner,Alle aldre,Tykk- og endetarmskreft,"per 100 000, standardisert",75.4,3,13
Porsgrunn,2015-2024,2024-01-01,Kvinner,Alle aldre,Lungekreft,"per 100 000, standardisert",68.1,3,13
Porsgrunn,2015-2024,2024-01-01,Kvinner,Alle aldre,Hudkreft,"per 100 000, standardisert",124.3,3,13
Porsgrunn,2015-2024,2024-01-01,Kvinner,Alle aldre,Føflekkreft (malignt melanom),"per 100 000, standardisert",56.1,3,13
Porsgrunn,2015-2024,2024-01-01,Kvinner,Alle aldre,Brystkreft,"per 100 000, standardisert",149.8,3,13
Porsgrunn,2015-2024,2024-01-01,Kvinner,Alle aldre,"Livmorhalskreft, kvinner","per 100 000, standardisert",15.1,3,13
Porsgrunn,2015-2024,2024-01-01,Kvinner,Alle aldre,Prostatakreft,"per 100 000, standardisert",,3,13
Porsgrunn,2016-2025,2025-01-01,Kjønn samlet,Alle aldre,Totalt alle krefttyper,"per 100 000, standardisert",686.9,1,13
Porsgrunn,2016-2025,2025-01-01,Kjønn samlet,Alle aldre,Tykk- og endetarmskreft,"per 100 000, standardisert",81.7,1,13
Porsgrunn,2016-2025,2025-01-01,Kjønn samlet,Alle aldre,Lungekreft,"per 100 000, standardisert",64.1,1,13
Porsgrunn,2016-2025,2025-01-01,Kjønn samlet,Alle aldre,Hudkreft,"per 100 000, standardisert",132.2,1,13
Porsgrunn,2016-2025,2025-01-01,Kjønn samlet,Alle aldre,Føflekkreft (malignt melanom),"per 100 000, standardisert",58.7,1,13
Porsgrunn,2016-2025,2025-01-01,Kjønn samlet,Alle aldre,Brystkreft,"per 100 000, standardisert",,1,13
Porsgrunn,2016-2025,2025-01-01,Kjønn samlet,Alle aldre,"Livmorhalskreft, kvinner","per 100 000, standardisert",,1,13
Porsgrunn,2016-2025,2025-01-01,Kjønn samlet,Alle aldre,Prostatakreft,"per 100 000, standardisert",,1,13
Porsgrunn,2016-2025,2025-01-01,Menn,Alle aldre,Totalt alle krefttyper,"per 100 000, standardisert",713.6,2,13
Porsgrunn,2016-2025,2025-01-01,Menn,Alle aldre,Tykk- og endetarmskreft,"per 100 000, standardisert",87.9,2,13
Porsgrunn,2016-2025,2025-01-01,Menn,Alle aldre,Lungekreft,"per 100 000, standardisert",62.7,2,13
Porsgrunn,2016-2025,2025-01-01,Menn,Alle aldre,Hudkreft,"per 100 000, standardisert",135.2,2,13
Porsgrunn,2016-2025,2025-01-01,Menn,Alle aldre,Føflekkreft (malignt melanom),"per 100 000, standardisert",61.5,2,13
Porsgrunn,2016-2025,2025-01-01,Menn,Alle aldre,Brystkreft,"per 100 000, standardisert",,2,13
Porsgrunn,2016-2025,2025-01-01,Menn,Alle aldre,"Livmorhalskreft, kvinner","per 100 000, standardisert",,2,13
Porsgrunn,2016-2025,2025-01-01,Menn,Alle aldre,Prostatakreft,"per 100 000, standardisert",163.6,2,13
Porsgrunn,2016-2025,2025-01-01,Kvinner,Alle aldre,Totalt alle krefttyper,"per 100 000, standardisert",659.5,3,13
Porsgrunn,2016-2025,2025-01-01,Kvinner,Alle aldre,Tykk- og endetarmskreft,"per 100 000, standardisert",75.6,3,13
Porsgrunn,2016-2025,2025-01-01,Kvinner,Alle aldre,Lungekreft,"per 100 000, standardisert",65.3,3,13
Porsgrunn,2016-2025,2025-01-01,Kvinner,Alle aldre,Hudkreft,"per 100 000, standardisert",128.9,3,13
Porsgrunn,2016-2025,2025-01-01,Kvinner,Alle aldre,Føflekkreft (malignt melanom),"per 100 000, standardisert",56.0,3,13
Porsgrunn,2016-2025,2025-01-01,Kvinner,Alle aldre,Brystkreft,"per 100 000, standardisert",147.2,3,13
Porsgrunn,2016-2025,2025-01-01,Kvinner,Alle aldre,"Livmorhalskreft, kvinner","per 100 000, standardisert",16.0,3,13
Porsgrunn,2016-2025,2025-01-01,Kvinner,Alle aldre,Prostatakreft,"per 100 000, standardisert",,3,13
Skien,2007-2016,2016-01-01,Kjønn samlet,Alle aldre,Totalt alle krefttyper,"per 100 000, standardisert",631.7,1,16
Skien,2007-2016,2016-01-01,Kjønn samlet,Alle aldre,Tykk- og endetarmskreft,"per 100 000, standardisert",74.7,1,16
Skien,2007-2016,2016-01-01,Kjønn samlet,Alle aldre,Lungekreft,"per 100 000, standardisert",55.1,1,16
Skien,2007-2016,2016-01-01,Kjønn samlet,Alle aldre,Hudkreft,"per 100 000, standardisert",88.8,1,16
Skien,2007-2016,2016-01-01,Kjønn samlet,Alle aldre,Føflekkreft (malignt melanom),"per 100 000, standardisert",43.1,1,16
Skien,2007-2016,2016-01-01,Kjønn samlet,Alle aldre,Brystkreft,"per 100 000, standardisert",,1,16
Skien,2007-2016,2016-01-01,Kjønn samlet,Alle aldre,"Livmorhalskreft, kvinner","per 100 000, standardisert",,1,16
Skien,2007-2016,2016-01-01,Kjønn samlet,Alle aldre,Prostatakreft,"per 100 000, standardisert",,1,16
Skien,2007-2016,2016-01-01,Menn,Alle aldre,Totalt alle krefttyper,"per 100 000, standardisert",703.7,2,16
Skien,2007-2016,2016-01-01,Menn,Alle aldre,Tykk- og endetarmskreft,"per 100 000, standardisert",79.6,2,16
Skien,2007-2016,2016-01-01,Menn,Alle aldre,Lungekreft,"per 100 000, standardisert",64.9,2,16
Skien,2007-2016,2016-01-01,Menn,Alle aldre,Hudkreft,"per 100 000, standardisert",100.0,2,16
Skien,2007-2016,2016-01-01,Menn,Alle aldre,Føflekkreft (malignt melanom),"per 100 000, standardisert",48.9,2,16
Skien,2007-2016,2016-01-01,Menn,Alle aldre,Brystkreft,"per 100 000, standardisert",,2,16
Skien,2007-2016,2016-01-01,Menn,Alle aldre,"Livmorhalskreft, kvinner","per 100 000, standardisert",,2,16
Skien,2007-2016,2016-01-01,Menn,Alle aldre,Prostatakreft,"per 100 000, standardisert",209.6,2,16
Skien,2007-2016,2016-01-01,Kvinner,Alle aldre,Totalt alle krefttyper,"per 100 000, standardisert",563.5,3,16
Skien,2007-2016,2016-01-01,Kvinner,Alle aldre,Tykk- og endetarmskreft,"per 100 000, standardisert",70.1,3,16
Skien,2007-2016,2016-01-01,Kvinner,Alle aldre,Lungekreft,"per 100 000, standardisert",46.2,3,16
Skien,2007-2016,2016-01-01,Kvinner,Alle aldre,Hudkreft,"per 100 000, standardisert",78.4,3,16
Skien,2007-2016,2016-01-01,Kvinner,Alle aldre,Føflekkreft (malignt melanom),"per 100 000, standardisert",37.7,3,16
Skien,2007-2016,2016-01-01,Kvinner,Alle aldre,Brystkreft,"per 100 000, standardisert",124.7,3,16
Skien,2007-2016,2016-01-01,Kvinner,Alle aldre,"Livmorhalskreft, kvinner","per 100 000, standardisert",10.1,3,16
Skien,2007-2016,2016-01-01,Kvinner,Alle aldre,Prostatakreft,"per 100 000, standardisert",,3,16
Skien,2008-2017,2017-01-01,Kjønn samlet,Alle aldre,Totalt alle krefttyper,"per 100 000, standardisert",631.7,1,16
Skien,2008-2017,2017-01-01,Kjønn samlet,Alle aldre,Tykk- og endetarmskreft,"per 100 000, standardisert",73.0,1,16
Skien,2008-2017,2017-01-01,Kjønn samlet,Alle aldre,Lungekreft,"per 100 000, standardisert",55.1,1,16
Skien,2008-2017,2017-01-01,Kjønn samlet,Alle aldre,Hudkreft,"per 100 000, standardisert",94.8,1,16
Skien,2008-2017,2017-01-01,Kjønn samlet,Alle aldre,Føflekkreft (malignt melanom),"per 100 000, standardisert",45.0,1,16
Skien,2008-2017,2017-01-01,Kjønn samlet,Alle aldre,Brystkreft,"per 100 000, standardisert",,1,16
Skien,2008-2017,2017-01-01,Kjønn samlet,Alle aldre,"Livmorhalskreft, kvinner","per 100 000, standardisert",,1,16
Skien,2008-2017,2017-01-01,Kjønn samlet,Alle aldre,Prostatakreft,"per 100 000, standardisert",,1,16
Skien,2008-2017,2017-01-01,Menn,Alle aldre,Totalt alle krefttyper,"per 100 000, standardisert",699.2,2,16
Skien,2008-2017,2017-01-01,Menn,Alle aldre,Tykk- og endetarmskreft,"per 100 000, standardisert",78.4,2,16
Skien,2008-2017,2017-01-01,Menn,Alle aldre,Lungekreft,"per 100 000, standardisert",66.3,2,16
Skien,2008-2017,2017-01-01,Menn,Alle aldre,Hudkreft,"per 100 000, standardisert",106.8,2,16
Skien,2008-2017,2017-01-01,Menn,Alle aldre,Føflekkreft (malignt melanom),"per 100 000, standardisert",49.6,2,16
Skien,2008-2017,2017-01-01,Menn,Alle aldre,Brystkreft,"per 100 000, standardisert",,2,16
Skien,2008-2017,2017-01-01,Menn,Alle aldre,"Livmorhalskreft, kvinner","per 100 000, standardisert",,2,16
Skien,2008-2017,2017-01-01,Menn,Alle aldre,Prostatakreft,"per 100 000, standardisert",205.7,2,16
Skien,2008-2017,2017-01-01,Kvinner,Alle aldre,Totalt alle krefttyper,"per 100 000, standardisert",567.0,3,16
Skien,2008-2017,2017-01-01,Kvinner,Alle aldre,Tykk- og endetarmskreft,"per 100 000, standardisert",68.0,3,16
Skien,2008-2017,2017-01-01,Kvinner,Alle aldre,Lungekreft,"per 100 000, standardisert",44.8,3,16
Skien,2008-2017,2017-01-01,Kvinner,Alle aldre,Hudkreft,"per 100 000, standardisert",83.6,3,16
Skien,2008-2017,2017-01-01,Kvinner,Alle aldre,Føflekkreft (malignt melanom),"per 100 000, standardisert",40.7,3,16
Skien,2008-2017,2017-01-01,Kvinner,Alle aldre,Brystkreft,"per 100 000, standardisert",125.6,3,16
Skien,2008-2017,2017-01-01,Kvinner,Alle aldre,"Livmorhalskreft, kvinner","per 100 000, standardisert",9.7,3,16
Skien,2008-2017,2017-01-01,Kvinner,Alle aldre,Prostatakreft,"per 100 000, standardisert",,3,16
Skien,2009-2018,2018-01-01,Kjønn samlet,Alle aldre,Totalt alle krefttyper,"per 100 000, standardisert",635.5,1,16
Skien,2009-2018,2018-01-01,Kjønn samlet,Alle aldre,Tykk- og endetarmskreft,"per 100 000, standardisert",74.5,1,16
Skien,2009-2018,2018-01-01,Kjønn samlet,Alle aldre,Lungekreft,"per 100 000, standardisert",55.1,1,16
Skien,2009-2018,2018-01-01,Kjønn samlet,Alle aldre,Hudkreft,"per 100 000, standardisert",103.0,1,16
Skien,2009-2018,2018-01-01,Kjønn samlet,Alle aldre,Føflekkreft (malignt melanom),"per 100 000, standardisert",47.0,1,16
Skien,2009-2018,2018-01-01,Kjønn samlet,Alle aldre,Brystkreft,"per 100 000, standardisert",,1,16
Skien,2009-2018,2018-01-01,Kjønn samlet,Alle aldre,"Livmorhalskreft, kvinner","per 100 000, standardisert",,1,16
Skien,2009-2018,2018-01-01,Kjønn samlet,Alle aldre,Prostatakreft,"per 100 000, standardisert",,1,16
Skien,2009-2018,2018-01-01,Menn,Alle aldre,Totalt alle krefttyper,"per 100 000, standardisert",687.5,2,16
Skien,2009-2018,2018-01-01,Menn,Alle aldre,Tykk- og endetarmskreft,"per 100 000, standardisert",78.3,2,16
Skien,2009-2018,2018-01-01,Menn,Alle aldre,Lungekreft,"per 100 000, standardisert",62.3,2,16
Skien,2009-2018,2018-01-01,Menn,Alle aldre,Hudkreft,"per 100 000, standardisert",113.1,2,16
Skien,2009-2018,2018-01-01,Menn,Alle aldre,Føflekkreft (malignt melanom),"per 100 000, standardisert",52.2,2,16
Skien,2009-2018,2018-01-01,Menn,Alle aldre,Brystkreft,"per 100 000, standardisert",,2,16
Skien,2009-2018,2018-01-01,Menn,Alle aldre,"Livmorhalskreft, kvinner","per 100 000, standardisert",,2,16
Skien,2009-2018,2018-01-01,Menn,Alle aldre,Prostatakreft,"per 100 000, standardisert",204.5,2,16
Skien,2009-2018,2018-01-01,Kvinner,Alle aldre,Totalt alle krefttyper,"per 100 000, standardisert",584.6,3,16
Skien,2009-2018,2018-01-01,Kvinner,Alle aldre,Tykk- og endetarmskreft,"per 100 000, standardisert",70.9,3,16
Skien,2009-2018,2018-01-01,Kvinner,Alle aldre,Lungekreft,"per 100 000, standardisert",48.5,3,16
Skien,2009-2018,2018-01-01,Kvinner,Alle aldre,Hudkreft,"per 100 000, standardisert",93.2,3,16
Skien,2009-2018,2018-01-01,Kvinner,Alle aldre,Føflekkreft (malignt melanom),"per 100 000, standardisert",42.0,3,16
Skien,2009-2018,2018-01-01,Kvinner,Alle aldre,Brystkreft,"per 100 000, standardisert",126.4,3,16
Skien,2009-2018,2018-01-01,Kvinner,Alle aldre,"Livmorhalskreft, kvinner","per 100 000, standardisert",11.8,3,16
Skien,2009-2018,2018-01-01,Kvinner,Alle aldre,Prostatakreft,"per 100 000, standardisert",,3,16
Skien,2010-2019,2019-01-01,Kjønn samlet,Alle aldre,Totalt alle krefttyper,"per 100 000, standardisert",641.2,1,16
Skien,2010-2019,2019-01-01,Kjønn samlet,Alle aldre,Tykk- og endetarmskreft,"per 100 000, standardisert",75.1,1,16
Skien,2010-2019,2019-01-01,Kjønn samlet,Alle aldre,Lungekreft,"per 100 000, standardisert",54.8,1,16
Skien,2010-2019,2019-01-01,Kjønn samlet,Alle aldre,Hudkreft,"per 100 000, standardisert",108.2,1,16
Skien,2010-2019,2019-01-01,Kjønn samlet,Alle aldre,Føflekkreft (malignt melanom),"per 100 000, standardisert",49.0,1,16
Skien,2010-2019,2019-01-01,Kjønn samlet,Alle aldre,Brystkreft,"per 100 000, standardisert",,1,16
Skien,2010-2019,2019-01-01,Kjønn samlet,Alle aldre,"Livmorhalskreft, kvinner","per 100 000, standardisert",,1,16
Skien,2010-2019,2019-01-01,Kjønn samlet,Alle aldre,Prostatakreft,"per 100 000, standardisert",,1,16
Skien,2010-2019,2019-01-01,Menn,Alle aldre,Totalt alle krefttyper,"per 100 000, standardisert",690.3,2,16
Skien,2010-2019,2019-01-01,Menn,Alle aldre,Tykk- og endetarmskreft,"per 100 000, standardisert",76.2,2,16
Skien,2010-2019,2019-01-01,Menn,Alle aldre,Lungekreft,"per 100 000, standardisert",61.0,2,16
Skien,2010-2019,2019-01-01,Menn,Alle aldre,Hudkreft,"per 100 000, standardisert",116.2,2,16
Skien,2010-2019,2019-01-01,Menn,Alle aldre,Føflekkreft (malignt melanom),"per 100 000, standardisert",51.9,2,16
Skien,2010-2019,2019-01-01,Menn,Alle aldre,Brystkreft,"per 100 000, standardisert",,2,16
Skien,2010-2019,2019-01-01,Menn,Alle aldre,"Livmorhalskreft, kvinner","per 100 000, standardisert",,2,16
Skien,2010-2019,2019-01-01,Menn,Alle aldre,Prostatakreft,"per 100 000, standardisert",202.0,2,16
Skien,2010-2019,2019-01-01,Kvinner,Alle aldre,Totalt alle krefttyper,"per 100 000, standardisert",592.8,3,16
Skien,2010-2019,2019-01-01,Kvinner,Alle aldre,Tykk- og endetarmskreft,"per 100 000, standardisert",73.9,3,16
Skien,2010-2019,2019-01-01,Kvinner,Alle aldre,Lungekreft,"per 100 000, standardisert",49.1,3,16
Skien,2010-2019,2019-01-01,Kvinner,Alle aldre,Hudkreft,"per 100 000, standardisert",100.5,3,16
Skien,2010-2019,2019-01-01,Kvinner,Alle aldre,Føflekkreft (malignt melanom),"per 100 000, standardisert",46.2,3,16
Skien,2010-2019,2019-01-01,Kvinner,Alle aldre,Brystkreft,"per 100 000, standardisert",126.1,3,16
Skien,2010-2019,2019-01-01,Kvinner,Alle aldre,"Livmorhalskreft, kvinner","per 100 000, standardisert",13.2,3,16
Skien,2010-2019,2019-01-01,Kvinner,Alle aldre,Prostatakreft,"per 100 000, standardisert",,3,16
Skien,2011-2020,2020-01-01,Kjønn samlet,Alle aldre,Totalt alle krefttyper,"per 100 000, standardisert",661.2,1,16
Skien,2011-2020,2020-01-01,Kjønn samlet,Alle aldre,Tykk- og endetarmskreft,"per 100 000, standardisert",74.6,1,16
Skien,2011-2020,2020-01-01,Kjønn samlet,Alle aldre,Lungekreft,"per 100 000, standardisert",57.6,1,16
Skien,2011-2020,2020-01-01,Kjønn samlet,Alle aldre,Hudkreft,"per 100 000, standardisert",118.7,1,16
Skien,2011-2020,2020-01-01,Kjønn samlet,Alle aldre,Føflekkreft (malignt melanom),"per 100 000, standardisert",53.2,1,16
Skien,2011-2020,2020-01-01,Kjønn samlet,Alle aldre,Brystkreft,"per 100 000, standardisert",,1,16
Skien,2011-2020,2020-01-01,Kjønn samlet,Alle aldre,"Livmorhalskreft, kvinner","per 100 000, standardisert",,1,16
Skien,2011-2020,2020-01-01,Kjønn samlet,Alle aldre,Prostatakreft,"per 100 000, standardisert",,1,16
Skien,2011-2020,2020-01-01,Menn,Alle aldre,Totalt alle krefttyper,"per 100 000, standardisert",715.4,2,16
Skien,2011-2020,2020-01-01,Menn,Alle aldre,Tykk- og endetarmskreft,"per 100 000, standardisert",74.4,2,16
Skien,2011-2020,2020-01-01,Menn,Alle aldre,Lungekreft,"per 100 000, standardisert",67.0,2,16
Skien,2011-2020,2020-01-01,Menn,Alle aldre,Hudkreft,"per 100 000, standardisert",127.3,2,16
Skien,2011-2020,2020-01-01,Menn,Alle aldre,Føflekkreft (malignt melanom),"per 100 000, standardisert",56.5,2,16
Skien,2011-2020,2020-01-01,Menn,Alle aldre,Brystkreft,"per 100 000, standardisert",,2,16
Skien,2011-2020,2020-01-01,Menn,Alle aldre,"Livmorhalskreft, kvinner","per 100 000, standardisert",,2,16
Skien,2011-2020,2020-01-01,Menn,Alle aldre,Prostatakreft,"per 100 000, standardisert",203.2,2,16
Skien,2011-2020,2020-01-01,Kvinner,Alle aldre,Totalt alle krefttyper,"per 100 000, standardisert",607.8,3,16
Skien,2011-2020,2020-01-01,Kvinner,Alle aldre,Tykk- og endetarmskreft,"per 100 000, standardisert",74.7,3,16
Skien,2011-2020,2020-01-01,Kvinner,Alle aldre,Lungekreft,"per 100 000, standardisert",48.9,3,16
Skien,2011-2020,2020-01-01,Kvinner,Alle aldre,Hudkreft,"per 100 000, standardisert",110.3,3,16
Skien,2011-2020,2020-01-01,Kvinner,Alle aldre,Føflekkreft (malignt melanom),"per 100 000, standardisert",49.9,3,16
Skien,2011-2020,2020-01-01,Kvinner,Alle aldre,Brystkreft,"per 100 000, standardisert",126.8,3,16
Skien,2011-2020,2020-01-01,Kvinner,Alle aldre,"Livmorhalskreft, kvinner","per 100 000, standardisert",13.1,3,16
Skien,2011-2020,2020-01-01,Kvinner,Alle aldre,Prostatakreft,"per 100 000, standardisert",,3,16
Skien,2012-2021,2021-01-01,Kjønn samlet,Alle aldre,Totalt alle krefttyper,"per 100 000, standardisert",668.5,1,16
Skien,2012-2021,2021-01-01,Kjønn samlet,Alle aldre,Tykk- og endetarmskreft,"per 100 000, standardisert",77.1,1,16
Skien,2012-2021,2021-01-01,Kjønn samlet,Alle aldre,Lungekreft,"per 100 000, standardisert",58.1,1,16
Skien,2012-2021,2021-01-01,Kjønn samlet,Alle aldre,Hudkreft,"per 100 000, standardisert",122.5,1,16
Skien,2012-2021,2021-01-01,Kjønn samlet,Alle aldre,Føflekkreft (malignt melanom),"per 100 000, standardisert",54.8,1,16
Skien,2012-2021,2021-01-01,Kjønn samlet,Alle aldre,Brystkreft,"per 100 000, standardisert",,1,16
Skien,2012-2021,2021-01-01,Kjønn samlet,Alle aldre,"Livmorhalskreft, kvinner","per 100 000, standardisert",,1,16
Skien,2012-2021,2021-01-01,Kjønn samlet,Alle aldre,Prostatakreft,"per 100 000, standardisert",,1,16
Skien,2012-2021,2021-01-01,Menn,Alle aldre,Totalt alle krefttyper,"per 100 000, standardisert",708.9,2,16
Skien,2012-2021,2021-01-01,Menn,Alle aldre,Tykk- og endetarmskreft,"per 100 000, standardisert",74.0,2,16
Skien,2012-2021,2021-01-01,Menn,Alle aldre,Lungekreft,"per 100 000, standardisert",65.5,2,16
Skien,2012-2021,2021-01-01,Menn,Alle aldre,Hudkreft,"per 100 000, standardisert",132.1,2,16
Skien,2012-2021,2021-01-01,Menn,Alle aldre,Føflekkreft (malignt melanom),"per 100 000, standardisert",59.7,2,16
Skien,2012-2021,2021-01-01,Menn,Alle aldre,Brystkreft,"per 100 000, standardisert",,2,16
Skien,2012-2021,2021-01-01,Menn,Alle aldre,"Livmorhalskreft, kvinner","per 100 000, standardisert",,2,16
Skien,2012-2021,2021-01-01,Menn,Alle aldre,Prostatakreft,"per 100 000, standardisert",190.7,2,16
Skien,2012-2021,2021-01-01,Kvinner,Alle aldre,Totalt alle krefttyper,"per 100 000, standardisert",627.9,3,16
Skien,2012-2021,2021-01-01,Kvinner,Alle aldre,Tykk- og endetarmskreft,"per 100 000, standardisert",79.8,3,16
Skien,2012-2021,2021-01-01,Kvinner,Alle aldre,Lungekreft,"per 100 000, standardisert",51.1,3,16
Skien,2012-2021,2021-01-01,Kvinner,Alle aldre,Hudkreft,"per 100 000, standardisert",113.1,3,16
Skien,2012-2021,2021-01-01,Kvinner,Alle aldre,Føflekkreft (malignt melanom),"per 100 000, standardisert",50.0,3,16
Skien,2012-2021,2021-01-01,Kvinner,Alle aldre,Brystkreft,"per 100 000, standardisert",126.8,3,16
Skien,2012-2021,2021-01-01,Kvinner,Alle aldre,"Livmorhalskreft, kvinner","per 100 000, standardisert",13.4,3,16
Skien,2012-2021,2021-01-01,Kvinner,Alle aldre,Prostatakreft,"per 100 000, standardisert",,3,16
Skien,2013-2022,2022-01-01,Kjønn samlet,Alle aldre,Totalt alle krefttyper,"per 100 000, standardisert",676.2,1,16
Skien,2013-2022,2022-01-01,Kjønn samlet,Alle aldre,Tykk- og endetarmskreft,"per 100 000, standardisert",81.9,1,16
Skien,2013-2022,2022-01-01,Kjønn samlet,Alle aldre,Lungekreft,"per 100 000, standardisert",58.4,1,16
Skien,2013-2022,2022-01-01,Kjønn samlet,Alle aldre,Hudkreft,"per 100 000, standardisert",130.3,1,16
Skien,2013-2022,2022-01-01,Kjønn samlet,Alle aldre,Føflekkreft (malignt melanom),"per 100 000, standardisert",59.5,1,16
Skien,2013-2022,2022-01-01,Kjønn samlet,Alle aldre,Brystkreft,"per 100 000, standardisert",,1,16
Skien,2013-2022,2022-01-01,Kjønn samlet,Alle aldre,"Livmorhalskreft, kvinner","per 100 000, standardisert",,1,16
Skien,2013-2022,2022-01-01,Kjønn samlet,Alle aldre,Prostatakreft,"per 100 000, standardisert",,1,16
Skien,2013-2022,2022-01-01,Menn,Alle aldre,Totalt alle krefttyper,"per 100 000, standardisert",709.1,2,16
Skien,2013-2022,2022-01-01,Menn,Alle aldre,Tykk- og endetarmskreft,"per 100 000, standardisert",79.0,2,16
Skien,2013-2022,2022-01-01,Menn,Alle aldre,Lungekreft,"per 100 000, standardisert",63.3,2,16
Skien,2013-2022,2022-01-01,Menn,Alle aldre,Hudkreft,"per 100 000, standardisert",137.9,2,16
Skien,2013-2022,2022-01-01,Menn,Alle aldre,Føflekkreft (malignt melanom),"per 100 000, standardisert",61.7,2,16
Skien,2013-2022,2022-01-01,Menn,Alle aldre,Brystkreft,"per 100 000, standardisert",,2,16
Skien,2013-2022,2022-01-01,Menn,Alle aldre,"Livmorhalskreft, kvinner","per 100 000, standardisert",,2,16
Skien,2013-2022,2022-01-01,Menn,Alle aldre,Prostatakreft,"per 100 000, standardisert",184.0,2,16
Skien,2013-2022,2022-01-01,Kvinner,Alle aldre,Totalt alle krefttyper,"per 100 000, standardisert",642.7,3,16
Skien,2013-2022,2022-01-01,Kvinner,Alle aldre,Tykk- og endetarmskreft,"per 100 000, standardisert",84.4,3,16
Skien,2013-2022,2022-01-01,Kvinner,Alle aldre,Lungekreft,"per 100 000, standardisert",53.8,3,16
Skien,2013-2022,2022-01-01,Kvinner,Alle aldre,Hudkreft,"per 100 000, standardisert",122.7,3,16
Skien,2013-2022,2022-01-01,Kvinner,Alle aldre,Føflekkreft (malignt melanom),"per 100 000, standardisert",57.3,3,16
Skien,2013-2022,2022-01-01,Kvinner,Alle aldre,Brystkreft,"per 100 000, standardisert",130.9,3,16
Skien,2013-2022,2022-01-01,Kvinner,Alle aldre,"Livmorhalskreft, kvinner","per 100 000, standardisert",13.7,3,16
Skien,2013-2022,2022-01-01,Kvinner,Alle aldre,Prostatakreft,"per 100 000, standardisert",,3,16
Skien,2014-2023,2023-01-01,Kjønn samlet,Alle aldre,Totalt alle krefttyper,"per 100 000, standardisert",681.8,1,16
Skien,2014-2023,2023-01-01,Kjønn samlet,Alle aldre,Tykk- og endetarmskreft,"per 100 000, standardisert",81.7,1,16
Skien,2014-2023,2023-01-01,Kjønn samlet,Alle aldre,Lungekreft,"per 100 000, standardisert",59.8,1,16
Skien,2014-2023,2023-01-01,Kjønn samlet,Alle aldre,Hudkreft,"per 100 000, standardisert",137.6,1,16
Skien,2014-2023,2023-01-01,Kjønn samlet,Alle aldre,Føflekkreft (malignt melanom),"per 100 000, standardisert",61.9,1,16
Skien,2014-2023,2023-01-01,Kjønn samlet,Alle aldre,Brystkreft,"per 100 000, standardisert",,1,16
Skien,2014-2023,2023-01-01,Kjønn samlet,Alle aldre,"Livmorhalskreft, kvinner","per 100 000, standardisert",,1,16
Skien,2014-2023,2023-01-01,Kjønn samlet,Alle aldre,Prostatakreft,"per 100 000, standardisert",,1,16
Skien,2014-2023,2023-01-01,Menn,Alle aldre,Totalt alle krefttyper,"per 100 000, standardisert",708.0,2,16
Skien,2014-2023,2023-01-01,Menn,Alle aldre,Tykk- og endetarmskreft,"per 100 000, standardisert",78.4,2,16
Skien,2014-2023,2023-01-01,Menn,Alle aldre,Lungekreft,"per 100 000, standardisert",66.0,2,16
Skien,2014-2023,2023-01-01,Menn,Alle aldre,Hudkreft,"per 100 000, standardisert",139.9,2,16
Skien,2014-2023,2023-01-01,Menn,Alle aldre,Føflekkreft (malignt melanom),"per 100 000, standardisert",63.8,2,16
Skien,2014-2023,2023-01-01,Menn,Alle aldre,Brystkreft,"per 100 000, standardisert",,2,16
Skien,2014-2023,2023-01-01,Menn,Alle aldre,"Livmorhalskreft, kvinner","per 100 000, standardisert",,2,16
Skien,2014-2023,2023-01-01,Menn,Alle aldre,Prostatakreft,"per 100 000, standardisert",184.3,2,16
Skien,2014-2023,2023-01-01,Kvinner,Alle aldre,Totalt alle krefttyper,"per 100 000, standardisert",654.6,3,16
Skien,2014-2023,2023-01-01,Kvinner,Alle aldre,Tykk- og endetarmskreft,"per 100 000, standardisert",84.8,3,16
Skien,2014-2023,2023-01-01,Kvinner,Alle aldre,Lungekreft,"per 100 000, standardisert",53.7,3,16
Skien,2014-2023,2023-01-01,Kvinner,Alle aldre,Hudkreft,"per 100 000, standardisert",135.0,3,16
Skien,2014-2023,2023-01-01,Kvinner,Alle aldre,Føflekkreft (malignt melanom),"per 100 000, standardisert",60.0,3,16
Skien,2014-2023,2023-01-01,Kvinner,Alle aldre,Brystkreft,"per 100 000, standardisert",131.8,3,16
Skien,2014-2023,2023-01-01,Kvinner,Alle aldre,"Livmorhalskreft, kvinner","per 100 000, standardisert",14.3,3,16
Skien,2014-2023,2023-01-01,Kvinner,Alle aldre,Prostatakreft,"per 100 000, standardisert",,3,16
Skien,2015-2024,2024-01-01,Kjønn samlet,Alle aldre,Totalt alle krefttyper,"per 100 000, standardisert",682.6,1,16
Skien,2015-2024,2024-01-01,Kjønn samlet,Alle aldre,Tykk- og endetarmskreft,"per 100 000, standardisert",81.5,1,16
Skien,2015-2024,2024-01-01,Kjønn samlet,Alle aldre,Lungekreft,"per 100 000, standardisert",60.2,1,16
Skien,2015-2024,2024-01-01,Kjønn samlet,Alle aldre,Hudkreft,"per 100 000, standardisert",139.3,1,16
Skien,2015-2024,2024-01-01,Kjønn samlet,Alle aldre,Føflekkreft (malignt melanom),"per 100 000, standardisert",62.3,1,16
Skien,2015-2024,2024-01-01,Kjønn samlet,Alle aldre,Brystkreft,"per 100 000, standardisert",,1,16
Skien,2015-2024,2024-01-01,Kjønn samlet,Alle aldre,"Livmorhalskreft, kvinner","per 100 000, standardisert",,1,16
Skien,2015-2024,2024-01-01,Kjønn samlet,Alle aldre,Prostatakreft,"per 100 000, standardisert",,1,16
Skien,2015-2024,2024-01-01,Menn,Alle aldre,Totalt alle krefttyper,"per 100 000, standardisert",704.6,2,16
Skien,2015-2024,2024-01-01,Menn,Alle aldre,Tykk- og endetarmskreft,"per 100 000, standardisert",77.5,2,16
Skien,2015-2024,2024-01-01,Menn,Alle aldre,Lungekreft,"per 100 000, standardisert",63.8,2,16
Skien,2015-2024,2024-01-01,Menn,Alle aldre,Hudkreft,"per 100 000, standardisert",137.4,2,16
Skien,2015-2024,2024-01-01,Menn,Alle aldre,Føflekkreft (malignt melanom),"per 100 000, standardisert",63.1,2,16
Skien,2015-2024,2024-01-01,Menn,Alle aldre,Brystkreft,"per 100 000, standardisert",,2,16
Skien,2015-2024,2024-01-01,Menn,Alle aldre,"Livmorhalskreft, kvinner","per 100 000, standardisert",,2,16
Skien,2015-2024,2024-01-01,Menn,Alle aldre,Prostatakreft,"per 100 000, standardisert",182.8,2,16
Skien,2015-2024,2024-01-01,Kvinner,Alle aldre,Totalt alle krefttyper,"per 100 000, standardisert",659.7,3,16
Skien,2015-2024,2024-01-01,Kvinner,Alle aldre,Tykk- og endetarmskreft,"per 100 000, standardisert",85.3,3,16
Skien,2015-2024,2024-01-01,Kvinner,Alle aldre,Lungekreft,"per 100 000, standardisert",56.6,3,16
Skien,2015-2024,2024-01-01,Kvinner,Alle aldre,Hudkreft,"per 100 000, standardisert",140.7,3,16
Skien,2015-2024,2024-01-01,Kvinner,Alle aldre,Føflekkreft (malignt melanom),"per 100 000, standardisert",61.6,3,16
Skien,2015-2024,2024-01-01,Kvinner,Alle aldre,Brystkreft,"per 100 000, standardisert",131.6,3,16
Skien,2015-2024,2024-01-01,Kvinner,Alle aldre,"Livmorhalskreft, kvinner","per 100 000, standardisert",15.6,3,16
Skien,2015-2024,2024-01-01,Kvinner,Alle aldre,Prostatakreft,"per 100 000, standardisert",,3,16
Skien,2016-2025,2025-01-01,Kjønn samlet,Alle aldre,Totalt alle krefttyper,"per 100 000, standardisert",675.4,1,16
Skien,2016-2025,2025-01-01,Kjønn samlet,Alle aldre,Tykk- og endetarmskreft,"per 100 000, standardisert",81.0,1,16
Skien,2016-2025,2025-01-01,Kjønn samlet,Alle aldre,Lungekreft,"per 100 000, standardisert",60.4,1,16
Skien,2016-2025,2025-01-01,Kjønn samlet,Alle aldre,Hudkreft,"per 100 000, standardisert",141.5,1,16
Skien,2016-2025,2025-01-01,Kjønn samlet,Alle aldre,Føflekkreft (malignt melanom),"per 100 000, standardisert",64.4,1,16
Skien,2016-2025,2025-01-01,Kjønn samlet,Alle aldre,Brystkreft,"per 100 000, standardisert",,1,16
Skien,2016-2025,2025-01-01,Kjønn samlet,Alle aldre,"Livmorhalskreft, kvinner","per 100 000, standardisert",,1,16
Skien,2016-2025,2025-01-01,Kjønn samlet,Alle aldre,Prostatakreft,"per 100 000, standardisert",,1,16
Skien,2016-2025,2025-01-01,Menn,Alle aldre,Totalt alle krefttyper,"per 100 000, standardisert",695.3,2,16
Skien,2016-2025,2025-01-01,Menn,Alle aldre,Tykk- og endetarmskreft,"per 100 000, standardisert",75.5,2,16
Skien,2016-2025,2025-01-01,Menn,Alle aldre,Lungekreft,"per 100 000, standardisert",64.7,2,16
Skien,2016-2025,2025-01-01,Menn,Alle aldre,Hudkreft,"per 100 000, standardisert",136.5,2,16
Skien,2016-2025,2025-01-01,Menn,Alle aldre,Føflekkreft (malignt melanom),"per 100 000, standardisert",62.7,2,16
Skien,2016-2025,2025-01-01,Menn,Alle aldre,Brystkreft,"per 100 000, standardisert",,2,16
Skien,2016-2025,2025-01-01,Menn,Alle aldre,"Livmorhalskreft, kvinner","per 100 000, standardisert",,2,16
Skien,2016-2025,2025-01-01,Menn,Alle aldre,Prostatakreft,"per 100 000, standardisert",169.9,2,16
Skien,2016-2025,2025-01-01,Kvinner,Alle aldre,Totalt alle krefttyper,"per 100 000, standardisert",654.7,3,16
Skien,2016-2025,2025-01-01,Kvinner,Alle aldre,Tykk- og endetarmskreft,"per 100 000, standardisert",86.4,3,16
Skien,2016-2025,2025-01-01,Kvinner,Alle aldre,Lungekreft,"per 100 000, standardisert",56.1,3,16
Skien,2016-2025,2025-01-01,Kvinner,Alle aldre,Hudkreft,"per 100 000, standardisert",146.1,3,16
Skien,2016-2025,2025-01-01,Kvinner,Alle aldre,Føflekkreft (malignt melanom),"per 100 000, standardisert",66.1,3,16
Skien,2016-2025,2025-01-01,Kvinner,Alle aldre,Brystkreft,"per 100 000, standardisert",131.2,3,16
Skien,2016-2025,2025-01-01,Kvinner,Alle aldre,"Livmorhalskreft, kvinner","per 100 000, standardisert",15.5,3,16
Skien,2016-2025,2025-01-01,Kvinner,Alle aldre,Prostatakreft,"per 100 000, standardisert",,3,16
Notodden,2007-2016,2016-01-01,Kjønn samlet,Alle aldre,Totalt alle krefttyper,"per 100 000, standardisert",676.6,1,12
Notodden,2007-2016,2016-01-01,Kjønn samlet,Alle aldre,Tykk- og endetarmskreft,"per 100 000, standardisert",82.3,1,12
Notodden,2007-2016,2016-01-01,Kjønn samlet,Alle aldre,Lungekreft,"per 100 000, standardisert",61.4,1,12
Notodden,2007-2016,2016-01-01,Kjønn samlet,Alle aldre,Hudkreft,"per 100 000, standardisert",83.9,1,12
Notodden,2007-2016,2016-01-01,Kjønn samlet,Alle aldre,Føflekkreft (malignt melanom),"per 100 000, standardisert",34.2,1,12
Notodden,2007-2016,2016-01-01,Kjønn samlet,Alle aldre,Brystkreft,"per 100 000, standardisert",,1,12
Notodden,2007-2016,2016-01-01,Kjønn samlet,Alle aldre,"Livmorhalskreft, kvinner","per 100 000, standardisert",,1,12
Notodden,2007-2016,2016-01-01,Kjønn samlet,Alle aldre,Prostatakreft,"per 100 000, standardisert",,1,12
Notodden,2007-2016,2016-01-01,Menn,Alle aldre,Totalt alle krefttyper,"per 100 000, standardisert",742.4,2,12
Notodden,2007-2016,2016-01-01,Menn,Alle aldre,Tykk- og endetarmskreft,"per 100 000, standardisert",77.3,2,12
Notodden,2007-2016,2016-01-01,Menn,Alle aldre,Lungekreft,"per 100 000, standardisert",69.4,2,12
Notodden,2007-2016,2016-01-01,Menn,Alle aldre,Hudkreft,"per 100 000, standardisert",87.1,2,12
Notodden,2007-2016,2016-01-01,Menn,Alle aldre,Føflekkreft (malignt melanom),"per 100 000, standardisert",32.2,2,12
Notodden,2007-2016,2016-01-01,Menn,Alle aldre,Brystkreft,"per 100 000, standardisert",,2,12
Notodden,2007-2016,2016-01-01,Menn,Alle aldre,"Livmorhalskreft, kvinner","per 100 000, standardisert",,2,12
Notodden,2007-2016,2016-01-01,Menn,Alle aldre,Prostatakreft,"per 100 000, standardisert",233.8,2,12
Notodden,2007-2016,2016-01-01,Kvinner,Alle aldre,Totalt alle krefttyper,"per 100 000, standardisert",612.8,3,12
Notodden,2007-2016,2016-01-01,Kvinner,Alle aldre,Tykk- og endetarmskreft,"per 100 000, standardisert",86.5,3,12
Notodden,2007-2016,2016-01-01,Kvinner,Alle aldre,Lungekreft,"per 100 000, standardisert",54.1,3,12
Notodden,2007-2016,2016-01-01,Kvinner,Alle aldre,Hudkreft,"per 100 000, standardisert",80.6,3,12
Notodden,2007-2016,2016-01-01,Kvinner,Alle aldre,Føflekkreft (malignt melanom),"per 100 000, standardisert",36.0,3,12
Notodden,2007-2016,2016-01-01,Kvinner,Alle aldre,Brystkreft,"per 100 000, standardisert",125.5,3,12
Notodden,2007-2016,2016-01-01,Kvinner,Alle aldre,"Livmorhalskreft, kvinner","per 100 000, standardisert",,3,12
Notodden,2007-2016,2016-01-01,Kvinner,Alle aldre,Prostatakreft,"per 100 000, standardisert",,3,12
Notodden,2008-2017,2017-01-01,Kjønn samlet,Alle aldre,Totalt alle krefttyper,"per 100 000, standardisert",686.0,1,12
Notodden,2008-2017,2017-01-01,Kjønn samlet,Alle aldre,Tykk- og endetarmskreft,"per 100 000, standardisert",83.4,1,12
Notodden,2008-2017,2017-01-01,Kjønn samlet,Alle aldre,Lungekreft,"per 100 000, standardisert",63.1,1,12
Notodden,2008-2017,2017-01-01,Kjønn samlet,Alle aldre,Hudkreft,"per 100 000, standardisert",87.8,1,12
Notodden,2008-2017,2017-01-01,Kjønn samlet,Alle aldre,Føflekkreft (malignt melanom),"per 100 000, standardisert",37.5,1,12
Notodden,2008-2017,2017-01-01,Kjønn samlet,Alle aldre,Brystkreft,"per 100 000, standardisert",,1,12
Notodden,2008-2017,2017-01-01,Kjønn samlet,Alle aldre,"Livmorhalskreft, kvinner","per 100 000, standardisert",,1,12
Notodden,2008-2017,2017-01-01,Kjønn samlet,Alle aldre,Prostatakreft,"per 100 000, standardisert",,1,12
Notodden,2008-2017,2017-01-01,Menn,Alle aldre,Totalt alle krefttyper,"per 100 000, standardisert",749.6,2,12
Notodden,2008-2017,2017-01-01,Menn,Alle aldre,Tykk- og endetarmskreft,"per 100 000, standardisert",78.0,2,12
Notodden,2008-2017,2017-01-01,Menn,Alle aldre,Lungekreft,"per 100 000, standardisert",69.9,2,12
Notodden,2008-2017,2017-01-01,Menn,Alle aldre,Hudkreft,"per 100 000, standardisert",86.5,2,12
Notodden,2008-2017,2017-01-01,Menn,Alle aldre,Føflekkreft (malignt melanom),"per 100 000, standardisert",31.9,2,12
Notodden,2008-2017,2017-01-01,Menn,Alle aldre,Brystkreft,"per 100 000, standardisert",,2,12
Notodden,2008-2017,2017-01-01,Menn,Alle aldre,"Livmorhalskreft, kvinner","per 100 000, standardisert",,2,12
Notodden,2008-2017,2017-01-01,Menn,Alle aldre,Prostatakreft,"per 100 000, standardisert",246.2,2,12
Notodden,2008-2017,2017-01-01,Kvinner,Alle aldre,Totalt alle krefttyper,"per 100 000, standardisert",623.8,3,12
Notodden,2008-2017,2017-01-01,Kvinner,Alle aldre,Tykk- og endetarmskreft,"per 100 000, standardisert",88.0,3,12
Notodden,2008-2017,2017-01-01,Kvinner,Alle aldre,Lungekreft,"per 100 000, standardisert",56.7,3,12
Notodden,2008-2017,2017-01-01,Kvinner,Alle aldre,Hudkreft,"per 100 000, standardisert",88.4,3,12
Notodden,2008-2017,2017-01-01,Kvinner,Alle aldre,Føflekkreft (malignt melanom),"per 100 000, standardisert",42.8,3,12
Notodden,2008-2017,2017-01-01,Kvinner,Alle aldre,Brystkreft,"per 100 000, standardisert",122.4,3,12
Notodden,2008-2017,2017-01-01,Kvinner,Alle aldre,"Livmorhalskreft, kvinner","per 100 000, standardisert",,3,12
Notodden,2008-2017,2017-01-01,Kvinner,Alle aldre,Prostatakreft,"per 100 000, standardisert",,3,12
Notodden,2009-2018,2018-01-01,Kjønn samlet,Alle aldre,Totalt alle krefttyper,"per 100 000, standardisert",681.3,1,12
Notodden,2009-2018,2018-01-01,Kjønn samlet,Alle aldre,Tykk- og endetarmskreft,"per 100 000, standardisert",81.0,1,12
Notodden,2009-2018,2018-01-01,Kjønn samlet,Alle aldre,Lungekreft,"per 100 000, standardisert",65.3,1,12
Notodden,2009-2018,2018-01-01,Kjønn samlet,Alle aldre,Hudkreft,"per 100 000, standardisert",84.9,1,12
Notodden,2009-2018,2018-01-01,Kjønn samlet,Alle aldre,Føflekkreft (malignt melanom),"per 100 000, standardisert",38.7,1,12
Notodden,2009-2018,2018-01-01,Kjønn samlet,Alle aldre,Brystkreft,"per 100 000, standardisert",,1,12
Notodden,2009-2018,2018-01-01,Kjønn samlet,Alle aldre,"Livmorhalskreft, kvinner","per 100 000, standardisert",,1,12
Notodden,2009-2018,2018-01-01,Kjønn samlet,Alle aldre,Prostatakreft,"per 100 000, standardisert",,1,12
Notodden,2009-2018,2018-01-01,Menn,Alle aldre,Totalt alle krefttyper,"per 100 000, standardisert",744.0,2,12
Notodden,2009-2018,2018-01-01,Menn,Alle aldre,Tykk- og endetarmskreft,"per 100 000, standardisert",81.3,2,12
Notodden,2009-2018,2018-01-01,Menn,Alle aldre,Lungekreft,"per 100 000, standardisert",68.9,2,12
Notodden,2009-2018,2018-01-01,Menn,Alle aldre,Hudkreft,"per 100 000, standardisert",87.1,2,12
Notodden,2009-2018,2018-01-01,Menn,Alle aldre,Føflekkreft (malignt melanom),"per 100 000, standardisert",33.0,2,12
Notodden,2009-2018,2018-01-01,Menn,Alle aldre,Brystkreft,"per 100 000, standardisert",,2,12
Notodden,2009-2018,2018-01-01,Menn,Alle aldre,"Livmorhalskreft, kvinner","per 100 000, standardisert",,2,12
Notodden,2009-2018,2018-01-01,Menn,Alle aldre,Prostatakreft,"per 100 000, standardisert",231.6,2,12
Notodden,2009-2018,2018-01-01,Kvinner,Alle aldre,Totalt alle krefttyper,"per 100 000, standardisert",619.7,3,12
Notodden,2009-2018,2018-01-01,Kvinner,Alle aldre,Tykk- og endetarmskreft,"per 100 000, standardisert",80.4,3,12
Notodden,2009-2018,2018-01-01,Kvinner,Alle aldre,Lungekreft,"per 100 000, standardisert",61.9,3,12
Notodden,2009-2018,2018-01-01,Kvinner,Alle aldre,Hudkreft,"per 100 000, standardisert",82.4,3,12
Notodden,2009-2018,2018-01-01,Kvinner,Alle aldre,Føflekkreft (malignt melanom),"per 100 000, standardisert",44.2,3,12
Notodden,2009-2018,2018-01-01,Kvinner,Alle aldre,Brystkreft,"per 100 000, standardisert",125.0,3,12
Notodden,2009-2018,2018-01-01,Kvinner,Alle aldre,"Livmorhalskreft, kvinner","per 100 000, standardisert",,3,12
Notodden,2009-2018,2018-01-01,Kvinner,Alle aldre,Prostatakreft,"per 100 000, standardisert",,3,12
Notodden,2010-2019,2019-01-01,Kjønn samlet,Alle aldre,Totalt alle krefttyper,"per 100 000, standardisert",681.7,1,12
Notodden,2010-2019,2019-01-01,Kjønn samlet,Alle aldre,Tykk- og endetarmskreft,"per 100 000, standardisert",84.6,1,12
Notodden,2010-2019,2019-01-01,Kjønn samlet,Alle aldre,Lungekreft,"per 100 000, standardisert",64.0,1,12
Notodden,2010-2019,2019-01-01,Kjønn samlet,Alle aldre,Hudkreft,"per 100 000, standardisert",86.6,1,12
Notodden,2010-2019,2019-01-01,Kjønn samlet,Alle aldre,Føflekkreft (malignt melanom),"per 100 000, standardisert",39.1,1,12
Notodden,2010-2019,2019-01-01,Kjønn samlet,Alle aldre,Brystkreft,"per 100 000, standardisert",,1,12
Notodden,2010-2019,2019-01-01,Kjønn samlet,Alle aldre,"Livmorhalskreft, kvinner","per 100 000, standardisert",,1,12
Notodden,2010-2019,2019-01-01,Kjønn samlet,Alle aldre,Prostatakreft,"per 100 000, standardisert",,1,12
Notodden,2010-2019,2019-01-01,Menn,Alle aldre,Totalt alle krefttyper,"per 100 000, standardisert",733.1,2,12
Notodden,2010-2019,2019-01-01,Menn,Alle aldre,Tykk- og endetarmskreft,"per 100 000, standardisert",83.0,2,12
Notodden,2010-2019,2019-01-01,Menn,Alle aldre,Lungekreft,"per 100 000, standardisert",70.6,2,12
Notodden,2010-2019,2019-01-01,Menn,Alle aldre,Hudkreft,"per 100 000, standardisert",88.9,2,12
Notodden,2010-2019,2019-01-01,Menn,Alle aldre,Føflekkreft (malignt melanom),"per 100 000, standardisert",32.6,2,12
Notodden,2010-2019,2019-01-01,Menn,Alle aldre,Brystkreft,"per 100 000, standardisert",,2,12
Notodden,2010-2019,2019-01-01,Menn,Alle aldre,"Livmorhalskreft, kvinner","per 100 000, standardisert",,2,12
Notodden,2010-2019,2019-01-01,Menn,Alle aldre,Prostatakreft,"per 100 000, standardisert",220.1,2,12
Notodden,2010-2019,2019-01-01,Kvinner,Alle aldre,Totalt alle krefttyper,"per 100 000, standardisert",630.5,3,12
Notodden,2010-2019,2019-01-01,Kvinner,Alle aldre,Tykk- og endetarmskreft,"per 100 000, standardisert",85.8,3,12
Notodden,2010-2019,2019-01-01,Kvinner,Alle aldre,Lungekreft,"per 100 000, standardisert",57.7,3,12
Notodden,2010-2019,2019-01-01,Kvinner,Alle aldre,Hudkreft,"per 100 000, standardisert",84.1,3,12
Notodden,2010-2019,2019-01-01,Kvinner,Alle aldre,Føflekkreft (malignt melanom),"per 100 000, standardisert",45.5,3,12
Notodden,2010-2019,2019-01-01,Kvinner,Alle aldre,Brystkreft,"per 100 000, standardisert",137.4,3,12
Notodden,2010-2019,2019-01-01,Kvinner,Alle aldre,"Livmorhalskreft, kvinner","per 100 000, standardisert",,3,12
Notodden,2010-2019,2019-01-01,Kvinner,Alle aldre,Prostatakreft,"per 100 000, standardisert",,3,12
Notodden,2011-2020,2020-01-01,Kjønn samlet,Alle aldre,Totalt alle krefttyper,"per 100 000, standardisert",678.2,1,12
Notodden,2011-2020,2020-01-01,Kjønn samlet,Alle aldre,Tykk- og endetarmskreft,"per 100 000, standardisert",84.0,1,12
Notodden,2011-2020,2020-01-01,Kjønn samlet,Alle aldre,Lungekreft,"per 100 000, standardisert",66.7,1,12
Notodden,2011-2020,2020-01-01,Kjønn samlet,Alle aldre,Hudkreft,"per 100 000, standardisert",91.5,1,12
Notodden,2011-2020,2020-01-01,Kjønn samlet,Alle aldre,Føflekkreft (malignt melanom),"per 100 000, standardisert",41.7,1,12
Notodden,2011-2020,2020-01-01,Kjønn samlet,Alle aldre,Brystkreft,"per 100 000, standardisert",,1,12
Notodden,2011-2020,2020-01-01,Kjønn samlet,Alle aldre,"Livmorhalskreft, kvinner","per 100 000, standardisert",,1,12
Notodden,2011-2020,2020-01-01,Kjønn samlet,Alle aldre,Prostatakreft,"per 100 000, standardisert",,1,12
Notodden,2011-2020,2020-01-01,Menn,Alle aldre,Totalt alle krefttyper,"per 100 000, standardisert",724.7,2,12
Notodden,2011-2020,2020-01-01,Menn,Alle aldre,Tykk- og endetarmskreft,"per 100 000, standardisert",87.4,2,12
Notodden,2011-2020,2020-01-01,Menn,Alle aldre,Lungekreft,"per 100 000, standardisert",70.7,2,12
Notodden,2011-2020,2020-01-01,Menn,Alle aldre,Hudkreft,"per 100 000, standardisert",92.0,2,12
Notodden,2011-2020,2020-01-01,Menn,Alle aldre,Føflekkreft (malignt melanom),"per 100 000, standardisert",39.1,2,12
Notodden,2011-2020,2020-01-01,Menn,Alle aldre,Brystkreft,"per 100 000, standardisert",,2,12
Notodden,2011-2020,2020-01-01,Menn,Alle aldre,"Livmorhalskreft, kvinner","per 100 000, standardisert",,2,12
Notodden,2011-2020,2020-01-01,Menn,Alle aldre,Prostatakreft,"per 100 000, standardisert",204.8,2,12
Notodden,2011-2020,2020-01-01,Kvinner,Alle aldre,Totalt alle krefttyper,"per 100 000, standardisert",631.5,3,12
Notodden,2011-2020,2020-01-01,Kvinner,Alle aldre,Tykk- og endetarmskreft,"per 100 000, standardisert",80.6,3,12
Notodden,2011-2020,2020-01-01,Kvinner,Alle aldre,Lungekreft,"per 100 000, standardisert",62.7,3,12
Notodden,2011-2020,2020-01-01,Kvinner,Alle aldre,Hudkreft,"per 100 000, standardisert",90.8,3,12
Notodden,2011-2020,2020-01-01,Kvinner,Alle aldre,Føflekkreft (malignt melanom),"per 100 000, standardisert",44.1,3,12
Notodden,2011-2020,2020-01-01,Kvinner,Alle aldre,Brystkreft,"per 100 000, standardisert",128.8,3,12
Notodden,2011-2020,2020-01-01,Kvinner,Alle aldre,"Livmorhalskreft, kvinner","per 100 000, standardisert",,3,12
Notodden,2011-2020,2020-01-01,Kvinner,Alle aldre,Prostatakreft,"per 100 000, standardisert",,3,12
Notodden,2012-2021,2021-01-01,Kjønn samlet,Alle aldre,Totalt alle krefttyper,"per 100 000, standardisert",688.3,1,12
Notodden,2012-2021,2021-01-01,Kjønn samlet,Alle aldre,Tykk- og endetarmskreft,"per 100 000, standardisert",86.0,1,12
Notodden,2012-2021,2021-01-01,Kjønn samlet,Alle aldre,Lungekreft,"per 100 000, standardisert",62.4,1,12
Notodden,2012-2021,2021-01-01,Kjønn samlet,Alle aldre,Hudkreft,"per 100 000, standardisert",96.4,1,12
Notodden,2012-2021,2021-01-01,Kjønn samlet,Alle aldre,Føflekkreft (malignt melanom),"per 100 000, standardisert",41.3,1,12
Notodden,2012-2021,2021-01-01,Kjønn samlet,Alle aldre,Brystkreft,"per 100 000, standardisert",,1,12
Notodden,2012-2021,2021-01-01,Kjønn samlet,Alle aldre,"Livmorhalskreft, kvinner","per 100 000, standardisert",,1,12
Notodden,2012-2021,2021-01-01,Kjønn samlet,Alle aldre,Prostatakreft,"per 100 000, standardisert",,1,12
Notodden,2012-2021,2021-01-01,Menn,Alle aldre,Totalt alle krefttyper,"per 100 000, standardisert",733.9,2,12
Notodden,2012-2021,2021-01-01,Menn,Alle aldre,Tykk- og endetarmskreft,"per 100 000, standardisert",90.2,2,12
Notodden,2012-2021,2021-01-01,Menn,Alle aldre,Lungekreft,"per 100 000, standardisert",65.3,2,12
Notodden,2012-2021,2021-01-01,Menn,Alle aldre,Hudkreft,"per 100 000, standardisert",105.6,2,12
Notodden,2012-2021,2021-01-01,Menn,Alle aldre,Føflekkreft (malignt melanom),"per 100 000, standardisert",40.0,2,12
Notodden,2012-2021,2021-01-01,Menn,Alle aldre,Brystkreft,"per 100 000, standardisert",,2,12
Notodden,2012-2021,2021-01-01,Menn,Alle aldre,"Livmorhalskreft, kvinner","per 100 000, standardisert",,2,12
Notodden,2012-2021,2021-01-01,Menn,Alle aldre,Prostatakreft,"per 100 000, standardisert",196.7,2,12
Notodden,2012-2021,2021-01-01,Kvinner,Alle aldre,Totalt alle krefttyper,"per 100 000, standardisert",642.4,3,12
Notodden,2012-2021,2021-01-01,Kvinner,Alle aldre,Tykk- og endetarmskreft,"per 100 000, standardisert",81.9,3,12
Notodden,2012-2021,2021-01-01,Kvinner,Alle aldre,Lungekreft,"per 100 000, standardisert",59.6,3,12
Notodden,2012-2021,2021-01-01,Kvinner,Alle aldre,Hudkreft,"per 100 000, standardisert",87.3,3,12
Notodden,2012-2021,2021-01-01,Kvinner,Alle aldre,Føflekkreft (malignt melanom),"per 100 000, standardisert",42.6,3,12
Notodden,2012-2021,2021-01-01,Kvinner,Alle aldre,Brystkreft,"per 100 000, standardisert",142.4,3,12
Notodden,2012-2021,2021-01-01,Kvinner,Alle aldre,"Livmorhalskreft, kvinner","per 100 000, standardisert",,3,12
Notodden,2012-2021,2021-01-01,Kvinner,Alle aldre,Prostatakreft,"per 100 000, standardisert",,3,12
Notodden,2013-2022,2022-01-01,Kjønn samlet,Alle aldre,Totalt alle krefttyper,"per 100 000, standardisert",688.7,1,12
Notodden,2013-2022,2022-01-01,Kjønn samlet,Alle aldre,Tykk- og endetarmskreft,"per 100 000, standardisert",83.2,1,12
Notodden,2013-2022,2022-01-01,Kjønn samlet,Alle aldre,Lungekreft,"per 100 000, standardisert",63.5,1,12
Notodden,2013-2022,2022-01-01,Kjønn samlet,Alle aldre,Hudkreft,"per 100 000, standardisert",101.6,1,12
Notodden,2013-2022,2022-01-01,Kjønn samlet,Alle aldre,Føflekkreft (malignt melanom),"per 100 000, standardisert",45.1,1,12
Notodden,2013-2022,2022-01-01,Kjønn samlet,Alle aldre,Brystkreft,"per 100 000, standardisert",,1,12
Notodden,2013-2022,2022-01-01,Kjønn samlet,Alle aldre,"Livmorhalskreft, kvinner","per 100 000, standardisert",,1,12
Notodden,2013-2022,2022-01-01,Kjønn samlet,Alle aldre,Prostatakreft,"per 100 000, standardisert",,1,12
Notodden,2013-2022,2022-01-01,Menn,Alle aldre,Totalt alle krefttyper,"per 100 000, standardisert",714.2,2,12
Notodden,2013-2022,2022-01-01,Menn,Alle aldre,Tykk- og endetarmskreft,"per 100 000, standardisert",84.7,2,12
Notodden,2013-2022,2022-01-01,Menn,Alle aldre,Lungekreft,"per 100 000, standardisert",66.8,2,12
Notodden,2013-2022,2022-01-01,Menn,Alle aldre,Hudkreft,"per 100 000, standardisert",105.5,2,12
Notodden,2013-2022,2022-01-01,Menn,Alle aldre,Føflekkreft (malignt melanom),"per 100 000, standardisert",43.6,2,12
Notodden,2013-2022,2022-01-01,Menn,Alle aldre,Brystkreft,"per 100 000, standardisert",,2,12
Notodden,2013-2022,2022-01-01,Menn,Alle aldre,"Livmorhalskreft, kvinner","per 100 000, standardisert",,2,12
Notodden,2013-2022,2022-01-01,Menn,Alle aldre,Prostatakreft,"per 100 000, standardisert",180.9,2,12
Notodden,2013-2022,2022-01-01,Kvinner,Alle aldre,Totalt alle krefttyper,"per 100 000, standardisert",662.5,3,12
Notodden,2013-2022,2022-01-01,Kvinner,Alle aldre,Tykk- og endetarmskreft,"per 100 000, standardisert",81.6,3,12
Notodden,2013-2022,2022-01-01,Kvinner,Alle aldre,Lungekreft,"per 100 000, standardisert",60.3,3,12
Notodden,2013-2022,2022-01-01,Kvinner,Alle aldre,Hudkreft,"per 100 000, standardisert",97.6,3,12
Notodden,2013-2022,2022-01-01,Kvinner,Alle aldre,Føflekkreft (malignt melanom),"per 100 000, standardisert",46.6,3,12
Notodden,2013-2022,2022-01-01,Kvinner,Alle aldre,Brystkreft,"per 100 000, standardisert",154.3,3,12
Notodden,2013-2022,2022-01-01,Kvinner,Alle aldre,"Livmorhalskreft, kvinner","per 100 000, standardisert",,3,12
Notodden,2013-2022,2022-01-01,Kvinner,Alle aldre,Prostatakreft,"per 100 000, standardisert",,3,12
Notodden,2014-2023,2023-01-01,Kjønn samlet,Alle aldre,Totalt alle krefttyper,"per 100 000, standardisert",693.6,1,12
Notodden,2014-2023,2023-01-01,Kjønn samlet,Alle aldre,Tykk- og endetarmskreft,"per 100 000, standardisert",85.5,1,12
Notodden,2014-2023,2023-01-01,Kjønn samlet,Alle aldre,Lungekreft,"per 100 000, standardisert",67.7,1,12
Notodden,2014-2023,2023-01-01,Kjønn samlet,Alle aldre,Hudkreft,"per 100 000, standardisert",102.1,1,12
Notodden,2014-2023,2023-01-01,Kjønn samlet,Alle aldre,Føflekkreft (malignt melanom),"per 100 000, standardisert",44.0,1,12
Notodden,2014-2023,2023-01-01,Kjønn samlet,Alle aldre,Brystkreft,"per 100 000, standardisert",,1,12
Notodden,2014-2023,2023-01-01,Kjønn samlet,Alle aldre,"Livmorhalskreft, kvinner","per 100 000, standardisert",,1,12
Notodden,2014-2023,2023-01-01,Kjønn samlet,Alle aldre,Prostatakreft,"per 100 000, standardisert",,1,12
Notodden,2014-2023,2023-01-01,Menn,Alle aldre,Totalt alle krefttyper,"per 100 000, standardisert",700.1,2,12
Notodden,2014-2023,2023-01-01,Menn,Alle aldre,Tykk- og endetarmskreft,"per 100 000, standardisert",86.0,2,12
Notodden,2014-2023,2023-01-01,Menn,Alle aldre,Lungekreft,"per 100 000, standardisert",65.5,2,12
Notodden,2014-2023,2023-01-01,Menn,Alle aldre,Hudkreft,"per 100 000, standardisert",98.9,2,12
Notodden,2014-2023,2023-01-01,Menn,Alle aldre,Føflekkreft (malignt melanom),"per 100 000, standardisert",40.3,2,12
Notodden,2014-2023,2023-01-01,Menn,Alle aldre,Brystkreft,"per 100 000, standardisert",,2,12
Notodden,2014-2023,2023-01-01,Menn,Alle aldre,"Livmorhalskreft, kvinner","per 100 000, standardisert",,2,12
Notodden,2014-2023,2023-01-01,Menn,Alle aldre,Prostatakreft,"per 100 000, standardisert",174.9,2,12
Notodden,2014-2023,2023-01-01,Kvinner,Alle aldre,Totalt alle krefttyper,"per 100 000, standardisert",686.6,3,12
Notodden,2014-2023,2023-01-01,Kvinner,Alle aldre,Tykk- og endetarmskreft,"per 100 000, standardisert",84.9,3,12
Notodden,2014-2023,2023-01-01,Kvinner,Alle aldre,Lungekreft,"per 100 000, standardisert",70.0,3,12
Notodden,2014-2023,2023-01-01,Kvinner,Alle aldre,Hudkreft,"per 100 000, standardisert",105.1,3,12
Notodden,2014-2023,2023-01-01,Kvinner,Alle aldre,Føflekkreft (malignt melanom),"per 100 000, standardisert",47.7,3,12
Notodden,2014-2023,2023-01-01,Kvinner,Alle aldre,Brystkreft,"per 100 000, standardisert",157.6,3,12
Notodden,2014-2023,2023-01-01,Kvinner,Alle aldre,"Livmorhalskreft, kvinner","per 100 000, standardisert",,3,12
Notodden,2014-2023,2023-01-01,Kvinner,Alle aldre,Prostatakreft,"per 100 000, standardisert",,3,12
Notodden,2015-2024,2024-01-01,Kjønn samlet,Alle aldre,Totalt alle krefttyper,"per 100 000, standardisert",683.7,1,12
Notodden,2015-2024,2024-01-01,Kjønn samlet,Alle aldre,Tykk- og endetarmskreft,"per 100 000, standardisert",83.2,1,12
Notodden,2015-2024,2024-01-01,Kjønn samlet,Alle aldre,Lungekreft,"per 100 000, standardisert",66.6,1,12
Notodden,2015-2024,2024-01-01,Kjønn samlet,Alle aldre,Hudkreft,"per 100 000, standardisert",104.9,1,12
Notodden,2015-2024,2024-01-01,Kjønn samlet,Alle aldre,Føflekkreft (malignt melanom),"per 100 000, standardisert",46.8,1,12
Notodden,2015-2024,2024-01-01,Kjønn samlet,Alle aldre,Brystkreft,"per 100 000, standardisert",,1,12
Notodden,2015-2024,2024-01-01,Kjønn samlet,Alle aldre,"Livmorhalskreft, kvinner","per 100 000, standardisert",,1,12
Notodden,2015-2024,2024-01-01,Kjønn samlet,Alle aldre,Prostatakreft,"per 100 000, standardisert",,1,12
Notodden,2015-2024,2024-01-01,Menn,Alle aldre,Totalt alle krefttyper,"per 100 000, standardisert",688.2,2,12
Notodden,2015-2024,2024-01-01,Menn,Alle aldre,Tykk- og endetarmskreft,"per 100 000, standardisert",83.2,2,12
Notodden,2015-2024,2024-01-01,Menn,Alle aldre,Lungekreft,"per 100 000, standardisert",65.4,2,12
Notodden,2015-2024,2024-01-01,Menn,Alle aldre,Hudkreft,"per 100 000, standardisert",101.2,2,12
Notodden,2015-2024,2024-01-01,Menn,Alle aldre,Føflekkreft (malignt melanom),"per 100 000, standardisert",42.4,2,12
Notodden,2015-2024,2024-01-01,Menn,Alle aldre,Brystkreft,"per 100 000, standardisert",,2,12
Notodden,2015-2024,2024-01-01,Menn,Alle aldre,"Livmorhalskreft, kvinner","per 100 000, standardisert",,2,12
Notodden,2015-2024,2024-01-01,Menn,Alle aldre,Prostatakreft,"per 100 000, standardisert",172.9,2,12
Notodden,2015-2024,2024-01-01,Kvinner,Alle aldre,Totalt alle krefttyper,"per 100 000, standardisert",679.1,3,12
Notodden,2015-2024,2024-01-01,Kvinner,Alle aldre,Tykk- og endetarmskreft,"per 100 000, standardisert",83.0,3,12
Notodden,2015-2024,2024-01-01,Kvinner,Alle aldre,Lungekreft,"per 100 000, standardisert",67.8,3,12
Notodden,2015-2024,2024-01-01,Kvinner,Alle aldre,Hudkreft,"per 100 000, standardisert",108.5,3,12
Notodden,2015-2024,2024-01-01,Kvinner,Alle aldre,Føflekkreft (malignt melanom),"per 100 000, standardisert",51.4,3,12
Notodden,2015-2024,2024-01-01,Kvinner,Alle aldre,Brystkreft,"per 100 000, standardisert",153.8,3,12
Notodden,2015-2024,2024-01-01,Kvinner,Alle aldre,"Livmorhalskreft, kvinner","per 100 000, standardisert",,3,12
Notodden,2015-2024,2024-01-01,Kvinner,Alle aldre,Prostatakreft,"per 100 000, standardisert",,3,12
Notodden,2016-2025,2025-01-01,Kjønn samlet,Alle aldre,Totalt alle krefttyper,"per 100 000, standardisert",688.0,1,12
Notodden,2016-2025,2025-01-01,Kjønn samlet,Alle aldre,Tykk- og endetarmskreft,"per 100 000, standardisert",83.9,1,12
Notodden,2016-2025,2025-01-01,Kjønn samlet,Alle aldre,Lungekreft,"per 100 000, standardisert",64.2,1,12
Notodden,2016-2025,2025-01-01,Kjønn samlet,Alle aldre,Hudkreft,"per 100 000, standardisert",112.5,1,12
Notodden,2016-2025,2025-01-01,Kjønn samlet,Alle aldre,Føflekkreft (malignt melanom),"per 100 000, standardisert",45.6,1,12
Notodden,2016-2025,2025-01-01,Kjønn samlet,Alle aldre,Brystkreft,"per 100 000, standardisert",,1,12
Notodden,2016-2025,2025-01-01,Kjønn samlet,Alle aldre,"Livmorhalskreft, kvinner","per 100 000, standardisert",,1,12
Notodden,2016-2025,2025-01-01,Kjønn samlet,Alle aldre,Prostatakreft,"per 100 000, standardisert",,1,12
Notodden,2016-2025,2025-01-01,Menn,Alle aldre,Totalt alle krefttyper,"per 100 000, standardisert",677.4,2,12
Notodden,2016-2025,2025-01-01,Menn,Alle aldre,Tykk- og endetarmskreft,"per 100 000, standardisert",85.6,2,12
Notodden,2016-2025,2025-01-01,Menn,Alle aldre,Lungekreft,"per 100 000, standardisert",60.3,2,12
Notodden,2016-2025,2025-01-01,Menn,Alle aldre,Hudkreft,"per 100 000, standardisert",105.7,2,12
Notodden,2016-2025,2025-01-01,Menn,Alle aldre,Føflekkreft (malignt melanom),"per 100 000, standardisert",40.4,2,12
Notodden,2016-2025,2025-01-01,Menn,Alle aldre,Brystkreft,"per 100 000, standardisert",,2,12
Notodden,2016-2025,2025-01-01,Menn,Alle aldre,"Livmorhalskreft, kvinner","per 100 000, standardisert",,2,12
Notodden,2016-2025,2025-01-01,Menn,Alle aldre,Prostatakreft,"per 100 000, standardisert",159.5,2,12
Notodden,2016-2025,2025-01-01,Kvinner,Alle aldre,Totalt alle krefttyper,"per 100 000, standardisert",699.0,3,12
Notodden,2016-2025,2025-01-01,Kvinner,Alle aldre,Tykk- og endetarmskreft,"per 100 000, standardisert",82.2,3,12
Notodden,2016-2025,2025-01-01,Kvinner,Alle aldre,Lungekreft,"per 100 000, standardisert",68.2,3,12
Notodden,2016-2025,2025-01-01,Kvinner,Alle aldre,Hudkreft,"per 100 000, standardisert",119.2,3,12
Notodden,2016-2025,2025-01-01,Kvinner,Alle aldre,Føflekkreft (malignt melanom),"per 100 000, standardisert",51.0,3,12
Notodden,2016-2025,2025-01-01,Kvinner,Alle aldre,Brystkreft,"per 100 000, standardisert",162.1,3,12
Notodden,2016-2025,2025-01-01,Kvinner,Alle aldre,"Livmorhalskreft, kvinner","per 100 000, standardisert",,3,12
Notodden,2016-2025,2025-01-01,Kvinner,Alle aldre,Prostatakreft,"per 100 000, standardisert",,3,12
Siljan,2007-2016,2016-01-01,Kjønn samlet,Alle aldre,Totalt alle krefttyper,"per 100 000, standardisert",656.2,1,15
Siljan,2007-2016,2016-01-01,Kjønn samlet,Alle aldre,Tykk- og endetarmskreft,"per 100 000, standardisert",67.1,1,15
Siljan,2007-2016,2016-01-01,Kjønn samlet,Alle aldre,Lungekreft,"per 100 000, standardisert",54.3,1,15
Siljan,2007-2016,2016-01-01,Kjønn samlet,Alle aldre,Hudkreft,"per 100 000, standardisert",,1,15
Siljan,2007-2016,2016-01-01,Kjønn samlet,Alle aldre,Føflekkreft (malignt melanom),"per 100 000, standardisert",,1,15
Siljan,2007-2016,2016-01-01,Kjønn samlet,Alle aldre,Brystkreft,"per 100 000, standardisert",,1,15
Siljan,2007-2016,2016-01-01,Kjønn samlet,Alle aldre,"Livmorhalskreft, kvinner","per 100 000, standardisert",,1,15
Siljan,2007-2016,2016-01-01,Kjønn samlet,Alle aldre,Prostatakreft,"per 100 000, standardisert",,1,15
Siljan,2007-2016,2016-01-01,Menn,Alle aldre,Totalt alle krefttyper,"per 100 000, standardisert",675.1,2,15
Siljan,2007-2016,2016-01-01,Menn,Alle aldre,Tykk- og endetarmskreft,"per 100 000, standardisert",,2,15
Siljan,2007-2016,2016-01-01,Menn,Alle aldre,Lungekreft,"per 100 000, standardisert",,2,15
Siljan,2007-2016,2016-01-01,Menn,Alle aldre,Hudkreft,"per 100 000, standardisert",,2,15
Siljan,2007-2016,2016-01-01,Menn,Alle aldre,Føflekkreft (malignt melanom),"per 100 000, standardisert",,2,15
Siljan,2007-2016,2016-01-01,Menn,Alle aldre,Brystkreft,"per 100 000, standardisert",,2,15
Siljan,2007-2016,2016-01-01,Menn,Alle aldre,"Livmorhalskreft, kvinner","per 100 000, standardisert",,2,15
Siljan,2007-2016,2016-01-01,Menn,Alle aldre,Prostatakreft,"per 100 000, standardisert",232.8,2,15
Siljan,2007-2016,2016-01-01,Kvinner,Alle aldre,Totalt alle krefttyper,"per 100 000, standardisert",636.7,3,15
Siljan,2007-2016,2016-01-01,Kvinner,Alle aldre,Tykk- og endetarmskreft,"per 100 000, standardisert",,3,15
Siljan,2007-2016,2016-01-01,Kvinner,Alle aldre,Lungekreft,"per 100 000, standardisert",,3,15
Siljan,2007-2016,2016-01-01,Kvinner,Alle aldre,Hudkreft,"per 100 000, standardisert",,3,15
Siljan,2007-2016,2016-01-01,Kvinner,Alle aldre,Føflekkreft (malignt melanom),"per 100 000, standardisert",,3,15
Siljan,2007-2016,2016-01-01,Kvinner,Alle aldre,Brystkreft,"per 100 000, standardisert",178.7,3,15
Siljan,2007-2016,2016-01-01,Kvinner,Alle aldre,"Livmorhalskreft, kvinner","per 100 000, standardisert",,3,15
Siljan,2007-2016,2016-01-01,Kvinner,Alle aldre,Prostatakreft,"per 100 000, standardisert",,3,15
Siljan,2008-2017,2017-01-01,Kjønn samlet,Alle aldre,Totalt alle krefttyper,"per 100 000, standardisert",670.0,1,15
Siljan,2008-2017,2017-01-01,Kjønn samlet,Alle aldre,Tykk- og endetarmskreft,"per 100 000, standardisert",65.7,1,15
Siljan,2008-2017,2017-01-01,Kjønn samlet,Alle aldre,Lungekreft,"per 100 000, standardisert",53.0,1,15
Siljan,2008-2017,2017-01-01,Kjønn samlet,Alle aldre,Hudkreft,"per 100 000, standardisert",,1,15
Siljan,2008-2017,2017-01-01,Kjønn samlet,Alle aldre,Føflekkreft (malignt melanom),"per 100 000, standardisert",,1,15
Siljan,2008-2017,2017-01-01,Kjønn samlet,Alle aldre,Brystkreft,"per 100 000, standardisert",,1,15
Siljan,2008-2017,2017-01-01,Kjønn samlet,Alle aldre,"Livmorhalskreft, kvinner","per 100 000, standardisert",,1,15
Siljan,2008-2017,2017-01-01,Kjønn samlet,Alle aldre,Prostatakreft,"per 100 000, standardisert",,1,15
Siljan,2008-2017,2017-01-01,Menn,Alle aldre,Totalt alle krefttyper,"per 100 000, standardisert",721.6,2,15
Siljan,2008-2017,2017-01-01,Menn,Alle aldre,Tykk- og endetarmskreft,"per 100 000, standardisert",,2,15
Siljan,2008-2017,2017-01-01,Menn,Alle aldre,Lungekreft,"per 100 000, standardisert",,2,15
Siljan,2008-2017,2017-01-01,Menn,Alle aldre,Hudkreft,"per 100 000, standardisert",,2,15
Siljan,2008-2017,2017-01-01,Menn,Alle aldre,Føflekkreft (malignt melanom),"per 100 000, standardisert",,2,15
Siljan,2008-2017,2017-01-01,Menn,Alle aldre,Brystkreft,"per 100 000, standardisert",,2,15
Siljan,2008-2017,2017-01-01,Menn,Alle aldre,"Livmorhalskreft, kvinner","per 100 000, standardisert",,2,15
Siljan,2008-2017,2017-01-01,Menn,Alle aldre,Prostatakreft,"per 100 000, standardisert",236.2,2,15
Siljan,2008-2017,2017-01-01,Kvinner,Alle aldre,Totalt alle krefttyper,"per 100 000, standardisert",617.8,3,15
Siljan,2008-2017,2017-01-01,Kvinner,Alle aldre,Tykk- og endetarmskreft,"per 100 000, standardisert",,3,15
Siljan,2008-2017,2017-01-01,Kvinner,Alle aldre,Lungekreft,"per 100 000, standardisert",,3,15
Siljan,2008-2017,2017-01-01,Kvinner,Alle aldre,Hudkreft,"per 100 000, standardisert",,3,15
Siljan,2008-2017,2017-01-01,Kvinner,Alle aldre,Føflekkreft (malignt melanom),"per 100 000, standardisert",,3,15
Siljan,2008-2017,2017-01-01,Kvinner,Alle aldre,Brystkreft,"per 100 000, standardisert",176.9,3,15
Siljan,2008-2017,2017-01-01,Kvinner,Alle aldre,"Livmorhalskreft, kvinner","per 100 000, standardisert",,3,15
Siljan,2008-2017,2017-01-01,Kvinner,Alle aldre,Prostatakreft,"per 100 000, standardisert",,3,15
Siljan,2009-2018,2018-01-01,Kjønn samlet,Alle aldre,Totalt alle krefttyper,"per 100 000, standardisert",665.4,1,15
Siljan,2009-2018,2018-01-01,Kjønn samlet,Alle aldre,Tykk- og endetarmskreft,"per 100 000, standardisert",55.7,1,15
Siljan,2009-2018,2018-01-01,Kjønn samlet,Alle aldre,Lungekreft,"per 100 000, standardisert",56.1,1,15
Siljan,2009-2018,2018-01-01,Kjønn samlet,Alle aldre,Hudkreft,"per 100 000, standardisert",,1,15
Siljan,2009-2018,2018-01-01,Kjønn samlet,Alle aldre,Føflekkreft (malignt melanom),"per 100 000, standardisert",,1,15
Siljan,2009-2018,2018-01-01,Kjønn samlet,Alle aldre,Brystkreft,"per 100 000, standardisert",,1,15
Siljan,2009-2018,2018-01-01,Kjønn samlet,Alle aldre,"Livmorhalskreft, kvinner","per 100 000, standardisert",,1,15
Siljan,2009-2018,2018-01-01,Kjønn samlet,Alle aldre,Prostatakreft,"per 100 000, standardisert",,1,15
Siljan,2009-2018,2018-01-01,Menn,Alle aldre,Totalt alle krefttyper,"per 100 000, standardisert",722.7,2,15
Siljan,2009-2018,2018-01-01,Menn,Alle aldre,Tykk- og endetarmskreft,"per 100 000, standardisert",,2,15
Siljan,2009-2018,2018-01-01,Menn,Alle aldre,Lungekreft,"per 100 000, standardisert",,2,15
Siljan,2009-2018,2018-01-01,Menn,Alle aldre,Hudkreft,"per 100 000, standardisert",,2,15
Siljan,2009-2018,2018-01-01,Menn,Alle aldre,Føflekkreft (malignt melanom),"per 100 000, standardisert",,2,15
Siljan,2009-2018,2018-01-01,Menn,Alle aldre,Brystkreft,"per 100 000, standardisert",,2,15
Siljan,2009-2018,2018-01-01,Menn,Alle aldre,"Livmorhalskreft, kvinner","per 100 000, standardisert",,2,15
Siljan,2009-2018,2018-01-01,Menn,Alle aldre,Prostatakreft,"per 100 000, standardisert",222.1,2,15
Siljan,2009-2018,2018-01-01,Kvinner,Alle aldre,Totalt alle krefttyper,"per 100 000, standardisert",607.5,3,15
Siljan,2009-2018,2018-01-01,Kvinner,Alle aldre,Tykk- og endetarmskreft,"per 100 000, standardisert",,3,15
Siljan,2009-2018,2018-01-01,Kvinner,Alle aldre,Lungekreft,"per 100 000, standardisert",,3,15
Siljan,2009-2018,2018-01-01,Kvinner,Alle aldre,Hudkreft,"per 100 000, standardisert",,3,15
Siljan,2009-2018,2018-01-01,Kvinner,Alle aldre,Føflekkreft (malignt melanom),"per 100 000, standardisert",,3,15
Siljan,2009-2018,2018-01-01,Kvinner,Alle aldre,Brystkreft,"per 100 000, standardisert",191.8,3,15
Siljan,2009-2018,2018-01-01,Kvinner,Alle aldre,"Livmorhalskreft, kvinner","per 100 000, standardisert",,3,15
Siljan,2009-2018,2018-01-01,Kvinner,Alle aldre,Prostatakreft,"per 100 000, standardisert",,3,15
Siljan,2010-2019,2019-01-01,Kjønn samlet,Alle aldre,Totalt alle krefttyper,"per 100 000, standardisert",710.4,1,15
Siljan,2010-2019,2019-01-01,Kjønn samlet,Alle aldre,Tykk- og endetarmskreft,"per 100 000, standardisert",67.0,1,15
Siljan,2010-2019,2019-01-01,Kjønn samlet,Alle aldre,Lungekreft,"per 100 000, standardisert",58.9,1,15
Siljan,2010-2019,2019-01-01,Kjønn samlet,Alle aldre,Hudkreft,"per 100 000, standardisert",,1,15
Siljan,2010-2019,2019-01-01,Kjønn samlet,Alle aldre,Føflekkreft (malignt melanom),"per 100 000, standardisert",,1,15
Siljan,2010-2019,2019-01-01,Kjønn samlet,Alle aldre,Brystkreft,"per 100 000, standardisert",,1,15
Siljan,2010-2019,2019-01-01,Kjønn samlet,Alle aldre,"Livmorhalskreft, kvinner","per 100 000, standardisert",,1,15
Siljan,2010-2019,2019-01-01,Kjønn samlet,Alle aldre,Prostatakreft,"per 100 000, standardisert",,1,15
Siljan,2010-2019,2019-01-01,Menn,Alle aldre,Totalt alle krefttyper,"per 100 000, standardisert",747.6,2,15
Siljan,2010-2019,2019-01-01,Menn,Alle aldre,Tykk- og endetarmskreft,"per 100 000, standardisert",,2,15
Siljan,2010-2019,2019-01-01,Menn,Alle aldre,Lungekreft,"per 100 000, standardisert",,2,15
Siljan,2010-2019,2019-01-01,Menn,Alle aldre,Hudkreft,"per 100 000, standardisert",,2,15
Siljan,2010-2019,2019-01-01,Menn,Alle aldre,Føflekkreft (malignt melanom),"per 100 000, standardisert",,2,15
Siljan,2010-2019,2019-01-01,Menn,Alle aldre,Brystkreft,"per 100 000, standardisert",,2,15
Siljan,2010-2019,2019-01-01,Menn,Alle aldre,"Livmorhalskreft, kvinner","per 100 000, standardisert",,2,15
Siljan,2010-2019,2019-01-01,Menn,Alle aldre,Prostatakreft,"per 100 000, standardisert",224.9,2,15
Siljan,2010-2019,2019-01-01,Kvinner,Alle aldre,Totalt alle krefttyper,"per 100 000, standardisert",672.7,3,15
Siljan,2010-2019,2019-01-01,Kvinner,Alle aldre,Tykk- og endetarmskreft,"per 100 000, standardisert",,3,15
Siljan,2010-2019,2019-01-01,Kvinner,Alle aldre,Lungekreft,"per 100 000, standardisert",,3,15
Siljan,2010-2019,2019-01-01,Kvinner,Alle aldre,Hudkreft,"per 100 000, standardisert",,3,15
Siljan,2010-2019,2019-01-01,Kvinner,Alle aldre,Føflekkreft (malignt melanom),"per 100 000, standardisert",,3,15
Siljan,2010-2019,2019-01-01,Kvinner,Alle aldre,Brystkreft,"per 100 000, standardisert",198.1,3,15
Siljan,2010-2019,2019-01-01,Kvinner,Alle aldre,"Livmorhalskreft, kvinner","per 100 000, standardisert",,3,15
Siljan,2010-2019,2019-01-01,Kvinner,Alle aldre,Prostatakreft,"per 100 000, standardisert",,3,15
Siljan,2011-2020,2020-01-01,Kjønn samlet,Alle aldre,Totalt alle krefttyper,"per 100 000, standardisert",724.2,1,15
Siljan,2011-2020,2020-01-01,Kjønn samlet,Alle aldre,Tykk- og endetarmskreft,"per 100 000, standardisert",65.4,1,15
Siljan,2011-2020,2020-01-01,Kjønn samlet,Alle aldre,Lungekreft,"per 100 000, standardisert",53.3,1,15
Siljan,2011-2020,2020-01-01,Kjønn samlet,Alle aldre,Hudkreft,"per 100 000, standardisert",,1,15
Siljan,2011-2020,2020-01-01,Kjønn samlet,Alle aldre,Føflekkreft (malignt melanom),"per 100 000, standardisert",,1,15
Siljan,2011-2020,2020-01-01,Kjønn samlet,Alle aldre,Brystkreft,"per 100 000, standardisert",,1,15
Siljan,2011-2020,2020-01-01,Kjønn samlet,Alle aldre,"Livmorhalskreft, kvinner","per 100 000, standardisert",,1,15
Siljan,2011-2020,2020-01-01,Kjønn samlet,Alle aldre,Prostatakreft,"per 100 000, standardisert",,1,15
Siljan,2011-2020,2020-01-01,Menn,Alle aldre,Totalt alle krefttyper,"per 100 000, standardisert",761.9,2,15
Siljan,2011-2020,2020-01-01,Menn,Alle aldre,Tykk- og endetarmskreft,"per 100 000, standardisert",,2,15
Siljan,2011-2020,2020-01-01,Menn,Alle aldre,Lungekreft,"per 100 000, standardisert",,2,15
Siljan,2011-2020,2020-01-01,Menn,Alle aldre,Hudkreft,"per 100 000, standardisert",,2,15
Siljan,2011-2020,2020-01-01,Menn,Alle aldre,Føflekkreft (malignt melanom),"per 100 000, standardisert",,2,15
Siljan,2011-2020,2020-01-01,Menn,Alle aldre,Brystkreft,"per 100 000, standardisert",,2,15
Siljan,2011-2020,2020-01-01,Menn,Alle aldre,"Livmorhalskreft, kvinner","per 100 000, standardisert",,2,15
Siljan,2011-2020,2020-01-01,Menn,Alle aldre,Prostatakreft,"per 100 000, standardisert",259.8,2,15
Siljan,2011-2020,2020-01-01,Kvinner,Alle aldre,Totalt alle krefttyper,"per 100 000, standardisert",686.0,3,15
Siljan,2011-2020,2020-01-01,Kvinner,Alle aldre,Tykk- og endetarmskreft,"per 100 000, standardisert",,3,15
Siljan,2011-2020,2020-01-01,Kvinner,Alle aldre,Lungekreft,"per 100 000, standardisert",,3,15
Siljan,2011-2020,2020-01-01,Kvinner,Alle aldre,Hudkreft,"per 100 000, standardisert",,3,15
Siljan,2011-2020,2020-01-01,Kvinner,Alle aldre,Føflekkreft (malignt melanom),"per 100 000, standardisert",,3,15
Siljan,2011-2020,2020-01-01,Kvinner,Alle aldre,Brystkreft,"per 100 000, standardisert",204.5,3,15
Siljan,2011-2020,2020-01-01,Kvinner,Alle aldre,"Livmorhalskreft, kvinner","per 100 000, standardisert",,3,15
Siljan,2011-2020,2020-01-01,Kvinner,Alle aldre,Prostatakreft,"per 100 000, standardisert",,3,15
Siljan,2012-2021,2021-01-01,Kjønn samlet,Alle aldre,Totalt alle krefttyper,"per 100 000, standardisert",733.6,1,15
Siljan,2012-2021,2021-01-01,Kjønn samlet,Alle aldre,Tykk- og endetarmskreft,"per 100 000, standardisert",59.9,1,15
Siljan,2012-2021,2021-01-01,Kjønn samlet,Alle aldre,Lungekreft,"per 100 000, standardisert",56.1,1,15
Siljan,2012-2021,2021-01-01,Kjønn samlet,Alle aldre,Hudkreft,"per 100 000, standardisert",,1,15
Siljan,2012-2021,2021-01-01,Kjønn samlet,Alle aldre,Føflekkreft (malignt melanom),"per 100 000, standardisert",,1,15
Siljan,2012-2021,2021-01-01,Kjønn samlet,Alle aldre,Brystkreft,"per 100 000, standardisert",,1,15
Siljan,2012-2021,2021-01-01,Kjønn samlet,Alle aldre,"Livmorhalskreft, kvinner","per 100 000, standardisert",,1,15
Siljan,2012-2021,2021-01-01,Kjønn samlet,Alle aldre,Prostatakreft,"per 100 000, standardisert",,1,15
Siljan,2012-2021,2021-01-01,Menn,Alle aldre,Totalt alle krefttyper,"per 100 000, standardisert",743.9,2,15
Siljan,2012-2021,2021-01-01,Menn,Alle aldre,Tykk- og endetarmskreft,"per 100 000, standardisert",,2,15
Siljan,2012-2021,2021-01-01,Menn,Alle aldre,Lungekreft,"per 100 000, standardisert",,2,15
Siljan,2012-2021,2021-01-01,Menn,Alle aldre,Hudkreft,"per 100 000, standardisert",,2,15
Siljan,2012-2021,2021-01-01,Menn,Alle aldre,Føflekkreft (malignt melanom),"per 100 000, standardisert",,2,15
Siljan,2012-2021,2021-01-01,Menn,Alle aldre,Brystkreft,"per 100 000, standardisert",,2,15
Siljan,2012-2021,2021-01-01,Menn,Alle aldre,"Livmorhalskreft, kvinner","per 100 000, standardisert",,2,15
Siljan,2012-2021,2021-01-01,Menn,Alle aldre,Prostatakreft,"per 100 000, standardisert",253.6,2,15
Siljan,2012-2021,2021-01-01,Kvinner,Alle aldre,Totalt alle krefttyper,"per 100 000, standardisert",723.5,3,15
Siljan,2012-2021,2021-01-01,Kvinner,Alle aldre,Tykk- og endetarmskreft,"per 100 000, standardisert",,3,15
Siljan,2012-2021,2021-01-01,Kvinner,Alle aldre,Lungekreft,"per 100 000, standardisert",,3,15
Siljan,2012-2021,2021-01-01,Kvinner,Alle aldre,Hudkreft,"per 100 000, standardisert",,3,15
Siljan,2012-2021,2021-01-01,Kvinner,Alle aldre,Føflekkreft (malignt melanom),"per 100 000, standardisert",,3,15
Siljan,2012-2021,2021-01-01,Kvinner,Alle aldre,Brystkreft,"per 100 000, standardisert",211.0,3,15
Siljan,2012-2021,2021-01-01,Kvinner,Alle aldre,"Livmorhalskreft, kvinner","per 100 000, standardisert",,3,15
Siljan,2012-2021,2021-01-01,Kvinner,Alle aldre,Prostatakreft,"per 100 000, standardisert",,3,15
Siljan,2013-2022,2022-01-01,Kjønn samlet,Alle aldre,Totalt alle krefttyper,"per 100 000, standardisert",745.8,1,15
Siljan,2013-2022,2022-01-01,Kjønn samlet,Alle aldre,Tykk- og endetarmskreft,"per 100 000, standardisert",62.4,1,15
Siljan,2013-2022,2022-01-01,Kjønn samlet,Alle aldre,Lungekreft,"per 100 000, standardisert",50.7,1,15
Siljan,2013-2022,2022-01-01,Kjønn samlet,Alle aldre,Hudkreft,"per 100 000, standardisert",,1,15
Siljan,2013-2022,2022-01-01,Kjønn samlet,Alle aldre,Føflekkreft (malignt melanom),"per 100 000, standardisert",,1,15
Siljan,2013-2022,2022-01-01,Kjønn samlet,Alle aldre,Brystkreft,"per 100 000, standardisert",,1,15
Siljan,2013-2022,2022-01-01,Kjønn samlet,Alle aldre,"Livmorhalskreft, kvinner","per 100 000, standardisert",,1,15
Siljan,2013-2022,2022-01-01,Kjønn samlet,Alle aldre,Prostatakreft,"per 100 000, standardisert",,1,15
Siljan,2013-2022,2022-01-01,Menn,Alle aldre,Totalt alle krefttyper,"per 100 000, standardisert",817.7,2,15
Siljan,2013-2022,2022-01-01,Menn,Alle aldre,Tykk- og endetarmskreft,"per 100 000, standardisert",,2,15
Siljan,2013-2022,2022-01-01,Menn,Alle aldre,Lungekreft,"per 100 000, standardisert",,2,15
Siljan,2013-2022,2022-01-01,Menn,Alle aldre,Hudkreft,"per 100 000, standardisert",,2,15
Siljan,2013-2022,2022-01-01,Menn,Alle aldre,Føflekkreft (malignt melanom),"per 100 000, standardisert",,2,15
Siljan,2013-2022,2022-01-01,Menn,Alle aldre,Brystkreft,"per 100 000, standardisert",,2,15
Siljan,2013-2022,2022-01-01,Menn,Alle aldre,"Livmorhalskreft, kvinner","per 100 000, standardisert",,2,15
Siljan,2013-2022,2022-01-01,Menn,Alle aldre,Prostatakreft,"per 100 000, standardisert",285.8,2,15
Siljan,2013-2022,2022-01-01,Kvinner,Alle aldre,Totalt alle krefttyper,"per 100 000, standardisert",672.1,3,15
Siljan,2013-2022,2022-01-01,Kvinner,Alle aldre,Tykk- og endetarmskreft,"per 100 000, standardisert",,3,15
Siljan,2013-2022,2022-01-01,Kvinner,Alle aldre,Lungekreft,"per 100 000, standardisert",,3,15
Siljan,2013-2022,2022-01-01,Kvinner,Alle aldre,Hudkreft,"per 100 000, standardisert",,3,15
Siljan,2013-2022,2022-01-01,Kvinner,Alle aldre,Føflekkreft (malignt melanom),"per 100 000, standardisert",,3,15
Siljan,2013-2022,2022-01-01,Kvinner,Alle aldre,Brystkreft,"per 100 000, standardisert",185.2,3,15
Siljan,2013-2022,2022-01-01,Kvinner,Alle aldre,"Livmorhalskreft, kvinner","per 100 000, standardisert",,3,15
Siljan,2013-2022,2022-01-01,Kvinner,Alle aldre,Prostatakreft,"per 100 000, standardisert",,3,15
Siljan,2014-2023,2023-01-01,Kjønn samlet,Alle aldre,Totalt alle krefttyper,"per 100 000, standardisert",756.3,1,15
Siljan,2014-2023,2023-01-01,Kjønn samlet,Alle aldre,Tykk- og endetarmskreft,"per 100 000, standardisert",68.5,1,15
Siljan,2014-2023,2023-01-01,Kjønn samlet,Alle aldre,Lungekreft,"per 100 000, standardisert",49.4,1,15
Siljan,2014-2023,2023-01-01,Kjønn samlet,Alle aldre,Hudkreft,"per 100 000, standardisert",,1,15
Siljan,2014-2023,2023-01-01,Kjønn samlet,Alle aldre,Føflekkreft (malignt melanom),"per 100 000, standardisert",,1,15
Siljan,2014-2023,2023-01-01,Kjønn samlet,Alle aldre,Brystkreft,"per 100 000, standardisert",,1,15
Siljan,2014-2023,2023-01-01,Kjønn samlet,Alle aldre,"Livmorhalskreft, kvinner","per 100 000, standardisert",,1,15
Siljan,2014-2023,2023-01-01,Kjønn samlet,Alle aldre,Prostatakreft,"per 100 000, standardisert",,1,15
Siljan,2014-2023,2023-01-01,Menn,Alle aldre,Totalt alle krefttyper,"per 100 000, standardisert",832.6,2,15
Siljan,2014-2023,2023-01-01,Menn,Alle aldre,Tykk- og endetarmskreft,"per 100 000, standardisert",,2,15
Siljan,2014-2023,2023-01-01,Menn,Alle aldre,Lungekreft,"per 100 000, standardisert",,2,15
Siljan,2014-2023,2023-01-01,Menn,Alle aldre,Hudkreft,"per 100 000, standardisert",,2,15
Siljan,2014-2023,2023-01-01,Menn,Alle aldre,Føflekkreft (malignt melanom),"per 100 000, standardisert",,2,15
Siljan,2014-2023,2023-01-01,Menn,Alle aldre,Brystkreft,"per 100 000, standardisert",,2,15
Siljan,2014-2023,2023-01-01,Menn,Alle aldre,"Livmorhalskreft, kvinner","per 100 000, standardisert",,2,15
Siljan,2014-2023,2023-01-01,Menn,Alle aldre,Prostatakreft,"per 100 000, standardisert",255.4,2,15
Siljan,2014-2023,2023-01-01,Kvinner,Alle aldre,Totalt alle krefttyper,"per 100 000, standardisert",677.5,3,15
Siljan,2014-2023,2023-01-01,Kvinner,Alle aldre,Tykk- og endetarmskreft,"per 100 000, standardisert",,3,15
Siljan,2014-2023,2023-01-01,Kvinner,Alle aldre,Lungekreft,"per 100 000, standardisert",,3,15
Siljan,2014-2023,2023-01-01,Kvinner,Alle aldre,Hudkreft,"per 100 000, standardisert",,3,15
Siljan,2014-2023,2023-01-01,Kvinner,Alle aldre,Føflekkreft (malignt melanom),"per 100 000, standardisert",,3,15
Siljan,2014-2023,2023-01-01,Kvinner,Alle aldre,Brystkreft,"per 100 000, standardisert",167.7,3,15
Siljan,2014-2023,2023-01-01,Kvinner,Alle aldre,"Livmorhalskreft, kvinner","per 100 000, standardisert",,3,15
Siljan,2014-2023,2023-01-01,Kvinner,Alle aldre,Prostatakreft,"per 100 000, standardisert",,3,15
Siljan,2015-2024,2024-01-01,Kjønn samlet,Alle aldre,Totalt alle krefttyper,"per 100 000, standardisert",739.3,1,15
Siljan,2015-2024,2024-01-01,Kjønn samlet,Alle aldre,Tykk- og endetarmskreft,"per 100 000, standardisert",78.0,1,15
Siljan,2015-2024,2024-01-01,Kjønn samlet,Alle aldre,Lungekreft,"per 100 000, standardisert",40.8,1,15
Siljan,2015-2024,2024-01-01,Kjønn samlet,Alle aldre,Hudkreft,"per 100 000, standardisert",,1,15
Siljan,2015-2024,2024-01-01,Kjønn samlet,Alle aldre,Føflekkreft (malignt melanom),"per 100 000, standardisert",,1,15
Siljan,2015-2024,2024-01-01,Kjønn samlet,Alle aldre,Brystkreft,"per 100 000, standardisert",,1,15
Siljan,2015-2024,2024-01-01,Kjønn samlet,Alle aldre,"Livmorhalskreft, kvinner","per 100 000, standardisert",,1,15
Siljan,2015-2024,2024-01-01,Kjønn samlet,Alle aldre,Prostatakreft,"per 100 000, standardisert",,1,15
Siljan,2015-2024,2024-01-01,Menn,Alle aldre,Totalt alle krefttyper,"per 100 000, standardisert",802.7,2,15
Siljan,2015-2024,2024-01-01,Menn,Alle aldre,Tykk- og endetarmskreft,"per 100 000, standardisert",,2,15
Siljan,2015-2024,2024-01-01,Menn,Alle aldre,Lungekreft,"per 100 000, standardisert",,2,15
Siljan,2015-2024,2024-01-01,Menn,Alle aldre,Hudkreft,"per 100 000, standardisert",,2,15
Siljan,2015-2024,2024-01-01,Menn,Alle aldre,Føflekkreft (malignt melanom),"per 100 000, standardisert",,2,15
Siljan,2015-2024,2024-01-01,Menn,Alle aldre,Brystkreft,"per 100 000, standardisert",,2,15
Siljan,2015-2024,2024-01-01,Menn,Alle aldre,"Livmorhalskreft, kvinner","per 100 000, standardisert",,2,15
Siljan,2015-2024,2024-01-01,Menn,Alle aldre,Prostatakreft,"per 100 000, standardisert",255.6,2,15
Siljan,2015-2024,2024-01-01,Kvinner,Alle aldre,Totalt alle krefttyper,"per 100 000, standardisert",673.9,3,15
Siljan,2015-2024,2024-01-01,Kvinner,Alle aldre,Tykk- og endetarmskreft,"per 100 000, standardisert",,3,15
Siljan,2015-2024,2024-01-01,Kvinner,Alle aldre,Lungekreft,"per 100 000, standardisert",,3,15
Siljan,2015-2024,2024-01-01,Kvinner,Alle aldre,Hudkreft,"per 100 000, standardisert",,3,15
Siljan,2015-2024,2024-01-01,Kvinner,Alle aldre,Føflekkreft (malignt melanom),"per 100 000, standardisert",,3,15
Siljan,2015-2024,2024-01-01,Kvinner,Alle aldre,Brystkreft,"per 100 000, standardisert",150.3,3,15
Siljan,2015-2024,2024-01-01,Kvinner,Alle aldre,"Livmorhalskreft, kvinner","per 100 000, standardisert",,3,15
Siljan,2015-2024,2024-01-01,Kvinner,Alle aldre,Prostatakreft,"per 100 000, standardisert",,3,15
Siljan,2016-2025,2025-01-01,Kjønn samlet,Alle aldre,Totalt alle krefttyper,"per 100 000, standardisert",771.2,1,15
Siljan,2016-2025,2025-01-01,Kjønn samlet,Alle aldre,Tykk- og endetarmskreft,"per 100 000, standardisert",87.0,1,15
Siljan,2016-2025,2025-01-01,Kjønn samlet,Alle aldre,Lungekreft,"per 100 000, standardisert",47.0,1,15
Siljan,2016-2025,2025-01-01,Kjønn samlet,Alle aldre,Hudkreft,"per 100 000, standardisert",,1,15
Siljan,2016-2025,2025-01-01,Kjønn samlet,Alle aldre,Føflekkreft (malignt melanom),"per 100 000, standardisert",,1,15
Siljan,2016-2025,2025-01-01,Kjønn samlet,Alle aldre,Brystkreft,"per 100 000, standardisert",,1,15
Siljan,2016-2025,2025-01-01,Kjønn samlet,Alle aldre,"Livmorhalskreft, kvinner","per 100 000, standardisert",,1,15
Siljan,2016-2025,2025-01-01,Kjønn samlet,Alle aldre,Prostatakreft,"per 100 000, standardisert",,1,15
Siljan,2016-2025,2025-01-01,Menn,Alle aldre,Totalt alle krefttyper,"per 100 000, standardisert",896.0,2,15
Siljan,2016-2025,2025-01-01,Menn,Alle aldre,Tykk- og endetarmskreft,"per 100 000, standardisert",,2,15
Siljan,2016-2025,2025-01-01,Menn,Alle aldre,Lungekreft,"per 100 000, standardisert",,2,15
Siljan,2016-2025,2025-01-01,Menn,Alle aldre,Hudkreft,"per 100 000, standardisert",,2,15
Siljan,2016-2025,2025-01-01,Menn,Alle aldre,Føflekkreft (malignt melanom),"per 100 000, standardisert",,2,15
Siljan,2016-2025,2025-01-01,Menn,Alle aldre,Brystkreft,"per 100 000, standardisert",,2,15
Siljan,2016-2025,2025-01-01,Menn,Alle aldre,"Livmorhalskreft, kvinner","per 100 000, standardisert",,2,15
Siljan,2016-2025,2025-01-01,Menn,Alle aldre,Prostatakreft,"per 100 000, standardisert",256.1,2,15
Siljan,2016-2025,2025-01-01,Kvinner,Alle aldre,Totalt alle krefttyper,"per 100 000, standardisert",639.7,3,15
Siljan,2016-2025,2025-01-01,Kvinner,Alle aldre,Tykk- og endetarmskreft,"per 100 000, standardisert",,3,15
Siljan,2016-2025,2025-01-01,Kvinner,Alle aldre,Lungekreft,"per 100 000, standardisert",,3,15
Siljan,2016-2025,2025-01-01,Kvinner,Alle aldre,Hudkreft,"per 100 000, standardisert",,3,15
Siljan,2016-2025,2025-01-01,Kvinner,Alle aldre,Føflekkreft (malignt melanom),"per 100 000, standardisert",,3,15
Siljan,2016-2025,2025-01-01,Kvinner,Alle aldre,Brystkreft,"per 100 000, standardisert",125.4,3,15
Siljan,2016-2025,2025-01-01,Kvinner,Alle aldre,"Livmorhalskreft, kvinner","per 100 000, standardisert",,3,15
Siljan,2016-2025,2025-01-01,Kvinner,Alle aldre,Prostatakreft,"per 100 000, standardisert",,3,15
Bamble,2007-2016,2016-01-01,Kjønn samlet,Alle aldre,Totalt alle krefttyper,"per 100 000, standardisert",634.1,1,3
Bamble,2007-2016,2016-01-01,Kjønn samlet,Alle aldre,Tykk- og endetarmskreft,"per 100 000, standardisert",71.0,1,3
Bamble,2007-2016,2016-01-01,Kjønn samlet,Alle aldre,Lungekreft,"per 100 000, standardisert",66.5,1,3
Bamble,2007-2016,2016-01-01,Kjønn samlet,Alle aldre,Hudkreft,"per 100 000, standardisert",90.2,1,3
Bamble,2007-2016,2016-01-01,Kjønn samlet,Alle aldre,Føflekkreft (malignt melanom),"per 100 000, standardisert",38.3,1,3
Bamble,2007-2016,2016-01-01,Kjønn samlet,Alle aldre,Brystkreft,"per 100 000, standardisert",,1,3
Bamble,2007-2016,2016-01-01,Kjønn samlet,Alle aldre,"Livmorhalskreft, kvinner","per 100 000, standardisert",,1,3
Bamble,2007-2016,2016-01-01,Kjønn samlet,Alle aldre,Prostatakreft,"per 100 000, standardisert",,1,3
Bamble,2007-2016,2016-01-01,Menn,Alle aldre,Totalt alle krefttyper,"per 100 000, standardisert",741.1,2,3
Bamble,2007-2016,2016-01-01,Menn,Alle aldre,Tykk- og endetarmskreft,"per 100 000, standardisert",92.3,2,3
Bamble,2007-2016,2016-01-01,Menn,Alle aldre,Lungekreft,"per 100 000, standardisert",82.6,2,3
Bamble,2007-2016,2016-01-01,Menn,Alle aldre,Hudkreft,"per 100 000, standardisert",113.0,2,3
Bamble,2007-2016,2016-01-01,Menn,Alle aldre,Føflekkreft (malignt melanom),"per 100 000, standardisert",47.5,2,3
Bamble,2007-2016,2016-01-01,Menn,Alle aldre,Brystkreft,"per 100 000, standardisert",,2,3
Bamble,2007-2016,2016-01-01,Menn,Alle aldre,"Livmorhalskreft, kvinner","per 100 000, standardisert",,2,3
Bamble,2007-2016,2016-01-01,Menn,Alle aldre,Prostatakreft,"per 100 000, standardisert",201.6,2,3
Bamble,2007-2016,2016-01-01,Kvinner,Alle aldre,Totalt alle krefttyper,"per 100 000, standardisert",525.6,3,3
Bamble,2007-2016,2016-01-01,Kvinner,Alle aldre,Tykk- og endetarmskreft,"per 100 000, standardisert",48.8,3,3
Bamble,2007-2016,2016-01-01,Kvinner,Alle aldre,Lungekreft,"per 100 000, standardisert",50.0,3,3
Bamble,2007-2016,2016-01-01,Kvinner,Alle aldre,Hudkreft,"per 100 000, standardisert",67.2,3,3
Bamble,2007-2016,2016-01-01,Kvinner,Alle aldre,Føflekkreft (malignt melanom),"per 100 000, standardisert",28.9,3,3
Bamble,2007-2016,2016-01-01,Kvinner,Alle aldre,Brystkreft,"per 100 000, standardisert",125.3,3,3
Bamble,2007-2016,2016-01-01,Kvinner,Alle aldre,"Livmorhalskreft, kvinner","per 100 000, standardisert",,3,3
Bamble,2007-2016,2016-01-01,Kvinner,Alle aldre,Prostatakreft,"per 100 000, standardisert",,3,3
Bamble,2008-2017,2017-01-01,Kjønn samlet,Alle aldre,Totalt alle krefttyper,"per 100 000, standardisert",633.1,1,3
Bamble,2008-2017,2017-01-01,Kjønn samlet,Alle aldre,Tykk- og endetarmskreft,"per 100 000, standardisert",69.4,1,3
Bamble,2008-2017,2017-01-01,Kjønn samlet,Alle aldre,Lungekreft,"per 100 000, standardisert",67.6,1,3
Bamble,2008-2017,2017-01-01,Kjønn samlet,Alle aldre,Hudkreft,"per 100 000, standardisert",92.8,1,3
Bamble,2008-2017,2017-01-01,Kjønn samlet,Alle aldre,Føflekkreft (malignt melanom),"per 100 000, standardisert",41.9,1,3
Bamble,2008-2017,2017-01-01,Kjønn samlet,Alle aldre,Brystkreft,"per 100 000, standardisert",,1,3
Bamble,2008-2017,2017-01-01,Kjønn samlet,Alle aldre,"Livmorhalskreft, kvinner","per 100 000, standardisert",,1,3
Bamble,2008-2017,2017-01-01,Kjønn samlet,Alle aldre,Prostatakreft,"per 100 000, standardisert",,1,3
Bamble,2008-2017,2017-01-01,Menn,Alle aldre,Totalt alle krefttyper,"per 100 000, standardisert",740.1,2,3
Bamble,2008-2017,2017-01-01,Menn,Alle aldre,Tykk- og endetarmskreft,"per 100 000, standardisert",91.5,2,3
Bamble,2008-2017,2017-01-01,Menn,Alle aldre,Lungekreft,"per 100 000, standardisert",77.3,2,3
Bamble,2008-2017,2017-01-01,Menn,Alle aldre,Hudkreft,"per 100 000, standardisert",113.3,2,3
Bamble,2008-2017,2017-01-01,Menn,Alle aldre,Føflekkreft (malignt melanom),"per 100 000, standardisert",48.0,2,3
Bamble,2008-2017,2017-01-01,Menn,Alle aldre,Brystkreft,"per 100 000, standardisert",,2,3
Bamble,2008-2017,2017-01-01,Menn,Alle aldre,"Livmorhalskreft, kvinner","per 100 000, standardisert",,2,3
Bamble,2008-2017,2017-01-01,Menn,Alle aldre,Prostatakreft,"per 100 000, standardisert",198.9,2,3
Bamble,2008-2017,2017-01-01,Kvinner,Alle aldre,Totalt alle krefttyper,"per 100 000, standardisert",523.9,3,3
Bamble,2008-2017,2017-01-01,Kvinner,Alle aldre,Tykk- og endetarmskreft,"per 100 000, standardisert",46.3,3,3
Bamble,2008-2017,2017-01-01,Kvinner,Alle aldre,Lungekreft,"per 100 000, standardisert",57.6,3,3
Bamble,2008-2017,2017-01-01,Kvinner,Alle aldre,Hudkreft,"per 100 000, standardisert",72.1,3,3
Bamble,2008-2017,2017-01-01,Kvinner,Alle aldre,Føflekkreft (malignt melanom),"per 100 000, standardisert",35.6,3,3
Bamble,2008-2017,2017-01-01,Kvinner,Alle aldre,Brystkreft,"per 100 000, standardisert",119.6,3,3
Bamble,2008-2017,2017-01-01,Kvinner,Alle aldre,"Livmorhalskreft, kvinner","per 100 000, standardisert",,3,3
Bamble,2008-2017,2017-01-01,Kvinner,Alle aldre,Prostatakreft,"per 100 000, standardisert",,3,3
Bamble,2009-2018,2018-01-01,Kjønn samlet,Alle aldre,Totalt alle krefttyper,"per 100 000, standardisert",634.5,1,3
Bamble,2009-2018,2018-01-01,Kjønn samlet,Alle aldre,Tykk- og endetarmskreft,"per 100 000, standardisert",68.5,1,3
Bamble,2009-2018,2018-01-01,Kjønn samlet,Alle aldre,Lungekreft,"per 100 000, standardisert",61.4,1,3
Bamble,2009-2018,2018-01-01,Kjønn samlet,Alle aldre,Hudkreft,"per 100 000, standardisert",102.5,1,3
Bamble,2009-2018,2018-01-01,Kjønn samlet,Alle aldre,Føflekkreft (malignt melanom),"per 100 000, standardisert",46.0,1,3
Bamble,2009-2018,2018-01-01,Kjønn samlet,Alle aldre,Brystkreft,"per 100 000, standardisert",,1,3
Bamble,2009-2018,2018-01-01,Kjønn samlet,Alle aldre,"Livmorhalskreft, kvinner","per 100 000, standardisert",,1,3
Bamble,2009-2018,2018-01-01,Kjønn samlet,Alle aldre,Prostatakreft,"per 100 000, standardisert",,1,3
Bamble,2009-2018,2018-01-01,Menn,Alle aldre,Totalt alle krefttyper,"per 100 000, standardisert",721.8,2,3
Bamble,2009-2018,2018-01-01,Menn,Alle aldre,Tykk- og endetarmskreft,"per 100 000, standardisert",89.2,2,3
Bamble,2009-2018,2018-01-01,Menn,Alle aldre,Lungekreft,"per 100 000, standardisert",66.6,2,3
Bamble,2009-2018,2018-01-01,Menn,Alle aldre,Hudkreft,"per 100 000, standardisert",116.2,2,3
Bamble,2009-2018,2018-01-01,Menn,Alle aldre,Føflekkreft (malignt melanom),"per 100 000, standardisert",47.0,2,3
Bamble,2009-2018,2018-01-01,Menn,Alle aldre,Brystkreft,"per 100 000, standardisert",,2,3
Bamble,2009-2018,2018-01-01,Menn,Alle aldre,"Livmorhalskreft, kvinner","per 100 000, standardisert",,2,3
Bamble,2009-2018,2018-01-01,Menn,Alle aldre,Prostatakreft,"per 100 000, standardisert",199.0,2,3
Bamble,2009-2018,2018-01-01,Kvinner,Alle aldre,Totalt alle krefttyper,"per 100 000, standardisert",545.0,3,3
Bamble,2009-2018,2018-01-01,Kvinner,Alle aldre,Tykk- og endetarmskreft,"per 100 000, standardisert",46.8,3,3
Bamble,2009-2018,2018-01-01,Kvinner,Alle aldre,Lungekreft,"per 100 000, standardisert",56.0,3,3
Bamble,2009-2018,2018-01-01,Kvinner,Alle aldre,Hudkreft,"per 100 000, standardisert",88.6,3,3
Bamble,2009-2018,2018-01-01,Kvinner,Alle aldre,Føflekkreft (malignt melanom),"per 100 000, standardisert",45.0,3,3
Bamble,2009-2018,2018-01-01,Kvinner,Alle aldre,Brystkreft,"per 100 000, standardisert",125.1,3,3
Bamble,2009-2018,2018-01-01,Kvinner,Alle aldre,"Livmorhalskreft, kvinner","per 100 000, standardisert",,3,3
Bamble,2009-2018,2018-01-01,Kvinner,Alle aldre,Prostatakreft,"per 100 000, standardisert",,3,3
Bamble,2010-2019,2019-01-01,Kjønn samlet,Alle aldre,Totalt alle krefttyper,"per 100 000, standardisert",639.3,1,3
Bamble,2010-2019,2019-01-01,Kjønn samlet,Alle aldre,Tykk- og endetarmskreft,"per 100 000, standardisert",71.2,1,3
Bamble,2010-2019,2019-01-01,Kjønn samlet,Alle aldre,Lungekreft,"per 100 000, standardisert",65.9,1,3
Bamble,2010-2019,2019-01-01,Kjønn samlet,Alle aldre,Hudkreft,"per 100 000, standardisert",103.2,1,3
Bamble,2010-2019,2019-01-01,Kjønn samlet,Alle aldre,Føflekkreft (malignt melanom),"per 100 000, standardisert",46.6,1,3
Bamble,2010-2019,2019-01-01,Kjønn samlet,Alle aldre,Brystkreft,"per 100 000, standardisert",,1,3
Bamble,2010-2019,2019-01-01,Kjønn samlet,Alle aldre,"Livmorhalskreft, kvinner","per 100 000, standardisert",,1,3
Bamble,2010-2019,2019-01-01,Kjønn samlet,Alle aldre,Prostatakreft,"per 100 000, standardisert",,1,3
Bamble,2010-2019,2019-01-01,Menn,Alle aldre,Totalt alle krefttyper,"per 100 000, standardisert",712.7,2,3
Bamble,2010-2019,2019-01-01,Menn,Alle aldre,Tykk- og endetarmskreft,"per 100 000, standardisert",87.1,2,3
Bamble,2010-2019,2019-01-01,Menn,Alle aldre,Lungekreft,"per 100 000, standardisert",68.7,2,3
Bamble,2010-2019,2019-01-01,Menn,Alle aldre,Hudkreft,"per 100 000, standardisert",109.0,2,3
Bamble,2010-2019,2019-01-01,Menn,Alle aldre,Føflekkreft (malignt melanom),"per 100 000, standardisert",43.4,2,3
Bamble,2010-2019,2019-01-01,Menn,Alle aldre,Brystkreft,"per 100 000, standardisert",,2,3
Bamble,2010-2019,2019-01-01,Menn,Alle aldre,"Livmorhalskreft, kvinner","per 100 000, standardisert",,2,3
Bamble,2010-2019,2019-01-01,Menn,Alle aldre,Prostatakreft,"per 100 000, standardisert",183.6,2,3
Bamble,2010-2019,2019-01-01,Kvinner,Alle aldre,Totalt alle krefttyper,"per 100 000, standardisert",563.9,3,3
Bamble,2010-2019,2019-01-01,Kvinner,Alle aldre,Tykk- og endetarmskreft,"per 100 000, standardisert",54.5,3,3
Bamble,2010-2019,2019-01-01,Kvinner,Alle aldre,Lungekreft,"per 100 000, standardisert",63.0,3,3
Bamble,2010-2019,2019-01-01,Kvinner,Alle aldre,Hudkreft,"per 100 000, standardisert",97.3,3,3
Bamble,2010-2019,2019-01-01,Kvinner,Alle aldre,Føflekkreft (malignt melanom),"per 100 000, standardisert",50.0,3,3
Bamble,2010-2019,2019-01-01,Kvinner,Alle aldre,Brystkreft,"per 100 000, standardisert",126.5,3,3
Bamble,2010-2019,2019-01-01,Kvinner,Alle aldre,"Livmorhalskreft, kvinner","per 100 000, standardisert",,3,3
Bamble,2010-2019,2019-01-01,Kvinner,Alle aldre,Prostatakreft,"per 100 000, standardisert",,3,3
Bamble,2011-2020,2020-01-01,Kjønn samlet,Alle aldre,Totalt alle krefttyper,"per 100 000, standardisert",641.2,1,3
Bamble,2011-2020,2020-01-01,Kjønn samlet,Alle aldre,Tykk- og endetarmskreft,"per 100 000, standardisert",70.2,1,3
Bamble,2011-2020,2020-01-01,Kjønn samlet,Alle aldre,Lungekreft,"per 100 000, standardisert",65.4,1,3
Bamble,2011-2020,2020-01-01,Kjønn samlet,Alle aldre,Hudkreft,"per 100 000, standardisert",108.6,1,3
Bamble,2011-2020,2020-01-01,Kjønn samlet,Alle aldre,Føflekkreft (malignt melanom),"per 100 000, standardisert",49.2,1,3
Bamble,2011-2020,2020-01-01,Kjønn samlet,Alle aldre,Brystkreft,"per 100 000, standardisert",,1,3
Bamble,2011-2020,2020-01-01,Kjønn samlet,Alle aldre,"Livmorhalskreft, kvinner","per 100 000, standardisert",,1,3
Bamble,2011-2020,2020-01-01,Kjønn samlet,Alle aldre,Prostatakreft,"per 100 000, standardisert",,1,3
Bamble,2011-2020,2020-01-01,Menn,Alle aldre,Totalt alle krefttyper,"per 100 000, standardisert",721.3,2,3
Bamble,2011-2020,2020-01-01,Menn,Alle aldre,Tykk- og endetarmskreft,"per 100 000, standardisert",89.0,2,3
Bamble,2011-2020,2020-01-01,Menn,Alle aldre,Lungekreft,"per 100 000, standardisert",72.0,2,3
Bamble,2011-2020,2020-01-01,Menn,Alle aldre,Hudkreft,"per 100 000, standardisert",111.7,2,3
Bamble,2011-2020,2020-01-01,Menn,Alle aldre,Føflekkreft (malignt melanom),"per 100 000, standardisert",45.2,2,3
Bamble,2011-2020,2020-01-01,Menn,Alle aldre,Brystkreft,"per 100 000, standardisert",,2,3
Bamble,2011-2020,2020-01-01,Menn,Alle aldre,"Livmorhalskreft, kvinner","per 100 000, standardisert",,2,3
Bamble,2011-2020,2020-01-01,Menn,Alle aldre,Prostatakreft,"per 100 000, standardisert",176.7,2,3
Bamble,2011-2020,2020-01-01,Kvinner,Alle aldre,Totalt alle krefttyper,"per 100 000, standardisert",558.5,3,3
Bamble,2011-2020,2020-01-01,Kvinner,Alle aldre,Tykk- og endetarmskreft,"per 100 000, standardisert",50.5,3,3
Bamble,2011-2020,2020-01-01,Kvinner,Alle aldre,Lungekreft,"per 100 000, standardisert",58.6,3,3
Bamble,2011-2020,2020-01-01,Kvinner,Alle aldre,Hudkreft,"per 100 000, standardisert",105.5,3,3
Bamble,2011-2020,2020-01-01,Kvinner,Alle aldre,Føflekkreft (malignt melanom),"per 100 000, standardisert",53.4,3,3
Bamble,2011-2020,2020-01-01,Kvinner,Alle aldre,Brystkreft,"per 100 000, standardisert",118.6,3,3
Bamble,2011-2020,2020-01-01,Kvinner,Alle aldre,"Livmorhalskreft, kvinner","per 100 000, standardisert",,3,3
Bamble,2011-2020,2020-01-01,Kvinner,Alle aldre,Prostatakreft,"per 100 000, standardisert",,3,3
Bamble,2012-2021,2021-01-01,Kjønn samlet,Alle aldre,Totalt alle krefttyper,"per 100 000, standardisert",653.9,1,3
Bamble,2012-2021,2021-01-01,Kjønn samlet,Alle aldre,Tykk- og endetarmskreft,"per 100 000, standardisert",71.2,1,3
Bamble,2012-2021,2021-01-01,Kjønn samlet,Alle aldre,Lungekreft,"per 100 000, standardisert",63.0,1,3
Bamble,2012-2021,2021-01-01,Kjønn samlet,Alle aldre,Hudkreft,"per 100 000, standardisert",112.1,1,3
Bamble,2012-2021,2021-01-01,Kjønn samlet,Alle aldre,Føflekkreft (malignt melanom),"per 100 000, standardisert",51.7,1,3
Bamble,2012-2021,2021-01-01,Kjønn samlet,Alle aldre,Brystkreft,"per 100 000, standardisert",,1,3
Bamble,2012-2021,2021-01-01,Kjønn samlet,Alle aldre,"Livmorhalskreft, kvinner","per 100 000, standardisert",,1,3
Bamble,2012-2021,2021-01-01,Kjønn samlet,Alle aldre,Prostatakreft,"per 100 000, standardisert",,1,3
Bamble,2012-2021,2021-01-01,Menn,Alle aldre,Totalt alle krefttyper,"per 100 000, standardisert",742.3,2,3
Bamble,2012-2021,2021-01-01,Menn,Alle aldre,Tykk- og endetarmskreft,"per 100 000, standardisert",89.3,2,3
Bamble,2012-2021,2021-01-01,Menn,Alle aldre,Lungekreft,"per 100 000, standardisert",75.0,2,3
Bamble,2012-2021,2021-01-01,Menn,Alle aldre,Hudkreft,"per 100 000, standardisert",113.8,2,3
Bamble,2012-2021,2021-01-01,Menn,Alle aldre,Føflekkreft (malignt melanom),"per 100 000, standardisert",45.6,2,3
Bamble,2012-2021,2021-01-01,Menn,Alle aldre,Brystkreft,"per 100 000, standardisert",,2,3
Bamble,2012-2021,2021-01-01,Menn,Alle aldre,"Livmorhalskreft, kvinner","per 100 000, standardisert",,2,3
Bamble,2012-2021,2021-01-01,Menn,Alle aldre,Prostatakreft,"per 100 000, standardisert",186.2,2,3
Bamble,2012-2021,2021-01-01,Kvinner,Alle aldre,Totalt alle krefttyper,"per 100 000, standardisert",562.3,3,3
Bamble,2012-2021,2021-01-01,Kvinner,Alle aldre,Tykk- og endetarmskreft,"per 100 000, standardisert",52.1,3,3
Bamble,2012-2021,2021-01-01,Kvinner,Alle aldre,Lungekreft,"per 100 000, standardisert",50.4,3,3
Bamble,2012-2021,2021-01-01,Kvinner,Alle aldre,Hudkreft,"per 100 000, standardisert",110.6,3,3
Bamble,2012-2021,2021-01-01,Kvinner,Alle aldre,Føflekkreft (malignt melanom),"per 100 000, standardisert",58.0,3,3
Bamble,2012-2021,2021-01-01,Kvinner,Alle aldre,Brystkreft,"per 100 000, standardisert",120.0,3,3
Bamble,2012-2021,2021-01-01,Kvinner,Alle aldre,"Livmorhalskreft, kvinner","per 100 000, standardisert",,3,3
Bamble,2012-2021,2021-01-01,Kvinner,Alle aldre,Prostatakreft,"per 100 000, standardisert",,3,3
Bamble,2013-2022,2022-01-01,Kjønn samlet,Alle aldre,Totalt alle krefttyper,"per 100 000, standardisert",669.8,1,3
Bamble,2013-2022,2022-01-01,Kjønn samlet,Alle aldre,Tykk- og endetarmskreft,"per 100 000, standardisert",72.7,1,3
Bamble,2013-2022,2022-01-01,Kjønn samlet,Alle aldre,Lungekreft,"per 100 000, standardisert",64.3,1,3
Bamble,2013-2022,2022-01-01,Kjønn samlet,Alle aldre,Hudkreft,"per 100 000, standardisert",121.2,1,3
Bamble,2013-2022,2022-01-01,Kjønn samlet,Alle aldre,Føflekkreft (malignt melanom),"per 100 000, standardisert",55.3,1,3
Bamble,2013-2022,2022-01-01,Kjønn samlet,Alle aldre,Brystkreft,"per 100 000, standardisert",,1,3
Bamble,2013-2022,2022-01-01,Kjønn samlet,Alle aldre,"Livmorhalskreft, kvinner","per 100 000, standardisert",,1,3
Bamble,2013-2022,2022-01-01,Kjønn samlet,Alle aldre,Prostatakreft,"per 100 000, standardisert",,1,3
Bamble,2013-2022,2022-01-01,Menn,Alle aldre,Totalt alle krefttyper,"per 100 000, standardisert",747.3,2,3
Bamble,2013-2022,2022-01-01,Menn,Alle aldre,Tykk- og endetarmskreft,"per 100 000, standardisert",81.9,2,3
Bamble,2013-2022,2022-01-01,Menn,Alle aldre,Lungekreft,"per 100 000, standardisert",74.0,2,3
Bamble,2013-2022,2022-01-01,Menn,Alle aldre,Hudkreft,"per 100 000, standardisert",125.9,2,3
Bamble,2013-2022,2022-01-01,Menn,Alle aldre,Føflekkreft (malignt melanom),"per 100 000, standardisert",52.2,2,3
Bamble,2013-2022,2022-01-01,Menn,Alle aldre,Brystkreft,"per 100 000, standardisert",,2,3
Bamble,2013-2022,2022-01-01,Menn,Alle aldre,"Livmorhalskreft, kvinner","per 100 000, standardisert",,2,3
Bamble,2013-2022,2022-01-01,Menn,Alle aldre,Prostatakreft,"per 100 000, standardisert",181.8,2,3
Bamble,2013-2022,2022-01-01,Kvinner,Alle aldre,Totalt alle krefttyper,"per 100 000, standardisert",589.2,3,3
Bamble,2013-2022,2022-01-01,Kvinner,Alle aldre,Tykk- og endetarmskreft,"per 100 000, standardisert",63.0,3,3
Bamble,2013-2022,2022-01-01,Kvinner,Alle aldre,Lungekreft,"per 100 000, standardisert",54.2,3,3
Bamble,2013-2022,2022-01-01,Kvinner,Alle aldre,Hudkreft,"per 100 000, standardisert",116.5,3,3
Bamble,2013-2022,2022-01-01,Kvinner,Alle aldre,Føflekkreft (malignt melanom),"per 100 000, standardisert",58.5,3,3
Bamble,2013-2022,2022-01-01,Kvinner,Alle aldre,Brystkreft,"per 100 000, standardisert",131.8,3,3
Bamble,2013-2022,2022-01-01,Kvinner,Alle aldre,"Livmorhalskreft, kvinner","per 100 000, standardisert",,3,3
Bamble,2013-2022,2022-01-01,Kvinner,Alle aldre,Prostatakreft,"per 100 000, standardisert",,3,3
Bamble,2014-2023,2023-01-01,Kjønn samlet,Alle aldre,Totalt alle krefttyper,"per 100 000, standardisert",680.7,1,3
Bamble,2014-2023,2023-01-01,Kjønn samlet,Alle aldre,Tykk- og endetarmskreft,"per 100 000, standardisert",79.7,1,3
Bamble,2014-2023,2023-01-01,Kjønn samlet,Alle aldre,Lungekreft,"per 100 000, standardisert",62.5,1,3
Bamble,2014-2023,2023-01-01,Kjønn samlet,Alle aldre,Hudkreft,"per 100 000, standardisert",129.0,1,3
Bamble,2014-2023,2023-01-01,Kjønn samlet,Alle aldre,Føflekkreft (malignt melanom),"per 100 000, standardisert",60.6,1,3
Bamble,2014-2023,2023-01-01,Kjønn samlet,Alle aldre,Brystkreft,"per 100 000, standardisert",,1,3
Bamble,2014-2023,2023-01-01,Kjønn samlet,Alle aldre,"Livmorhalskreft, kvinner","per 100 000, standardisert",,1,3
Bamble,2014-2023,2023-01-01,Kjønn samlet,Alle aldre,Prostatakreft,"per 100 000, standardisert",,1,3
Bamble,2014-2023,2023-01-01,Menn,Alle aldre,Totalt alle krefttyper,"per 100 000, standardisert",742.0,2,3
Bamble,2014-2023,2023-01-01,Menn,Alle aldre,Tykk- og endetarmskreft,"per 100 000, standardisert",84.6,2,3
Bamble,2014-2023,2023-01-01,Menn,Alle aldre,Lungekreft,"per 100 000, standardisert",67.0,2,3
Bamble,2014-2023,2023-01-01,Menn,Alle aldre,Hudkreft,"per 100 000, standardisert",134.5,2,3
Bamble,2014-2023,2023-01-01,Menn,Alle aldre,Føflekkreft (malignt melanom),"per 100 000, standardisert",57.3,2,3
Bamble,2014-2023,2023-01-01,Menn,Alle aldre,Brystkreft,"per 100 000, standardisert",,2,3
Bamble,2014-2023,2023-01-01,Menn,Alle aldre,"Livmorhalskreft, kvinner","per 100 000, standardisert",,2,3
Bamble,2014-2023,2023-01-01,Menn,Alle aldre,Prostatakreft,"per 100 000, standardisert",171.7,2,3
Bamble,2014-2023,2023-01-01,Kvinner,Alle aldre,Totalt alle krefttyper,"per 100 000, standardisert",617.2,3,3
Bamble,2014-2023,2023-01-01,Kvinner,Alle aldre,Tykk- og endetarmskreft,"per 100 000, standardisert",74.5,3,3
Bamble,2014-2023,2023-01-01,Kvinner,Alle aldre,Lungekreft,"per 100 000, standardisert",57.8,3,3
Bamble,2014-2023,2023-01-01,Kvinner,Alle aldre,Hudkreft,"per 100 000, standardisert",123.4,3,3
Bamble,2014-2023,2023-01-01,Kvinner,Alle aldre,Føflekkreft (malignt melanom),"per 100 000, standardisert",64.2,3,3
Bamble,2014-2023,2023-01-01,Kvinner,Alle aldre,Brystkreft,"per 100 000, standardisert",133.0,3,3
Bamble,2014-2023,2023-01-01,Kvinner,Alle aldre,"Livmorhalskreft, kvinner","per 100 000, standardisert",,3,3
Bamble,2014-2023,2023-01-01,Kvinner,Alle aldre,Prostatakreft,"per 100 000, standardisert",,3,3
Bamble,2015-2024,2024-01-01,Kjønn samlet,Alle aldre,Totalt alle krefttyper,"per 100 000, standardisert",686.6,1,3
Bamble,2015-2024,2024-01-01,Kjønn samlet,Alle aldre,Tykk- og endetarmskreft,"per 100 000, standardisert",78.9,1,3
Bamble,2015-2024,2024-01-01,Kjønn samlet,Alle aldre,Lungekreft,"per 100 000, standardisert",62.0,1,3
Bamble,2015-2024,2024-01-01,Kjønn samlet,Alle aldre,Hudkreft,"per 100 000, standardisert",136.8,1,3
Bamble,2015-2024,2024-01-01,Kjønn samlet,Alle aldre,Føflekkreft (malignt melanom),"per 100 000, standardisert",60.8,1,3
Bamble,2015-2024,2024-01-01,Kjønn samlet,Alle aldre,Brystkreft,"per 100 000, standardisert",,1,3
Bamble,2015-2024,2024-01-01,Kjønn samlet,Alle aldre,"Livmorhalskreft, kvinner","per 100 000, standardisert",,1,3
Bamble,2015-2024,2024-01-01,Kjønn samlet,Alle aldre,Prostatakreft,"per 100 000, standardisert",,1,3
Bamble,2015-2024,2024-01-01,Menn,Alle aldre,Totalt alle krefttyper,"per 100 000, standardisert",737.8,2,3
Bamble,2015-2024,2024-01-01,Menn,Alle aldre,Tykk- og endetarmskreft,"per 100 000, standardisert",82.4,2,3
Bamble,2015-2024,2024-01-01,Menn,Alle aldre,Lungekreft,"per 100 000, standardisert",66.2,2,3
Bamble,2015-2024,2024-01-01,Menn,Alle aldre,Hudkreft,"per 100 000, standardisert",133.9,2,3
Bamble,2015-2024,2024-01-01,Menn,Alle aldre,Føflekkreft (malignt melanom),"per 100 000, standardisert",54.8,2,3
Bamble,2015-2024,2024-01-01,Menn,Alle aldre,Brystkreft,"per 100 000, standardisert",,2,3
Bamble,2015-2024,2024-01-01,Menn,Alle aldre,"Livmorhalskreft, kvinner","per 100 000, standardisert",,2,3
Bamble,2015-2024,2024-01-01,Menn,Alle aldre,Prostatakreft,"per 100 000, standardisert",167.9,2,3
Bamble,2015-2024,2024-01-01,Kvinner,Alle aldre,Totalt alle krefttyper,"per 100 000, standardisert",633.7,3,3
Bamble,2015-2024,2024-01-01,Kvinner,Alle aldre,Tykk- og endetarmskreft,"per 100 000, standardisert",75.3,3,3
Bamble,2015-2024,2024-01-01,Kvinner,Alle aldre,Lungekreft,"per 100 000, standardisert",57.5,3,3
Bamble,2015-2024,2024-01-01,Kvinner,Alle aldre,Hudkreft,"per 100 000, standardisert",140.4,3,3
Bamble,2015-2024,2024-01-01,Kvinner,Alle aldre,Føflekkreft (malignt melanom),"per 100 000, standardisert",67.1,3,3
Bamble,2015-2024,2024-01-01,Kvinner,Alle aldre,Brystkreft,"per 100 000, standardisert",130.3,3,3
Bamble,2015-2024,2024-01-01,Kvinner,Alle aldre,"Livmorhalskreft, kvinner","per 100 000, standardisert",,3,3
Bamble,2015-2024,2024-01-01,Kvinner,Alle aldre,Prostatakreft,"per 100 000, standardisert",,3,3
Bamble,2016-2025,2025-01-01,Kjønn samlet,Alle aldre,Totalt alle krefttyper,"per 100 000, standardisert",693.1,1,3
Bamble,2016-2025,2025-01-01,Kjønn samlet,Alle aldre,Tykk- og endetarmskreft,"per 100 000, standardisert",76.9,1,3
Bamble,2016-2025,2025-01-01,Kjønn samlet,Alle aldre,Lungekreft,"per 100 000, standardisert",59.2,1,3
Bamble,2016-2025,2025-01-01,Kjønn samlet,Alle aldre,Hudkreft,"per 100 000, standardisert",145.9,1,3
Bamble,2016-2025,2025-01-01,Kjønn samlet,Alle aldre,Føflekkreft (malignt melanom),"per 100 000, standardisert",62.1,1,3
Bamble,2016-2025,2025-01-01,Kjønn samlet,Alle aldre,Brystkreft,"per 100 000, standardisert",,1,3
Bamble,2016-2025,2025-01-01,Kjønn samlet,Alle aldre,"Livmorhalskreft, kvinner","per 100 000, standardisert",,1,3
Bamble,2016-2025,2025-01-01,Kjønn samlet,Alle aldre,Prostatakreft,"per 100 000, standardisert",,1,3
Bamble,2016-2025,2025-01-01,Menn,Alle aldre,Totalt alle krefttyper,"per 100 000, standardisert",725.8,2,3
Bamble,2016-2025,2025-01-01,Menn,Alle aldre,Tykk- og endetarmskreft,"per 100 000, standardisert",76.7,2,3
Bamble,2016-2025,2025-01-01,Menn,Alle aldre,Lungekreft,"per 100 000, standardisert",62.1,2,3
Bamble,2016-2025,2025-01-01,Menn,Alle aldre,Hudkreft,"per 100 000, standardisert",144.9,2,3
Bamble,2016-2025,2025-01-01,Menn,Alle aldre,Føflekkreft (malignt melanom),"per 100 000, standardisert",56.0,2,3
Bamble,2016-2025,2025-01-01,Menn,Alle aldre,Brystkreft,"per 100 000, standardisert",,2,3
Bamble,2016-2025,2025-01-01,Menn,Alle aldre,"Livmorhalskreft, kvinner","per 100 000, standardisert",,2,3
Bamble,2016-2025,2025-01-01,Menn,Alle aldre,Prostatakreft,"per 100 000, standardisert",156.5,2,3
Bamble,2016-2025,2025-01-01,Kvinner,Alle aldre,Totalt alle krefttyper,"per 100 000, standardisert",660.1,3,3
Bamble,2016-2025,2025-01-01,Kvinner,Alle aldre,Tykk- og endetarmskreft,"per 100 000, standardisert",77.2,3,3
Bamble,2016-2025,2025-01-01,Kvinner,Alle aldre,Lungekreft,"per 100 000, standardisert",56.1,3,3
Bamble,2016-2025,2025-01-01,Kvinner,Alle aldre,Hudkreft,"per 100 000, standardisert",147.7,3,3
Bamble,2016-2025,2025-01-01,Kvinner,Alle aldre,Føflekkreft (malignt melanom),"per 100 000, standardisert",68.7,3,3
Bamble,2016-2025,2025-01-01,Kvinner,Alle aldre,Brystkreft,"per 100 000, standardisert",132.7,3,3
Bamble,2016-2025,2025-01-01,Kvinner,Alle aldre,"Livmorhalskreft, kvinner","per 100 000, standardisert",,3,3
Bamble,2016-2025,2025-01-01,Kvinner,Alle aldre,Prostatakreft,"per 100 000, standardisert",,3,3
Kragerø,2007-2016,2016-01-01,Kjønn samlet,Alle aldre,Totalt alle krefttyper,"per 100 000, standardisert",671.0,1,7
Kragerø,2007-2016,2016-01-01,Kjønn samlet,Alle aldre,Tykk- og endetarmskreft,"per 100 000, standardisert",84.9,1,7
Kragerø,2007-2016,2016-01-01,Kjønn samlet,Alle aldre,Lungekreft,"per 100 000, standardisert",58.4,1,7
Kragerø,2007-2016,2016-01-01,Kjønn samlet,Alle aldre,Hudkreft,"per 100 000, standardisert",105.2,1,7
Kragerø,2007-2016,2016-01-01,Kjønn samlet,Alle aldre,Føflekkreft (malignt melanom),"per 100 000, standardisert",39.7,1,7
Kragerø,2007-2016,2016-01-01,Kjønn samlet,Alle aldre,Brystkreft,"per 100 000, standardisert",,1,7
Kragerø,2007-2016,2016-01-01,Kjønn samlet,Alle aldre,"Livmorhalskreft, kvinner","per 100 000, standardisert",,1,7
Kragerø,2007-2016,2016-01-01,Kjønn samlet,Alle aldre,Prostatakreft,"per 100 000, standardisert",,1,7
Kragerø,2007-2016,2016-01-01,Menn,Alle aldre,Totalt alle krefttyper,"per 100 000, standardisert",742.3,2,7
Kragerø,2007-2016,2016-01-01,Menn,Alle aldre,Tykk- og endetarmskreft,"per 100 000, standardisert",87.9,2,7
Kragerø,2007-2016,2016-01-01,Menn,Alle aldre,Lungekreft,"per 100 000, standardisert",58.0,2,7
Kragerø,2007-2016,2016-01-01,Menn,Alle aldre,Hudkreft,"per 100 000, standardisert",119.0,2,7
Kragerø,2007-2016,2016-01-01,Menn,Alle aldre,Føflekkreft (malignt melanom),"per 100 000, standardisert",31.6,2,7
Kragerø,2007-2016,2016-01-01,Menn,Alle aldre,Brystkreft,"per 100 000, standardisert",,2,7
Kragerø,2007-2016,2016-01-01,Menn,Alle aldre,"Livmorhalskreft, kvinner","per 100 000, standardisert",,2,7
Kragerø,2007-2016,2016-01-01,Menn,Alle aldre,Prostatakreft,"per 100 000, standardisert",197.5,2,7
Kragerø,2007-2016,2016-01-01,Kvinner,Alle aldre,Totalt alle krefttyper,"per 100 000, standardisert",600.5,3,7
Kragerø,2007-2016,2016-01-01,Kvinner,Alle aldre,Tykk- og endetarmskreft,"per 100 000, standardisert",81.9,3,7
Kragerø,2007-2016,2016-01-01,Kvinner,Alle aldre,Lungekreft,"per 100 000, standardisert",58.7,3,7
Kragerø,2007-2016,2016-01-01,Kvinner,Alle aldre,Hudkreft,"per 100 000, standardisert",91.8,3,7
Kragerø,2007-2016,2016-01-01,Kvinner,Alle aldre,Føflekkreft (malignt melanom),"per 100 000, standardisert",47.5,3,7
Kragerø,2007-2016,2016-01-01,Kvinner,Alle aldre,Brystkreft,"per 100 000, standardisert",132.2,3,7
Kragerø,2007-2016,2016-01-01,Kvinner,Alle aldre,"Livmorhalskreft, kvinner","per 100 000, standardisert",,3,7
Kragerø,2007-2016,2016-01-01,Kvinner,Alle aldre,Prostatakreft,"per 100 000, standardisert",,3,7
Kragerø,2008-2017,2017-01-01,Kjønn samlet,Alle aldre,Totalt alle krefttyper,"per 100 000, standardisert",657.9,1,7
Kragerø,2008-2017,2017-01-01,Kjønn samlet,Alle aldre,Tykk- og endetarmskreft,"per 100 000, standardisert",87.6,1,7
Kragerø,2008-2017,2017-01-01,Kjønn samlet,Alle aldre,Lungekreft,"per 100 000, standardisert",57.9,1,7
Kragerø,2008-2017,2017-01-01,Kjønn samlet,Alle aldre,Hudkreft,"per 100 000, standardisert",100.2,1,7
Kragerø,2008-2017,2017-01-01,Kjønn samlet,Alle aldre,Føflekkreft (malignt melanom),"per 100 000, standardisert",38.3,1,7
Kragerø,2008-2017,2017-01-01,Kjønn samlet,Alle aldre,Brystkreft,"per 100 000, standardisert",,1,7
Kragerø,2008-2017,2017-01-01,Kjønn samlet,Alle aldre,"Livmorhalskreft, kvinner","per 100 000, standardisert",,1,7
Kragerø,2008-2017,2017-01-01,Kjønn samlet,Alle aldre,Prostatakreft,"per 100 000, standardisert",,1,7
Kragerø,2008-2017,2017-01-01,Menn,Alle aldre,Totalt alle krefttyper,"per 100 000, standardisert",722.7,2,7
Kragerø,2008-2017,2017-01-01,Menn,Alle aldre,Tykk- og endetarmskreft,"per 100 000, standardisert",87.7,2,7
Kragerø,2008-2017,2017-01-01,Menn,Alle aldre,Lungekreft,"per 100 000, standardisert",56.5,2,7
Kragerø,2008-2017,2017-01-01,Menn,Alle aldre,Hudkreft,"per 100 000, standardisert",109.7,2,7
Kragerø,2008-2017,2017-01-01,Menn,Alle aldre,Føflekkreft (malignt melanom),"per 100 000, standardisert",27.6,2,7
Kragerø,2008-2017,2017-01-01,Menn,Alle aldre,Brystkreft,"per 100 000, standardisert",,2,7
Kragerø,2008-2017,2017-01-01,Menn,Alle aldre,"Livmorhalskreft, kvinner","per 100 000, standardisert",,2,7
Kragerø,2008-2017,2017-01-01,Menn,Alle aldre,Prostatakreft,"per 100 000, standardisert",194.2,2,7
Kragerø,2008-2017,2017-01-01,Kvinner,Alle aldre,Totalt alle krefttyper,"per 100 000, standardisert",593.4,3,7
Kragerø,2008-2017,2017-01-01,Kvinner,Alle aldre,Tykk- og endetarmskreft,"per 100 000, standardisert",87.4,3,7
Kragerø,2008-2017,2017-01-01,Kvinner,Alle aldre,Lungekreft,"per 100 000, standardisert",59.2,3,7
Kragerø,2008-2017,2017-01-01,Kvinner,Alle aldre,Hudkreft,"per 100 000, standardisert",90.9,3,7
Kragerø,2008-2017,2017-01-01,Kvinner,Alle aldre,Føflekkreft (malignt melanom),"per 100 000, standardisert",48.7,3,7
Kragerø,2008-2017,2017-01-01,Kvinner,Alle aldre,Brystkreft,"per 100 000, standardisert",131.0,3,7
Kragerø,2008-2017,2017-01-01,Kvinner,Alle aldre,"Livmorhalskreft, kvinner","per 100 000, standardisert",,3,7
Kragerø,2008-2017,2017-01-01,Kvinner,Alle aldre,Prostatakreft,"per 100 000, standardisert",,3,7
Kragerø,2009-2018,2018-01-01,Kjønn samlet,Alle aldre,Totalt alle krefttyper,"per 100 000, standardisert",679.7,1,7
Kragerø,2009-2018,2018-01-01,Kjønn samlet,Alle aldre,Tykk- og endetarmskreft,"per 100 000, standardisert",94.3,1,7
Kragerø,2009-2018,2018-01-01,Kjønn samlet,Alle aldre,Lungekreft,"per 100 000, standardisert",68.8,1,7
Kragerø,2009-2018,2018-01-01,Kjønn samlet,Alle aldre,Hudkreft,"per 100 000, standardisert",108.6,1,7
Kragerø,2009-2018,2018-01-01,Kjønn samlet,Alle aldre,Føflekkreft (malignt melanom),"per 100 000, standardisert",41.1,1,7
Kragerø,2009-2018,2018-01-01,Kjønn samlet,Alle aldre,Brystkreft,"per 100 000, standardisert",,1,7
Kragerø,2009-2018,2018-01-01,Kjønn samlet,Alle aldre,"Livmorhalskreft, kvinner","per 100 000, standardisert",,1,7
Kragerø,2009-2018,2018-01-01,Kjønn samlet,Alle aldre,Prostatakreft,"per 100 000, standardisert",,1,7
Kragerø,2009-2018,2018-01-01,Menn,Alle aldre,Totalt alle krefttyper,"per 100 000, standardisert",745.5,2,7
Kragerø,2009-2018,2018-01-01,Menn,Alle aldre,Tykk- og endetarmskreft,"per 100 000, standardisert",92.5,2,7
Kragerø,2009-2018,2018-01-01,Menn,Alle aldre,Lungekreft,"per 100 000, standardisert",68.4,2,7
Kragerø,2009-2018,2018-01-01,Menn,Alle aldre,Hudkreft,"per 100 000, standardisert",121.0,2,7
Kragerø,2009-2018,2018-01-01,Menn,Alle aldre,Føflekkreft (malignt melanom),"per 100 000, standardisert",32.2,2,7
Kragerø,2009-2018,2018-01-01,Menn,Alle aldre,Brystkreft,"per 100 000, standardisert",,2,7
Kragerø,2009-2018,2018-01-01,Menn,Alle aldre,"Livmorhalskreft, kvinner","per 100 000, standardisert",,2,7
Kragerø,2009-2018,2018-01-01,Menn,Alle aldre,Prostatakreft,"per 100 000, standardisert",192.6,2,7
Kragerø,2009-2018,2018-01-01,Kvinner,Alle aldre,Totalt alle krefttyper,"per 100 000, standardisert",614.0,3,7
Kragerø,2009-2018,2018-01-01,Kvinner,Alle aldre,Tykk- og endetarmskreft,"per 100 000, standardisert",95.9,3,7
Kragerø,2009-2018,2018-01-01,Kvinner,Alle aldre,Lungekreft,"per 100 000, standardisert",69.3,3,7
Kragerø,2009-2018,2018-01-01,Kvinner,Alle aldre,Hudkreft,"per 100 000, standardisert",96.5,3,7
Kragerø,2009-2018,2018-01-01,Kvinner,Alle aldre,Føflekkreft (malignt melanom),"per 100 000, standardisert",49.9,3,7
Kragerø,2009-2018,2018-01-01,Kvinner,Alle aldre,Brystkreft,"per 100 000, standardisert",128.2,3,7
Kragerø,2009-2018,2018-01-01,Kvinner,Alle aldre,"Livmorhalskreft, kvinner","per 100 000, standardisert",,3,7
Kragerø,2009-2018,2018-01-01,Kvinner,Alle aldre,Prostatakreft,"per 100 000, standardisert",,3,7
Kragerø,2010-2019,2019-01-01,Kjønn samlet,Alle aldre,Totalt alle krefttyper,"per 100 000, standardisert",679.3,1,7
Kragerø,2010-2019,2019-01-01,Kjønn samlet,Alle aldre,Tykk- og endetarmskreft,"per 100 000, standardisert",93.4,1,7
Kragerø,2010-2019,2019-01-01,Kjønn samlet,Alle aldre,Lungekreft,"per 100 000, standardisert",66.4,1,7
Kragerø,2010-2019,2019-01-01,Kjønn samlet,Alle aldre,Hudkreft,"per 100 000, standardisert",107.7,1,7
Kragerø,2010-2019,2019-01-01,Kjønn samlet,Alle aldre,Føflekkreft (malignt melanom),"per 100 000, standardisert",41.4,1,7
Kragerø,2010-2019,2019-01-01,Kjønn samlet,Alle aldre,Brystkreft,"per 100 000, standardisert",,1,7
Kragerø,2010-2019,2019-01-01,Kjønn samlet,Alle aldre,"Livmorhalskreft, kvinner","per 100 000, standardisert",,1,7
Kragerø,2010-2019,2019-01-01,Kjønn samlet,Alle aldre,Prostatakreft,"per 100 000, standardisert",,1,7
Kragerø,2010-2019,2019-01-01,Menn,Alle aldre,Totalt alle krefttyper,"per 100 000, standardisert",750.6,2,7
Kragerø,2010-2019,2019-01-01,Menn,Alle aldre,Tykk- og endetarmskreft,"per 100 000, standardisert",87.2,2,7
Kragerø,2010-2019,2019-01-01,Menn,Alle aldre,Lungekreft,"per 100 000, standardisert",66.5,2,7
Kragerø,2010-2019,2019-01-01,Menn,Alle aldre,Hudkreft,"per 100 000, standardisert",123.4,2,7
Kragerø,2010-2019,2019-01-01,Menn,Alle aldre,Føflekkreft (malignt melanom),"per 100 000, standardisert",34.9,2,7
Kragerø,2010-2019,2019-01-01,Menn,Alle aldre,Brystkreft,"per 100 000, standardisert",,2,7
Kragerø,2010-2019,2019-01-01,Menn,Alle aldre,"Livmorhalskreft, kvinner","per 100 000, standardisert",,2,7
Kragerø,2010-2019,2019-01-01,Menn,Alle aldre,Prostatakreft,"per 100 000, standardisert",197.6,2,7
Kragerø,2010-2019,2019-01-01,Kvinner,Alle aldre,Totalt alle krefttyper,"per 100 000, standardisert",607.9,3,7
Kragerø,2010-2019,2019-01-01,Kvinner,Alle aldre,Tykk- og endetarmskreft,"per 100 000, standardisert",99.3,3,7
Kragerø,2010-2019,2019-01-01,Kvinner,Alle aldre,Lungekreft,"per 100 000, standardisert",66.3,3,7
Kragerø,2010-2019,2019-01-01,Kvinner,Alle aldre,Hudkreft,"per 100 000, standardisert",92.1,3,7
Kragerø,2010-2019,2019-01-01,Kvinner,Alle aldre,Føflekkreft (malignt melanom),"per 100 000, standardisert",47.8,3,7
Kragerø,2010-2019,2019-01-01,Kvinner,Alle aldre,Brystkreft,"per 100 000, standardisert",123.9,3,7
Kragerø,2010-2019,2019-01-01,Kvinner,Alle aldre,"Livmorhalskreft, kvinner","per 100 000, standardisert",,3,7
Kragerø,2010-2019,2019-01-01,Kvinner,Alle aldre,Prostatakreft,"per 100 000, standardisert",,3,7
Kragerø,2011-2020,2020-01-01,Kjønn samlet,Alle aldre,Totalt alle krefttyper,"per 100 000, standardisert",689.0,1,7
Kragerø,2011-2020,2020-01-01,Kjønn samlet,Alle aldre,Tykk- og endetarmskreft,"per 100 000, standardisert",95.6,1,7
Kragerø,2011-2020,2020-01-01,Kjønn samlet,Alle aldre,Lungekreft,"per 100 000, standardisert",68.7,1,7
Kragerø,2011-2020,2020-01-01,Kjønn samlet,Alle aldre,Hudkreft,"per 100 000, standardisert",112.2,1,7
Kragerø,2011-2020,2020-01-01,Kjønn samlet,Alle aldre,Føflekkreft (malignt melanom),"per 100 000, standardisert",44.1,1,7
Kragerø,2011-2020,2020-01-01,Kjønn samlet,Alle aldre,Brystkreft,"per 100 000, standardisert",,1,7
Kragerø,2011-2020,2020-01-01,Kjønn samlet,Alle aldre,"Livmorhalskreft, kvinner","per 100 000, standardisert",,1,7
Kragerø,2011-2020,2020-01-01,Kjønn samlet,Alle aldre,Prostatakreft,"per 100 000, standardisert",,1,7
Kragerø,2011-2020,2020-01-01,Menn,Alle aldre,Totalt alle krefttyper,"per 100 000, standardisert",746.9,2,7
Kragerø,2011-2020,2020-01-01,Menn,Alle aldre,Tykk- og endetarmskreft,"per 100 000, standardisert",88.4,2,7
Kragerø,2011-2020,2020-01-01,Menn,Alle aldre,Lungekreft,"per 100 000, standardisert",71.0,2,7
Kragerø,2011-2020,2020-01-01,Menn,Alle aldre,Hudkreft,"per 100 000, standardisert",123.8,2,7
Kragerø,2011-2020,2020-01-01,Menn,Alle aldre,Føflekkreft (malignt melanom),"per 100 000, standardisert",34.3,2,7
Kragerø,2011-2020,2020-01-01,Menn,Alle aldre,Brystkreft,"per 100 000, standardisert",,2,7
Kragerø,2011-2020,2020-01-01,Menn,Alle aldre,"Livmorhalskreft, kvinner","per 100 000, standardisert",,2,7
Kragerø,2011-2020,2020-01-01,Menn,Alle aldre,Prostatakreft,"per 100 000, standardisert",197.8,2,7
Kragerø,2011-2020,2020-01-01,Kvinner,Alle aldre,Totalt alle krefttyper,"per 100 000, standardisert",630.6,3,7
Kragerø,2011-2020,2020-01-01,Kvinner,Alle aldre,Tykk- og endetarmskreft,"per 100 000, standardisert",102.5,3,7
Kragerø,2011-2020,2020-01-01,Kvinner,Alle aldre,Lungekreft,"per 100 000, standardisert",66.4,3,7
Kragerø,2011-2020,2020-01-01,Kvinner,Alle aldre,Hudkreft,"per 100 000, standardisert",100.6,3,7
Kragerø,2011-2020,2020-01-01,Kvinner,Alle aldre,Føflekkreft (malignt melanom),"per 100 000, standardisert",53.8,3,7
Kragerø,2011-2020,2020-01-01,Kvinner,Alle aldre,Brystkreft,"per 100 000, standardisert",126.1,3,7
Kragerø,2011-2020,2020-01-01,Kvinner,Alle aldre,"Livmorhalskreft, kvinner","per 100 000, standardisert",,3,7
Kragerø,2011-2020,2020-01-01,Kvinner,Alle aldre,Prostatakreft,"per 100 000, standardisert",,3,7
Kragerø,2012-2021,2021-01-01,Kjønn samlet,Alle aldre,Totalt alle krefttyper,"per 100 000, standardisert",711.4,1,7
Kragerø,2012-2021,2021-01-01,Kjønn samlet,Alle aldre,Tykk- og endetarmskreft,"per 100 000, standardisert",95.2,1,7
Kragerø,2012-2021,2021-01-01,Kjønn samlet,Alle aldre,Lungekreft,"per 100 000, standardisert",65.5,1,7
Kragerø,2012-2021,2021-01-01,Kjønn samlet,Alle aldre,Hudkreft,"per 100 000, standardisert",114.0,1,7
Kragerø,2012-2021,2021-01-01,Kjønn samlet,Alle aldre,Føflekkreft (malignt melanom),"per 100 000, standardisert",43.4,1,7
Kragerø,2012-2021,2021-01-01,Kjønn samlet,Alle aldre,Brystkreft,"per 100 000, standardisert",,1,7
Kragerø,2012-2021,2021-01-01,Kjønn samlet,Alle aldre,"Livmorhalskreft, kvinner","per 100 000, standardisert",,1,7
Kragerø,2012-2021,2021-01-01,Kjønn samlet,Alle aldre,Prostatakreft,"per 100 000, standardisert",,1,7
Kragerø,2012-2021,2021-01-01,Menn,Alle aldre,Totalt alle krefttyper,"per 100 000, standardisert",771.1,2,7
Kragerø,2012-2021,2021-01-01,Menn,Alle aldre,Tykk- og endetarmskreft,"per 100 000, standardisert",89.5,2,7
Kragerø,2012-2021,2021-01-01,Menn,Alle aldre,Lungekreft,"per 100 000, standardisert",72.2,2,7
Kragerø,2012-2021,2021-01-01,Menn,Alle aldre,Hudkreft,"per 100 000, standardisert",127.0,2,7
Kragerø,2012-2021,2021-01-01,Menn,Alle aldre,Føflekkreft (malignt melanom),"per 100 000, standardisert",38.4,2,7
Kragerø,2012-2021,2021-01-01,Menn,Alle aldre,Brystkreft,"per 100 000, standardisert",,2,7
Kragerø,2012-2021,2021-01-01,Menn,Alle aldre,"Livmorhalskreft, kvinner","per 100 000, standardisert",,2,7
Kragerø,2012-2021,2021-01-01,Menn,Alle aldre,Prostatakreft,"per 100 000, standardisert",210.2,2,7
Kragerø,2012-2021,2021-01-01,Kvinner,Alle aldre,Totalt alle krefttyper,"per 100 000, standardisert",651.0,3,7
Kragerø,2012-2021,2021-01-01,Kvinner,Alle aldre,Tykk- og endetarmskreft,"per 100 000, standardisert",100.8,3,7
Kragerø,2012-2021,2021-01-01,Kvinner,Alle aldre,Lungekreft,"per 100 000, standardisert",59.0,3,7
Kragerø,2012-2021,2021-01-01,Kvinner,Alle aldre,Hudkreft,"per 100 000, standardisert",100.9,3,7
Kragerø,2012-2021,2021-01-01,Kvinner,Alle aldre,Føflekkreft (malignt melanom),"per 100 000, standardisert",48.5,3,7
Kragerø,2012-2021,2021-01-01,Kvinner,Alle aldre,Brystkreft,"per 100 000, standardisert",128.4,3,7
Kragerø,2012-2021,2021-01-01,Kvinner,Alle aldre,"Livmorhalskreft, kvinner","per 100 000, standardisert",,3,7
Kragerø,2012-2021,2021-01-01,Kvinner,Alle aldre,Prostatakreft,"per 100 000, standardisert",,3,7
Kragerø,2013-2022,2022-01-01,Kjønn samlet,Alle aldre,Totalt alle krefttyper,"per 100 000, standardisert",696.7,1,7
Kragerø,2013-2022,2022-01-01,Kjønn samlet,Alle aldre,Tykk- og endetarmskreft,"per 100 000, standardisert",93.4,1,7
Kragerø,2013-2022,2022-01-01,Kjønn samlet,Alle aldre,Lungekreft,"per 100 000, standardisert",66.2,1,7
Kragerø,2013-2022,2022-01-01,Kjønn samlet,Alle aldre,Hudkreft,"per 100 000, standardisert",116.4,1,7
Kragerø,2013-2022,2022-01-01,Kjønn samlet,Alle aldre,Føflekkreft (malignt melanom),"per 100 000, standardisert",46.8,1,7
Kragerø,2013-2022,2022-01-01,Kjønn samlet,Alle aldre,Brystkreft,"per 100 000, standardisert",,1,7
Kragerø,2013-2022,2022-01-01,Kjønn samlet,Alle aldre,"Livmorhalskreft, kvinner","per 100 000, standardisert",,1,7
Kragerø,2013-2022,2022-01-01,Kjønn samlet,Alle aldre,Prostatakreft,"per 100 000, standardisert",,1,7
Kragerø,2013-2022,2022-01-01,Menn,Alle aldre,Totalt alle krefttyper,"per 100 000, standardisert",746.6,2,7
Kragerø,2013-2022,2022-01-01,Menn,Alle aldre,Tykk- og endetarmskreft,"per 100 000, standardisert",89.0,2,7
Kragerø,2013-2022,2022-01-01,Menn,Alle aldre,Lungekreft,"per 100 000, standardisert",74.8,2,7
Kragerø,2013-2022,2022-01-01,Menn,Alle aldre,Hudkreft,"per 100 000, standardisert",132.9,2,7
Kragerø,2013-2022,2022-01-01,Menn,Alle aldre,Føflekkreft (malignt melanom),"per 100 000, standardisert",45.6,2,7
Kragerø,2013-2022,2022-01-01,Menn,Alle aldre,Brystkreft,"per 100 000, standardisert",,2,7
Kragerø,2013-2022,2022-01-01,Menn,Alle aldre,"Livmorhalskreft, kvinner","per 100 000, standardisert",,2,7
Kragerø,2013-2022,2022-01-01,Menn,Alle aldre,Prostatakreft,"per 100 000, standardisert",199.9,2,7
Kragerø,2013-2022,2022-01-01,Kvinner,Alle aldre,Totalt alle krefttyper,"per 100 000, standardisert",645.9,3,7
Kragerø,2013-2022,2022-01-01,Kvinner,Alle aldre,Tykk- og endetarmskreft,"per 100 000, standardisert",97.7,3,7
Kragerø,2013-2022,2022-01-01,Kvinner,Alle aldre,Lungekreft,"per 100 000, standardisert",57.8,3,7
Kragerø,2013-2022,2022-01-01,Kvinner,Alle aldre,Hudkreft,"per 100 000, standardisert",99.6,3,7
Kragerø,2013-2022,2022-01-01,Kvinner,Alle aldre,Føflekkreft (malignt melanom),"per 100 000, standardisert",48.0,3,7
Kragerø,2013-2022,2022-01-01,Kvinner,Alle aldre,Brystkreft,"per 100 000, standardisert",135.6,3,7
Kragerø,2013-2022,2022-01-01,Kvinner,Alle aldre,"Livmorhalskreft, kvinner","per 100 000, standardisert",,3,7
Kragerø,2013-2022,2022-01-01,Kvinner,Alle aldre,Prostatakreft,"per 100 000, standardisert",,3,7
Kragerø,2014-2023,2023-01-01,Kjønn samlet,Alle aldre,Totalt alle krefttyper,"per 100 000, standardisert",711.3,1,7
Kragerø,2014-2023,2023-01-01,Kjønn samlet,Alle aldre,Tykk- og endetarmskreft,"per 100 000, standardisert",91.6,1,7
Kragerø,2014-2023,2023-01-01,Kjønn samlet,Alle aldre,Lungekreft,"per 100 000, standardisert",69.9,1,7
Kragerø,2014-2023,2023-01-01,Kjønn samlet,Alle aldre,Hudkreft,"per 100 000, standardisert",122.4,1,7
Kragerø,2014-2023,2023-01-01,Kjønn samlet,Alle aldre,Føflekkreft (malignt melanom),"per 100 000, standardisert",52.3,1,7
Kragerø,2014-2023,2023-01-01,Kjønn samlet,Alle aldre,Brystkreft,"per 100 000, standardisert",,1,7
Kragerø,2014-2023,2023-01-01,Kjønn samlet,Alle aldre,"Livmorhalskreft, kvinner","per 100 000, standardisert",,1,7
Kragerø,2014-2023,2023-01-01,Kjønn samlet,Alle aldre,Prostatakreft,"per 100 000, standardisert",,1,7
Kragerø,2014-2023,2023-01-01,Menn,Alle aldre,Totalt alle krefttyper,"per 100 000, standardisert",759.8,2,7
Kragerø,2014-2023,2023-01-01,Menn,Alle aldre,Tykk- og endetarmskreft,"per 100 000, standardisert",82.5,2,7
Kragerø,2014-2023,2023-01-01,Menn,Alle aldre,Lungekreft,"per 100 000, standardisert",75.9,2,7
Kragerø,2014-2023,2023-01-01,Menn,Alle aldre,Hudkreft,"per 100 000, standardisert",137.1,2,7
Kragerø,2014-2023,2023-01-01,Menn,Alle aldre,Føflekkreft (malignt melanom),"per 100 000, standardisert",49.4,2,7
Kragerø,2014-2023,2023-01-01,Menn,Alle aldre,Brystkreft,"per 100 000, standardisert",,2,7
Kragerø,2014-2023,2023-01-01,Menn,Alle aldre,"Livmorhalskreft, kvinner","per 100 000, standardisert",,2,7
Kragerø,2014-2023,2023-01-01,Menn,Alle aldre,Prostatakreft,"per 100 000, standardisert",215.2,2,7
Kragerø,2014-2023,2023-01-01,Kvinner,Alle aldre,Totalt alle krefttyper,"per 100 000, standardisert",662.1,3,7
Kragerø,2014-2023,2023-01-01,Kvinner,Alle aldre,Tykk- og endetarmskreft,"per 100 000, standardisert",100.5,3,7
Kragerø,2014-2023,2023-01-01,Kvinner,Alle aldre,Lungekreft,"per 100 000, standardisert",63.9,3,7
Kragerø,2014-2023,2023-01-01,Kvinner,Alle aldre,Hudkreft,"per 100 000, standardisert",107.4,3,7
Kragerø,2014-2023,2023-01-01,Kvinner,Alle aldre,Føflekkreft (malignt melanom),"per 100 000, standardisert",55.4,3,7
Kragerø,2014-2023,2023-01-01,Kvinner,Alle aldre,Brystkreft,"per 100 000, standardisert",147.3,3,7
Kragerø,2014-2023,2023-01-01,Kvinner,Alle aldre,"Livmorhalskreft, kvinner","per 100 000, standardisert",,3,7
Kragerø,2014-2023,2023-01-01,Kvinner,Alle aldre,Prostatakreft,"per 100 000, standardisert",,3,7
Kragerø,2015-2024,2024-01-01,Kjønn samlet,Alle aldre,Totalt alle krefttyper,"per 100 000, standardisert",696.3,1,7
Kragerø,2015-2024,2024-01-01,Kjønn samlet,Alle aldre,Tykk- og endetarmskreft,"per 100 000, standardisert",89.8,1,7
Kragerø,2015-2024,2024-01-01,Kjønn samlet,Alle aldre,Lungekreft,"per 100 000, standardisert",69.8,1,7
Kragerø,2015-2024,2024-01-01,Kjønn samlet,Alle aldre,Hudkreft,"per 100 000, standardisert",125.1,1,7
Kragerø,2015-2024,2024-01-01,Kjønn samlet,Alle aldre,Føflekkreft (malignt melanom),"per 100 000, standardisert",52.4,1,7
Kragerø,2015-2024,2024-01-01,Kjønn samlet,Alle aldre,Brystkreft,"per 100 000, standardisert",,1,7
Kragerø,2015-2024,2024-01-01,Kjønn samlet,Alle aldre,"Livmorhalskreft, kvinner","per 100 000, standardisert",,1,7
Kragerø,2015-2024,2024-01-01,Kjønn samlet,Alle aldre,Prostatakreft,"per 100 000, standardisert",,1,7
Kragerø,2015-2024,2024-01-01,Menn,Alle aldre,Totalt alle krefttyper,"per 100 000, standardisert",748.8,2,7
Kragerø,2015-2024,2024-01-01,Menn,Alle aldre,Tykk- og endetarmskreft,"per 100 000, standardisert",85.2,2,7
Kragerø,2015-2024,2024-01-01,Menn,Alle aldre,Lungekreft,"per 100 000, standardisert",69.8,2,7
Kragerø,2015-2024,2024-01-01,Menn,Alle aldre,Hudkreft,"per 100 000, standardisert",133.6,2,7
Kragerø,2015-2024,2024-01-01,Menn,Alle aldre,Føflekkreft (malignt melanom),"per 100 000, standardisert",47.0,2,7
Kragerø,2015-2024,2024-01-01,Menn,Alle aldre,Brystkreft,"per 100 000, standardisert",,2,7
Kragerø,2015-2024,2024-01-01,Menn,Alle aldre,"Livmorhalskreft, kvinner","per 100 000, standardisert",,2,7
Kragerø,2015-2024,2024-01-01,Menn,Alle aldre,Prostatakreft,"per 100 000, standardisert",211.4,2,7
Kragerø,2015-2024,2024-01-01,Kvinner,Alle aldre,Totalt alle krefttyper,"per 100 000, standardisert",642.6,3,7
Kragerø,2015-2024,2024-01-01,Kvinner,Alle aldre,Tykk- og endetarmskreft,"per 100 000, standardisert",94.4,3,7
Kragerø,2015-2024,2024-01-01,Kvinner,Alle aldre,Lungekreft,"per 100 000, standardisert",69.8,3,7
Kragerø,2015-2024,2024-01-01,Kvinner,Alle aldre,Hudkreft,"per 100 000, standardisert",116.4,3,7
Kragerø,2015-2024,2024-01-01,Kvinner,Alle aldre,Føflekkreft (malignt melanom),"per 100 000, standardisert",58.0,3,7
Kragerø,2015-2024,2024-01-01,Kvinner,Alle aldre,Brystkreft,"per 100 000, standardisert",146.3,3,7
Kragerø,2015-2024,2024-01-01,Kvinner,Alle aldre,"Livmorhalskreft, kvinner","per 100 000, standardisert",,3,7
Kragerø,2015-2024,2024-01-01,Kvinner,Alle aldre,Prostatakreft,"per 100 000, standardisert",,3,7
Kragerø,2016-2025,2025-01-01,Kjønn samlet,Alle aldre,Totalt alle krefttyper,"per 100 000, standardisert",695.6,1,7
Kragerø,2016-2025,2025-01-01,Kjønn samlet,Alle aldre,Tykk- og endetarmskreft,"per 100 000, standardisert",85.9,1,7
Kragerø,2016-2025,2025-01-01,Kjønn samlet,Alle aldre,Lungekreft,"per 100 000, standardisert",67.0,1,7
Kragerø,2016-2025,2025-01-01,Kjønn samlet,Alle aldre,Hudkreft,"per 100 000, standardisert",128.3,1,7
Kragerø,2016-2025,2025-01-01,Kjønn samlet,Alle aldre,Føflekkreft (malignt melanom),"per 100 000, standardisert",53.1,1,7
Kragerø,2016-2025,2025-01-01,Kjønn samlet,Alle aldre,Brystkreft,"per 100 000, standardisert",,1,7
Kragerø,2016-2025,2025-01-01,Kjønn samlet,Alle aldre,"Livmorhalskreft, kvinner","per 100 000, standardisert",,1,7
Kragerø,2016-2025,2025-01-01,Kjønn samlet,Alle aldre,Prostatakreft,"per 100 000, standardisert",,1,7
Kragerø,2016-2025,2025-01-01,Menn,Alle aldre,Totalt alle krefttyper,"per 100 000, standardisert",742.7,2,7
Kragerø,2016-2025,2025-01-01,Menn,Alle aldre,Tykk- og endetarmskreft,"per 100 000, standardisert",83.4,2,7
Kragerø,2016-2025,2025-01-01,Menn,Alle aldre,Lungekreft,"per 100 000, standardisert",71.0,2,7
Kragerø,2016-2025,2025-01-01,Menn,Alle aldre,Hudkreft,"per 100 000, standardisert",131.6,2,7
Kragerø,2016-2025,2025-01-01,Menn,Alle aldre,Føflekkreft (malignt melanom),"per 100 000, standardisert",46.1,2,7
Kragerø,2016-2025,2025-01-01,Menn,Alle aldre,Brystkreft,"per 100 000, standardisert",,2,7
Kragerø,2016-2025,2025-01-01,Menn,Alle aldre,"Livmorhalskreft, kvinner","per 100 000, standardisert",,2,7
Kragerø,2016-2025,2025-01-01,Menn,Alle aldre,Prostatakreft,"per 100 000, standardisert",203.4,2,7
Kragerø,2016-2025,2025-01-01,Kvinner,Alle aldre,Totalt alle krefttyper,"per 100 000, standardisert",647.6,3,7
Kragerø,2016-2025,2025-01-01,Kvinner,Alle aldre,Tykk- og endetarmskreft,"per 100 000, standardisert",88.4,3,7
Kragerø,2016-2025,2025-01-01,Kvinner,Alle aldre,Lungekreft,"per 100 000, standardisert",62.9,3,7
Kragerø,2016-2025,2025-01-01,Kvinner,Alle aldre,Hudkreft,"per 100 000, standardisert",125.0,3,7
Kragerø,2016-2025,2025-01-01,Kvinner,Alle aldre,Føflekkreft (malignt melanom),"per 100 000, standardisert",60.5,3,7
Kragerø,2016-2025,2025-01-01,Kvinner,Alle aldre,Brystkreft,"per 100 000, standardisert",145.4,3,7
Kragerø,2016-2025,2025-01-01,Kvinner,Alle aldre,"Livmorhalskreft, kvinner","per 100 000, standardisert",,3,7
Kragerø,2016-2025,2025-01-01,Kvinner,Alle aldre,Prostatakreft,"per 100 000, standardisert",,3,7
Drangedal,2007-2016,2016-01-01,Kjønn samlet,Alle aldre,Totalt alle krefttyper,"per 100 000, standardisert",621.6,1,4
Drangedal,2007-2016,2016-01-01,Kjønn samlet,Alle aldre,Tykk- og endetarmskreft,"per 100 000, standardisert",90.2,1,4
Drangedal,2007-2016,2016-01-01,Kjønn samlet,Alle aldre,Lungekreft,"per 100 000, standardisert",71.3,1,4
Drangedal,2007-2016,2016-01-01,Kjønn samlet,Alle aldre,Hudkreft,"per 100 000, standardisert",90.5,1,4
Drangedal,2007-2016,2016-01-01,Kjønn samlet,Alle aldre,Føflekkreft (malignt melanom),"per 100 000, standardisert",54.4,1,4
Drangedal,2007-2016,2016-01-01,Kjønn samlet,Alle aldre,Brystkreft,"per 100 000, standardisert",,1,4
Drangedal,2007-2016,2016-01-01,Kjønn samlet,Alle aldre,"Livmorhalskreft, kvinner","per 100 000, standardisert",,1,4
Drangedal,2007-2016,2016-01-01,Kjønn samlet,Alle aldre,Prostatakreft,"per 100 000, standardisert",,1,4
Drangedal,2007-2016,2016-01-01,Menn,Alle aldre,Totalt alle krefttyper,"per 100 000, standardisert",615.5,2,4
Drangedal,2007-2016,2016-01-01,Menn,Alle aldre,Tykk- og endetarmskreft,"per 100 000, standardisert",84.7,2,4
Drangedal,2007-2016,2016-01-01,Menn,Alle aldre,Lungekreft,"per 100 000, standardisert",85.5,2,4
Drangedal,2007-2016,2016-01-01,Menn,Alle aldre,Hudkreft,"per 100 000, standardisert",76.4,2,4
Drangedal,2007-2016,2016-01-01,Menn,Alle aldre,Føflekkreft (malignt melanom),"per 100 000, standardisert",,2,4
Drangedal,2007-2016,2016-01-01,Menn,Alle aldre,Brystkreft,"per 100 000, standardisert",,2,4
Drangedal,2007-2016,2016-01-01,Menn,Alle aldre,"Livmorhalskreft, kvinner","per 100 000, standardisert",,2,4
Drangedal,2007-2016,2016-01-01,Menn,Alle aldre,Prostatakreft,"per 100 000, standardisert",174.4,2,4
Drangedal,2007-2016,2016-01-01,Kvinner,Alle aldre,Totalt alle krefttyper,"per 100 000, standardisert",627.3,3,4
Drangedal,2007-2016,2016-01-01,Kvinner,Alle aldre,Tykk- og endetarmskreft,"per 100 000, standardisert",95.5,3,4
Drangedal,2007-2016,2016-01-01,Kvinner,Alle aldre,Lungekreft,"per 100 000, standardisert",,3,4
Drangedal,2007-2016,2016-01-01,Kvinner,Alle aldre,Hudkreft,"per 100 000, standardisert",104.5,3,4
Drangedal,2007-2016,2016-01-01,Kvinner,Alle aldre,Føflekkreft (malignt melanom),"per 100 000, standardisert",,3,4
Drangedal,2007-2016,2016-01-01,Kvinner,Alle aldre,Brystkreft,"per 100 000, standardisert",125.2,3,4
Drangedal,2007-2016,2016-01-01,Kvinner,Alle aldre,"Livmorhalskreft, kvinner","per 100 000, standardisert",,3,4
Drangedal,2007-2016,2016-01-01,Kvinner,Alle aldre,Prostatakreft,"per 100 000, standardisert",,3,4
Drangedal,2008-2017,2017-01-01,Kjønn samlet,Alle aldre,Totalt alle krefttyper,"per 100 000, standardisert",614.3,1,4
Drangedal,2008-2017,2017-01-01,Kjønn samlet,Alle aldre,Tykk- og endetarmskreft,"per 100 000, standardisert",85.8,1,4
Drangedal,2008-2017,2017-01-01,Kjønn samlet,Alle aldre,Lungekreft,"per 100 000, standardisert",68.7,1,4
Drangedal,2008-2017,2017-01-01,Kjønn samlet,Alle aldre,Hudkreft,"per 100 000, standardisert",90.5,1,4
Drangedal,2008-2017,2017-01-01,Kjønn samlet,Alle aldre,Føflekkreft (malignt melanom),"per 100 000, standardisert",58.5,1,4
Drangedal,2008-2017,2017-01-01,Kjønn samlet,Alle aldre,Brystkreft,"per 100 000, standardisert",,1,4
Drangedal,2008-2017,2017-01-01,Kjønn samlet,Alle aldre,"Livmorhalskreft, kvinner","per 100 000, standardisert",,1,4
Drangedal,2008-2017,2017-01-01,Kjønn samlet,Alle aldre,Prostatakreft,"per 100 000, standardisert",,1,4
Drangedal,2008-2017,2017-01-01,Menn,Alle aldre,Totalt alle krefttyper,"per 100 000, standardisert",600.5,2,4
Drangedal,2008-2017,2017-01-01,Menn,Alle aldre,Tykk- og endetarmskreft,"per 100 000, standardisert",71.3,2,4
Drangedal,2008-2017,2017-01-01,Menn,Alle aldre,Lungekreft,"per 100 000, standardisert",71.8,2,4
Drangedal,2008-2017,2017-01-01,Menn,Alle aldre,Hudkreft,"per 100 000, standardisert",79.9,2,4
Drangedal,2008-2017,2017-01-01,Menn,Alle aldre,Føflekkreft (malignt melanom),"per 100 000, standardisert",,2,4
Drangedal,2008-2017,2017-01-01,Menn,Alle aldre,Brystkreft,"per 100 000, standardisert",,2,4
Drangedal,2008-2017,2017-01-01,Menn,Alle aldre,"Livmorhalskreft, kvinner","per 100 000, standardisert",,2,4
Drangedal,2008-2017,2017-01-01,Menn,Alle aldre,Prostatakreft,"per 100 000, standardisert",171.8,2,4
Drangedal,2008-2017,2017-01-01,Kvinner,Alle aldre,Totalt alle krefttyper,"per 100 000, standardisert",628.4,3,4
Drangedal,2008-2017,2017-01-01,Kvinner,Alle aldre,Tykk- og endetarmskreft,"per 100 000, standardisert",100.1,3,4
Drangedal,2008-2017,2017-01-01,Kvinner,Alle aldre,Lungekreft,"per 100 000, standardisert",,3,4
Drangedal,2008-2017,2017-01-01,Kvinner,Alle aldre,Hudkreft,"per 100 000, standardisert",101.2,3,4
Drangedal,2008-2017,2017-01-01,Kvinner,Alle aldre,Føflekkreft (malignt melanom),"per 100 000, standardisert",,3,4
Drangedal,2008-2017,2017-01-01,Kvinner,Alle aldre,Brystkreft,"per 100 000, standardisert",116.0,3,4
Drangedal,2008-2017,2017-01-01,Kvinner,Alle aldre,"Livmorhalskreft, kvinner","per 100 000, standardisert",,3,4
Drangedal,2008-2017,2017-01-01,Kvinner,Alle aldre,Prostatakreft,"per 100 000, standardisert",,3,4
Drangedal,2009-2018,2018-01-01,Kjønn samlet,Alle aldre,Totalt alle krefttyper,"per 100 000, standardisert",623.9,1,4
Drangedal,2009-2018,2018-01-01,Kjønn samlet,Alle aldre,Tykk- og endetarmskreft,"per 100 000, standardisert",89.7,1,4
Drangedal,2009-2018,2018-01-01,Kjønn samlet,Alle aldre,Lungekreft,"per 100 000, standardisert",70.2,1,4
Drangedal,2009-2018,2018-01-01,Kjønn samlet,Alle aldre,Hudkreft,"per 100 000, standardisert",92.5,1,4
Drangedal,2009-2018,2018-01-01,Kjønn samlet,Alle aldre,Føflekkreft (malignt melanom),"per 100 000, standardisert",60.4,1,4
Drangedal,2009-2018,2018-01-01,Kjønn samlet,Alle aldre,Brystkreft,"per 100 000, standardisert",,1,4
Drangedal,2009-2018,2018-01-01,Kjønn samlet,Alle aldre,"Livmorhalskreft, kvinner","per 100 000, standardisert",,1,4
Drangedal,2009-2018,2018-01-01,Kjønn samlet,Alle aldre,Prostatakreft,"per 100 000, standardisert",,1,4
Drangedal,2009-2018,2018-01-01,Menn,Alle aldre,Totalt alle krefttyper,"per 100 000, standardisert",610.4,2,4
Drangedal,2009-2018,2018-01-01,Menn,Alle aldre,Tykk- og endetarmskreft,"per 100 000, standardisert",70.6,2,4
Drangedal,2009-2018,2018-01-01,Menn,Alle aldre,Lungekreft,"per 100 000, standardisert",75.0,2,4
Drangedal,2009-2018,2018-01-01,Menn,Alle aldre,Hudkreft,"per 100 000, standardisert",79.3,2,4
Drangedal,2009-2018,2018-01-01,Menn,Alle aldre,Føflekkreft (malignt melanom),"per 100 000, standardisert",,2,4
Drangedal,2009-2018,2018-01-01,Menn,Alle aldre,Brystkreft,"per 100 000, standardisert",,2,4
Drangedal,2009-2018,2018-01-01,Menn,Alle aldre,"Livmorhalskreft, kvinner","per 100 000, standardisert",,2,4
Drangedal,2009-2018,2018-01-01,Menn,Alle aldre,Prostatakreft,"per 100 000, standardisert",156.4,2,4
Drangedal,2009-2018,2018-01-01,Kvinner,Alle aldre,Totalt alle krefttyper,"per 100 000, standardisert",638.3,3,4
Drangedal,2009-2018,2018-01-01,Kvinner,Alle aldre,Tykk- og endetarmskreft,"per 100 000, standardisert",109.0,3,4
Drangedal,2009-2018,2018-01-01,Kvinner,Alle aldre,Lungekreft,"per 100 000, standardisert",,3,4
Drangedal,2009-2018,2018-01-01,Kvinner,Alle aldre,Hudkreft,"per 100 000, standardisert",106.2,3,4
Drangedal,2009-2018,2018-01-01,Kvinner,Alle aldre,Føflekkreft (malignt melanom),"per 100 000, standardisert",,3,4
Drangedal,2009-2018,2018-01-01,Kvinner,Alle aldre,Brystkreft,"per 100 000, standardisert",115.8,3,4
Drangedal,2009-2018,2018-01-01,Kvinner,Alle aldre,"Livmorhalskreft, kvinner","per 100 000, standardisert",,3,4
Drangedal,2009-2018,2018-01-01,Kvinner,Alle aldre,Prostatakreft,"per 100 000, standardisert",,3,4
Drangedal,2010-2019,2019-01-01,Kjønn samlet,Alle aldre,Totalt alle krefttyper,"per 100 000, standardisert",629.2,1,4
Drangedal,2010-2019,2019-01-01,Kjønn samlet,Alle aldre,Tykk- og endetarmskreft,"per 100 000, standardisert",85.3,1,4
Drangedal,2010-2019,2019-01-01,Kjønn samlet,Alle aldre,Lungekreft,"per 100 000, standardisert",80.1,1,4
Drangedal,2010-2019,2019-01-01,Kjønn samlet,Alle aldre,Hudkreft,"per 100 000, standardisert",98.6,1,4
Drangedal,2010-2019,2019-01-01,Kjønn samlet,Alle aldre,Føflekkreft (malignt melanom),"per 100 000, standardisert",66.5,1,4
Drangedal,2010-2019,2019-01-01,Kjønn samlet,Alle aldre,Brystkreft,"per 100 000, standardisert",,1,4
Drangedal,2010-2019,2019-01-01,Kjønn samlet,Alle aldre,"Livmorhalskreft, kvinner","per 100 000, standardisert",,1,4
Drangedal,2010-2019,2019-01-01,Kjønn samlet,Alle aldre,Prostatakreft,"per 100 000, standardisert",,1,4
Drangedal,2010-2019,2019-01-01,Menn,Alle aldre,Totalt alle krefttyper,"per 100 000, standardisert",595.5,2,4
Drangedal,2010-2019,2019-01-01,Menn,Alle aldre,Tykk- og endetarmskreft,"per 100 000, standardisert",57.6,2,4
Drangedal,2010-2019,2019-01-01,Menn,Alle aldre,Lungekreft,"per 100 000, standardisert",82.3,2,4
Drangedal,2010-2019,2019-01-01,Menn,Alle aldre,Hudkreft,"per 100 000, standardisert",86.7,2,4
Drangedal,2010-2019,2019-01-01,Menn,Alle aldre,Føflekkreft (malignt melanom),"per 100 000, standardisert",,2,4
Drangedal,2010-2019,2019-01-01,Menn,Alle aldre,Brystkreft,"per 100 000, standardisert",,2,4
Drangedal,2010-2019,2019-01-01,Menn,Alle aldre,"Livmorhalskreft, kvinner","per 100 000, standardisert",,2,4
Drangedal,2010-2019,2019-01-01,Menn,Alle aldre,Prostatakreft,"per 100 000, standardisert",149.8,2,4
Drangedal,2010-2019,2019-01-01,Kvinner,Alle aldre,Totalt alle krefttyper,"per 100 000, standardisert",665.4,3,4
Drangedal,2010-2019,2019-01-01,Kvinner,Alle aldre,Tykk- og endetarmskreft,"per 100 000, standardisert",113.7,3,4
Drangedal,2010-2019,2019-01-01,Kvinner,Alle aldre,Lungekreft,"per 100 000, standardisert",,3,4
Drangedal,2010-2019,2019-01-01,Kvinner,Alle aldre,Hudkreft,"per 100 000, standardisert",111.3,3,4
Drangedal,2010-2019,2019-01-01,Kvinner,Alle aldre,Føflekkreft (malignt melanom),"per 100 000, standardisert",,3,4
Drangedal,2010-2019,2019-01-01,Kvinner,Alle aldre,Brystkreft,"per 100 000, standardisert",115.6,3,4
Drangedal,2010-2019,2019-01-01,Kvinner,Alle aldre,"Livmorhalskreft, kvinner","per 100 000, standardisert",,3,4
Drangedal,2010-2019,2019-01-01,Kvinner,Alle aldre,Prostatakreft,"per 100 000, standardisert",,3,4
Drangedal,2011-2020,2020-01-01,Kjønn samlet,Alle aldre,Totalt alle krefttyper,"per 100 000, standardisert",631.9,1,4
Drangedal,2011-2020,2020-01-01,Kjønn samlet,Alle aldre,Tykk- og endetarmskreft,"per 100 000, standardisert",76.7,1,4
Drangedal,2011-2020,2020-01-01,Kjønn samlet,Alle aldre,Lungekreft,"per 100 000, standardisert",85.6,1,4
Drangedal,2011-2020,2020-01-01,Kjønn samlet,Alle aldre,Hudkreft,"per 100 000, standardisert",112.7,1,4
Drangedal,2011-2020,2020-01-01,Kjønn samlet,Alle aldre,Føflekkreft (malignt melanom),"per 100 000, standardisert",76.9,1,4
Drangedal,2011-2020,2020-01-01,Kjønn samlet,Alle aldre,Brystkreft,"per 100 000, standardisert",,1,4
Drangedal,2011-2020,2020-01-01,Kjønn samlet,Alle aldre,"Livmorhalskreft, kvinner","per 100 000, standardisert",,1,4
Drangedal,2011-2020,2020-01-01,Kjønn samlet,Alle aldre,Prostatakreft,"per 100 000, standardisert",,1,4
Drangedal,2011-2020,2020-01-01,Menn,Alle aldre,Totalt alle krefttyper,"per 100 000, standardisert",609.3,2,4
Drangedal,2011-2020,2020-01-01,Menn,Alle aldre,Tykk- og endetarmskreft,"per 100 000, standardisert",44.8,2,4
Drangedal,2011-2020,2020-01-01,Menn,Alle aldre,Lungekreft,"per 100 000, standardisert",93.3,2,4
Drangedal,2011-2020,2020-01-01,Menn,Alle aldre,Hudkreft,"per 100 000, standardisert",97.8,2,4
Drangedal,2011-2020,2020-01-01,Menn,Alle aldre,Føflekkreft (malignt melanom),"per 100 000, standardisert",,2,4
Drangedal,2011-2020,2020-01-01,Menn,Alle aldre,Brystkreft,"per 100 000, standardisert",,2,4
Drangedal,2011-2020,2020-01-01,Menn,Alle aldre,"Livmorhalskreft, kvinner","per 100 000, standardisert",,2,4
Drangedal,2011-2020,2020-01-01,Menn,Alle aldre,Prostatakreft,"per 100 000, standardisert",147.5,2,4
Drangedal,2011-2020,2020-01-01,Kvinner,Alle aldre,Totalt alle krefttyper,"per 100 000, standardisert",657.2,3,4
Drangedal,2011-2020,2020-01-01,Kvinner,Alle aldre,Tykk- og endetarmskreft,"per 100 000, standardisert",109.8,3,4
Drangedal,2011-2020,2020-01-01,Kvinner,Alle aldre,Lungekreft,"per 100 000, standardisert",,3,4
Drangedal,2011-2020,2020-01-01,Kvinner,Alle aldre,Hudkreft,"per 100 000, standardisert",128.8,3,4
Drangedal,2011-2020,2020-01-01,Kvinner,Alle aldre,Føflekkreft (malignt melanom),"per 100 000, standardisert",,3,4
Drangedal,2011-2020,2020-01-01,Kvinner,Alle aldre,Brystkreft,"per 100 000, standardisert",106.6,3,4
Drangedal,2011-2020,2020-01-01,Kvinner,Alle aldre,"Livmorhalskreft, kvinner","per 100 000, standardisert",,3,4
Drangedal,2011-2020,2020-01-01,Kvinner,Alle aldre,Prostatakreft,"per 100 000, standardisert",,3,4
Drangedal,2012-2021,2021-01-01,Kjønn samlet,Alle aldre,Totalt alle krefttyper,"per 100 000, standardisert",640.2,1,4
Drangedal,2012-2021,2021-01-01,Kjønn samlet,Alle aldre,Tykk- og endetarmskreft,"per 100 000, standardisert",86.5,1,4
Drangedal,2012-2021,2021-01-01,Kjønn samlet,Alle aldre,Lungekreft,"per 100 000, standardisert",99.0,1,4
Drangedal,2012-2021,2021-01-01,Kjønn samlet,Alle aldre,Hudkreft,"per 100 000, standardisert",114.6,1,4
Drangedal,2012-2021,2021-01-01,Kjønn samlet,Alle aldre,Føflekkreft (malignt melanom),"per 100 000, standardisert",76.4,1,4
Drangedal,2012-2021,2021-01-01,Kjønn samlet,Alle aldre,Brystkreft,"per 100 000, standardisert",,1,4
Drangedal,2012-2021,2021-01-01,Kjønn samlet,Alle aldre,"Livmorhalskreft, kvinner","per 100 000, standardisert",,1,4
Drangedal,2012-2021,2021-01-01,Kjønn samlet,Alle aldre,Prostatakreft,"per 100 000, standardisert",,1,4
Drangedal,2012-2021,2021-01-01,Menn,Alle aldre,Totalt alle krefttyper,"per 100 000, standardisert",630.3,2,4
Drangedal,2012-2021,2021-01-01,Menn,Alle aldre,Tykk- og endetarmskreft,"per 100 000, standardisert",52.3,2,4
Drangedal,2012-2021,2021-01-01,Menn,Alle aldre,Lungekreft,"per 100 000, standardisert",115.9,2,4
Drangedal,2012-2021,2021-01-01,Menn,Alle aldre,Hudkreft,"per 100 000, standardisert",97.2,2,4
Drangedal,2012-2021,2021-01-01,Menn,Alle aldre,Føflekkreft (malignt melanom),"per 100 000, standardisert",,2,4
Drangedal,2012-2021,2021-01-01,Menn,Alle aldre,Brystkreft,"per 100 000, standardisert",,2,4
Drangedal,2012-2021,2021-01-01,Menn,Alle aldre,"Livmorhalskreft, kvinner","per 100 000, standardisert",,2,4
Drangedal,2012-2021,2021-01-01,Menn,Alle aldre,Prostatakreft,"per 100 000, standardisert",145.1,2,4
Drangedal,2012-2021,2021-01-01,Kvinner,Alle aldre,Totalt alle krefttyper,"per 100 000, standardisert",652.5,3,4
Drangedal,2012-2021,2021-01-01,Kvinner,Alle aldre,Tykk- og endetarmskreft,"per 100 000, standardisert",122.6,3,4
Drangedal,2012-2021,2021-01-01,Kvinner,Alle aldre,Lungekreft,"per 100 000, standardisert",,3,4
Drangedal,2012-2021,2021-01-01,Kvinner,Alle aldre,Hudkreft,"per 100 000, standardisert",133.8,3,4
Drangedal,2012-2021,2021-01-01,Kvinner,Alle aldre,Føflekkreft (malignt melanom),"per 100 000, standardisert",,3,4
Drangedal,2012-2021,2021-01-01,Kvinner,Alle aldre,Brystkreft,"per 100 000, standardisert",106.3,3,4
Drangedal,2012-2021,2021-01-01,Kvinner,Alle aldre,"Livmorhalskreft, kvinner","per 100 000, standardisert",,3,4
Drangedal,2012-2021,2021-01-01,Kvinner,Alle aldre,Prostatakreft,"per 100 000, standardisert",,3,4
Drangedal,2013-2022,2022-01-01,Kjønn samlet,Alle aldre,Totalt alle krefttyper,"per 100 000, standardisert",644.2,1,4
Drangedal,2013-2022,2022-01-01,Kjønn samlet,Alle aldre,Tykk- og endetarmskreft,"per 100 000, standardisert",86.0,1,4
Drangedal,2013-2022,2022-01-01,Kjønn samlet,Alle aldre,Lungekreft,"per 100 000, standardisert",104.0,1,4
Drangedal,2013-2022,2022-01-01,Kjønn samlet,Alle aldre,Hudkreft,"per 100 000, standardisert",110.5,1,4
Drangedal,2013-2022,2022-01-01,Kjønn samlet,Alle aldre,Føflekkreft (malignt melanom),"per 100 000, standardisert",67.6,1,4
Drangedal,2013-2022,2022-01-01,Kjønn samlet,Alle aldre,Brystkreft,"per 100 000, standardisert",,1,4
Drangedal,2013-2022,2022-01-01,Kjønn samlet,Alle aldre,"Livmorhalskreft, kvinner","per 100 000, standardisert",,1,4
Drangedal,2013-2022,2022-01-01,Kjønn samlet,Alle aldre,Prostatakreft,"per 100 000, standardisert",,1,4
Drangedal,2013-2022,2022-01-01,Menn,Alle aldre,Totalt alle krefttyper,"per 100 000, standardisert",639.4,2,4
Drangedal,2013-2022,2022-01-01,Menn,Alle aldre,Tykk- og endetarmskreft,"per 100 000, standardisert",55.7,2,4
Drangedal,2013-2022,2022-01-01,Menn,Alle aldre,Lungekreft,"per 100 000, standardisert",118.2,2,4
Drangedal,2013-2022,2022-01-01,Menn,Alle aldre,Hudkreft,"per 100 000, standardisert",96.6,2,4
Drangedal,2013-2022,2022-01-01,Menn,Alle aldre,Føflekkreft (malignt melanom),"per 100 000, standardisert",,2,4
Drangedal,2013-2022,2022-01-01,Menn,Alle aldre,Brystkreft,"per 100 000, standardisert",,2,4
Drangedal,2013-2022,2022-01-01,Menn,Alle aldre,"Livmorhalskreft, kvinner","per 100 000, standardisert",,2,4
Drangedal,2013-2022,2022-01-01,Menn,Alle aldre,Prostatakreft,"per 100 000, standardisert",154.9,2,4
Drangedal,2013-2022,2022-01-01,Kvinner,Alle aldre,Totalt alle krefttyper,"per 100 000, standardisert",651.5,3,4
Drangedal,2013-2022,2022-01-01,Kvinner,Alle aldre,Tykk- og endetarmskreft,"per 100 000, standardisert",118.3,3,4
Drangedal,2013-2022,2022-01-01,Kvinner,Alle aldre,Lungekreft,"per 100 000, standardisert",,3,4
Drangedal,2013-2022,2022-01-01,Kvinner,Alle aldre,Hudkreft,"per 100 000, standardisert",126.0,3,4
Drangedal,2013-2022,2022-01-01,Kvinner,Alle aldre,Føflekkreft (malignt melanom),"per 100 000, standardisert",,3,4
Drangedal,2013-2022,2022-01-01,Kvinner,Alle aldre,Brystkreft,"per 100 000, standardisert",101.6,3,4
Drangedal,2013-2022,2022-01-01,Kvinner,Alle aldre,"Livmorhalskreft, kvinner","per 100 000, standardisert",,3,4
Drangedal,2013-2022,2022-01-01,Kvinner,Alle aldre,Prostatakreft,"per 100 000, standardisert",,3,4
Drangedal,2014-2023,2023-01-01,Kjønn samlet,Alle aldre,Totalt alle krefttyper,"per 100 000, standardisert",660.3,1,4
Drangedal,2014-2023,2023-01-01,Kjønn samlet,Alle aldre,Tykk- og endetarmskreft,"per 100 000, standardisert",91.6,1,4
Drangedal,2014-2023,2023-01-01,Kjønn samlet,Alle aldre,Lungekreft,"per 100 000, standardisert",98.8,1,4
Drangedal,2014-2023,2023-01-01,Kjønn samlet,Alle aldre,Hudkreft,"per 100 000, standardisert",118.4,1,4
Drangedal,2014-2023,2023-01-01,Kjønn samlet,Alle aldre,Føflekkreft (malignt melanom),"per 100 000, standardisert",65.1,1,4
Drangedal,2014-2023,2023-01-01,Kjønn samlet,Alle aldre,Brystkreft,"per 100 000, standardisert",,1,4
Drangedal,2014-2023,2023-01-01,Kjønn samlet,Alle aldre,"Livmorhalskreft, kvinner","per 100 000, standardisert",,1,4
Drangedal,2014-2023,2023-01-01,Kjønn samlet,Alle aldre,Prostatakreft,"per 100 000, standardisert",,1,4
Drangedal,2014-2023,2023-01-01,Menn,Alle aldre,Totalt alle krefttyper,"per 100 000, standardisert",644.2,2,4
Drangedal,2014-2023,2023-01-01,Menn,Alle aldre,Tykk- og endetarmskreft,"per 100 000, standardisert",55.1,2,4
Drangedal,2014-2023,2023-01-01,Menn,Alle aldre,Lungekreft,"per 100 000, standardisert",112.7,2,4
Drangedal,2014-2023,2023-01-01,Menn,Alle aldre,Hudkreft,"per 100 000, standardisert",103.7,2,4
Drangedal,2014-2023,2023-01-01,Menn,Alle aldre,Føflekkreft (malignt melanom),"per 100 000, standardisert",,2,4
Drangedal,2014-2023,2023-01-01,Menn,Alle aldre,Brystkreft,"per 100 000, standardisert",,2,4
Drangedal,2014-2023,2023-01-01,Menn,Alle aldre,"Livmorhalskreft, kvinner","per 100 000, standardisert",,2,4
Drangedal,2014-2023,2023-01-01,Menn,Alle aldre,Prostatakreft,"per 100 000, standardisert",156.6,2,4
Drangedal,2014-2023,2023-01-01,Kvinner,Alle aldre,Totalt alle krefttyper,"per 100 000, standardisert",680.3,3,4
Drangedal,2014-2023,2023-01-01,Kvinner,Alle aldre,Tykk- og endetarmskreft,"per 100 000, standardisert",130.7,3,4
Drangedal,2014-2023,2023-01-01,Kvinner,Alle aldre,Lungekreft,"per 100 000, standardisert",,3,4
Drangedal,2014-2023,2023-01-01,Kvinner,Alle aldre,Hudkreft,"per 100 000, standardisert",135.0,3,4
Drangedal,2014-2023,2023-01-01,Kvinner,Alle aldre,Føflekkreft (malignt melanom),"per 100 000, standardisert",,3,4
Drangedal,2014-2023,2023-01-01,Kvinner,Alle aldre,Brystkreft,"per 100 000, standardisert",114.5,3,4
Drangedal,2014-2023,2023-01-01,Kvinner,Alle aldre,"Livmorhalskreft, kvinner","per 100 000, standardisert",,3,4
Drangedal,2014-2023,2023-01-01,Kvinner,Alle aldre,Prostatakreft,"per 100 000, standardisert",,3,4
Drangedal,2015-2024,2024-01-01,Kjønn samlet,Alle aldre,Totalt alle krefttyper,"per 100 000, standardisert",679.2,1,4
Drangedal,2015-2024,2024-01-01,Kjønn samlet,Alle aldre,Tykk- og endetarmskreft,"per 100 000, standardisert",88.8,1,4
Drangedal,2015-2024,2024-01-01,Kjønn samlet,Alle aldre,Lungekreft,"per 100 000, standardisert",95.5,1,4
Drangedal,2015-2024,2024-01-01,Kjønn samlet,Alle aldre,Hudkreft,"per 100 000, standardisert",123.9,1,4
Drangedal,2015-2024,2024-01-01,Kjønn samlet,Alle aldre,Føflekkreft (malignt melanom),"per 100 000, standardisert",66.7,1,4
Drangedal,2015-2024,2024-01-01,Kjønn samlet,Alle aldre,Brystkreft,"per 100 000, standardisert",,1,4
Drangedal,2015-2024,2024-01-01,Kjønn samlet,Alle aldre,"Livmorhalskreft, kvinner","per 100 000, standardisert",,1,4
Drangedal,2015-2024,2024-01-01,Kjønn samlet,Alle aldre,Prostatakreft,"per 100 000, standardisert",,1,4
Drangedal,2015-2024,2024-01-01,Menn,Alle aldre,Totalt alle krefttyper,"per 100 000, standardisert",663.6,2,4
Drangedal,2015-2024,2024-01-01,Menn,Alle aldre,Tykk- og endetarmskreft,"per 100 000, standardisert",62.2,2,4
Drangedal,2015-2024,2024-01-01,Menn,Alle aldre,Lungekreft,"per 100 000, standardisert",114.7,2,4
Drangedal,2015-2024,2024-01-01,Menn,Alle aldre,Hudkreft,"per 100 000, standardisert",110.4,2,4
Drangedal,2015-2024,2024-01-01,Menn,Alle aldre,Føflekkreft (malignt melanom),"per 100 000, standardisert",,2,4
Drangedal,2015-2024,2024-01-01,Menn,Alle aldre,Brystkreft,"per 100 000, standardisert",,2,4
Drangedal,2015-2024,2024-01-01,Menn,Alle aldre,"Livmorhalskreft, kvinner","per 100 000, standardisert",,2,4
Drangedal,2015-2024,2024-01-01,Menn,Alle aldre,Prostatakreft,"per 100 000, standardisert",158.1,2,4
Drangedal,2015-2024,2024-01-01,Kvinner,Alle aldre,Totalt alle krefttyper,"per 100 000, standardisert",699.3,3,4
Drangedal,2015-2024,2024-01-01,Kvinner,Alle aldre,Tykk- og endetarmskreft,"per 100 000, standardisert",117.7,3,4
Drangedal,2015-2024,2024-01-01,Kvinner,Alle aldre,Lungekreft,"per 100 000, standardisert",,3,4
Drangedal,2015-2024,2024-01-01,Kvinner,Alle aldre,Hudkreft,"per 100 000, standardisert",139.4,3,4
Drangedal,2015-2024,2024-01-01,Kvinner,Alle aldre,Føflekkreft (malignt melanom),"per 100 000, standardisert",,3,4
Drangedal,2015-2024,2024-01-01,Kvinner,Alle aldre,Brystkreft,"per 100 000, standardisert",153.6,3,4
Drangedal,2015-2024,2024-01-01,Kvinner,Alle aldre,"Livmorhalskreft, kvinner","per 100 000, standardisert",,3,4
Drangedal,2015-2024,2024-01-01,Kvinner,Alle aldre,Prostatakreft,"per 100 000, standardisert",,3,4
Drangedal,2016-2025,2025-01-01,Kjønn samlet,Alle aldre,Totalt alle krefttyper,"per 100 000, standardisert",691.5,1,4
Drangedal,2016-2025,2025-01-01,Kjønn samlet,Alle aldre,Tykk- og endetarmskreft,"per 100 000, standardisert",90.0,1,4
Drangedal,2016-2025,2025-01-01,Kjønn samlet,Alle aldre,Lungekreft,"per 100 000, standardisert",92.3,1,4
Drangedal,2016-2025,2025-01-01,Kjønn samlet,Alle aldre,Hudkreft,"per 100 000, standardisert",133.1,1,4
Drangedal,2016-2025,2025-01-01,Kjønn samlet,Alle aldre,Føflekkreft (malignt melanom),"per 100 000, standardisert",68.2,1,4
Drangedal,2016-2025,2025-01-01,Kjønn samlet,Alle aldre,Brystkreft,"per 100 000, standardisert",,1,4
Drangedal,2016-2025,2025-01-01,Kjønn samlet,Alle aldre,"Livmorhalskreft, kvinner","per 100 000, standardisert",,1,4
Drangedal,2016-2025,2025-01-01,Kjønn samlet,Alle aldre,Prostatakreft,"per 100 000, standardisert",,1,4
Drangedal,2016-2025,2025-01-01,Menn,Alle aldre,Totalt alle krefttyper,"per 100 000, standardisert",674.6,2,4
Drangedal,2016-2025,2025-01-01,Menn,Alle aldre,Tykk- og endetarmskreft,"per 100 000, standardisert",65.3,2,4
Drangedal,2016-2025,2025-01-01,Menn,Alle aldre,Lungekreft,"per 100 000, standardisert",112.9,2,4
Drangedal,2016-2025,2025-01-01,Menn,Alle aldre,Hudkreft,"per 100 000, standardisert",116.9,2,4
Drangedal,2016-2025,2025-01-01,Menn,Alle aldre,Føflekkreft (malignt melanom),"per 100 000, standardisert",,2,4
Drangedal,2016-2025,2025-01-01,Menn,Alle aldre,Brystkreft,"per 100 000, standardisert",,2,4
Drangedal,2016-2025,2025-01-01,Menn,Alle aldre,"Livmorhalskreft, kvinner","per 100 000, standardisert",,2,4
Drangedal,2016-2025,2025-01-01,Menn,Alle aldre,Prostatakreft,"per 100 000, standardisert",163.4,2,4
Drangedal,2016-2025,2025-01-01,Kvinner,Alle aldre,Totalt alle krefttyper,"per 100 000, standardisert",713.6,3,4
Drangedal,2016-2025,2025-01-01,Kvinner,Alle aldre,Tykk- og endetarmskreft,"per 100 000, standardisert",117.1,3,4
Drangedal,2016-2025,2025-01-01,Kvinner,Alle aldre,Lungekreft,"per 100 000, standardisert",,3,4
Drangedal,2016-2025,2025-01-01,Kvinner,Alle aldre,Hudkreft,"per 100 000, standardisert",152.0,3,4
Drangedal,2016-2025,2025-01-01,Kvinner,Alle aldre,Føflekkreft (malignt melanom),"per 100 000, standardisert",,3,4
Drangedal,2016-2025,2025-01-01,Kvinner,Alle aldre,Brystkreft,"per 100 000, standardisert",157.5,3,4
Drangedal,2016-2025,2025-01-01,Kvinner,Alle aldre,"Livmorhalskreft, kvinner","per 100 000, standardisert",,3,4
Drangedal,2016-2025,2025-01-01,Kvinner,Alle aldre,Prostatakreft,"per 100 000, standardisert",,3,4
Nome,2007-2016,2016-01-01,Kjønn samlet,Alle aldre,Totalt alle krefttyper,"per 100 000, standardisert",664.9,1,11
Nome,2007-2016,2016-01-01,Kjønn samlet,Alle aldre,Tykk- og endetarmskreft,"per 100 000, standardisert",83.7,1,11
Nome,2007-2016,2016-01-01,Kjønn samlet,Alle aldre,Lungekreft,"per 100 000, standardisert",66.4,1,11
Nome,2007-2016,2016-01-01,Kjønn samlet,Alle aldre,Hudkreft,"per 100 000, standardisert",82.4,1,11
Nome,2007-2016,2016-01-01,Kjønn samlet,Alle aldre,Føflekkreft (malignt melanom),"per 100 000, standardisert",30.5,1,11
Nome,2007-2016,2016-01-01,Kjønn samlet,Alle aldre,Brystkreft,"per 100 000, standardisert",,1,11
Nome,2007-2016,2016-01-01,Kjønn samlet,Alle aldre,"Livmorhalskreft, kvinner","per 100 000, standardisert",,1,11
Nome,2007-2016,2016-01-01,Kjønn samlet,Alle aldre,Prostatakreft,"per 100 000, standardisert",,1,11
Nome,2007-2016,2016-01-01,Menn,Alle aldre,Totalt alle krefttyper,"per 100 000, standardisert",763.9,2,11
Nome,2007-2016,2016-01-01,Menn,Alle aldre,Tykk- og endetarmskreft,"per 100 000, standardisert",99.1,2,11
Nome,2007-2016,2016-01-01,Menn,Alle aldre,Lungekreft,"per 100 000, standardisert",68.8,2,11
Nome,2007-2016,2016-01-01,Menn,Alle aldre,Hudkreft,"per 100 000, standardisert",103.2,2,11
Nome,2007-2016,2016-01-01,Menn,Alle aldre,Føflekkreft (malignt melanom),"per 100 000, standardisert",,2,11
Nome,2007-2016,2016-01-01,Menn,Alle aldre,Brystkreft,"per 100 000, standardisert",,2,11
Nome,2007-2016,2016-01-01,Menn,Alle aldre,"Livmorhalskreft, kvinner","per 100 000, standardisert",,2,11
Nome,2007-2016,2016-01-01,Menn,Alle aldre,Prostatakreft,"per 100 000, standardisert",215.4,2,11
Nome,2007-2016,2016-01-01,Kvinner,Alle aldre,Totalt alle krefttyper,"per 100 000, standardisert",569.4,3,11
Nome,2007-2016,2016-01-01,Kvinner,Alle aldre,Tykk- og endetarmskreft,"per 100 000, standardisert",69.5,3,11
Nome,2007-2016,2016-01-01,Kvinner,Alle aldre,Lungekreft,"per 100 000, standardisert",64.1,3,11
Nome,2007-2016,2016-01-01,Kvinner,Alle aldre,Hudkreft,"per 100 000, standardisert",63.1,3,11
Nome,2007-2016,2016-01-01,Kvinner,Alle aldre,Føflekkreft (malignt melanom),"per 100 000, standardisert",,3,11
Nome,2007-2016,2016-01-01,Kvinner,Alle aldre,Brystkreft,"per 100 000, standardisert",104.7,3,11
Nome,2007-2016,2016-01-01,Kvinner,Alle aldre,"Livmorhalskreft, kvinner","per 100 000, standardisert",,3,11
Nome,2007-2016,2016-01-01,Kvinner,Alle aldre,Prostatakreft,"per 100 000, standardisert",,3,11
Nome,2008-2017,2017-01-01,Kjønn samlet,Alle aldre,Totalt alle krefttyper,"per 100 000, standardisert",667.5,1,11
Nome,2008-2017,2017-01-01,Kjønn samlet,Alle aldre,Tykk- og endetarmskreft,"per 100 000, standardisert",95.2,1,11
Nome,2008-2017,2017-01-01,Kjønn samlet,Alle aldre,Lungekreft,"per 100 000, standardisert",61.6,1,11
Nome,2008-2017,2017-01-01,Kjønn samlet,Alle aldre,Hudkreft,"per 100 000, standardisert",85.9,1,11
Nome,2008-2017,2017-01-01,Kjønn samlet,Alle aldre,Føflekkreft (malignt melanom),"per 100 000, standardisert",31.7,1,11
Nome,2008-2017,2017-01-01,Kjønn samlet,Alle aldre,Brystkreft,"per 100 000, standardisert",,1,11
Nome,2008-2017,2017-01-01,Kjønn samlet,Alle aldre,"Livmorhalskreft, kvinner","per 100 000, standardisert",,1,11
Nome,2008-2017,2017-01-01,Kjønn samlet,Alle aldre,Prostatakreft,"per 100 000, standardisert",,1,11
Nome,2008-2017,2017-01-01,Menn,Alle aldre,Totalt alle krefttyper,"per 100 000, standardisert",781.6,2,11
Nome,2008-2017,2017-01-01,Menn,Alle aldre,Tykk- og endetarmskreft,"per 100 000, standardisert",111.9,2,11
Nome,2008-2017,2017-01-01,Menn,Alle aldre,Lungekreft,"per 100 000, standardisert",59.3,2,11
Nome,2008-2017,2017-01-01,Menn,Alle aldre,Hudkreft,"per 100 000, standardisert",110.7,2,11
Nome,2008-2017,2017-01-01,Menn,Alle aldre,Føflekkreft (malignt melanom),"per 100 000, standardisert",39.0,2,11
Nome,2008-2017,2017-01-01,Menn,Alle aldre,Brystkreft,"per 100 000, standardisert",,2,11
Nome,2008-2017,2017-01-01,Menn,Alle aldre,"Livmorhalskreft, kvinner","per 100 000, standardisert",,2,11
Nome,2008-2017,2017-01-01,Menn,Alle aldre,Prostatakreft,"per 100 000, standardisert",214.1,2,11
Nome,2008-2017,2017-01-01,Kvinner,Alle aldre,Totalt alle krefttyper,"per 100 000, standardisert",557.1,3,11
Nome,2008-2017,2017-01-01,Kvinner,Alle aldre,Tykk- og endetarmskreft,"per 100 000, standardisert",79.6,3,11
Nome,2008-2017,2017-01-01,Kvinner,Alle aldre,Lungekreft,"per 100 000, standardisert",63.9,3,11
Nome,2008-2017,2017-01-01,Kvinner,Alle aldre,Hudkreft,"per 100 000, standardisert",63.0,3,11
Nome,2008-2017,2017-01-01,Kvinner,Alle aldre,Føflekkreft (malignt melanom),"per 100 000, standardisert",,3,11
Nome,2008-2017,2017-01-01,Kvinner,Alle aldre,Brystkreft,"per 100 000, standardisert",109.8,3,11
Nome,2008-2017,2017-01-01,Kvinner,Alle aldre,"Livmorhalskreft, kvinner","per 100 000, standardisert",,3,11
Nome,2008-2017,2017-01-01,Kvinner,Alle aldre,Prostatakreft,"per 100 000, standardisert",,3,11
Nome,2009-2018,2018-01-01,Kjønn samlet,Alle aldre,Totalt alle krefttyper,"per 100 000, standardisert",667.1,1,11
Nome,2009-2018,2018-01-01,Kjønn samlet,Alle aldre,Tykk- og endetarmskreft,"per 100 000, standardisert",93.1,1,11
Nome,2009-2018,2018-01-01,Kjønn samlet,Alle aldre,Lungekreft,"per 100 000, standardisert",62.3,1,11
Nome,2009-2018,2018-01-01,Kjønn samlet,Alle aldre,Hudkreft,"per 100 000, standardisert",93.4,1,11
Nome,2009-2018,2018-01-01,Kjønn samlet,Alle aldre,Føflekkreft (malignt melanom),"per 100 000, standardisert",34.2,1,11
Nome,2009-2018,2018-01-01,Kjønn samlet,Alle aldre,Brystkreft,"per 100 000, standardisert",,1,11
Nome,2009-2018,2018-01-01,Kjønn samlet,Alle aldre,"Livmorhalskreft, kvinner","per 100 000, standardisert",,1,11
Nome,2009-2018,2018-01-01,Kjønn samlet,Alle aldre,Prostatakreft,"per 100 000, standardisert",,1,11
Nome,2009-2018,2018-01-01,Menn,Alle aldre,Totalt alle krefttyper,"per 100 000, standardisert",767.7,2,11
Nome,2009-2018,2018-01-01,Menn,Alle aldre,Tykk- og endetarmskreft,"per 100 000, standardisert",110.4,2,11
Nome,2009-2018,2018-01-01,Menn,Alle aldre,Lungekreft,"per 100 000, standardisert",61.0,2,11
Nome,2009-2018,2018-01-01,Menn,Alle aldre,Hudkreft,"per 100 000, standardisert",109.7,2,11
Nome,2009-2018,2018-01-01,Menn,Alle aldre,Føflekkreft (malignt melanom),"per 100 000, standardisert",38.6,2,11
Nome,2009-2018,2018-01-01,Menn,Alle aldre,Brystkreft,"per 100 000, standardisert",,2,11
Nome,2009-2018,2018-01-01,Menn,Alle aldre,"Livmorhalskreft, kvinner","per 100 000, standardisert",,2,11
Nome,2009-2018,2018-01-01,Menn,Alle aldre,Prostatakreft,"per 100 000, standardisert",212.7,2,11
Nome,2009-2018,2018-01-01,Kvinner,Alle aldre,Totalt alle krefttyper,"per 100 000, standardisert",568.7,3,11
Nome,2009-2018,2018-01-01,Kvinner,Alle aldre,Tykk- og endetarmskreft,"per 100 000, standardisert",76.9,3,11
Nome,2009-2018,2018-01-01,Kvinner,Alle aldre,Lungekreft,"per 100 000, standardisert",63.5,3,11
Nome,2009-2018,2018-01-01,Kvinner,Alle aldre,Hudkreft,"per 100 000, standardisert",77.9,3,11
Nome,2009-2018,2018-01-01,Kvinner,Alle aldre,Føflekkreft (malignt melanom),"per 100 000, standardisert",,3,11
Nome,2009-2018,2018-01-01,Kvinner,Alle aldre,Brystkreft,"per 100 000, standardisert",112.3,3,11
Nome,2009-2018,2018-01-01,Kvinner,Alle aldre,"Livmorhalskreft, kvinner","per 100 000, standardisert",,3,11
Nome,2009-2018,2018-01-01,Kvinner,Alle aldre,Prostatakreft,"per 100 000, standardisert",,3,11
Nome,2010-2019,2019-01-01,Kjønn samlet,Alle aldre,Totalt alle krefttyper,"per 100 000, standardisert",671.3,1,11
Nome,2010-2019,2019-01-01,Kjønn samlet,Alle aldre,Tykk- og endetarmskreft,"per 100 000, standardisert",97.6,1,11
Nome,2010-2019,2019-01-01,Kjønn samlet,Alle aldre,Lungekreft,"per 100 000, standardisert",70.8,1,11
Nome,2010-2019,2019-01-01,Kjønn samlet,Alle aldre,Hudkreft,"per 100 000, standardisert",94.0,1,11
Nome,2010-2019,2019-01-01,Kjønn samlet,Alle aldre,Føflekkreft (malignt melanom),"per 100 000, standardisert",31.2,1,11
Nome,2010-2019,2019-01-01,Kjønn samlet,Alle aldre,Brystkreft,"per 100 000, standardisert",,1,11
Nome,2010-2019,2019-01-01,Kjønn samlet,Alle aldre,"Livmorhalskreft, kvinner","per 100 000, standardisert",,1,11
Nome,2010-2019,2019-01-01,Kjønn samlet,Alle aldre,Prostatakreft,"per 100 000, standardisert",,1,11
Nome,2010-2019,2019-01-01,Menn,Alle aldre,Totalt alle krefttyper,"per 100 000, standardisert",747.2,2,11
Nome,2010-2019,2019-01-01,Menn,Alle aldre,Tykk- og endetarmskreft,"per 100 000, standardisert",111.4,2,11
Nome,2010-2019,2019-01-01,Menn,Alle aldre,Lungekreft,"per 100 000, standardisert",67.9,2,11
Nome,2010-2019,2019-01-01,Menn,Alle aldre,Hudkreft,"per 100 000, standardisert",105.7,2,11
Nome,2010-2019,2019-01-01,Menn,Alle aldre,Føflekkreft (malignt melanom),"per 100 000, standardisert",35.4,2,11
Nome,2010-2019,2019-01-01,Menn,Alle aldre,Brystkreft,"per 100 000, standardisert",,2,11
Nome,2010-2019,2019-01-01,Menn,Alle aldre,"Livmorhalskreft, kvinner","per 100 000, standardisert",,2,11
Nome,2010-2019,2019-01-01,Menn,Alle aldre,Prostatakreft,"per 100 000, standardisert",197.8,2,11
Nome,2010-2019,2019-01-01,Kvinner,Alle aldre,Totalt alle krefttyper,"per 100 000, standardisert",596.1,3,11
Nome,2010-2019,2019-01-01,Kvinner,Alle aldre,Tykk- og endetarmskreft,"per 100 000, standardisert",84.4,3,11
Nome,2010-2019,2019-01-01,Kvinner,Alle aldre,Lungekreft,"per 100 000, standardisert",73.6,3,11
Nome,2010-2019,2019-01-01,Kvinner,Alle aldre,Hudkreft,"per 100 000, standardisert",82.8,3,11
Nome,2010-2019,2019-01-01,Kvinner,Alle aldre,Føflekkreft (malignt melanom),"per 100 000, standardisert",,3,11
Nome,2010-2019,2019-01-01,Kvinner,Alle aldre,Brystkreft,"per 100 000, standardisert",128.4,3,11
Nome,2010-2019,2019-01-01,Kvinner,Alle aldre,"Livmorhalskreft, kvinner","per 100 000, standardisert",,3,11
Nome,2010-2019,2019-01-01,Kvinner,Alle aldre,Prostatakreft,"per 100 000, standardisert",,3,11
Nome,2011-2020,2020-01-01,Kjønn samlet,Alle aldre,Totalt alle krefttyper,"per 100 000, standardisert",696.2,1,11
Nome,2011-2020,2020-01-01,Kjønn samlet,Alle aldre,Tykk- og endetarmskreft,"per 100 000, standardisert",101.8,1,11
Nome,2011-2020,2020-01-01,Kjønn samlet,Alle aldre,Lungekreft,"per 100 000, standardisert",76.4,1,11
Nome,2011-2020,2020-01-01,Kjønn samlet,Alle aldre,Hudkreft,"per 100 000, standardisert",104.9,1,11
Nome,2011-2020,2020-01-01,Kjønn samlet,Alle aldre,Føflekkreft (malignt melanom),"per 100 000, standardisert",33.7,1,11
Nome,2011-2020,2020-01-01,Kjønn samlet,Alle aldre,Brystkreft,"per 100 000, standardisert",,1,11
Nome,2011-2020,2020-01-01,Kjønn samlet,Alle aldre,"Livmorhalskreft, kvinner","per 100 000, standardisert",,1,11
Nome,2011-2020,2020-01-01,Kjønn samlet,Alle aldre,Prostatakreft,"per 100 000, standardisert",,1,11
Nome,2011-2020,2020-01-01,Menn,Alle aldre,Totalt alle krefttyper,"per 100 000, standardisert",782.5,2,11
Nome,2011-2020,2020-01-01,Menn,Alle aldre,Tykk- og endetarmskreft,"per 100 000, standardisert",112.2,2,11
Nome,2011-2020,2020-01-01,Menn,Alle aldre,Lungekreft,"per 100 000, standardisert",79.8,2,11
Nome,2011-2020,2020-01-01,Menn,Alle aldre,Hudkreft,"per 100 000, standardisert",112.2,2,11
Nome,2011-2020,2020-01-01,Menn,Alle aldre,Føflekkreft (malignt melanom),"per 100 000, standardisert",37.6,2,11
Nome,2011-2020,2020-01-01,Menn,Alle aldre,Brystkreft,"per 100 000, standardisert",,2,11
Nome,2011-2020,2020-01-01,Menn,Alle aldre,"Livmorhalskreft, kvinner","per 100 000, standardisert",,2,11
Nome,2011-2020,2020-01-01,Menn,Alle aldre,Prostatakreft,"per 100 000, standardisert",209.4,2,11
Nome,2011-2020,2020-01-01,Kvinner,Alle aldre,Totalt alle krefttyper,"per 100 000, standardisert",610.1,3,11
Nome,2011-2020,2020-01-01,Kvinner,Alle aldre,Tykk- og endetarmskreft,"per 100 000, standardisert",91.8,3,11
Nome,2011-2020,2020-01-01,Kvinner,Alle aldre,Lungekreft,"per 100 000, standardisert",73.1,3,11
Nome,2011-2020,2020-01-01,Kvinner,Alle aldre,Hudkreft,"per 100 000, standardisert",97.7,3,11
Nome,2011-2020,2020-01-01,Kvinner,Alle aldre,Føflekkreft (malignt melanom),"per 100 000, standardisert",,3,11
Nome,2011-2020,2020-01-01,Kvinner,Alle aldre,Brystkreft,"per 100 000, standardisert",122.7,3,11
Nome,2011-2020,2020-01-01,Kvinner,Alle aldre,"Livmorhalskreft, kvinner","per 100 000, standardisert",,3,11
Nome,2011-2020,2020-01-01,Kvinner,Alle aldre,Prostatakreft,"per 100 000, standardisert",,3,11
Nome,2012-2021,2021-01-01,Kjønn samlet,Alle aldre,Totalt alle krefttyper,"per 100 000, standardisert",691.2,1,11
Nome,2012-2021,2021-01-01,Kjønn samlet,Alle aldre,Tykk- og endetarmskreft,"per 100 000, standardisert",93.0,1,11
Nome,2012-2021,2021-01-01,Kjønn samlet,Alle aldre,Lungekreft,"per 100 000, standardisert",76.6,1,11
Nome,2012-2021,2021-01-01,Kjønn samlet,Alle aldre,Hudkreft,"per 100 000, standardisert",113.0,1,11
Nome,2012-2021,2021-01-01,Kjønn samlet,Alle aldre,Føflekkreft (malignt melanom),"per 100 000, standardisert",36.0,1,11
Nome,2012-2021,2021-01-01,Kjønn samlet,Alle aldre,Brystkreft,"per 100 000, standardisert",,1,11
Nome,2012-2021,2021-01-01,Kjønn samlet,Alle aldre,"Livmorhalskreft, kvinner","per 100 000, standardisert",,1,11
Nome,2012-2021,2021-01-01,Kjønn samlet,Alle aldre,Prostatakreft,"per 100 000, standardisert",,1,11
Nome,2012-2021,2021-01-01,Menn,Alle aldre,Totalt alle krefttyper,"per 100 000, standardisert",760.7,2,11
Nome,2012-2021,2021-01-01,Menn,Alle aldre,Tykk- og endetarmskreft,"per 100 000, standardisert",102.4,2,11
Nome,2012-2021,2021-01-01,Menn,Alle aldre,Lungekreft,"per 100 000, standardisert",72.9,2,11
Nome,2012-2021,2021-01-01,Menn,Alle aldre,Hudkreft,"per 100 000, standardisert",113.1,2,11
Nome,2012-2021,2021-01-01,Menn,Alle aldre,Føflekkreft (malignt melanom),"per 100 000, standardisert",39.7,2,11
Nome,2012-2021,2021-01-01,Menn,Alle aldre,Brystkreft,"per 100 000, standardisert",,2,11
Nome,2012-2021,2021-01-01,Menn,Alle aldre,"Livmorhalskreft, kvinner","per 100 000, standardisert",,2,11
Nome,2012-2021,2021-01-01,Menn,Alle aldre,Prostatakreft,"per 100 000, standardisert",205.1,2,11
Nome,2012-2021,2021-01-01,Kvinner,Alle aldre,Totalt alle krefttyper,"per 100 000, standardisert",621.1,3,11
Nome,2012-2021,2021-01-01,Kvinner,Alle aldre,Tykk- og endetarmskreft,"per 100 000, standardisert",83.9,3,11
Nome,2012-2021,2021-01-01,Kvinner,Alle aldre,Lungekreft,"per 100 000, standardisert",80.3,3,11
Nome,2012-2021,2021-01-01,Kvinner,Alle aldre,Hudkreft,"per 100 000, standardisert",112.6,3,11
Nome,2012-2021,2021-01-01,Kvinner,Alle aldre,Føflekkreft (malignt melanom),"per 100 000, standardisert",,3,11
Nome,2012-2021,2021-01-01,Kvinner,Alle aldre,Brystkreft,"per 100 000, standardisert",127.9,3,11
Nome,2012-2021,2021-01-01,Kvinner,Alle aldre,"Livmorhalskreft, kvinner","per 100 000, standardisert",,3,11
Nome,2012-2021,2021-01-01,Kvinner,Alle aldre,Prostatakreft,"per 100 000, standardisert",,3,11
Nome,2013-2022,2022-01-01,Kjønn samlet,Alle aldre,Totalt alle krefttyper,"per 100 000, standardisert",684.8,1,11
Nome,2013-2022,2022-01-01,Kjønn samlet,Alle aldre,Tykk- og endetarmskreft,"per 100 000, standardisert",94.6,1,11
Nome,2013-2022,2022-01-01,Kjønn samlet,Alle aldre,Lungekreft,"per 100 000, standardisert",81.8,1,11
Nome,2013-2022,2022-01-01,Kjønn samlet,Alle aldre,Hudkreft,"per 100 000, standardisert",122.1,1,11
Nome,2013-2022,2022-01-01,Kjønn samlet,Alle aldre,Føflekkreft (malignt melanom),"per 100 000, standardisert",41.0,1,11
Nome,2013-2022,2022-01-01,Kjønn samlet,Alle aldre,Brystkreft,"per 100 000, standardisert",,1,11
Nome,2013-2022,2022-01-01,Kjønn samlet,Alle aldre,"Livmorhalskreft, kvinner","per 100 000, standardisert",,1,11
Nome,2013-2022,2022-01-01,Kjønn samlet,Alle aldre,Prostatakreft,"per 100 000, standardisert",,1,11
Nome,2013-2022,2022-01-01,Menn,Alle aldre,Totalt alle krefttyper,"per 100 000, standardisert",734.1,2,11
Nome,2013-2022,2022-01-01,Menn,Alle aldre,Tykk- og endetarmskreft,"per 100 000, standardisert",97.9,2,11
Nome,2013-2022,2022-01-01,Menn,Alle aldre,Lungekreft,"per 100 000, standardisert",84.0,2,11
Nome,2013-2022,2022-01-01,Menn,Alle aldre,Hudkreft,"per 100 000, standardisert",126.6,2,11
Nome,2013-2022,2022-01-01,Menn,Alle aldre,Føflekkreft (malignt melanom),"per 100 000, standardisert",44.3,2,11
Nome,2013-2022,2022-01-01,Menn,Alle aldre,Brystkreft,"per 100 000, standardisert",,2,11
Nome,2013-2022,2022-01-01,Menn,Alle aldre,"Livmorhalskreft, kvinner","per 100 000, standardisert",,2,11
Nome,2013-2022,2022-01-01,Menn,Alle aldre,Prostatakreft,"per 100 000, standardisert",175.9,2,11
Nome,2013-2022,2022-01-01,Kvinner,Alle aldre,Totalt alle krefttyper,"per 100 000, standardisert",634.8,3,11
Nome,2013-2022,2022-01-01,Kvinner,Alle aldre,Tykk- og endetarmskreft,"per 100 000, standardisert",91.2,3,11
Nome,2013-2022,2022-01-01,Kvinner,Alle aldre,Lungekreft,"per 100 000, standardisert",79.6,3,11
Nome,2013-2022,2022-01-01,Kvinner,Alle aldre,Hudkreft,"per 100 000, standardisert",117.6,3,11
Nome,2013-2022,2022-01-01,Kvinner,Alle aldre,Føflekkreft (malignt melanom),"per 100 000, standardisert",,3,11
Nome,2013-2022,2022-01-01,Kvinner,Alle aldre,Brystkreft,"per 100 000, standardisert",133.0,3,11
Nome,2013-2022,2022-01-01,Kvinner,Alle aldre,"Livmorhalskreft, kvinner","per 100 000, standardisert",,3,11
Nome,2013-2022,2022-01-01,Kvinner,Alle aldre,Prostatakreft,"per 100 000, standardisert",,3,11
Nome,2014-2023,2023-01-01,Kjønn samlet,Alle aldre,Totalt alle krefttyper,"per 100 000, standardisert",699.2,1,11
Nome,2014-2023,2023-01-01,Kjønn samlet,Alle aldre,Tykk- og endetarmskreft,"per 100 000, standardisert",89.8,1,11
Nome,2014-2023,2023-01-01,Kjønn samlet,Alle aldre,Lungekreft,"per 100 000, standardisert",83.1,1,11
Nome,2014-2023,2023-01-01,Kjønn samlet,Alle aldre,Hudkreft,"per 100 000, standardisert",118.5,1,11
Nome,2014-2023,2023-01-01,Kjønn samlet,Alle aldre,Føflekkreft (malignt melanom),"per 100 000, standardisert",38.0,1,11
Nome,2014-2023,2023-01-01,Kjønn samlet,Alle aldre,Brystkreft,"per 100 000, standardisert",,1,11
Nome,2014-2023,2023-01-01,Kjønn samlet,Alle aldre,"Livmorhalskreft, kvinner","per 100 000, standardisert",,1,11
Nome,2014-2023,2023-01-01,Kjønn samlet,Alle aldre,Prostatakreft,"per 100 000, standardisert",,1,11
Nome,2014-2023,2023-01-01,Menn,Alle aldre,Totalt alle krefttyper,"per 100 000, standardisert",748.7,2,11
Nome,2014-2023,2023-01-01,Menn,Alle aldre,Tykk- og endetarmskreft,"per 100 000, standardisert",96.1,2,11
Nome,2014-2023,2023-01-01,Menn,Alle aldre,Lungekreft,"per 100 000, standardisert",84.6,2,11
Nome,2014-2023,2023-01-01,Menn,Alle aldre,Hudkreft,"per 100 000, standardisert",116.7,2,11
Nome,2014-2023,2023-01-01,Menn,Alle aldre,Føflekkreft (malignt melanom),"per 100 000, standardisert",38.6,2,11
Nome,2014-2023,2023-01-01,Menn,Alle aldre,Brystkreft,"per 100 000, standardisert",,2,11
Nome,2014-2023,2023-01-01,Menn,Alle aldre,"Livmorhalskreft, kvinner","per 100 000, standardisert",,2,11
Nome,2014-2023,2023-01-01,Menn,Alle aldre,Prostatakreft,"per 100 000, standardisert",179.9,2,11
Nome,2014-2023,2023-01-01,Kvinner,Alle aldre,Totalt alle krefttyper,"per 100 000, standardisert",648.7,3,11
Nome,2014-2023,2023-01-01,Kvinner,Alle aldre,Tykk- og endetarmskreft,"per 100 000, standardisert",83.4,3,11
Nome,2014-2023,2023-01-01,Kvinner,Alle aldre,Lungekreft,"per 100 000, standardisert",81.6,3,11
Nome,2014-2023,2023-01-01,Kvinner,Alle aldre,Hudkreft,"per 100 000, standardisert",120.2,3,11
Nome,2014-2023,2023-01-01,Kvinner,Alle aldre,Føflekkreft (malignt melanom),"per 100 000, standardisert",,3,11
Nome,2014-2023,2023-01-01,Kvinner,Alle aldre,Brystkreft,"per 100 000, standardisert",151.6,3,11
Nome,2014-2023,2023-01-01,Kvinner,Alle aldre,"Livmorhalskreft, kvinner","per 100 000, standardisert",,3,11
Nome,2014-2023,2023-01-01,Kvinner,Alle aldre,Prostatakreft,"per 100 000, standardisert",,3,11
Nome,2015-2024,2024-01-01,Kjønn samlet,Alle aldre,Totalt alle krefttyper,"per 100 000, standardisert",672.7,1,11
Nome,2015-2024,2024-01-01,Kjønn samlet,Alle aldre,Tykk- og endetarmskreft,"per 100 000, standardisert",91.3,1,11
Nome,2015-2024,2024-01-01,Kjønn samlet,Alle aldre,Lungekreft,"per 100 000, standardisert",80.7,1,11
Nome,2015-2024,2024-01-01,Kjønn samlet,Alle aldre,Hudkreft,"per 100 000, standardisert",112.5,1,11
Nome,2015-2024,2024-01-01,Kjønn samlet,Alle aldre,Føflekkreft (malignt melanom),"per 100 000, standardisert",35.1,1,11
Nome,2015-2024,2024-01-01,Kjønn samlet,Alle aldre,Brystkreft,"per 100 000, standardisert",,1,11
Nome,2015-2024,2024-01-01,Kjønn samlet,Alle aldre,"Livmorhalskreft, kvinner","per 100 000, standardisert",,1,11
Nome,2015-2024,2024-01-01,Kjønn samlet,Alle aldre,Prostatakreft,"per 100 000, standardisert",,1,11
Nome,2015-2024,2024-01-01,Menn,Alle aldre,Totalt alle krefttyper,"per 100 000, standardisert",721.3,2,11
Nome,2015-2024,2024-01-01,Menn,Alle aldre,Tykk- og endetarmskreft,"per 100 000, standardisert",94.5,2,11
Nome,2015-2024,2024-01-01,Menn,Alle aldre,Lungekreft,"per 100 000, standardisert",87.8,2,11
Nome,2015-2024,2024-01-01,Menn,Alle aldre,Hudkreft,"per 100 000, standardisert",109.8,2,11
Nome,2015-2024,2024-01-01,Menn,Alle aldre,Føflekkreft (malignt melanom),"per 100 000, standardisert",40.6,2,11
Nome,2015-2024,2024-01-01,Menn,Alle aldre,Brystkreft,"per 100 000, standardisert",,2,11
Nome,2015-2024,2024-01-01,Menn,Alle aldre,"Livmorhalskreft, kvinner","per 100 000, standardisert",,2,11
Nome,2015-2024,2024-01-01,Menn,Alle aldre,Prostatakreft,"per 100 000, standardisert",164.5,2,11
Nome,2015-2024,2024-01-01,Kvinner,Alle aldre,Totalt alle krefttyper,"per 100 000, standardisert",623.0,3,11
Nome,2015-2024,2024-01-01,Kvinner,Alle aldre,Tykk- og endetarmskreft,"per 100 000, standardisert",88.1,3,11
Nome,2015-2024,2024-01-01,Kvinner,Alle aldre,Lungekreft,"per 100 000, standardisert",73.3,3,11
Nome,2015-2024,2024-01-01,Kvinner,Alle aldre,Hudkreft,"per 100 000, standardisert",115.3,3,11
Nome,2015-2024,2024-01-01,Kvinner,Alle aldre,Føflekkreft (malignt melanom),"per 100 000, standardisert",,3,11
Nome,2015-2024,2024-01-01,Kvinner,Alle aldre,Brystkreft,"per 100 000, standardisert",145.6,3,11
Nome,2015-2024,2024-01-01,Kvinner,Alle aldre,"Livmorhalskreft, kvinner","per 100 000, standardisert",,3,11
Nome,2015-2024,2024-01-01,Kvinner,Alle aldre,Prostatakreft,"per 100 000, standardisert",,3,11
Nome,2016-2025,2025-01-01,Kjønn samlet,Alle aldre,Totalt alle krefttyper,"per 100 000, standardisert",676.7,1,11
Nome,2016-2025,2025-01-01,Kjønn samlet,Alle aldre,Tykk- og endetarmskreft,"per 100 000, standardisert",89.1,1,11
Nome,2016-2025,2025-01-01,Kjønn samlet,Alle aldre,Lungekreft,"per 100 000, standardisert",79.4,1,11
Nome,2016-2025,2025-01-01,Kjønn samlet,Alle aldre,Hudkreft,"per 100 000, standardisert",116.6,1,11
Nome,2016-2025,2025-01-01,Kjønn samlet,Alle aldre,Føflekkreft (malignt melanom),"per 100 000, standardisert",33.4,1,11
Nome,2016-2025,2025-01-01,Kjønn samlet,Alle aldre,Brystkreft,"per 100 000, standardisert",,1,11
Nome,2016-2025,2025-01-01,Kjønn samlet,Alle aldre,"Livmorhalskreft, kvinner","per 100 000, standardisert",,1,11
Nome,2016-2025,2025-01-01,Kjønn samlet,Alle aldre,Prostatakreft,"per 100 000, standardisert",,1,11
Nome,2016-2025,2025-01-01,Menn,Alle aldre,Totalt alle krefttyper,"per 100 000, standardisert",724.0,2,11
Nome,2016-2025,2025-01-01,Menn,Alle aldre,Tykk- og endetarmskreft,"per 100 000, standardisert",80.7,2,11
Nome,2016-2025,2025-01-01,Menn,Alle aldre,Lungekreft,"per 100 000, standardisert",90.8,2,11
Nome,2016-2025,2025-01-01,Menn,Alle aldre,Hudkreft,"per 100 000, standardisert",112.9,2,11
Nome,2016-2025,2025-01-01,Menn,Alle aldre,Føflekkreft (malignt melanom),"per 100 000, standardisert",37.5,2,11
Nome,2016-2025,2025-01-01,Menn,Alle aldre,Brystkreft,"per 100 000, standardisert",,2,11
Nome,2016-2025,2025-01-01,Menn,Alle aldre,"Livmorhalskreft, kvinner","per 100 000, standardisert",,2,11
Nome,2016-2025,2025-01-01,Menn,Alle aldre,Prostatakreft,"per 100 000, standardisert",168.8,2,11
Nome,2016-2025,2025-01-01,Kvinner,Alle aldre,Totalt alle krefttyper,"per 100 000, standardisert",628.1,3,11
Nome,2016-2025,2025-01-01,Kvinner,Alle aldre,Tykk- og endetarmskreft,"per 100 000, standardisert",97.7,3,11
Nome,2016-2025,2025-01-01,Kvinner,Alle aldre,Lungekreft,"per 100 000, standardisert",67.6,3,11
Nome,2016-2025,2025-01-01,Kvinner,Alle aldre,Hudkreft,"per 100 000, standardisert",120.4,3,11
Nome,2016-2025,2025-01-01,Kvinner,Alle aldre,Føflekkreft (malignt melanom),"per 100 000, standardisert",,3,11
Nome,2016-2025,2025-01-01,Kvinner,Alle aldre,Brystkreft,"per 100 000, standardisert",142.2,3,11
Nome,2016-2025,2025-01-01,Kvinner,Alle aldre,"Livmorhalskreft, kvinner","per 100 000, standardisert",,3,11
Nome,2016-2025,2025-01-01,Kvinner,Alle aldre,Prostatakreft,"per 100 000, standardisert",,3,11
Midt-Telemark,2007-2016,2016-01-01,Kjønn samlet,Alle aldre,Totalt alle krefttyper,"per 100 000, standardisert",646.6,1,9
Midt-Telemark,2007-2016,2016-01-01,Kjønn samlet,Alle aldre,Tykk- og endetarmskreft,"per 100 000, standardisert",74.8,1,9
Midt-Telemark,2007-2016,2016-01-01,Kjønn samlet,Alle aldre,Lungekreft,"per 100 000, standardisert",57.2,1,9
Midt-Telemark,2007-2016,2016-01-01,Kjønn samlet,Alle aldre,Hudkreft,"per 100 000, standardisert",77.5,1,9
Midt-Telemark,2007-2016,2016-01-01,Kjønn samlet,Alle aldre,Føflekkreft (malignt melanom),"per 100 000, standardisert",33.7,1,9
Midt-Telemark,2007-2016,2016-01-01,Kjønn samlet,Alle aldre,Brystkreft,"per 100 000, standardisert",,1,9
Midt-Telemark,2007-2016,2016-01-01,Kjønn samlet,Alle aldre,"Livmorhalskreft, kvinner","per 100 000, standardisert",,1,9
Midt-Telemark,2007-2016,2016-01-01,Kjønn samlet,Alle aldre,Prostatakreft,"per 100 000, standardisert",,1,9
Midt-Telemark,2007-2016,2016-01-01,Menn,Alle aldre,Totalt alle krefttyper,"per 100 000, standardisert",717.1,2,9
Midt-Telemark,2007-2016,2016-01-01,Menn,Alle aldre,Tykk- og endetarmskreft,"per 100 000, standardisert",73.7,2,9
Midt-Telemark,2007-2016,2016-01-01,Menn,Alle aldre,Lungekreft,"per 100 000, standardisert",59.1,2,9
Midt-Telemark,2007-2016,2016-01-01,Menn,Alle aldre,Hudkreft,"per 100 000, standardisert",76.4,2,9
Midt-Telemark,2007-2016,2016-01-01,Menn,Alle aldre,Føflekkreft (malignt melanom),"per 100 000, standardisert",26.0,2,9
Midt-Telemark,2007-2016,2016-01-01,Menn,Alle aldre,Brystkreft,"per 100 000, standardisert",,2,9
Midt-Telemark,2007-2016,2016-01-01,Menn,Alle aldre,"Livmorhalskreft, kvinner","per 100 000, standardisert",,2,9
Midt-Telemark,2007-2016,2016-01-01,Menn,Alle aldre,Prostatakreft,"per 100 000, standardisert",270.6,2,9
Midt-Telemark,2007-2016,2016-01-01,Kvinner,Alle aldre,Totalt alle krefttyper,"per 100 000, standardisert",578.0,3,9
Midt-Telemark,2007-2016,2016-01-01,Kvinner,Alle aldre,Tykk- og endetarmskreft,"per 100 000, standardisert",75.6,3,9
Midt-Telemark,2007-2016,2016-01-01,Kvinner,Alle aldre,Lungekreft,"per 100 000, standardisert",55.4,3,9
Midt-Telemark,2007-2016,2016-01-01,Kvinner,Alle aldre,Hudkreft,"per 100 000, standardisert",78.2,3,9
Midt-Telemark,2007-2016,2016-01-01,Kvinner,Alle aldre,Føflekkreft (malignt melanom),"per 100 000, standardisert",,3,9
Midt-Telemark,2007-2016,2016-01-01,Kvinner,Alle aldre,Brystkreft,"per 100 000, standardisert",103.7,3,9
Midt-Telemark,2007-2016,2016-01-01,Kvinner,Alle aldre,"Livmorhalskreft, kvinner","per 100 000, standardisert",,3,9
Midt-Telemark,2007-2016,2016-01-01,Kvinner,Alle aldre,Prostatakreft,"per 100 000, standardisert",,3,9
Midt-Telemark,2008-2017,2017-01-01,Kjønn samlet,Alle aldre,Totalt alle krefttyper,"per 100 000, standardisert",656.8,1,9
Midt-Telemark,2008-2017,2017-01-01,Kjønn samlet,Alle aldre,Tykk- og endetarmskreft,"per 100 000, standardisert",72.6,1,9
Midt-Telemark,2008-2017,2017-01-01,Kjønn samlet,Alle aldre,Lungekreft,"per 100 000, standardisert",58.2,1,9
Midt-Telemark,2008-2017,2017-01-01,Kjønn samlet,Alle aldre,Hudkreft,"per 100 000, standardisert",84.4,1,9
Midt-Telemark,2008-2017,2017-01-01,Kjønn samlet,Alle aldre,Føflekkreft (malignt melanom),"per 100 000, standardisert",36.4,1,9
Midt-Telemark,2008-2017,2017-01-01,Kjønn samlet,Alle aldre,Brystkreft,"per 100 000, standardisert",,1,9
Midt-Telemark,2008-2017,2017-01-01,Kjønn samlet,Alle aldre,"Livmorhalskreft, kvinner","per 100 000, standardisert",,1,9
Midt-Telemark,2008-2017,2017-01-01,Kjønn samlet,Alle aldre,Prostatakreft,"per 100 000, standardisert",,1,9
Midt-Telemark,2008-2017,2017-01-01,Menn,Alle aldre,Totalt alle krefttyper,"per 100 000, standardisert",739.6,2,9
Midt-Telemark,2008-2017,2017-01-01,Menn,Alle aldre,Tykk- og endetarmskreft,"per 100 000, standardisert",72.2,2,9
Midt-Telemark,2008-2017,2017-01-01,Menn,Alle aldre,Lungekreft,"per 100 000, standardisert",61.9,2,9
Midt-Telemark,2008-2017,2017-01-01,Menn,Alle aldre,Hudkreft,"per 100 000, standardisert",87.4,2,9
Midt-Telemark,2008-2017,2017-01-01,Menn,Alle aldre,Føflekkreft (malignt melanom),"per 100 000, standardisert",31.9,2,9
Midt-Telemark,2008-2017,2017-01-01,Menn,Alle aldre,Brystkreft,"per 100 000, standardisert",,2,9
Midt-Telemark,2008-2017,2017-01-01,Menn,Alle aldre,"Livmorhalskreft, kvinner","per 100 000, standardisert",,2,9
Midt-Telemark,2008-2017,2017-01-01,Menn,Alle aldre,Prostatakreft,"per 100 000, standardisert",278.9,2,9
Midt-Telemark,2008-2017,2017-01-01,Kvinner,Alle aldre,Totalt alle krefttyper,"per 100 000, standardisert",576.0,3,9
Midt-Telemark,2008-2017,2017-01-01,Kvinner,Alle aldre,Tykk- og endetarmskreft,"per 100 000, standardisert",72.9,3,9
Midt-Telemark,2008-2017,2017-01-01,Kvinner,Alle aldre,Lungekreft,"per 100 000, standardisert",54.7,3,9
Midt-Telemark,2008-2017,2017-01-01,Kvinner,Alle aldre,Hudkreft,"per 100 000, standardisert",81.3,3,9
Midt-Telemark,2008-2017,2017-01-01,Kvinner,Alle aldre,Føflekkreft (malignt melanom),"per 100 000, standardisert",,3,9
Midt-Telemark,2008-2017,2017-01-01,Kvinner,Alle aldre,Brystkreft,"per 100 000, standardisert",94.5,3,9
Midt-Telemark,2008-2017,2017-01-01,Kvinner,Alle aldre,"Livmorhalskreft, kvinner","per 100 000, standardisert",,3,9
Midt-Telemark,2008-2017,2017-01-01,Kvinner,Alle aldre,Prostatakreft,"per 100 000, standardisert",,3,9
Midt-Telemark,2009-2018,2018-01-01,Kjønn samlet,Alle aldre,Totalt alle krefttyper,"per 100 000, standardisert",637.0,1,9
Midt-Telemark,2009-2018,2018-01-01,Kjønn samlet,Alle aldre,Tykk- og endetarmskreft,"per 100 000, standardisert",69.5,1,9
Midt-Telemark,2009-2018,2018-01-01,Kjønn samlet,Alle aldre,Lungekreft,"per 100 000, standardisert",53.1,1,9
Midt-Telemark,2009-2018,2018-01-01,Kjønn samlet,Alle aldre,Hudkreft,"per 100 000, standardisert",86.2,1,9
Midt-Telemark,2009-2018,2018-01-01,Kjønn samlet,Alle aldre,Føflekkreft (malignt melanom),"per 100 000, standardisert",35.8,1,9
Midt-Telemark,2009-2018,2018-01-01,Kjønn samlet,Alle aldre,Brystkreft,"per 100 000, standardisert",,1,9
Midt-Telemark,2009-2018,2018-01-01,Kjønn samlet,Alle aldre,"Livmorhalskreft, kvinner","per 100 000, standardisert",,1,9
Midt-Telemark,2009-2018,2018-01-01,Kjønn samlet,Alle aldre,Prostatakreft,"per 100 000, standardisert",,1,9
Midt-Telemark,2009-2018,2018-01-01,Menn,Alle aldre,Totalt alle krefttyper,"per 100 000, standardisert",721.2,2,9
Midt-Telemark,2009-2018,2018-01-01,Menn,Alle aldre,Tykk- og endetarmskreft,"per 100 000, standardisert",70.6,2,9
Midt-Telemark,2009-2018,2018-01-01,Menn,Alle aldre,Lungekreft,"per 100 000, standardisert",56.2,2,9
Midt-Telemark,2009-2018,2018-01-01,Menn,Alle aldre,Hudkreft,"per 100 000, standardisert",87.7,2,9
Midt-Telemark,2009-2018,2018-01-01,Menn,Alle aldre,Føflekkreft (malignt melanom),"per 100 000, standardisert",31.3,2,9
Midt-Telemark,2009-2018,2018-01-01,Menn,Alle aldre,Brystkreft,"per 100 000, standardisert",,2,9
Midt-Telemark,2009-2018,2018-01-01,Menn,Alle aldre,"Livmorhalskreft, kvinner","per 100 000, standardisert",,2,9
Midt-Telemark,2009-2018,2018-01-01,Menn,Alle aldre,Prostatakreft,"per 100 000, standardisert",265.6,2,9
Midt-Telemark,2009-2018,2018-01-01,Kvinner,Alle aldre,Totalt alle krefttyper,"per 100 000, standardisert",554.5,3,9
Midt-Telemark,2009-2018,2018-01-01,Kvinner,Alle aldre,Tykk- og endetarmskreft,"per 100 000, standardisert",68.3,3,9
Midt-Telemark,2009-2018,2018-01-01,Kvinner,Alle aldre,Lungekreft,"per 100 000, standardisert",50.0,3,9
Midt-Telemark,2009-2018,2018-01-01,Kvinner,Alle aldre,Hudkreft,"per 100 000, standardisert",84.5,3,9
Midt-Telemark,2009-2018,2018-01-01,Kvinner,Alle aldre,Føflekkreft (malignt melanom),"per 100 000, standardisert",,3,9
Midt-Telemark,2009-2018,2018-01-01,Kvinner,Alle aldre,Brystkreft,"per 100 000, standardisert",95.6,3,9
Midt-Telemark,2009-2018,2018-01-01,Kvinner,Alle aldre,"Livmorhalskreft, kvinner","per 100 000, standardisert",,3,9
Midt-Telemark,2009-2018,2018-01-01,Kvinner,Alle aldre,Prostatakreft,"per 100 000, standardisert",,3,9
Midt-Telemark,2010-2019,2019-01-01,Kjønn samlet,Alle aldre,Totalt alle krefttyper,"per 100 000, standardisert",636.0,1,9
Midt-Telemark,2010-2019,2019-01-01,Kjønn samlet,Alle aldre,Tykk- og endetarmskreft,"per 100 000, standardisert",71.4,1,9
Midt-Telemark,2010-2019,2019-01-01,Kjønn samlet,Alle aldre,Lungekreft,"per 100 000, standardisert",54.1,1,9
Midt-Telemark,2010-2019,2019-01-01,Kjønn samlet,Alle aldre,Hudkreft,"per 100 000, standardisert",91.0,1,9
Midt-Telemark,2010-2019,2019-01-01,Kjønn samlet,Alle aldre,Føflekkreft (malignt melanom),"per 100 000, standardisert",37.3,1,9
Midt-Telemark,2010-2019,2019-01-01,Kjønn samlet,Alle aldre,Brystkreft,"per 100 000, standardisert",,1,9
Midt-Telemark,2010-2019,2019-01-01,Kjønn samlet,Alle aldre,"Livmorhalskreft, kvinner","per 100 000, standardisert",,1,9
Midt-Telemark,2010-2019,2019-01-01,Kjønn samlet,Alle aldre,Prostatakreft,"per 100 000, standardisert",,1,9
Midt-Telemark,2010-2019,2019-01-01,Menn,Alle aldre,Totalt alle krefttyper,"per 100 000, standardisert",732.2,2,9
Midt-Telemark,2010-2019,2019-01-01,Menn,Alle aldre,Tykk- og endetarmskreft,"per 100 000, standardisert",73.2,2,9
Midt-Telemark,2010-2019,2019-01-01,Menn,Alle aldre,Lungekreft,"per 100 000, standardisert",54.9,2,9
Midt-Telemark,2010-2019,2019-01-01,Menn,Alle aldre,Hudkreft,"per 100 000, standardisert",98.1,2,9
Midt-Telemark,2010-2019,2019-01-01,Menn,Alle aldre,Føflekkreft (malignt melanom),"per 100 000, standardisert",32.7,2,9
Midt-Telemark,2010-2019,2019-01-01,Menn,Alle aldre,Brystkreft,"per 100 000, standardisert",,2,9
Midt-Telemark,2010-2019,2019-01-01,Menn,Alle aldre,"Livmorhalskreft, kvinner","per 100 000, standardisert",,2,9
Midt-Telemark,2010-2019,2019-01-01,Menn,Alle aldre,Prostatakreft,"per 100 000, standardisert",259.2,2,9
Midt-Telemark,2010-2019,2019-01-01,Kvinner,Alle aldre,Totalt alle krefttyper,"per 100 000, standardisert",541.3,3,9
Midt-Telemark,2010-2019,2019-01-01,Kvinner,Alle aldre,Tykk- og endetarmskreft,"per 100 000, standardisert",69.6,3,9
Midt-Telemark,2010-2019,2019-01-01,Kvinner,Alle aldre,Lungekreft,"per 100 000, standardisert",53.3,3,9
Midt-Telemark,2010-2019,2019-01-01,Kvinner,Alle aldre,Hudkreft,"per 100 000, standardisert",83.9,3,9
Midt-Telemark,2010-2019,2019-01-01,Kvinner,Alle aldre,Føflekkreft (malignt melanom),"per 100 000, standardisert",,3,9
Midt-Telemark,2010-2019,2019-01-01,Kvinner,Alle aldre,Brystkreft,"per 100 000, standardisert",94.7,3,9
Midt-Telemark,2010-2019,2019-01-01,Kvinner,Alle aldre,"Livmorhalskreft, kvinner","per 100 000, standardisert",,3,9
Midt-Telemark,2010-2019,2019-01-01,Kvinner,Alle aldre,Prostatakreft,"per 100 000, standardisert",,3,9
Midt-Telemark,2011-2020,2020-01-01,Kjønn samlet,Alle aldre,Totalt alle krefttyper,"per 100 000, standardisert",629.4,1,9
Midt-Telemark,2011-2020,2020-01-01,Kjønn samlet,Alle aldre,Tykk- og endetarmskreft,"per 100 000, standardisert",67.4,1,9
Midt-Telemark,2011-2020,2020-01-01,Kjønn samlet,Alle aldre,Lungekreft,"per 100 000, standardisert",55.0,1,9
Midt-Telemark,2011-2020,2020-01-01,Kjønn samlet,Alle aldre,Hudkreft,"per 100 000, standardisert",92.5,1,9
Midt-Telemark,2011-2020,2020-01-01,Kjønn samlet,Alle aldre,Føflekkreft (malignt melanom),"per 100 000, standardisert",39.7,1,9
Midt-Telemark,2011-2020,2020-01-01,Kjønn samlet,Alle aldre,Brystkreft,"per 100 000, standardisert",,1,9
Midt-Telemark,2011-2020,2020-01-01,Kjønn samlet,Alle aldre,"Livmorhalskreft, kvinner","per 100 000, standardisert",,1,9
Midt-Telemark,2011-2020,2020-01-01,Kjønn samlet,Alle aldre,Prostatakreft,"per 100 000, standardisert",,1,9
Midt-Telemark,2011-2020,2020-01-01,Menn,Alle aldre,Totalt alle krefttyper,"per 100 000, standardisert",729.8,2,9
Midt-Telemark,2011-2020,2020-01-01,Menn,Alle aldre,Tykk- og endetarmskreft,"per 100 000, standardisert",69.6,2,9
Midt-Telemark,2011-2020,2020-01-01,Menn,Alle aldre,Lungekreft,"per 100 000, standardisert",57.5,2,9
Midt-Telemark,2011-2020,2020-01-01,Menn,Alle aldre,Hudkreft,"per 100 000, standardisert",98.0,2,9
Midt-Telemark,2011-2020,2020-01-01,Menn,Alle aldre,Føflekkreft (malignt melanom),"per 100 000, standardisert",34.1,2,9
Midt-Telemark,2011-2020,2020-01-01,Menn,Alle aldre,Brystkreft,"per 100 000, standardisert",,2,9
Midt-Telemark,2011-2020,2020-01-01,Menn,Alle aldre,"Livmorhalskreft, kvinner","per 100 000, standardisert",,2,9
Midt-Telemark,2011-2020,2020-01-01,Menn,Alle aldre,Prostatakreft,"per 100 000, standardisert",252.9,2,9
Midt-Telemark,2011-2020,2020-01-01,Kvinner,Alle aldre,Totalt alle krefttyper,"per 100 000, standardisert",529.9,3,9
Midt-Telemark,2011-2020,2020-01-01,Kvinner,Alle aldre,Tykk- og endetarmskreft,"per 100 000, standardisert",65.1,3,9
Midt-Telemark,2011-2020,2020-01-01,Kvinner,Alle aldre,Lungekreft,"per 100 000, standardisert",52.5,3,9
Midt-Telemark,2011-2020,2020-01-01,Kvinner,Alle aldre,Hudkreft,"per 100 000, standardisert",87.0,3,9
Midt-Telemark,2011-2020,2020-01-01,Kvinner,Alle aldre,Føflekkreft (malignt melanom),"per 100 000, standardisert",,3,9
Midt-Telemark,2011-2020,2020-01-01,Kvinner,Alle aldre,Brystkreft,"per 100 000, standardisert",97.8,3,9
Midt-Telemark,2011-2020,2020-01-01,Kvinner,Alle aldre,"Livmorhalskreft, kvinner","per 100 000, standardisert",,3,9
Midt-Telemark,2011-2020,2020-01-01,Kvinner,Alle aldre,Prostatakreft,"per 100 000, standardisert",,3,9
Midt-Telemark,2012-2021,2021-01-01,Kjønn samlet,Alle aldre,Totalt alle krefttyper,"per 100 000, standardisert",630.4,1,9
Midt-Telemark,2012-2021,2021-01-01,Kjønn samlet,Alle aldre,Tykk- og endetarmskreft,"per 100 000, standardisert",70.0,1,9
Midt-Telemark,2012-2021,2021-01-01,Kjønn samlet,Alle aldre,Lungekreft,"per 100 000, standardisert",51.9,1,9
Midt-Telemark,2012-2021,2021-01-01,Kjønn samlet,Alle aldre,Hudkreft,"per 100 000, standardisert",88.1,1,9
Midt-Telemark,2012-2021,2021-01-01,Kjønn samlet,Alle aldre,Føflekkreft (malignt melanom),"per 100 000, standardisert",36.1,1,9
Midt-Telemark,2012-2021,2021-01-01,Kjønn samlet,Alle aldre,Brystkreft,"per 100 000, standardisert",,1,9
Midt-Telemark,2012-2021,2021-01-01,Kjønn samlet,Alle aldre,"Livmorhalskreft, kvinner","per 100 000, standardisert",,1,9
Midt-Telemark,2012-2021,2021-01-01,Kjønn samlet,Alle aldre,Prostatakreft,"per 100 000, standardisert",,1,9
Midt-Telemark,2012-2021,2021-01-01,Menn,Alle aldre,Totalt alle krefttyper,"per 100 000, standardisert",714.1,2,9
Midt-Telemark,2012-2021,2021-01-01,Menn,Alle aldre,Tykk- og endetarmskreft,"per 100 000, standardisert",69.9,2,9
Midt-Telemark,2012-2021,2021-01-01,Menn,Alle aldre,Lungekreft,"per 100 000, standardisert",57.8,2,9
Midt-Telemark,2012-2021,2021-01-01,Menn,Alle aldre,Hudkreft,"per 100 000, standardisert",95.7,2,9
Midt-Telemark,2012-2021,2021-01-01,Menn,Alle aldre,Føflekkreft (malignt melanom),"per 100 000, standardisert",31.3,2,9
Midt-Telemark,2012-2021,2021-01-01,Menn,Alle aldre,Brystkreft,"per 100 000, standardisert",,2,9
Midt-Telemark,2012-2021,2021-01-01,Menn,Alle aldre,"Livmorhalskreft, kvinner","per 100 000, standardisert",,2,9
Midt-Telemark,2012-2021,2021-01-01,Menn,Alle aldre,Prostatakreft,"per 100 000, standardisert",236.7,2,9
Midt-Telemark,2012-2021,2021-01-01,Kvinner,Alle aldre,Totalt alle krefttyper,"per 100 000, standardisert",546.6,3,9
Midt-Telemark,2012-2021,2021-01-01,Kvinner,Alle aldre,Tykk- og endetarmskreft,"per 100 000, standardisert",70.0,3,9
Midt-Telemark,2012-2021,2021-01-01,Kvinner,Alle aldre,Lungekreft,"per 100 000, standardisert",45.9,3,9
Midt-Telemark,2012-2021,2021-01-01,Kvinner,Alle aldre,Hudkreft,"per 100 000, standardisert",80.5,3,9
Midt-Telemark,2012-2021,2021-01-01,Kvinner,Alle aldre,Føflekkreft (malignt melanom),"per 100 000, standardisert",,3,9
Midt-Telemark,2012-2021,2021-01-01,Kvinner,Alle aldre,Brystkreft,"per 100 000, standardisert",114.5,3,9
Midt-Telemark,2012-2021,2021-01-01,Kvinner,Alle aldre,"Livmorhalskreft, kvinner","per 100 000, standardisert",,3,9
Midt-Telemark,2012-2021,2021-01-01,Kvinner,Alle aldre,Prostatakreft,"per 100 000, standardisert",,3,9
Midt-Telemark,2013-2022,2022-01-01,Kjønn samlet,Alle aldre,Totalt alle krefttyper,"per 100 000, standardisert",614.2,1,9
Midt-Telemark,2013-2022,2022-01-01,Kjønn samlet,Alle aldre,Tykk- og endetarmskreft,"per 100 000, standardisert",64.8,1,9
Midt-Telemark,2013-2022,2022-01-01,Kjønn samlet,Alle aldre,Lungekreft,"per 100 000, standardisert",47.8,1,9
Midt-Telemark,2013-2022,2022-01-01,Kjønn samlet,Alle aldre,Hudkreft,"per 100 000, standardisert",93.9,1,9
Midt-Telemark,2013-2022,2022-01-01,Kjønn samlet,Alle aldre,Føflekkreft (malignt melanom),"per 100 000, standardisert",40.3,1,9
Midt-Telemark,2013-2022,2022-01-01,Kjønn samlet,Alle aldre,Brystkreft,"per 100 000, standardisert",,1,9
Midt-Telemark,2013-2022,2022-01-01,Kjønn samlet,Alle aldre,"Livmorhalskreft, kvinner","per 100 000, standardisert",,1,9
Midt-Telemark,2013-2022,2022-01-01,Kjønn samlet,Alle aldre,Prostatakreft,"per 100 000, standardisert",,1,9
Midt-Telemark,2013-2022,2022-01-01,Menn,Alle aldre,Totalt alle krefttyper,"per 100 000, standardisert",688.9,2,9
Midt-Telemark,2013-2022,2022-01-01,Menn,Alle aldre,Tykk- og endetarmskreft,"per 100 000, standardisert",66.3,2,9
Midt-Telemark,2013-2022,2022-01-01,Menn,Alle aldre,Lungekreft,"per 100 000, standardisert",52.5,2,9
Midt-Telemark,2013-2022,2022-01-01,Menn,Alle aldre,Hudkreft,"per 100 000, standardisert",100.8,2,9
Midt-Telemark,2013-2022,2022-01-01,Menn,Alle aldre,Føflekkreft (malignt melanom),"per 100 000, standardisert",36.4,2,9
Midt-Telemark,2013-2022,2022-01-01,Menn,Alle aldre,Brystkreft,"per 100 000, standardisert",,2,9
Midt-Telemark,2013-2022,2022-01-01,Menn,Alle aldre,"Livmorhalskreft, kvinner","per 100 000, standardisert",,2,9
Midt-Telemark,2013-2022,2022-01-01,Menn,Alle aldre,Prostatakreft,"per 100 000, standardisert",228.7,2,9
Midt-Telemark,2013-2022,2022-01-01,Kvinner,Alle aldre,Totalt alle krefttyper,"per 100 000, standardisert",539.0,3,9
Midt-Telemark,2013-2022,2022-01-01,Kvinner,Alle aldre,Tykk- og endetarmskreft,"per 100 000, standardisert",63.4,3,9
Midt-Telemark,2013-2022,2022-01-01,Kvinner,Alle aldre,Lungekreft,"per 100 000, standardisert",43.2,3,9
Midt-Telemark,2013-2022,2022-01-01,Kvinner,Alle aldre,Hudkreft,"per 100 000, standardisert",87.0,3,9
Midt-Telemark,2013-2022,2022-01-01,Kvinner,Alle aldre,Føflekkreft (malignt melanom),"per 100 000, standardisert",,3,9
Midt-Telemark,2013-2022,2022-01-01,Kvinner,Alle aldre,Brystkreft,"per 100 000, standardisert",120.8,3,9
Midt-Telemark,2013-2022,2022-01-01,Kvinner,Alle aldre,"Livmorhalskreft, kvinner","per 100 000, standardisert",,3,9
Midt-Telemark,2013-2022,2022-01-01,Kvinner,Alle aldre,Prostatakreft,"per 100 000, standardisert",,3,9
Midt-Telemark,2014-2023,2023-01-01,Kjønn samlet,Alle aldre,Totalt alle krefttyper,"per 100 000, standardisert",619.4,1,9
Midt-Telemark,2014-2023,2023-01-01,Kjønn samlet,Alle aldre,Tykk- og endetarmskreft,"per 100 000, standardisert",62.6,1,9
Midt-Telemark,2014-2023,2023-01-01,Kjønn samlet,Alle aldre,Lungekreft,"per 100 000, standardisert",46.7,1,9
Midt-Telemark,2014-2023,2023-01-01,Kjønn samlet,Alle aldre,Hudkreft,"per 100 000, standardisert",104.0,1,9
Midt-Telemark,2014-2023,2023-01-01,Kjønn samlet,Alle aldre,Føflekkreft (malignt melanom),"per 100 000, standardisert",48.0,1,9
Midt-Telemark,2014-2023,2023-01-01,Kjønn samlet,Alle aldre,Brystkreft,"per 100 000, standardisert",,1,9
Midt-Telemark,2014-2023,2023-01-01,Kjønn samlet,Alle aldre,"Livmorhalskreft, kvinner","per 100 000, standardisert",,1,9
Midt-Telemark,2014-2023,2023-01-01,Kjønn samlet,Alle aldre,Prostatakreft,"per 100 000, standardisert",,1,9
Midt-Telemark,2014-2023,2023-01-01,Menn,Alle aldre,Totalt alle krefttyper,"per 100 000, standardisert",681.4,2,9
Midt-Telemark,2014-2023,2023-01-01,Menn,Alle aldre,Tykk- og endetarmskreft,"per 100 000, standardisert",57.2,2,9
Midt-Telemark,2014-2023,2023-01-01,Menn,Alle aldre,Lungekreft,"per 100 000, standardisert",51.0,2,9
Midt-Telemark,2014-2023,2023-01-01,Menn,Alle aldre,Hudkreft,"per 100 000, standardisert",111.1,2,9
Midt-Telemark,2014-2023,2023-01-01,Menn,Alle aldre,Føflekkreft (malignt melanom),"per 100 000, standardisert",44.9,2,9
Midt-Telemark,2014-2023,2023-01-01,Menn,Alle aldre,Brystkreft,"per 100 000, standardisert",,2,9
Midt-Telemark,2014-2023,2023-01-01,Menn,Alle aldre,"Livmorhalskreft, kvinner","per 100 000, standardisert",,2,9
Midt-Telemark,2014-2023,2023-01-01,Menn,Alle aldre,Prostatakreft,"per 100 000, standardisert",230.3,2,9
Midt-Telemark,2014-2023,2023-01-01,Kvinner,Alle aldre,Totalt alle krefttyper,"per 100 000, standardisert",556.4,3,9
Midt-Telemark,2014-2023,2023-01-01,Kvinner,Alle aldre,Tykk- og endetarmskreft,"per 100 000, standardisert",67.8,3,9
Midt-Telemark,2014-2023,2023-01-01,Kvinner,Alle aldre,Lungekreft,"per 100 000, standardisert",42.3,3,9
Midt-Telemark,2014-2023,2023-01-01,Kvinner,Alle aldre,Hudkreft,"per 100 000, standardisert",96.7,3,9
Midt-Telemark,2014-2023,2023-01-01,Kvinner,Alle aldre,Føflekkreft (malignt melanom),"per 100 000, standardisert",,3,9
Midt-Telemark,2014-2023,2023-01-01,Kvinner,Alle aldre,Brystkreft,"per 100 000, standardisert",136.2,3,9
Midt-Telemark,2014-2023,2023-01-01,Kvinner,Alle aldre,"Livmorhalskreft, kvinner","per 100 000, standardisert",,3,9
Midt-Telemark,2014-2023,2023-01-01,Kvinner,Alle aldre,Prostatakreft,"per 100 000, standardisert",,3,9
Midt-Telemark,2015-2024,2024-01-01,Kjønn samlet,Alle aldre,Totalt alle krefttyper,"per 100 000, standardisert",610.3,1,9
Midt-Telemark,2015-2024,2024-01-01,Kjønn samlet,Alle aldre,Tykk- og endetarmskreft,"per 100 000, standardisert",62.1,1,9
Midt-Telemark,2015-2024,2024-01-01,Kjønn samlet,Alle aldre,Lungekreft,"per 100 000, standardisert",53.6,1,9
Midt-Telemark,2015-2024,2024-01-01,Kjønn samlet,Alle aldre,Hudkreft,"per 100 000, standardisert",104.6,1,9
Midt-Telemark,2015-2024,2024-01-01,Kjønn samlet,Alle aldre,Føflekkreft (malignt melanom),"per 100 000, standardisert",47.0,1,9
Midt-Telemark,2015-2024,2024-01-01,Kjønn samlet,Alle aldre,Brystkreft,"per 100 000, standardisert",,1,9
Midt-Telemark,2015-2024,2024-01-01,Kjønn samlet,Alle aldre,"Livmorhalskreft, kvinner","per 100 000, standardisert",,1,9
Midt-Telemark,2015-2024,2024-01-01,Kjønn samlet,Alle aldre,Prostatakreft,"per 100 000, standardisert",,1,9
Midt-Telemark,2015-2024,2024-01-01,Menn,Alle aldre,Totalt alle krefttyper,"per 100 000, standardisert",660.1,2,9
Midt-Telemark,2015-2024,2024-01-01,Menn,Alle aldre,Tykk- og endetarmskreft,"per 100 000, standardisert",55.9,2,9
Midt-Telemark,2015-2024,2024-01-01,Menn,Alle aldre,Lungekreft,"per 100 000, standardisert",60.4,2,9
Midt-Telemark,2015-2024,2024-01-01,Menn,Alle aldre,Hudkreft,"per 100 000, standardisert",115.6,2,9
Midt-Telemark,2015-2024,2024-01-01,Menn,Alle aldre,Føflekkreft (malignt melanom),"per 100 000, standardisert",44.0,2,9
Midt-Telemark,2015-2024,2024-01-01,Menn,Alle aldre,Brystkreft,"per 100 000, standardisert",,2,9
Midt-Telemark,2015-2024,2024-01-01,Menn,Alle aldre,"Livmorhalskreft, kvinner","per 100 000, standardisert",,2,9
Midt-Telemark,2015-2024,2024-01-01,Menn,Alle aldre,Prostatakreft,"per 100 000, standardisert",203.3,2,9
Midt-Telemark,2015-2024,2024-01-01,Kvinner,Alle aldre,Totalt alle krefttyper,"per 100 000, standardisert",559.7,3,9
Midt-Telemark,2015-2024,2024-01-01,Kvinner,Alle aldre,Tykk- og endetarmskreft,"per 100 000, standardisert",68.4,3,9
Midt-Telemark,2015-2024,2024-01-01,Kvinner,Alle aldre,Lungekreft,"per 100 000, standardisert",46.8,3,9
Midt-Telemark,2015-2024,2024-01-01,Kvinner,Alle aldre,Hudkreft,"per 100 000, standardisert",93.5,3,9
Midt-Telemark,2015-2024,2024-01-01,Kvinner,Alle aldre,Føflekkreft (malignt melanom),"per 100 000, standardisert",,3,9
Midt-Telemark,2015-2024,2024-01-01,Kvinner,Alle aldre,Brystkreft,"per 100 000, standardisert",124.6,3,9
Midt-Telemark,2015-2024,2024-01-01,Kvinner,Alle aldre,"Livmorhalskreft, kvinner","per 100 000, standardisert",,3,9
Midt-Telemark,2015-2024,2024-01-01,Kvinner,Alle aldre,Prostatakreft,"per 100 000, standardisert",,3,9
Midt-Telemark,2016-2025,2025-01-01,Kjønn samlet,Alle aldre,Totalt alle krefttyper,"per 100 000, standardisert",595.6,1,9
Midt-Telemark,2016-2025,2025-01-01,Kjønn samlet,Alle aldre,Tykk- og endetarmskreft,"per 100 000, standardisert",66.1,1,9
Midt-Telemark,2016-2025,2025-01-01,Kjønn samlet,Alle aldre,Lungekreft,"per 100 000, standardisert",52.3,1,9
Midt-Telemark,2016-2025,2025-01-01,Kjønn samlet,Alle aldre,Hudkreft,"per 100 000, standardisert",106.8,1,9
Midt-Telemark,2016-2025,2025-01-01,Kjønn samlet,Alle aldre,Føflekkreft (malignt melanom),"per 100 000, standardisert",48.8,1,9
Midt-Telemark,2016-2025,2025-01-01,Kjønn samlet,Alle aldre,Brystkreft,"per 100 000, standardisert",,1,9
Midt-Telemark,2016-2025,2025-01-01,Kjønn samlet,Alle aldre,"Livmorhalskreft, kvinner","per 100 000, standardisert",,1,9
Midt-Telemark,2016-2025,2025-01-01,Kjønn samlet,Alle aldre,Prostatakreft,"per 100 000, standardisert",,1,9
Midt-Telemark,2016-2025,2025-01-01,Menn,Alle aldre,Totalt alle krefttyper,"per 100 000, standardisert",642.8,2,9
Midt-Telemark,2016-2025,2025-01-01,Menn,Alle aldre,Tykk- og endetarmskreft,"per 100 000, standardisert",52.7,2,9
Midt-Telemark,2016-2025,2025-01-01,Menn,Alle aldre,Lungekreft,"per 100 000, standardisert",58.8,2,9
Midt-Telemark,2016-2025,2025-01-01,Menn,Alle aldre,Hudkreft,"per 100 000, standardisert",117.9,2,9
Midt-Telemark,2016-2025,2025-01-01,Menn,Alle aldre,Føflekkreft (malignt melanom),"per 100 000, standardisert",46.6,2,9
Midt-Telemark,2016-2025,2025-01-01,Menn,Alle aldre,Brystkreft,"per 100 000, standardisert",,2,9
Midt-Telemark,2016-2025,2025-01-01,Menn,Alle aldre,"Livmorhalskreft, kvinner","per 100 000, standardisert",,2,9
Midt-Telemark,2016-2025,2025-01-01,Menn,Alle aldre,Prostatakreft,"per 100 000, standardisert",186.3,2,9
Midt-Telemark,2016-2025,2025-01-01,Kvinner,Alle aldre,Totalt alle krefttyper,"per 100 000, standardisert",547.6,3,9
Midt-Telemark,2016-2025,2025-01-01,Kvinner,Alle aldre,Tykk- og endetarmskreft,"per 100 000, standardisert",79.4,3,9
Midt-Telemark,2016-2025,2025-01-01,Kvinner,Alle aldre,Lungekreft,"per 100 000, standardisert",45.8,3,9
Midt-Telemark,2016-2025,2025-01-01,Kvinner,Alle aldre,Hudkreft,"per 100 000, standardisert",95.5,3,9
Midt-Telemark,2016-2025,2025-01-01,Kvinner,Alle aldre,Føflekkreft (malignt melanom),"per 100 000, standardisert",,3,9
Midt-Telemark,2016-2025,2025-01-01,Kvinner,Alle aldre,Brystkreft,"per 100 000, standardisert",122.4,3,9
Midt-Telemark,2016-2025,2025-01-01,Kvinner,Alle aldre,"Livmorhalskreft, kvinner","per 100 000, standardisert",,3,9
Midt-Telemark,2016-2025,2025-01-01,Kvinner,Alle aldre,Prostatakreft,"per 100 000, standardisert",,3,9
Seljord,2007-2016,2016-01-01,Kjønn samlet,Alle aldre,Totalt alle krefttyper,"per 100 000, standardisert",574.4,1,14
Seljord,2007-2016,2016-01-01,Kjønn samlet,Alle aldre,Tykk- og endetarmskreft,"per 100 000, standardisert",72.6,1,14
Seljord,2007-2016,2016-01-01,Kjønn samlet,Alle aldre,Lungekreft,"per 100 000, standardisert",50.0,1,14
Seljord,2007-2016,2016-01-01,Kjønn samlet,Alle aldre,Hudkreft,"per 100 000, standardisert",51.5,1,14
Seljord,2007-2016,2016-01-01,Kjønn samlet,Alle aldre,Føflekkreft (malignt melanom),"per 100 000, standardisert",,1,14
Seljord,2007-2016,2016-01-01,Kjønn samlet,Alle aldre,Brystkreft,"per 100 000, standardisert",,1,14
Seljord,2007-2016,2016-01-01,Kjønn samlet,Alle aldre,"Livmorhalskreft, kvinner","per 100 000, standardisert",,1,14
Seljord,2007-2016,2016-01-01,Kjønn samlet,Alle aldre,Prostatakreft,"per 100 000, standardisert",,1,14
Seljord,2007-2016,2016-01-01,Menn,Alle aldre,Totalt alle krefttyper,"per 100 000, standardisert",683.8,2,14
Seljord,2007-2016,2016-01-01,Menn,Alle aldre,Tykk- og endetarmskreft,"per 100 000, standardisert",84.4,2,14
Seljord,2007-2016,2016-01-01,Menn,Alle aldre,Lungekreft,"per 100 000, standardisert",,2,14
Seljord,2007-2016,2016-01-01,Menn,Alle aldre,Hudkreft,"per 100 000, standardisert",,2,14
Seljord,2007-2016,2016-01-01,Menn,Alle aldre,Føflekkreft (malignt melanom),"per 100 000, standardisert",,2,14
Seljord,2007-2016,2016-01-01,Menn,Alle aldre,Brystkreft,"per 100 000, standardisert",,2,14
Seljord,2007-2016,2016-01-01,Menn,Alle aldre,"Livmorhalskreft, kvinner","per 100 000, standardisert",,2,14
Seljord,2007-2016,2016-01-01,Menn,Alle aldre,Prostatakreft,"per 100 000, standardisert",223.5,2,14
Seljord,2007-2016,2016-01-01,Kvinner,Alle aldre,Totalt alle krefttyper,"per 100 000, standardisert",468.1,3,14
Seljord,2007-2016,2016-01-01,Kvinner,Alle aldre,Tykk- og endetarmskreft,"per 100 000, standardisert",61.6,3,14
Seljord,2007-2016,2016-01-01,Kvinner,Alle aldre,Lungekreft,"per 100 000, standardisert",,3,14
Seljord,2007-2016,2016-01-01,Kvinner,Alle aldre,Hudkreft,"per 100 000, standardisert",49.8,3,14
Seljord,2007-2016,2016-01-01,Kvinner,Alle aldre,Føflekkreft (malignt melanom),"per 100 000, standardisert",,3,14
Seljord,2007-2016,2016-01-01,Kvinner,Alle aldre,Brystkreft,"per 100 000, standardisert",95.6,3,14
Seljord,2007-2016,2016-01-01,Kvinner,Alle aldre,"Livmorhalskreft, kvinner","per 100 000, standardisert",,3,14
Seljord,2007-2016,2016-01-01,Kvinner,Alle aldre,Prostatakreft,"per 100 000, standardisert",,3,14
Seljord,2008-2017,2017-01-01,Kjønn samlet,Alle aldre,Totalt alle krefttyper,"per 100 000, standardisert",543.5,1,14
Seljord,2008-2017,2017-01-01,Kjønn samlet,Alle aldre,Tykk- og endetarmskreft,"per 100 000, standardisert",60.6,1,14
Seljord,2008-2017,2017-01-01,Kjønn samlet,Alle aldre,Lungekreft,"per 100 000, standardisert",46.5,1,14
Seljord,2008-2017,2017-01-01,Kjønn samlet,Alle aldre,Hudkreft,"per 100 000, standardisert",42.8,1,14
Seljord,2008-2017,2017-01-01,Kjønn samlet,Alle aldre,Føflekkreft (malignt melanom),"per 100 000, standardisert",,1,14
Seljord,2008-2017,2017-01-01,Kjønn samlet,Alle aldre,Brystkreft,"per 100 000, standardisert",,1,14
Seljord,2008-2017,2017-01-01,Kjønn samlet,Alle aldre,"Livmorhalskreft, kvinner","per 100 000, standardisert",,1,14
Seljord,2008-2017,2017-01-01,Kjønn samlet,Alle aldre,Prostatakreft,"per 100 000, standardisert",,1,14
Seljord,2008-2017,2017-01-01,Menn,Alle aldre,Totalt alle krefttyper,"per 100 000, standardisert",653.6,2,14
Seljord,2008-2017,2017-01-01,Menn,Alle aldre,Tykk- og endetarmskreft,"per 100 000, standardisert",,2,14
Seljord,2008-2017,2017-01-01,Menn,Alle aldre,Lungekreft,"per 100 000, standardisert",,2,14
Seljord,2008-2017,2017-01-01,Menn,Alle aldre,Hudkreft,"per 100 000, standardisert",,2,14
Seljord,2008-2017,2017-01-01,Menn,Alle aldre,Føflekkreft (malignt melanom),"per 100 000, standardisert",,2,14
Seljord,2008-2017,2017-01-01,Menn,Alle aldre,Brystkreft,"per 100 000, standardisert",,2,14
Seljord,2008-2017,2017-01-01,Menn,Alle aldre,"Livmorhalskreft, kvinner","per 100 000, standardisert",,2,14
Seljord,2008-2017,2017-01-01,Menn,Alle aldre,Prostatakreft,"per 100 000, standardisert",214.4,2,14
Seljord,2008-2017,2017-01-01,Kvinner,Alle aldre,Totalt alle krefttyper,"per 100 000, standardisert",436.4,3,14
Seljord,2008-2017,2017-01-01,Kvinner,Alle aldre,Tykk- og endetarmskreft,"per 100 000, standardisert",,3,14
Seljord,2008-2017,2017-01-01,Kvinner,Alle aldre,Lungekreft,"per 100 000, standardisert",,3,14
Seljord,2008-2017,2017-01-01,Kvinner,Alle aldre,Hudkreft,"per 100 000, standardisert",,3,14
Seljord,2008-2017,2017-01-01,Kvinner,Alle aldre,Føflekkreft (malignt melanom),"per 100 000, standardisert",,3,14
Seljord,2008-2017,2017-01-01,Kvinner,Alle aldre,Brystkreft,"per 100 000, standardisert",107.0,3,14
Seljord,2008-2017,2017-01-01,Kvinner,Alle aldre,"Livmorhalskreft, kvinner","per 100 000, standardisert",,3,14
Seljord,2008-2017,2017-01-01,Kvinner,Alle aldre,Prostatakreft,"per 100 000, standardisert",,3,14
Seljord,2009-2018,2018-01-01,Kjønn samlet,Alle aldre,Totalt alle krefttyper,"per 100 000, standardisert",562.8,1,14
Seljord,2009-2018,2018-01-01,Kjønn samlet,Alle aldre,Tykk- og endetarmskreft,"per 100 000, standardisert",51.6,1,14
Seljord,2009-2018,2018-01-01,Kjønn samlet,Alle aldre,Lungekreft,"per 100 000, standardisert",46.0,1,14
Seljord,2009-2018,2018-01-01,Kjønn samlet,Alle aldre,Hudkreft,"per 100 000, standardisert",59.6,1,14
Seljord,2009-2018,2018-01-01,Kjønn samlet,Alle aldre,Føflekkreft (malignt melanom),"per 100 000, standardisert",,1,14
Seljord,2009-2018,2018-01-01,Kjønn samlet,Alle aldre,Brystkreft,"per 100 000, standardisert",,1,14
Seljord,2009-2018,2018-01-01,Kjønn samlet,Alle aldre,"Livmorhalskreft, kvinner","per 100 000, standardisert",,1,14
Seljord,2009-2018,2018-01-01,Kjønn samlet,Alle aldre,Prostatakreft,"per 100 000, standardisert",,1,14
Seljord,2009-2018,2018-01-01,Menn,Alle aldre,Totalt alle krefttyper,"per 100 000, standardisert",651.9,2,14
Seljord,2009-2018,2018-01-01,Menn,Alle aldre,Tykk- og endetarmskreft,"per 100 000, standardisert",,2,14
Seljord,2009-2018,2018-01-01,Menn,Alle aldre,Lungekreft,"per 100 000, standardisert",,2,14
Seljord,2009-2018,2018-01-01,Menn,Alle aldre,Hudkreft,"per 100 000, standardisert",,2,14
Seljord,2009-2018,2018-01-01,Menn,Alle aldre,Føflekkreft (malignt melanom),"per 100 000, standardisert",,2,14
Seljord,2009-2018,2018-01-01,Menn,Alle aldre,Brystkreft,"per 100 000, standardisert",,2,14
Seljord,2009-2018,2018-01-01,Menn,Alle aldre,"Livmorhalskreft, kvinner","per 100 000, standardisert",,2,14
Seljord,2009-2018,2018-01-01,Menn,Alle aldre,Prostatakreft,"per 100 000, standardisert",187.6,2,14
Seljord,2009-2018,2018-01-01,Kvinner,Alle aldre,Totalt alle krefttyper,"per 100 000, standardisert",475.3,3,14
Seljord,2009-2018,2018-01-01,Kvinner,Alle aldre,Tykk- og endetarmskreft,"per 100 000, standardisert",,3,14
Seljord,2009-2018,2018-01-01,Kvinner,Alle aldre,Lungekreft,"per 100 000, standardisert",,3,14
Seljord,2009-2018,2018-01-01,Kvinner,Alle aldre,Hudkreft,"per 100 000, standardisert",49.5,3,14
Seljord,2009-2018,2018-01-01,Kvinner,Alle aldre,Føflekkreft (malignt melanom),"per 100 000, standardisert",,3,14
Seljord,2009-2018,2018-01-01,Kvinner,Alle aldre,Brystkreft,"per 100 000, standardisert",124.5,3,14
Seljord,2009-2018,2018-01-01,Kvinner,Alle aldre,"Livmorhalskreft, kvinner","per 100 000, standardisert",,3,14
Seljord,2009-2018,2018-01-01,Kvinner,Alle aldre,Prostatakreft,"per 100 000, standardisert",,3,14
Seljord,2010-2019,2019-01-01,Kjønn samlet,Alle aldre,Totalt alle krefttyper,"per 100 000, standardisert",541.3,1,14
Seljord,2010-2019,2019-01-01,Kjønn samlet,Alle aldre,Tykk- og endetarmskreft,"per 100 000, standardisert",62.6,1,14
Seljord,2010-2019,2019-01-01,Kjønn samlet,Alle aldre,Lungekreft,"per 100 000, standardisert",34.1,1,14
Seljord,2010-2019,2019-01-01,Kjønn samlet,Alle aldre,Hudkreft,"per 100 000, standardisert",56.6,1,14
Seljord,2010-2019,2019-01-01,Kjønn samlet,Alle aldre,Føflekkreft (malignt melanom),"per 100 000, standardisert",,1,14
Seljord,2010-2019,2019-01-01,Kjønn samlet,Alle aldre,Brystkreft,"per 100 000, standardisert",,1,14
Seljord,2010-2019,2019-01-01,Kjønn samlet,Alle aldre,"Livmorhalskreft, kvinner","per 100 000, standardisert",,1,14
Seljord,2010-2019,2019-01-01,Kjønn samlet,Alle aldre,Prostatakreft,"per 100 000, standardisert",,1,14
Seljord,2010-2019,2019-01-01,Menn,Alle aldre,Totalt alle krefttyper,"per 100 000, standardisert",613.8,2,14
Seljord,2010-2019,2019-01-01,Menn,Alle aldre,Tykk- og endetarmskreft,"per 100 000, standardisert",75.9,2,14
Seljord,2010-2019,2019-01-01,Menn,Alle aldre,Lungekreft,"per 100 000, standardisert",,2,14
Seljord,2010-2019,2019-01-01,Menn,Alle aldre,Hudkreft,"per 100 000, standardisert",,2,14
Seljord,2010-2019,2019-01-01,Menn,Alle aldre,Føflekkreft (malignt melanom),"per 100 000, standardisert",,2,14
Seljord,2010-2019,2019-01-01,Menn,Alle aldre,Brystkreft,"per 100 000, standardisert",,2,14
Seljord,2010-2019,2019-01-01,Menn,Alle aldre,"Livmorhalskreft, kvinner","per 100 000, standardisert",,2,14
Seljord,2010-2019,2019-01-01,Menn,Alle aldre,Prostatakreft,"per 100 000, standardisert",178.6,2,14
Seljord,2010-2019,2019-01-01,Kvinner,Alle aldre,Totalt alle krefttyper,"per 100 000, standardisert",469.3,3,14
Seljord,2010-2019,2019-01-01,Kvinner,Alle aldre,Tykk- og endetarmskreft,"per 100 000, standardisert",50.0,3,14
Seljord,2010-2019,2019-01-01,Kvinner,Alle aldre,Lungekreft,"per 100 000, standardisert",,3,14
Seljord,2010-2019,2019-01-01,Kvinner,Alle aldre,Hudkreft,"per 100 000, standardisert",55.2,3,14
Seljord,2010-2019,2019-01-01,Kvinner,Alle aldre,Føflekkreft (malignt melanom),"per 100 000, standardisert",,3,14
Seljord,2010-2019,2019-01-01,Kvinner,Alle aldre,Brystkreft,"per 100 000, standardisert",136.4,3,14
Seljord,2010-2019,2019-01-01,Kvinner,Alle aldre,"Livmorhalskreft, kvinner","per 100 000, standardisert",,3,14
Seljord,2010-2019,2019-01-01,Kvinner,Alle aldre,Prostatakreft,"per 100 000, standardisert",,3,14
Seljord,2011-2020,2020-01-01,Kjønn samlet,Alle aldre,Totalt alle krefttyper,"per 100 000, standardisert",545.4,1,14
Seljord,2011-2020,2020-01-01,Kjønn samlet,Alle aldre,Tykk- og endetarmskreft,"per 100 000, standardisert",65.0,1,14
Seljord,2011-2020,2020-01-01,Kjønn samlet,Alle aldre,Lungekreft,"per 100 000, standardisert",36.5,1,14
Seljord,2011-2020,2020-01-01,Kjønn samlet,Alle aldre,Hudkreft,"per 100 000, standardisert",61.9,1,14
Seljord,2011-2020,2020-01-01,Kjønn samlet,Alle aldre,Føflekkreft (malignt melanom),"per 100 000, standardisert",,1,14
Seljord,2011-2020,2020-01-01,Kjønn samlet,Alle aldre,Brystkreft,"per 100 000, standardisert",,1,14
Seljord,2011-2020,2020-01-01,Kjønn samlet,Alle aldre,"Livmorhalskreft, kvinner","per 100 000, standardisert",,1,14
Seljord,2011-2020,2020-01-01,Kjønn samlet,Alle aldre,Prostatakreft,"per 100 000, standardisert",,1,14
Seljord,2011-2020,2020-01-01,Menn,Alle aldre,Totalt alle krefttyper,"per 100 000, standardisert",587.3,2,14
Seljord,2011-2020,2020-01-01,Menn,Alle aldre,Tykk- og endetarmskreft,"per 100 000, standardisert",74.7,2,14
Seljord,2011-2020,2020-01-01,Menn,Alle aldre,Lungekreft,"per 100 000, standardisert",,2,14
Seljord,2011-2020,2020-01-01,Menn,Alle aldre,Hudkreft,"per 100 000, standardisert",,2,14
Seljord,2011-2020,2020-01-01,Menn,Alle aldre,Føflekkreft (malignt melanom),"per 100 000, standardisert",,2,14
Seljord,2011-2020,2020-01-01,Menn,Alle aldre,Brystkreft,"per 100 000, standardisert",,2,14
Seljord,2011-2020,2020-01-01,Menn,Alle aldre,"Livmorhalskreft, kvinner","per 100 000, standardisert",,2,14
Seljord,2011-2020,2020-01-01,Menn,Alle aldre,Prostatakreft,"per 100 000, standardisert",169.6,2,14
Seljord,2011-2020,2020-01-01,Kvinner,Alle aldre,Totalt alle krefttyper,"per 100 000, standardisert",503.2,3,14
Seljord,2011-2020,2020-01-01,Kvinner,Alle aldre,Tykk- og endetarmskreft,"per 100 000, standardisert",55.5,3,14
Seljord,2011-2020,2020-01-01,Kvinner,Alle aldre,Lungekreft,"per 100 000, standardisert",,3,14
Seljord,2011-2020,2020-01-01,Kvinner,Alle aldre,Hudkreft,"per 100 000, standardisert",71.9,3,14
Seljord,2011-2020,2020-01-01,Kvinner,Alle aldre,Føflekkreft (malignt melanom),"per 100 000, standardisert",,3,14
Seljord,2011-2020,2020-01-01,Kvinner,Alle aldre,Brystkreft,"per 100 000, standardisert",148.3,3,14
Seljord,2011-2020,2020-01-01,Kvinner,Alle aldre,"Livmorhalskreft, kvinner","per 100 000, standardisert",,3,14
Seljord,2011-2020,2020-01-01,Kvinner,Alle aldre,Prostatakreft,"per 100 000, standardisert",,3,14
Seljord,2012-2021,2021-01-01,Kjønn samlet,Alle aldre,Totalt alle krefttyper,"per 100 000, standardisert",568.6,1,14
Seljord,2012-2021,2021-01-01,Kjønn samlet,Alle aldre,Tykk- og endetarmskreft,"per 100 000, standardisert",67.2,1,14
Seljord,2012-2021,2021-01-01,Kjønn samlet,Alle aldre,Lungekreft,"per 100 000, standardisert",38.7,1,14
Seljord,2012-2021,2021-01-01,Kjønn samlet,Alle aldre,Hudkreft,"per 100 000, standardisert",67.1,1,14
Seljord,2012-2021,2021-01-01,Kjønn samlet,Alle aldre,Føflekkreft (malignt melanom),"per 100 000, standardisert",,1,14
Seljord,2012-2021,2021-01-01,Kjønn samlet,Alle aldre,Brystkreft,"per 100 000, standardisert",,1,14
Seljord,2012-2021,2021-01-01,Kjønn samlet,Alle aldre,"Livmorhalskreft, kvinner","per 100 000, standardisert",,1,14
Seljord,2012-2021,2021-01-01,Kjønn samlet,Alle aldre,Prostatakreft,"per 100 000, standardisert",,1,14
Seljord,2012-2021,2021-01-01,Menn,Alle aldre,Totalt alle krefttyper,"per 100 000, standardisert",628.5,2,14
Seljord,2012-2021,2021-01-01,Menn,Alle aldre,Tykk- og endetarmskreft,"per 100 000, standardisert",79.2,2,14
Seljord,2012-2021,2021-01-01,Menn,Alle aldre,Lungekreft,"per 100 000, standardisert",,2,14
Seljord,2012-2021,2021-01-01,Menn,Alle aldre,Hudkreft,"per 100 000, standardisert",,2,14
Seljord,2012-2021,2021-01-01,Menn,Alle aldre,Føflekkreft (malignt melanom),"per 100 000, standardisert",,2,14
Seljord,2012-2021,2021-01-01,Menn,Alle aldre,Brystkreft,"per 100 000, standardisert",,2,14
Seljord,2012-2021,2021-01-01,Menn,Alle aldre,"Livmorhalskreft, kvinner","per 100 000, standardisert",,2,14
Seljord,2012-2021,2021-01-01,Menn,Alle aldre,Prostatakreft,"per 100 000, standardisert",194.0,2,14
Seljord,2012-2021,2021-01-01,Kvinner,Alle aldre,Totalt alle krefttyper,"per 100 000, standardisert",508.0,3,14
Seljord,2012-2021,2021-01-01,Kvinner,Alle aldre,Tykk- og endetarmskreft,"per 100 000, standardisert",55.3,3,14
Seljord,2012-2021,2021-01-01,Kvinner,Alle aldre,Lungekreft,"per 100 000, standardisert",,3,14
Seljord,2012-2021,2021-01-01,Kvinner,Alle aldre,Hudkreft,"per 100 000, standardisert",77.5,3,14
Seljord,2012-2021,2021-01-01,Kvinner,Alle aldre,Føflekkreft (malignt melanom),"per 100 000, standardisert",,3,14
Seljord,2012-2021,2021-01-01,Kvinner,Alle aldre,Brystkreft,"per 100 000, standardisert",136.5,3,14
Seljord,2012-2021,2021-01-01,Kvinner,Alle aldre,"Livmorhalskreft, kvinner","per 100 000, standardisert",,3,14
Seljord,2012-2021,2021-01-01,Kvinner,Alle aldre,Prostatakreft,"per 100 000, standardisert",,3,14
Seljord,2013-2022,2022-01-01,Kjønn samlet,Alle aldre,Totalt alle krefttyper,"per 100 000, standardisert",593.7,1,14
Seljord,2013-2022,2022-01-01,Kjønn samlet,Alle aldre,Tykk- og endetarmskreft,"per 100 000, standardisert",69.2,1,14
Seljord,2013-2022,2022-01-01,Kjønn samlet,Alle aldre,Lungekreft,"per 100 000, standardisert",38.1,1,14
Seljord,2013-2022,2022-01-01,Kjønn samlet,Alle aldre,Hudkreft,"per 100 000, standardisert",80.4,1,14
Seljord,2013-2022,2022-01-01,Kjønn samlet,Alle aldre,Føflekkreft (malignt melanom),"per 100 000, standardisert",,1,14
Seljord,2013-2022,2022-01-01,Kjønn samlet,Alle aldre,Brystkreft,"per 100 000, standardisert",,1,14
Seljord,2013-2022,2022-01-01,Kjønn samlet,Alle aldre,"Livmorhalskreft, kvinner","per 100 000, standardisert",,1,14
Seljord,2013-2022,2022-01-01,Kjønn samlet,Alle aldre,Prostatakreft,"per 100 000, standardisert",,1,14
Seljord,2013-2022,2022-01-01,Menn,Alle aldre,Totalt alle krefttyper,"per 100 000, standardisert",651.2,2,14
Seljord,2013-2022,2022-01-01,Menn,Alle aldre,Tykk- og endetarmskreft,"per 100 000, standardisert",88.9,2,14
Seljord,2013-2022,2022-01-01,Menn,Alle aldre,Lungekreft,"per 100 000, standardisert",,2,14
Seljord,2013-2022,2022-01-01,Menn,Alle aldre,Hudkreft,"per 100 000, standardisert",,2,14
Seljord,2013-2022,2022-01-01,Menn,Alle aldre,Føflekkreft (malignt melanom),"per 100 000, standardisert",,2,14
Seljord,2013-2022,2022-01-01,Menn,Alle aldre,Brystkreft,"per 100 000, standardisert",,2,14
Seljord,2013-2022,2022-01-01,Menn,Alle aldre,"Livmorhalskreft, kvinner","per 100 000, standardisert",,2,14
Seljord,2013-2022,2022-01-01,Menn,Alle aldre,Prostatakreft,"per 100 000, standardisert",184.9,2,14
Seljord,2013-2022,2022-01-01,Kvinner,Alle aldre,Totalt alle krefttyper,"per 100 000, standardisert",535.2,3,14
Seljord,2013-2022,2022-01-01,Kvinner,Alle aldre,Tykk- og endetarmskreft,"per 100 000, standardisert",49.6,3,14
Seljord,2013-2022,2022-01-01,Kvinner,Alle aldre,Lungekreft,"per 100 000, standardisert",,3,14
Seljord,2013-2022,2022-01-01,Kvinner,Alle aldre,Hudkreft,"per 100 000, standardisert",94.2,3,14
Seljord,2013-2022,2022-01-01,Kvinner,Alle aldre,Føflekkreft (malignt melanom),"per 100 000, standardisert",,3,14
Seljord,2013-2022,2022-01-01,Kvinner,Alle aldre,Brystkreft,"per 100 000, standardisert",142.3,3,14
Seljord,2013-2022,2022-01-01,Kvinner,Alle aldre,"Livmorhalskreft, kvinner","per 100 000, standardisert",,3,14
Seljord,2013-2022,2022-01-01,Kvinner,Alle aldre,Prostatakreft,"per 100 000, standardisert",,3,14
Seljord,2014-2023,2023-01-01,Kjønn samlet,Alle aldre,Totalt alle krefttyper,"per 100 000, standardisert",612.2,1,14
Seljord,2014-2023,2023-01-01,Kjønn samlet,Alle aldre,Tykk- og endetarmskreft,"per 100 000, standardisert",73.9,1,14
Seljord,2014-2023,2023-01-01,Kjønn samlet,Alle aldre,Lungekreft,"per 100 000, standardisert",37.5,1,14
Seljord,2014-2023,2023-01-01,Kjønn samlet,Alle aldre,Hudkreft,"per 100 000, standardisert",90.7,1,14
Seljord,2014-2023,2023-01-01,Kjønn samlet,Alle aldre,Føflekkreft (malignt melanom),"per 100 000, standardisert",,1,14
Seljord,2014-2023,2023-01-01,Kjønn samlet,Alle aldre,Brystkreft,"per 100 000, standardisert",,1,14
Seljord,2014-2023,2023-01-01,Kjønn samlet,Alle aldre,"Livmorhalskreft, kvinner","per 100 000, standardisert",,1,14
Seljord,2014-2023,2023-01-01,Kjønn samlet,Alle aldre,Prostatakreft,"per 100 000, standardisert",,1,14
Seljord,2014-2023,2023-01-01,Menn,Alle aldre,Totalt alle krefttyper,"per 100 000, standardisert",672.5,2,14
Seljord,2014-2023,2023-01-01,Menn,Alle aldre,Tykk- og endetarmskreft,"per 100 000, standardisert",,2,14
Seljord,2014-2023,2023-01-01,Menn,Alle aldre,Lungekreft,"per 100 000, standardisert",,2,14
Seljord,2014-2023,2023-01-01,Menn,Alle aldre,Hudkreft,"per 100 000, standardisert",,2,14
Seljord,2014-2023,2023-01-01,Menn,Alle aldre,Føflekkreft (malignt melanom),"per 100 000, standardisert",,2,14
Seljord,2014-2023,2023-01-01,Menn,Alle aldre,Brystkreft,"per 100 000, standardisert",,2,14
Seljord,2014-2023,2023-01-01,Menn,Alle aldre,"Livmorhalskreft, kvinner","per 100 000, standardisert",,2,14
Seljord,2014-2023,2023-01-01,Menn,Alle aldre,Prostatakreft,"per 100 000, standardisert",186.8,2,14
Seljord,2014-2023,2023-01-01,Kvinner,Alle aldre,Totalt alle krefttyper,"per 100 000, standardisert",550.2,3,14
Seljord,2014-2023,2023-01-01,Kvinner,Alle aldre,Tykk- og endetarmskreft,"per 100 000, standardisert",,3,14
Seljord,2014-2023,2023-01-01,Kvinner,Alle aldre,Lungekreft,"per 100 000, standardisert",,3,14
Seljord,2014-2023,2023-01-01,Kvinner,Alle aldre,Hudkreft,"per 100 000, standardisert",94.3,3,14
Seljord,2014-2023,2023-01-01,Kvinner,Alle aldre,Føflekkreft (malignt melanom),"per 100 000, standardisert",,3,14
Seljord,2014-2023,2023-01-01,Kvinner,Alle aldre,Brystkreft,"per 100 000, standardisert",153.9,3,14
Seljord,2014-2023,2023-01-01,Kvinner,Alle aldre,"Livmorhalskreft, kvinner","per 100 000, standardisert",,3,14
Seljord,2014-2023,2023-01-01,Kvinner,Alle aldre,Prostatakreft,"per 100 000, standardisert",,3,14
Seljord,2015-2024,2024-01-01,Kjønn samlet,Alle aldre,Totalt alle krefttyper,"per 100 000, standardisert",643.7,1,14
Seljord,2015-2024,2024-01-01,Kjønn samlet,Alle aldre,Tykk- og endetarmskreft,"per 100 000, standardisert",73.0,1,14
Seljord,2015-2024,2024-01-01,Kjønn samlet,Alle aldre,Lungekreft,"per 100 000, standardisert",44.8,1,14
Seljord,2015-2024,2024-01-01,Kjønn samlet,Alle aldre,Hudkreft,"per 100 000, standardisert",95.1,1,14
Seljord,2015-2024,2024-01-01,Kjønn samlet,Alle aldre,Føflekkreft (malignt melanom),"per 100 000, standardisert",,1,14
Seljord,2015-2024,2024-01-01,Kjønn samlet,Alle aldre,Brystkreft,"per 100 000, standardisert",,1,14
Seljord,2015-2024,2024-01-01,Kjønn samlet,Alle aldre,"Livmorhalskreft, kvinner","per 100 000, standardisert",,1,14
Seljord,2015-2024,2024-01-01,Kjønn samlet,Alle aldre,Prostatakreft,"per 100 000, standardisert",,1,14
Seljord,2015-2024,2024-01-01,Menn,Alle aldre,Totalt alle krefttyper,"per 100 000, standardisert",714.9,2,14
Seljord,2015-2024,2024-01-01,Menn,Alle aldre,Tykk- og endetarmskreft,"per 100 000, standardisert",,2,14
Seljord,2015-2024,2024-01-01,Menn,Alle aldre,Lungekreft,"per 100 000, standardisert",,2,14
Seljord,2015-2024,2024-01-01,Menn,Alle aldre,Hudkreft,"per 100 000, standardisert",,2,14
Seljord,2015-2024,2024-01-01,Menn,Alle aldre,Føflekkreft (malignt melanom),"per 100 000, standardisert",,2,14
Seljord,2015-2024,2024-01-01,Menn,Alle aldre,Brystkreft,"per 100 000, standardisert",,2,14
Seljord,2015-2024,2024-01-01,Menn,Alle aldre,"Livmorhalskreft, kvinner","per 100 000, standardisert",,2,14
Seljord,2015-2024,2024-01-01,Menn,Alle aldre,Prostatakreft,"per 100 000, standardisert",204.6,2,14
Seljord,2015-2024,2024-01-01,Kvinner,Alle aldre,Totalt alle krefttyper,"per 100 000, standardisert",570.0,3,14
Seljord,2015-2024,2024-01-01,Kvinner,Alle aldre,Tykk- og endetarmskreft,"per 100 000, standardisert",,3,14
Seljord,2015-2024,2024-01-01,Kvinner,Alle aldre,Lungekreft,"per 100 000, standardisert",,3,14
Seljord,2015-2024,2024-01-01,Kvinner,Alle aldre,Hudkreft,"per 100 000, standardisert",105.2,3,14
Seljord,2015-2024,2024-01-01,Kvinner,Alle aldre,Føflekkreft (malignt melanom),"per 100 000, standardisert",,3,14
Seljord,2015-2024,2024-01-01,Kvinner,Alle aldre,Brystkreft,"per 100 000, standardisert",159.3,3,14
Seljord,2015-2024,2024-01-01,Kvinner,Alle aldre,"Livmorhalskreft, kvinner","per 100 000, standardisert",,3,14
Seljord,2015-2024,2024-01-01,Kvinner,Alle aldre,Prostatakreft,"per 100 000, standardisert",,3,14
Seljord,2016-2025,2025-01-01,Kjønn samlet,Alle aldre,Totalt alle krefttyper,"per 100 000, standardisert",701.3,1,14
Seljord,2016-2025,2025-01-01,Kjønn samlet,Alle aldre,Tykk- og endetarmskreft,"per 100 000, standardisert",82.7,1,14
Seljord,2016-2025,2025-01-01,Kjønn samlet,Alle aldre,Lungekreft,"per 100 000, standardisert",51.9,1,14
Seljord,2016-2025,2025-01-01,Kjønn samlet,Alle aldre,Hudkreft,"per 100 000, standardisert",107.4,1,14
Seljord,2016-2025,2025-01-01,Kjønn samlet,Alle aldre,Føflekkreft (malignt melanom),"per 100 000, standardisert",,1,14
Seljord,2016-2025,2025-01-01,Kjønn samlet,Alle aldre,Brystkreft,"per 100 000, standardisert",,1,14
Seljord,2016-2025,2025-01-01,Kjønn samlet,Alle aldre,"Livmorhalskreft, kvinner","per 100 000, standardisert",,1,14
Seljord,2016-2025,2025-01-01,Kjønn samlet,Alle aldre,Prostatakreft,"per 100 000, standardisert",,1,14
Seljord,2016-2025,2025-01-01,Menn,Alle aldre,Totalt alle krefttyper,"per 100 000, standardisert",730.2,2,14
Seljord,2016-2025,2025-01-01,Menn,Alle aldre,Tykk- og endetarmskreft,"per 100 000, standardisert",110.6,2,14
Seljord,2016-2025,2025-01-01,Menn,Alle aldre,Lungekreft,"per 100 000, standardisert",,2,14
Seljord,2016-2025,2025-01-01,Menn,Alle aldre,Hudkreft,"per 100 000, standardisert",,2,14
Seljord,2016-2025,2025-01-01,Menn,Alle aldre,Føflekkreft (malignt melanom),"per 100 000, standardisert",,2,14
Seljord,2016-2025,2025-01-01,Menn,Alle aldre,Brystkreft,"per 100 000, standardisert",,2,14
Seljord,2016-2025,2025-01-01,Menn,Alle aldre,"Livmorhalskreft, kvinner","per 100 000, standardisert",,2,14
Seljord,2016-2025,2025-01-01,Menn,Alle aldre,Prostatakreft,"per 100 000, standardisert",206.9,2,14
Seljord,2016-2025,2025-01-01,Kvinner,Alle aldre,Totalt alle krefttyper,"per 100 000, standardisert",672.3,3,14
Seljord,2016-2025,2025-01-01,Kvinner,Alle aldre,Tykk- og endetarmskreft,"per 100 000, standardisert",54.1,3,14
Seljord,2016-2025,2025-01-01,Kvinner,Alle aldre,Lungekreft,"per 100 000, standardisert",,3,14
Seljord,2016-2025,2025-01-01,Kvinner,Alle aldre,Hudkreft,"per 100 000, standardisert",132.1,3,14
Seljord,2016-2025,2025-01-01,Kvinner,Alle aldre,Føflekkreft (malignt melanom),"per 100 000, standardisert",,3,14
Seljord,2016-2025,2025-01-01,Kvinner,Alle aldre,Brystkreft,"per 100 000, standardisert",176.2,3,14
Seljord,2016-2025,2025-01-01,Kvinner,Alle aldre,"Livmorhalskreft, kvinner","per 100 000, standardisert",,3,14
Seljord,2016-2025,2025-01-01,Kvinner,Alle aldre,Prostatakreft,"per 100 000, standardisert",,3,14
Hjartdal,2007-2016,2016-01-01,Kjønn samlet,Alle aldre,Totalt alle krefttyper,"per 100 000, standardisert",575.8,1,6
Hjartdal,2007-2016,2016-01-01,Kjønn samlet,Alle aldre,Tykk- og endetarmskreft,"per 100 000, standardisert",49.8,1,6
Hjartdal,2007-2016,2016-01-01,Kjønn samlet,Alle aldre,Lungekreft,"per 100 000, standardisert",,1,6
Hjartdal,2007-2016,2016-01-01,Kjønn samlet,Alle aldre,Hudkreft,"per 100 000, standardisert",,1,6
Hjartdal,2007-2016,2016-01-01,Kjønn samlet,Alle aldre,Føflekkreft (malignt melanom),"per 100 000, standardisert",,1,6
Hjartdal,2007-2016,2016-01-01,Kjønn samlet,Alle aldre,Brystkreft,"per 100 000, standardisert",,1,6
Hjartdal,2007-2016,2016-01-01,Kjønn samlet,Alle aldre,"Livmorhalskreft, kvinner","per 100 000, standardisert",,1,6
Hjartdal,2007-2016,2016-01-01,Kjønn samlet,Alle aldre,Prostatakreft,"per 100 000, standardisert",,1,6
Hjartdal,2007-2016,2016-01-01,Menn,Alle aldre,Totalt alle krefttyper,"per 100 000, standardisert",588.3,2,6
Hjartdal,2007-2016,2016-01-01,Menn,Alle aldre,Tykk- og endetarmskreft,"per 100 000, standardisert",,2,6
Hjartdal,2007-2016,2016-01-01,Menn,Alle aldre,Lungekreft,"per 100 000, standardisert",,2,6
Hjartdal,2007-2016,2016-01-01,Menn,Alle aldre,Hudkreft,"per 100 000, standardisert",,2,6
Hjartdal,2007-2016,2016-01-01,Menn,Alle aldre,Føflekkreft (malignt melanom),"per 100 000, standardisert",,2,6
Hjartdal,2007-2016,2016-01-01,Menn,Alle aldre,Brystkreft,"per 100 000, standardisert",,2,6
Hjartdal,2007-2016,2016-01-01,Menn,Alle aldre,"Livmorhalskreft, kvinner","per 100 000, standardisert",,2,6
Hjartdal,2007-2016,2016-01-01,Menn,Alle aldre,Prostatakreft,"per 100 000, standardisert",235.8,2,6
Hjartdal,2007-2016,2016-01-01,Kvinner,Alle aldre,Totalt alle krefttyper,"per 100 000, standardisert",563.3,3,6
Hjartdal,2007-2016,2016-01-01,Kvinner,Alle aldre,Tykk- og endetarmskreft,"per 100 000, standardisert",,3,6
Hjartdal,2007-2016,2016-01-01,Kvinner,Alle aldre,Lungekreft,"per 100 000, standardisert",,3,6
Hjartdal,2007-2016,2016-01-01,Kvinner,Alle aldre,Hudkreft,"per 100 000, standardisert",,3,6
Hjartdal,2007-2016,2016-01-01,Kvinner,Alle aldre,Føflekkreft (malignt melanom),"per 100 000, standardisert",,3,6
Hjartdal,2007-2016,2016-01-01,Kvinner,Alle aldre,Brystkreft,"per 100 000, standardisert",,3,6
Hjartdal,2007-2016,2016-01-01,Kvinner,Alle aldre,"Livmorhalskreft, kvinner","per 100 000, standardisert",,3,6
Hjartdal,2007-2016,2016-01-01,Kvinner,Alle aldre,Prostatakreft,"per 100 000, standardisert",,3,6
Hjartdal,2008-2017,2017-01-01,Kjønn samlet,Alle aldre,Totalt alle krefttyper,"per 100 000, standardisert",568.7,1,6
Hjartdal,2008-2017,2017-01-01,Kjønn samlet,Alle aldre,Tykk- og endetarmskreft,"per 100 000, standardisert",59.6,1,6
Hjartdal,2008-2017,2017-01-01,Kjønn samlet,Alle aldre,Lungekreft,"per 100 000, standardisert",,1,6
Hjartdal,2008-2017,2017-01-01,Kjønn samlet,Alle aldre,Hudkreft,"per 100 000, standardisert",,1,6
Hjartdal,2008-2017,2017-01-01,Kjønn samlet,Alle aldre,Føflekkreft (malignt melanom),"per 100 000, standardisert",,1,6
Hjartdal,2008-2017,2017-01-01,Kjønn samlet,Alle aldre,Brystkreft,"per 100 000, standardisert",,1,6
Hjartdal,2008-2017,2017-01-01,Kjønn samlet,Alle aldre,"Livmorhalskreft, kvinner","per 100 000, standardisert",,1,6
Hjartdal,2008-2017,2017-01-01,Kjønn samlet,Alle aldre,Prostatakreft,"per 100 000, standardisert",,1,6
Hjartdal,2008-2017,2017-01-01,Menn,Alle aldre,Totalt alle krefttyper,"per 100 000, standardisert",544.4,2,6
Hjartdal,2008-2017,2017-01-01,Menn,Alle aldre,Tykk- og endetarmskreft,"per 100 000, standardisert",,2,6
Hjartdal,2008-2017,2017-01-01,Menn,Alle aldre,Lungekreft,"per 100 000, standardisert",,2,6
Hjartdal,2008-2017,2017-01-01,Menn,Alle aldre,Hudkreft,"per 100 000, standardisert",,2,6
Hjartdal,2008-2017,2017-01-01,Menn,Alle aldre,Føflekkreft (malignt melanom),"per 100 000, standardisert",,2,6
Hjartdal,2008-2017,2017-01-01,Menn,Alle aldre,Brystkreft,"per 100 000, standardisert",,2,6
Hjartdal,2008-2017,2017-01-01,Menn,Alle aldre,"Livmorhalskreft, kvinner","per 100 000, standardisert",,2,6
Hjartdal,2008-2017,2017-01-01,Menn,Alle aldre,Prostatakreft,"per 100 000, standardisert",243.6,2,6
Hjartdal,2008-2017,2017-01-01,Kvinner,Alle aldre,Totalt alle krefttyper,"per 100 000, standardisert",594.4,3,6
Hjartdal,2008-2017,2017-01-01,Kvinner,Alle aldre,Tykk- og endetarmskreft,"per 100 000, standardisert",,3,6
Hjartdal,2008-2017,2017-01-01,Kvinner,Alle aldre,Lungekreft,"per 100 000, standardisert",,3,6
Hjartdal,2008-2017,2017-01-01,Kvinner,Alle aldre,Hudkreft,"per 100 000, standardisert",,3,6
Hjartdal,2008-2017,2017-01-01,Kvinner,Alle aldre,Føflekkreft (malignt melanom),"per 100 000, standardisert",,3,6
Hjartdal,2008-2017,2017-01-01,Kvinner,Alle aldre,Brystkreft,"per 100 000, standardisert",,3,6
Hjartdal,2008-2017,2017-01-01,Kvinner,Alle aldre,"Livmorhalskreft, kvinner","per 100 000, standardisert",,3,6
Hjartdal,2008-2017,2017-01-01,Kvinner,Alle aldre,Prostatakreft,"per 100 000, standardisert",,3,6
Hjartdal,2009-2018,2018-01-01,Kjønn samlet,Alle aldre,Totalt alle krefttyper,"per 100 000, standardisert",567.0,1,6
Hjartdal,2009-2018,2018-01-01,Kjønn samlet,Alle aldre,Tykk- og endetarmskreft,"per 100 000, standardisert",,1,6
Hjartdal,2009-2018,2018-01-01,Kjønn samlet,Alle aldre,Lungekreft,"per 100 000, standardisert",,1,6
Hjartdal,2009-2018,2018-01-01,Kjønn samlet,Alle aldre,Hudkreft,"per 100 000, standardisert",,1,6
Hjartdal,2009-2018,2018-01-01,Kjønn samlet,Alle aldre,Føflekkreft (malignt melanom),"per 100 000, standardisert",,1,6
Hjartdal,2009-2018,2018-01-01,Kjønn samlet,Alle aldre,Brystkreft,"per 100 000, standardisert",,1,6
Hjartdal,2009-2018,2018-01-01,Kjønn samlet,Alle aldre,"Livmorhalskreft, kvinner","per 100 000, standardisert",,1,6
Hjartdal,2009-2018,2018-01-01,Kjønn samlet,Alle aldre,Prostatakreft,"per 100 000, standardisert",,1,6
Hjartdal,2009-2018,2018-01-01,Menn,Alle aldre,Totalt alle krefttyper,"per 100 000, standardisert",591.6,2,6
Hjartdal,2009-2018,2018-01-01,Menn,Alle aldre,Tykk- og endetarmskreft,"per 100 000, standardisert",,2,6
Hjartdal,2009-2018,2018-01-01,Menn,Alle aldre,Lungekreft,"per 100 000, standardisert",,2,6
Hjartdal,2009-2018,2018-01-01,Menn,Alle aldre,Hudkreft,"per 100 000, standardisert",,2,6
Hjartdal,2009-2018,2018-01-01,Menn,Alle aldre,Føflekkreft (malignt melanom),"per 100 000, standardisert",,2,6
Hjartdal,2009-2018,2018-01-01,Menn,Alle aldre,Brystkreft,"per 100 000, standardisert",,2,6
Hjartdal,2009-2018,2018-01-01,Menn,Alle aldre,"Livmorhalskreft, kvinner","per 100 000, standardisert",,2,6
Hjartdal,2009-2018,2018-01-01,Menn,Alle aldre,Prostatakreft,"per 100 000, standardisert",281.2,2,6
Hjartdal,2009-2018,2018-01-01,Kvinner,Alle aldre,Totalt alle krefttyper,"per 100 000, standardisert",542.1,3,6
Hjartdal,2009-2018,2018-01-01,Kvinner,Alle aldre,Tykk- og endetarmskreft,"per 100 000, standardisert",,3,6
Hjartdal,2009-2018,2018-01-01,Kvinner,Alle aldre,Lungekreft,"per 100 000, standardisert",,3,6
Hjartdal,2009-2018,2018-01-01,Kvinner,Alle aldre,Hudkreft,"per 100 000, standardisert",,3,6
Hjartdal,2009-2018,2018-01-01,Kvinner,Alle aldre,Føflekkreft (malignt melanom),"per 100 000, standardisert",,3,6
Hjartdal,2009-2018,2018-01-01,Kvinner,Alle aldre,Brystkreft,"per 100 000, standardisert",,3,6
Hjartdal,2009-2018,2018-01-01,Kvinner,Alle aldre,"Livmorhalskreft, kvinner","per 100 000, standardisert",,3,6
Hjartdal,2009-2018,2018-01-01,Kvinner,Alle aldre,Prostatakreft,"per 100 000, standardisert",,3,6
Hjartdal,2010-2019,2019-01-01,Kjønn samlet,Alle aldre,Totalt alle krefttyper,"per 100 000, standardisert",544.3,1,6
Hjartdal,2010-2019,2019-01-01,Kjønn samlet,Alle aldre,Tykk- og endetarmskreft,"per 100 000, standardisert",44.4,1,6
Hjartdal,2010-2019,2019-01-01,Kjønn samlet,Alle aldre,Lungekreft,"per 100 000, standardisert",,1,6
Hjartdal,2010-2019,2019-01-01,Kjønn samlet,Alle aldre,Hudkreft,"per 100 000, standardisert",,1,6
Hjartdal,2010-2019,2019-01-01,Kjønn samlet,Alle aldre,Føflekkreft (malignt melanom),"per 100 000, standardisert",,1,6
Hjartdal,2010-2019,2019-01-01,Kjønn samlet,Alle aldre,Brystkreft,"per 100 000, standardisert",,1,6
Hjartdal,2010-2019,2019-01-01,Kjønn samlet,Alle aldre,"Livmorhalskreft, kvinner","per 100 000, standardisert",,1,6
Hjartdal,2010-2019,2019-01-01,Kjønn samlet,Alle aldre,Prostatakreft,"per 100 000, standardisert",,1,6
Hjartdal,2010-2019,2019-01-01,Menn,Alle aldre,Totalt alle krefttyper,"per 100 000, standardisert",527.4,2,6
Hjartdal,2010-2019,2019-01-01,Menn,Alle aldre,Tykk- og endetarmskreft,"per 100 000, standardisert",,2,6
Hjartdal,2010-2019,2019-01-01,Menn,Alle aldre,Lungekreft,"per 100 000, standardisert",,2,6
Hjartdal,2010-2019,2019-01-01,Menn,Alle aldre,Hudkreft,"per 100 000, standardisert",,2,6
Hjartdal,2010-2019,2019-01-01,Menn,Alle aldre,Føflekkreft (malignt melanom),"per 100 000, standardisert",,2,6
Hjartdal,2010-2019,2019-01-01,Menn,Alle aldre,Brystkreft,"per 100 000, standardisert",,2,6
Hjartdal,2010-2019,2019-01-01,Menn,Alle aldre,"Livmorhalskreft, kvinner","per 100 000, standardisert",,2,6
Hjartdal,2010-2019,2019-01-01,Menn,Alle aldre,Prostatakreft,"per 100 000, standardisert",237.8,2,6
Hjartdal,2010-2019,2019-01-01,Kvinner,Alle aldre,Totalt alle krefttyper,"per 100 000, standardisert",562.9,3,6
Hjartdal,2010-2019,2019-01-01,Kvinner,Alle aldre,Tykk- og endetarmskreft,"per 100 000, standardisert",,3,6
Hjartdal,2010-2019,2019-01-01,Kvinner,Alle aldre,Lungekreft,"per 100 000, standardisert",,3,6
Hjartdal,2010-2019,2019-01-01,Kvinner,Alle aldre,Hudkreft,"per 100 000, standardisert",,3,6
Hjartdal,2010-2019,2019-01-01,Kvinner,Alle aldre,Føflekkreft (malignt melanom),"per 100 000, standardisert",,3,6
Hjartdal,2010-2019,2019-01-01,Kvinner,Alle aldre,Brystkreft,"per 100 000, standardisert",,3,6
Hjartdal,2010-2019,2019-01-01,Kvinner,Alle aldre,"Livmorhalskreft, kvinner","per 100 000, standardisert",,3,6
Hjartdal,2010-2019,2019-01-01,Kvinner,Alle aldre,Prostatakreft,"per 100 000, standardisert",,3,6
Hjartdal,2011-2020,2020-01-01,Kjønn samlet,Alle aldre,Totalt alle krefttyper,"per 100 000, standardisert",566.3,1,6
Hjartdal,2011-2020,2020-01-01,Kjønn samlet,Alle aldre,Tykk- og endetarmskreft,"per 100 000, standardisert",59.0,1,6
Hjartdal,2011-2020,2020-01-01,Kjønn samlet,Alle aldre,Lungekreft,"per 100 000, standardisert",,1,6
Hjartdal,2011-2020,2020-01-01,Kjønn samlet,Alle aldre,Hudkreft,"per 100 000, standardisert",,1,6
Hjartdal,2011-2020,2020-01-01,Kjønn samlet,Alle aldre,Føflekkreft (malignt melanom),"per 100 000, standardisert",,1,6
Hjartdal,2011-2020,2020-01-01,Kjønn samlet,Alle aldre,Brystkreft,"per 100 000, standardisert",,1,6
Hjartdal,2011-2020,2020-01-01,Kjønn samlet,Alle aldre,"Livmorhalskreft, kvinner","per 100 000, standardisert",,1,6
Hjartdal,2011-2020,2020-01-01,Kjønn samlet,Alle aldre,Prostatakreft,"per 100 000, standardisert",,1,6
Hjartdal,2011-2020,2020-01-01,Menn,Alle aldre,Totalt alle krefttyper,"per 100 000, standardisert",560.7,2,6
Hjartdal,2011-2020,2020-01-01,Menn,Alle aldre,Tykk- og endetarmskreft,"per 100 000, standardisert",,2,6
Hjartdal,2011-2020,2020-01-01,Menn,Alle aldre,Lungekreft,"per 100 000, standardisert",,2,6
Hjartdal,2011-2020,2020-01-01,Menn,Alle aldre,Hudkreft,"per 100 000, standardisert",,2,6
Hjartdal,2011-2020,2020-01-01,Menn,Alle aldre,Føflekkreft (malignt melanom),"per 100 000, standardisert",,2,6
Hjartdal,2011-2020,2020-01-01,Menn,Alle aldre,Brystkreft,"per 100 000, standardisert",,2,6
Hjartdal,2011-2020,2020-01-01,Menn,Alle aldre,"Livmorhalskreft, kvinner","per 100 000, standardisert",,2,6
Hjartdal,2011-2020,2020-01-01,Menn,Alle aldre,Prostatakreft,"per 100 000, standardisert",234.0,2,6
Hjartdal,2011-2020,2020-01-01,Kvinner,Alle aldre,Totalt alle krefttyper,"per 100 000, standardisert",573.6,3,6
Hjartdal,2011-2020,2020-01-01,Kvinner,Alle aldre,Tykk- og endetarmskreft,"per 100 000, standardisert",,3,6
Hjartdal,2011-2020,2020-01-01,Kvinner,Alle aldre,Lungekreft,"per 100 000, standardisert",,3,6
Hjartdal,2011-2020,2020-01-01,Kvinner,Alle aldre,Hudkreft,"per 100 000, standardisert",,3,6
Hjartdal,2011-2020,2020-01-01,Kvinner,Alle aldre,Føflekkreft (malignt melanom),"per 100 000, standardisert",,3,6
Hjartdal,2011-2020,2020-01-01,Kvinner,Alle aldre,Brystkreft,"per 100 000, standardisert",,3,6
Hjartdal,2011-2020,2020-01-01,Kvinner,Alle aldre,"Livmorhalskreft, kvinner","per 100 000, standardisert",,3,6
Hjartdal,2011-2020,2020-01-01,Kvinner,Alle aldre,Prostatakreft,"per 100 000, standardisert",,3,6
Hjartdal,2012-2021,2021-01-01,Kjønn samlet,Alle aldre,Totalt alle krefttyper,"per 100 000, standardisert",581.8,1,6
Hjartdal,2012-2021,2021-01-01,Kjønn samlet,Alle aldre,Tykk- og endetarmskreft,"per 100 000, standardisert",53.6,1,6
Hjartdal,2012-2021,2021-01-01,Kjønn samlet,Alle aldre,Lungekreft,"per 100 000, standardisert",,1,6
Hjartdal,2012-2021,2021-01-01,Kjønn samlet,Alle aldre,Hudkreft,"per 100 000, standardisert",,1,6
Hjartdal,2012-2021,2021-01-01,Kjønn samlet,Alle aldre,Føflekkreft (malignt melanom),"per 100 000, standardisert",,1,6
Hjartdal,2012-2021,2021-01-01,Kjønn samlet,Alle aldre,Brystkreft,"per 100 000, standardisert",,1,6
Hjartdal,2012-2021,2021-01-01,Kjønn samlet,Alle aldre,"Livmorhalskreft, kvinner","per 100 000, standardisert",,1,6
Hjartdal,2012-2021,2021-01-01,Kjønn samlet,Alle aldre,Prostatakreft,"per 100 000, standardisert",,1,6
Hjartdal,2012-2021,2021-01-01,Menn,Alle aldre,Totalt alle krefttyper,"per 100 000, standardisert",581.3,2,6
Hjartdal,2012-2021,2021-01-01,Menn,Alle aldre,Tykk- og endetarmskreft,"per 100 000, standardisert",,2,6
Hjartdal,2012-2021,2021-01-01,Menn,Alle aldre,Lungekreft,"per 100 000, standardisert",,2,6
Hjartdal,2012-2021,2021-01-01,Menn,Alle aldre,Hudkreft,"per 100 000, standardisert",,2,6
Hjartdal,2012-2021,2021-01-01,Menn,Alle aldre,Føflekkreft (malignt melanom),"per 100 000, standardisert",,2,6
Hjartdal,2012-2021,2021-01-01,Menn,Alle aldre,Brystkreft,"per 100 000, standardisert",,2,6
Hjartdal,2012-2021,2021-01-01,Menn,Alle aldre,"Livmorhalskreft, kvinner","per 100 000, standardisert",,2,6
Hjartdal,2012-2021,2021-01-01,Menn,Alle aldre,Prostatakreft,"per 100 000, standardisert",239.2,2,6
Hjartdal,2012-2021,2021-01-01,Kvinner,Alle aldre,Totalt alle krefttyper,"per 100 000, standardisert",584.3,3,6
Hjartdal,2012-2021,2021-01-01,Kvinner,Alle aldre,Tykk- og endetarmskreft,"per 100 000, standardisert",,3,6
Hjartdal,2012-2021,2021-01-01,Kvinner,Alle aldre,Lungekreft,"per 100 000, standardisert",,3,6
Hjartdal,2012-2021,2021-01-01,Kvinner,Alle aldre,Hudkreft,"per 100 000, standardisert",,3,6
Hjartdal,2012-2021,2021-01-01,Kvinner,Alle aldre,Føflekkreft (malignt melanom),"per 100 000, standardisert",,3,6
Hjartdal,2012-2021,2021-01-01,Kvinner,Alle aldre,Brystkreft,"per 100 000, standardisert",,3,6
Hjartdal,2012-2021,2021-01-01,Kvinner,Alle aldre,"Livmorhalskreft, kvinner","per 100 000, standardisert",,3,6
Hjartdal,2012-2021,2021-01-01,Kvinner,Alle aldre,Prostatakreft,"per 100 000, standardisert",,3,6
Hjartdal,2013-2022,2022-01-01,Kjønn samlet,Alle aldre,Totalt alle krefttyper,"per 100 000, standardisert",610.9,1,6
Hjartdal,2013-2022,2022-01-01,Kjønn samlet,Alle aldre,Tykk- og endetarmskreft,"per 100 000, standardisert",58.0,1,6
Hjartdal,2013-2022,2022-01-01,Kjønn samlet,Alle aldre,Lungekreft,"per 100 000, standardisert",,1,6
Hjartdal,2013-2022,2022-01-01,Kjønn samlet,Alle aldre,Hudkreft,"per 100 000, standardisert",,1,6
Hjartdal,2013-2022,2022-01-01,Kjønn samlet,Alle aldre,Føflekkreft (malignt melanom),"per 100 000, standardisert",,1,6
Hjartdal,2013-2022,2022-01-01,Kjønn samlet,Alle aldre,Brystkreft,"per 100 000, standardisert",,1,6
Hjartdal,2013-2022,2022-01-01,Kjønn samlet,Alle aldre,"Livmorhalskreft, kvinner","per 100 000, standardisert",,1,6
Hjartdal,2013-2022,2022-01-01,Kjønn samlet,Alle aldre,Prostatakreft,"per 100 000, standardisert",,1,6
Hjartdal,2013-2022,2022-01-01,Menn,Alle aldre,Totalt alle krefttyper,"per 100 000, standardisert",599.8,2,6
Hjartdal,2013-2022,2022-01-01,Menn,Alle aldre,Tykk- og endetarmskreft,"per 100 000, standardisert",,2,6
Hjartdal,2013-2022,2022-01-01,Menn,Alle aldre,Lungekreft,"per 100 000, standardisert",,2,6
Hjartdal,2013-2022,2022-01-01,Menn,Alle aldre,Hudkreft,"per 100 000, standardisert",,2,6
Hjartdal,2013-2022,2022-01-01,Menn,Alle aldre,Føflekkreft (malignt melanom),"per 100 000, standardisert",,2,6
Hjartdal,2013-2022,2022-01-01,Menn,Alle aldre,Brystkreft,"per 100 000, standardisert",,2,6
Hjartdal,2013-2022,2022-01-01,Menn,Alle aldre,"Livmorhalskreft, kvinner","per 100 000, standardisert",,2,6
Hjartdal,2013-2022,2022-01-01,Menn,Alle aldre,Prostatakreft,"per 100 000, standardisert",243.7,2,6
Hjartdal,2013-2022,2022-01-01,Kvinner,Alle aldre,Totalt alle krefttyper,"per 100 000, standardisert",625.6,3,6
Hjartdal,2013-2022,2022-01-01,Kvinner,Alle aldre,Tykk- og endetarmskreft,"per 100 000, standardisert",,3,6
Hjartdal,2013-2022,2022-01-01,Kvinner,Alle aldre,Lungekreft,"per 100 000, standardisert",,3,6
Hjartdal,2013-2022,2022-01-01,Kvinner,Alle aldre,Hudkreft,"per 100 000, standardisert",,3,6
Hjartdal,2013-2022,2022-01-01,Kvinner,Alle aldre,Føflekkreft (malignt melanom),"per 100 000, standardisert",,3,6
Hjartdal,2013-2022,2022-01-01,Kvinner,Alle aldre,Brystkreft,"per 100 000, standardisert",,3,6
Hjartdal,2013-2022,2022-01-01,Kvinner,Alle aldre,"Livmorhalskreft, kvinner","per 100 000, standardisert",,3,6
Hjartdal,2013-2022,2022-01-01,Kvinner,Alle aldre,Prostatakreft,"per 100 000, standardisert",,3,6
Hjartdal,2014-2023,2023-01-01,Kjønn samlet,Alle aldre,Totalt alle krefttyper,"per 100 000, standardisert",589.1,1,6
Hjartdal,2014-2023,2023-01-01,Kjønn samlet,Alle aldre,Tykk- og endetarmskreft,"per 100 000, standardisert",71.7,1,6
Hjartdal,2014-2023,2023-01-01,Kjønn samlet,Alle aldre,Lungekreft,"per 100 000, standardisert",,1,6
Hjartdal,2014-2023,2023-01-01,Kjønn samlet,Alle aldre,Hudkreft,"per 100 000, standardisert",,1,6
Hjartdal,2014-2023,2023-01-01,Kjønn samlet,Alle aldre,Føflekkreft (malignt melanom),"per 100 000, standardisert",,1,6
Hjartdal,2014-2023,2023-01-01,Kjønn samlet,Alle aldre,Brystkreft,"per 100 000, standardisert",,1,6
Hjartdal,2014-2023,2023-01-01,Kjønn samlet,Alle aldre,"Livmorhalskreft, kvinner","per 100 000, standardisert",,1,6
Hjartdal,2014-2023,2023-01-01,Kjønn samlet,Alle aldre,Prostatakreft,"per 100 000, standardisert",,1,6
Hjartdal,2014-2023,2023-01-01,Menn,Alle aldre,Totalt alle krefttyper,"per 100 000, standardisert",560.9,2,6
Hjartdal,2014-2023,2023-01-01,Menn,Alle aldre,Tykk- og endetarmskreft,"per 100 000, standardisert",,2,6
Hjartdal,2014-2023,2023-01-01,Menn,Alle aldre,Lungekreft,"per 100 000, standardisert",,2,6
Hjartdal,2014-2023,2023-01-01,Menn,Alle aldre,Hudkreft,"per 100 000, standardisert",,2,6
Hjartdal,2014-2023,2023-01-01,Menn,Alle aldre,Føflekkreft (malignt melanom),"per 100 000, standardisert",,2,6
Hjartdal,2014-2023,2023-01-01,Menn,Alle aldre,Brystkreft,"per 100 000, standardisert",,2,6
Hjartdal,2014-2023,2023-01-01,Menn,Alle aldre,"Livmorhalskreft, kvinner","per 100 000, standardisert",,2,6
Hjartdal,2014-2023,2023-01-01,Menn,Alle aldre,Prostatakreft,"per 100 000, standardisert",201.9,2,6
Hjartdal,2014-2023,2023-01-01,Kvinner,Alle aldre,Totalt alle krefttyper,"per 100 000, standardisert",623.3,3,6
Hjartdal,2014-2023,2023-01-01,Kvinner,Alle aldre,Tykk- og endetarmskreft,"per 100 000, standardisert",,3,6
Hjartdal,2014-2023,2023-01-01,Kvinner,Alle aldre,Lungekreft,"per 100 000, standardisert",,3,6
Hjartdal,2014-2023,2023-01-01,Kvinner,Alle aldre,Hudkreft,"per 100 000, standardisert",,3,6
Hjartdal,2014-2023,2023-01-01,Kvinner,Alle aldre,Føflekkreft (malignt melanom),"per 100 000, standardisert",,3,6
Hjartdal,2014-2023,2023-01-01,Kvinner,Alle aldre,Brystkreft,"per 100 000, standardisert",,3,6
Hjartdal,2014-2023,2023-01-01,Kvinner,Alle aldre,"Livmorhalskreft, kvinner","per 100 000, standardisert",,3,6
Hjartdal,2014-2023,2023-01-01,Kvinner,Alle aldre,Prostatakreft,"per 100 000, standardisert",,3,6
Hjartdal,2015-2024,2024-01-01,Kjønn samlet,Alle aldre,Totalt alle krefttyper,"per 100 000, standardisert",566.9,1,6
Hjartdal,2015-2024,2024-01-01,Kjønn samlet,Alle aldre,Tykk- og endetarmskreft,"per 100 000, standardisert",70.7,1,6
Hjartdal,2015-2024,2024-01-01,Kjønn samlet,Alle aldre,Lungekreft,"per 100 000, standardisert",,1,6
Hjartdal,2015-2024,2024-01-01,Kjønn samlet,Alle aldre,Hudkreft,"per 100 000, standardisert",,1,6
Hjartdal,2015-2024,2024-01-01,Kjønn samlet,Alle aldre,Føflekkreft (malignt melanom),"per 100 000, standardisert",,1,6
Hjartdal,2015-2024,2024-01-01,Kjønn samlet,Alle aldre,Brystkreft,"per 100 000, standardisert",,1,6
Hjartdal,2015-2024,2024-01-01,Kjønn samlet,Alle aldre,"Livmorhalskreft, kvinner","per 100 000, standardisert",,1,6
Hjartdal,2015-2024,2024-01-01,Kjønn samlet,Alle aldre,Prostatakreft,"per 100 000, standardisert",,1,6
Hjartdal,2015-2024,2024-01-01,Menn,Alle aldre,Totalt alle krefttyper,"per 100 000, standardisert",532.3,2,6
Hjartdal,2015-2024,2024-01-01,Menn,Alle aldre,Tykk- og endetarmskreft,"per 100 000, standardisert",,2,6
Hjartdal,2015-2024,2024-01-01,Menn,Alle aldre,Lungekreft,"per 100 000, standardisert",,2,6
Hjartdal,2015-2024,2024-01-01,Menn,Alle aldre,Hudkreft,"per 100 000, standardisert",,2,6
Hjartdal,2015-2024,2024-01-01,Menn,Alle aldre,Føflekkreft (malignt melanom),"per 100 000, standardisert",,2,6
Hjartdal,2015-2024,2024-01-01,Menn,Alle aldre,Brystkreft,"per 100 000, standardisert",,2,6
Hjartdal,2015-2024,2024-01-01,Menn,Alle aldre,"Livmorhalskreft, kvinner","per 100 000, standardisert",,2,6
Hjartdal,2015-2024,2024-01-01,Menn,Alle aldre,Prostatakreft,"per 100 000, standardisert",188.8,2,6
Hjartdal,2015-2024,2024-01-01,Kvinner,Alle aldre,Totalt alle krefttyper,"per 100 000, standardisert",609.1,3,6
Hjartdal,2015-2024,2024-01-01,Kvinner,Alle aldre,Tykk- og endetarmskreft,"per 100 000, standardisert",,3,6
Hjartdal,2015-2024,2024-01-01,Kvinner,Alle aldre,Lungekreft,"per 100 000, standardisert",,3,6
Hjartdal,2015-2024,2024-01-01,Kvinner,Alle aldre,Hudkreft,"per 100 000, standardisert",,3,6
Hjartdal,2015-2024,2024-01-01,Kvinner,Alle aldre,Føflekkreft (malignt melanom),"per 100 000, standardisert",,3,6
Hjartdal,2015-2024,2024-01-01,Kvinner,Alle aldre,Brystkreft,"per 100 000, standardisert",,3,6
Hjartdal,2015-2024,2024-01-01,Kvinner,Alle aldre,"Livmorhalskreft, kvinner","per 100 000, standardisert",,3,6
Hjartdal,2015-2024,2024-01-01,Kvinner,Alle aldre,Prostatakreft,"per 100 000, standardisert",,3,6
Hjartdal,2016-2025,2025-01-01,Kjønn samlet,Alle aldre,Totalt alle krefttyper,"per 100 000, standardisert",593.3,1,6
Hjartdal,2016-2025,2025-01-01,Kjønn samlet,Alle aldre,Tykk- og endetarmskreft,"per 100 000, standardisert",88.4,1,6
Hjartdal,2016-2025,2025-01-01,Kjønn samlet,Alle aldre,Lungekreft,"per 100 000, standardisert",,1,6
Hjartdal,2016-2025,2025-01-01,Kjønn samlet,Alle aldre,Hudkreft,"per 100 000, standardisert",,1,6
Hjartdal,2016-2025,2025-01-01,Kjønn samlet,Alle aldre,Føflekkreft (malignt melanom),"per 100 000, standardisert",,1,6
Hjartdal,2016-2025,2025-01-01,Kjønn samlet,Alle aldre,Brystkreft,"per 100 000, standardisert",,1,6
Hjartdal,2016-2025,2025-01-01,Kjønn samlet,Alle aldre,"Livmorhalskreft, kvinner","per 100 000, standardisert",,1,6
Hjartdal,2016-2025,2025-01-01,Kjønn samlet,Alle aldre,Prostatakreft,"per 100 000, standardisert",,1,6
Hjartdal,2016-2025,2025-01-01,Menn,Alle aldre,Totalt alle krefttyper,"per 100 000, standardisert",568.3,2,6
Hjartdal,2016-2025,2025-01-01,Menn,Alle aldre,Tykk- og endetarmskreft,"per 100 000, standardisert",,2,6
Hjartdal,2016-2025,2025-01-01,Menn,Alle aldre,Lungekreft,"per 100 000, standardisert",,2,6
Hjartdal,2016-2025,2025-01-01,Menn,Alle aldre,Hudkreft,"per 100 000, standardisert",,2,6
Hjartdal,2016-2025,2025-01-01,Menn,Alle aldre,Føflekkreft (malignt melanom),"per 100 000, standardisert",,2,6
Hjartdal,2016-2025,2025-01-01,Menn,Alle aldre,Brystkreft,"per 100 000, standardisert",,2,6
Hjartdal,2016-2025,2025-01-01,Menn,Alle aldre,"Livmorhalskreft, kvinner","per 100 000, standardisert",,2,6
Hjartdal,2016-2025,2025-01-01,Menn,Alle aldre,Prostatakreft,"per 100 000, standardisert",229.6,2,6
Hjartdal,2016-2025,2025-01-01,Kvinner,Alle aldre,Totalt alle krefttyper,"per 100 000, standardisert",625.4,3,6
Hjartdal,2016-2025,2025-01-01,Kvinner,Alle aldre,Tykk- og endetarmskreft,"per 100 000, standardisert",,3,6
Hjartdal,2016-2025,2025-01-01,Kvinner,Alle aldre,Lungekreft,"per 100 000, standardisert",,3,6
Hjartdal,2016-2025,2025-01-01,Kvinner,Alle aldre,Hudkreft,"per 100 000, standardisert",,3,6
Hjartdal,2016-2025,2025-01-01,Kvinner,Alle aldre,Føflekkreft (malignt melanom),"per 100 000, standardisert",,3,6
Hjartdal,2016-2025,2025-01-01,Kvinner,Alle aldre,Brystkreft,"per 100 000, standardisert",,3,6
Hjartdal,2016-2025,2025-01-01,Kvinner,Alle aldre,"Livmorhalskreft, kvinner","per 100 000, standardisert",,3,6
Hjartdal,2016-2025,2025-01-01,Kvinner,Alle aldre,Prostatakreft,"per 100 000, standardisert",,3,6
Tinn,2007-2016,2016-01-01,Kjønn samlet,Alle aldre,Totalt alle krefttyper,"per 100 000, standardisert",636.8,1,17
Tinn,2007-2016,2016-01-01,Kjønn samlet,Alle aldre,Tykk- og endetarmskreft,"per 100 000, standardisert",73.4,1,17
Tinn,2007-2016,2016-01-01,Kjønn samlet,Alle aldre,Lungekreft,"per 100 000, standardisert",77.7,1,17
Tinn,2007-2016,2016-01-01,Kjønn samlet,Alle aldre,Hudkreft,"per 100 000, standardisert",93.9,1,17
Tinn,2007-2016,2016-01-01,Kjønn samlet,Alle aldre,Føflekkreft (malignt melanom),"per 100 000, standardisert",48.6,1,17
Tinn,2007-2016,2016-01-01,Kjønn samlet,Alle aldre,Brystkreft,"per 100 000, standardisert",,1,17
Tinn,2007-2016,2016-01-01,Kjønn samlet,Alle aldre,"Livmorhalskreft, kvinner","per 100 000, standardisert",,1,17
Tinn,2007-2016,2016-01-01,Kjønn samlet,Alle aldre,Prostatakreft,"per 100 000, standardisert",,1,17
Tinn,2007-2016,2016-01-01,Menn,Alle aldre,Totalt alle krefttyper,"per 100 000, standardisert",634.8,2,17
Tinn,2007-2016,2016-01-01,Menn,Alle aldre,Tykk- og endetarmskreft,"per 100 000, standardisert",63.3,2,17
Tinn,2007-2016,2016-01-01,Menn,Alle aldre,Lungekreft,"per 100 000, standardisert",64.2,2,17
Tinn,2007-2016,2016-01-01,Menn,Alle aldre,Hudkreft,"per 100 000, standardisert",90.0,2,17
Tinn,2007-2016,2016-01-01,Menn,Alle aldre,Føflekkreft (malignt melanom),"per 100 000, standardisert",,2,17
Tinn,2007-2016,2016-01-01,Menn,Alle aldre,Brystkreft,"per 100 000, standardisert",,2,17
Tinn,2007-2016,2016-01-01,Menn,Alle aldre,"Livmorhalskreft, kvinner","per 100 000, standardisert",,2,17
Tinn,2007-2016,2016-01-01,Menn,Alle aldre,Prostatakreft,"per 100 000, standardisert",199.5,2,17
Tinn,2007-2016,2016-01-01,Kvinner,Alle aldre,Totalt alle krefttyper,"per 100 000, standardisert",635.1,3,17
Tinn,2007-2016,2016-01-01,Kvinner,Alle aldre,Tykk- og endetarmskreft,"per 100 000, standardisert",82.0,3,17
Tinn,2007-2016,2016-01-01,Kvinner,Alle aldre,Lungekreft,"per 100 000, standardisert",90.2,3,17
Tinn,2007-2016,2016-01-01,Kvinner,Alle aldre,Hudkreft,"per 100 000, standardisert",96.6,3,17
Tinn,2007-2016,2016-01-01,Kvinner,Alle aldre,Føflekkreft (malignt melanom),"per 100 000, standardisert",,3,17
Tinn,2007-2016,2016-01-01,Kvinner,Alle aldre,Brystkreft,"per 100 000, standardisert",145.3,3,17
Tinn,2007-2016,2016-01-01,Kvinner,Alle aldre,"Livmorhalskreft, kvinner","per 100 000, standardisert",,3,17
Tinn,2007-2016,2016-01-01,Kvinner,Alle aldre,Prostatakreft,"per 100 000, standardisert",,3,17
Tinn,2008-2017,2017-01-01,Kjønn samlet,Alle aldre,Totalt alle krefttyper,"per 100 000, standardisert",651.7,1,17
Tinn,2008-2017,2017-01-01,Kjønn samlet,Alle aldre,Tykk- og endetarmskreft,"per 100 000, standardisert",74.8,1,17
Tinn,2008-2017,2017-01-01,Kjønn samlet,Alle aldre,Lungekreft,"per 100 000, standardisert",81.6,1,17
Tinn,2008-2017,2017-01-01,Kjønn samlet,Alle aldre,Hudkreft,"per 100 000, standardisert",92.7,1,17
Tinn,2008-2017,2017-01-01,Kjønn samlet,Alle aldre,Føflekkreft (malignt melanom),"per 100 000, standardisert",48.4,1,17
Tinn,2008-2017,2017-01-01,Kjønn samlet,Alle aldre,Brystkreft,"per 100 000, standardisert",,1,17
Tinn,2008-2017,2017-01-01,Kjønn samlet,Alle aldre,"Livmorhalskreft, kvinner","per 100 000, standardisert",,1,17
Tinn,2008-2017,2017-01-01,Kjønn samlet,Alle aldre,Prostatakreft,"per 100 000, standardisert",,1,17
Tinn,2008-2017,2017-01-01,Menn,Alle aldre,Totalt alle krefttyper,"per 100 000, standardisert",659.9,2,17
Tinn,2008-2017,2017-01-01,Menn,Alle aldre,Tykk- og endetarmskreft,"per 100 000, standardisert",68.6,2,17
Tinn,2008-2017,2017-01-01,Menn,Alle aldre,Lungekreft,"per 100 000, standardisert",69.2,2,17
Tinn,2008-2017,2017-01-01,Menn,Alle aldre,Hudkreft,"per 100 000, standardisert",95.3,2,17
Tinn,2008-2017,2017-01-01,Menn,Alle aldre,Føflekkreft (malignt melanom),"per 100 000, standardisert",,2,17
Tinn,2008-2017,2017-01-01,Menn,Alle aldre,Brystkreft,"per 100 000, standardisert",,2,17
Tinn,2008-2017,2017-01-01,Menn,Alle aldre,"Livmorhalskreft, kvinner","per 100 000, standardisert",,2,17
Tinn,2008-2017,2017-01-01,Menn,Alle aldre,Prostatakreft,"per 100 000, standardisert",189.6,2,17
Tinn,2008-2017,2017-01-01,Kvinner,Alle aldre,Totalt alle krefttyper,"per 100 000, standardisert",641.0,3,17
Tinn,2008-2017,2017-01-01,Kvinner,Alle aldre,Tykk- og endetarmskreft,"per 100 000, standardisert",80.0,3,17
Tinn,2008-2017,2017-01-01,Kvinner,Alle aldre,Lungekreft,"per 100 000, standardisert",93.2,3,17
Tinn,2008-2017,2017-01-01,Kvinner,Alle aldre,Hudkreft,"per 100 000, standardisert",89.9,3,17
Tinn,2008-2017,2017-01-01,Kvinner,Alle aldre,Føflekkreft (malignt melanom),"per 100 000, standardisert",,3,17
Tinn,2008-2017,2017-01-01,Kvinner,Alle aldre,Brystkreft,"per 100 000, standardisert",145.4,3,17
Tinn,2008-2017,2017-01-01,Kvinner,Alle aldre,"Livmorhalskreft, kvinner","per 100 000, standardisert",,3,17
Tinn,2008-2017,2017-01-01,Kvinner,Alle aldre,Prostatakreft,"per 100 000, standardisert",,3,17
Tinn,2009-2018,2018-01-01,Kjønn samlet,Alle aldre,Totalt alle krefttyper,"per 100 000, standardisert",675.6,1,17
Tinn,2009-2018,2018-01-01,Kjønn samlet,Alle aldre,Tykk- og endetarmskreft,"per 100 000, standardisert",84.4,1,17
Tinn,2009-2018,2018-01-01,Kjønn samlet,Alle aldre,Lungekreft,"per 100 000, standardisert",88.1,1,17
Tinn,2009-2018,2018-01-01,Kjønn samlet,Alle aldre,Hudkreft,"per 100 000, standardisert",98.3,1,17
Tinn,2009-2018,2018-01-01,Kjønn samlet,Alle aldre,Føflekkreft (malignt melanom),"per 100 000, standardisert",52.6,1,17
Tinn,2009-2018,2018-01-01,Kjønn samlet,Alle aldre,Brystkreft,"per 100 000, standardisert",,1,17
Tinn,2009-2018,2018-01-01,Kjønn samlet,Alle aldre,"Livmorhalskreft, kvinner","per 100 000, standardisert",,1,17
Tinn,2009-2018,2018-01-01,Kjønn samlet,Alle aldre,Prostatakreft,"per 100 000, standardisert",,1,17
Tinn,2009-2018,2018-01-01,Menn,Alle aldre,Totalt alle krefttyper,"per 100 000, standardisert",688.9,2,17
Tinn,2009-2018,2018-01-01,Menn,Alle aldre,Tykk- og endetarmskreft,"per 100 000, standardisert",70.7,2,17
Tinn,2009-2018,2018-01-01,Menn,Alle aldre,Lungekreft,"per 100 000, standardisert",79.9,2,17
Tinn,2009-2018,2018-01-01,Menn,Alle aldre,Hudkreft,"per 100 000, standardisert",105.9,2,17
Tinn,2009-2018,2018-01-01,Menn,Alle aldre,Føflekkreft (malignt melanom),"per 100 000, standardisert",,2,17
Tinn,2009-2018,2018-01-01,Menn,Alle aldre,Brystkreft,"per 100 000, standardisert",,2,17
Tinn,2009-2018,2018-01-01,Menn,Alle aldre,"Livmorhalskreft, kvinner","per 100 000, standardisert",,2,17
Tinn,2009-2018,2018-01-01,Menn,Alle aldre,Prostatakreft,"per 100 000, standardisert",185.8,2,17
Tinn,2009-2018,2018-01-01,Kvinner,Alle aldre,Totalt alle krefttyper,"per 100 000, standardisert",660.5,3,17
Tinn,2009-2018,2018-01-01,Kvinner,Alle aldre,Tykk- og endetarmskreft,"per 100 000, standardisert",96.8,3,17
Tinn,2009-2018,2018-01-01,Kvinner,Alle aldre,Lungekreft,"per 100 000, standardisert",95.9,3,17
Tinn,2009-2018,2018-01-01,Kvinner,Alle aldre,Hudkreft,"per 100 000, standardisert",90.9,3,17
Tinn,2009-2018,2018-01-01,Kvinner,Alle aldre,Føflekkreft (malignt melanom),"per 100 000, standardisert",,3,17
Tinn,2009-2018,2018-01-01,Kvinner,Alle aldre,Brystkreft,"per 100 000, standardisert",142.5,3,17
Tinn,2009-2018,2018-01-01,Kvinner,Alle aldre,"Livmorhalskreft, kvinner","per 100 000, standardisert",,3,17
Tinn,2009-2018,2018-01-01,Kvinner,Alle aldre,Prostatakreft,"per 100 000, standardisert",,3,17
Tinn,2010-2019,2019-01-01,Kjønn samlet,Alle aldre,Totalt alle krefttyper,"per 100 000, standardisert",703.2,1,17
Tinn,2010-2019,2019-01-01,Kjønn samlet,Alle aldre,Tykk- og endetarmskreft,"per 100 000, standardisert",89.8,1,17
Tinn,2010-2019,2019-01-01,Kjønn samlet,Alle aldre,Lungekreft,"per 100 000, standardisert",88.6,1,17
Tinn,2010-2019,2019-01-01,Kjønn samlet,Alle aldre,Hudkreft,"per 100 000, standardisert",99.7,1,17
Tinn,2010-2019,2019-01-01,Kjønn samlet,Alle aldre,Føflekkreft (malignt melanom),"per 100 000, standardisert",51.0,1,17
Tinn,2010-2019,2019-01-01,Kjønn samlet,Alle aldre,Brystkreft,"per 100 000, standardisert",,1,17
Tinn,2010-2019,2019-01-01,Kjønn samlet,Alle aldre,"Livmorhalskreft, kvinner","per 100 000, standardisert",,1,17
Tinn,2010-2019,2019-01-01,Kjønn samlet,Alle aldre,Prostatakreft,"per 100 000, standardisert",,1,17
Tinn,2010-2019,2019-01-01,Menn,Alle aldre,Totalt alle krefttyper,"per 100 000, standardisert",714.0,2,17
Tinn,2010-2019,2019-01-01,Menn,Alle aldre,Tykk- og endetarmskreft,"per 100 000, standardisert",72.7,2,17
Tinn,2010-2019,2019-01-01,Menn,Alle aldre,Lungekreft,"per 100 000, standardisert",84.3,2,17
Tinn,2010-2019,2019-01-01,Menn,Alle aldre,Hudkreft,"per 100 000, standardisert",105.0,2,17
Tinn,2010-2019,2019-01-01,Menn,Alle aldre,Føflekkreft (malignt melanom),"per 100 000, standardisert",,2,17
Tinn,2010-2019,2019-01-01,Menn,Alle aldre,Brystkreft,"per 100 000, standardisert",,2,17
Tinn,2010-2019,2019-01-01,Menn,Alle aldre,"Livmorhalskreft, kvinner","per 100 000, standardisert",,2,17
Tinn,2010-2019,2019-01-01,Menn,Alle aldre,Prostatakreft,"per 100 000, standardisert",193.6,2,17
Tinn,2010-2019,2019-01-01,Kvinner,Alle aldre,Totalt alle krefttyper,"per 100 000, standardisert",690.7,3,17
Tinn,2010-2019,2019-01-01,Kvinner,Alle aldre,Tykk- og endetarmskreft,"per 100 000, standardisert",105.5,3,17
Tinn,2010-2019,2019-01-01,Kvinner,Alle aldre,Lungekreft,"per 100 000, standardisert",92.8,3,17
Tinn,2010-2019,2019-01-01,Kvinner,Alle aldre,Hudkreft,"per 100 000, standardisert",94.4,3,17
Tinn,2010-2019,2019-01-01,Kvinner,Alle aldre,Føflekkreft (malignt melanom),"per 100 000, standardisert",,3,17
Tinn,2010-2019,2019-01-01,Kvinner,Alle aldre,Brystkreft,"per 100 000, standardisert",142.6,3,17
Tinn,2010-2019,2019-01-01,Kvinner,Alle aldre,"Livmorhalskreft, kvinner","per 100 000, standardisert",,3,17
Tinn,2010-2019,2019-01-01,Kvinner,Alle aldre,Prostatakreft,"per 100 000, standardisert",,3,17
Tinn,2011-2020,2020-01-01,Kjønn samlet,Alle aldre,Totalt alle krefttyper,"per 100 000, standardisert",709.3,1,17
Tinn,2011-2020,2020-01-01,Kjønn samlet,Alle aldre,Tykk- og endetarmskreft,"per 100 000, standardisert",88.0,1,17
Tinn,2011-2020,2020-01-01,Kjønn samlet,Alle aldre,Lungekreft,"per 100 000, standardisert",97.5,1,17
Tinn,2011-2020,2020-01-01,Kjønn samlet,Alle aldre,Hudkreft,"per 100 000, standardisert",98.5,1,17
Tinn,2011-2020,2020-01-01,Kjønn samlet,Alle aldre,Føflekkreft (malignt melanom),"per 100 000, standardisert",47.8,1,17
Tinn,2011-2020,2020-01-01,Kjønn samlet,Alle aldre,Brystkreft,"per 100 000, standardisert",,1,17
Tinn,2011-2020,2020-01-01,Kjønn samlet,Alle aldre,"Livmorhalskreft, kvinner","per 100 000, standardisert",,1,17
Tinn,2011-2020,2020-01-01,Kjønn samlet,Alle aldre,Prostatakreft,"per 100 000, standardisert",,1,17
Tinn,2011-2020,2020-01-01,Menn,Alle aldre,Totalt alle krefttyper,"per 100 000, standardisert",742.1,2,17
Tinn,2011-2020,2020-01-01,Menn,Alle aldre,Tykk- og endetarmskreft,"per 100 000, standardisert",74.7,2,17
Tinn,2011-2020,2020-01-01,Menn,Alle aldre,Lungekreft,"per 100 000, standardisert",91.5,2,17
Tinn,2011-2020,2020-01-01,Menn,Alle aldre,Hudkreft,"per 100 000, standardisert",115.5,2,17
Tinn,2011-2020,2020-01-01,Menn,Alle aldre,Føflekkreft (malignt melanom),"per 100 000, standardisert",,2,17
Tinn,2011-2020,2020-01-01,Menn,Alle aldre,Brystkreft,"per 100 000, standardisert",,2,17
Tinn,2011-2020,2020-01-01,Menn,Alle aldre,"Livmorhalskreft, kvinner","per 100 000, standardisert",,2,17
Tinn,2011-2020,2020-01-01,Menn,Alle aldre,Prostatakreft,"per 100 000, standardisert",192.8,2,17
Tinn,2011-2020,2020-01-01,Kvinner,Alle aldre,Totalt alle krefttyper,"per 100 000, standardisert",675.9,3,17
Tinn,2011-2020,2020-01-01,Kvinner,Alle aldre,Tykk- og endetarmskreft,"per 100 000, standardisert",100.5,3,17
Tinn,2011-2020,2020-01-01,Kvinner,Alle aldre,Lungekreft,"per 100 000, standardisert",103.4,3,17
Tinn,2011-2020,2020-01-01,Kvinner,Alle aldre,Hudkreft,"per 100 000, standardisert",82.2,3,17
Tinn,2011-2020,2020-01-01,Kvinner,Alle aldre,Føflekkreft (malignt melanom),"per 100 000, standardisert",,3,17
Tinn,2011-2020,2020-01-01,Kvinner,Alle aldre,Brystkreft,"per 100 000, standardisert",154.3,3,17
Tinn,2011-2020,2020-01-01,Kvinner,Alle aldre,"Livmorhalskreft, kvinner","per 100 000, standardisert",,3,17
Tinn,2011-2020,2020-01-01,Kvinner,Alle aldre,Prostatakreft,"per 100 000, standardisert",,3,17
Tinn,2012-2021,2021-01-01,Kjønn samlet,Alle aldre,Totalt alle krefttyper,"per 100 000, standardisert",714.6,1,17
Tinn,2012-2021,2021-01-01,Kjønn samlet,Alle aldre,Tykk- og endetarmskreft,"per 100 000, standardisert",84.8,1,17
Tinn,2012-2021,2021-01-01,Kjønn samlet,Alle aldre,Lungekreft,"per 100 000, standardisert",106.0,1,17
Tinn,2012-2021,2021-01-01,Kjønn samlet,Alle aldre,Hudkreft,"per 100 000, standardisert",97.2,1,17
Tinn,2012-2021,2021-01-01,Kjønn samlet,Alle aldre,Føflekkreft (malignt melanom),"per 100 000, standardisert",47.6,1,17
Tinn,2012-2021,2021-01-01,Kjønn samlet,Alle aldre,Brystkreft,"per 100 000, standardisert",,1,17
Tinn,2012-2021,2021-01-01,Kjønn samlet,Alle aldre,"Livmorhalskreft, kvinner","per 100 000, standardisert",,1,17
Tinn,2012-2021,2021-01-01,Kjønn samlet,Alle aldre,Prostatakreft,"per 100 000, standardisert",,1,17
Tinn,2012-2021,2021-01-01,Menn,Alle aldre,Totalt alle krefttyper,"per 100 000, standardisert",748.5,2,17
Tinn,2012-2021,2021-01-01,Menn,Alle aldre,Tykk- og endetarmskreft,"per 100 000, standardisert",82.1,2,17
Tinn,2012-2021,2021-01-01,Menn,Alle aldre,Lungekreft,"per 100 000, standardisert",103.8,2,17
Tinn,2012-2021,2021-01-01,Menn,Alle aldre,Hudkreft,"per 100 000, standardisert",111.7,2,17
Tinn,2012-2021,2021-01-01,Menn,Alle aldre,Føflekkreft (malignt melanom),"per 100 000, standardisert",,2,17
Tinn,2012-2021,2021-01-01,Menn,Alle aldre,Brystkreft,"per 100 000, standardisert",,2,17
Tinn,2012-2021,2021-01-01,Menn,Alle aldre,"Livmorhalskreft, kvinner","per 100 000, standardisert",,2,17
Tinn,2012-2021,2021-01-01,Menn,Alle aldre,Prostatakreft,"per 100 000, standardisert",180.7,2,17
Tinn,2012-2021,2021-01-01,Kvinner,Alle aldre,Totalt alle krefttyper,"per 100 000, standardisert",680.0,3,17
Tinn,2012-2021,2021-01-01,Kvinner,Alle aldre,Tykk- og endetarmskreft,"per 100 000, standardisert",87.2,3,17
Tinn,2012-2021,2021-01-01,Kvinner,Alle aldre,Lungekreft,"per 100 000, standardisert",108.2,3,17
Tinn,2012-2021,2021-01-01,Kvinner,Alle aldre,Hudkreft,"per 100 000, standardisert",83.0,3,17
Tinn,2012-2021,2021-01-01,Kvinner,Alle aldre,Føflekkreft (malignt melanom),"per 100 000, standardisert",,3,17
Tinn,2012-2021,2021-01-01,Kvinner,Alle aldre,Brystkreft,"per 100 000, standardisert",154.4,3,17
Tinn,2012-2021,2021-01-01,Kvinner,Alle aldre,"Livmorhalskreft, kvinner","per 100 000, standardisert",,3,17
Tinn,2012-2021,2021-01-01,Kvinner,Alle aldre,Prostatakreft,"per 100 000, standardisert",,3,17
Tinn,2013-2022,2022-01-01,Kjønn samlet,Alle aldre,Totalt alle krefttyper,"per 100 000, standardisert",702.8,1,17
Tinn,2013-2022,2022-01-01,Kjønn samlet,Alle aldre,Tykk- og endetarmskreft,"per 100 000, standardisert",82.8,1,17
Tinn,2013-2022,2022-01-01,Kjønn samlet,Alle aldre,Lungekreft,"per 100 000, standardisert",96.1,1,17
Tinn,2013-2022,2022-01-01,Kjønn samlet,Alle aldre,Hudkreft,"per 100 000, standardisert",99.7,1,17
Tinn,2013-2022,2022-01-01,Kjønn samlet,Alle aldre,Føflekkreft (malignt melanom),"per 100 000, standardisert",47.3,1,17
Tinn,2013-2022,2022-01-01,Kjønn samlet,Alle aldre,Brystkreft,"per 100 000, standardisert",,1,17
Tinn,2013-2022,2022-01-01,Kjønn samlet,Alle aldre,"Livmorhalskreft, kvinner","per 100 000, standardisert",,1,17
Tinn,2013-2022,2022-01-01,Kjønn samlet,Alle aldre,Prostatakreft,"per 100 000, standardisert",,1,17
Tinn,2013-2022,2022-01-01,Menn,Alle aldre,Totalt alle krefttyper,"per 100 000, standardisert",736.2,2,17
Tinn,2013-2022,2022-01-01,Menn,Alle aldre,Tykk- og endetarmskreft,"per 100 000, standardisert",83.6,2,17
Tinn,2013-2022,2022-01-01,Menn,Alle aldre,Lungekreft,"per 100 000, standardisert",101.6,2,17
Tinn,2013-2022,2022-01-01,Menn,Alle aldre,Hudkreft,"per 100 000, standardisert",115.8,2,17
Tinn,2013-2022,2022-01-01,Menn,Alle aldre,Føflekkreft (malignt melanom),"per 100 000, standardisert",,2,17
Tinn,2013-2022,2022-01-01,Menn,Alle aldre,Brystkreft,"per 100 000, standardisert",,2,17
Tinn,2013-2022,2022-01-01,Menn,Alle aldre,"Livmorhalskreft, kvinner","per 100 000, standardisert",,2,17
Tinn,2013-2022,2022-01-01,Menn,Alle aldre,Prostatakreft,"per 100 000, standardisert",168.8,2,17
Tinn,2013-2022,2022-01-01,Kvinner,Alle aldre,Totalt alle krefttyper,"per 100 000, standardisert",668.9,3,17
Tinn,2013-2022,2022-01-01,Kvinner,Alle aldre,Tykk- og endetarmskreft,"per 100 000, standardisert",81.8,3,17
Tinn,2013-2022,2022-01-01,Kvinner,Alle aldre,Lungekreft,"per 100 000, standardisert",90.6,3,17
Tinn,2013-2022,2022-01-01,Kvinner,Alle aldre,Hudkreft,"per 100 000, standardisert",83.7,3,17
Tinn,2013-2022,2022-01-01,Kvinner,Alle aldre,Føflekkreft (malignt melanom),"per 100 000, standardisert",,3,17
Tinn,2013-2022,2022-01-01,Kvinner,Alle aldre,Brystkreft,"per 100 000, standardisert",166.0,3,17
Tinn,2013-2022,2022-01-01,Kvinner,Alle aldre,"Livmorhalskreft, kvinner","per 100 000, standardisert",,3,17
Tinn,2013-2022,2022-01-01,Kvinner,Alle aldre,Prostatakreft,"per 100 000, standardisert",,3,17
Tinn,2014-2023,2023-01-01,Kjønn samlet,Alle aldre,Totalt alle krefttyper,"per 100 000, standardisert",705.3,1,17
Tinn,2014-2023,2023-01-01,Kjønn samlet,Alle aldre,Tykk- og endetarmskreft,"per 100 000, standardisert",83.3,1,17
Tinn,2014-2023,2023-01-01,Kjønn samlet,Alle aldre,Lungekreft,"per 100 000, standardisert",95.8,1,17
Tinn,2014-2023,2023-01-01,Kjønn samlet,Alle aldre,Hudkreft,"per 100 000, standardisert",103.1,1,17
Tinn,2014-2023,2023-01-01,Kjønn samlet,Alle aldre,Føflekkreft (malignt melanom),"per 100 000, standardisert",49.8,1,17
Tinn,2014-2023,2023-01-01,Kjønn samlet,Alle aldre,Brystkreft,"per 100 000, standardisert",,1,17
Tinn,2014-2023,2023-01-01,Kjønn samlet,Alle aldre,"Livmorhalskreft, kvinner","per 100 000, standardisert",,1,17
Tinn,2014-2023,2023-01-01,Kjønn samlet,Alle aldre,Prostatakreft,"per 100 000, standardisert",,1,17
Tinn,2014-2023,2023-01-01,Menn,Alle aldre,Totalt alle krefttyper,"per 100 000, standardisert",739.4,2,17
Tinn,2014-2023,2023-01-01,Menn,Alle aldre,Tykk- og endetarmskreft,"per 100 000, standardisert",79.4,2,17
Tinn,2014-2023,2023-01-01,Menn,Alle aldre,Lungekreft,"per 100 000, standardisert",104.7,2,17
Tinn,2014-2023,2023-01-01,Menn,Alle aldre,Hudkreft,"per 100 000, standardisert",119.4,2,17
Tinn,2014-2023,2023-01-01,Menn,Alle aldre,Føflekkreft (malignt melanom),"per 100 000, standardisert",,2,17
Tinn,2014-2023,2023-01-01,Menn,Alle aldre,Brystkreft,"per 100 000, standardisert",,2,17
Tinn,2014-2023,2023-01-01,Menn,Alle aldre,"Livmorhalskreft, kvinner","per 100 000, standardisert",,2,17
Tinn,2014-2023,2023-01-01,Menn,Alle aldre,Prostatakreft,"per 100 000, standardisert",178.6,2,17
Tinn,2014-2023,2023-01-01,Kvinner,Alle aldre,Totalt alle krefttyper,"per 100 000, standardisert",670.6,3,17
Tinn,2014-2023,2023-01-01,Kvinner,Alle aldre,Tykk- og endetarmskreft,"per 100 000, standardisert",87.1,3,17
Tinn,2014-2023,2023-01-01,Kvinner,Alle aldre,Lungekreft,"per 100 000, standardisert",86.9,3,17
Tinn,2014-2023,2023-01-01,Kvinner,Alle aldre,Hudkreft,"per 100 000, standardisert",86.8,3,17
Tinn,2014-2023,2023-01-01,Kvinner,Alle aldre,Føflekkreft (malignt melanom),"per 100 000, standardisert",,3,17
Tinn,2014-2023,2023-01-01,Kvinner,Alle aldre,Brystkreft,"per 100 000, standardisert",165.7,3,17
Tinn,2014-2023,2023-01-01,Kvinner,Alle aldre,"Livmorhalskreft, kvinner","per 100 000, standardisert",,3,17
Tinn,2014-2023,2023-01-01,Kvinner,Alle aldre,Prostatakreft,"per 100 000, standardisert",,3,17
Tinn,2015-2024,2024-01-01,Kjønn samlet,Alle aldre,Totalt alle krefttyper,"per 100 000, standardisert",712.8,1,17
Tinn,2015-2024,2024-01-01,Kjønn samlet,Alle aldre,Tykk- og endetarmskreft,"per 100 000, standardisert",85.1,1,17
Tinn,2015-2024,2024-01-01,Kjønn samlet,Alle aldre,Lungekreft,"per 100 000, standardisert",90.3,1,17
Tinn,2015-2024,2024-01-01,Kjønn samlet,Alle aldre,Hudkreft,"per 100 000, standardisert",106.4,1,17
Tinn,2015-2024,2024-01-01,Kjønn samlet,Alle aldre,Føflekkreft (malignt melanom),"per 100 000, standardisert",47.9,1,17
Tinn,2015-2024,2024-01-01,Kjønn samlet,Alle aldre,Brystkreft,"per 100 000, standardisert",,1,17
Tinn,2015-2024,2024-01-01,Kjønn samlet,Alle aldre,"Livmorhalskreft, kvinner","per 100 000, standardisert",,1,17
Tinn,2015-2024,2024-01-01,Kjønn samlet,Alle aldre,Prostatakreft,"per 100 000, standardisert",,1,17
Tinn,2015-2024,2024-01-01,Menn,Alle aldre,Totalt alle krefttyper,"per 100 000, standardisert",713.1,2,17
Tinn,2015-2024,2024-01-01,Menn,Alle aldre,Tykk- og endetarmskreft,"per 100 000, standardisert",80.7,2,17
Tinn,2015-2024,2024-01-01,Menn,Alle aldre,Lungekreft,"per 100 000, standardisert",91.9,2,17
Tinn,2015-2024,2024-01-01,Menn,Alle aldre,Hudkreft,"per 100 000, standardisert",114.8,2,17
Tinn,2015-2024,2024-01-01,Menn,Alle aldre,Føflekkreft (malignt melanom),"per 100 000, standardisert",,2,17
Tinn,2015-2024,2024-01-01,Menn,Alle aldre,Brystkreft,"per 100 000, standardisert",,2,17
Tinn,2015-2024,2024-01-01,Menn,Alle aldre,"Livmorhalskreft, kvinner","per 100 000, standardisert",,2,17
Tinn,2015-2024,2024-01-01,Menn,Alle aldre,Prostatakreft,"per 100 000, standardisert",164.7,2,17
Tinn,2015-2024,2024-01-01,Kvinner,Alle aldre,Totalt alle krefttyper,"per 100 000, standardisert",713.4,3,17
Tinn,2015-2024,2024-01-01,Kvinner,Alle aldre,Tykk- og endetarmskreft,"per 100 000, standardisert",89.5,3,17
Tinn,2015-2024,2024-01-01,Kvinner,Alle aldre,Lungekreft,"per 100 000, standardisert",88.5,3,17
Tinn,2015-2024,2024-01-01,Kvinner,Alle aldre,Hudkreft,"per 100 000, standardisert",97.9,3,17
Tinn,2015-2024,2024-01-01,Kvinner,Alle aldre,Føflekkreft (malignt melanom),"per 100 000, standardisert",,3,17
Tinn,2015-2024,2024-01-01,Kvinner,Alle aldre,Brystkreft,"per 100 000, standardisert",171.3,3,17
Tinn,2015-2024,2024-01-01,Kvinner,Alle aldre,"Livmorhalskreft, kvinner","per 100 000, standardisert",,3,17
Tinn,2015-2024,2024-01-01,Kvinner,Alle aldre,Prostatakreft,"per 100 000, standardisert",,3,17
Tinn,2016-2025,2025-01-01,Kjønn samlet,Alle aldre,Totalt alle krefttyper,"per 100 000, standardisert",678.3,1,17
Tinn,2016-2025,2025-01-01,Kjønn samlet,Alle aldre,Tykk- og endetarmskreft,"per 100 000, standardisert",81.4,1,17
Tinn,2016-2025,2025-01-01,Kjønn samlet,Alle aldre,Lungekreft,"per 100 000, standardisert",87.5,1,17
Tinn,2016-2025,2025-01-01,Kjønn samlet,Alle aldre,Hudkreft,"per 100 000, standardisert",98.9,1,17
Tinn,2016-2025,2025-01-01,Kjønn samlet,Alle aldre,Føflekkreft (malignt melanom),"per 100 000, standardisert",39.1,1,17
Tinn,2016-2025,2025-01-01,Kjønn samlet,Alle aldre,Brystkreft,"per 100 000, standardisert",,1,17
Tinn,2016-2025,2025-01-01,Kjønn samlet,Alle aldre,"Livmorhalskreft, kvinner","per 100 000, standardisert",,1,17
Tinn,2016-2025,2025-01-01,Kjønn samlet,Alle aldre,Prostatakreft,"per 100 000, standardisert",,1,17
Tinn,2016-2025,2025-01-01,Menn,Alle aldre,Totalt alle krefttyper,"per 100 000, standardisert",683.1,2,17
Tinn,2016-2025,2025-01-01,Menn,Alle aldre,Tykk- og endetarmskreft,"per 100 000, standardisert",68.8,2,17
Tinn,2016-2025,2025-01-01,Menn,Alle aldre,Lungekreft,"per 100 000, standardisert",90.1,2,17
Tinn,2016-2025,2025-01-01,Menn,Alle aldre,Hudkreft,"per 100 000, standardisert",107.7,2,17
Tinn,2016-2025,2025-01-01,Menn,Alle aldre,Føflekkreft (malignt melanom),"per 100 000, standardisert",,2,17
Tinn,2016-2025,2025-01-01,Menn,Alle aldre,Brystkreft,"per 100 000, standardisert",,2,17
Tinn,2016-2025,2025-01-01,Menn,Alle aldre,"Livmorhalskreft, kvinner","per 100 000, standardisert",,2,17
Tinn,2016-2025,2025-01-01,Menn,Alle aldre,Prostatakreft,"per 100 000, standardisert",167.0,2,17
Tinn,2016-2025,2025-01-01,Kvinner,Alle aldre,Totalt alle krefttyper,"per 100 000, standardisert",674.4,3,17
Tinn,2016-2025,2025-01-01,Kvinner,Alle aldre,Tykk- og endetarmskreft,"per 100 000, standardisert",94.3,3,17
Tinn,2016-2025,2025-01-01,Kvinner,Alle aldre,Lungekreft,"per 100 000, standardisert",84.9,3,17
Tinn,2016-2025,2025-01-01,Kvinner,Alle aldre,Hudkreft,"per 100 000, standardisert",89.8,3,17
Tinn,2016-2025,2025-01-01,Kvinner,Alle aldre,Føflekkreft (malignt melanom),"per 100 000, standardisert",,3,17
Tinn,2016-2025,2025-01-01,Kvinner,Alle aldre,Brystkreft,"per 100 000, standardisert",150.7,3,17
Tinn,2016-2025,2025-01-01,Kvinner,Alle aldre,"Livmorhalskreft, kvinner","per 100 000, standardisert",,3,17
Tinn,2016-2025,2025-01-01,Kvinner,Alle aldre,Prostatakreft,"per 100 000, standardisert",,3,17
Kviteseid,2007-2016,2016-01-01,Kjønn samlet,Alle aldre,Totalt alle krefttyper,"per 100 000, standardisert",677.3,1,8
Kviteseid,2007-2016,2016-01-01,Kjønn samlet,Alle aldre,Tykk- og endetarmskreft,"per 100 000, standardisert",69.9,1,8
Kviteseid,2007-2016,2016-01-01,Kjønn samlet,Alle aldre,Lungekreft,"per 100 000, standardisert",75.0,1,8
Kviteseid,2007-2016,2016-01-01,Kjønn samlet,Alle aldre,Hudkreft,"per 100 000, standardisert",81.5,1,8
Kviteseid,2007-2016,2016-01-01,Kjønn samlet,Alle aldre,Føflekkreft (malignt melanom),"per 100 000, standardisert",,1,8
Kviteseid,2007-2016,2016-01-01,Kjønn samlet,Alle aldre,Brystkreft,"per 100 000, standardisert",,1,8
Kviteseid,2007-2016,2016-01-01,Kjønn samlet,Alle aldre,"Livmorhalskreft, kvinner","per 100 000, standardisert",,1,8
Kviteseid,2007-2016,2016-01-01,Kjønn samlet,Alle aldre,Prostatakreft,"per 100 000, standardisert",,1,8
Kviteseid,2007-2016,2016-01-01,Menn,Alle aldre,Totalt alle krefttyper,"per 100 000, standardisert",696.1,2,8
Kviteseid,2007-2016,2016-01-01,Menn,Alle aldre,Tykk- og endetarmskreft,"per 100 000, standardisert",,2,8
Kviteseid,2007-2016,2016-01-01,Menn,Alle aldre,Lungekreft,"per 100 000, standardisert",,2,8
Kviteseid,2007-2016,2016-01-01,Menn,Alle aldre,Hudkreft,"per 100 000, standardisert",,2,8
Kviteseid,2007-2016,2016-01-01,Menn,Alle aldre,Føflekkreft (malignt melanom),"per 100 000, standardisert",,2,8
Kviteseid,2007-2016,2016-01-01,Menn,Alle aldre,Brystkreft,"per 100 000, standardisert",,2,8
Kviteseid,2007-2016,2016-01-01,Menn,Alle aldre,"Livmorhalskreft, kvinner","per 100 000, standardisert",,2,8
Kviteseid,2007-2016,2016-01-01,Menn,Alle aldre,Prostatakreft,"per 100 000, standardisert",266.1,2,8
Kviteseid,2007-2016,2016-01-01,Kvinner,Alle aldre,Totalt alle krefttyper,"per 100 000, standardisert",657.3,3,8
Kviteseid,2007-2016,2016-01-01,Kvinner,Alle aldre,Tykk- og endetarmskreft,"per 100 000, standardisert",,3,8
Kviteseid,2007-2016,2016-01-01,Kvinner,Alle aldre,Lungekreft,"per 100 000, standardisert",,3,8
Kviteseid,2007-2016,2016-01-01,Kvinner,Alle aldre,Hudkreft,"per 100 000, standardisert",100.7,3,8
Kviteseid,2007-2016,2016-01-01,Kvinner,Alle aldre,Føflekkreft (malignt melanom),"per 100 000, standardisert",,3,8
Kviteseid,2007-2016,2016-01-01,Kvinner,Alle aldre,Brystkreft,"per 100 000, standardisert",140.9,3,8
Kviteseid,2007-2016,2016-01-01,Kvinner,Alle aldre,"Livmorhalskreft, kvinner","per 100 000, standardisert",,3,8
Kviteseid,2007-2016,2016-01-01,Kvinner,Alle aldre,Prostatakreft,"per 100 000, standardisert",,3,8
Kviteseid,2008-2017,2017-01-01,Kjønn samlet,Alle aldre,Totalt alle krefttyper,"per 100 000, standardisert",646.5,1,8
Kviteseid,2008-2017,2017-01-01,Kjønn samlet,Alle aldre,Tykk- og endetarmskreft,"per 100 000, standardisert",63.0,1,8
Kviteseid,2008-2017,2017-01-01,Kjønn samlet,Alle aldre,Lungekreft,"per 100 000, standardisert",71.1,1,8
Kviteseid,2008-2017,2017-01-01,Kjønn samlet,Alle aldre,Hudkreft,"per 100 000, standardisert",71.7,1,8
Kviteseid,2008-2017,2017-01-01,Kjønn samlet,Alle aldre,Føflekkreft (malignt melanom),"per 100 000, standardisert",,1,8
Kviteseid,2008-2017,2017-01-01,Kjønn samlet,Alle aldre,Brystkreft,"per 100 000, standardisert",,1,8
Kviteseid,2008-2017,2017-01-01,Kjønn samlet,Alle aldre,"Livmorhalskreft, kvinner","per 100 000, standardisert",,1,8
Kviteseid,2008-2017,2017-01-01,Kjønn samlet,Alle aldre,Prostatakreft,"per 100 000, standardisert",,1,8
Kviteseid,2008-2017,2017-01-01,Menn,Alle aldre,Totalt alle krefttyper,"per 100 000, standardisert",660.4,2,8
Kviteseid,2008-2017,2017-01-01,Menn,Alle aldre,Tykk- og endetarmskreft,"per 100 000, standardisert",,2,8
Kviteseid,2008-2017,2017-01-01,Menn,Alle aldre,Lungekreft,"per 100 000, standardisert",,2,8
Kviteseid,2008-2017,2017-01-01,Menn,Alle aldre,Hudkreft,"per 100 000, standardisert",,2,8
Kviteseid,2008-2017,2017-01-01,Menn,Alle aldre,Føflekkreft (malignt melanom),"per 100 000, standardisert",,2,8
Kviteseid,2008-2017,2017-01-01,Menn,Alle aldre,Brystkreft,"per 100 000, standardisert",,2,8
Kviteseid,2008-2017,2017-01-01,Menn,Alle aldre,"Livmorhalskreft, kvinner","per 100 000, standardisert",,2,8
Kviteseid,2008-2017,2017-01-01,Menn,Alle aldre,Prostatakreft,"per 100 000, standardisert",261.3,2,8
Kviteseid,2008-2017,2017-01-01,Kvinner,Alle aldre,Totalt alle krefttyper,"per 100 000, standardisert",631.6,3,8
Kviteseid,2008-2017,2017-01-01,Kvinner,Alle aldre,Tykk- og endetarmskreft,"per 100 000, standardisert",,3,8
Kviteseid,2008-2017,2017-01-01,Kvinner,Alle aldre,Lungekreft,"per 100 000, standardisert",,3,8
Kviteseid,2008-2017,2017-01-01,Kvinner,Alle aldre,Hudkreft,"per 100 000, standardisert",82.3,3,8
Kviteseid,2008-2017,2017-01-01,Kvinner,Alle aldre,Føflekkreft (malignt melanom),"per 100 000, standardisert",,3,8
Kviteseid,2008-2017,2017-01-01,Kvinner,Alle aldre,Brystkreft,"per 100 000, standardisert",119.6,3,8
Kviteseid,2008-2017,2017-01-01,Kvinner,Alle aldre,"Livmorhalskreft, kvinner","per 100 000, standardisert",,3,8
Kviteseid,2008-2017,2017-01-01,Kvinner,Alle aldre,Prostatakreft,"per 100 000, standardisert",,3,8
Kviteseid,2009-2018,2018-01-01,Kjønn samlet,Alle aldre,Totalt alle krefttyper,"per 100 000, standardisert",646.8,1,8
Kviteseid,2009-2018,2018-01-01,Kjønn samlet,Alle aldre,Tykk- og endetarmskreft,"per 100 000, standardisert",62.8,1,8
Kviteseid,2009-2018,2018-01-01,Kjønn samlet,Alle aldre,Lungekreft,"per 100 000, standardisert",67.3,1,8
Kviteseid,2009-2018,2018-01-01,Kjønn samlet,Alle aldre,Hudkreft,"per 100 000, standardisert",75.1,1,8
Kviteseid,2009-2018,2018-01-01,Kjønn samlet,Alle aldre,Føflekkreft (malignt melanom),"per 100 000, standardisert",,1,8
Kviteseid,2009-2018,2018-01-01,Kjønn samlet,Alle aldre,Brystkreft,"per 100 000, standardisert",,1,8
Kviteseid,2009-2018,2018-01-01,Kjønn samlet,Alle aldre,"Livmorhalskreft, kvinner","per 100 000, standardisert",,1,8
Kviteseid,2009-2018,2018-01-01,Kjønn samlet,Alle aldre,Prostatakreft,"per 100 000, standardisert",,1,8
Kviteseid,2009-2018,2018-01-01,Menn,Alle aldre,Totalt alle krefttyper,"per 100 000, standardisert",646.0,2,8
Kviteseid,2009-2018,2018-01-01,Menn,Alle aldre,Tykk- og endetarmskreft,"per 100 000, standardisert",,2,8
Kviteseid,2009-2018,2018-01-01,Menn,Alle aldre,Lungekreft,"per 100 000, standardisert",,2,8
Kviteseid,2009-2018,2018-01-01,Menn,Alle aldre,Hudkreft,"per 100 000, standardisert",,2,8
Kviteseid,2009-2018,2018-01-01,Menn,Alle aldre,Føflekkreft (malignt melanom),"per 100 000, standardisert",,2,8
Kviteseid,2009-2018,2018-01-01,Menn,Alle aldre,Brystkreft,"per 100 000, standardisert",,2,8
Kviteseid,2009-2018,2018-01-01,Menn,Alle aldre,"Livmorhalskreft, kvinner","per 100 000, standardisert",,2,8
Kviteseid,2009-2018,2018-01-01,Menn,Alle aldre,Prostatakreft,"per 100 000, standardisert",256.7,2,8
Kviteseid,2009-2018,2018-01-01,Kvinner,Alle aldre,Totalt alle krefttyper,"per 100 000, standardisert",646.8,3,8
Kviteseid,2009-2018,2018-01-01,Kvinner,Alle aldre,Tykk- og endetarmskreft,"per 100 000, standardisert",,3,8
Kviteseid,2009-2018,2018-01-01,Kvinner,Alle aldre,Lungekreft,"per 100 000, standardisert",,3,8
Kviteseid,2009-2018,2018-01-01,Kvinner,Alle aldre,Hudkreft,"per 100 000, standardisert",82.8,3,8
Kviteseid,2009-2018,2018-01-01,Kvinner,Alle aldre,Føflekkreft (malignt melanom),"per 100 000, standardisert",,3,8
Kviteseid,2009-2018,2018-01-01,Kvinner,Alle aldre,Brystkreft,"per 100 000, standardisert",126.6,3,8
Kviteseid,2009-2018,2018-01-01,Kvinner,Alle aldre,"Livmorhalskreft, kvinner","per 100 000, standardisert",,3,8
Kviteseid,2009-2018,2018-01-01,Kvinner,Alle aldre,Prostatakreft,"per 100 000, standardisert",,3,8
Kviteseid,2010-2019,2019-01-01,Kjønn samlet,Alle aldre,Totalt alle krefttyper,"per 100 000, standardisert",602.4,1,8
Kviteseid,2010-2019,2019-01-01,Kjønn samlet,Alle aldre,Tykk- og endetarmskreft,"per 100 000, standardisert",52.7,1,8
Kviteseid,2010-2019,2019-01-01,Kjønn samlet,Alle aldre,Lungekreft,"per 100 000, standardisert",66.7,1,8
Kviteseid,2010-2019,2019-01-01,Kjønn samlet,Alle aldre,Hudkreft,"per 100 000, standardisert",55.4,1,8
Kviteseid,2010-2019,2019-01-01,Kjønn samlet,Alle aldre,Føflekkreft (malignt melanom),"per 100 000, standardisert",,1,8
Kviteseid,2010-2019,2019-01-01,Kjønn samlet,Alle aldre,Brystkreft,"per 100 000, standardisert",,1,8
Kviteseid,2010-2019,2019-01-01,Kjønn samlet,Alle aldre,"Livmorhalskreft, kvinner","per 100 000, standardisert",,1,8
Kviteseid,2010-2019,2019-01-01,Kjønn samlet,Alle aldre,Prostatakreft,"per 100 000, standardisert",,1,8
Kviteseid,2010-2019,2019-01-01,Menn,Alle aldre,Totalt alle krefttyper,"per 100 000, standardisert",610.7,2,8
Kviteseid,2010-2019,2019-01-01,Menn,Alle aldre,Tykk- og endetarmskreft,"per 100 000, standardisert",,2,8
Kviteseid,2010-2019,2019-01-01,Menn,Alle aldre,Lungekreft,"per 100 000, standardisert",,2,8
Kviteseid,2010-2019,2019-01-01,Menn,Alle aldre,Hudkreft,"per 100 000, standardisert",,2,8
Kviteseid,2010-2019,2019-01-01,Menn,Alle aldre,Føflekkreft (malignt melanom),"per 100 000, standardisert",,2,8
Kviteseid,2010-2019,2019-01-01,Menn,Alle aldre,Brystkreft,"per 100 000, standardisert",,2,8
Kviteseid,2010-2019,2019-01-01,Menn,Alle aldre,"Livmorhalskreft, kvinner","per 100 000, standardisert",,2,8
Kviteseid,2010-2019,2019-01-01,Menn,Alle aldre,Prostatakreft,"per 100 000, standardisert",238.7,2,8
Kviteseid,2010-2019,2019-01-01,Kvinner,Alle aldre,Totalt alle krefttyper,"per 100 000, standardisert",593.9,3,8
Kviteseid,2010-2019,2019-01-01,Kvinner,Alle aldre,Tykk- og endetarmskreft,"per 100 000, standardisert",,3,8
Kviteseid,2010-2019,2019-01-01,Kvinner,Alle aldre,Lungekreft,"per 100 000, standardisert",,3,8
Kviteseid,2010-2019,2019-01-01,Kvinner,Alle aldre,Hudkreft,"per 100 000, standardisert",,3,8
Kviteseid,2010-2019,2019-01-01,Kvinner,Alle aldre,Føflekkreft (malignt melanom),"per 100 000, standardisert",,3,8
Kviteseid,2010-2019,2019-01-01,Kvinner,Alle aldre,Brystkreft,"per 100 000, standardisert",119.5,3,8
Kviteseid,2010-2019,2019-01-01,Kvinner,Alle aldre,"Livmorhalskreft, kvinner","per 100 000, standardisert",,3,8
Kviteseid,2010-2019,2019-01-01,Kvinner,Alle aldre,Prostatakreft,"per 100 000, standardisert",,3,8
Kviteseid,2011-2020,2020-01-01,Kjønn samlet,Alle aldre,Totalt alle krefttyper,"per 100 000, standardisert",584.2,1,8
Kviteseid,2011-2020,2020-01-01,Kjønn samlet,Alle aldre,Tykk- og endetarmskreft,"per 100 000, standardisert",55.6,1,8
Kviteseid,2011-2020,2020-01-01,Kjønn samlet,Alle aldre,Lungekreft,"per 100 000, standardisert",52.9,1,8
Kviteseid,2011-2020,2020-01-01,Kjønn samlet,Alle aldre,Hudkreft,"per 100 000, standardisert",71.4,1,8
Kviteseid,2011-2020,2020-01-01,Kjønn samlet,Alle aldre,Føflekkreft (malignt melanom),"per 100 000, standardisert",,1,8
Kviteseid,2011-2020,2020-01-01,Kjønn samlet,Alle aldre,Brystkreft,"per 100 000, standardisert",,1,8
Kviteseid,2011-2020,2020-01-01,Kjønn samlet,Alle aldre,"Livmorhalskreft, kvinner","per 100 000, standardisert",,1,8
Kviteseid,2011-2020,2020-01-01,Kjønn samlet,Alle aldre,Prostatakreft,"per 100 000, standardisert",,1,8
Kviteseid,2011-2020,2020-01-01,Menn,Alle aldre,Totalt alle krefttyper,"per 100 000, standardisert",561.5,2,8
Kviteseid,2011-2020,2020-01-01,Menn,Alle aldre,Tykk- og endetarmskreft,"per 100 000, standardisert",,2,8
Kviteseid,2011-2020,2020-01-01,Menn,Alle aldre,Lungekreft,"per 100 000, standardisert",,2,8
Kviteseid,2011-2020,2020-01-01,Menn,Alle aldre,Hudkreft,"per 100 000, standardisert",,2,8
Kviteseid,2011-2020,2020-01-01,Menn,Alle aldre,Føflekkreft (malignt melanom),"per 100 000, standardisert",,2,8
Kviteseid,2011-2020,2020-01-01,Menn,Alle aldre,Brystkreft,"per 100 000, standardisert",,2,8
Kviteseid,2011-2020,2020-01-01,Menn,Alle aldre,"Livmorhalskreft, kvinner","per 100 000, standardisert",,2,8
Kviteseid,2011-2020,2020-01-01,Menn,Alle aldre,Prostatakreft,"per 100 000, standardisert",214.3,2,8
Kviteseid,2011-2020,2020-01-01,Kvinner,Alle aldre,Totalt alle krefttyper,"per 100 000, standardisert",607.5,3,8
Kviteseid,2011-2020,2020-01-01,Kvinner,Alle aldre,Tykk- og endetarmskreft,"per 100 000, standardisert",,3,8
Kviteseid,2011-2020,2020-01-01,Kvinner,Alle aldre,Lungekreft,"per 100 000, standardisert",,3,8
Kviteseid,2011-2020,2020-01-01,Kvinner,Alle aldre,Hudkreft,"per 100 000, standardisert",,3,8
Kviteseid,2011-2020,2020-01-01,Kvinner,Alle aldre,Føflekkreft (malignt melanom),"per 100 000, standardisert",,3,8
Kviteseid,2011-2020,2020-01-01,Kvinner,Alle aldre,Brystkreft,"per 100 000, standardisert",119.2,3,8
Kviteseid,2011-2020,2020-01-01,Kvinner,Alle aldre,"Livmorhalskreft, kvinner","per 100 000, standardisert",,3,8
Kviteseid,2011-2020,2020-01-01,Kvinner,Alle aldre,Prostatakreft,"per 100 000, standardisert",,3,8
Kviteseid,2012-2021,2021-01-01,Kjønn samlet,Alle aldre,Totalt alle krefttyper,"per 100 000, standardisert",591.2,1,8
Kviteseid,2012-2021,2021-01-01,Kjønn samlet,Alle aldre,Tykk- og endetarmskreft,"per 100 000, standardisert",55.1,1,8
Kviteseid,2012-2021,2021-01-01,Kjønn samlet,Alle aldre,Lungekreft,"per 100 000, standardisert",52.2,1,8
Kviteseid,2012-2021,2021-01-01,Kjønn samlet,Alle aldre,Hudkreft,"per 100 000, standardisert",77.3,1,8
Kviteseid,2012-2021,2021-01-01,Kjønn samlet,Alle aldre,Føflekkreft (malignt melanom),"per 100 000, standardisert",,1,8
Kviteseid,2012-2021,2021-01-01,Kjønn samlet,Alle aldre,Brystkreft,"per 100 000, standardisert",,1,8
Kviteseid,2012-2021,2021-01-01,Kjønn samlet,Alle aldre,"Livmorhalskreft, kvinner","per 100 000, standardisert",,1,8
Kviteseid,2012-2021,2021-01-01,Kjønn samlet,Alle aldre,Prostatakreft,"per 100 000, standardisert",,1,8
Kviteseid,2012-2021,2021-01-01,Menn,Alle aldre,Totalt alle krefttyper,"per 100 000, standardisert",551.9,2,8
Kviteseid,2012-2021,2021-01-01,Menn,Alle aldre,Tykk- og endetarmskreft,"per 100 000, standardisert",,2,8
Kviteseid,2012-2021,2021-01-01,Menn,Alle aldre,Lungekreft,"per 100 000, standardisert",,2,8
Kviteseid,2012-2021,2021-01-01,Menn,Alle aldre,Hudkreft,"per 100 000, standardisert",,2,8
Kviteseid,2012-2021,2021-01-01,Menn,Alle aldre,Føflekkreft (malignt melanom),"per 100 000, standardisert",,2,8
Kviteseid,2012-2021,2021-01-01,Menn,Alle aldre,Brystkreft,"per 100 000, standardisert",,2,8
Kviteseid,2012-2021,2021-01-01,Menn,Alle aldre,"Livmorhalskreft, kvinner","per 100 000, standardisert",,2,8
Kviteseid,2012-2021,2021-01-01,Menn,Alle aldre,Prostatakreft,"per 100 000, standardisert",197.1,2,8
Kviteseid,2012-2021,2021-01-01,Kvinner,Alle aldre,Totalt alle krefttyper,"per 100 000, standardisert",632.5,3,8
Kviteseid,2012-2021,2021-01-01,Kvinner,Alle aldre,Tykk- og endetarmskreft,"per 100 000, standardisert",,3,8
Kviteseid,2012-2021,2021-01-01,Kvinner,Alle aldre,Lungekreft,"per 100 000, standardisert",,3,8
Kviteseid,2012-2021,2021-01-01,Kvinner,Alle aldre,Hudkreft,"per 100 000, standardisert",,3,8
Kviteseid,2012-2021,2021-01-01,Kvinner,Alle aldre,Føflekkreft (malignt melanom),"per 100 000, standardisert",,3,8
Kviteseid,2012-2021,2021-01-01,Kvinner,Alle aldre,Brystkreft,"per 100 000, standardisert",132.6,3,8
Kviteseid,2012-2021,2021-01-01,Kvinner,Alle aldre,"Livmorhalskreft, kvinner","per 100 000, standardisert",,3,8
Kviteseid,2012-2021,2021-01-01,Kvinner,Alle aldre,Prostatakreft,"per 100 000, standardisert",,3,8
Kviteseid,2013-2022,2022-01-01,Kjønn samlet,Alle aldre,Totalt alle krefttyper,"per 100 000, standardisert",594.6,1,8
Kviteseid,2013-2022,2022-01-01,Kjønn samlet,Alle aldre,Tykk- og endetarmskreft,"per 100 000, standardisert",57.7,1,8
Kviteseid,2013-2022,2022-01-01,Kjønn samlet,Alle aldre,Lungekreft,"per 100 000, standardisert",51.5,1,8
Kviteseid,2013-2022,2022-01-01,Kjønn samlet,Alle aldre,Hudkreft,"per 100 000, standardisert",73.4,1,8
Kviteseid,2013-2022,2022-01-01,Kjønn samlet,Alle aldre,Føflekkreft (malignt melanom),"per 100 000, standardisert",,1,8
Kviteseid,2013-2022,2022-01-01,Kjønn samlet,Alle aldre,Brystkreft,"per 100 000, standardisert",,1,8
Kviteseid,2013-2022,2022-01-01,Kjønn samlet,Alle aldre,"Livmorhalskreft, kvinner","per 100 000, standardisert",,1,8
Kviteseid,2013-2022,2022-01-01,Kjønn samlet,Alle aldre,Prostatakreft,"per 100 000, standardisert",,1,8
Kviteseid,2013-2022,2022-01-01,Menn,Alle aldre,Totalt alle krefttyper,"per 100 000, standardisert",555.8,2,8
Kviteseid,2013-2022,2022-01-01,Menn,Alle aldre,Tykk- og endetarmskreft,"per 100 000, standardisert",,2,8
Kviteseid,2013-2022,2022-01-01,Menn,Alle aldre,Lungekreft,"per 100 000, standardisert",,2,8
Kviteseid,2013-2022,2022-01-01,Menn,Alle aldre,Hudkreft,"per 100 000, standardisert",,2,8
Kviteseid,2013-2022,2022-01-01,Menn,Alle aldre,Føflekkreft (malignt melanom),"per 100 000, standardisert",,2,8
Kviteseid,2013-2022,2022-01-01,Menn,Alle aldre,Brystkreft,"per 100 000, standardisert",,2,8
Kviteseid,2013-2022,2022-01-01,Menn,Alle aldre,"Livmorhalskreft, kvinner","per 100 000, standardisert",,2,8
Kviteseid,2013-2022,2022-01-01,Menn,Alle aldre,Prostatakreft,"per 100 000, standardisert",174.6,2,8
Kviteseid,2013-2022,2022-01-01,Kvinner,Alle aldre,Totalt alle krefttyper,"per 100 000, standardisert",636.1,3,8
Kviteseid,2013-2022,2022-01-01,Kvinner,Alle aldre,Tykk- og endetarmskreft,"per 100 000, standardisert",,3,8
Kviteseid,2013-2022,2022-01-01,Kvinner,Alle aldre,Lungekreft,"per 100 000, standardisert",,3,8
Kviteseid,2013-2022,2022-01-01,Kvinner,Alle aldre,Hudkreft,"per 100 000, standardisert",,3,8
Kviteseid,2013-2022,2022-01-01,Kvinner,Alle aldre,Føflekkreft (malignt melanom),"per 100 000, standardisert",,3,8
Kviteseid,2013-2022,2022-01-01,Kvinner,Alle aldre,Brystkreft,"per 100 000, standardisert",132.0,3,8
Kviteseid,2013-2022,2022-01-01,Kvinner,Alle aldre,"Livmorhalskreft, kvinner","per 100 000, standardisert",,3,8
Kviteseid,2013-2022,2022-01-01,Kvinner,Alle aldre,Prostatakreft,"per 100 000, standardisert",,3,8
Kviteseid,2014-2023,2023-01-01,Kjønn samlet,Alle aldre,Totalt alle krefttyper,"per 100 000, standardisert",623.4,1,8
Kviteseid,2014-2023,2023-01-01,Kjønn samlet,Alle aldre,Tykk- og endetarmskreft,"per 100 000, standardisert",60.3,1,8
Kviteseid,2014-2023,2023-01-01,Kjønn samlet,Alle aldre,Lungekreft,"per 100 000, standardisert",44.4,1,8
Kviteseid,2014-2023,2023-01-01,Kjønn samlet,Alle aldre,Hudkreft,"per 100 000, standardisert",79.0,1,8
Kviteseid,2014-2023,2023-01-01,Kjønn samlet,Alle aldre,Føflekkreft (malignt melanom),"per 100 000, standardisert",,1,8
Kviteseid,2014-2023,2023-01-01,Kjønn samlet,Alle aldre,Brystkreft,"per 100 000, standardisert",,1,8
Kviteseid,2014-2023,2023-01-01,Kjønn samlet,Alle aldre,"Livmorhalskreft, kvinner","per 100 000, standardisert",,1,8
Kviteseid,2014-2023,2023-01-01,Kjønn samlet,Alle aldre,Prostatakreft,"per 100 000, standardisert",,1,8
Kviteseid,2014-2023,2023-01-01,Menn,Alle aldre,Totalt alle krefttyper,"per 100 000, standardisert",628.5,2,8
Kviteseid,2014-2023,2023-01-01,Menn,Alle aldre,Tykk- og endetarmskreft,"per 100 000, standardisert",,2,8
Kviteseid,2014-2023,2023-01-01,Menn,Alle aldre,Lungekreft,"per 100 000, standardisert",,2,8
Kviteseid,2014-2023,2023-01-01,Menn,Alle aldre,Hudkreft,"per 100 000, standardisert",,2,8
Kviteseid,2014-2023,2023-01-01,Menn,Alle aldre,Føflekkreft (malignt melanom),"per 100 000, standardisert",,2,8
Kviteseid,2014-2023,2023-01-01,Menn,Alle aldre,Brystkreft,"per 100 000, standardisert",,2,8
Kviteseid,2014-2023,2023-01-01,Menn,Alle aldre,"Livmorhalskreft, kvinner","per 100 000, standardisert",,2,8
Kviteseid,2014-2023,2023-01-01,Menn,Alle aldre,Prostatakreft,"per 100 000, standardisert",201.9,2,8
Kviteseid,2014-2023,2023-01-01,Kvinner,Alle aldre,Totalt alle krefttyper,"per 100 000, standardisert",619.4,3,8
Kviteseid,2014-2023,2023-01-01,Kvinner,Alle aldre,Tykk- og endetarmskreft,"per 100 000, standardisert",64.2,3,8
Kviteseid,2014-2023,2023-01-01,Kvinner,Alle aldre,Lungekreft,"per 100 000, standardisert",,3,8
Kviteseid,2014-2023,2023-01-01,Kvinner,Alle aldre,Hudkreft,"per 100 000, standardisert",101.9,3,8
Kviteseid,2014-2023,2023-01-01,Kvinner,Alle aldre,Føflekkreft (malignt melanom),"per 100 000, standardisert",,3,8
Kviteseid,2014-2023,2023-01-01,Kvinner,Alle aldre,Brystkreft,"per 100 000, standardisert",131.4,3,8
Kviteseid,2014-2023,2023-01-01,Kvinner,Alle aldre,"Livmorhalskreft, kvinner","per 100 000, standardisert",,3,8
Kviteseid,2014-2023,2023-01-01,Kvinner,Alle aldre,Prostatakreft,"per 100 000, standardisert",,3,8
Kviteseid,2015-2024,2024-01-01,Kjønn samlet,Alle aldre,Totalt alle krefttyper,"per 100 000, standardisert",644.5,1,8
Kviteseid,2015-2024,2024-01-01,Kjønn samlet,Alle aldre,Tykk- og endetarmskreft,"per 100 000, standardisert",68.9,1,8
Kviteseid,2015-2024,2024-01-01,Kjønn samlet,Alle aldre,Lungekreft,"per 100 000, standardisert",40.7,1,8
Kviteseid,2015-2024,2024-01-01,Kjønn samlet,Alle aldre,Hudkreft,"per 100 000, standardisert",84.3,1,8
Kviteseid,2015-2024,2024-01-01,Kjønn samlet,Alle aldre,Føflekkreft (malignt melanom),"per 100 000, standardisert",,1,8
Kviteseid,2015-2024,2024-01-01,Kjønn samlet,Alle aldre,Brystkreft,"per 100 000, standardisert",,1,8
Kviteseid,2015-2024,2024-01-01,Kjønn samlet,Alle aldre,"Livmorhalskreft, kvinner","per 100 000, standardisert",,1,8
Kviteseid,2015-2024,2024-01-01,Kjønn samlet,Alle aldre,Prostatakreft,"per 100 000, standardisert",,1,8
Kviteseid,2015-2024,2024-01-01,Menn,Alle aldre,Totalt alle krefttyper,"per 100 000, standardisert",680.1,2,8
Kviteseid,2015-2024,2024-01-01,Menn,Alle aldre,Tykk- og endetarmskreft,"per 100 000, standardisert",,2,8
Kviteseid,2015-2024,2024-01-01,Menn,Alle aldre,Lungekreft,"per 100 000, standardisert",,2,8
Kviteseid,2015-2024,2024-01-01,Menn,Alle aldre,Hudkreft,"per 100 000, standardisert",,2,8
Kviteseid,2015-2024,2024-01-01,Menn,Alle aldre,Føflekkreft (malignt melanom),"per 100 000, standardisert",,2,8
Kviteseid,2015-2024,2024-01-01,Menn,Alle aldre,Brystkreft,"per 100 000, standardisert",,2,8
Kviteseid,2015-2024,2024-01-01,Menn,Alle aldre,"Livmorhalskreft, kvinner","per 100 000, standardisert",,2,8
Kviteseid,2015-2024,2024-01-01,Menn,Alle aldre,Prostatakreft,"per 100 000, standardisert",222.4,2,8
Kviteseid,2015-2024,2024-01-01,Kvinner,Alle aldre,Totalt alle krefttyper,"per 100 000, standardisert",608.3,3,8
Kviteseid,2015-2024,2024-01-01,Kvinner,Alle aldre,Tykk- og endetarmskreft,"per 100 000, standardisert",57.3,3,8
Kviteseid,2015-2024,2024-01-01,Kvinner,Alle aldre,Lungekreft,"per 100 000, standardisert",,3,8
Kviteseid,2015-2024,2024-01-01,Kvinner,Alle aldre,Hudkreft,"per 100 000, standardisert",113.9,3,8
Kviteseid,2015-2024,2024-01-01,Kvinner,Alle aldre,Føflekkreft (malignt melanom),"per 100 000, standardisert",,3,8
Kviteseid,2015-2024,2024-01-01,Kvinner,Alle aldre,Brystkreft,"per 100 000, standardisert",137.4,3,8
Kviteseid,2015-2024,2024-01-01,Kvinner,Alle aldre,"Livmorhalskreft, kvinner","per 100 000, standardisert",,3,8
Kviteseid,2015-2024,2024-01-01,Kvinner,Alle aldre,Prostatakreft,"per 100 000, standardisert",,3,8
Kviteseid,2016-2025,2025-01-01,Kjønn samlet,Alle aldre,Totalt alle krefttyper,"per 100 000, standardisert",629.8,1,8
Kviteseid,2016-2025,2025-01-01,Kjønn samlet,Alle aldre,Tykk- og endetarmskreft,"per 100 000, standardisert",71.1,1,8
Kviteseid,2016-2025,2025-01-01,Kjønn samlet,Alle aldre,Lungekreft,"per 100 000, standardisert",33.8,1,8
Kviteseid,2016-2025,2025-01-01,Kjønn samlet,Alle aldre,Hudkreft,"per 100 000, standardisert",101.7,1,8
Kviteseid,2016-2025,2025-01-01,Kjønn samlet,Alle aldre,Føflekkreft (malignt melanom),"per 100 000, standardisert",,1,8
Kviteseid,2016-2025,2025-01-01,Kjønn samlet,Alle aldre,Brystkreft,"per 100 000, standardisert",,1,8
Kviteseid,2016-2025,2025-01-01,Kjønn samlet,Alle aldre,"Livmorhalskreft, kvinner","per 100 000, standardisert",,1,8
Kviteseid,2016-2025,2025-01-01,Kjønn samlet,Alle aldre,Prostatakreft,"per 100 000, standardisert",,1,8
Kviteseid,2016-2025,2025-01-01,Menn,Alle aldre,Totalt alle krefttyper,"per 100 000, standardisert",656.8,2,8
Kviteseid,2016-2025,2025-01-01,Menn,Alle aldre,Tykk- og endetarmskreft,"per 100 000, standardisert",,2,8
Kviteseid,2016-2025,2025-01-01,Menn,Alle aldre,Lungekreft,"per 100 000, standardisert",,2,8
Kviteseid,2016-2025,2025-01-01,Menn,Alle aldre,Hudkreft,"per 100 000, standardisert",,2,8
Kviteseid,2016-2025,2025-01-01,Menn,Alle aldre,Føflekkreft (malignt melanom),"per 100 000, standardisert",,2,8
Kviteseid,2016-2025,2025-01-01,Menn,Alle aldre,Brystkreft,"per 100 000, standardisert",,2,8
Kviteseid,2016-2025,2025-01-01,Menn,Alle aldre,"Livmorhalskreft, kvinner","per 100 000, standardisert",,2,8
Kviteseid,2016-2025,2025-01-01,Menn,Alle aldre,Prostatakreft,"per 100 000, standardisert",206.6,2,8
Kviteseid,2016-2025,2025-01-01,Kvinner,Alle aldre,Totalt alle krefttyper,"per 100 000, standardisert",602.6,3,8
Kviteseid,2016-2025,2025-01-01,Kvinner,Alle aldre,Tykk- og endetarmskreft,"per 100 000, standardisert",63.0,3,8
Kviteseid,2016-2025,2025-01-01,Kvinner,Alle aldre,Lungekreft,"per 100 000, standardisert",,3,8
Kviteseid,2016-2025,2025-01-01,Kvinner,Alle aldre,Hudkreft,"per 100 000, standardisert",119.1,3,8
Kviteseid,2016-2025,2025-01-01,Kvinner,Alle aldre,Føflekkreft (malignt melanom),"per 100 000, standardisert",,3,8
Kviteseid,2016-2025,2025-01-01,Kvinner,Alle aldre,Brystkreft,"per 100 000, standardisert",136.4,3,8
Kviteseid,2016-2025,2025-01-01,Kvinner,Alle aldre,"Livmorhalskreft, kvinner","per 100 000, standardisert",,3,8
Kviteseid,2016-2025,2025-01-01,Kvinner,Alle aldre,Prostatakreft,"per 100 000, standardisert",,3,8
Nissedal,2007-2016,2016-01-01,Kjønn samlet,Alle aldre,Totalt alle krefttyper,"per 100 000, standardisert",652.4,1,10
Nissedal,2007-2016,2016-01-01,Kjønn samlet,Alle aldre,Tykk- og endetarmskreft,"per 100 000, standardisert",72.7,1,10
Nissedal,2007-2016,2016-01-01,Kjønn samlet,Alle aldre,Lungekreft,"per 100 000, standardisert",94.8,1,10
Nissedal,2007-2016,2016-01-01,Kjønn samlet,Alle aldre,Hudkreft,"per 100 000, standardisert",,1,10
Nissedal,2007-2016,2016-01-01,Kjønn samlet,Alle aldre,Føflekkreft (malignt melanom),"per 100 000, standardisert",,1,10
Nissedal,2007-2016,2016-01-01,Kjønn samlet,Alle aldre,Brystkreft,"per 100 000, standardisert",,1,10
Nissedal,2007-2016,2016-01-01,Kjønn samlet,Alle aldre,"Livmorhalskreft, kvinner","per 100 000, standardisert",,1,10
Nissedal,2007-2016,2016-01-01,Kjønn samlet,Alle aldre,Prostatakreft,"per 100 000, standardisert",,1,10
Nissedal,2007-2016,2016-01-01,Menn,Alle aldre,Totalt alle krefttyper,"per 100 000, standardisert",752.0,2,10
Nissedal,2007-2016,2016-01-01,Menn,Alle aldre,Tykk- og endetarmskreft,"per 100 000, standardisert",,2,10
Nissedal,2007-2016,2016-01-01,Menn,Alle aldre,Lungekreft,"per 100 000, standardisert",,2,10
Nissedal,2007-2016,2016-01-01,Menn,Alle aldre,Hudkreft,"per 100 000, standardisert",,2,10
Nissedal,2007-2016,2016-01-01,Menn,Alle aldre,Føflekkreft (malignt melanom),"per 100 000, standardisert",,2,10
Nissedal,2007-2016,2016-01-01,Menn,Alle aldre,Brystkreft,"per 100 000, standardisert",,2,10
Nissedal,2007-2016,2016-01-01,Menn,Alle aldre,"Livmorhalskreft, kvinner","per 100 000, standardisert",,2,10
Nissedal,2007-2016,2016-01-01,Menn,Alle aldre,Prostatakreft,"per 100 000, standardisert",228.2,2,10
Nissedal,2007-2016,2016-01-01,Kvinner,Alle aldre,Totalt alle krefttyper,"per 100 000, standardisert",553.5,3,10
Nissedal,2007-2016,2016-01-01,Kvinner,Alle aldre,Tykk- og endetarmskreft,"per 100 000, standardisert",,3,10
Nissedal,2007-2016,2016-01-01,Kvinner,Alle aldre,Lungekreft,"per 100 000, standardisert",,3,10
Nissedal,2007-2016,2016-01-01,Kvinner,Alle aldre,Hudkreft,"per 100 000, standardisert",,3,10
Nissedal,2007-2016,2016-01-01,Kvinner,Alle aldre,Føflekkreft (malignt melanom),"per 100 000, standardisert",,3,10
Nissedal,2007-2016,2016-01-01,Kvinner,Alle aldre,Brystkreft,"per 100 000, standardisert",,3,10
Nissedal,2007-2016,2016-01-01,Kvinner,Alle aldre,"Livmorhalskreft, kvinner","per 100 000, standardisert",,3,10
Nissedal,2007-2016,2016-01-01,Kvinner,Alle aldre,Prostatakreft,"per 100 000, standardisert",,3,10
Nissedal,2008-2017,2017-01-01,Kjønn samlet,Alle aldre,Totalt alle krefttyper,"per 100 000, standardisert",759.5,1,10
Nissedal,2008-2017,2017-01-01,Kjønn samlet,Alle aldre,Tykk- og endetarmskreft,"per 100 000, standardisert",,1,10
Nissedal,2008-2017,2017-01-01,Kjønn samlet,Alle aldre,Lungekreft,"per 100 000, standardisert",106.3,1,10
Nissedal,2008-2017,2017-01-01,Kjønn samlet,Alle aldre,Hudkreft,"per 100 000, standardisert",,1,10
Nissedal,2008-2017,2017-01-01,Kjønn samlet,Alle aldre,Føflekkreft (malignt melanom),"per 100 000, standardisert",,1,10
Nissedal,2008-2017,2017-01-01,Kjønn samlet,Alle aldre,Brystkreft,"per 100 000, standardisert",,1,10
Nissedal,2008-2017,2017-01-01,Kjønn samlet,Alle aldre,"Livmorhalskreft, kvinner","per 100 000, standardisert",,1,10
Nissedal,2008-2017,2017-01-01,Kjønn samlet,Alle aldre,Prostatakreft,"per 100 000, standardisert",,1,10
Nissedal,2008-2017,2017-01-01,Menn,Alle aldre,Totalt alle krefttyper,"per 100 000, standardisert",853.5,2,10
Nissedal,2008-2017,2017-01-01,Menn,Alle aldre,Tykk- og endetarmskreft,"per 100 000, standardisert",,2,10
Nissedal,2008-2017,2017-01-01,Menn,Alle aldre,Lungekreft,"per 100 000, standardisert",,2,10
Nissedal,2008-2017,2017-01-01,Menn,Alle aldre,Hudkreft,"per 100 000, standardisert",,2,10
Nissedal,2008-2017,2017-01-01,Menn,Alle aldre,Føflekkreft (malignt melanom),"per 100 000, standardisert",,2,10
Nissedal,2008-2017,2017-01-01,Menn,Alle aldre,Brystkreft,"per 100 000, standardisert",,2,10
Nissedal,2008-2017,2017-01-01,Menn,Alle aldre,"Livmorhalskreft, kvinner","per 100 000, standardisert",,2,10
Nissedal,2008-2017,2017-01-01,Menn,Alle aldre,Prostatakreft,"per 100 000, standardisert",221.7,2,10
Nissedal,2008-2017,2017-01-01,Kvinner,Alle aldre,Totalt alle krefttyper,"per 100 000, standardisert",665.3,3,10
Nissedal,2008-2017,2017-01-01,Kvinner,Alle aldre,Tykk- og endetarmskreft,"per 100 000, standardisert",,3,10
Nissedal,2008-2017,2017-01-01,Kvinner,Alle aldre,Lungekreft,"per 100 000, standardisert",,3,10
Nissedal,2008-2017,2017-01-01,Kvinner,Alle aldre,Hudkreft,"per 100 000, standardisert",,3,10
Nissedal,2008-2017,2017-01-01,Kvinner,Alle aldre,Føflekkreft (malignt melanom),"per 100 000, standardisert",,3,10
Nissedal,2008-2017,2017-01-01,Kvinner,Alle aldre,Brystkreft,"per 100 000, standardisert",,3,10
Nissedal,2008-2017,2017-01-01,Kvinner,Alle aldre,"Livmorhalskreft, kvinner","per 100 000, standardisert",,3,10
Nissedal,2008-2017,2017-01-01,Kvinner,Alle aldre,Prostatakreft,"per 100 000, standardisert",,3,10
Nissedal,2009-2018,2018-01-01,Kjønn samlet,Alle aldre,Totalt alle krefttyper,"per 100 000, standardisert",751.6,1,10
Nissedal,2009-2018,2018-01-01,Kjønn samlet,Alle aldre,Tykk- og endetarmskreft,"per 100 000, standardisert",83.1,1,10
Nissedal,2009-2018,2018-01-01,Kjønn samlet,Alle aldre,Lungekreft,"per 100 000, standardisert",97.4,1,10
Nissedal,2009-2018,2018-01-01,Kjønn samlet,Alle aldre,Hudkreft,"per 100 000, standardisert",,1,10
Nissedal,2009-2018,2018-01-01,Kjønn samlet,Alle aldre,Føflekkreft (malignt melanom),"per 100 000, standardisert",,1,10
Nissedal,2009-2018,2018-01-01,Kjønn samlet,Alle aldre,Brystkreft,"per 100 000, standardisert",,1,10
Nissedal,2009-2018,2018-01-01,Kjønn samlet,Alle aldre,"Livmorhalskreft, kvinner","per 100 000, standardisert",,1,10
Nissedal,2009-2018,2018-01-01,Kjønn samlet,Alle aldre,Prostatakreft,"per 100 000, standardisert",,1,10
Nissedal,2009-2018,2018-01-01,Menn,Alle aldre,Totalt alle krefttyper,"per 100 000, standardisert",845.0,2,10
Nissedal,2009-2018,2018-01-01,Menn,Alle aldre,Tykk- og endetarmskreft,"per 100 000, standardisert",,2,10
Nissedal,2009-2018,2018-01-01,Menn,Alle aldre,Lungekreft,"per 100 000, standardisert",,2,10
Nissedal,2009-2018,2018-01-01,Menn,Alle aldre,Hudkreft,"per 100 000, standardisert",,2,10
Nissedal,2009-2018,2018-01-01,Menn,Alle aldre,Føflekkreft (malignt melanom),"per 100 000, standardisert",,2,10
Nissedal,2009-2018,2018-01-01,Menn,Alle aldre,Brystkreft,"per 100 000, standardisert",,2,10
Nissedal,2009-2018,2018-01-01,Menn,Alle aldre,"Livmorhalskreft, kvinner","per 100 000, standardisert",,2,10
Nissedal,2009-2018,2018-01-01,Menn,Alle aldre,Prostatakreft,"per 100 000, standardisert",215.1,2,10
Nissedal,2009-2018,2018-01-01,Kvinner,Alle aldre,Totalt alle krefttyper,"per 100 000, standardisert",657.2,3,10
Nissedal,2009-2018,2018-01-01,Kvinner,Alle aldre,Tykk- og endetarmskreft,"per 100 000, standardisert",,3,10
Nissedal,2009-2018,2018-01-01,Kvinner,Alle aldre,Lungekreft,"per 100 000, standardisert",,3,10
Nissedal,2009-2018,2018-01-01,Kvinner,Alle aldre,Hudkreft,"per 100 000, standardisert",,3,10
Nissedal,2009-2018,2018-01-01,Kvinner,Alle aldre,Føflekkreft (malignt melanom),"per 100 000, standardisert",,3,10
Nissedal,2009-2018,2018-01-01,Kvinner,Alle aldre,Brystkreft,"per 100 000, standardisert",,3,10
Nissedal,2009-2018,2018-01-01,Kvinner,Alle aldre,"Livmorhalskreft, kvinner","per 100 000, standardisert",,3,10
Nissedal,2009-2018,2018-01-01,Kvinner,Alle aldre,Prostatakreft,"per 100 000, standardisert",,3,10
Nissedal,2010-2019,2019-01-01,Kjønn samlet,Alle aldre,Totalt alle krefttyper,"per 100 000, standardisert",674.1,1,10
Nissedal,2010-2019,2019-01-01,Kjønn samlet,Alle aldre,Tykk- og endetarmskreft,"per 100 000, standardisert",,1,10
Nissedal,2010-2019,2019-01-01,Kjønn samlet,Alle aldre,Lungekreft,"per 100 000, standardisert",95.0,1,10
Nissedal,2010-2019,2019-01-01,Kjønn samlet,Alle aldre,Hudkreft,"per 100 000, standardisert",,1,10
Nissedal,2010-2019,2019-01-01,Kjønn samlet,Alle aldre,Føflekkreft (malignt melanom),"per 100 000, standardisert",,1,10
Nissedal,2010-2019,2019-01-01,Kjønn samlet,Alle aldre,Brystkreft,"per 100 000, standardisert",,1,10
Nissedal,2010-2019,2019-01-01,Kjønn samlet,Alle aldre,"Livmorhalskreft, kvinner","per 100 000, standardisert",,1,10
Nissedal,2010-2019,2019-01-01,Kjønn samlet,Alle aldre,Prostatakreft,"per 100 000, standardisert",,1,10
Nissedal,2010-2019,2019-01-01,Menn,Alle aldre,Totalt alle krefttyper,"per 100 000, standardisert",736.9,2,10
Nissedal,2010-2019,2019-01-01,Menn,Alle aldre,Tykk- og endetarmskreft,"per 100 000, standardisert",,2,10
Nissedal,2010-2019,2019-01-01,Menn,Alle aldre,Lungekreft,"per 100 000, standardisert",,2,10
Nissedal,2010-2019,2019-01-01,Menn,Alle aldre,Hudkreft,"per 100 000, standardisert",,2,10
Nissedal,2010-2019,2019-01-01,Menn,Alle aldre,Føflekkreft (malignt melanom),"per 100 000, standardisert",,2,10
Nissedal,2010-2019,2019-01-01,Menn,Alle aldre,Brystkreft,"per 100 000, standardisert",,2,10
Nissedal,2010-2019,2019-01-01,Menn,Alle aldre,"Livmorhalskreft, kvinner","per 100 000, standardisert",,2,10
Nissedal,2010-2019,2019-01-01,Menn,Alle aldre,Prostatakreft,"per 100 000, standardisert",208.7,2,10
Nissedal,2010-2019,2019-01-01,Kvinner,Alle aldre,Totalt alle krefttyper,"per 100 000, standardisert",610.3,3,10
Nissedal,2010-2019,2019-01-01,Kvinner,Alle aldre,Tykk- og endetarmskreft,"per 100 000, standardisert",,3,10
Nissedal,2010-2019,2019-01-01,Kvinner,Alle aldre,Lungekreft,"per 100 000, standardisert",,3,10
Nissedal,2010-2019,2019-01-01,Kvinner,Alle aldre,Hudkreft,"per 100 000, standardisert",,3,10
Nissedal,2010-2019,2019-01-01,Kvinner,Alle aldre,Føflekkreft (malignt melanom),"per 100 000, standardisert",,3,10
Nissedal,2010-2019,2019-01-01,Kvinner,Alle aldre,Brystkreft,"per 100 000, standardisert",,3,10
Nissedal,2010-2019,2019-01-01,Kvinner,Alle aldre,"Livmorhalskreft, kvinner","per 100 000, standardisert",,3,10
Nissedal,2010-2019,2019-01-01,Kvinner,Alle aldre,Prostatakreft,"per 100 000, standardisert",,3,10
Nissedal,2011-2020,2020-01-01,Kjønn samlet,Alle aldre,Totalt alle krefttyper,"per 100 000, standardisert",655.0,1,10
Nissedal,2011-2020,2020-01-01,Kjønn samlet,Alle aldre,Tykk- og endetarmskreft,"per 100 000, standardisert",55.4,1,10
Nissedal,2011-2020,2020-01-01,Kjønn samlet,Alle aldre,Lungekreft,"per 100 000, standardisert",92.6,1,10
Nissedal,2011-2020,2020-01-01,Kjønn samlet,Alle aldre,Hudkreft,"per 100 000, standardisert",,1,10
Nissedal,2011-2020,2020-01-01,Kjønn samlet,Alle aldre,Føflekkreft (malignt melanom),"per 100 000, standardisert",,1,10
Nissedal,2011-2020,2020-01-01,Kjønn samlet,Alle aldre,Brystkreft,"per 100 000, standardisert",,1,10
Nissedal,2011-2020,2020-01-01,Kjønn samlet,Alle aldre,"Livmorhalskreft, kvinner","per 100 000, standardisert",,1,10
Nissedal,2011-2020,2020-01-01,Kjønn samlet,Alle aldre,Prostatakreft,"per 100 000, standardisert",,1,10
Nissedal,2011-2020,2020-01-01,Menn,Alle aldre,Totalt alle krefttyper,"per 100 000, standardisert",719.8,2,10
Nissedal,2011-2020,2020-01-01,Menn,Alle aldre,Tykk- og endetarmskreft,"per 100 000, standardisert",,2,10
Nissedal,2011-2020,2020-01-01,Menn,Alle aldre,Lungekreft,"per 100 000, standardisert",,2,10
Nissedal,2011-2020,2020-01-01,Menn,Alle aldre,Hudkreft,"per 100 000, standardisert",,2,10
Nissedal,2011-2020,2020-01-01,Menn,Alle aldre,Føflekkreft (malignt melanom),"per 100 000, standardisert",,2,10
Nissedal,2011-2020,2020-01-01,Menn,Alle aldre,Brystkreft,"per 100 000, standardisert",,2,10
Nissedal,2011-2020,2020-01-01,Menn,Alle aldre,"Livmorhalskreft, kvinner","per 100 000, standardisert",,2,10
Nissedal,2011-2020,2020-01-01,Menn,Alle aldre,Prostatakreft,"per 100 000, standardisert",178.9,2,10
Nissedal,2011-2020,2020-01-01,Kvinner,Alle aldre,Totalt alle krefttyper,"per 100 000, standardisert",588.9,3,10
Nissedal,2011-2020,2020-01-01,Kvinner,Alle aldre,Tykk- og endetarmskreft,"per 100 000, standardisert",,3,10
Nissedal,2011-2020,2020-01-01,Kvinner,Alle aldre,Lungekreft,"per 100 000, standardisert",,3,10
Nissedal,2011-2020,2020-01-01,Kvinner,Alle aldre,Hudkreft,"per 100 000, standardisert",,3,10
Nissedal,2011-2020,2020-01-01,Kvinner,Alle aldre,Føflekkreft (malignt melanom),"per 100 000, standardisert",,3,10
Nissedal,2011-2020,2020-01-01,Kvinner,Alle aldre,Brystkreft,"per 100 000, standardisert",,3,10
Nissedal,2011-2020,2020-01-01,Kvinner,Alle aldre,"Livmorhalskreft, kvinner","per 100 000, standardisert",,3,10
Nissedal,2011-2020,2020-01-01,Kvinner,Alle aldre,Prostatakreft,"per 100 000, standardisert",,3,10
Nissedal,2012-2021,2021-01-01,Kjønn samlet,Alle aldre,Totalt alle krefttyper,"per 100 000, standardisert",671.6,1,10
Nissedal,2012-2021,2021-01-01,Kjønn samlet,Alle aldre,Tykk- og endetarmskreft,"per 100 000, standardisert",54.2,1,10
Nissedal,2012-2021,2021-01-01,Kjønn samlet,Alle aldre,Lungekreft,"per 100 000, standardisert",96.0,1,10
Nissedal,2012-2021,2021-01-01,Kjønn samlet,Alle aldre,Hudkreft,"per 100 000, standardisert",,1,10
Nissedal,2012-2021,2021-01-01,Kjønn samlet,Alle aldre,Føflekkreft (malignt melanom),"per 100 000, standardisert",,1,10
Nissedal,2012-2021,2021-01-01,Kjønn samlet,Alle aldre,Brystkreft,"per 100 000, standardisert",,1,10
Nissedal,2012-2021,2021-01-01,Kjønn samlet,Alle aldre,"Livmorhalskreft, kvinner","per 100 000, standardisert",,1,10
Nissedal,2012-2021,2021-01-01,Kjønn samlet,Alle aldre,Prostatakreft,"per 100 000, standardisert",,1,10
Nissedal,2012-2021,2021-01-01,Menn,Alle aldre,Totalt alle krefttyper,"per 100 000, standardisert",725.3,2,10
Nissedal,2012-2021,2021-01-01,Menn,Alle aldre,Tykk- og endetarmskreft,"per 100 000, standardisert",,2,10
Nissedal,2012-2021,2021-01-01,Menn,Alle aldre,Lungekreft,"per 100 000, standardisert",,2,10
Nissedal,2012-2021,2021-01-01,Menn,Alle aldre,Hudkreft,"per 100 000, standardisert",,2,10
Nissedal,2012-2021,2021-01-01,Menn,Alle aldre,Føflekkreft (malignt melanom),"per 100 000, standardisert",,2,10
Nissedal,2012-2021,2021-01-01,Menn,Alle aldre,Brystkreft,"per 100 000, standardisert",,2,10
Nissedal,2012-2021,2021-01-01,Menn,Alle aldre,"Livmorhalskreft, kvinner","per 100 000, standardisert",,2,10
Nissedal,2012-2021,2021-01-01,Menn,Alle aldre,Prostatakreft,"per 100 000, standardisert",161.9,2,10
Nissedal,2012-2021,2021-01-01,Kvinner,Alle aldre,Totalt alle krefttyper,"per 100 000, standardisert",616.7,3,10
Nissedal,2012-2021,2021-01-01,Kvinner,Alle aldre,Tykk- og endetarmskreft,"per 100 000, standardisert",,3,10
Nissedal,2012-2021,2021-01-01,Kvinner,Alle aldre,Lungekreft,"per 100 000, standardisert",,3,10
Nissedal,2012-2021,2021-01-01,Kvinner,Alle aldre,Hudkreft,"per 100 000, standardisert",,3,10
Nissedal,2012-2021,2021-01-01,Kvinner,Alle aldre,Føflekkreft (malignt melanom),"per 100 000, standardisert",,3,10
Nissedal,2012-2021,2021-01-01,Kvinner,Alle aldre,Brystkreft,"per 100 000, standardisert",,3,10
Nissedal,2012-2021,2021-01-01,Kvinner,Alle aldre,"Livmorhalskreft, kvinner","per 100 000, standardisert",,3,10
Nissedal,2012-2021,2021-01-01,Kvinner,Alle aldre,Prostatakreft,"per 100 000, standardisert",,3,10
Nissedal,2013-2022,2022-01-01,Kjønn samlet,Alle aldre,Totalt alle krefttyper,"per 100 000, standardisert",661.7,1,10
Nissedal,2013-2022,2022-01-01,Kjønn samlet,Alle aldre,Tykk- og endetarmskreft,"per 100 000, standardisert",52.9,1,10
Nissedal,2013-2022,2022-01-01,Kjønn samlet,Alle aldre,Lungekreft,"per 100 000, standardisert",81.4,1,10
Nissedal,2013-2022,2022-01-01,Kjønn samlet,Alle aldre,Hudkreft,"per 100 000, standardisert",,1,10
Nissedal,2013-2022,2022-01-01,Kjønn samlet,Alle aldre,Føflekkreft (malignt melanom),"per 100 000, standardisert",,1,10
Nissedal,2013-2022,2022-01-01,Kjønn samlet,Alle aldre,Brystkreft,"per 100 000, standardisert",,1,10
Nissedal,2013-2022,2022-01-01,Kjønn samlet,Alle aldre,"Livmorhalskreft, kvinner","per 100 000, standardisert",,1,10
Nissedal,2013-2022,2022-01-01,Kjønn samlet,Alle aldre,Prostatakreft,"per 100 000, standardisert",,1,10
Nissedal,2013-2022,2022-01-01,Menn,Alle aldre,Totalt alle krefttyper,"per 100 000, standardisert",692.2,2,10
Nissedal,2013-2022,2022-01-01,Menn,Alle aldre,Tykk- og endetarmskreft,"per 100 000, standardisert",,2,10
Nissedal,2013-2022,2022-01-01,Menn,Alle aldre,Lungekreft,"per 100 000, standardisert",,2,10
Nissedal,2013-2022,2022-01-01,Menn,Alle aldre,Hudkreft,"per 100 000, standardisert",,2,10
Nissedal,2013-2022,2022-01-01,Menn,Alle aldre,Føflekkreft (malignt melanom),"per 100 000, standardisert",,2,10
Nissedal,2013-2022,2022-01-01,Menn,Alle aldre,Brystkreft,"per 100 000, standardisert",,2,10
Nissedal,2013-2022,2022-01-01,Menn,Alle aldre,"Livmorhalskreft, kvinner","per 100 000, standardisert",,2,10
Nissedal,2013-2022,2022-01-01,Menn,Alle aldre,Prostatakreft,"per 100 000, standardisert",145.2,2,10
Nissedal,2013-2022,2022-01-01,Kvinner,Alle aldre,Totalt alle krefttyper,"per 100 000, standardisert",630.9,3,10
Nissedal,2013-2022,2022-01-01,Kvinner,Alle aldre,Tykk- og endetarmskreft,"per 100 000, standardisert",,3,10
Nissedal,2013-2022,2022-01-01,Kvinner,Alle aldre,Lungekreft,"per 100 000, standardisert",,3,10
Nissedal,2013-2022,2022-01-01,Kvinner,Alle aldre,Hudkreft,"per 100 000, standardisert",,3,10
Nissedal,2013-2022,2022-01-01,Kvinner,Alle aldre,Føflekkreft (malignt melanom),"per 100 000, standardisert",,3,10
Nissedal,2013-2022,2022-01-01,Kvinner,Alle aldre,Brystkreft,"per 100 000, standardisert",,3,10
Nissedal,2013-2022,2022-01-01,Kvinner,Alle aldre,"Livmorhalskreft, kvinner","per 100 000, standardisert",,3,10
Nissedal,2013-2022,2022-01-01,Kvinner,Alle aldre,Prostatakreft,"per 100 000, standardisert",,3,10
Nissedal,2014-2023,2023-01-01,Kjønn samlet,Alle aldre,Totalt alle krefttyper,"per 100 000, standardisert",638.8,1,10
Nissedal,2014-2023,2023-01-01,Kjønn samlet,Alle aldre,Tykk- og endetarmskreft,"per 100 000, standardisert",51.4,1,10
Nissedal,2014-2023,2023-01-01,Kjønn samlet,Alle aldre,Lungekreft,"per 100 000, standardisert",84.3,1,10
Nissedal,2014-2023,2023-01-01,Kjønn samlet,Alle aldre,Hudkreft,"per 100 000, standardisert",,1,10
Nissedal,2014-2023,2023-01-01,Kjønn samlet,Alle aldre,Føflekkreft (malignt melanom),"per 100 000, standardisert",,1,10
Nissedal,2014-2023,2023-01-01,Kjønn samlet,Alle aldre,Brystkreft,"per 100 000, standardisert",,1,10
Nissedal,2014-2023,2023-01-01,Kjønn samlet,Alle aldre,"Livmorhalskreft, kvinner","per 100 000, standardisert",,1,10
Nissedal,2014-2023,2023-01-01,Kjønn samlet,Alle aldre,Prostatakreft,"per 100 000, standardisert",,1,10
Nissedal,2014-2023,2023-01-01,Menn,Alle aldre,Totalt alle krefttyper,"per 100 000, standardisert",668.5,2,10
Nissedal,2014-2023,2023-01-01,Menn,Alle aldre,Tykk- og endetarmskreft,"per 100 000, standardisert",,2,10
Nissedal,2014-2023,2023-01-01,Menn,Alle aldre,Lungekreft,"per 100 000, standardisert",,2,10
Nissedal,2014-2023,2023-01-01,Menn,Alle aldre,Hudkreft,"per 100 000, standardisert",,2,10
Nissedal,2014-2023,2023-01-01,Menn,Alle aldre,Føflekkreft (malignt melanom),"per 100 000, standardisert",,2,10
Nissedal,2014-2023,2023-01-01,Menn,Alle aldre,Brystkreft,"per 100 000, standardisert",,2,10
Nissedal,2014-2023,2023-01-01,Menn,Alle aldre,"Livmorhalskreft, kvinner","per 100 000, standardisert",,2,10
Nissedal,2014-2023,2023-01-01,Menn,Alle aldre,Prostatakreft,"per 100 000, standardisert",129.0,2,10
Nissedal,2014-2023,2023-01-01,Kvinner,Alle aldre,Totalt alle krefttyper,"per 100 000, standardisert",608.8,3,10
Nissedal,2014-2023,2023-01-01,Kvinner,Alle aldre,Tykk- og endetarmskreft,"per 100 000, standardisert",,3,10
Nissedal,2014-2023,2023-01-01,Kvinner,Alle aldre,Lungekreft,"per 100 000, standardisert",,3,10
Nissedal,2014-2023,2023-01-01,Kvinner,Alle aldre,Hudkreft,"per 100 000, standardisert",,3,10
Nissedal,2014-2023,2023-01-01,Kvinner,Alle aldre,Føflekkreft (malignt melanom),"per 100 000, standardisert",,3,10
Nissedal,2014-2023,2023-01-01,Kvinner,Alle aldre,Brystkreft,"per 100 000, standardisert",,3,10
Nissedal,2014-2023,2023-01-01,Kvinner,Alle aldre,"Livmorhalskreft, kvinner","per 100 000, standardisert",,3,10
Nissedal,2014-2023,2023-01-01,Kvinner,Alle aldre,Prostatakreft,"per 100 000, standardisert",,3,10
Nissedal,2015-2024,2024-01-01,Kjønn samlet,Alle aldre,Totalt alle krefttyper,"per 100 000, standardisert",644.9,1,10
Nissedal,2015-2024,2024-01-01,Kjønn samlet,Alle aldre,Tykk- og endetarmskreft,"per 100 000, standardisert",61.2,1,10
Nissedal,2015-2024,2024-01-01,Kjønn samlet,Alle aldre,Lungekreft,"per 100 000, standardisert",87.0,1,10
Nissedal,2015-2024,2024-01-01,Kjønn samlet,Alle aldre,Hudkreft,"per 100 000, standardisert",,1,10
Nissedal,2015-2024,2024-01-01,Kjønn samlet,Alle aldre,Føflekkreft (malignt melanom),"per 100 000, standardisert",,1,10
Nissedal,2015-2024,2024-01-01,Kjønn samlet,Alle aldre,Brystkreft,"per 100 000, standardisert",,1,10
Nissedal,2015-2024,2024-01-01,Kjønn samlet,Alle aldre,"Livmorhalskreft, kvinner","per 100 000, standardisert",,1,10
Nissedal,2015-2024,2024-01-01,Kjønn samlet,Alle aldre,Prostatakreft,"per 100 000, standardisert",,1,10
Nissedal,2015-2024,2024-01-01,Menn,Alle aldre,Totalt alle krefttyper,"per 100 000, standardisert",678.0,2,10
Nissedal,2015-2024,2024-01-01,Menn,Alle aldre,Tykk- og endetarmskreft,"per 100 000, standardisert",,2,10
Nissedal,2015-2024,2024-01-01,Menn,Alle aldre,Lungekreft,"per 100 000, standardisert",,2,10
Nissedal,2015-2024,2024-01-01,Menn,Alle aldre,Hudkreft,"per 100 000, standardisert",,2,10
Nissedal,2015-2024,2024-01-01,Menn,Alle aldre,Føflekkreft (malignt melanom),"per 100 000, standardisert",,2,10
Nissedal,2015-2024,2024-01-01,Menn,Alle aldre,Brystkreft,"per 100 000, standardisert",,2,10
Nissedal,2015-2024,2024-01-01,Menn,Alle aldre,"Livmorhalskreft, kvinner","per 100 000, standardisert",,2,10
Nissedal,2015-2024,2024-01-01,Menn,Alle aldre,Prostatakreft,"per 100 000, standardisert",145.2,2,10
Nissedal,2015-2024,2024-01-01,Kvinner,Alle aldre,Totalt alle krefttyper,"per 100 000, standardisert",611.3,3,10
Nissedal,2015-2024,2024-01-01,Kvinner,Alle aldre,Tykk- og endetarmskreft,"per 100 000, standardisert",,3,10
Nissedal,2015-2024,2024-01-01,Kvinner,Alle aldre,Lungekreft,"per 100 000, standardisert",,3,10
Nissedal,2015-2024,2024-01-01,Kvinner,Alle aldre,Hudkreft,"per 100 000, standardisert",,3,10
Nissedal,2015-2024,2024-01-01,Kvinner,Alle aldre,Føflekkreft (malignt melanom),"per 100 000, standardisert",,3,10
Nissedal,2015-2024,2024-01-01,Kvinner,Alle aldre,Brystkreft,"per 100 000, standardisert",,3,10
Nissedal,2015-2024,2024-01-01,Kvinner,Alle aldre,"Livmorhalskreft, kvinner","per 100 000, standardisert",,3,10
Nissedal,2015-2024,2024-01-01,Kvinner,Alle aldre,Prostatakreft,"per 100 000, standardisert",,3,10
Nissedal,2016-2025,2025-01-01,Kjønn samlet,Alle aldre,Totalt alle krefttyper,"per 100 000, standardisert",650.5,1,10
Nissedal,2016-2025,2025-01-01,Kjønn samlet,Alle aldre,Tykk- og endetarmskreft,"per 100 000, standardisert",65.0,1,10
Nissedal,2016-2025,2025-01-01,Kjønn samlet,Alle aldre,Lungekreft,"per 100 000, standardisert",73.6,1,10
Nissedal,2016-2025,2025-01-01,Kjønn samlet,Alle aldre,Hudkreft,"per 100 000, standardisert",,1,10
Nissedal,2016-2025,2025-01-01,Kjønn samlet,Alle aldre,Føflekkreft (malignt melanom),"per 100 000, standardisert",,1,10
Nissedal,2016-2025,2025-01-01,Kjønn samlet,Alle aldre,Brystkreft,"per 100 000, standardisert",,1,10
Nissedal,2016-2025,2025-01-01,Kjønn samlet,Alle aldre,"Livmorhalskreft, kvinner","per 100 000, standardisert",,1,10
Nissedal,2016-2025,2025-01-01,Kjønn samlet,Alle aldre,Prostatakreft,"per 100 000, standardisert",,1,10
Nissedal,2016-2025,2025-01-01,Menn,Alle aldre,Totalt alle krefttyper,"per 100 000, standardisert",687.0,2,10
Nissedal,2016-2025,2025-01-01,Menn,Alle aldre,Tykk- og endetarmskreft,"per 100 000, standardisert",,2,10
Nissedal,2016-2025,2025-01-01,Menn,Alle aldre,Lungekreft,"per 100 000, standardisert",,2,10
Nissedal,2016-2025,2025-01-01,Menn,Alle aldre,Hudkreft,"per 100 000, standardisert",,2,10
Nissedal,2016-2025,2025-01-01,Menn,Alle aldre,Føflekkreft (malignt melanom),"per 100 000, standardisert",,2,10
Nissedal,2016-2025,2025-01-01,Menn,Alle aldre,Brystkreft,"per 100 000, standardisert",,2,10
Nissedal,2016-2025,2025-01-01,Menn,Alle aldre,"Livmorhalskreft, kvinner","per 100 000, standardisert",,2,10
Nissedal,2016-2025,2025-01-01,Menn,Alle aldre,Prostatakreft,"per 100 000, standardisert",120.2,2,10
Nissedal,2016-2025,2025-01-01,Kvinner,Alle aldre,Totalt alle krefttyper,"per 100 000, standardisert",613.2,3,10
Nissedal,2016-2025,2025-01-01,Kvinner,Alle aldre,Tykk- og endetarmskreft,"per 100 000, standardisert",,3,10
Nissedal,2016-2025,2025-01-01,Kvinner,Alle aldre,Lungekreft,"per 100 000, standardisert",,3,10
Nissedal,2016-2025,2025-01-01,Kvinner,Alle aldre,Hudkreft,"per 100 000, standardisert",,3,10
Nissedal,2016-2025,2025-01-01,Kvinner,Alle aldre,Føflekkreft (malignt melanom),"per 100 000, standardisert",,3,10
Nissedal,2016-2025,2025-01-01,Kvinner,Alle aldre,Brystkreft,"per 100 000, standardisert",,3,10
Nissedal,2016-2025,2025-01-01,Kvinner,Alle aldre,"Livmorhalskreft, kvinner","per 100 000, standardisert",,3,10
Nissedal,2016-2025,2025-01-01,Kvinner,Alle aldre,Prostatakreft,"per 100 000, standardisert",,3,10
Fyresdal,2007-2016,2016-01-01,Kjønn samlet,Alle aldre,Totalt alle krefttyper,"per 100 000, standardisert",611.3,1,5
Fyresdal,2007-2016,2016-01-01,Kjønn samlet,Alle aldre,Tykk- og endetarmskreft,"per 100 000, standardisert",90.4,1,5
Fyresdal,2007-2016,2016-01-01,Kjønn samlet,Alle aldre,Lungekreft,"per 100 000, standardisert",,1,5
Fyresdal,2007-2016,2016-01-01,Kjønn samlet,Alle aldre,Hudkreft,"per 100 000, standardisert",,1,5
Fyresdal,2007-2016,2016-01-01,Kjønn samlet,Alle aldre,Føflekkreft (malignt melanom),"per 100 000, standardisert",,1,5
Fyresdal,2007-2016,2016-01-01,Kjønn samlet,Alle aldre,Brystkreft,"per 100 000, standardisert",,1,5
Fyresdal,2007-2016,2016-01-01,Kjønn samlet,Alle aldre,"Livmorhalskreft, kvinner","per 100 000, standardisert",,1,5
Fyresdal,2007-2016,2016-01-01,Kjønn samlet,Alle aldre,Prostatakreft,"per 100 000, standardisert",,1,5
Fyresdal,2007-2016,2016-01-01,Menn,Alle aldre,Totalt alle krefttyper,"per 100 000, standardisert",655.7,2,5
Fyresdal,2007-2016,2016-01-01,Menn,Alle aldre,Tykk- og endetarmskreft,"per 100 000, standardisert",,2,5
Fyresdal,2007-2016,2016-01-01,Menn,Alle aldre,Lungekreft,"per 100 000, standardisert",,2,5
Fyresdal,2007-2016,2016-01-01,Menn,Alle aldre,Hudkreft,"per 100 000, standardisert",,2,5
Fyresdal,2007-2016,2016-01-01,Menn,Alle aldre,Føflekkreft (malignt melanom),"per 100 000, standardisert",,2,5
Fyresdal,2007-2016,2016-01-01,Menn,Alle aldre,Brystkreft,"per 100 000, standardisert",,2,5
Fyresdal,2007-2016,2016-01-01,Menn,Alle aldre,"Livmorhalskreft, kvinner","per 100 000, standardisert",,2,5
Fyresdal,2007-2016,2016-01-01,Menn,Alle aldre,Prostatakreft,"per 100 000, standardisert",124.3,2,5
Fyresdal,2007-2016,2016-01-01,Kvinner,Alle aldre,Totalt alle krefttyper,"per 100 000, standardisert",566.2,3,5
Fyresdal,2007-2016,2016-01-01,Kvinner,Alle aldre,Tykk- og endetarmskreft,"per 100 000, standardisert",,3,5
Fyresdal,2007-2016,2016-01-01,Kvinner,Alle aldre,Lungekreft,"per 100 000, standardisert",,3,5
Fyresdal,2007-2016,2016-01-01,Kvinner,Alle aldre,Hudkreft,"per 100 000, standardisert",,3,5
Fyresdal,2007-2016,2016-01-01,Kvinner,Alle aldre,Føflekkreft (malignt melanom),"per 100 000, standardisert",,3,5
Fyresdal,2007-2016,2016-01-01,Kvinner,Alle aldre,Brystkreft,"per 100 000, standardisert",,3,5
Fyresdal,2007-2016,2016-01-01,Kvinner,Alle aldre,"Livmorhalskreft, kvinner","per 100 000, standardisert",,3,5
Fyresdal,2007-2016,2016-01-01,Kvinner,Alle aldre,Prostatakreft,"per 100 000, standardisert",,3,5
Fyresdal,2008-2017,2017-01-01,Kjønn samlet,Alle aldre,Totalt alle krefttyper,"per 100 000, standardisert",579.0,1,5
Fyresdal,2008-2017,2017-01-01,Kjønn samlet,Alle aldre,Tykk- og endetarmskreft,"per 100 000, standardisert",,1,5
Fyresdal,2008-2017,2017-01-01,Kjønn samlet,Alle aldre,Lungekreft,"per 100 000, standardisert",,1,5
Fyresdal,2008-2017,2017-01-01,Kjønn samlet,Alle aldre,Hudkreft,"per 100 000, standardisert",,1,5
Fyresdal,2008-2017,2017-01-01,Kjønn samlet,Alle aldre,Føflekkreft (malignt melanom),"per 100 000, standardisert",,1,5
Fyresdal,2008-2017,2017-01-01,Kjønn samlet,Alle aldre,Brystkreft,"per 100 000, standardisert",,1,5
Fyresdal,2008-2017,2017-01-01,Kjønn samlet,Alle aldre,"Livmorhalskreft, kvinner","per 100 000, standardisert",,1,5
Fyresdal,2008-2017,2017-01-01,Kjønn samlet,Alle aldre,Prostatakreft,"per 100 000, standardisert",,1,5
Fyresdal,2008-2017,2017-01-01,Menn,Alle aldre,Totalt alle krefttyper,"per 100 000, standardisert",588.8,2,5
Fyresdal,2008-2017,2017-01-01,Menn,Alle aldre,Tykk- og endetarmskreft,"per 100 000, standardisert",,2,5
Fyresdal,2008-2017,2017-01-01,Menn,Alle aldre,Lungekreft,"per 100 000, standardisert",,2,5
Fyresdal,2008-2017,2017-01-01,Menn,Alle aldre,Hudkreft,"per 100 000, standardisert",,2,5
Fyresdal,2008-2017,2017-01-01,Menn,Alle aldre,Føflekkreft (malignt melanom),"per 100 000, standardisert",,2,5
Fyresdal,2008-2017,2017-01-01,Menn,Alle aldre,Brystkreft,"per 100 000, standardisert",,2,5
Fyresdal,2008-2017,2017-01-01,Menn,Alle aldre,"Livmorhalskreft, kvinner","per 100 000, standardisert",,2,5
Fyresdal,2008-2017,2017-01-01,Menn,Alle aldre,Prostatakreft,"per 100 000, standardisert",135.2,2,5
Fyresdal,2008-2017,2017-01-01,Kvinner,Alle aldre,Totalt alle krefttyper,"per 100 000, standardisert",569.6,3,5
Fyresdal,2008-2017,2017-01-01,Kvinner,Alle aldre,Tykk- og endetarmskreft,"per 100 000, standardisert",,3,5
Fyresdal,2008-2017,2017-01-01,Kvinner,Alle aldre,Lungekreft,"per 100 000, standardisert",,3,5
Fyresdal,2008-2017,2017-01-01,Kvinner,Alle aldre,Hudkreft,"per 100 000, standardisert",,3,5
Fyresdal,2008-2017,2017-01-01,Kvinner,Alle aldre,Føflekkreft (malignt melanom),"per 100 000, standardisert",,3,5
Fyresdal,2008-2017,2017-01-01,Kvinner,Alle aldre,Brystkreft,"per 100 000, standardisert",,3,5
Fyresdal,2008-2017,2017-01-01,Kvinner,Alle aldre,"Livmorhalskreft, kvinner","per 100 000, standardisert",,3,5
Fyresdal,2008-2017,2017-01-01,Kvinner,Alle aldre,Prostatakreft,"per 100 000, standardisert",,3,5
Fyresdal,2009-2018,2018-01-01,Kjønn samlet,Alle aldre,Totalt alle krefttyper,"per 100 000, standardisert",601.9,1,5
Fyresdal,2009-2018,2018-01-01,Kjønn samlet,Alle aldre,Tykk- og endetarmskreft,"per 100 000, standardisert",,1,5
Fyresdal,2009-2018,2018-01-01,Kjønn samlet,Alle aldre,Lungekreft,"per 100 000, standardisert",,1,5
Fyresdal,2009-2018,2018-01-01,Kjønn samlet,Alle aldre,Hudkreft,"per 100 000, standardisert",,1,5
Fyresdal,2009-2018,2018-01-01,Kjønn samlet,Alle aldre,Føflekkreft (malignt melanom),"per 100 000, standardisert",,1,5
Fyresdal,2009-2018,2018-01-01,Kjønn samlet,Alle aldre,Brystkreft,"per 100 000, standardisert",,1,5
Fyresdal,2009-2018,2018-01-01,Kjønn samlet,Alle aldre,"Livmorhalskreft, kvinner","per 100 000, standardisert",,1,5
Fyresdal,2009-2018,2018-01-01,Kjønn samlet,Alle aldre,Prostatakreft,"per 100 000, standardisert",,1,5
Fyresdal,2009-2018,2018-01-01,Menn,Alle aldre,Totalt alle krefttyper,"per 100 000, standardisert",590.3,2,5
Fyresdal,2009-2018,2018-01-01,Menn,Alle aldre,Tykk- og endetarmskreft,"per 100 000, standardisert",,2,5
Fyresdal,2009-2018,2018-01-01,Menn,Alle aldre,Lungekreft,"per 100 000, standardisert",,2,5
Fyresdal,2009-2018,2018-01-01,Menn,Alle aldre,Hudkreft,"per 100 000, standardisert",,2,5
Fyresdal,2009-2018,2018-01-01,Menn,Alle aldre,Føflekkreft (malignt melanom),"per 100 000, standardisert",,2,5
Fyresdal,2009-2018,2018-01-01,Menn,Alle aldre,Brystkreft,"per 100 000, standardisert",,2,5
Fyresdal,2009-2018,2018-01-01,Menn,Alle aldre,"Livmorhalskreft, kvinner","per 100 000, standardisert",,2,5
Fyresdal,2009-2018,2018-01-01,Menn,Alle aldre,Prostatakreft,"per 100 000, standardisert",132.2,2,5
Fyresdal,2009-2018,2018-01-01,Kvinner,Alle aldre,Totalt alle krefttyper,"per 100 000, standardisert",616.0,3,5
Fyresdal,2009-2018,2018-01-01,Kvinner,Alle aldre,Tykk- og endetarmskreft,"per 100 000, standardisert",,3,5
Fyresdal,2009-2018,2018-01-01,Kvinner,Alle aldre,Lungekreft,"per 100 000, standardisert",,3,5
Fyresdal,2009-2018,2018-01-01,Kvinner,Alle aldre,Hudkreft,"per 100 000, standardisert",,3,5
Fyresdal,2009-2018,2018-01-01,Kvinner,Alle aldre,Føflekkreft (malignt melanom),"per 100 000, standardisert",,3,5
Fyresdal,2009-2018,2018-01-01,Kvinner,Alle aldre,Brystkreft,"per 100 000, standardisert",,3,5
Fyresdal,2009-2018,2018-01-01,Kvinner,Alle aldre,"Livmorhalskreft, kvinner","per 100 000, standardisert",,3,5
Fyresdal,2009-2018,2018-01-01,Kvinner,Alle aldre,Prostatakreft,"per 100 000, standardisert",,3,5
Fyresdal,2010-2019,2019-01-01,Kjønn samlet,Alle aldre,Totalt alle krefttyper,"per 100 000, standardisert",630.0,1,5
Fyresdal,2010-2019,2019-01-01,Kjønn samlet,Alle aldre,Tykk- og endetarmskreft,"per 100 000, standardisert",,1,5
Fyresdal,2010-2019,2019-01-01,Kjønn samlet,Alle aldre,Lungekreft,"per 100 000, standardisert",,1,5
Fyresdal,2010-2019,2019-01-01,Kjønn samlet,Alle aldre,Hudkreft,"per 100 000, standardisert",,1,5
Fyresdal,2010-2019,2019-01-01,Kjønn samlet,Alle aldre,Føflekkreft (malignt melanom),"per 100 000, standardisert",,1,5
Fyresdal,2010-2019,2019-01-01,Kjønn samlet,Alle aldre,Brystkreft,"per 100 000, standardisert",,1,5
Fyresdal,2010-2019,2019-01-01,Kjønn samlet,Alle aldre,"Livmorhalskreft, kvinner","per 100 000, standardisert",,1,5
Fyresdal,2010-2019,2019-01-01,Kjønn samlet,Alle aldre,Prostatakreft,"per 100 000, standardisert",,1,5
Fyresdal,2010-2019,2019-01-01,Menn,Alle aldre,Totalt alle krefttyper,"per 100 000, standardisert",669.8,2,5
Fyresdal,2010-2019,2019-01-01,Menn,Alle aldre,Tykk- og endetarmskreft,"per 100 000, standardisert",,2,5
Fyresdal,2010-2019,2019-01-01,Menn,Alle aldre,Lungekreft,"per 100 000, standardisert",,2,5
Fyresdal,2010-2019,2019-01-01,Menn,Alle aldre,Hudkreft,"per 100 000, standardisert",,2,5
Fyresdal,2010-2019,2019-01-01,Menn,Alle aldre,Føflekkreft (malignt melanom),"per 100 000, standardisert",,2,5
Fyresdal,2010-2019,2019-01-01,Menn,Alle aldre,Brystkreft,"per 100 000, standardisert",,2,5
Fyresdal,2010-2019,2019-01-01,Menn,Alle aldre,"Livmorhalskreft, kvinner","per 100 000, standardisert",,2,5
Fyresdal,2010-2019,2019-01-01,Menn,Alle aldre,Prostatakreft,"per 100 000, standardisert",129.0,2,5
Fyresdal,2010-2019,2019-01-01,Kvinner,Alle aldre,Totalt alle krefttyper,"per 100 000, standardisert",589.0,3,5
Fyresdal,2010-2019,2019-01-01,Kvinner,Alle aldre,Tykk- og endetarmskreft,"per 100 000, standardisert",,3,5
Fyresdal,2010-2019,2019-01-01,Kvinner,Alle aldre,Lungekreft,"per 100 000, standardisert",,3,5
Fyresdal,2010-2019,2019-01-01,Kvinner,Alle aldre,Hudkreft,"per 100 000, standardisert",,3,5
Fyresdal,2010-2019,2019-01-01,Kvinner,Alle aldre,Føflekkreft (malignt melanom),"per 100 000, standardisert",,3,5
Fyresdal,2010-2019,2019-01-01,Kvinner,Alle aldre,Brystkreft,"per 100 000, standardisert",,3,5
Fyresdal,2010-2019,2019-01-01,Kvinner,Alle aldre,"Livmorhalskreft, kvinner","per 100 000, standardisert",,3,5
Fyresdal,2010-2019,2019-01-01,Kvinner,Alle aldre,Prostatakreft,"per 100 000, standardisert",,3,5
Fyresdal,2011-2020,2020-01-01,Kjønn samlet,Alle aldre,Totalt alle krefttyper,"per 100 000, standardisert",629.5,1,5
Fyresdal,2011-2020,2020-01-01,Kjønn samlet,Alle aldre,Tykk- og endetarmskreft,"per 100 000, standardisert",67.3,1,5
Fyresdal,2011-2020,2020-01-01,Kjønn samlet,Alle aldre,Lungekreft,"per 100 000, standardisert",,1,5
Fyresdal,2011-2020,2020-01-01,Kjønn samlet,Alle aldre,Hudkreft,"per 100 000, standardisert",,1,5
Fyresdal,2011-2020,2020-01-01,Kjønn samlet,Alle aldre,Føflekkreft (malignt melanom),"per 100 000, standardisert",,1,5
Fyresdal,2011-2020,2020-01-01,Kjønn samlet,Alle aldre,Brystkreft,"per 100 000, standardisert",,1,5
Fyresdal,2011-2020,2020-01-01,Kjønn samlet,Alle aldre,"Livmorhalskreft, kvinner","per 100 000, standardisert",,1,5
Fyresdal,2011-2020,2020-01-01,Kjønn samlet,Alle aldre,Prostatakreft,"per 100 000, standardisert",,1,5
Fyresdal,2011-2020,2020-01-01,Menn,Alle aldre,Totalt alle krefttyper,"per 100 000, standardisert",668.2,2,5
Fyresdal,2011-2020,2020-01-01,Menn,Alle aldre,Tykk- og endetarmskreft,"per 100 000, standardisert",,2,5
Fyresdal,2011-2020,2020-01-01,Menn,Alle aldre,Lungekreft,"per 100 000, standardisert",,2,5
Fyresdal,2011-2020,2020-01-01,Menn,Alle aldre,Hudkreft,"per 100 000, standardisert",,2,5
Fyresdal,2011-2020,2020-01-01,Menn,Alle aldre,Føflekkreft (malignt melanom),"per 100 000, standardisert",,2,5
Fyresdal,2011-2020,2020-01-01,Menn,Alle aldre,Brystkreft,"per 100 000, standardisert",,2,5
Fyresdal,2011-2020,2020-01-01,Menn,Alle aldre,"Livmorhalskreft, kvinner","per 100 000, standardisert",,2,5
Fyresdal,2011-2020,2020-01-01,Menn,Alle aldre,Prostatakreft,"per 100 000, standardisert",138.4,2,5
Fyresdal,2011-2020,2020-01-01,Kvinner,Alle aldre,Totalt alle krefttyper,"per 100 000, standardisert",589.5,3,5
Fyresdal,2011-2020,2020-01-01,Kvinner,Alle aldre,Tykk- og endetarmskreft,"per 100 000, standardisert",,3,5
Fyresdal,2011-2020,2020-01-01,Kvinner,Alle aldre,Lungekreft,"per 100 000, standardisert",,3,5
Fyresdal,2011-2020,2020-01-01,Kvinner,Alle aldre,Hudkreft,"per 100 000, standardisert",,3,5
Fyresdal,2011-2020,2020-01-01,Kvinner,Alle aldre,Føflekkreft (malignt melanom),"per 100 000, standardisert",,3,5
Fyresdal,2011-2020,2020-01-01,Kvinner,Alle aldre,Brystkreft,"per 100 000, standardisert",,3,5
Fyresdal,2011-2020,2020-01-01,Kvinner,Alle aldre,"Livmorhalskreft, kvinner","per 100 000, standardisert",,3,5
Fyresdal,2011-2020,2020-01-01,Kvinner,Alle aldre,Prostatakreft,"per 100 000, standardisert",,3,5
Fyresdal,2012-2021,2021-01-01,Kjønn samlet,Alle aldre,Totalt alle krefttyper,"per 100 000, standardisert",656.2,1,5
Fyresdal,2012-2021,2021-01-01,Kjønn samlet,Alle aldre,Tykk- og endetarmskreft,"per 100 000, standardisert",73.3,1,5
Fyresdal,2012-2021,2021-01-01,Kjønn samlet,Alle aldre,Lungekreft,"per 100 000, standardisert",,1,5
Fyresdal,2012-2021,2021-01-01,Kjønn samlet,Alle aldre,Hudkreft,"per 100 000, standardisert",,1,5
Fyresdal,2012-2021,2021-01-01,Kjønn samlet,Alle aldre,Føflekkreft (malignt melanom),"per 100 000, standardisert",,1,5
Fyresdal,2012-2021,2021-01-01,Kjønn samlet,Alle aldre,Brystkreft,"per 100 000, standardisert",,1,5
Fyresdal,2012-2021,2021-01-01,Kjønn samlet,Alle aldre,"Livmorhalskreft, kvinner","per 100 000, standardisert",,1,5
Fyresdal,2012-2021,2021-01-01,Kjønn samlet,Alle aldre,Prostatakreft,"per 100 000, standardisert",,1,5
Fyresdal,2012-2021,2021-01-01,Menn,Alle aldre,Totalt alle krefttyper,"per 100 000, standardisert",706.2,2,5
Fyresdal,2012-2021,2021-01-01,Menn,Alle aldre,Tykk- og endetarmskreft,"per 100 000, standardisert",,2,5
Fyresdal,2012-2021,2021-01-01,Menn,Alle aldre,Lungekreft,"per 100 000, standardisert",,2,5
Fyresdal,2012-2021,2021-01-01,Menn,Alle aldre,Hudkreft,"per 100 000, standardisert",,2,5
Fyresdal,2012-2021,2021-01-01,Menn,Alle aldre,Føflekkreft (malignt melanom),"per 100 000, standardisert",,2,5
Fyresdal,2012-2021,2021-01-01,Menn,Alle aldre,Brystkreft,"per 100 000, standardisert",,2,5
Fyresdal,2012-2021,2021-01-01,Menn,Alle aldre,"Livmorhalskreft, kvinner","per 100 000, standardisert",,2,5
Fyresdal,2012-2021,2021-01-01,Menn,Alle aldre,Prostatakreft,"per 100 000, standardisert",160.1,2,5
Fyresdal,2012-2021,2021-01-01,Kvinner,Alle aldre,Totalt alle krefttyper,"per 100 000, standardisert",603.4,3,5
Fyresdal,2012-2021,2021-01-01,Kvinner,Alle aldre,Tykk- og endetarmskreft,"per 100 000, standardisert",,3,5
Fyresdal,2012-2021,2021-01-01,Kvinner,Alle aldre,Lungekreft,"per 100 000, standardisert",,3,5
Fyresdal,2012-2021,2021-01-01,Kvinner,Alle aldre,Hudkreft,"per 100 000, standardisert",,3,5
Fyresdal,2012-2021,2021-01-01,Kvinner,Alle aldre,Føflekkreft (malignt melanom),"per 100 000, standardisert",,3,5
Fyresdal,2012-2021,2021-01-01,Kvinner,Alle aldre,Brystkreft,"per 100 000, standardisert",,3,5
Fyresdal,2012-2021,2021-01-01,Kvinner,Alle aldre,"Livmorhalskreft, kvinner","per 100 000, standardisert",,3,5
Fyresdal,2012-2021,2021-01-01,Kvinner,Alle aldre,Prostatakreft,"per 100 000, standardisert",,3,5
Fyresdal,2013-2022,2022-01-01,Kjønn samlet,Alle aldre,Totalt alle krefttyper,"per 100 000, standardisert",656.6,1,5
Fyresdal,2013-2022,2022-01-01,Kjønn samlet,Alle aldre,Tykk- og endetarmskreft,"per 100 000, standardisert",72.6,1,5
Fyresdal,2013-2022,2022-01-01,Kjønn samlet,Alle aldre,Lungekreft,"per 100 000, standardisert",,1,5
Fyresdal,2013-2022,2022-01-01,Kjønn samlet,Alle aldre,Hudkreft,"per 100 000, standardisert",,1,5
Fyresdal,2013-2022,2022-01-01,Kjønn samlet,Alle aldre,Føflekkreft (malignt melanom),"per 100 000, standardisert",,1,5
Fyresdal,2013-2022,2022-01-01,Kjønn samlet,Alle aldre,Brystkreft,"per 100 000, standardisert",,1,5
Fyresdal,2013-2022,2022-01-01,Kjønn samlet,Alle aldre,"Livmorhalskreft, kvinner","per 100 000, standardisert",,1,5
Fyresdal,2013-2022,2022-01-01,Kjønn samlet,Alle aldre,Prostatakreft,"per 100 000, standardisert",,1,5
Fyresdal,2013-2022,2022-01-01,Menn,Alle aldre,Totalt alle krefttyper,"per 100 000, standardisert",682.9,2,5
Fyresdal,2013-2022,2022-01-01,Menn,Alle aldre,Tykk- og endetarmskreft,"per 100 000, standardisert",,2,5
Fyresdal,2013-2022,2022-01-01,Menn,Alle aldre,Lungekreft,"per 100 000, standardisert",,2,5
Fyresdal,2013-2022,2022-01-01,Menn,Alle aldre,Hudkreft,"per 100 000, standardisert",,2,5
Fyresdal,2013-2022,2022-01-01,Menn,Alle aldre,Føflekkreft (malignt melanom),"per 100 000, standardisert",,2,5
Fyresdal,2013-2022,2022-01-01,Menn,Alle aldre,Brystkreft,"per 100 000, standardisert",,2,5
Fyresdal,2013-2022,2022-01-01,Menn,Alle aldre,"Livmorhalskreft, kvinner","per 100 000, standardisert",,2,5
Fyresdal,2013-2022,2022-01-01,Menn,Alle aldre,Prostatakreft,"per 100 000, standardisert",157.3,2,5
Fyresdal,2013-2022,2022-01-01,Kvinner,Alle aldre,Totalt alle krefttyper,"per 100 000, standardisert",631.0,3,5
Fyresdal,2013-2022,2022-01-01,Kvinner,Alle aldre,Tykk- og endetarmskreft,"per 100 000, standardisert",,3,5
Fyresdal,2013-2022,2022-01-01,Kvinner,Alle aldre,Lungekreft,"per 100 000, standardisert",,3,5
Fyresdal,2013-2022,2022-01-01,Kvinner,Alle aldre,Hudkreft,"per 100 000, standardisert",,3,5
Fyresdal,2013-2022,2022-01-01,Kvinner,Alle aldre,Føflekkreft (malignt melanom),"per 100 000, standardisert",,3,5
Fyresdal,2013-2022,2022-01-01,Kvinner,Alle aldre,Brystkreft,"per 100 000, standardisert",,3,5
Fyresdal,2013-2022,2022-01-01,Kvinner,Alle aldre,"Livmorhalskreft, kvinner","per 100 000, standardisert",,3,5
Fyresdal,2013-2022,2022-01-01,Kvinner,Alle aldre,Prostatakreft,"per 100 000, standardisert",,3,5
Fyresdal,2014-2023,2023-01-01,Kjønn samlet,Alle aldre,Totalt alle krefttyper,"per 100 000, standardisert",714.1,1,5
Fyresdal,2014-2023,2023-01-01,Kjønn samlet,Alle aldre,Tykk- og endetarmskreft,"per 100 000, standardisert",71.7,1,5
Fyresdal,2014-2023,2023-01-01,Kjønn samlet,Alle aldre,Lungekreft,"per 100 000, standardisert",,1,5
Fyresdal,2014-2023,2023-01-01,Kjønn samlet,Alle aldre,Hudkreft,"per 100 000, standardisert",,1,5
Fyresdal,2014-2023,2023-01-01,Kjønn samlet,Alle aldre,Føflekkreft (malignt melanom),"per 100 000, standardisert",,1,5
Fyresdal,2014-2023,2023-01-01,Kjønn samlet,Alle aldre,Brystkreft,"per 100 000, standardisert",,1,5
Fyresdal,2014-2023,2023-01-01,Kjønn samlet,Alle aldre,"Livmorhalskreft, kvinner","per 100 000, standardisert",,1,5
Fyresdal,2014-2023,2023-01-01,Kjønn samlet,Alle aldre,Prostatakreft,"per 100 000, standardisert",,1,5
Fyresdal,2014-2023,2023-01-01,Menn,Alle aldre,Totalt alle krefttyper,"per 100 000, standardisert",769.6,2,5
Fyresdal,2014-2023,2023-01-01,Menn,Alle aldre,Tykk- og endetarmskreft,"per 100 000, standardisert",,2,5
Fyresdal,2014-2023,2023-01-01,Menn,Alle aldre,Lungekreft,"per 100 000, standardisert",,2,5
Fyresdal,2014-2023,2023-01-01,Menn,Alle aldre,Hudkreft,"per 100 000, standardisert",,2,5
Fyresdal,2014-2023,2023-01-01,Menn,Alle aldre,Føflekkreft (malignt melanom),"per 100 000, standardisert",,2,5
Fyresdal,2014-2023,2023-01-01,Menn,Alle aldre,Brystkreft,"per 100 000, standardisert",,2,5
Fyresdal,2014-2023,2023-01-01,Menn,Alle aldre,"Livmorhalskreft, kvinner","per 100 000, standardisert",,2,5
Fyresdal,2014-2023,2023-01-01,Menn,Alle aldre,Prostatakreft,"per 100 000, standardisert",214.1,2,5
Fyresdal,2014-2023,2023-01-01,Kvinner,Alle aldre,Totalt alle krefttyper,"per 100 000, standardisert",655.0,3,5
Fyresdal,2014-2023,2023-01-01,Kvinner,Alle aldre,Tykk- og endetarmskreft,"per 100 000, standardisert",,3,5
Fyresdal,2014-2023,2023-01-01,Kvinner,Alle aldre,Lungekreft,"per 100 000, standardisert",,3,5
Fyresdal,2014-2023,2023-01-01,Kvinner,Alle aldre,Hudkreft,"per 100 000, standardisert",,3,5
Fyresdal,2014-2023,2023-01-01,Kvinner,Alle aldre,Føflekkreft (malignt melanom),"per 100 000, standardisert",,3,5
Fyresdal,2014-2023,2023-01-01,Kvinner,Alle aldre,Brystkreft,"per 100 000, standardisert",,3,5
Fyresdal,2014-2023,2023-01-01,Kvinner,Alle aldre,"Livmorhalskreft, kvinner","per 100 000, standardisert",,3,5
Fyresdal,2014-2023,2023-01-01,Kvinner,Alle aldre,Prostatakreft,"per 100 000, standardisert",,3,5
Fyresdal,2015-2024,2024-01-01,Kjønn samlet,Alle aldre,Totalt alle krefttyper,"per 100 000, standardisert",767.7,1,5
Fyresdal,2015-2024,2024-01-01,Kjønn samlet,Alle aldre,Tykk- og endetarmskreft,"per 100 000, standardisert",76.9,1,5
Fyresdal,2015-2024,2024-01-01,Kjønn samlet,Alle aldre,Lungekreft,"per 100 000, standardisert",,1,5
Fyresdal,2015-2024,2024-01-01,Kjønn samlet,Alle aldre,Hudkreft,"per 100 000, standardisert",,1,5
Fyresdal,2015-2024,2024-01-01,Kjønn samlet,Alle aldre,Føflekkreft (malignt melanom),"per 100 000, standardisert",,1,5
Fyresdal,2015-2024,2024-01-01,Kjønn samlet,Alle aldre,Brystkreft,"per 100 000, standardisert",,1,5
Fyresdal,2015-2024,2024-01-01,Kjønn samlet,Alle aldre,"Livmorhalskreft, kvinner","per 100 000, standardisert",,1,5
Fyresdal,2015-2024,2024-01-01,Kjønn samlet,Alle aldre,Prostatakreft,"per 100 000, standardisert",,1,5
Fyresdal,2015-2024,2024-01-01,Menn,Alle aldre,Totalt alle krefttyper,"per 100 000, standardisert",828.4,2,5
Fyresdal,2015-2024,2024-01-01,Menn,Alle aldre,Tykk- og endetarmskreft,"per 100 000, standardisert",,2,5
Fyresdal,2015-2024,2024-01-01,Menn,Alle aldre,Lungekreft,"per 100 000, standardisert",,2,5
Fyresdal,2015-2024,2024-01-01,Menn,Alle aldre,Hudkreft,"per 100 000, standardisert",,2,5
Fyresdal,2015-2024,2024-01-01,Menn,Alle aldre,Føflekkreft (malignt melanom),"per 100 000, standardisert",,2,5
Fyresdal,2015-2024,2024-01-01,Menn,Alle aldre,Brystkreft,"per 100 000, standardisert",,2,5
Fyresdal,2015-2024,2024-01-01,Menn,Alle aldre,"Livmorhalskreft, kvinner","per 100 000, standardisert",,2,5
Fyresdal,2015-2024,2024-01-01,Menn,Alle aldre,Prostatakreft,"per 100 000, standardisert",222.1,2,5
Fyresdal,2015-2024,2024-01-01,Kvinner,Alle aldre,Totalt alle krefttyper,"per 100 000, standardisert",702.9,3,5
Fyresdal,2015-2024,2024-01-01,Kvinner,Alle aldre,Tykk- og endetarmskreft,"per 100 000, standardisert",,3,5
Fyresdal,2015-2024,2024-01-01,Kvinner,Alle aldre,Lungekreft,"per 100 000, standardisert",,3,5
Fyresdal,2015-2024,2024-01-01,Kvinner,Alle aldre,Hudkreft,"per 100 000, standardisert",,3,5
Fyresdal,2015-2024,2024-01-01,Kvinner,Alle aldre,Føflekkreft (malignt melanom),"per 100 000, standardisert",,3,5
Fyresdal,2015-2024,2024-01-01,Kvinner,Alle aldre,Brystkreft,"per 100 000, standardisert",,3,5
Fyresdal,2015-2024,2024-01-01,Kvinner,Alle aldre,"Livmorhalskreft, kvinner","per 100 000, standardisert",,3,5
Fyresdal,2015-2024,2024-01-01,Kvinner,Alle aldre,Prostatakreft,"per 100 000, standardisert",,3,5
Fyresdal,2016-2025,2025-01-01,Kjønn samlet,Alle aldre,Totalt alle krefttyper,"per 100 000, standardisert",762.6,1,5
Fyresdal,2016-2025,2025-01-01,Kjønn samlet,Alle aldre,Tykk- og endetarmskreft,"per 100 000, standardisert",69.3,1,5
Fyresdal,2016-2025,2025-01-01,Kjønn samlet,Alle aldre,Lungekreft,"per 100 000, standardisert",,1,5
Fyresdal,2016-2025,2025-01-01,Kjønn samlet,Alle aldre,Hudkreft,"per 100 000, standardisert",,1,5
Fyresdal,2016-2025,2025-01-01,Kjønn samlet,Alle aldre,Føflekkreft (malignt melanom),"per 100 000, standardisert",,1,5
Fyresdal,2016-2025,2025-01-01,Kjønn samlet,Alle aldre,Brystkreft,"per 100 000, standardisert",,1,5
Fyresdal,2016-2025,2025-01-01,Kjønn samlet,Alle aldre,"Livmorhalskreft, kvinner","per 100 000, standardisert",,1,5
Fyresdal,2016-2025,2025-01-01,Kjønn samlet,Alle aldre,Prostatakreft,"per 100 000, standardisert",,1,5
Fyresdal,2016-2025,2025-01-01,Menn,Alle aldre,Totalt alle krefttyper,"per 100 000, standardisert",828.8,2,5
Fyresdal,2016-2025,2025-01-01,Menn,Alle aldre,Tykk- og endetarmskreft,"per 100 000, standardisert",,2,5
Fyresdal,2016-2025,2025-01-01,Menn,Alle aldre,Lungekreft,"per 100 000, standardisert",,2,5
Fyresdal,2016-2025,2025-01-01,Menn,Alle aldre,Hudkreft,"per 100 000, standardisert",,2,5
Fyresdal,2016-2025,2025-01-01,Menn,Alle aldre,Føflekkreft (malignt melanom),"per 100 000, standardisert",,2,5
Fyresdal,2016-2025,2025-01-01,Menn,Alle aldre,Brystkreft,"per 100 000, standardisert",,2,5
Fyresdal,2016-2025,2025-01-01,Menn,Alle aldre,"Livmorhalskreft, kvinner","per 100 000, standardisert",,2,5
Fyresdal,2016-2025,2025-01-01,Menn,Alle aldre,Prostatakreft,"per 100 000, standardisert",242.2,2,5
Fyresdal,2016-2025,2025-01-01,Kvinner,Alle aldre,Totalt alle krefttyper,"per 100 000, standardisert",691.4,3,5
Fyresdal,2016-2025,2025-01-01,Kvinner,Alle aldre,Tykk- og endetarmskreft,"per 100 000, standardisert",,3,5
Fyresdal,2016-2025,2025-01-01,Kvinner,Alle aldre,Lungekreft,"per 100 000, standardisert",,3,5
Fyresdal,2016-2025,2025-01-01,Kvinner,Alle aldre,Hudkreft,"per 100 000, standardisert",,3,5
Fyresdal,2016-2025,2025-01-01,Kvinner,Alle aldre,Føflekkreft (malignt melanom),"per 100 000, standardisert",,3,5
Fyresdal,2016-2025,2025-01-01,Kvinner,Alle aldre,Brystkreft,"per 100 000, standardisert",,3,5
Fyresdal,2016-2025,2025-01-01,Kvinner,Alle aldre,"Livmorhalskreft, kvinner","per 100 000, standardisert",,3,5
Fyresdal,2016-2025,2025-01-01,Kvinner,Alle aldre,Prostatakreft,"per 100 000, standardisert",,3,5
Tokke,2007-2016,2016-01-01,Kjønn samlet,Alle aldre,Totalt alle krefttyper,"per 100 000, standardisert",628.4,1,18
Tokke,2007-2016,2016-01-01,Kjønn samlet,Alle aldre,Tykk- og endetarmskreft,"per 100 000, standardisert",68.8,1,18
Tokke,2007-2016,2016-01-01,Kjønn samlet,Alle aldre,Lungekreft,"per 100 000, standardisert",82.0,1,18
Tokke,2007-2016,2016-01-01,Kjønn samlet,Alle aldre,Hudkreft,"per 100 000, standardisert",,1,18
Tokke,2007-2016,2016-01-01,Kjønn samlet,Alle aldre,Føflekkreft (malignt melanom),"per 100 000, standardisert",,1,18
Tokke,2007-2016,2016-01-01,Kjønn samlet,Alle aldre,Brystkreft,"per 100 000, standardisert",,1,18
Tokke,2007-2016,2016-01-01,Kjønn samlet,Alle aldre,"Livmorhalskreft, kvinner","per 100 000, standardisert",,1,18
Tokke,2007-2016,2016-01-01,Kjønn samlet,Alle aldre,Prostatakreft,"per 100 000, standardisert",,1,18
Tokke,2007-2016,2016-01-01,Menn,Alle aldre,Totalt alle krefttyper,"per 100 000, standardisert",714.0,2,18
Tokke,2007-2016,2016-01-01,Menn,Alle aldre,Tykk- og endetarmskreft,"per 100 000, standardisert",,2,18
Tokke,2007-2016,2016-01-01,Menn,Alle aldre,Lungekreft,"per 100 000, standardisert",,2,18
Tokke,2007-2016,2016-01-01,Menn,Alle aldre,Hudkreft,"per 100 000, standardisert",,2,18
Tokke,2007-2016,2016-01-01,Menn,Alle aldre,Føflekkreft (malignt melanom),"per 100 000, standardisert",,2,18
Tokke,2007-2016,2016-01-01,Menn,Alle aldre,Brystkreft,"per 100 000, standardisert",,2,18
Tokke,2007-2016,2016-01-01,Menn,Alle aldre,"Livmorhalskreft, kvinner","per 100 000, standardisert",,2,18
Tokke,2007-2016,2016-01-01,Menn,Alle aldre,Prostatakreft,"per 100 000, standardisert",194.6,2,18
Tokke,2007-2016,2016-01-01,Kvinner,Alle aldre,Totalt alle krefttyper,"per 100 000, standardisert",541.2,3,18
Tokke,2007-2016,2016-01-01,Kvinner,Alle aldre,Tykk- og endetarmskreft,"per 100 000, standardisert",,3,18
Tokke,2007-2016,2016-01-01,Kvinner,Alle aldre,Lungekreft,"per 100 000, standardisert",,3,18
Tokke,2007-2016,2016-01-01,Kvinner,Alle aldre,Hudkreft,"per 100 000, standardisert",,3,18
Tokke,2007-2016,2016-01-01,Kvinner,Alle aldre,Føflekkreft (malignt melanom),"per 100 000, standardisert",,3,18
Tokke,2007-2016,2016-01-01,Kvinner,Alle aldre,Brystkreft,"per 100 000, standardisert",133.2,3,18
Tokke,2007-2016,2016-01-01,Kvinner,Alle aldre,"Livmorhalskreft, kvinner","per 100 000, standardisert",,3,18
Tokke,2007-2016,2016-01-01,Kvinner,Alle aldre,Prostatakreft,"per 100 000, standardisert",,3,18
Tokke,2008-2017,2017-01-01,Kjønn samlet,Alle aldre,Totalt alle krefttyper,"per 100 000, standardisert",621.1,1,18
Tokke,2008-2017,2017-01-01,Kjønn samlet,Alle aldre,Tykk- og endetarmskreft,"per 100 000, standardisert",72.7,1,18
Tokke,2008-2017,2017-01-01,Kjønn samlet,Alle aldre,Lungekreft,"per 100 000, standardisert",74.5,1,18
Tokke,2008-2017,2017-01-01,Kjønn samlet,Alle aldre,Hudkreft,"per 100 000, standardisert",,1,18
Tokke,2008-2017,2017-01-01,Kjønn samlet,Alle aldre,Føflekkreft (malignt melanom),"per 100 000, standardisert",,1,18
Tokke,2008-2017,2017-01-01,Kjønn samlet,Alle aldre,Brystkreft,"per 100 000, standardisert",,1,18
Tokke,2008-2017,2017-01-01,Kjønn samlet,Alle aldre,"Livmorhalskreft, kvinner","per 100 000, standardisert",,1,18
Tokke,2008-2017,2017-01-01,Kjønn samlet,Alle aldre,Prostatakreft,"per 100 000, standardisert",,1,18
Tokke,2008-2017,2017-01-01,Menn,Alle aldre,Totalt alle krefttyper,"per 100 000, standardisert",711.1,2,18
Tokke,2008-2017,2017-01-01,Menn,Alle aldre,Tykk- og endetarmskreft,"per 100 000, standardisert",,2,18
Tokke,2008-2017,2017-01-01,Menn,Alle aldre,Lungekreft,"per 100 000, standardisert",,2,18
Tokke,2008-2017,2017-01-01,Menn,Alle aldre,Hudkreft,"per 100 000, standardisert",,2,18
Tokke,2008-2017,2017-01-01,Menn,Alle aldre,Føflekkreft (malignt melanom),"per 100 000, standardisert",,2,18
Tokke,2008-2017,2017-01-01,Menn,Alle aldre,Brystkreft,"per 100 000, standardisert",,2,18
Tokke,2008-2017,2017-01-01,Menn,Alle aldre,"Livmorhalskreft, kvinner","per 100 000, standardisert",,2,18
Tokke,2008-2017,2017-01-01,Menn,Alle aldre,Prostatakreft,"per 100 000, standardisert",192.8,2,18
Tokke,2008-2017,2017-01-01,Kvinner,Alle aldre,Totalt alle krefttyper,"per 100 000, standardisert",528.9,3,18
Tokke,2008-2017,2017-01-01,Kvinner,Alle aldre,Tykk- og endetarmskreft,"per 100 000, standardisert",,3,18
Tokke,2008-2017,2017-01-01,Kvinner,Alle aldre,Lungekreft,"per 100 000, standardisert",,3,18
Tokke,2008-2017,2017-01-01,Kvinner,Alle aldre,Hudkreft,"per 100 000, standardisert",,3,18
Tokke,2008-2017,2017-01-01,Kvinner,Alle aldre,Føflekkreft (malignt melanom),"per 100 000, standardisert",,3,18
Tokke,2008-2017,2017-01-01,Kvinner,Alle aldre,Brystkreft,"per 100 000, standardisert",149.0,3,18
Tokke,2008-2017,2017-01-01,Kvinner,Alle aldre,"Livmorhalskreft, kvinner","per 100 000, standardisert",,3,18
Tokke,2008-2017,2017-01-01,Kvinner,Alle aldre,Prostatakreft,"per 100 000, standardisert",,3,18
Tokke,2009-2018,2018-01-01,Kjønn samlet,Alle aldre,Totalt alle krefttyper,"per 100 000, standardisert",635.1,1,18
Tokke,2009-2018,2018-01-01,Kjønn samlet,Alle aldre,Tykk- og endetarmskreft,"per 100 000, standardisert",69.1,1,18
Tokke,2009-2018,2018-01-01,Kjønn samlet,Alle aldre,Lungekreft,"per 100 000, standardisert",89.0,1,18
Tokke,2009-2018,2018-01-01,Kjønn samlet,Alle aldre,Hudkreft,"per 100 000, standardisert",,1,18
Tokke,2009-2018,2018-01-01,Kjønn samlet,Alle aldre,Føflekkreft (malignt melanom),"per 100 000, standardisert",,1,18
Tokke,2009-2018,2018-01-01,Kjønn samlet,Alle aldre,Brystkreft,"per 100 000, standardisert",,1,18
Tokke,2009-2018,2018-01-01,Kjønn samlet,Alle aldre,"Livmorhalskreft, kvinner","per 100 000, standardisert",,1,18
Tokke,2009-2018,2018-01-01,Kjønn samlet,Alle aldre,Prostatakreft,"per 100 000, standardisert",,1,18
Tokke,2009-2018,2018-01-01,Menn,Alle aldre,Totalt alle krefttyper,"per 100 000, standardisert",700.7,2,18
Tokke,2009-2018,2018-01-01,Menn,Alle aldre,Tykk- og endetarmskreft,"per 100 000, standardisert",,2,18
Tokke,2009-2018,2018-01-01,Menn,Alle aldre,Lungekreft,"per 100 000, standardisert",,2,18
Tokke,2009-2018,2018-01-01,Menn,Alle aldre,Hudkreft,"per 100 000, standardisert",,2,18
Tokke,2009-2018,2018-01-01,Menn,Alle aldre,Føflekkreft (malignt melanom),"per 100 000, standardisert",,2,18
Tokke,2009-2018,2018-01-01,Menn,Alle aldre,Brystkreft,"per 100 000, standardisert",,2,18
Tokke,2009-2018,2018-01-01,Menn,Alle aldre,"Livmorhalskreft, kvinner","per 100 000, standardisert",,2,18
Tokke,2009-2018,2018-01-01,Menn,Alle aldre,Prostatakreft,"per 100 000, standardisert",198.2,2,18
Tokke,2009-2018,2018-01-01,Kvinner,Alle aldre,Totalt alle krefttyper,"per 100 000, standardisert",567.7,3,18
Tokke,2009-2018,2018-01-01,Kvinner,Alle aldre,Tykk- og endetarmskreft,"per 100 000, standardisert",,3,18
Tokke,2009-2018,2018-01-01,Kvinner,Alle aldre,Lungekreft,"per 100 000, standardisert",,3,18
Tokke,2009-2018,2018-01-01,Kvinner,Alle aldre,Hudkreft,"per 100 000, standardisert",,3,18
Tokke,2009-2018,2018-01-01,Kvinner,Alle aldre,Føflekkreft (malignt melanom),"per 100 000, standardisert",,3,18
Tokke,2009-2018,2018-01-01,Kvinner,Alle aldre,Brystkreft,"per 100 000, standardisert",172.4,3,18
Tokke,2009-2018,2018-01-01,Kvinner,Alle aldre,"Livmorhalskreft, kvinner","per 100 000, standardisert",,3,18
Tokke,2009-2018,2018-01-01,Kvinner,Alle aldre,Prostatakreft,"per 100 000, standardisert",,3,18
Tokke,2010-2019,2019-01-01,Kjønn samlet,Alle aldre,Totalt alle krefttyper,"per 100 000, standardisert",596.7,1,18
Tokke,2010-2019,2019-01-01,Kjønn samlet,Alle aldre,Tykk- og endetarmskreft,"per 100 000, standardisert",72.6,1,18
Tokke,2010-2019,2019-01-01,Kjønn samlet,Alle aldre,Lungekreft,"per 100 000, standardisert",84.9,1,18
Tokke,2010-2019,2019-01-01,Kjønn samlet,Alle aldre,Hudkreft,"per 100 000, standardisert",,1,18
Tokke,2010-2019,2019-01-01,Kjønn samlet,Alle aldre,Føflekkreft (malignt melanom),"per 100 000, standardisert",,1,18
Tokke,2010-2019,2019-01-01,Kjønn samlet,Alle aldre,Brystkreft,"per 100 000, standardisert",,1,18
Tokke,2010-2019,2019-01-01,Kjønn samlet,Alle aldre,"Livmorhalskreft, kvinner","per 100 000, standardisert",,1,18
Tokke,2010-2019,2019-01-01,Kjønn samlet,Alle aldre,Prostatakreft,"per 100 000, standardisert",,1,18
Tokke,2010-2019,2019-01-01,Menn,Alle aldre,Totalt alle krefttyper,"per 100 000, standardisert",631.8,2,18
Tokke,2010-2019,2019-01-01,Menn,Alle aldre,Tykk- og endetarmskreft,"per 100 000, standardisert",,2,18
Tokke,2010-2019,2019-01-01,Menn,Alle aldre,Lungekreft,"per 100 000, standardisert",,2,18
Tokke,2010-2019,2019-01-01,Menn,Alle aldre,Hudkreft,"per 100 000, standardisert",,2,18
Tokke,2010-2019,2019-01-01,Menn,Alle aldre,Føflekkreft (malignt melanom),"per 100 000, standardisert",,2,18
Tokke,2010-2019,2019-01-01,Menn,Alle aldre,Brystkreft,"per 100 000, standardisert",,2,18
Tokke,2010-2019,2019-01-01,Menn,Alle aldre,"Livmorhalskreft, kvinner","per 100 000, standardisert",,2,18
Tokke,2010-2019,2019-01-01,Menn,Alle aldre,Prostatakreft,"per 100 000, standardisert",167.1,2,18
Tokke,2010-2019,2019-01-01,Kvinner,Alle aldre,Totalt alle krefttyper,"per 100 000, standardisert",561.1,3,18
Tokke,2010-2019,2019-01-01,Kvinner,Alle aldre,Tykk- og endetarmskreft,"per 100 000, standardisert",,3,18
Tokke,2010-2019,2019-01-01,Kvinner,Alle aldre,Lungekreft,"per 100 000, standardisert",,3,18
Tokke,2010-2019,2019-01-01,Kvinner,Alle aldre,Hudkreft,"per 100 000, standardisert",,3,18
Tokke,2010-2019,2019-01-01,Kvinner,Alle aldre,Føflekkreft (malignt melanom),"per 100 000, standardisert",,3,18
Tokke,2010-2019,2019-01-01,Kvinner,Alle aldre,Brystkreft,"per 100 000, standardisert",164.6,3,18
Tokke,2010-2019,2019-01-01,Kvinner,Alle aldre,"Livmorhalskreft, kvinner","per 100 000, standardisert",,3,18
Tokke,2010-2019,2019-01-01,Kvinner,Alle aldre,Prostatakreft,"per 100 000, standardisert",,3,18
Tokke,2011-2020,2020-01-01,Kjønn samlet,Alle aldre,Totalt alle krefttyper,"per 100 000, standardisert",606.6,1,18
Tokke,2011-2020,2020-01-01,Kjønn samlet,Alle aldre,Tykk- og endetarmskreft,"per 100 000, standardisert",72.6,1,18
Tokke,2011-2020,2020-01-01,Kjønn samlet,Alle aldre,Lungekreft,"per 100 000, standardisert",77.1,1,18
Tokke,2011-2020,2020-01-01,Kjønn samlet,Alle aldre,Hudkreft,"per 100 000, standardisert",,1,18
Tokke,2011-2020,2020-01-01,Kjønn samlet,Alle aldre,Føflekkreft (malignt melanom),"per 100 000, standardisert",,1,18
Tokke,2011-2020,2020-01-01,Kjønn samlet,Alle aldre,Brystkreft,"per 100 000, standardisert",,1,18
Tokke,2011-2020,2020-01-01,Kjønn samlet,Alle aldre,"Livmorhalskreft, kvinner","per 100 000, standardisert",,1,18
Tokke,2011-2020,2020-01-01,Kjønn samlet,Alle aldre,Prostatakreft,"per 100 000, standardisert",,1,18
Tokke,2011-2020,2020-01-01,Menn,Alle aldre,Totalt alle krefttyper,"per 100 000, standardisert",627.5,2,18
Tokke,2011-2020,2020-01-01,Menn,Alle aldre,Tykk- og endetarmskreft,"per 100 000, standardisert",,2,18
Tokke,2011-2020,2020-01-01,Menn,Alle aldre,Lungekreft,"per 100 000, standardisert",,2,18
Tokke,2011-2020,2020-01-01,Menn,Alle aldre,Hudkreft,"per 100 000, standardisert",,2,18
Tokke,2011-2020,2020-01-01,Menn,Alle aldre,Føflekkreft (malignt melanom),"per 100 000, standardisert",,2,18
Tokke,2011-2020,2020-01-01,Menn,Alle aldre,Brystkreft,"per 100 000, standardisert",,2,18
Tokke,2011-2020,2020-01-01,Menn,Alle aldre,"Livmorhalskreft, kvinner","per 100 000, standardisert",,2,18
Tokke,2011-2020,2020-01-01,Menn,Alle aldre,Prostatakreft,"per 100 000, standardisert",172.5,2,18
Tokke,2011-2020,2020-01-01,Kvinner,Alle aldre,Totalt alle krefttyper,"per 100 000, standardisert",585.9,3,18
Tokke,2011-2020,2020-01-01,Kvinner,Alle aldre,Tykk- og endetarmskreft,"per 100 000, standardisert",,3,18
Tokke,2011-2020,2020-01-01,Kvinner,Alle aldre,Lungekreft,"per 100 000, standardisert",,3,18
Tokke,2011-2020,2020-01-01,Kvinner,Alle aldre,Hudkreft,"per 100 000, standardisert",,3,18
Tokke,2011-2020,2020-01-01,Kvinner,Alle aldre,Føflekkreft (malignt melanom),"per 100 000, standardisert",,3,18
Tokke,2011-2020,2020-01-01,Kvinner,Alle aldre,Brystkreft,"per 100 000, standardisert",196.4,3,18
Tokke,2011-2020,2020-01-01,Kvinner,Alle aldre,"Livmorhalskreft, kvinner","per 100 000, standardisert",,3,18
Tokke,2011-2020,2020-01-01,Kvinner,Alle aldre,Prostatakreft,"per 100 000, standardisert",,3,18
Tokke,2012-2021,2021-01-01,Kjønn samlet,Alle aldre,Totalt alle krefttyper,"per 100 000, standardisert",623.3,1,18
Tokke,2012-2021,2021-01-01,Kjønn samlet,Alle aldre,Tykk- og endetarmskreft,"per 100 000, standardisert",86.9,1,18
Tokke,2012-2021,2021-01-01,Kjønn samlet,Alle aldre,Lungekreft,"per 100 000, standardisert",80.2,1,18
Tokke,2012-2021,2021-01-01,Kjønn samlet,Alle aldre,Hudkreft,"per 100 000, standardisert",,1,18
Tokke,2012-2021,2021-01-01,Kjønn samlet,Alle aldre,Føflekkreft (malignt melanom),"per 100 000, standardisert",,1,18
Tokke,2012-2021,2021-01-01,Kjønn samlet,Alle aldre,Brystkreft,"per 100 000, standardisert",,1,18
Tokke,2012-2021,2021-01-01,Kjønn samlet,Alle aldre,"Livmorhalskreft, kvinner","per 100 000, standardisert",,1,18
Tokke,2012-2021,2021-01-01,Kjønn samlet,Alle aldre,Prostatakreft,"per 100 000, standardisert",,1,18
Tokke,2012-2021,2021-01-01,Menn,Alle aldre,Totalt alle krefttyper,"per 100 000, standardisert",622.6,2,18
Tokke,2012-2021,2021-01-01,Menn,Alle aldre,Tykk- og endetarmskreft,"per 100 000, standardisert",,2,18
Tokke,2012-2021,2021-01-01,Menn,Alle aldre,Lungekreft,"per 100 000, standardisert",,2,18
Tokke,2012-2021,2021-01-01,Menn,Alle aldre,Hudkreft,"per 100 000, standardisert",,2,18
Tokke,2012-2021,2021-01-01,Menn,Alle aldre,Føflekkreft (malignt melanom),"per 100 000, standardisert",,2,18
Tokke,2012-2021,2021-01-01,Menn,Alle aldre,Brystkreft,"per 100 000, standardisert",,2,18
Tokke,2012-2021,2021-01-01,Menn,Alle aldre,"Livmorhalskreft, kvinner","per 100 000, standardisert",,2,18
Tokke,2012-2021,2021-01-01,Menn,Alle aldre,Prostatakreft,"per 100 000, standardisert",156.1,2,18
Tokke,2012-2021,2021-01-01,Kvinner,Alle aldre,Totalt alle krefttyper,"per 100 000, standardisert",625.6,3,18
Tokke,2012-2021,2021-01-01,Kvinner,Alle aldre,Tykk- og endetarmskreft,"per 100 000, standardisert",,3,18
Tokke,2012-2021,2021-01-01,Kvinner,Alle aldre,Lungekreft,"per 100 000, standardisert",,3,18
Tokke,2012-2021,2021-01-01,Kvinner,Alle aldre,Hudkreft,"per 100 000, standardisert",,3,18
Tokke,2012-2021,2021-01-01,Kvinner,Alle aldre,Føflekkreft (malignt melanom),"per 100 000, standardisert",,3,18
Tokke,2012-2021,2021-01-01,Kvinner,Alle aldre,Brystkreft,"per 100 000, standardisert",181.2,3,18
Tokke,2012-2021,2021-01-01,Kvinner,Alle aldre,"Livmorhalskreft, kvinner","per 100 000, standardisert",,3,18
Tokke,2012-2021,2021-01-01,Kvinner,Alle aldre,Prostatakreft,"per 100 000, standardisert",,3,18
Tokke,2013-2022,2022-01-01,Kjønn samlet,Alle aldre,Totalt alle krefttyper,"per 100 000, standardisert",627.7,1,18
Tokke,2013-2022,2022-01-01,Kjønn samlet,Alle aldre,Tykk- og endetarmskreft,"per 100 000, standardisert",75.7,1,18
Tokke,2013-2022,2022-01-01,Kjønn samlet,Alle aldre,Lungekreft,"per 100 000, standardisert",79.5,1,18
Tokke,2013-2022,2022-01-01,Kjønn samlet,Alle aldre,Hudkreft,"per 100 000, standardisert",,1,18
Tokke,2013-2022,2022-01-01,Kjønn samlet,Alle aldre,Føflekkreft (malignt melanom),"per 100 000, standardisert",,1,18
Tokke,2013-2022,2022-01-01,Kjønn samlet,Alle aldre,Brystkreft,"per 100 000, standardisert",,1,18
Tokke,2013-2022,2022-01-01,Kjønn samlet,Alle aldre,"Livmorhalskreft, kvinner","per 100 000, standardisert",,1,18
Tokke,2013-2022,2022-01-01,Kjønn samlet,Alle aldre,Prostatakreft,"per 100 000, standardisert",,1,18
Tokke,2013-2022,2022-01-01,Menn,Alle aldre,Totalt alle krefttyper,"per 100 000, standardisert",624.7,2,18
Tokke,2013-2022,2022-01-01,Menn,Alle aldre,Tykk- og endetarmskreft,"per 100 000, standardisert",,2,18
Tokke,2013-2022,2022-01-01,Menn,Alle aldre,Lungekreft,"per 100 000, standardisert",,2,18
Tokke,2013-2022,2022-01-01,Menn,Alle aldre,Hudkreft,"per 100 000, standardisert",,2,18
Tokke,2013-2022,2022-01-01,Menn,Alle aldre,Føflekkreft (malignt melanom),"per 100 000, standardisert",,2,18
Tokke,2013-2022,2022-01-01,Menn,Alle aldre,Brystkreft,"per 100 000, standardisert",,2,18
Tokke,2013-2022,2022-01-01,Menn,Alle aldre,"Livmorhalskreft, kvinner","per 100 000, standardisert",,2,18
Tokke,2013-2022,2022-01-01,Menn,Alle aldre,Prostatakreft,"per 100 000, standardisert",147.1,2,18
Tokke,2013-2022,2022-01-01,Kvinner,Alle aldre,Totalt alle krefttyper,"per 100 000, standardisert",632.8,3,18
Tokke,2013-2022,2022-01-01,Kvinner,Alle aldre,Tykk- og endetarmskreft,"per 100 000, standardisert",,3,18
Tokke,2013-2022,2022-01-01,Kvinner,Alle aldre,Lungekreft,"per 100 000, standardisert",,3,18
Tokke,2013-2022,2022-01-01,Kvinner,Alle aldre,Hudkreft,"per 100 000, standardisert",,3,18
Tokke,2013-2022,2022-01-01,Kvinner,Alle aldre,Føflekkreft (malignt melanom),"per 100 000, standardisert",,3,18
Tokke,2013-2022,2022-01-01,Kvinner,Alle aldre,Brystkreft,"per 100 000, standardisert",205.1,3,18
Tokke,2013-2022,2022-01-01,Kvinner,Alle aldre,"Livmorhalskreft, kvinner","per 100 000, standardisert",,3,18
Tokke,2013-2022,2022-01-01,Kvinner,Alle aldre,Prostatakreft,"per 100 000, standardisert",,3,18
Tokke,2014-2023,2023-01-01,Kjønn samlet,Alle aldre,Totalt alle krefttyper,"per 100 000, standardisert",619.8,1,18
Tokke,2014-2023,2023-01-01,Kjønn samlet,Alle aldre,Tykk- og endetarmskreft,"per 100 000, standardisert",68.1,1,18
Tokke,2014-2023,2023-01-01,Kjønn samlet,Alle aldre,Lungekreft,"per 100 000, standardisert",85.8,1,18
Tokke,2014-2023,2023-01-01,Kjønn samlet,Alle aldre,Hudkreft,"per 100 000, standardisert",,1,18
Tokke,2014-2023,2023-01-01,Kjønn samlet,Alle aldre,Føflekkreft (malignt melanom),"per 100 000, standardisert",,1,18
Tokke,2014-2023,2023-01-01,Kjønn samlet,Alle aldre,Brystkreft,"per 100 000, standardisert",,1,18
Tokke,2014-2023,2023-01-01,Kjønn samlet,Alle aldre,"Livmorhalskreft, kvinner","per 100 000, standardisert",,1,18
Tokke,2014-2023,2023-01-01,Kjønn samlet,Alle aldre,Prostatakreft,"per 100 000, standardisert",,1,18
Tokke,2014-2023,2023-01-01,Menn,Alle aldre,Totalt alle krefttyper,"per 100 000, standardisert",590.3,2,18
Tokke,2014-2023,2023-01-01,Menn,Alle aldre,Tykk- og endetarmskreft,"per 100 000, standardisert",,2,18
Tokke,2014-2023,2023-01-01,Menn,Alle aldre,Lungekreft,"per 100 000, standardisert",,2,18
Tokke,2014-2023,2023-01-01,Menn,Alle aldre,Hudkreft,"per 100 000, standardisert",,2,18
Tokke,2014-2023,2023-01-01,Menn,Alle aldre,Føflekkreft (malignt melanom),"per 100 000, standardisert",,2,18
Tokke,2014-2023,2023-01-01,Menn,Alle aldre,Brystkreft,"per 100 000, standardisert",,2,18
Tokke,2014-2023,2023-01-01,Menn,Alle aldre,"Livmorhalskreft, kvinner","per 100 000, standardisert",,2,18
Tokke,2014-2023,2023-01-01,Menn,Alle aldre,Prostatakreft,"per 100 000, standardisert",124.3,2,18
Tokke,2014-2023,2023-01-01,Kvinner,Alle aldre,Totalt alle krefttyper,"per 100 000, standardisert",653.9,3,18
Tokke,2014-2023,2023-01-01,Kvinner,Alle aldre,Tykk- og endetarmskreft,"per 100 000, standardisert",,3,18
Tokke,2014-2023,2023-01-01,Kvinner,Alle aldre,Lungekreft,"per 100 000, standardisert",,3,18
Tokke,2014-2023,2023-01-01,Kvinner,Alle aldre,Hudkreft,"per 100 000, standardisert",,3,18
Tokke,2014-2023,2023-01-01,Kvinner,Alle aldre,Føflekkreft (malignt melanom),"per 100 000, standardisert",,3,18
Tokke,2014-2023,2023-01-01,Kvinner,Alle aldre,Brystkreft,"per 100 000, standardisert",213.1,3,18
Tokke,2014-2023,2023-01-01,Kvinner,Alle aldre,"Livmorhalskreft, kvinner","per 100 000, standardisert",,3,18
Tokke,2014-2023,2023-01-01,Kvinner,Alle aldre,Prostatakreft,"per 100 000, standardisert",,3,18
Tokke,2015-2024,2024-01-01,Kjønn samlet,Alle aldre,Totalt alle krefttyper,"per 100 000, standardisert",654.5,1,18
Tokke,2015-2024,2024-01-01,Kjønn samlet,Alle aldre,Tykk- og endetarmskreft,"per 100 000, standardisert",67.5,1,18
Tokke,2015-2024,2024-01-01,Kjønn samlet,Alle aldre,Lungekreft,"per 100 000, standardisert",95.4,1,18
Tokke,2015-2024,2024-01-01,Kjønn samlet,Alle aldre,Hudkreft,"per 100 000, standardisert",,1,18
Tokke,2015-2024,2024-01-01,Kjønn samlet,Alle aldre,Føflekkreft (malignt melanom),"per 100 000, standardisert",,1,18
Tokke,2015-2024,2024-01-01,Kjønn samlet,Alle aldre,Brystkreft,"per 100 000, standardisert",,1,18
Tokke,2015-2024,2024-01-01,Kjønn samlet,Alle aldre,"Livmorhalskreft, kvinner","per 100 000, standardisert",,1,18
Tokke,2015-2024,2024-01-01,Kjønn samlet,Alle aldre,Prostatakreft,"per 100 000, standardisert",,1,18
Tokke,2015-2024,2024-01-01,Menn,Alle aldre,Totalt alle krefttyper,"per 100 000, standardisert",660.0,2,18
Tokke,2015-2024,2024-01-01,Menn,Alle aldre,Tykk- og endetarmskreft,"per 100 000, standardisert",,2,18
Tokke,2015-2024,2024-01-01,Menn,Alle aldre,Lungekreft,"per 100 000, standardisert",,2,18
Tokke,2015-2024,2024-01-01,Menn,Alle aldre,Hudkreft,"per 100 000, standardisert",,2,18
Tokke,2015-2024,2024-01-01,Menn,Alle aldre,Føflekkreft (malignt melanom),"per 100 000, standardisert",,2,18
Tokke,2015-2024,2024-01-01,Menn,Alle aldre,Brystkreft,"per 100 000, standardisert",,2,18
Tokke,2015-2024,2024-01-01,Menn,Alle aldre,"Livmorhalskreft, kvinner","per 100 000, standardisert",,2,18
Tokke,2015-2024,2024-01-01,Menn,Alle aldre,Prostatakreft,"per 100 000, standardisert",156.5,2,18
Tokke,2015-2024,2024-01-01,Kvinner,Alle aldre,Totalt alle krefttyper,"per 100 000, standardisert",651.0,3,18
Tokke,2015-2024,2024-01-01,Kvinner,Alle aldre,Tykk- og endetarmskreft,"per 100 000, standardisert",,3,18
Tokke,2015-2024,2024-01-01,Kvinner,Alle aldre,Lungekreft,"per 100 000, standardisert",,3,18
Tokke,2015-2024,2024-01-01,Kvinner,Alle aldre,Hudkreft,"per 100 000, standardisert",,3,18
Tokke,2015-2024,2024-01-01,Kvinner,Alle aldre,Føflekkreft (malignt melanom),"per 100 000, standardisert",,3,18
Tokke,2015-2024,2024-01-01,Kvinner,Alle aldre,Brystkreft,"per 100 000, standardisert",212.9,3,18
Tokke,2015-2024,2024-01-01,Kvinner,Alle aldre,"Livmorhalskreft, kvinner","per 100 000, standardisert",,3,18
Tokke,2015-2024,2024-01-01,Kvinner,Alle aldre,Prostatakreft,"per 100 000, standardisert",,3,18
Tokke,2016-2025,2025-01-01,Kjønn samlet,Alle aldre,Totalt alle krefttyper,"per 100 000, standardisert",638.0,1,18
Tokke,2016-2025,2025-01-01,Kjønn samlet,Alle aldre,Tykk- og endetarmskreft,"per 100 000, standardisert",70.5,1,18
Tokke,2016-2025,2025-01-01,Kjønn samlet,Alle aldre,Lungekreft,"per 100 000, standardisert",90.7,1,18
Tokke,2016-2025,2025-01-01,Kjønn samlet,Alle aldre,Hudkreft,"per 100 000, standardisert",,1,18
Tokke,2016-2025,2025-01-01,Kjønn samlet,Alle aldre,Føflekkreft (malignt melanom),"per 100 000, standardisert",,1,18
Tokke,2016-2025,2025-01-01,Kjønn samlet,Alle aldre,Brystkreft,"per 100 000, standardisert",,1,18
Tokke,2016-2025,2025-01-01,Kjønn samlet,Alle aldre,"Livmorhalskreft, kvinner","per 100 000, standardisert",,1,18
Tokke,2016-2025,2025-01-01,Kjønn samlet,Alle aldre,Prostatakreft,"per 100 000, standardisert",,1,18
Tokke,2016-2025,2025-01-01,Menn,Alle aldre,Totalt alle krefttyper,"per 100 000, standardisert",638.4,2,18
Tokke,2016-2025,2025-01-01,Menn,Alle aldre,Tykk- og endetarmskreft,"per 100 000, standardisert",,2,18
Tokke,2016-2025,2025-01-01,Menn,Alle aldre,Lungekreft,"per 100 000, standardisert",,2,18
Tokke,2016-2025,2025-01-01,Menn,Alle aldre,Hudkreft,"per 100 000, standardisert",,2,18
Tokke,2016-2025,2025-01-01,Menn,Alle aldre,Føflekkreft (malignt melanom),"per 100 000, standardisert",,2,18
Tokke,2016-2025,2025-01-01,Menn,Alle aldre,Brystkreft,"per 100 000, standardisert",,2,18
Tokke,2016-2025,2025-01-01,Menn,Alle aldre,"Livmorhalskreft, kvinner","per 100 000, standardisert",,2,18
Tokke,2016-2025,2025-01-01,Menn,Alle aldre,Prostatakreft,"per 100 000, standardisert",154.4,2,18
Tokke,2016-2025,2025-01-01,Kvinner,Alle aldre,Totalt alle krefttyper,"per 100 000, standardisert",640.3,3,18
Tokke,2016-2025,2025-01-01,Kvinner,Alle aldre,Tykk- og endetarmskreft,"per 100 000, standardisert",,3,18
Tokke,2016-2025,2025-01-01,Kvinner,Alle aldre,Lungekreft,"per 100 000, standardisert",,3,18
Tokke,2016-2025,2025-01-01,Kvinner,Alle aldre,Hudkreft,"per 100 000, standardisert",,3,18
Tokke,2016-2025,2025-01-01,Kvinner,Alle aldre,Føflekkreft (malignt melanom),"per 100 000, standardisert",,3,18
Tokke,2016-2025,2025-01-01,Kvinner,Alle aldre,Brystkreft,"per 100 000, standardisert",181.0,3,18
Tokke,2016-2025,2025-01-01,Kvinner,Alle aldre,"Livmorhalskreft, kvinner","per 100 000, standardisert",,3,18
Tokke,2016-2025,2025-01-01,Kvinner,Alle aldre,Prostatakreft,"per 100 000, standardisert",,3,18
Vinje,2007-2016,2016-01-01,Kjønn samlet,Alle aldre,Totalt alle krefttyper,"per 100 000, standardisert",631.4,1,19
Vinje,2007-2016,2016-01-01,Kjønn samlet,Alle aldre,Tykk- og endetarmskreft,"per 100 000, standardisert",74.6,1,19
Vinje,2007-2016,2016-01-01,Kjønn samlet,Alle aldre,Lungekreft,"per 100 000, standardisert",59.5,1,19
Vinje,2007-2016,2016-01-01,Kjønn samlet,Alle aldre,Hudkreft,"per 100 000, standardisert",63.8,1,19
Vinje,2007-2016,2016-01-01,Kjønn samlet,Alle aldre,Føflekkreft (malignt melanom),"per 100 000, standardisert",,1,19
Vinje,2007-2016,2016-01-01,Kjønn samlet,Alle aldre,Brystkreft,"per 100 000, standardisert",,1,19
Vinje,2007-2016,2016-01-01,Kjønn samlet,Alle aldre,"Livmorhalskreft, kvinner","per 100 000, standardisert",,1,19
Vinje,2007-2016,2016-01-01,Kjønn samlet,Alle aldre,Prostatakreft,"per 100 000, standardisert",,1,19
Vinje,2007-2016,2016-01-01,Menn,Alle aldre,Totalt alle krefttyper,"per 100 000, standardisert",774.5,2,19
Vinje,2007-2016,2016-01-01,Menn,Alle aldre,Tykk- og endetarmskreft,"per 100 000, standardisert",,2,19
Vinje,2007-2016,2016-01-01,Menn,Alle aldre,Lungekreft,"per 100 000, standardisert",,2,19
Vinje,2007-2016,2016-01-01,Menn,Alle aldre,Hudkreft,"per 100 000, standardisert",,2,19
Vinje,2007-2016,2016-01-01,Menn,Alle aldre,Føflekkreft (malignt melanom),"per 100 000, standardisert",,2,19
Vinje,2007-2016,2016-01-01,Menn,Alle aldre,Brystkreft,"per 100 000, standardisert",,2,19
Vinje,2007-2016,2016-01-01,Menn,Alle aldre,"Livmorhalskreft, kvinner","per 100 000, standardisert",,2,19
Vinje,2007-2016,2016-01-01,Menn,Alle aldre,Prostatakreft,"per 100 000, standardisert",256.3,2,19
Vinje,2007-2016,2016-01-01,Kvinner,Alle aldre,Totalt alle krefttyper,"per 100 000, standardisert",485.8,3,19
Vinje,2007-2016,2016-01-01,Kvinner,Alle aldre,Tykk- og endetarmskreft,"per 100 000, standardisert",72.5,3,19
Vinje,2007-2016,2016-01-01,Kvinner,Alle aldre,Lungekreft,"per 100 000, standardisert",,3,19
Vinje,2007-2016,2016-01-01,Kvinner,Alle aldre,Hudkreft,"per 100 000, standardisert",61.6,3,19
Vinje,2007-2016,2016-01-01,Kvinner,Alle aldre,Føflekkreft (malignt melanom),"per 100 000, standardisert",,3,19
Vinje,2007-2016,2016-01-01,Kvinner,Alle aldre,Brystkreft,"per 100 000, standardisert",89.0,3,19
Vinje,2007-2016,2016-01-01,Kvinner,Alle aldre,"Livmorhalskreft, kvinner","per 100 000, standardisert",,3,19
Vinje,2007-2016,2016-01-01,Kvinner,Alle aldre,Prostatakreft,"per 100 000, standardisert",,3,19
Vinje,2008-2017,2017-01-01,Kjønn samlet,Alle aldre,Totalt alle krefttyper,"per 100 000, standardisert",607.7,1,19
Vinje,2008-2017,2017-01-01,Kjønn samlet,Alle aldre,Tykk- og endetarmskreft,"per 100 000, standardisert",83.7,1,19
Vinje,2008-2017,2017-01-01,Kjønn samlet,Alle aldre,Lungekreft,"per 100 000, standardisert",50.9,1,19
Vinje,2008-2017,2017-01-01,Kjønn samlet,Alle aldre,Hudkreft,"per 100 000, standardisert",55.5,1,19
Vinje,2008-2017,2017-01-01,Kjønn samlet,Alle aldre,Føflekkreft (malignt melanom),"per 100 000, standardisert",,1,19
Vinje,2008-2017,2017-01-01,Kjønn samlet,Alle aldre,Brystkreft,"per 100 000, standardisert",,1,19
Vinje,2008-2017,2017-01-01,Kjønn samlet,Alle aldre,"Livmorhalskreft, kvinner","per 100 000, standardisert",,1,19
Vinje,2008-2017,2017-01-01,Kjønn samlet,Alle aldre,Prostatakreft,"per 100 000, standardisert",,1,19
Vinje,2008-2017,2017-01-01,Menn,Alle aldre,Totalt alle krefttyper,"per 100 000, standardisert",752.6,2,19
Vinje,2008-2017,2017-01-01,Menn,Alle aldre,Tykk- og endetarmskreft,"per 100 000, standardisert",,2,19
Vinje,2008-2017,2017-01-01,Menn,Alle aldre,Lungekreft,"per 100 000, standardisert",,2,19
Vinje,2008-2017,2017-01-01,Menn,Alle aldre,Hudkreft,"per 100 000, standardisert",,2,19
Vinje,2008-2017,2017-01-01,Menn,Alle aldre,Føflekkreft (malignt melanom),"per 100 000, standardisert",,2,19
Vinje,2008-2017,2017-01-01,Menn,Alle aldre,Brystkreft,"per 100 000, standardisert",,2,19
Vinje,2008-2017,2017-01-01,Menn,Alle aldre,"Livmorhalskreft, kvinner","per 100 000, standardisert",,2,19
Vinje,2008-2017,2017-01-01,Menn,Alle aldre,Prostatakreft,"per 100 000, standardisert",231.5,2,19
Vinje,2008-2017,2017-01-01,Kvinner,Alle aldre,Totalt alle krefttyper,"per 100 000, standardisert",459.7,3,19
Vinje,2008-2017,2017-01-01,Kvinner,Alle aldre,Tykk- og endetarmskreft,"per 100 000, standardisert",81.9,3,19
Vinje,2008-2017,2017-01-01,Kvinner,Alle aldre,Lungekreft,"per 100 000, standardisert",,3,19
Vinje,2008-2017,2017-01-01,Kvinner,Alle aldre,Hudkreft,"per 100 000, standardisert",56.0,3,19
Vinje,2008-2017,2017-01-01,Kvinner,Alle aldre,Føflekkreft (malignt melanom),"per 100 000, standardisert",,3,19
Vinje,2008-2017,2017-01-01,Kvinner,Alle aldre,Brystkreft,"per 100 000, standardisert",88.2,3,19
Vinje,2008-2017,2017-01-01,Kvinner,Alle aldre,"Livmorhalskreft, kvinner","per 100 000, standardisert",,3,19
Vinje,2008-2017,2017-01-01,Kvinner,Alle aldre,Prostatakreft,"per 100 000, standardisert",,3,19
Vinje,2009-2018,2018-01-01,Kjønn samlet,Alle aldre,Totalt alle krefttyper,"per 100 000, standardisert",601.4,1,19
Vinje,2009-2018,2018-01-01,Kjønn samlet,Alle aldre,Tykk- og endetarmskreft,"per 100 000, standardisert",87.5,1,19
Vinje,2009-2018,2018-01-01,Kjønn samlet,Alle aldre,Lungekreft,"per 100 000, standardisert",52.5,1,19
Vinje,2009-2018,2018-01-01,Kjønn samlet,Alle aldre,Hudkreft,"per 100 000, standardisert",59.8,1,19
Vinje,2009-2018,2018-01-01,Kjønn samlet,Alle aldre,Føflekkreft (malignt melanom),"per 100 000, standardisert",,1,19
Vinje,2009-2018,2018-01-01,Kjønn samlet,Alle aldre,Brystkreft,"per 100 000, standardisert",,1,19
Vinje,2009-2018,2018-01-01,Kjønn samlet,Alle aldre,"Livmorhalskreft, kvinner","per 100 000, standardisert",,1,19
Vinje,2009-2018,2018-01-01,Kjønn samlet,Alle aldre,Prostatakreft,"per 100 000, standardisert",,1,19
Vinje,2009-2018,2018-01-01,Menn,Alle aldre,Totalt alle krefttyper,"per 100 000, standardisert",750.6,2,19
Vinje,2009-2018,2018-01-01,Menn,Alle aldre,Tykk- og endetarmskreft,"per 100 000, standardisert",,2,19
Vinje,2009-2018,2018-01-01,Menn,Alle aldre,Lungekreft,"per 100 000, standardisert",,2,19
Vinje,2009-2018,2018-01-01,Menn,Alle aldre,Hudkreft,"per 100 000, standardisert",,2,19
Vinje,2009-2018,2018-01-01,Menn,Alle aldre,Føflekkreft (malignt melanom),"per 100 000, standardisert",,2,19
Vinje,2009-2018,2018-01-01,Menn,Alle aldre,Brystkreft,"per 100 000, standardisert",,2,19
Vinje,2009-2018,2018-01-01,Menn,Alle aldre,"Livmorhalskreft, kvinner","per 100 000, standardisert",,2,19
Vinje,2009-2018,2018-01-01,Menn,Alle aldre,Prostatakreft,"per 100 000, standardisert",217.2,2,19
Vinje,2009-2018,2018-01-01,Kvinner,Alle aldre,Totalt alle krefttyper,"per 100 000, standardisert",448.8,3,19
Vinje,2009-2018,2018-01-01,Kvinner,Alle aldre,Tykk- og endetarmskreft,"per 100 000, standardisert",85.7,3,19
Vinje,2009-2018,2018-01-01,Kvinner,Alle aldre,Lungekreft,"per 100 000, standardisert",,3,19
Vinje,2009-2018,2018-01-01,Kvinner,Alle aldre,Hudkreft,"per 100 000, standardisert",50.3,3,19
Vinje,2009-2018,2018-01-01,Kvinner,Alle aldre,Føflekkreft (malignt melanom),"per 100 000, standardisert",,3,19
Vinje,2009-2018,2018-01-01,Kvinner,Alle aldre,Brystkreft,"per 100 000, standardisert",71.9,3,19
Vinje,2009-2018,2018-01-01,Kvinner,Alle aldre,"Livmorhalskreft, kvinner","per 100 000, standardisert",,3,19
Vinje,2009-2018,2018-01-01,Kvinner,Alle aldre,Prostatakreft,"per 100 000, standardisert",,3,19
Vinje,2010-2019,2019-01-01,Kjønn samlet,Alle aldre,Totalt alle krefttyper,"per 100 000, standardisert",588.1,1,19
Vinje,2010-2019,2019-01-01,Kjønn samlet,Alle aldre,Tykk- og endetarmskreft,"per 100 000, standardisert",91.2,1,19
Vinje,2010-2019,2019-01-01,Kjønn samlet,Alle aldre,Lungekreft,"per 100 000, standardisert",51.5,1,19
Vinje,2010-2019,2019-01-01,Kjønn samlet,Alle aldre,Hudkreft,"per 100 000, standardisert",61.5,1,19
Vinje,2010-2019,2019-01-01,Kjønn samlet,Alle aldre,Føflekkreft (malignt melanom),"per 100 000, standardisert",,1,19
Vinje,2010-2019,2019-01-01,Kjønn samlet,Alle aldre,Brystkreft,"per 100 000, standardisert",,1,19
Vinje,2010-2019,2019-01-01,Kjønn samlet,Alle aldre,"Livmorhalskreft, kvinner","per 100 000, standardisert",,1,19
Vinje,2010-2019,2019-01-01,Kjønn samlet,Alle aldre,Prostatakreft,"per 100 000, standardisert",,1,19
Vinje,2010-2019,2019-01-01,Menn,Alle aldre,Totalt alle krefttyper,"per 100 000, standardisert",729.4,2,19
Vinje,2010-2019,2019-01-01,Menn,Alle aldre,Tykk- og endetarmskreft,"per 100 000, standardisert",,2,19
Vinje,2010-2019,2019-01-01,Menn,Alle aldre,Lungekreft,"per 100 000, standardisert",,2,19
Vinje,2010-2019,2019-01-01,Menn,Alle aldre,Hudkreft,"per 100 000, standardisert",,2,19
Vinje,2010-2019,2019-01-01,Menn,Alle aldre,Føflekkreft (malignt melanom),"per 100 000, standardisert",,2,19
Vinje,2010-2019,2019-01-01,Menn,Alle aldre,Brystkreft,"per 100 000, standardisert",,2,19
Vinje,2010-2019,2019-01-01,Menn,Alle aldre,"Livmorhalskreft, kvinner","per 100 000, standardisert",,2,19
Vinje,2010-2019,2019-01-01,Menn,Alle aldre,Prostatakreft,"per 100 000, standardisert",203.5,2,19
Vinje,2010-2019,2019-01-01,Kvinner,Alle aldre,Totalt alle krefttyper,"per 100 000, standardisert",443.1,3,19
Vinje,2010-2019,2019-01-01,Kvinner,Alle aldre,Tykk- og endetarmskreft,"per 100 000, standardisert",89.5,3,19
Vinje,2010-2019,2019-01-01,Kvinner,Alle aldre,Lungekreft,"per 100 000, standardisert",,3,19
Vinje,2010-2019,2019-01-01,Kvinner,Alle aldre,Hudkreft,"per 100 000, standardisert",54.7,3,19
Vinje,2010-2019,2019-01-01,Kvinner,Alle aldre,Føflekkreft (malignt melanom),"per 100 000, standardisert",,3,19
Vinje,2010-2019,2019-01-01,Kvinner,Alle aldre,Brystkreft,"per 100 000, standardisert",76.3,3,19
Vinje,2010-2019,2019-01-01,Kvinner,Alle aldre,"Livmorhalskreft, kvinner","per 100 000, standardisert",,3,19
Vinje,2010-2019,2019-01-01,Kvinner,Alle aldre,Prostatakreft,"per 100 000, standardisert",,3,19
Vinje,2011-2020,2020-01-01,Kjønn samlet,Alle aldre,Totalt alle krefttyper,"per 100 000, standardisert",559.7,1,19
Vinje,2011-2020,2020-01-01,Kjønn samlet,Alle aldre,Tykk- og endetarmskreft,"per 100 000, standardisert",89.7,1,19
Vinje,2011-2020,2020-01-01,Kjønn samlet,Alle aldre,Lungekreft,"per 100 000, standardisert",45.7,1,19
Vinje,2011-2020,2020-01-01,Kjønn samlet,Alle aldre,Hudkreft,"per 100 000, standardisert",53.4,1,19
Vinje,2011-2020,2020-01-01,Kjønn samlet,Alle aldre,Føflekkreft (malignt melanom),"per 100 000, standardisert",,1,19
Vinje,2011-2020,2020-01-01,Kjønn samlet,Alle aldre,Brystkreft,"per 100 000, standardisert",,1,19
Vinje,2011-2020,2020-01-01,Kjønn samlet,Alle aldre,"Livmorhalskreft, kvinner","per 100 000, standardisert",,1,19
Vinje,2011-2020,2020-01-01,Kjønn samlet,Alle aldre,Prostatakreft,"per 100 000, standardisert",,1,19
Vinje,2011-2020,2020-01-01,Menn,Alle aldre,Totalt alle krefttyper,"per 100 000, standardisert",688.3,2,19
Vinje,2011-2020,2020-01-01,Menn,Alle aldre,Tykk- og endetarmskreft,"per 100 000, standardisert",,2,19
Vinje,2011-2020,2020-01-01,Menn,Alle aldre,Lungekreft,"per 100 000, standardisert",,2,19
Vinje,2011-2020,2020-01-01,Menn,Alle aldre,Hudkreft,"per 100 000, standardisert",,2,19
Vinje,2011-2020,2020-01-01,Menn,Alle aldre,Føflekkreft (malignt melanom),"per 100 000, standardisert",,2,19
Vinje,2011-2020,2020-01-01,Menn,Alle aldre,Brystkreft,"per 100 000, standardisert",,2,19
Vinje,2011-2020,2020-01-01,Menn,Alle aldre,"Livmorhalskreft, kvinner","per 100 000, standardisert",,2,19
Vinje,2011-2020,2020-01-01,Menn,Alle aldre,Prostatakreft,"per 100 000, standardisert",204.3,2,19
Vinje,2011-2020,2020-01-01,Kvinner,Alle aldre,Totalt alle krefttyper,"per 100 000, standardisert",427.5,3,19
Vinje,2011-2020,2020-01-01,Kvinner,Alle aldre,Tykk- og endetarmskreft,"per 100 000, standardisert",88.2,3,19
Vinje,2011-2020,2020-01-01,Kvinner,Alle aldre,Lungekreft,"per 100 000, standardisert",,3,19
Vinje,2011-2020,2020-01-01,Kvinner,Alle aldre,Hudkreft,"per 100 000, standardisert",49.1,3,19
Vinje,2011-2020,2020-01-01,Kvinner,Alle aldre,Føflekkreft (malignt melanom),"per 100 000, standardisert",,3,19
Vinje,2011-2020,2020-01-01,Kvinner,Alle aldre,Brystkreft,"per 100 000, standardisert",80.6,3,19
Vinje,2011-2020,2020-01-01,Kvinner,Alle aldre,"Livmorhalskreft, kvinner","per 100 000, standardisert",,3,19
Vinje,2011-2020,2020-01-01,Kvinner,Alle aldre,Prostatakreft,"per 100 000, standardisert",,3,19
Vinje,2012-2021,2021-01-01,Kjønn samlet,Alle aldre,Totalt alle krefttyper,"per 100 000, standardisert",560.5,1,19
Vinje,2012-2021,2021-01-01,Kjønn samlet,Alle aldre,Tykk- og endetarmskreft,"per 100 000, standardisert",88.2,1,19
Vinje,2012-2021,2021-01-01,Kjønn samlet,Alle aldre,Lungekreft,"per 100 000, standardisert",51.9,1,19
Vinje,2012-2021,2021-01-01,Kjønn samlet,Alle aldre,Hudkreft,"per 100 000, standardisert",45.4,1,19
Vinje,2012-2021,2021-01-01,Kjønn samlet,Alle aldre,Føflekkreft (malignt melanom),"per 100 000, standardisert",,1,19
Vinje,2012-2021,2021-01-01,Kjønn samlet,Alle aldre,Brystkreft,"per 100 000, standardisert",,1,19
Vinje,2012-2021,2021-01-01,Kjønn samlet,Alle aldre,"Livmorhalskreft, kvinner","per 100 000, standardisert",,1,19
Vinje,2012-2021,2021-01-01,Kjønn samlet,Alle aldre,Prostatakreft,"per 100 000, standardisert",,1,19
Vinje,2012-2021,2021-01-01,Menn,Alle aldre,Totalt alle krefttyper,"per 100 000, standardisert",686.3,2,19
Vinje,2012-2021,2021-01-01,Menn,Alle aldre,Tykk- og endetarmskreft,"per 100 000, standardisert",,2,19
Vinje,2012-2021,2021-01-01,Menn,Alle aldre,Lungekreft,"per 100 000, standardisert",,2,19
Vinje,2012-2021,2021-01-01,Menn,Alle aldre,Hudkreft,"per 100 000, standardisert",,2,19
Vinje,2012-2021,2021-01-01,Menn,Alle aldre,Føflekkreft (malignt melanom),"per 100 000, standardisert",,2,19
Vinje,2012-2021,2021-01-01,Menn,Alle aldre,Brystkreft,"per 100 000, standardisert",,2,19
Vinje,2012-2021,2021-01-01,Menn,Alle aldre,"Livmorhalskreft, kvinner","per 100 000, standardisert",,2,19
Vinje,2012-2021,2021-01-01,Menn,Alle aldre,Prostatakreft,"per 100 000, standardisert",200.4,2,19
Vinje,2012-2021,2021-01-01,Kvinner,Alle aldre,Totalt alle krefttyper,"per 100 000, standardisert",430.9,3,19
Vinje,2012-2021,2021-01-01,Kvinner,Alle aldre,Tykk- og endetarmskreft,"per 100 000, standardisert",86.6,3,19
Vinje,2012-2021,2021-01-01,Kvinner,Alle aldre,Lungekreft,"per 100 000, standardisert",,3,19
Vinje,2012-2021,2021-01-01,Kvinner,Alle aldre,Hudkreft,"per 100 000, standardisert",43.5,3,19
Vinje,2012-2021,2021-01-01,Kvinner,Alle aldre,Føflekkreft (malignt melanom),"per 100 000, standardisert",,3,19
Vinje,2012-2021,2021-01-01,Kvinner,Alle aldre,Brystkreft,"per 100 000, standardisert",89.9,3,19
Vinje,2012-2021,2021-01-01,Kvinner,Alle aldre,"Livmorhalskreft, kvinner","per 100 000, standardisert",,3,19
Vinje,2012-2021,2021-01-01,Kvinner,Alle aldre,Prostatakreft,"per 100 000, standardisert",,3,19
Vinje,2013-2022,2022-01-01,Kjønn samlet,Alle aldre,Totalt alle krefttyper,"per 100 000, standardisert",594.0,1,19
Vinje,2013-2022,2022-01-01,Kjønn samlet,Alle aldre,Tykk- og endetarmskreft,"per 100 000, standardisert",98.3,1,19
Vinje,2013-2022,2022-01-01,Kjønn samlet,Alle aldre,Lungekreft,"per 100 000, standardisert",53.1,1,19
Vinje,2013-2022,2022-01-01,Kjønn samlet,Alle aldre,Hudkreft,"per 100 000, standardisert",61.1,1,19
Vinje,2013-2022,2022-01-01,Kjønn samlet,Alle aldre,Føflekkreft (malignt melanom),"per 100 000, standardisert",,1,19
Vinje,2013-2022,2022-01-01,Kjønn samlet,Alle aldre,Brystkreft,"per 100 000, standardisert",,1,19
Vinje,2013-2022,2022-01-01,Kjønn samlet,Alle aldre,"Livmorhalskreft, kvinner","per 100 000, standardisert",,1,19
Vinje,2013-2022,2022-01-01,Kjønn samlet,Alle aldre,Prostatakreft,"per 100 000, standardisert",,1,19
Vinje,2013-2022,2022-01-01,Menn,Alle aldre,Totalt alle krefttyper,"per 100 000, standardisert",717.2,2,19
Vinje,2013-2022,2022-01-01,Menn,Alle aldre,Tykk- og endetarmskreft,"per 100 000, standardisert",,2,19
Vinje,2013-2022,2022-01-01,Menn,Alle aldre,Lungekreft,"per 100 000, standardisert",64.0,2,19
Vinje,2013-2022,2022-01-01,Menn,Alle aldre,Hudkreft,"per 100 000, standardisert",,2,19
Vinje,2013-2022,2022-01-01,Menn,Alle aldre,Føflekkreft (malignt melanom),"per 100 000, standardisert",,2,19
Vinje,2013-2022,2022-01-01,Menn,Alle aldre,Brystkreft,"per 100 000, standardisert",,2,19
Vinje,2013-2022,2022-01-01,Menn,Alle aldre,"Livmorhalskreft, kvinner","per 100 000, standardisert",,2,19
Vinje,2013-2022,2022-01-01,Menn,Alle aldre,Prostatakreft,"per 100 000, standardisert",187.7,2,19
Vinje,2013-2022,2022-01-01,Kvinner,Alle aldre,Totalt alle krefttyper,"per 100 000, standardisert",467.2,3,19
Vinje,2013-2022,2022-01-01,Kvinner,Alle aldre,Tykk- og endetarmskreft,"per 100 000, standardisert",94.2,3,19
Vinje,2013-2022,2022-01-01,Kvinner,Alle aldre,Lungekreft,"per 100 000, standardisert",,3,19
Vinje,2013-2022,2022-01-01,Kvinner,Alle aldre,Hudkreft,"per 100 000, standardisert",47.4,3,19
Vinje,2013-2022,2022-01-01,Kvinner,Alle aldre,Føflekkreft (malignt melanom),"per 100 000, standardisert",,3,19
Vinje,2013-2022,2022-01-01,Kvinner,Alle aldre,Brystkreft,"per 100 000, standardisert",98.8,3,19
Vinje,2013-2022,2022-01-01,Kvinner,Alle aldre,"Livmorhalskreft, kvinner","per 100 000, standardisert",,3,19
Vinje,2013-2022,2022-01-01,Kvinner,Alle aldre,Prostatakreft,"per 100 000, standardisert",,3,19
Vinje,2014-2023,2023-01-01,Kjønn samlet,Alle aldre,Totalt alle krefttyper,"per 100 000, standardisert",627.9,1,19
Vinje,2014-2023,2023-01-01,Kjønn samlet,Alle aldre,Tykk- og endetarmskreft,"per 100 000, standardisert",98.7,1,19
Vinje,2014-2023,2023-01-01,Kjønn samlet,Alle aldre,Lungekreft,"per 100 000, standardisert",65.6,1,19
Vinje,2014-2023,2023-01-01,Kjønn samlet,Alle aldre,Hudkreft,"per 100 000, standardisert",69.3,1,19
Vinje,2014-2023,2023-01-01,Kjønn samlet,Alle aldre,Føflekkreft (malignt melanom),"per 100 000, standardisert",,1,19
Vinje,2014-2023,2023-01-01,Kjønn samlet,Alle aldre,Brystkreft,"per 100 000, standardisert",,1,19
Vinje,2014-2023,2023-01-01,Kjønn samlet,Alle aldre,"Livmorhalskreft, kvinner","per 100 000, standardisert",,1,19
Vinje,2014-2023,2023-01-01,Kjønn samlet,Alle aldre,Prostatakreft,"per 100 000, standardisert",,1,19
Vinje,2014-2023,2023-01-01,Menn,Alle aldre,Totalt alle krefttyper,"per 100 000, standardisert",717.7,2,19
Vinje,2014-2023,2023-01-01,Menn,Alle aldre,Tykk- og endetarmskreft,"per 100 000, standardisert",,2,19
Vinje,2014-2023,2023-01-01,Menn,Alle aldre,Lungekreft,"per 100 000, standardisert",76.1,2,19
Vinje,2014-2023,2023-01-01,Menn,Alle aldre,Hudkreft,"per 100 000, standardisert",,2,19
Vinje,2014-2023,2023-01-01,Menn,Alle aldre,Føflekkreft (malignt melanom),"per 100 000, standardisert",,2,19
Vinje,2014-2023,2023-01-01,Menn,Alle aldre,Brystkreft,"per 100 000, standardisert",,2,19
Vinje,2014-2023,2023-01-01,Menn,Alle aldre,"Livmorhalskreft, kvinner","per 100 000, standardisert",,2,19
Vinje,2014-2023,2023-01-01,Menn,Alle aldre,Prostatakreft,"per 100 000, standardisert",184.0,2,19
Vinje,2014-2023,2023-01-01,Kvinner,Alle aldre,Totalt alle krefttyper,"per 100 000, standardisert",535.4,3,19
Vinje,2014-2023,2023-01-01,Kvinner,Alle aldre,Tykk- og endetarmskreft,"per 100 000, standardisert",97.0,3,19
Vinje,2014-2023,2023-01-01,Kvinner,Alle aldre,Lungekreft,"per 100 000, standardisert",,3,19
Vinje,2014-2023,2023-01-01,Kvinner,Alle aldre,Hudkreft,"per 100 000, standardisert",46.6,3,19
Vinje,2014-2023,2023-01-01,Kvinner,Alle aldre,Føflekkreft (malignt melanom),"per 100 000, standardisert",,3,19
Vinje,2014-2023,2023-01-01,Kvinner,Alle aldre,Brystkreft,"per 100 000, standardisert",117.3,3,19
Vinje,2014-2023,2023-01-01,Kvinner,Alle aldre,"Livmorhalskreft, kvinner","per 100 000, standardisert",,3,19
Vinje,2014-2023,2023-01-01,Kvinner,Alle aldre,Prostatakreft,"per 100 000, standardisert",,3,19
Vinje,2015-2024,2024-01-01,Kjønn samlet,Alle aldre,Totalt alle krefttyper,"per 100 000, standardisert",600.4,1,19
Vinje,2015-2024,2024-01-01,Kjønn samlet,Alle aldre,Tykk- og endetarmskreft,"per 100 000, standardisert",90.0,1,19
Vinje,2015-2024,2024-01-01,Kjønn samlet,Alle aldre,Lungekreft,"per 100 000, standardisert",68.6,1,19
Vinje,2015-2024,2024-01-01,Kjønn samlet,Alle aldre,Hudkreft,"per 100 000, standardisert",72.4,1,19
Vinje,2015-2024,2024-01-01,Kjønn samlet,Alle aldre,Føflekkreft (malignt melanom),"per 100 000, standardisert",,1,19
Vinje,2015-2024,2024-01-01,Kjønn samlet,Alle aldre,Brystkreft,"per 100 000, standardisert",,1,19
Vinje,2015-2024,2024-01-01,Kjønn samlet,Alle aldre,"Livmorhalskreft, kvinner","per 100 000, standardisert",,1,19
Vinje,2015-2024,2024-01-01,Kjønn samlet,Alle aldre,Prostatakreft,"per 100 000, standardisert",,1,19
Vinje,2015-2024,2024-01-01,Menn,Alle aldre,Totalt alle krefttyper,"per 100 000, standardisert",662.9,2,19
Vinje,2015-2024,2024-01-01,Menn,Alle aldre,Tykk- og endetarmskreft,"per 100 000, standardisert",,2,19
Vinje,2015-2024,2024-01-01,Menn,Alle aldre,Lungekreft,"per 100 000, standardisert",78.8,2,19
Vinje,2015-2024,2024-01-01,Menn,Alle aldre,Hudkreft,"per 100 000, standardisert",,2,19
Vinje,2015-2024,2024-01-01,Menn,Alle aldre,Føflekkreft (malignt melanom),"per 100 000, standardisert",,2,19
Vinje,2015-2024,2024-01-01,Menn,Alle aldre,Brystkreft,"per 100 000, standardisert",,2,19
Vinje,2015-2024,2024-01-01,Menn,Alle aldre,"Livmorhalskreft, kvinner","per 100 000, standardisert",,2,19
Vinje,2015-2024,2024-01-01,Menn,Alle aldre,Prostatakreft,"per 100 000, standardisert",176.0,2,19
Vinje,2015-2024,2024-01-01,Kvinner,Alle aldre,Totalt alle krefttyper,"per 100 000, standardisert",536.2,3,19
Vinje,2015-2024,2024-01-01,Kvinner,Alle aldre,Tykk- og endetarmskreft,"per 100 000, standardisert",95.2,3,19
Vinje,2015-2024,2024-01-01,Kvinner,Alle aldre,Lungekreft,"per 100 000, standardisert",,3,19
Vinje,2015-2024,2024-01-01,Kvinner,Alle aldre,Hudkreft,"per 100 000, standardisert",64.1,3,19
Vinje,2015-2024,2024-01-01,Kvinner,Alle aldre,Føflekkreft (malignt melanom),"per 100 000, standardisert",,3,19
Vinje,2015-2024,2024-01-01,Kvinner,Alle aldre,Brystkreft,"per 100 000, standardisert",116.0,3,19
Vinje,2015-2024,2024-01-01,Kvinner,Alle aldre,"Livmorhalskreft, kvinner","per 100 000, standardisert",,3,19
Vinje,2015-2024,2024-01-01,Kvinner,Alle aldre,Prostatakreft,"per 100 000, standardisert",,3,19
Vinje,2016-2025,2025-01-01,Kjønn samlet,Alle aldre,Totalt alle krefttyper,"per 100 000, standardisert",598.4,1,19
Vinje,2016-2025,2025-01-01,Kjønn samlet,Alle aldre,Tykk- og endetarmskreft,"per 100 000, standardisert",94.8,1,19
Vinje,2016-2025,2025-01-01,Kjønn samlet,Alle aldre,Lungekreft,"per 100 000, standardisert",69.2,1,19
Vinje,2016-2025,2025-01-01,Kjønn samlet,Alle aldre,Hudkreft,"per 100 000, standardisert",73.1,1,19
Vinje,2016-2025,2025-01-01,Kjønn samlet,Alle aldre,Føflekkreft (malignt melanom),"per 100 000, standardisert",,1,19
Vinje,2016-2025,2025-01-01,Kjønn samlet,Alle aldre,Brystkreft,"per 100 000, standardisert",,1,19
Vinje,2016-2025,2025-01-01,Kjønn samlet,Alle aldre,"Livmorhalskreft, kvinner","per 100 000, standardisert",,1,19
Vinje,2016-2025,2025-01-01,Kjønn samlet,Alle aldre,Prostatakreft,"per 100 000, standardisert",,1,19
Vinje,2016-2025,2025-01-01,Menn,Alle aldre,Totalt alle krefttyper,"per 100 000, standardisert",666.9,2,19
Vinje,2016-2025,2025-01-01,Menn,Alle aldre,Tykk- og endetarmskreft,"per 100 000, standardisert",,2,19
Vinje,2016-2025,2025-01-01,Menn,Alle aldre,Lungekreft,"per 100 000, standardisert",81.3,2,19
Vinje,2016-2025,2025-01-01,Menn,Alle aldre,Hudkreft,"per 100 000, standardisert",,2,19
Vinje,2016-2025,2025-01-01,Menn,Alle aldre,Føflekkreft (malignt melanom),"per 100 000, standardisert",,2,19
Vinje,2016-2025,2025-01-01,Menn,Alle aldre,Brystkreft,"per 100 000, standardisert",,2,19
Vinje,2016-2025,2025-01-01,Menn,Alle aldre,"Livmorhalskreft, kvinner","per 100 000, standardisert",,2,19
Vinje,2016-2025,2025-01-01,Menn,Alle aldre,Prostatakreft,"per 100 000, standardisert",172.5,2,19
Vinje,2016-2025,2025-01-01,Kvinner,Alle aldre,Totalt alle krefttyper,"per 100 000, standardisert",527.6,3,19
Vinje,2016-2025,2025-01-01,Kvinner,Alle aldre,Tykk- og endetarmskreft,"per 100 000, standardisert",93.3,3,19
Vinje,2016-2025,2025-01-01,Kvinner,Alle aldre,Lungekreft,"per 100 000, standardisert",,3,19
Vinje,2016-2025,2025-01-01,Kvinner,Alle aldre,Hudkreft,"per 100 000, standardisert",67.5,3,19
Vinje,2016-2025,2025-01-01,Kvinner,Alle aldre,Føflekkreft (malignt melanom),"per 100 000, standardisert",,3,19
Vinje,2016-2025,2025-01-01,Kvinner,Alle aldre,Brystkreft,"per 100 000, standardisert",109.9,3,19
Vinje,2016-2025,2025-01-01,Kvinner,Alle aldre,"Livmorhalskreft, kvinner","per 100 000, standardisert",,3,19
Vinje,2016-2025,2025-01-01,Kvinner,Alle aldre,Prostatakreft,"per 100 000, standardisert",,3,19
