grunnkretsnummer;lokalid;datauttaksdato;oppdateringsdato;statistikkar;grunnkretsnummer_1;grunnkretsnavn;kommunenummer;kommunenavn;totalbefolkning;antallmenn;antallkvinner;Klinikk;Latitude;Longitude;OBJECTID_KOPI
40010101;7ef2a953-0bf9-4f07-86ff-c1e981d23529;12.06.2025 15:32:36;01.01.2025 00:00:00;2025;40010101;Bjørkedal;4001;Porsgrunn;300;160;140;Porsgrunn;59,143437111000082;9,734339697000053;1,000000000000000
40010102;0b2d926f-273e-4be0-893d-c5759685707c;12.06.2025 15:32:39;01.01.2025 00:00:00;2025;40010102;Oklungen nord;4001;Porsgrunn;72;39;33;Porsgrunn;59,176254199000027;9,825125706000051;2,000000000000000
40010103;cef672f8-d239-4a4b-aa1a-cf9f95ff5efd;12.06.2025 15:32:35;01.01.2025 00:00:00;2025;40010103;Oklungen-Marka;4001;Porsgrunn;155;84;71;Porsgrunn;59,161013589000049;9,808016456000075;3,000000000000000
40010104;62bd4468-4037-4f0d-ae6c-1def26cfc422;12.06.2025 15:32:34;01.01.2025 00:00:00;2025;40010104;Lanner;4001;Porsgrunn;111;63;48;Porsgrunn;59,091332099000056;9,791959559000077;4,000000000000000
40010105;499315a2-308a-4caf-86f9-51e7ee6a1617;12.06.2025 15:32:34;01.01.2025 00:00:00;2025;40010105;Langangen;4001;Porsgrunn;526;269;257;Porsgrunn;59,085590179000064;9,811674455000059;5,000000000000000
40010201;a431b694-705f-47ca-8ef5-f5222fefb31f;12.06.2025 15:32:37;01.01.2025 00:00:00;2025;40010201;Valler-Moheim;4001;Porsgrunn;377;176;201;Porsgrunn;59,126457254000059;9,696714392000047;6,000000000000000
40010202;8bdc40c1-2218-407a-99b8-33f2192d12fa;12.06.2025 15:32:33;01.01.2025 00:00:00;2025;40010202;Enger-Trekanten;4001;Porsgrunn;272;136;136;Porsgrunn;59,124158413000032;9,691582017000030;7,000000000000000
40010203;249092f6-8ca0-43c5-b837-ef8477041fec;12.06.2025 15:32:35;01.01.2025 00:00:00;2025;40010203;Tveten nord;4001;Porsgrunn;554;270;284;Porsgrunn;59,118276769000033;9,684823830000028;8,000000000000000
40010204;b92a4b09-68c5-4697-b660-1545c1ba5c2d;12.06.2025 15:32:33;01.01.2025 00:00:00;2025;40010204;Eidanger;4001;Porsgrunn;448;225;223;Porsgrunn;59,119103980000034;9,695094566000023;9,000000000000000
40010205;51aa30ce-8b1e-4d5c-8f7d-29cd9e539899;12.06.2025 15:32:37;01.01.2025 00:00:00;2025;40010205;Tveten sør;4001;Porsgrunn;405;201;204;Porsgrunn;59,111866010000028;9,695417276000057;10,000000000000000
40010206;ece75130-b706-43a7-9e20-448620dbc351;12.06.2025 15:32:37;01.01.2025 00:00:00;2025;40010206;Nystrand;4001;Porsgrunn;442;211;231;Porsgrunn;59,107895602000042;9,701198313000077;11,000000000000000
40010207;f8a3cfaf-ae96-4fba-8d10-beb3781a73e2;12.06.2025 15:32:32;01.01.2025 00:00:00;2025;40010207;Lillegården-Døvik;4001;Porsgrunn;293;147;146;Porsgrunn;59,107265931000029;9,719905433000065;12,000000000000000
40010208;c505732a-82b1-4d0e-876b-73f181089771;12.06.2025 15:32:35;01.01.2025 00:00:00;2025;40010208;Bergsbygda;4001;Porsgrunn;345;183;162;Porsgrunn;59,085846006000054;9,724867980000056;13,000000000000000
40010209;bff1d168-b758-4fa6-8b81-ca1ed650f3d6;12.06.2025 15:32:38;01.01.2025 00:00:00;2025;40010209;Bjønnes;4001;Porsgrunn;16;11;5;Porsgrunn;59,055181137000034;9,764563104000047;14,000000000000000
40010210;de54fa19-5023-451d-99d9-c2b5ee7ea0b1;12.06.2025 15:32:37;01.01.2025 00:00:00;2025;40010210;Øyene;4001;Porsgrunn;309;151;158;Stathelle;59,049234195000054;9,733191760000068;15,000000000000000
40010301;dbccc844-f2df-401a-ac41-048b169d7b84;12.06.2025 15:32:37;01.01.2025 00:00:00;2025;40010301;Ås-Stranda-Kjørholt;4001;Porsgrunn;226;119;107;Porsgrunn;59,081432506000056;9,660216933000072;16,000000000000000
40010302;4823f3fc-a56c-43de-b5cd-23683f57fdac;12.06.2025 15:32:34;01.01.2025 00:00:00;2025;40010302;Versvik-Rød;4001;Porsgrunn;;4;;Porsgrunn;59,097496687000046;9,665547663000041;17,000000000000000
40010303;f3dadfda-8274-4775-b964-68613f53d5f3;12.06.2025 15:32:35;01.01.2025 00:00:00;2025;40010303;Skjelsvikdalen;4001;Porsgrunn;45;29;16;Porsgrunn;59,101440817000082;9,673312306000071;18,000000000000000
40010304;f14d5e19-7d0f-472a-9258-a45acab555f3;12.06.2025 15:32:34;01.01.2025 00:00:00;2025;40010304;Hvalsåsen;4001;Porsgrunn;302;155;147;Porsgrunn;59,098350292000077;9,671513228000038;19,000000000000000
40010305;3b22ecf2-662d-47f9-9694-bf83f28f06fa;12.06.2025 15:32:34;01.01.2025 00:00:00;2025;40010305;Skrikaråsen;4001;Porsgrunn;230;115;115;Porsgrunn;59,098111874000040;9,679549510000072;20,000000000000000
40010306;3e415cb7-6202-4547-bdaa-3329602087b6;12.06.2025 15:32:39;01.01.2025 00:00:00;2025;40010306;Skjelsvik;4001;Porsgrunn;504;256;248;Porsgrunn;59,098769749000041;9,691404273000046;21,000000000000000
40010307;1b20fbca-916b-4000-850e-7438f9084d0b;12.06.2025 15:32:31;01.01.2025 00:00:00;2025;40010307;Brattås vest;4001;Porsgrunn;387;197;190;Porsgrunn;59,094905093000079;9,674152647000028;22,000000000000000
40010308;b2d3f7d2-dfb5-4091-981a-99bfae4a12ce;12.06.2025 15:32:37;01.01.2025 00:00:00;2025;40010308;Brattås øst;4001;Porsgrunn;359;193;166;Porsgrunn;59,093436752000059;9,682872725000038;23,000000000000000
40010309;dc97ac2a-6515-4c67-936e-f6504f5c9e81;12.06.2025 15:32:39;01.01.2025 00:00:00;2025;40010309;Løvsjø;4001;Porsgrunn;436;210;226;Porsgrunn;59,089366926000082;9,686762842000064;24,000000000000000
40010310;a39daed2-b143-40f7-a484-f68eb306e948;12.06.2025 15:32:36;01.01.2025 00:00:00;2025;40010310;Brånan;4001;Porsgrunn;270;132;138;Porsgrunn;59,087352322000072;9,691456698000025;25,000000000000000
40010311;8b9e31f8-d208-4699-b2ab-1015b1152b95;12.06.2025 15:32:38;01.01.2025 00:00:00;2025;40010311;Valen;4001;Porsgrunn;232;122;110;Porsgrunn;59,090775570000062;9,694236407000062;26,000000000000000
40010312;7d60f31d-538f-4854-87f4-c5a6f520cb82;12.06.2025 15:32:32;01.01.2025 00:00:00;2025;40010312;Lundedalen;4001;Porsgrunn;21;7;14;Porsgrunn;59,089017447000060;9,676063252000063;27,000000000000000
40010313;a20812f1-d66a-4514-8cb0-a9b5ed6b42b2;12.06.2025 15:32:33;01.01.2025 00:00:00;2025;40010313;Grava;4001;Porsgrunn;506;256;250;Porsgrunn;59,084421715000076;9,676693528000044;28,000000000000000
40010314;bb7a7795-4a5b-45a3-9e5d-2a92a475aba7;12.06.2025 15:32:32;01.01.2025 00:00:00;2025;40010314;Lundeåsen;4001;Porsgrunn;635;329;306;Porsgrunn;59,084230143000070;9,692053026000053;29,000000000000000
40010315;c193f157-02fc-4ea3-9df6-1226579e1ec6;12.06.2025 15:32:37;01.01.2025 00:00:00;2025;40010315;Lunde;4001;Porsgrunn;504;257;247;Porsgrunn;59,081674048000082;9,687540358000035;30,000000000000000
40010316;e6bc31c3-0f05-4593-b39d-e175b290e2a0;12.06.2025 15:32:39;01.01.2025 00:00:00;2025;40010316;Skoglia;4001;Porsgrunn;251;129;122;Porsgrunn;59,078694120000080;9,683558010000070;31,000000000000000
40010317;3e1303a6-1620-4dbb-b06e-80237b410f1a;12.06.2025 15:32:38;01.01.2025 00:00:00;2025;40010317;Skavrakåsen nord;4001;Porsgrunn;428;234;194;Porsgrunn;59,081981652000081;9,670264877000022;32,000000000000000
40010318;75bd592d-d4ee-4749-a97b-a0f0f97ed168;12.06.2025 15:32:37;01.01.2025 00:00:00;2025;40010318;Skavrakåsen sør;4001;Porsgrunn;314;167;147;Porsgrunn;59,079290031000028;9,675053134000052;33,000000000000000
40010319;d337ff98-8f46-44e9-8ff9-ed170bca959c;12.06.2025 15:32:39;01.01.2025 00:00:00;2025;40010319;Kjørholt-Bakke;4001;Porsgrunn;75;41;34;Porsgrunn;59,073959244000037;9,675768498000025;34,000000000000000
40010320;2c4c545d-327c-4891-a3a6-1f476d4a87f6;12.06.2025 15:32:36;01.01.2025 00:00:00;2025;40010320;Heistad;4001;Porsgrunn;778;355;423;Porsgrunn;59,075747875000047;9,690054896000049;35,000000000000000
40010401;67b48d4b-9a52-464b-beeb-6724cfaafe37;12.06.2025 15:32:35;01.01.2025 00:00:00;2025;40010401;Dalen;4001;Porsgrunn;244;127;117;Stathelle;59,064765829000066;9,686821461000022;36,000000000000000
40010402;7040615b-2f6d-41a4-8bbb-2d44afaa4427;12.06.2025 15:32:35;01.01.2025 00:00:00;2025;40010402;Blekebakken;4001;Porsgrunn;119;60;59;Stathelle;59,055007076000038;9,683572476000052;37,000000000000000
40010403;67e6cd2f-59f1-40c2-94f7-c3bcf0b6eb7d;12.06.2025 15:32:32;01.01.2025 00:00:00;2025;40010403;Åsen;4001;Porsgrunn;379;189;190;Stathelle;59,055661205000035;9,692957525000054;38,000000000000000
40010404;a95965d6-4c96-4ebc-8923-6ebe17086971;12.06.2025 15:32:36;01.01.2025 00:00:00;2025;40010404;Brevik sentrum;4001;Porsgrunn;435;235;200;Stathelle;59,052751339000054;9,697946132000027;39,000000000000000
40010405;5c23b067-4431-4a31-92dc-2f58471cc36a;12.06.2025 15:32:36;01.01.2025 00:00:00;2025;40010405;Øya;4001;Porsgrunn;309;155;154;Stathelle;59,052679426000054;9,705300339000075;40,000000000000000
40010406;975bcec9-7379-4b50-849a-dbefb0d383d8;12.06.2025 15:32:37;01.01.2025 00:00:00;2025;40010406;Sætre sør;4001;Porsgrunn;315;156;159;Stathelle;59,056346494000081;9,700525765000066;41,000000000000000
40010407;cfcd1e7c-9f06-4dc2-a621-cc9e459320fd;12.06.2025 15:32:32;01.01.2025 00:00:00;2025;40010407;Sætre nord;4001;Porsgrunn;305;157;148;Stathelle;59,059024563000037;9,697253348000061;42,000000000000000
40010502;9bbafcd9-4f6f-4852-aab9-603e1cdda25f;12.06.2025 15:32:37;01.01.2025 00:00:00;2025;40010502;Klevstrand;4001;Porsgrunn;489;272;217;Porsgrunn;59,116108143000076;9,649095136000028;43,000000000000000
40010503;29f6a5d1-9c18-41ef-bcb1-33adc7e88ce1;12.06.2025 15:32:35;01.01.2025 00:00:00;2025;40010503;Herøya sør;4001;Porsgrunn;514;271;243;Porsgrunn;59,110378712000056;9,645485988000075;44,000000000000000
40010504;0e8e134f-a4ae-4077-a16f-4d8b5d25543b;12.06.2025 15:32:38;01.01.2025 00:00:00;2025;40010504;Bakke;4001;Porsgrunn;400;209;191;Porsgrunn;59,108469580000076;9,652875637000022;45,000000000000000
40010505;c66bd43f-bd65-4993-b216-853f5083cae1;12.06.2025 15:32:34;01.01.2025 00:00:00;2025;40010505;Jordet;4001;Porsgrunn;230;114;116;Porsgrunn;59,109532215000058;9,657184224000048;46,000000000000000
40010506;0078ed84-a18c-4369-9c45-3bedf59ef880;12.06.2025 15:32:39;01.01.2025 00:00:00;2025;40010506;Herøyaåsen;4001;Porsgrunn;219;118;101;Porsgrunn;59,105418475000079;9,651316741000073;47,000000000000000
40010507;fb05f5e3-eacd-439a-be37-5b168cdc6898;12.06.2025 15:32:33;01.01.2025 00:00:00;2025;40010507;Mauråsen;4001;Porsgrunn;267;134;133;Porsgrunn;59,104010928000037;9,658908849000056;48,000000000000000
40010508;493ec73b-5775-4f48-a081-d3e16ca90dd9;12.06.2025 15:32:38;01.01.2025 00:00:00;2025;40010508;Skrapeklev;4001;Porsgrunn;354;173;181;Porsgrunn;59,104478531000041;9,666151557000035;49,000000000000000
40010601;03544057-c8eb-4c41-95b7-b71242c72b69;12.06.2025 15:32:33;01.01.2025 00:00:00;2025;40010601;Raskenlund;4001;Porsgrunn;311;154;157;Porsgrunn;59,118099692000044;9,660299663000046;50,000000000000000
40010602;a3c3329e-bac2-4fff-83be-cf4a3aa7ee07;12.06.2025 15:32:33;01.01.2025 00:00:00;2025;40010602;Raskenlund sør;4001;Porsgrunn;200;104;96;Porsgrunn;59,115768196000033;9,656043578000038;51,000000000000000
40010603;eeeb1a00-590b-4921-a53d-c9fb8ca3b54a;12.06.2025 15:32:31;01.01.2025 00:00:00;2025;40010603;Stridsklev nord;4001;Porsgrunn;419;189;230;Porsgrunn;59,115360883000051;9,661361256000021;52,000000000000000
40010604;f654bc60-756b-484c-bbcd-0b44cbb22d5e;12.06.2025 15:32:37;01.01.2025 00:00:00;2025;40010604;Stridsklev øst;4001;Porsgrunn;156;79;77;Porsgrunn;59,113962036000032;9,667809586000033;53,000000000000000
40010605;262ecc19-a53f-4c56-ba89-1083dbdf9c96;12.06.2025 15:32:38;01.01.2025 00:00:00;2025;40010605;Korpelia nord;4001;Porsgrunn;256;124;132;Porsgrunn;59,110511619000079;9,662748292000060;54,000000000000000
40010606;74117af6-b6a1-41cc-9233-864076524cae;12.06.2025 15:32:38;01.01.2025 00:00:00;2025;40010606;Stridsklev midtre;4001;Porsgrunn;276;127;149;Porsgrunn;59,113201510000067;9,663553274000037;55,000000000000000
40010607;5e8c60ba-ba2a-42ea-a6b5-a7e085246625;12.06.2025 15:32:34;01.01.2025 00:00:00;2025;40010607;Korpelia sør;4001;Porsgrunn;275;146;129;Porsgrunn;59,106581054000060;9,672634019000043;56,000000000000000
40010608;f3c42191-a27e-44ed-baa3-9fcf25f15e0a;12.06.2025 15:32:39;01.01.2025 00:00:00;2025;40010608;Stridsklev sentrum;4001;Porsgrunn;197;75;122;Porsgrunn;59,109172898000054;9,672750707000034;57,000000000000000
40010609;f991247c-8c2f-459a-9f84-ae780070aa4b;12.06.2025 15:32:39;01.01.2025 00:00:00;2025;40010609;Hovholt;4001;Porsgrunn;371;193;178;Porsgrunn;59,110542739000039;9,675165571000036;58,000000000000000
40010610;147c6ec0-d7e3-4af6-af44-d188db5a76cc;12.06.2025 15:32:36;01.01.2025 00:00:00;2025;40010610;Stridsklev sør;4001;Porsgrunn;254;113;141;Porsgrunn;59,107032127000082;9,677636634000066;59,000000000000000
40010611;63f7c73b-9710-4952-885d-1f5faf15e1de;12.06.2025 15:32:33;01.01.2025 00:00:00;2025;40010611;Hovet sør;4001;Porsgrunn;345;177;168;Porsgrunn;59,101788827000064;9,683824726000068;60,000000000000000
40010612;6160dc1e-ff78-4359-90bf-c98691cfaee9;12.06.2025 15:32:37;01.01.2025 00:00:00;2025;40010612;Hovet midtre;4001;Porsgrunn;340;163;177;Porsgrunn;59,106035024000050;9,687627034000059;61,000000000000000
40010613;5316f792-360b-4bac-a545-c487a39059ef;12.06.2025 15:32:33;01.01.2025 00:00:00;2025;40010613;Hovet nord;4001;Porsgrunn;522;272;250;Porsgrunn;59,108306965000054;9,686892704000059;62,000000000000000
40010701;1532f133-03d6-479f-804f-77f5aab96872;12.06.2025 15:32:39;01.01.2025 00:00:00;2025;40010701;Rønningen midtre;4001;Porsgrunn;396;200;196;Porsgrunn;59,125470645000064;9,646813176000023;63,000000000000000
40010702;72a71909-ab78-4b28-90ea-56aa18c21bb6;12.06.2025 15:32:39;01.01.2025 00:00:00;2025;40010702;Grønli;4001;Porsgrunn;420;211;209;Porsgrunn;59,127197677000026;9,650610206000067;64,000000000000000
40010703;5df99f58-1953-4843-be73-6b32e02b7297;12.06.2025 15:32:34;01.01.2025 00:00:00;2025;40010703;Skrukkerød;4001;Porsgrunn;610;294;316;Porsgrunn;59,127497323000057;9,655503577000047;65,000000000000000
40010704;d048fe25-dbda-4ee9-996a-29bebe9bd6ae;12.06.2025 15:32:33;01.01.2025 00:00:00;2025;40010704;Rønningen sør;4001;Porsgrunn;174;83;91;Porsgrunn;59,123106215000064;9,653256671000065;66,000000000000000
40010705;259df34e-1d9e-47e3-9062-c12aa8f333d8;12.06.2025 15:32:39;01.01.2025 00:00:00;2025;40010705;Flåtten nord;4001;Porsgrunn;471;223;248;Porsgrunn;59,121194163000041;9,660971261000043;67,000000000000000
40010801;d92f59b2-57dd-4e5e-8f91-f9210e24c735;12.06.2025 15:32:32;01.01.2025 00:00:00;2025;40010801;Roligheten-Frednes;4001;Porsgrunn;89;39;50;Porsgrunn;59,134476547000077;9,633969139000044;68,000000000000000
40010802;f2afeecb-d5c8-45b9-8271-dac4f0405617;12.06.2025 15:32:35;01.01.2025 00:00:00;2025;40010802;Sundjordet nord;4001;Porsgrunn;460;238;222;Porsgrunn;59,132864345000030;9,636980276000031;69,000000000000000
40010803;024a57da-65a6-404c-80be-bfa72e43c8d7;12.06.2025 15:32:33;01.01.2025 00:00:00;2025;40010803;Sundjordet sør;4001;Porsgrunn;419;223;196;Porsgrunn;59,129601853000054;9,638354034000031;70,000000000000000
40010804;b9a67c86-1d38-4f1d-9f77-e4ac6a091363;12.06.2025 15:32:32;01.01.2025 00:00:00;2025;40010804;Rønningen nord;4001;Porsgrunn;359;189;170;Porsgrunn;59,129138250000040;9,643560265000076;71,000000000000000
40010805;4c8f0004-3906-4d17-acf0-56d44ef096d3;12.06.2025 15:32:38;01.01.2025 00:00:00;2025;40010805;Frednes;4001;Porsgrunn;231;111;120;Porsgrunn;59,134628754000062;9,641752746000066;72,000000000000000
40010806;bb387321-808f-4dad-b9ab-5de01a17fa70;12.06.2025 15:32:34;01.01.2025 00:00:00;2025;40010806;Jønholt;4001;Porsgrunn;291;145;146;Porsgrunn;59,132805075000078;9,647363439000060;73,000000000000000
40010808;c8b9972d-a20a-4abd-8fa2-e41d82bda4f7;12.06.2025 15:32:35;01.01.2025 00:00:00;2025;40010808;Kirkehaugen;4001;Porsgrunn;639;320;319;Porsgrunn;59,138578970000083;9,646459772000071;74,000000000000000
40010809;0e114fc1-2f91-4df8-90c3-16b8887ca15a;12.06.2025 15:32:39;01.01.2025 00:00:00;2025;40010809;St Hansåsen;4001;Porsgrunn;286;143;143;Porsgrunn;59,135080533000064;9,651384979000056;75,000000000000000
40010810;bc8678f0-e77c-4f4a-8cfc-3916c97f3645;12.06.2025 15:32:38;01.01.2025 00:00:00;2025;40010810;Bjørntvedtjordet;4001;Porsgrunn;514;252;262;Porsgrunn;59,136312394000072;9,656664551000063;76,000000000000000
40010811;0ae9e419-0fa1-4e47-b796-cb41818612b3;12.06.2025 15:32:36;01.01.2025 00:00:00;2025;40010811;Porsgrunn sentrum øst;4001;Porsgrunn;622;300;322;Porsgrunn;59,139563642000041;9,655498822000027;77,000000000000000
40010812;97c64ada-fd9f-4fed-8bf8-b81f775980dd;12.06.2025 15:32:38;01.01.2025 00:00:00;2025;40010812;Hagebyen;4001;Porsgrunn;161;91;70;Porsgrunn;59,138827628000058;9,662106918000063;78,000000000000000
40010901;740ee2f1-dd91-4d9a-b3c4-9c23fb22d52f;12.06.2025 15:32:39;01.01.2025 00:00:00;2025;40010901;Bjørntvedt;4001;Porsgrunn;886;431;455;Porsgrunn;59,132482727000081;9,661059367000064;79,000000000000000
40010902;6704f5c2-c63c-4ca0-be8f-7e46f17916b0;12.06.2025 15:32:32;01.01.2025 00:00:00;2025;40010902;Myrene nord;4001;Porsgrunn;163;96;67;Porsgrunn;59,136084558000050;9,672587502000056;80,000000000000000
40010903;db0d55bb-482b-44d3-8105-2142c61b29d5;12.06.2025 15:32:32;01.01.2025 00:00:00;2025;40010903;Myrene midtre;4001;Porsgrunn;331;153;178;Porsgrunn;59,133678286000077;9,669113879000065;81,000000000000000
40010904;7ccfaa0b-af14-4bc0-9669-47400c2e8502;12.06.2025 15:32:35;01.01.2025 00:00:00;2025;40010904;Myrene sør;4001;Porsgrunn;203;102;101;Porsgrunn;59,131037629000048;9,673281948000067;82,000000000000000
40011001;ff258060-9ac0-4a45-b3d9-98eda5e37e54;12.06.2025 15:32:33;01.01.2025 00:00:00;2025;40011001;Bråten;4001;Porsgrunn;535;256;279;Porsgrunn;59,150312862000078;9,656236547000049;83,000000000000000
40011002;b336846f-142c-494f-af15-31f729a8013b;12.06.2025 15:32:35;01.01.2025 00:00:00;2025;40011002;Osebakken nord;4001;Porsgrunn;542;283;259;Porsgrunn;59,152341645000035;9,659779738000054;84,000000000000000
40011003;365ff401-deed-48ab-ab68-76d767046a39;12.06.2025 15:32:36;01.01.2025 00:00:00;2025;40011003;Borgåsen;4001;Porsgrunn;550;273;277;Porsgrunn;59,156547166000053;9,662921869000058;85,000000000000000
40011004;2c46c31b-9a0a-4c17-a428-905a54980adf;12.06.2025 15:32:31;01.01.2025 00:00:00;2025;40011004;Sandtaket;4001;Porsgrunn;241;112;129;Porsgrunn;59,153617540000027;9,661624376000077;86,000000000000000
40011005;1eb9325e-79df-42bb-bdb3-896225957e92;12.06.2025 15:32:36;01.01.2025 00:00:00;2025;40011005;Liane;4001;Porsgrunn;1038;503;535;Porsgrunn;59,152204001000030;9,676281800000027;87,000000000000000
40011006;0fdbee47-6cc0-41f4-9804-82517c4bdbad;12.06.2025 15:32:33;01.01.2025 00:00:00;2025;40011006;Osebakken sør;4001;Porsgrunn;396;205;191;Porsgrunn;59,145871841000030;9,658454862000042;88,000000000000000
40011007;f20a5f38-1931-46cc-bb19-10fd8f3b36e1;12.06.2025 15:32:36;01.01.2025 00:00:00;2025;40011007;Hovenga nord;4001;Porsgrunn;339;151;188;Porsgrunn;59,147296843000049;9,662611374000051;89,000000000000000
40011008;3f73b8e6-5fa2-497f-bb88-158db754bd13;12.06.2025 15:32:39;01.01.2025 00:00:00;2025;40011008;Hovenga øst;4001;Porsgrunn;794;402;392;Porsgrunn;59,146555759000080;9,668036585000038;90,000000000000000
40011009;8ca89639-f973-4448-9718-cecf0b921f50;12.06.2025 15:32:36;01.01.2025 00:00:00;2025;40011009;Hovenga sør;4001;Porsgrunn;433;198;235;Porsgrunn;59,144676062000030;9,663020491000054;91,000000000000000
40011010;506df437-5f0b-442c-8e3b-5ec1c18febf1;12.06.2025 15:32:36;01.01.2025 00:00:00;2025;40011010;Kjølnes;4001;Porsgrunn;191;96;95;Porsgrunn;59,141549231000056;9,662815401000046;92,000000000000000
40011011;32854ec9-4e4f-4b65-8a64-e0542b412225;12.06.2025 15:32:37;01.01.2025 00:00:00;2025;40011011;Bjerketvedt;4001;Porsgrunn;298;142;156;Porsgrunn;59,148295431000065;9,682476820000034;93,000000000000000
40011101;4010de6a-43b5-4cfd-8e16-d2831fbdacfe;12.06.2025 15:32:36;01.01.2025 00:00:00;2025;40011101;Bjørndalen;4001;Porsgrunn;178;95;83;Porsgrunn;59,148889602000054;9,637778804000050;94,000000000000000
40011102;ee827344-1881-4e06-b9c6-1688bd7de2d3;12.06.2025 15:32:39;01.01.2025 00:00:00;2025;40011102;Fredbo;4001;Porsgrunn;638;310;328;Porsgrunn;59,148590646000059;9,644892000000027;95,000000000000000
40011103;18a7dcb8-9a5e-4947-baf7-f7bad54ce553;12.06.2025 15:32:34;01.01.2025 00:00:00;2025;40011103;Lahelle;4001;Porsgrunn;595;271;324;Porsgrunn;59,148858787000052;9,648830676000046;96,000000000000000
40011104;66c98472-dc65-456a-874d-ba1428465b40;12.06.2025 15:32:39;01.01.2025 00:00:00;2025;40011104;Sentrum nord;4001;Porsgrunn;905;421;484;Porsgrunn;59,144490015000031;9,637993464000033;97,000000000000000
40011105;66ff6229-440b-47e8-8ced-1388c4a6b822;12.06.2025 15:32:38;01.01.2025 00:00:00;2025;40011105;Moldhaugen;4001;Porsgrunn;722;334;388;Porsgrunn;59,143231026000080;9,648434899000051;98,000000000000000
40011106;1873439d-62f0-4b7c-be5e-0fc9f181f1c8;12.06.2025 15:32:36;01.01.2025 00:00:00;2025;40011106;Sentrum sør;4001;Porsgrunn;356;149;207;Porsgrunn;59,141397645000040;9,638114727000072;99,000000000000000
40011107;73db0eb3-9d0e-4474-b087-21a2d2f07ad4;12.06.2025 15:32:35;01.01.2025 00:00:00;2025;40011107;Sentrum vest;4001;Porsgrunn;305;149;156;Porsgrunn;59,139181740000026;9,634147004000056;100,000000000000000
40011108;ead4e3b0-80f9-4512-9901-de32896a55eb;12.06.2025 15:32:38;01.01.2025 00:00:00;2025;40011108;Skipperåsen;4001;Porsgrunn;92;55;37;Porsgrunn;59,140897013000028;9,626035765000040;101,000000000000000
40011109;3d829f5a-e38f-4e40-a722-b9375de65645;12.06.2025 15:32:37;01.01.2025 00:00:00;2025;40011109;Knardalstrand;4001;Porsgrunn;284;147;137;Porsgrunn;59,135039875000075;9,622634886000071;102,000000000000000
40011110;79bf021c-31a4-4a37-99b1-4faf72583dad;12.06.2025 15:32:35;01.01.2025 00:00:00;2025;40011110;Knardalstrand nedre;4001;Porsgrunn;188;103;85;Porsgrunn;59,131326680000029;9,617364707000036;103,000000000000000
40030102;4a518029-f4b4-4500-96e1-d104a3691d4f;12.06.2025 15:32:35;01.01.2025 00:00:00;2025;40030102;Hjellen;4003;Skien;492;222;270;Skien;59,204552878000072;9,605402030000050;104,000000000000000
40030103;7f601d64-84f7-4861-9134-b017ac505b18;12.06.2025 15:32:36;01.01.2025 00:00:00;2025;40030103;Lundetoppen;4003;Skien;243;117;126;Skien;59,207445832000076;9,603266310000038;105,000000000000000
40030105;f532e09e-06ec-4d6a-ad7f-787849e84826;12.06.2025 15:32:35;01.01.2025 00:00:00;2025;40030105;Sentrum;4003;Skien;255;161;94;Skien;59,208002650000083;9,610103934000051;106,000000000000000
40030106;10f411a6-6fac-451b-9127-9958c673eada;12.06.2025 15:32:38;01.01.2025 00:00:00;2025;40030106;Lundedalen;4003;Skien;483;237;246;Skien;59,209631715000057;9,601729386000045;107,000000000000000
40030107;5e79a768-06dd-475b-91ce-a6e375849fe1;12.06.2025 15:32:32;01.01.2025 00:00:00;2025;40030107;Kverndalen;4003;Skien;373;171;202;Skien;59,211203411000042;9,606020661000059;108,000000000000000
40030108;24a1cfca-a3cb-4f92-8bb5-fa1bb80029f6;12.06.2025 15:32:36;01.01.2025 00:00:00;2025;40030108;Huken;4003;Skien;243;113;130;Skien;59,213067369000044;9,599667147000048;109,000000000000000
40030109;1b703fca-65dd-4c79-8f29-dcc8cf41ce03;12.06.2025 15:32:36;01.01.2025 00:00:00;2025;40030109;Duestien;4003;Skien;468;252;216;Skien;59,214220612000076;9,603872448000061;110,000000000000000
40030111;f303d9d7-5964-4485-b7a0-56703e248747;12.06.2025 15:32:33;01.01.2025 00:00:00;2025;40030111;Banejordet;4003;Skien;347;178;169;Skien;59,216274275000046;9,599159165000060;111,000000000000000
40030112;4e3ed784-7bdb-4ebb-98bd-34721da9d839;12.06.2025 15:32:37;01.01.2025 00:00:00;2025;40030112;Søndre Nylende;4003;Skien;399;207;192;Skien;59,216455743000040;9,603518670000028;112,000000000000000
40030113;23c1d7d0-1333-4f52-8d61-f7cd3008e977;12.06.2025 15:32:34;01.01.2025 00:00:00;2025;40030113;Østre Brekkeby;4003;Skien;309;153;156;Skien;59,214401919000068;9,608231725000053;113,000000000000000
40030114;68ed490e-8847-494c-8095-fb0f0ee68981;12.06.2025 15:32:36;01.01.2025 00:00:00;2025;40030114;Nordre Nylende;4003;Skien;73;43;30;Skien;59,218501880000076;9,598624760000064;114,000000000000000
40030115;b196a970-d47e-49f9-9779-95f2d890a8d5;12.06.2025 15:32:38;01.01.2025 00:00:00;2025;40030115;Bruene;4003;Skien;0;0;0;Skien;59,205461307000064;9,609645162000049;115,000000000000000
40030116;818064a9-377b-4217-b56a-1c41a3e812d7;12.06.2025 15:32:35;01.01.2025 00:00:00;2025;40030116;Jernbanebrygga;4003;Skien;0;0;0;Skien;59,203407230000039;9,614356305000058;116,000000000000000
40030201;e24fd257-3db9-4e2b-aa43-9bc5fea9f091;12.06.2025 15:32:32;01.01.2025 00:00:00;2025;40030201;Falkumlia;4003;Skien;371;184;187;Skien;59,215546943000049;9,581721690000052;117,000000000000000
40030202;246bae44-7ee7-444d-8244-24a7295e7717;12.06.2025 15:32:34;01.01.2025 00:00:00;2025;40030202;Nordre Falkum 1;4003;Skien;484;219;265;Skien;59,215728995000063;9,586080977000051;118,000000000000000
40030203;127accc5-8d67-47c7-87d0-034e4feb4da4;12.06.2025 15:32:35;01.01.2025 00:00:00;2025;40030203;Nordre Falkum 2;4003;Skien;706;335;371;Skien;59,217633349000039;9,590166992000036;119,000000000000000
40030204;bcf73609-55bd-44d7-8eb3-c5609b8a3824;12.06.2025 15:32:32;01.01.2025 00:00:00;2025;40030204;Falkumjordet;4003;Skien;584;284;300;Skien;59,210216187000071;9,585709904000055;120,000000000000000
40030205;3b6efa7c-48a8-4042-8af9-a7fe593835b7;12.06.2025 15:32:37;01.01.2025 00:00:00;2025;40030205;Stevneplassen;4003;Skien;141;59;82;Skien;59,213530099000081;9,589272815000072;121,000000000000000
40030206;1105579f-6050-4a92-9397-44810e165cad;12.06.2025 15:32:35;01.01.2025 00:00:00;2025;40030206;Østre Falkum;4003;Skien;422;214;208;Skien;59,212334233000036;9,595395527000051;122,000000000000000
40030207;a6eec086-79a7-45f7-9972-6b2b34985d0f;12.06.2025 15:32:36;01.01.2025 00:00:00;2025;40030207;Falkum;4003;Skien;323;160;163;Skien;59,207769969000083;9,593277455000077;123,000000000000000
40030208;d3aa847c-560e-409f-bf53-23a938b95a18;12.06.2025 15:32:34;01.01.2025 00:00:00;2025;40030208;Vatner Ring;4003;Skien;625;326;299;Skien;59,204470501000060;9,594333439000025;124,000000000000000
40030209;48713ee1-c608-4c33-a457-eb560c83e073;12.06.2025 15:32:37;01.01.2025 00:00:00;2025;40030209;Fartangen;4003;Skien;210;92;118;Skien;59,200379068000075;9,595650913000043;125,000000000000000
40030210;73009e38-110f-4129-a9f9-57cb9b934a47;12.06.2025 15:32:37;01.01.2025 00:00:00;2025;40030210;Bakkestranda;4003;Skien;457;229;228;Skien;59,202516177000064;9,599878379000074;126,000000000000000
40030301;24a54158-d212-4003-b710-e89f608b075f;12.06.2025 15:32:35;01.01.2025 00:00:00;2025;40030301;Bergsland;4003;Skien;294;155;139;Skien;59,215252273000033;9,610153027000024;127,000000000000000
40030302;cc2d447b-d646-43cb-b5f2-30a9641f9a21;12.06.2025 15:32:33;01.01.2025 00:00:00;2025;40030302;Gyngehaven;4003;Skien;532;261;271;Skien;59,211165584000071;9,610882115000038;128,000000000000000
40030303;0e23e577-c8b4-4616-a006-db8c389a3dc4;12.06.2025 15:32:39;01.01.2025 00:00:00;2025;40030303;Brekke museum;4003;Skien;48;26;22;Skien;59,208457886000076;9,614612403000024;129,000000000000000
40030304;594368fd-1101-41e3-85be-970ce1ff7266;12.06.2025 15:32:34;01.01.2025 00:00:00;2025;40030304;Bratsbergkleiva;4003;Skien;421;221;200;Skien;59,205642404000059;9,614003364000041;130,000000000000000
40030305;9120c232-b767-45bc-8206-0f7a46d583c4;12.06.2025 15:32:33;01.01.2025 00:00:00;2025;40030305;Brekkejordet;4003;Skien;511;267;244;Skien;59,205871938000030;9,619649205000030;131,000000000000000
40030306;56a37e4d-0045-4a7b-bc29-401b0f2e3225;12.06.2025 15:32:39;01.01.2025 00:00:00;2025;40030306;Follestad;4003;Skien;602;307;295;Skien;59,201581588000067;9,618864160000044;132,000000000000000
40030307;531b073c-47ae-42ee-9137-93f6d51f6d89;12.06.2025 15:32:39;01.01.2025 00:00:00;2025;40030307;Kleiva;4003;Skien;603;281;322;Skien;59,198606447000031;9,625282993000042;133,000000000000000
40030308;2362df61-90af-45a9-a859-5040a34b3210;12.06.2025 15:32:37;01.01.2025 00:00:00;2025;40030308;Doktorstykket;4003;Skien;230;117;113;Skien;59,193741373000080;9,625543223000022;134,000000000000000
40030309;7dd5a278-f40d-47bf-831b-8e8749d00343;12.06.2025 15:32:35;01.01.2025 00:00:00;2025;40030309;Eikornrød;4003;Skien;212;109;103;Skien;59,193199379000077;9,622301634000053;135,000000000000000
40030401;9b25fb53-8cb8-4213-a0ca-d4de96ce0adc;12.06.2025 15:32:37;01.01.2025 00:00:00;2025;40030401;Herkules;4003;Skien;134;52;82;Skien;59,197166073000062;9,601873486000045;136,000000000000000
40030402;6e33f3a5-0d73-4b1d-8f61-1990634e75b7;12.06.2025 15:32:35;01.01.2025 00:00:00;2025;40030402;Gimsøy;4003;Skien;524;221;303;Skien;59,193962900000031;9,603655161000063;137,000000000000000
40030403;6f89b2c9-76b1-4278-a50f-08cad5d781ce;12.06.2025 15:32:32;01.01.2025 00:00:00;2025;40030403;Bukkeholmen;4003;Skien;417;189;228;Skien;59,197526617000051;9,606513049000057;138,000000000000000
40030404;c56ff9ea-bcbd-4b7a-8ef3-dd4a227c76a8;12.06.2025 15:32:34;01.01.2025 00:00:00;2025;40030404;Klosterøya;4003;Skien;573;276;297;Skien;59,201616512000044;9,610260741000047;139,000000000000000
40030405;f2db997e-8f3c-4e9a-b1c8-7a898687083a;12.06.2025 15:32:35;01.01.2025 00:00:00;2025;40030405;Klosterfossen;4003;Skien;222;102;120;Skien;59,195545136000078;9,613294559000053;140,000000000000000
40030406;86594338-0de1-451f-8a84-47a7e6273480;12.06.2025 15:32:39;01.01.2025 00:00:00;2025;40030406;Kristiansro;4003;Skien;463;235;228;Skien;59,193206866000082;9,613883766000072;141,000000000000000
40030407;eee65ffa-c2e8-42b1-b051-efa6bc258285;12.06.2025 15:32:35;01.01.2025 00:00:00;2025;40030407;Minde;4003;Skien;455;219;236;Skien;59,191034188000060;9,610925850000058;142,000000000000000
40030408;5ca05f68-26f0-4a52-bdb9-22dd0056dca5;12.06.2025 15:32:33;01.01.2025 00:00:00;2025;40030408;Gråten;4003;Skien;472;250;222;Skien;59,190137699000047;9,619181535000052;143,000000000000000
40030501;0593fc4e-e386-4ad9-a582-3bc15d4aa145;12.06.2025 15:32:34;01.01.2025 00:00:00;2025;40030501;Steinsrudsvingen;4003;Skien;116;58;58;Skien;59,197356386000081;9,567067373000043;144,000000000000000
40030502;4e241236-7ef4-404c-a83a-377db80fa1f6;12.06.2025 15:32:31;01.01.2025 00:00:00;2025;40030502;Faråsen;4003;Skien;1125;541;584;Skien;59,195958184000062;9,577246874000025;145,000000000000000
40030503;e18c7996-724a-482d-b043-88abc78228a2;12.06.2025 15:32:34;01.01.2025 00:00:00;2025;40030503;Faret;4003;Skien;7;3;4;Skien;59,190202880000072;9,598670017000074;146,000000000000000
40030504;e1c58f33-c73a-446a-9148-eb3ca2258d3f;12.06.2025 15:32:34;01.01.2025 00:00:00;2025;40030504;Klosterskogen;4003;Skien;359;166;193;Skien;59,189480689000050;9,603399873000058;147,000000000000000
40030505;e47e8919-c6ef-4ef5-9bec-0ce4682f154f;12.06.2025 15:32:32;01.01.2025 00:00:00;2025;40030505;Gråtenmoen 1;4003;Skien;383;205;178;Skien;59,187951016000056;9,609308747000057;148,000000000000000
40030507;77583d0d-8d7e-409c-a489-a994cc699486;12.06.2025 15:32:38;01.01.2025 00:00:00;2025;40030507;Gråtenmoen terasse;4003;Skien;312;149;163;Skien;59,185624129000075;9,619547092000062;149,000000000000000
40030508;c81a2865-f258-4f6c-b906-e7e72c80e7b5;12.06.2025 15:32:33;01.01.2025 00:00:00;2025;40030508;Gråtenmoen 3;4003;Skien;534;262;272;Skien;59,184297598000057;9,608729725000046;150,000000000000000
40030509;f07529d7-699f-421f-99cf-c3ebb27e1a8b;12.06.2025 15:32:36;01.01.2025 00:00:00;2025;40030509;Gråtenmoen 4;4003;Skien;49;28;21;Skien;59,182928551000032;9,608819621000066;151,000000000000000
40030510;77ccdae5-89eb-4755-adda-d779c6d257ec;12.06.2025 15:32:32;01.01.2025 00:00:00;2025;40030510;Huskebru;4003;Skien;166;81;85;Skien;59,187036203000048;9,599401915000044;152,000000000000000
40030511;d53c08b2-0e4a-4cb5-85ff-3445a9b143e3;12.06.2025 15:32:32;01.01.2025 00:00:00;2025;40030511;Moflatekrysset;4003;Skien;235;123;112;Skien;59,191143137000040;9,589981953000063;153,000000000000000
40030512;dd9da332-e710-4b26-b8e3-22cbb4f08e35;12.06.2025 15:32:36;01.01.2025 00:00:00;2025;40030512;Moflata;4003;Skien;;0;;Skien;59,188097693000032;9,589971653000021;154,000000000000000
40030513;cb907a13-f4d1-4f72-8270-d270863971e1;12.06.2025 15:32:36;01.01.2025 00:00:00;2025;40030513;Vindalsåsen;4003;Skien;855;447;408;Skien;59,187908467000057;9,584386319000032;155,000000000000000
40030514;4e742e32-a58a-4bd7-8848-3d437ab47423;12.06.2025 15:32:36;01.01.2025 00:00:00;2025;40030514;Herkules idrettspark;4003;Skien;0;0;0;Skien;59,182509748000030;9,600016067000070;156,000000000000000
40030515;4335b2e7-660e-4b8f-b09c-2329cabbe0ce;12.06.2025 15:32:35;01.01.2025 00:00:00;2025;40030515;Hemmestveits veg;4003;Skien;148;71;77;Skien;59,184801077000031;9,599755549000065;157,000000000000000
40030516;6fb8429a-ff20-4622-bbec-c49fe453bc86;12.06.2025 15:32:34;01.01.2025 00:00:00;2025;40030516;Tamburlund;4003;Skien;127;61;66;Skien;59,187760954000055;9,616825372000051;158,000000000000000
40030601;2b50933f-707b-4cdb-9f03-e36704a3f337;12.06.2025 15:32:39;01.01.2025 00:00:00;2025;40030601;Kjørbekkdalen;4003;Skien;30;21;9;Skien;59,175802057000055;9,618027690000076;159,000000000000000
40030602;7ba94fda-02d2-47ae-a6b5-f0f90895f114;12.06.2025 15:32:33;01.01.2025 00:00:00;2025;40030602;Kjørbekkhøgda;4003;Skien;522;254;268;Skien;59,181589126000063;9,615982906000056;160,000000000000000
40030603;5ce80378-2f33-4310-a942-127169a09dc3;12.06.2025 15:32:32;01.01.2025 00:00:00;2025;40030603;Raset;4003;Skien;260;128;132;Skien;59,178264652000053;9,625261327000032;161,000000000000000
40030604;6f091bb3-0302-424d-87c9-645090f49afe;12.06.2025 15:32:33;01.01.2025 00:00:00;2025;40030604;Kjørbekk;4003;Skien;822;410;412;Skien;59,177406938000047;9,618091103000040;162,000000000000000
40030605;278006fd-3454-414b-97ac-f2dbb1dae4ed;12.06.2025 15:32:38;01.01.2025 00:00:00;2025;40030605;Rødmyr;4003;Skien;14;7;7;Skien;59,176165127000047;9,602562393000028;163,000000000000000
40030606;3ca0a2e7-c692-46a6-9fdb-97941e70c4eb;12.06.2025 15:32:35;01.01.2025 00:00:00;2025;40030606;Skogplassene;4003;Skien;273;139;134;Skien;59,180003506000048;9,603360886000075;164,000000000000000
40030607;d067378c-68d0-45cc-a8d5-8a959056d397;12.06.2025 15:32:36;01.01.2025 00:00:00;2025;40030607;Larønningen;4003;Skien;151;71;80;Skien;59,174870483000063;9,608208575000049;165,000000000000000
40030701;953b4f57-f5b1-45d1-aafd-0615e3dff1bf;12.06.2025 15:32:39;01.01.2025 00:00:00;2025;40030701;Lyngbakken;4003;Skien;20;10;10;Skien;59,165732580000054;9,614010292000046;166,000000000000000
40030702;3fb7bc4a-dadd-47ad-9453-5b46ca2ffb2e;12.06.2025 15:32:33;01.01.2025 00:00:00;2025;40030702;Nenset sandtak;4003;Skien;36;19;17;Skien;59,169691037000064;9,628331004000074;167,000000000000000
40030703;df6e358b-8fec-4d00-8b9a-ea75c2fa117e;12.06.2025 15:32:38;01.01.2025 00:00:00;2025;40030703;Nenset vest;4003;Skien;408;208;200;Skien;59,167284432000031;9,631761343000051;168,000000000000000
40030704;e61d9319-bfbc-4bbf-9921-c136f9d33a28;12.06.2025 15:32:35;01.01.2025 00:00:00;2025;40030704;Nenset øst;4003;Skien;197;96;101;Skien;59,167195155000059;9,637593973000037;169,000000000000000
40030705;8c00cd1f-2e26-4d52-abb8-8a8b79ae5406;12.06.2025 15:32:33;01.01.2025 00:00:00;2025;40030705;Sandaker;4003;Skien;640;330;310;Skien;59,162943637000069;9,629862525000021;170,000000000000000
40030706;69011a59-524b-46ca-b1e4-608a69dae151;12.06.2025 15:32:32;01.01.2025 00:00:00;2025;40030706;Bjørntvedt;4003;Skien;33;19;14;Skien;59,160530468000047;9,621927410000069;171,000000000000000
40030801;4a3ae570-6d4b-4175-a258-8a32c10a187b;12.06.2025 15:32:34;01.01.2025 00:00:00;2025;40030801;Kongerød 1;4003;Skien;420;207;213;Skien;59,154243307000058;9,615579105000052;172,000000000000000
40030802;95abad82-978e-40f4-970a-eee956bd4278;12.06.2025 15:32:34;01.01.2025 00:00:00;2025;40030802;Bjørnstad;4003;Skien;451;219;232;Skien;59,156023990000051;9,631970726000077;173,000000000000000
40030803;ad42456a-eb1e-46a5-9354-c90b103a454f;12.06.2025 15:32:36;01.01.2025 00:00:00;2025;40030803;Tolnes 1;4003;Skien;309;157;152;Skien;59,157854409000038;9,634679213000027;174,000000000000000
40030804;c2f2a7f5-5b5a-4b24-b746-93ea1b985973;12.06.2025 15:32:33;01.01.2025 00:00:00;2025;40030804;Tolnes 2;4003;Skien;481;241;240;Skien;59,157822319000047;9,640264687000069;175,000000000000000
40030805;051f2656-20cf-4eeb-8f79-2aeb2ac83a7d;12.06.2025 15:32:39;01.01.2025 00:00:00;2025;40030805;Tolnes 3;4003;Skien;289;142;147;Skien;59,155080306000059;9,642559756000026;176,000000000000000
40030806;afd43689-fea1-4ab8-9621-a7e8333c8e67;12.06.2025 15:32:38;01.01.2025 00:00:00;2025;40030806;Rabben;4003;Skien;338;170;168;Skien;59,152508354000076;9,634775405000028;177,000000000000000
40030807;4edeacc9-39c1-4d9f-a56b-0f8ad317ebbe;12.06.2025 15:32:38;01.01.2025 00:00:00;2025;40030807;Nyberg;4003;Skien;503;273;230;Skien;59,151605560000064;9,627564651000057;178,000000000000000
40030808;13053842-b01b-4b0c-9405-87bc58fa5d3e;12.06.2025 15:32:39;01.01.2025 00:00:00;2025;40030808;Frydenlund;4003;Skien;229;112;117;Skien;59,148693946000037;9,622978693000050;179,000000000000000
40030809;06f758e4-5389-4f84-a71d-89e16a6a2758;12.06.2025 15:32:32;01.01.2025 00:00:00;2025;40030809;Kongerød 4;4003;Skien;30;14;16;Skien;59,151997657000038;9,622458980000033;180,000000000000000
40030811;0e99a56b-bad7-45cd-8383-eed88d108f70;12.06.2025 15:32:32;01.01.2025 00:00:00;2025;40030811;Kongerød 3;4003;Skien;242;113;129;Skien;59,151816943000028;9,618107539000050;181,000000000000000
40030813;76a745ca-3777-472b-a4df-532e121407df;12.06.2025 15:32:36;01.01.2025 00:00:00;2025;40030813;Klyveåsen;4003;Skien;365;171;194;Skien;59,150028539000061;9,614009461000023;182,000000000000000
40030814;b613085c-a2b8-4f86-965f-2f1d03d5e57e;12.06.2025 15:32:37;01.01.2025 00:00:00;2025;40030814;Klyve 3;4003;Skien;250;110;140;Skien;59,147226548000049;9,615924200000052;183,000000000000000
40030816;50e3691a-1e25-45dc-8bbe-08930bb0c194;12.06.2025 15:32:34;01.01.2025 00:00:00;2025;40030816;Klyve 1;4003;Skien;343;174;169;Skien;59,151449317000072;9,609266369000068;184,000000000000000
40030817;4c16faa3-df6c-4c52-b302-6c0294da2e8f;12.06.2025 15:32:38;01.01.2025 00:00:00;2025;40030817;Hulka;4003;Skien;141;77;64;Skien;59,149219903000073;9,609757303000038;185,000000000000000
40030818;8ef51cf7-4e34-41c0-9b6a-12b0b814de91;12.06.2025 15:32:33;01.01.2025 00:00:00;2025;40030818;Kverndammen;4003;Skien;182;95;87;Skien;59,144711690000065;9,617409037000073;186,000000000000000
40030819;56abaef2-2337-4e90-a2ba-b0788f9dfa44;12.06.2025 15:32:36;01.01.2025 00:00:00;2025;40030819;Rugtvedt;4003;Skien;11;7;4;Skien;59,146743102000073;9,609709902000077;187,000000000000000
40030820;4f49ca90-0fce-4c79-9398-7e442304ddb8;12.06.2025 15:32:33;01.01.2025 00:00:00;2025;40030820;Nybergåsen;4003;Skien;424;225;199;Skien;59,146407588000045;9,627717456000028;188,000000000000000
40030901;10652764-d88d-4f49-bc8a-978c473e04f3;12.06.2025 15:32:38;01.01.2025 00:00:00;2025;40030901;Balsøya;4003;Skien;8;8;0;Skien;59,126009645000067;9,567605211000057;189,000000000000000
40030902;49013099-6c1a-4081-9761-3f131a3b3ecc;12.06.2025 15:32:38;01.01.2025 00:00:00;2025;40030902;Flakvarp;4003;Skien;213;123;90;Skien;59,130936416000054;9,594831084000077;190,000000000000000
40030903;3022136b-ab46-47e4-8847-ff663c8906b1;12.06.2025 15:32:39;01.01.2025 00:00:00;2025;40030903;Findal;4003;Skien;324;165;159;Skien;59,140706002000059;9,528617161000057;191,000000000000000
40030904;b97b1ebb-2bd8-43cb-8754-9c4fdf6775fd;12.06.2025 15:32:38;01.01.2025 00:00:00;2025;40030904;Bolvik;4003;Skien;61;34;27;Skien;59,125743797000041;9,500225458000045;192,000000000000000
40030905;601e2903-247b-4769-a6c1-6bef9ea87949;12.06.2025 15:32:39;01.01.2025 00:00:00;2025;40030905;Gisholt;4003;Skien;157;75;82;Skien;59,097587626000063;9,420752892000053;193,000000000000000
40030906;6ac1e4cb-e4a3-4568-9c33-57c1342a0171;12.06.2025 15:32:32;01.01.2025 00:00:00;2025;40030906;Frønes;4003;Skien;140;75;65;Skien;59,123740754000039;9,380912556000055;194,000000000000000
40031001;7e2ed983-53ce-4a28-9464-e457cb9a575c;12.06.2025 15:32:38;01.01.2025 00:00:00;2025;40031001;Fjærekilen;4003;Skien;257;130;127;Skien;59,179780760000028;9,530210379000039;195,000000000000000
40031002;d559007d-98e6-47e2-92b8-b2868ffdf296;12.06.2025 15:32:32;01.01.2025 00:00:00;2025;40031002;Dolva;4003;Skien;267;141;126;Skien;59,194272419000072;9,460828702000072;196,000000000000000
40031004;4346e7a9-ff24-488f-8797-d8dccd4e057c;12.06.2025 15:32:34;01.01.2025 00:00:00;2025;40031004;Stavdal;4003;Skien;120;65;55;Skien;59,170509940000045;9,380943474000048;197,000000000000000
40031005;19e61c6c-d51a-446f-bd4a-e54b1a7eec76;12.06.2025 15:32:34;01.01.2025 00:00:00;2025;40031005;Bergan;4003;Skien;375;193;182;Skien;59,210862673000065;9,410336960000052;198,000000000000000
40031006;42756e1f-6e8e-4b9c-9b49-e7a5f1c2c145;12.06.2025 15:32:36;01.01.2025 00:00:00;2025;40031006;Geiteryggen;4003;Skien;4;;;Skien;59,191746055000067;9,567412481000076;199,000000000000000
40031101;462ad49e-34fc-49a1-b2d2-3b01c0301c06;12.06.2025 15:32:36;01.01.2025 00:00:00;2025;40031101;Tangaråsen;4003;Skien;;0;;Skien;59,195103528000061;9,548702742000046;200,000000000000000
40031102;eb4c2b28-3810-4a31-bf5a-29f72a64862c;12.06.2025 15:32:38;01.01.2025 00:00:00;2025;40031102;Åfoss;4003;Skien;910;471;439;Skien;59,197863741000049;9,541297019000069;201,000000000000000
40031103;b0fa5033-e1d2-41cf-a866-33f957ca22bd;12.06.2025 15:32:38;01.01.2025 00:00:00;2025;40031103;Elset;4003;Skien;55;25;30;Skien;59,191491776000078;9,524213298000063;202,000000000000000
40031104;d2e3edd4-62c9-4b77-ada3-30269be53a89;12.06.2025 15:32:33;01.01.2025 00:00:00;2025;40031104;Ramberget;4003;Skien;386;201;185;Skien;59,202948491000029;9,532941702000073;203,000000000000000
40031105;ea4c2cdf-d246-47b7-a615-d34418836d41;12.06.2025 15:32:37;01.01.2025 00:00:00;2025;40031105;Åfoss-Åsen;4003;Skien;666;346;320;Skien;59,194552000000044;9,538953736000053;204,000000000000000
40031201;c3f66ece-1433-492f-8f74-c373eab9fc2b;12.06.2025 15:32:34;01.01.2025 00:00:00;2025;40031201;Grøtsund;4003;Skien;252;132;120;Skien;59,206293522000067;9,548694540000042;205,000000000000000
40031202;13401140-3fe1-4ed8-8769-402bfe9e4ce9;12.06.2025 15:32:33;01.01.2025 00:00:00;2025;40031202;Skotfoss bruk;4003;Skien;164;83;81;Skien;59,209592956000051;9,529445158000044;206,000000000000000
40031203;b05c9515-676e-46c4-ae72-b33523459fc4;12.06.2025 15:32:39;01.01.2025 00:00:00;2025;40031203;Nedre Skotfoss;4003;Skien;185;93;92;Skien;59,211949776000040;9,534566131000076;207,000000000000000
40031204;b284a672-8e5b-4232-b6a7-f5b8d6262864;12.06.2025 15:32:37;01.01.2025 00:00:00;2025;40031204;Øvre Skotfoss;4003;Skien;213;120;93;Skien;59,215510002000030;9,527259227000059;208,000000000000000
40031205;9d412726-5e98-41d8-970c-6bb2fe67531d;12.06.2025 15:32:32;01.01.2025 00:00:00;2025;40031205;Kastet;4003;Skien;299;151;148;Skien;59,216847213000051;9,517829587000051;209,000000000000000
40031206;42154734-ffd0-4981-87bd-4c1d6636e456;12.06.2025 15:32:36;01.01.2025 00:00:00;2025;40031206;Granheimåsen;4003;Skien;223;112;111;Skien;59,215186102000075;9,517530885000042;210,000000000000000
40031207;a9c7a445-ef01-4baf-99e5-a44da92993a4;12.06.2025 15:32:35;01.01.2025 00:00:00;2025;40031207;Omdal;4003;Skien;309;174;135;Skien;59,218394864000061;9,499198754000076;211,000000000000000
40031208;a630ed0b-f173-4965-a0e5-8464279a37e6;12.06.2025 15:32:36;01.01.2025 00:00:00;2025;40031208;Dalsbygda;4003;Skien;65;34;31;Skien;59,228148002000069;9,496166832000029;212,000000000000000
40031301;4e45fe12-44e9-49e9-b4a9-a54ef31ba1fc;12.06.2025 15:32:39;01.01.2025 00:00:00;2025;40031301;Einaren;4003;Skien;402;200;202;Skien;59,207478463000029;9,559848078000073;213,000000000000000
40031302;8c9faa55-2c78-4b5a-885c-1b6649153cf1;12.06.2025 15:32:35;01.01.2025 00:00:00;2025;40031302;Nyhus;4003;Skien;63;35;28;Skien;59,218476438000039;9,546905439000057;214,000000000000000
40031303;af3b120d-e5a0-4845-8e99-0ad42c3cd40e;12.06.2025 15:32:37;01.01.2025 00:00:00;2025;40031303;Heikleiv;4003;Skien;383;186;197;Skien;59,207719727000040;9,554854992000060;215,000000000000000
40031304;fa4100fc-22fd-48fb-8cb4-0ca0a9ca6b1e;12.06.2025 15:32:33;01.01.2025 00:00:00;2025;40031304;Meierkollen;4003;Skien;392;187;205;Skien;59,210560923000060;9,550504854000053;216,000000000000000
40031401;cf0a0d30-651b-44a2-89ba-b0ee618d2107;12.06.2025 15:32:37;01.01.2025 00:00:00;2025;40031401;Kjempa;4003;Skien;20;10;10;Skien;59,202241487000038;9,588221829000076;217,000000000000000
40031402;eab15eb6-4540-4382-87cb-601166a24865;12.06.2025 15:32:33;01.01.2025 00:00:00;2025;40031402;Vadrettet;4003;Skien;319;174;145;Skien;59,204451982000080;9,569067826000037;218,000000000000000
40031403;72eff8f0-7a18-4b5c-b458-97eb6d07a8d5;12.06.2025 15:32:32;01.01.2025 00:00:00;2025;40031403;Strømdal;4003;Skien;611;323;288;Skien;59,206645854000044;9,581969040000047;219,000000000000000
40031404;d5a7da01-56bd-42b1-b3bd-bb633ded4f9f;12.06.2025 15:32:38;01.01.2025 00:00:00;2025;40031404;Strømdalåsen;4003;Skien;462;228;234;Skien;59,206915477000052;9,575461796000070;220,000000000000000
40031405;5286fab7-8216-4ef5-9e89-e645102a0c3f;12.06.2025 15:32:35;01.01.2025 00:00:00;2025;40031405;Strømdaljordet;4003;Skien;116;50;66;Skien;59,207481847000054;9,566802063000068;221,000000000000000
40031406;be33df3e-8324-4690-8448-bd3e7a0e43c0;12.06.2025 15:32:39;01.01.2025 00:00:00;2025;40031406;Skrubbehavna;4003;Skien;402;195;207;Skien;59,212959168000054;9,562034562000065;222,000000000000000
40031407;5782e1c6-42da-43b5-a64b-1682f2036e09;12.06.2025 15:32:35;01.01.2025 00:00:00;2025;40031407;Gulset;4003;Skien;13;4;9;Skien;59,213730234000082;9,567995018000033;223,000000000000000
40031408;29effabf-05f5-4fea-ab2c-53d8102d1f9a;12.06.2025 15:32:39;01.01.2025 00:00:00;2025;40031408;Søndre Hyniveg;4003;Skien;666;330;336;Skien;59,214481960000057;9,575007530000050;224,000000000000000
40031409;bdd2e23b-dec0-4eec-8347-ec55d11b4a8a;12.06.2025 15:32:38;01.01.2025 00:00:00;2025;40031409;Stigeråsen;4003;Skien;249;144;105;Skien;59,219694065000056;9,562721994000071;225,000000000000000
40031411;7c88995b-8623-414c-a64d-4ff14ad251c7;12.06.2025 15:32:38;01.01.2025 00:00:00;2025;40031411;Plassane;4003;Skien;451;210;241;Skien;59,221156424000071;9,554496139000037;226,000000000000000
40031412;8b02b737-cdbd-49d6-b67e-db3125e063d3;12.06.2025 15:32:32;01.01.2025 00:00:00;2025;40031412;Nygårdåsen;4003;Skien;379;160;219;Skien;59,218022934000032;9,554996720000076;227,000000000000000
40031413;025177fe-70b8-47af-92b8-f1c4efad2155;12.06.2025 15:32:38;01.01.2025 00:00:00;2025;40031413;Lundeåsen;4003;Skien;182;86;96;Skien;59,221984546000044;9,549974689000067;228,000000000000000
40031414;1edc0a4c-7702-4abe-b4fa-46934979ad21;12.06.2025 15:32:34;01.01.2025 00:00:00;2025;40031414;Uglevegen;4003;Skien;315;159;156;Skien;59,224573292000059;9,546569337000051;229,000000000000000
40031415;e9ed78af-fa54-4dad-b830-0d962516d508;12.06.2025 15:32:36;01.01.2025 00:00:00;2025;40031415;Fugleleiken;4003;Skien;367;164;203;Skien;59,223391370000058;9,554139036000038;230,000000000000000
40031416;2d65aad9-1914-4eca-9489-fdeda0a13596;12.06.2025 15:32:39;01.01.2025 00:00:00;2025;40031416;Røymyr;4003;Skien;484;245;239;Skien;59,225641065000048;9,557401830000060;231,000000000000000
40031417;119d9d16-d48d-402e-a753-782d009e3926;12.06.2025 15:32:35;01.01.2025 00:00:00;2025;40031417;Øvre Maihaugen;4003;Skien;269;106;163;Skien;59,223757206000073;9,562859266000032;232,000000000000000
40031419;c9766daf-ed15-4f08-8b88-bc6a47a59c71;12.06.2025 15:32:33;01.01.2025 00:00:00;2025;40031419;Nordre Hyniveg;4003;Skien;35;18;17;Skien;59,224232768000036;9,566312115000073;233,000000000000000
40031420;fd797e12-7335-4099-94c0-6a9c94d240cb;12.06.2025 15:32:34;01.01.2025 00:00:00;2025;40031420;Salmakerdammen;4003;Skien;0;0;0;Skien;59,227678088000062;9,549064067000074;234,000000000000000
40031421;d2ca2c8a-0603-4e41-8f52-64f2ab49eeaa;12.06.2025 15:32:37;01.01.2025 00:00:00;2025;40031421;Ravnåsen;4003;Skien;182;88;94;Skien;59,218738371000029;9,550493720000077;235,000000000000000
40031422;8cddb4a5-143a-418a-afef-127c2276b3f9;12.06.2025 15:32:39;01.01.2025 00:00:00;2025;40031422;Gulsetlia;4003;Skien;114;40;74;Skien;59,217099926000060;9,565065933000028;236,000000000000000
40031423;e4080112-b6b5-428a-b070-a83bb5037244;12.06.2025 15:32:38;01.01.2025 00:00:00;2025;40031423;Strømdalkåsa;4003;Skien;368;187;181;Skien;59,210438961000079;9,567185020000068;237,000000000000000
40031501;082567a1-a3d7-4543-832a-80e2fe77f3a9;12.06.2025 15:32:35;01.01.2025 00:00:00;2025;40031501;Århusvegen;4003;Skien;171;86;85;Skien;59,217874299000073;9,583576249000032;238,000000000000000
40031502;99e01a71-b6ed-417d-a722-be8df396ba1f;12.06.2025 15:32:32;01.01.2025 00:00:00;2025;40031502;Mæla;4003;Skien;383;195;188;Skien;59,221824191000053;9,592431535000060;239,000000000000000
40031503;06d2c118-f3e0-4250-92b6-63afe56de618;12.06.2025 15:32:34;01.01.2025 00:00:00;2025;40031503;Søndre Venstøp;4003;Skien;212;101;111;Skien;59,232229204000078;9,586612829000046;240,000000000000000
40031504;dfabf804-477c-4abd-9622-65435144eced;12.06.2025 15:32:38;01.01.2025 00:00:00;2025;40031504;Nordre Venstøp;4003;Skien;700;361;339;Skien;59,247848305000048;9,571295002000056;241,000000000000000
40031505;a66f1887-b2ac-41d4-8b60-e32cf5b495e1;12.06.2025 15:32:35;01.01.2025 00:00:00;2025;40031505;Fossum;4003;Skien;208;112;96;Skien;59,235840270000040;9,573069426000075;242,000000000000000
40031506;f78b020b-f19b-4df1-8c4d-2d67519b3b87;12.06.2025 15:32:37;01.01.2025 00:00:00;2025;40031506;Ulvsvatn;4003;Skien;40;26;14;Skien;59,238836667000044;9,556511345000047;243,000000000000000
40031602;0999b9b4-7ee0-4056-a9ab-7f3e7ee37778;12.06.2025 15:32:33;01.01.2025 00:00:00;2025;40031602;Nisterud;4003;Skien;9;6;3;Skien;59,293456841000079;9,497611259000053;244,000000000000000
40031603;85bb2ffc-2387-4a47-bfd5-7c9f58b21bdd;12.06.2025 15:32:36;01.01.2025 00:00:00;2025;40031603;Ås;4003;Skien;266;143;123;Skien;59,268510002000028;9,552659817000063;245,000000000000000
40031604;29735a03-2284-472d-890a-8c1b779e6e46;12.06.2025 15:32:37;01.01.2025 00:00:00;2025;40031604;Valebø;4003;Skien;122;66;56;Skien;59,312714717000063;9,336496352000040;246,000000000000000
40031605;3c5e5c07-62b6-4aed-b740-595fcb9d53a6;12.06.2025 15:32:39;01.01.2025 00:00:00;2025;40031605;Mo;4003;Skien;42;19;23;Skien;59,303189745000054;9,544704509000042;247,000000000000000
40031606;2eb4d39d-a7a4-4af3-8ea0-38aaf9d55ad2;12.06.2025 15:32:35;01.01.2025 00:00:00;2025;40031606;Luksefjell;4003;Skien;43;25;18;Skien;59,415250716000060;9,533849750000059;248,000000000000000
40031701;aa436714-db3e-4a2b-baac-fefd3d79d8fa;12.06.2025 15:32:36;01.01.2025 00:00:00;2025;40031701;Risinglia;4003;Skien;1429;699;730;Skien;59,228251836000027;9,597463678000054;249,000000000000000
40031702;6376dcce-e2bb-41f8-8fb6-e80099e5798a;12.06.2025 15:32:34;01.01.2025 00:00:00;2025;40031702;Limi;4003;Skien;634;307;327;Skien;59,242220824000071;9,588038696000069;250,000000000000000
40031703;e83d1aba-f42e-4a9f-9328-0775f7e3eabe;12.06.2025 15:32:39;01.01.2025 00:00:00;2025;40031703;Grini;4003;Skien;350;170;180;Skien;59,229533792000041;9,603916331000050;251,000000000000000
40031704;3286a303-d466-4bcc-9ecb-f741b40e007d;12.06.2025 15:32:39;01.01.2025 00:00:00;2025;40031704;Jønnevall;4003;Skien;305;145;160;Skien;59,273364601000083;9,566644134000057;252,000000000000000
40031705;ff7d9aee-b505-4b82-8678-970bbaff2f44;12.06.2025 15:32:35;01.01.2025 00:00:00;2025;40031705;Skrehelle;4003;Skien;293;165;128;Skien;59,258694373000083;9,594698684000036;253,000000000000000
40031707;51469704-4822-4ed2-87f3-22f1bf73991d;12.06.2025 15:32:39;01.01.2025 00:00:00;2025;40031707;Eriksrød;4003;Skien;58;32;26;Skien;59,290617249000036;9,568015627000023;254,000000000000000
40031801;2ab26774-9cab-40e4-898f-8c5205dcc353;12.06.2025 15:32:39;01.01.2025 00:00:00;2025;40031801;Lagmannshøgda;4003;Skien;526;257;269;Skien;59,217027986000062;9,613629038000056;255,000000000000000
40031802;d11c6e6e-c950-408f-8498-bb477dd61a7d;12.06.2025 15:32:39;01.01.2025 00:00:00;2025;40031802;Nordre Frogner;4003;Skien;87;48;39;Skien;59,212085679000040;9,625865455000053;256,000000000000000
40031803;e2a63d1b-aea9-4170-803f-2881968c5a12;12.06.2025 15:32:37;01.01.2025 00:00:00;2025;40031803;Frogner;4003;Skien;315;159;156;Skien;59,207270054000048;9,622520342000030;257,000000000000000
40031804;e161bbc0-5805-4c05-84f5-0a017a26f54b;12.06.2025 15:32:32;01.01.2025 00:00:00;2025;40031804;Bratsbergkrysset;4003;Skien;392;201;191;Skien;59,200252456000044;9,630472404000045;258,000000000000000
40031805;435190c5-ae13-4613-a7e5-0b78e54e37a5;12.06.2025 15:32:35;01.01.2025 00:00:00;2025;40031805;Kalkovnen;4003;Skien;183;85;98;Skien;59,199479149000069;9,628134417000069;259,000000000000000
40031806;c4b2a629-b65d-49c6-bdee-db447944d995;12.06.2025 15:32:33;01.01.2025 00:00:00;2025;40031806;Bratsberg;4003;Skien;184;92;92;Skien;59,198847926000042;9,633115905000068;260,000000000000000
40031807;28bef73a-ca74-471e-be93-080cdf1a3e8e;12.06.2025 15:32:34;01.01.2025 00:00:00;2025;40031807;Nordre Bølehøgda;4003;Skien;352;190;162;Skien;59,187060159000055;9,630089071000043;261,000000000000000
40031808;cb53a227-ac5f-4561-8e42-f9ba52377766;12.06.2025 15:32:31;01.01.2025 00:00:00;2025;40031808;Bøle;4003;Skien;384;191;193;Skien;59,181280921000052;9,632834102000061;262,000000000000000
40031809;13246bb5-93f8-4bb0-90a0-4f3918c5b612;12.06.2025 15:32:33;01.01.2025 00:00:00;2025;40031809;Søndre Bølehøgda;4003;Skien;1309;652;657;Skien;59,179221335000079;9,641157592000070;263,000000000000000
40031810;7d8891b6-2ce7-4145-9584-0d9cb4a06879;12.06.2025 15:32:38;01.01.2025 00:00:00;2025;40031810;Ballestad;4003;Skien;295;149;146;Skien;59,186642706000043;9,642390450000050;264,000000000000000
40031811;2fe67ebc-56a3-421f-a1d6-f6fb1efcc9e6;12.06.2025 15:32:39;01.01.2025 00:00:00;2025;40031811;Rustan;4003;Skien;660;339;321;Skien;59,217182185000070;9,645742799000061;265,000000000000000
40031812;c916b19a-c9ca-48ba-ba6a-e5d7f929ea22;12.06.2025 15:32:39;01.01.2025 00:00:00;2025;40031812;Kikut;4003;Skien;470;265;205;Skien;59,243933612000035;9,639062461000037;266,000000000000000
40031813;7862afbe-6e53-4d25-a91e-df7324883d37;12.06.2025 15:32:32;01.01.2025 00:00:00;2025;40031813;Frognerlia;4003;Skien;582;293;289;Skien;59,205774520000034;9,627142932000027;267,000000000000000
40031814;d73fe7e1-b8ff-4d67-8eea-eebcbe1cea4d;12.06.2025 15:32:39;01.01.2025 00:00:00;2025;40031814;Frogneralleen;4003;Skien;281;141;140;Skien;59,212805604000039;9,621075456000028;268,000000000000000
40031901;571330e6-aeca-456b-b2ce-9c9118363382;12.06.2025 15:32:36;01.01.2025 00:00:00;2025;40031901;Borgestadholmen;4003;Skien;516;264;252;Skien;59,162243199000045;9,648010889000034;269,000000000000000
40031902;2ffdb182-15d8-473d-8d3d-e73db6b42043;12.06.2025 15:32:34;01.01.2025 00:00:00;2025;40031902;Menstad;4003;Skien;367;165;202;Skien;59,172494366000080;9,649143441000035;270,000000000000000
40031903;66aeae09-9c68-4558-ab86-64596e7b1d8e;12.06.2025 15:32:36;01.01.2025 00:00:00;2025;40031903;Borgestad;4003;Skien;1222;598;624;Skien;59,167957206000040;9,654052637000063;271,000000000000000
40031904;6d6f40da-e994-4088-87d4-42780b788803;12.06.2025 15:32:39;01.01.2025 00:00:00;2025;40031904;Åkre;4003;Skien;432;176;256;Skien;59,163155511000070;9,662340641000071;272,000000000000000
40031905;9de21928-772d-4079-929f-360f8854d93d;12.06.2025 15:32:37;01.01.2025 00:00:00;2025;40031905;Borgeåsen;4003;Skien;641;307;334;Skien;59,161268812000060;9,667637589000037;273,000000000000000
40031906;52e2eb45-70cb-4aed-8f3e-baacd49c7256;12.06.2025 15:32:32;01.01.2025 00:00:00;2025;40031906;Ris;4003;Skien;428;218;210;Skien;59,168813602000057;9,689030375000073;274,000000000000000
40050101;7b3ff6f4-e600-4a27-b7f1-f815a3752d93;12.06.2025 15:32:33;01.01.2025 00:00:00;2025;40050101;Busnes-Rudsgrend;4005;Notodden;29;18;11;Notodden;59,830192525000029;8,969035414000075;275,000000000000000
40050102;8ef1a1ea-5f1e-43cb-b2ee-26212d27db2b;12.06.2025 15:32:36;01.01.2025 00:00:00;2025;40050102;Tinnoset;4005;Notodden;99;55;44;Notodden;59,727910256000030;9,013214454000035;276,000000000000000
40050103;390c26ce-9160-416e-9ad2-8ec2603521f1;12.06.2025 15:32:33;01.01.2025 00:00:00;2025;40050103;Nisi;4005;Notodden;149;75;74;Notodden;59,702649550000046;9,038974776000032;277,000000000000000
40050104;6fef30f1-bc5d-4a71-a79e-ea674be8ddfd;12.06.2025 15:32:37;01.01.2025 00:00:00;2025;40050104;Bøen-Brekke;4005;Notodden;205;104;101;Notodden;59,691734966000070;9,033945902000028;278,000000000000000
40050105;a79a6dcf-3a4f-4da3-a967-5a9f1bf298e8;12.06.2025 15:32:37;01.01.2025 00:00:00;2025;40050105;Håve;4005;Notodden;105;53;52;Notodden;59,674446768000053;9,017358685000033;279,000000000000000
40050106;2e184dde-3542-45b3-a8e8-e70d2dce63ce;12.06.2025 15:32:38;01.01.2025 00:00:00;2025;40050106;Årlifoss;4005;Notodden;109;62;47;Notodden;59,659832852000079;9,194581308000068;280,000000000000000
40050107;1d92651d-b5c2-42a0-9196-e163203e9695;12.06.2025 15:32:36;01.01.2025 00:00:00;2025;40050107;Folsland;4005;Notodden;55;28;27;Notodden;59,692210350000039;9,139658529000030;281,000000000000000
40050108;009362d1-24a0-4abf-9c26-3fb35d58e44b;12.06.2025 15:32:39;01.01.2025 00:00:00;2025;40050108;Bolkesjø;4005;Notodden;115;70;45;Notodden;59,728407817000061;9,261666057000070;282,000000000000000
40050201;2a0cbcb0-9ead-4ecb-8537-652466ade06a;12.06.2025 15:32:36;01.01.2025 00:00:00;2025;40050201;Sauar;4005;Notodden;162;87;75;Notodden;59,603398683000080;9,047518246000038;283,000000000000000
40050202;1e8034d0-9b12-4c01-a73b-75116f3180a3;12.06.2025 15:32:35;01.01.2025 00:00:00;2025;40050202;Åse;4005;Notodden;143;81;62;Notodden;59,590671324000027;9,058203697000067;284,000000000000000
40050203;df55b2e5-d2fc-479d-b9b9-c32329221670;12.06.2025 15:32:32;01.01.2025 00:00:00;2025;40050203;Tveiten;4005;Notodden;97;48;49;Notodden;59,587685222000061;9,115277694000042;285,000000000000000
40050204;3587abbc-dc2d-4f8d-8b9f-808608525ecb;12.06.2025 15:32:34;01.01.2025 00:00:00;2025;40050204;Seljord;4005;Notodden;276;146;130;Notodden;59,598735560000080;9,115714778000040;286,000000000000000
40050205;7eb98296-7079-4552-ab05-4ad3d0136029;12.06.2025 15:32:37;01.01.2025 00:00:00;2025;40050205;Håberg;4005;Notodden;198;93;105;Notodden;59,600257778000071;9,135910443000057;287,000000000000000
40050206;c3657a75-605e-4434-bce3-0166681898f4;12.06.2025 15:32:37;01.01.2025 00:00:00;2025;40050206;Stivi;4005;Notodden;246;113;133;Notodden;59,595469692000052;9,152922927000077;288,000000000000000
40050207;3b739f22-fc65-4df5-a094-aebe6592ffca;12.06.2025 15:32:32;01.01.2025 00:00:00;2025;40050207;Holla;4005;Notodden;215;109;106;Notodden;59,590870724000069;9,164918594000028;289,000000000000000
40050208;76c6afa1-fe73-445a-bc1c-aef9c681bdb5;12.06.2025 15:32:38;01.01.2025 00:00:00;2025;40050208;Rygi;4005;Notodden;281;133;148;Notodden;59,579941971000039;9,185627955000029;290,000000000000000
40050209;7748df4c-84d3-4378-b219-570cc6f3e994;12.06.2025 15:32:36;01.01.2025 00:00:00;2025;40050209;Skilrud;4005;Notodden;528;237;291;Notodden;59,574466351000069;9,197221675000037;291,000000000000000
40050210;5d5d2d35-af50-4f98-99a2-16abb13fdbb2;12.06.2025 15:32:34;01.01.2025 00:00:00;2025;40050210;Sem;4005;Notodden;351;190;161;Notodden;59,572451377000050;9,208740268000042;292,000000000000000
40050211;17f31d1f-8261-4ba4-8cf9-072dc5546a9c;12.06.2025 15:32:38;01.01.2025 00:00:00;2025;40050211;Hustveit;4005;Notodden;157;81;76;Notodden;59,564445234000061;9,175914502000069;293,000000000000000
40050212;6f753851-cb5d-4cca-a8b0-037c5f05489b;12.06.2025 15:32:38;01.01.2025 00:00:00;2025;40050212;Yli;4005;Notodden;366;185;181;Notodden;59,556761566000034;9,199240702000054;294,000000000000000
40050213;88e77a04-ad82-44a5-a67b-1ff5c7b71941;12.06.2025 15:32:39;01.01.2025 00:00:00;2025;40050213;Strand;4005;Notodden;193;104;89;Notodden;59,540433020000080;9,246301086000074;295,000000000000000
40050301;388db06a-ee3e-4e8e-92f1-23f19d656385;12.06.2025 15:32:37;01.01.2025 00:00:00;2025;40050301;Tinnes 1;4005;Notodden;516;261;255;Notodden;59,562455542000066;9,245946903000061;296,000000000000000
40050302;a173e9bb-c6a1-4597-bd4c-2b87ac0dec93;12.06.2025 15:32:32;01.01.2025 00:00:00;2025;40050302;Tinnes 2;4005;Notodden;351;175;176;Notodden;59,565150877000065;9,255023530000074;297,000000000000000
40050303;bd221321-5911-49e8-98e2-ffacf21f1aa3;12.06.2025 15:32:31;01.01.2025 00:00:00;2025;40050303;Meaksmoen;4005;Notodden;193;107;86;Notodden;59,567916683000078;9,258540049000032;298,000000000000000
40050304;ab92d0aa-23fc-40ba-a1c4-988f742aa10b;12.06.2025 15:32:34;01.01.2025 00:00:00;2025;40050304;Anundskås;4005;Notodden;306;161;145;Notodden;59,573423076000040;9,256349907000072;299,000000000000000
40050305;84acdd19-4524-4c0d-9975-31938c33b890;12.06.2025 15:32:38;01.01.2025 00:00:00;2025;40050305;Sagafoss;4005;Notodden;339;183;156;Notodden;59,576192330000083;9,260117265000076;300,000000000000000
40050401;6a776ce1-ee99-40e4-8dc9-81a49967855e;12.06.2025 15:32:32;01.01.2025 00:00:00;2025;40050401;Lisleherad;4005;Notodden;216;101;115;Notodden;59,615046286000052;9,275318496000068;301,000000000000000
40050402;2dfc633b-7b45-4ba7-b9e7-d3ee5e5772ea;12.06.2025 15:32:39;01.01.2025 00:00:00;2025;40050402;Svelgfoss;4005;Notodden;108;59;49;Notodden;59,597188496000058;9,268191338000065;302,000000000000000
40050403;a39c7b9a-f9f0-4b25-a897-835497da69a9;12.06.2025 15:32:37;01.01.2025 00:00:00;2025;40050403;Nordre Skogen;4005;Notodden;256;130;126;Notodden;59,582793914000035;9,271308265000073;303,000000000000000
40050404;cef9f89a-f13f-4b14-aa7f-acbe3f0e3336;12.06.2025 15:32:32;01.01.2025 00:00:00;2025;40050404;Søndre Skogen;4005;Notodden;242;127;115;Notodden;59,577049770000031;9,270683184000063;304,000000000000000
40050405;353620ba-cb9f-44fc-9b5a-352add76adf3;12.06.2025 15:32:37;01.01.2025 00:00:00;2025;40050405;Kasinmoen-Lien;4005;Notodden;275;127;148;Notodden;59,575768340000081;9,266465339000035;305,000000000000000
40050406;3f4f4e40-726d-468b-a9ae-9a7e99cf15f5;12.06.2025 15:32:37;01.01.2025 00:00:00;2025;40050406;Skoleområdet;4005;Notodden;314;161;153;Notodden;59,573390266000047;9,272209512000074;306,000000000000000
40050407;77c2d6aa-9870-4e96-a9da-d76305f6b6df;12.06.2025 15:32:34;01.01.2025 00:00:00;2025;40050407;Lienveien;4005;Notodden;308;157;151;Notodden;59,568154885000069;9,267764421000038;307,000000000000000
40050408;1565a7fd-de62-495b-890f-942868b056be;12.06.2025 15:32:39;01.01.2025 00:00:00;2025;40050408;Sætre;4005;Notodden;275;128;147;Notodden;59,568172265000044;9,273415348000071;308,000000000000000
40050409;9eb78f5a-a3ea-4518-b3dc-09b59f3bcf95;12.06.2025 15:32:39;01.01.2025 00:00:00;2025;40050409;Høibødalen;4005;Notodden;256;132;124;Notodden;59,565490152000052;9,275518746000046;309,000000000000000
40050410;45f6dde9-d7e2-4bc2-91ec-85616b650b89;12.06.2025 15:32:37;01.01.2025 00:00:00;2025;40050410;Høibøkåsa;4005;Notodden;210;108;102;Notodden;59,567163335000032;9,282415940000021;310,000000000000000
40050411;abd7f14c-219f-4cad-922b-c184cc0a25be;12.06.2025 15:32:35;01.01.2025 00:00:00;2025;40050411;Høibøjordet;4005;Notodden;579;282;297;Notodden;59,563386193000042;9,286297101000059;311,000000000000000
40050501;2d7d7552-841c-4e11-b87d-3a29066c0033;12.06.2025 15:32:36;01.01.2025 00:00:00;2025;40050501;Sentrum sør;4005;Notodden;449;224;225;Notodden;59,558704249000073;9,258777664000036;312,000000000000000
40050502;1c399698-520e-45ac-843b-e6835df6ecb2;12.06.2025 15:32:36;01.01.2025 00:00:00;2025;40050502;Sentrum nord;4005;Notodden;613;268;345;Notodden;59,563297011000031;9,264890319000074;313,000000000000000
40050503;3170999c-994e-437c-98a5-da2aac8f2e84;12.06.2025 15:32:39;01.01.2025 00:00:00;2025;40050503;Hvåla;4005;Notodden;300;146;154;Notodden;59,562358895000045;9,273187536000023;314,000000000000000
40050504;15effbd8-b79d-4e5d-89ec-a36f832d02e9;12.06.2025 15:32:36;01.01.2025 00:00:00;2025;40050504;Tinnebyen;4005;Notodden;308;150;158;Notodden;59,562551963000033;9,277589260000070;315,000000000000000
40050505;4caf860c-78a3-401a-9c02-31fa3c9e4950;12.06.2025 15:32:39;01.01.2025 00:00:00;2025;40050505;Tinne;4005;Notodden;539;276;263;Notodden;59,559444575000043;9,277022733000024;316,000000000000000
40050506;e3ff9663-590a-4ab5-b957-d4a9602834a1;12.06.2025 15:32:39;01.01.2025 00:00:00;2025;40050506;Tveiten sør;4005;Notodden;276;139;137;Notodden;59,551579419000063;9,281737461000034;317,000000000000000
40050507;ea35a048-50d8-4249-ad4d-5c2db1ed31bd;12.06.2025 15:32:39;01.01.2025 00:00:00;2025;40050507;Tveiten nord;4005;Notodden;420;200;220;Notodden;59,554648846000077;9,283192681000060;318,000000000000000
40050508;36864295-5266-4ec5-821e-fc4a3c0bd8e9;12.06.2025 15:32:31;01.01.2025 00:00:00;2025;40050508;Ramberg;4005;Notodden;146;72;74;Notodden;59,534296720000043;9,301563146000035;319,000000000000000
40050601;2120cc2f-b0fe-42cb-8659-193c5abb2969;12.06.2025 15:32:39;01.01.2025 00:00:00;2025;40050601;Høgås nedre;4005;Notodden;372;170;202;Notodden;59,568397156000060;9,295661491000033;320,000000000000000
40050602;42da8c7f-c3fe-4628-8ee0-cad8f564fc2d;12.06.2025 15:32:37;01.01.2025 00:00:00;2025;40050602;Høgås midtre;4005;Notodden;362;182;180;Notodden;59,564359307000075;9,301423887000055;321,000000000000000
40050603;5dd78b0b-8c92-48e0-b3ab-169f8f8ef44e;12.06.2025 15:32:35;01.01.2025 00:00:00;2025;40050603;Høgås øvre;4005;Notodden;222;113;109;Notodden;59,561208961000034;9,302249255000049;322,000000000000000
40050604;089aab9c-5d2f-4812-8841-7be2ea864477;12.06.2025 15:32:39;01.01.2025 00:00:00;2025;40050604;Nybuåsen;4005;Notodden;55;27;28;Notodden;59,576083351000079;9,313903297000024;323,000000000000000
40050605;4619c3fd-f564-41f2-923f-65864cf265ba;12.06.2025 15:32:39;01.01.2025 00:00:00;2025;40050605;Andgard;4005;Notodden;335;176;159;Notodden;59,511883552000029;9,322852180000041;324,000000000000000
40050606;c7cf4525-f6c1-4c39-b64d-a57eb939c07e;12.06.2025 15:32:33;01.01.2025 00:00:00;2025;40050606;Hjuksebø;4005;Notodden;100;51;49;Notodden;59,493447382000056;9,328036956000062;325,000000000000000
40100101;d3840bac-07c2-4470-8c2c-00c19bc718c5;12.06.2025 15:32:36;01.01.2025 00:00:00;2025;40100101;Grorud;4010;Siljan;17;12;5;Siljan;59,365765084000031;9,671541320000074;326,000000000000000
40100102;0cb668a6-9863-40ef-99b6-586b0a8f4b75;12.06.2025 15:32:37;01.01.2025 00:00:00;2025;40100102;Opdalen;4010;Siljan;237;128;109;Siljan;59,314362671000083;9,654630639000061;327,000000000000000
40100103;755b89b5-388b-4c91-80fd-1159cd6e3c51;12.06.2025 15:32:39;01.01.2025 00:00:00;2025;40100103;Skilbred-Holte;4010;Siljan;329;153;176;Siljan;59,276146889000074;9,702285991000053;328,000000000000000
40100104;2ed5a7dc-1142-4245-8843-3ea3bb70e5d9;12.06.2025 15:32:38;01.01.2025 00:00:00;2025;40100104;Bakkane-Solvika;4010;Siljan;690;364;326;Siljan;59,268630334000079;9,705482725000024;329,000000000000000
40100105;b418695c-d65a-4dd0-899e-ad2007816cce;12.06.2025 15:32:34;01.01.2025 00:00:00;2025;40100105;Kløverød;4010;Siljan;329;177;152;Siljan;59,291351661000078;9,708086288000061;330,000000000000000
40100106;8e955527-550b-47e9-84ce-727b9ed51148;12.06.2025 15:32:32;01.01.2025 00:00:00;2025;40100106;Øverbø;4010;Siljan;178;83;95;Siljan;59,283378633000041;9,737220923000052;331,000000000000000
40100107;b089bbc3-3475-4310-b722-211159cc723c;12.06.2025 15:32:32;01.01.2025 00:00:00;2025;40100107;Gurholt;4010;Siljan;59;31;28;Siljan;59,272583145000056;9,742649558000039;332,000000000000000
40100108;91d29982-bb54-4927-a2c3-f7b3bbd971b1;12.06.2025 15:32:34;01.01.2025 00:00:00;2025;40100108;Serkland;4010;Siljan;332;164;168;Siljan;59,274201856000047;9,728140748000044;333,000000000000000
40100109;9291bfef-7b98-4427-82b0-acf7cb946485;12.06.2025 15:32:33;01.01.2025 00:00:00;2025;40100109;Austad-Moholt;4010;Siljan;218;113;105;Siljan;59,243019052000079;9,800274982000076;334,000000000000000
40120101;fad0dc98-6657-4466-9ff2-99dd4c35ba1f;12.06.2025 15:32:33;01.01.2025 00:00:00;2025;40120101;Herre;4012;Bamble;1297;681;616;Stathelle;59,104892070000062;9,556694678000042;335,000000000000000
40120201;db3b7d9a-3b92-45e1-bdf5-5a2efea7e403;12.06.2025 15:32:32;01.01.2025 00:00:00;2025;40120201;Asdal;4012;Bamble;326;175;151;Stathelle;59,061947865000036;9,614334703000054;336,000000000000000
40120202;4407f2de-06ce-40b3-b96d-1483fb79a5ba;12.06.2025 15:32:32;01.01.2025 00:00:00;2025;40120202;Torsdal-Nenset;4012;Bamble;123;59;64;Stathelle;59,018568056000049;9,583681020000029;337,000000000000000
40120203;8db5fcdc-789c-4449-ac9c-f2901858434b;12.06.2025 15:32:31;01.01.2025 00:00:00;2025;40120203;Findal;4012;Bamble;576;303;273;Stathelle;59,040325615000029;9,649138820000076;338,000000000000000
40120204;476ce03d-00f0-4848-9128-5aba36cb22d9;12.06.2025 15:32:39;01.01.2025 00:00:00;2025;40120204;Omborsnes;4012;Bamble;958;487;471;Stathelle;59,044516209000051;9,666064316000075;339,000000000000000
40120205;dde185f3-3a85-4a69-b269-65684a9f76a1;12.06.2025 15:32:38;01.01.2025 00:00:00;2025;40120205;Stein;4012;Bamble;285;158;127;Stathelle;59,004840065000053;9,668660732000035;340,000000000000000
40120301;d86da4dc-3f27-45d1-a86f-22c28c7f3397;12.06.2025 15:32:34;01.01.2025 00:00:00;2025;40120301;Stathelle;4012;Bamble;511;260;251;Stathelle;59,044401789000062;9,698603606000063;341,000000000000000
40120302;c14edb21-edcb-4d5f-aa9f-519743b8c4d7;12.06.2025 15:32:34;01.01.2025 00:00:00;2025;40120302;Krabberødstrand;4012;Bamble;475;220;255;Stathelle;59,047698359000037;9,685354715000074;342,000000000000000
40120303;45f5f559-eb72-4695-9e59-cc0d97edac92;12.06.2025 15:32:33;01.01.2025 00:00:00;2025;40120303;Krabberød;4012;Bamble;892;439;453;Stathelle;59,043087442000058;9,689796613000055;343,000000000000000
40120304;b8194a81-0ca9-4815-a1f1-28f2bc03810e;12.06.2025 15:32:37;01.01.2025 00:00:00;2025;40120304;Eikstrand;4012;Bamble;700;355;345;Stathelle;59,037481449000040;9,708347690000039;344,000000000000000
40120305;23df46d5-573b-447b-b2e4-f9f89fbf19a9;12.06.2025 15:32:35;01.01.2025 00:00:00;2025;40120305;Eik;4012;Bamble;1106;559;547;Stathelle;59,029461040000058;9,718043356000067;345,000000000000000
40120306;a964dc41-9b98-4624-acd7-5c2ffb9c7357;12.06.2025 15:32:32;01.01.2025 00:00:00;2025;40120306;Grasmyr;4012;Bamble;1546;744;802;Stathelle;59,029043583000032;9,704938085000038;346,000000000000000
40120401;c624fe2d-a54e-47d5-9b3d-96c51a9ae3b5;12.06.2025 15:32:37;01.01.2025 00:00:00;2025;40120401;Vaterland;4012;Bamble;500;240;260;Stathelle;58,998603906000028;9,751106111000070;347,000000000000000
40120402;7ed772f0-992d-44ca-9b3e-b325b2774d3e;12.06.2025 15:32:34;01.01.2025 00:00:00;2025;40120402;Sota;4012;Bamble;317;155;162;Stathelle;58,998661373000061;9,746760895000023;348,000000000000000
40120403;b9394ed8-57df-48f8-8b41-ea02ace3c476;12.06.2025 15:32:34;01.01.2025 00:00:00;2025;40120403;Slaattenes;4012;Bamble;568;278;290;Stathelle;59,003281532000074;9,739659926000058;349,000000000000000
40120404;c4f9a379-d0c5-44fe-a9b3-b41a81208d67;12.06.2025 15:32:39;01.01.2025 00:00:00;2025;40120404;Skarpenord;4012;Bamble;607;295;312;Stathelle;59,006923127000050;9,744027724000034;350,000000000000000
40120405;0a440ae5-162b-4063-a6b1-59a4a43ca377;12.06.2025 15:32:38;01.01.2025 00:00:00;2025;40120405;Fagerheim;4012;Bamble;790;386;404;Stathelle;59,015537068000071;9,740296858000022;351,000000000000000
40120406;5ec9ae41-2dcf-4efd-9d85-d964b92c025c;12.06.2025 15:32:34;01.01.2025 00:00:00;2025;40120406;Nustad;4012;Bamble;1192;609;583;Stathelle;59,013531347000082;9,726756236000028;352,000000000000000
40120501;fe0954cc-f3d6-490f-a10e-be11e40d804f;12.06.2025 15:32:39;01.01.2025 00:00:00;2025;40120501;Rørholt;4012;Bamble;76;42;34;Stathelle;58,996407348000048;9,391437930000052;353,000000000000000
40120502;b3f09da5-22a3-4c9e-8083-56d963f96a2c;12.06.2025 15:32:39;01.01.2025 00:00:00;2025;40120502;Dørdal;4012;Bamble;65;40;25;Stathelle;58,959064225000077;9,455714734000026;354,000000000000000
40120503;5dbb7a2b-6d56-4e24-8e15-b64f4fe5201c;12.06.2025 15:32:37;01.01.2025 00:00:00;2025;40120503;Bleikelia;4012;Bamble;108;61;47;Stathelle;58,949429778000081;9,509168528000032;355,000000000000000
40120504;6c54a5f9-c6f4-46e4-aeb4-8e4d37566aa1;12.06.2025 15:32:39;01.01.2025 00:00:00;2025;40120504;Rønholt;4012;Bamble;589;313;276;Stathelle;58,971693495000068;9,569720201000052;356,000000000000000
40120505;61ced01e-1699-48dc-ac2d-1d2971a4c988;12.06.2025 15:32:38;01.01.2025 00:00:00;2025;40120505;Valle;4012;Bamble;203;100;103;Stathelle;58,934044713000048;9,564089773000035;357,000000000000000
40120506;aac9edc4-d075-432a-9b4d-bea661c6feea;12.06.2025 15:32:39;01.01.2025 00:00:00;2025;40120506;Kjørstad;4012;Bamble;237;126;111;Stathelle;58,950403533000042;9,605803026000046;358,000000000000000
40120507;27304104-d9a2-4016-adc0-f79ddc7a06b0;12.06.2025 15:32:38;01.01.2025 00:00:00;2025;40120507;Brevikstrand;4012;Bamble;248;109;139;Stathelle;58,972011197000029;9,645297770000070;359,000000000000000
40140101;a475e8fe-d3ec-4134-9d44-c450112a96ed;12.06.2025 15:32:36;01.01.2025 00:00:00;2025;40140101;Kjølebrønd-Lindheim;4014;Kragerø;157;80;77;Kragerø;58,834580928000037;9,276603106000039;360,000000000000000
40140102;deeb1633-5355-4deb-b0d1-9fe77e04fafe;12.06.2025 15:32:39;01.01.2025 00:00:00;2025;40140102;Mo;4014;Kragerø;330;171;159;Kragerø;58,895069837000051;9,270104713000023;361,000000000000000
40140103;a19b1be1-c812-4932-a03b-635131c78dc5;12.06.2025 15:32:39;01.01.2025 00:00:00;2025;40140103;Levang;4014;Kragerø;138;74;64;Kragerø;58,793819294000059;9,372994130000052;362,000000000000000
40140104;85c1de01-387b-47d4-9738-28d6e5a63ede;12.06.2025 15:32:37;01.01.2025 00:00:00;2025;40140104;Støle;4014;Kragerø;109;52;57;Kragerø;58,817927137000027;9,379729634000057;363,000000000000000
40140105;5f4c0d55-27f8-4e87-9da5-86f68f562807;12.06.2025 15:32:34;01.01.2025 00:00:00;2025;40140105;Myra;4014;Kragerø;214;105;109;Kragerø;58,841641310000057;9,406308300000035;364,000000000000000
40140201;9da6f36d-a01e-472e-9d93-3def48897cc8;12.06.2025 15:32:37;01.01.2025 00:00:00;2025;40140201;Kil;4014;Kragerø;887;438;449;Kragerø;58,894370530000060;9,296688568000036;365,000000000000000
40140202;8b7d950b-5510-478a-aebc-cb3148a2e2de;12.06.2025 15:32:38;01.01.2025 00:00:00;2025;40140202;Sannidal;4014;Kragerø;187;89;98;Kragerø;58,899355213000035;9,320742654000071;366,000000000000000
40140203;f7edac5b-1275-4cd5-810a-b3afe4c0be6e;12.06.2025 15:32:32;01.01.2025 00:00:00;2025;40140203;Vadfoss;4014;Kragerø;778;392;386;Kragerø;58,896930769000051;9,358821351000074;367,000000000000000
40140204;a5907213-7ffd-430c-8ca7-0188cf202501;12.06.2025 15:32:37;01.01.2025 00:00:00;2025;40140204;Aarø;4014;Kragerø;428;226;202;Kragerø;58,889314832000082;9,363397860000021;368,000000000000000
40140205;43eb49b4-699d-4e8e-8302-036faf295461;12.06.2025 15:32:37;01.01.2025 00:00:00;2025;40140205;Holtane;4014;Kragerø;152;81;71;Kragerø;58,925456934000067;9,322877251000023;369,000000000000000
40140206;b5498f76-916d-4d12-9899-2ac4d237160c;12.06.2025 15:32:36;01.01.2025 00:00:00;2025;40140206;Farsjø;4014;Kragerø;175;93;82;Kragerø;58,949025746000075;9,324197498000046;370,000000000000000
40140301;73b0e947-c46a-4ba9-aceb-88eebfb0a038;12.06.2025 15:32:37;01.01.2025 00:00:00;2025;40140301;Helle;4014;Kragerø;559;265;294;Kragerø;58,902827504000072;9,377104962000033;371,000000000000000
40140302;5e0177f2-f500-42e2-b211-6f5b4e20c01d;12.06.2025 15:32:39;01.01.2025 00:00:00;2025;40140302;Skarbo;4014;Kragerø;334;176;158;Kragerø;58,906746532000057;9,407288382000047;372,000000000000000
40140303;21c6e29b-d1fc-4614-a2e7-c9e4bfb60b54;12.06.2025 15:32:33;01.01.2025 00:00:00;2025;40140303;Fossing;4014;Kragerø;53;27;26;Kragerø;58,927434862000041;9,469849334000060;373,000000000000000
40140304;5635f2ca-78a3-495f-81df-d4f01b04fa7e;12.06.2025 15:32:37;01.01.2025 00:00:00;2025;40140304;Langøy-Gumøy;4014;Kragerø;52;29;23;Kragerø;58,898381131000065;9,504658229000029;374,000000000000000
40140305;88062282-8ee2-4e6a-9f75-8919884e2827;12.06.2025 15:32:38;01.01.2025 00:00:00;2025;40140305;Jomfruland;4014;Kragerø;56;29;27;Kragerø;58,858944341000040;9,581869668000024;375,000000000000000
40140306;5d108ccc-b458-4661-b579-cbeb023925db;12.06.2025 15:32:39;01.01.2025 00:00:00;2025;40140306;Bråtøy-Skåtøy-Bærøy;4014;Kragerø;191;104;87;Kragerø;58,857908920000057;9,486256096000034;376,000000000000000
40140401;a9fae954-b444-4cda-90fc-33bb7cd5fcfb;12.06.2025 15:32:33;01.01.2025 00:00:00;2025;40140401;Tåtøy-Furuholmen;4014;Kragerø;127;70;57;Kragerø;58,858310353000036;9,399078719000045;377,000000000000000
40140402;6640bbde-9713-40b4-8528-a54b345f89c6;12.06.2025 15:32:36;01.01.2025 00:00:00;2025;40140402;Rørvik;4014;Kragerø;867;438;429;Kragerø;58,866961792000041;9,389958113000034;378,000000000000000
40140403;4fdb5f3b-f57e-4d6e-aac6-10e69dfb1637;12.06.2025 15:32:35;01.01.2025 00:00:00;2025;40140403;Nordre Kalstad;4014;Kragerø;824;409;415;Kragerø;58,870580764000067;9,376042231000042;379,000000000000000
40140404;bd16133d-b0f6-4c97-87b9-40eace088cbb;12.06.2025 15:32:35;01.01.2025 00:00:00;2025;40140404;Kalstad-Frydensborg;4014;Kragerø;409;194;215;Kragerø;58,872536953000065;9,396710083000073;380,000000000000000
40140405;d12e5c3d-577f-4977-8bd7-c3d555c98e70;12.06.2025 15:32:38;01.01.2025 00:00:00;2025;40140405;Kalstadkilen;4014;Kragerø;383;188;195;Kragerø;58,876693028000034;9,394124261000059;381,000000000000000
40140406;df50f2ca-0f9f-4f98-89a0-3a13bbcb1225;12.06.2025 15:32:38;01.01.2025 00:00:00;2025;40140406;Valberg;4014;Kragerø;175;95;80;Kragerø;58,885544233000076;9,395681334000074;382,000000000000000
40140501;5507ebe5-7bb7-484d-9ed2-90d618d12cd9;12.06.2025 15:32:38;01.01.2025 00:00:00;2025;40140501;Øya;4014;Kragerø;218;120;98;Kragerø;58,866408620000072;9,417137990000072;383,000000000000000
40140502;9e3db14a-28a5-44de-8977-354cbf6cd48c;12.06.2025 15:32:38;01.01.2025 00:00:00;2025;40140502;Hovedbyen;4014;Kragerø;486;239;247;Kragerø;58,869846181000071;9,412626202000069;384,000000000000000
40140503;f248ebf3-0551-4989-bda4-0ae1c287ce1c;12.06.2025 15:32:35;01.01.2025 00:00:00;2025;40140503;Havna-Smedsbukta;4014;Kragerø;557;251;306;Kragerø;58,865515802000061;9,405019647000074;385,000000000000000
40140504;97a1648b-e6c0-4a6b-afc7-2227e1718f2f;12.06.2025 15:32:39;01.01.2025 00:00:00;2025;40140504;Løkka-Ths.heia;4014;Kragerø;515;237;278;Kragerø;58,868730322000033;9,405069475000062;386,000000000000000
40140505;540adc16-942a-4399-84ea-d1faa23979a9;12.06.2025 15:32:37;01.01.2025 00:00:00;2025;40140505;Bjørnebyen;4014;Kragerø;517;252;265;Kragerø;58,870180667000056;9,399590011000043;387,000000000000000
40140506;7d94bdd1-48cb-4765-8260-c37e31404522;12.06.2025 15:32:33;01.01.2025 00:00:00;2025;40140506;Bakken-Tangen;4014;Kragerø;561;274;287;Kragerø;58,874545093000052;9,411564801000054;388,000000000000000
40160101;e39cd428-53bf-4125-9b43-8440d0118882;12.06.2025 15:32:37;01.01.2025 00:00:00;2025;40160101;Bustrak;4016;Drangedal;229;114;115;Drangedal;59,110381752000080;8,883513870000058;389,000000000000000
40160102;8cf4f587-3e7d-45a9-94ec-1f1464f427b7;12.06.2025 15:32:35;01.01.2025 00:00:00;2025;40160102;Lia;4016;Drangedal;29;17;12;Drangedal;59,069012060000034;8,778809266000053;390,000000000000000
40160103;a6bc15fb-009c-4a2d-8a3a-2daf24d8dd81;12.06.2025 15:32:36;01.01.2025 00:00:00;2025;40160103;Bø;4016;Drangedal;202;105;97;Drangedal;59,154432878000080;8,808581656000058;391,000000000000000
40160104;582f37ca-e3cc-4bbd-a4a7-ba33649b9f3b;12.06.2025 15:32:37;01.01.2025 00:00:00;2025;40160104;Lone;4016;Drangedal;99;55;44;Drangedal;59,206740160000038;8,781350020000048;392,000000000000000
40160105;8593747f-78af-4f0d-8f11-a5ea13750f74;12.06.2025 15:32:36;01.01.2025 00:00:00;2025;40160105;Tørdal;4016;Drangedal;54;33;21;Drangedal;59,219105504000026;8,703913638000074;393,000000000000000
40160106;406104c8-2e94-43e6-a044-887809ae0e68;12.06.2025 15:32:38;01.01.2025 00:00:00;2025;40160106;Homleid;4016;Drangedal;60;29;31;Drangedal;59,238803682000082;8,780970844000024;394,000000000000000
40160201;7d78459d-4f52-48f0-b360-4459ca7bf540;12.06.2025 15:32:37;01.01.2025 00:00:00;2025;40160201;Singusdal;4016;Drangedal;28;15;13;Drangedal;59,192456579000066;8,957634416000076;395,000000000000000
40160202;9ec9127e-f88f-481d-b9b0-8aeab70bd886;12.06.2025 15:32:33;01.01.2025 00:00:00;2025;40160202;Åkre-Sætre;4016;Drangedal;198;115;83;Drangedal;59,151962297000068;9,013400225000055;396,000000000000000
40160203;9ebb3b3d-8a0b-4246-8db1-4cd0948e6952;12.06.2025 15:32:35;01.01.2025 00:00:00;2025;40160203;Nakksjø;4016;Drangedal;3;;;Drangedal;59,185915151000074;9,092354192000073;397,000000000000000
40160204;22803824-125b-412c-bc5e-2c59fd3424de;12.06.2025 15:32:39;01.01.2025 00:00:00;2025;40160204;Tveit;4016;Drangedal;105;58;47;Drangedal;59,127313607000076;9,089973756000063;398,000000000000000
40160205;449b5e09-70ac-4156-b00c-488d0bbd00da;12.06.2025 15:32:37;01.01.2025 00:00:00;2025;40160205;Oseid;4016;Drangedal;4;;;Drangedal;59,128033974000061;8,988141538000036;399,000000000000000
40160206;c25998ef-5436-4fcc-97ca-6793b6001652;12.06.2025 15:32:36;01.01.2025 00:00:00;2025;40160206;Solberg;4016;Drangedal;75;41;34;Drangedal;59,102670207000074;9,081392914000048;400,000000000000000
40160207;8ed508a7-ecaa-40c4-b7c4-3ba22c198907;12.06.2025 15:32:39;01.01.2025 00:00:00;2025;40160207;Preststranda;4016;Drangedal;1366;651;715;Drangedal;59,096096301000046;9,056562415000030;401,000000000000000
40160208;4382fc84-5345-442e-a15d-a4ec365867e7;12.06.2025 15:32:34;01.01.2025 00:00:00;2025;40160208;Tørnes;4016;Drangedal;111;60;51;Drangedal;59,094217221000065;9,004086476000055;402,000000000000000
40160209;ddf448f4-a1d9-4a09-9ec4-ba59309a67d7;12.06.2025 15:32:36;01.01.2025 00:00:00;2025;40160209;Voje;4016;Drangedal;121;63;58;Drangedal;59,061849646000042;9,079243270000063;403,000000000000000
40160210;e65555fc-3e50-4117-b43b-88a409fa7b49;12.06.2025 15:32:38;01.01.2025 00:00:00;2025;40160210;Straume;4016;Drangedal;39;23;16;Drangedal;59,057372946000044;9,136363938000045;404,000000000000000
40160211;e3031210-3d9e-4ea6-92dd-dec3be17b610;12.06.2025 15:32:34;01.01.2025 00:00:00;2025;40160211;Henneseid;4016;Drangedal;134;72;62;Drangedal;59,061024837000048;9,206417902000055;405,000000000000000
40160212;9ecb9f4c-5b8a-4118-abde-3c24a6091f96;12.06.2025 15:32:38;01.01.2025 00:00:00;2025;40160212;Sannes;4016;Drangedal;30;15;15;Drangedal;59,055107270000065;9,308886213000051;406,000000000000000
40160301;e5f193d9-66cb-4a1c-a036-5e54551316ac;12.06.2025 15:32:36;01.01.2025 00:00:00;2025;40160301;Vefall;4016;Drangedal;44;20;24;Drangedal;59,026491700000065;9,198621455000023;407,000000000000000
40160302;9b38a2f7-d73a-47b0-b6a1-a2f9fcb7d76f;12.06.2025 15:32:38;01.01.2025 00:00:00;2025;40160302;Helldøla;4016;Drangedal;132;70;62;Drangedal;58,988166945000046;9,208193733000030;408,000000000000000
40160303;f81d3225-4cea-4a94-8cbb-da26e2c3892d;12.06.2025 15:32:37;01.01.2025 00:00:00;2025;40160303;Neslandsvatn;4016;Drangedal;565;265;300;Drangedal;58,966966686000035;9,153223096000033;409,000000000000000
40160304;a7f6a200-d1a5-4421-94ad-bc352129a256;12.06.2025 15:32:36;01.01.2025 00:00:00;2025;40160304;Brodsjø;4016;Drangedal;435;227;208;Drangedal;58,924039500000049;9,148804264000034;410,000000000000000
40180101;e6722639-8d92-416b-80c1-dd3afa4f6e06;12.06.2025 15:32:35;01.01.2025 00:00:00;2025;40180101;Ulsnes-Røimål;4018;Nome;38;22;16;Midt-Telemark;59,317786254000055;8,994244248000030;411,000000000000000
40180102;64b190ee-6577-48f8-aa83-8a6c323fa879;12.06.2025 15:32:37;01.01.2025 00:00:00;2025;40180102;Flåm;4018;Nome;129;68;61;Midt-Telemark;59,322068019000028;8,992054131000032;412,000000000000000
40180103;c8af974e-00ad-47ee-8a0e-05072f79eb89;12.06.2025 15:32:33;01.01.2025 00:00:00;2025;40180103;Kleppe;4018;Nome;222;119;103;Midt-Telemark;59,353504272000066;9,068675184000028;413,000000000000000
40180104;8fe7a505-3e7d-4ea4-a906-3b9a7ef1b8f5;12.06.2025 15:32:35;01.01.2025 00:00:00;2025;40180104;Svenseid;4018;Nome;214;112;102;Midt-Telemark;59,332425706000038;9,098821308000026;414,000000000000000
40180105;8aeb3ec5-6385-4b2c-a17e-87a3364c9c5a;12.06.2025 15:32:36;01.01.2025 00:00:00;2025;40180105;Funnemark;4018;Nome;124;63;61;Midt-Telemark;59,310843220000038;9,169379543000048;415,000000000000000
40180106;af5c246c-a64b-4bd2-90fc-deabe7d891cc;12.06.2025 15:32:37;01.01.2025 00:00:00;2025;40180106;Lunde kyrkje;4018;Nome;128;67;61;Midt-Telemark;59,312751113000047;9,106602636000048;416,000000000000000
40180107;14bbc662-83f6-40c4-b70c-e2337ee8d264;12.06.2025 15:32:36;01.01.2025 00:00:00;2025;40180107;Stokken;4018;Nome;232;114;118;Midt-Telemark;59,305279726000037;9,089411377000033;417,000000000000000
40180108;60a2b0d1-f2ac-40b9-9a03-e44f1e61e030;12.06.2025 15:32:38;01.01.2025 00:00:00;2025;40180108;Kjeldal;4018;Nome;129;68;61;Midt-Telemark;59,293877880000082;9,054880740000044;418,000000000000000
40180109;d6df5cb5-6970-46dd-b601-7d423f2c6b47;12.06.2025 15:32:34;01.01.2025 00:00:00;2025;40180109;Hanto;4018;Nome;87;39;48;Midt-Telemark;59,290570603000049;9,083390031000022;419,000000000000000
40180110;a5044074-096e-4bbf-9c92-ca25563db465;12.06.2025 15:32:36;01.01.2025 00:00:00;2025;40180110;Bjerva;4018;Nome;1446;691;755;Midt-Telemark;59,294776712000044;9,106738434000022;420,000000000000000
40180111;3cb7367b-193b-4001-98cb-7b0a452841e3;12.06.2025 15:32:38;01.01.2025 00:00:00;2025;40180111;Landsmarka;4018;Nome;49;25;24;Midt-Telemark;59,237392060000047;9,166406494000057;421,000000000000000
40180201;b109d532-3613-4028-9c25-39bb1bc8122d;12.06.2025 15:32:39;01.01.2025 00:00:00;2025;40180201;Sandnes;4018;Nome;351;175;176;Skien;59,294175635000045;9,256601658000022;422,000000000000000
40180202;73452c7b-757c-474f-9bb1-2209cea858e9;12.06.2025 15:32:33;01.01.2025 00:00:00;2025;40180202;Dagsrud;4018;Nome;253;132;121;Skien;59,291191052000045;9,199294571000053;423,000000000000000
40180203;6ba60699-ce13-4148-8ec2-a0e06b0bc5bf;12.06.2025 15:32:32;01.01.2025 00:00:00;2025;40180203;Heisholt;4018;Nome;256;136;120;Skien;59,282068490000029;9,234818684000061;424,000000000000000
40180204;f43505fa-b453-4401-8523-39e4d9e67e02;12.06.2025 15:32:34;01.01.2025 00:00:00;2025;40180204;Holla gård;4018;Nome;774;393;381;Skien;59,271049306000066;9,260492985000042;425,000000000000000
40180205;48ae6982-24af-48c2-a48b-bfd2843f5f39;12.06.2025 15:32:34;01.01.2025 00:00:00;2025;40180205;Ulefoss;4018;Nome;952;454;498;Skien;59,278603339000028;9,264482919000045;426,000000000000000
40180301;1cb80b8f-6ea8-4b74-a2e7-da7541f613e2;12.06.2025 15:32:38;01.01.2025 00:00:00;2025;40180301;Fen;4018;Nome;752;383;369;Skien;59,272503433000054;9,293142688000046;427,000000000000000
40180302;009f346a-9b3c-406d-ab20-873c9ab95d15;12.06.2025 15:32:39;01.01.2025 00:00:00;2025;40180302;Kolstad;4018;Nome;162;90;72;Skien;59,268205452000075;9,350282766000021;428,000000000000000
40180303;92f629b3-21b4-4c40-aecb-0931855440b4;12.06.2025 15:32:37;01.01.2025 00:00:00;2025;40180303;Hjelset;4018;Nome;251;136;115;Skien;59,248307495000063;9,373575398000071;429,000000000000000
40200101;dbc6f983-1472-4d79-8ff1-2703e72dbbca;12.06.2025 15:32:37;01.01.2025 00:00:00;2025;40200101;Øvre Bø;4020;Midt-Telemark;157;91;66;Midt-Telemark;59,412680525000042;8,918957686000056;430,000000000000000
40200102;d482a6f5-46e0-450a-b998-9f253c481065;12.06.2025 15:32:34;01.01.2025 00:00:00;2025;40200102;Forberg 1;4020;Midt-Telemark;367;169;198;Midt-Telemark;59,413039462000029;9,007358369000031;431,000000000000000
40200103;576d6b3e-3215-454b-bfff-7b11a6b20cce;12.06.2025 15:32:32;01.01.2025 00:00:00;2025;40200103;Verpe;4020;Midt-Telemark;157;86;71;Midt-Telemark;59,424302649000083;8,898216292000029;432,000000000000000
40200104;b26f48e2-ac59-4c60-bdee-993f9db523e8;12.06.2025 15:32:38;01.01.2025 00:00:00;2025;40200104;Vreim;4020;Midt-Telemark;200;107;93;Midt-Telemark;59,424007942000060;8,987273125000058;433,000000000000000
40200105;b23ff636-aca8-408e-a72a-afbc2876f602;12.06.2025 15:32:39;01.01.2025 00:00:00;2025;40200105;Oterholt;4020;Midt-Telemark;428;213;215;Midt-Telemark;59,435481786000082;9,031026554000050;434,000000000000000
40200106;395af44e-a780-4d21-becc-097164c8be17;12.06.2025 15:32:35;01.01.2025 00:00:00;2025;40200106;Folkestad 1;4020;Midt-Telemark;330;149;181;Midt-Telemark;59,444802970000069;9,058039726000061;435,000000000000000
40200107;9cd92ea6-ae65-480b-8bf3-e71400efa79c;12.06.2025 15:32:34;01.01.2025 00:00:00;2025;40200107;Folkestad 2;4020;Midt-Telemark;296;165;131;Midt-Telemark;59,443745425000031;9,079389999000057;436,000000000000000
40200108;17d13feb-a2b0-4514-bb4b-9ecd22972d74;12.06.2025 15:32:33;01.01.2025 00:00:00;2025;40200108;Vatnar;4020;Midt-Telemark;131;70;61;Midt-Telemark;59,494648113000039;9,116409482000051;437,000000000000000
40200109;e0f3536d-4728-4f4c-8d35-cddec88d9ca3;12.06.2025 15:32:33;01.01.2025 00:00:00;2025;40200109;Valen;4020;Midt-Telemark;261;136;125;Midt-Telemark;59,426013972000078;9,106957192000039;438,000000000000000
40200201;f0fd0c5e-c286-46d5-ab96-ce3f27a3c8b5;12.06.2025 15:32:36;01.01.2025 00:00:00;2025;40200201;Eikjabygda 1;4020;Midt-Telemark;174;91;83;Midt-Telemark;59,381138660000033;9,024853859000075;439,000000000000000
40200202;299edcac-77f2-456b-9745-c0378a2a441d;12.06.2025 15:32:35;01.01.2025 00:00:00;2025;40200202;Bø;4020;Midt-Telemark;1209;609;600;Midt-Telemark;59,413776102000043;9,065670826000030;440,000000000000000
40200203;d65c76a5-2cf8-4b85-a38d-ee3f832e8c42;12.06.2025 15:32:35;01.01.2025 00:00:00;2025;40200203;Langkåshaugen 2;4020;Midt-Telemark;635;315;320;Midt-Telemark;59,420103066000081;9,057316756000034;441,000000000000000
40200204;158485d4-a32e-40ff-8c33-0a4d2d480f81;12.06.2025 15:32:31;01.01.2025 00:00:00;2025;40200204;Sandvin-Røysum-Lia;4020;Midt-Telemark;412;214;198;Midt-Telemark;59,412552270000049;9,081674078000049;442,000000000000000
40200205;fb21e149-3983-4cff-8d2c-d0ed54bc9a61;12.06.2025 15:32:35;01.01.2025 00:00:00;2025;40200205;Breisås 1;4020;Midt-Telemark;556;274;282;Midt-Telemark;59,407408243000077;9,072736191000047;443,000000000000000
40200206;7ea47c85-4d06-405a-85dc-ae1b739826a5;12.06.2025 15:32:35;01.01.2025 00:00:00;2025;40200206;Breisås 2;4020;Midt-Telemark;310;142;168;Midt-Telemark;59,406200430000069;9,079193436000025;444,000000000000000
40200207;2ac656af-8773-4a8a-87a4-8773d9985179;12.06.2025 15:32:34;01.01.2025 00:00:00;2025;40200207;Breisås-Borgja;4020;Midt-Telemark;823;411;412;Midt-Telemark;59,401650149000034;9,071276829000055;445,000000000000000
40200208;f6ad74fb-61a1-4dfe-a0fd-2b3e37216ac0;12.06.2025 15:32:38;01.01.2025 00:00:00;2025;40200208;Flatin;4020;Midt-Telemark;121;53;68;Midt-Telemark;59,408412362000036;9,116390737000074;446,000000000000000
40200209;1042d8c7-217e-4b88-b91f-105bd370b938;12.06.2025 15:32:32;01.01.2025 00:00:00;2025;40200209;Langkåshaugen 1;4020;Midt-Telemark;76;41;35;Midt-Telemark;59,425674064000077;9,050966922000043;447,000000000000000
40200210;927ffa1b-d53c-4a26-a869-d0254ba961eb;12.06.2025 15:32:39;01.01.2025 00:00:00;2025;40200210;Eikjabygda 2;4020;Midt-Telemark;515;250;265;Midt-Telemark;59,401978219000057;9,039468284000066;448,000000000000000
40200211;9da05687-b256-4eb9-80ca-2b9cc5fefcab;12.06.2025 15:32:38;01.01.2025 00:00:00;2025;40200211;Forberg 2;4020;Midt-Telemark;172;89;83;Midt-Telemark;59,410728538000058;9,034845798000049;449,000000000000000
40200301;6ea1c12e-e552-44b3-aac6-53089978b80b;12.06.2025 15:32:37;01.01.2025 00:00:00;2025;40200301;Klevar;4020;Midt-Telemark;137;73;64;Midt-Telemark;59,475581954000063;9,296543136000025;450,000000000000000
40200304;ed9b8b3a-6d1b-4e64-b040-dc4a81578db1;12.06.2025 15:32:37;01.01.2025 00:00:00;2025;40200304;Sunds;4020;Midt-Telemark;188;102;86;Midt-Telemark;59,450187440000036;9,327938781000057;451,000000000000000
40200305;06a63560-126c-459c-b01f-9df37962f02f;12.06.2025 15:32:35;01.01.2025 00:00:00;2025;40200305;Nordagutu;4020;Midt-Telemark;355;180;175;Midt-Telemark;59,417927587000065;9,322194312000022;452,000000000000000
40200306;f6bb5230-3efb-41c5-b94a-0a5233d396a6;12.06.2025 15:32:32;01.01.2025 00:00:00;2025;40200306;Moen;4020;Midt-Telemark;112;60;52;Midt-Telemark;59,399547210000037;9,309745006000071;453,000000000000000
40200307;1ecbee35-b8b3-4d5a-9248-8c47253fcb46;12.06.2025 15:32:36;01.01.2025 00:00:00;2025;40200307;Haukvik;4020;Midt-Telemark;256;134;122;Midt-Telemark;59,386598737000043;9,268090221000023;454,000000000000000
40200308;f0e4ac40-0695-45f5-bbf3-b0792db4751d;12.06.2025 15:32:37;01.01.2025 00:00:00;2025;40200308;Jonsås;4020;Midt-Telemark;338;170;168;Midt-Telemark;59,394063601000028;9,246404301000041;455,000000000000000
40200309;e19b9e14-a433-4690-b2fd-c72b4da0ebf4;12.06.2025 15:32:35;01.01.2025 00:00:00;2025;40200309;Sauar;4020;Midt-Telemark;173;89;84;Midt-Telemark;59,417166162000058;9,279541481000024;456,000000000000000
40200401;abeaa488-6235-433b-b8cc-ccccf5dced63;12.06.2025 15:32:31;01.01.2025 00:00:00;2025;40200401;Sætersbø;4020;Midt-Telemark;379;191;188;Midt-Telemark;59,420846389000076;9,140099723000048;457,000000000000000
40200402;869e96e5-f1af-4a8a-8024-ed9b4690c022;12.06.2025 15:32:36;01.01.2025 00:00:00;2025;40200402;Gvarv vest;4020;Midt-Telemark;503;251;252;Midt-Telemark;59,389635701000032;9,158805075000032;458,000000000000000
40200403;8ef4817a-48a0-456b-9eb4-dedeee9adefc;12.06.2025 15:32:37;01.01.2025 00:00:00;2025;40200403;Stranna;4020;Midt-Telemark;259;145;114;Midt-Telemark;59,356862567000064;9,188907490000076;459,000000000000000
40200404;518ddd3b-fb5a-4aa1-a6ed-f9d189688144;12.06.2025 15:32:31;01.01.2025 00:00:00;2025;40200404;Gvarv øst;4020;Midt-Telemark;337;136;201;Midt-Telemark;59,386842197000078;9,174338829000021;460,000000000000000
40200405;78dc6298-96e0-4adc-bab9-3e6d152d8c62;12.06.2025 15:32:35;01.01.2025 00:00:00;2025;40200405;Gunnheim;4020;Midt-Telemark;338;166;172;Midt-Telemark;59,396817643000077;9,186548015000028;461,000000000000000
40200406;9e66399d-edd0-4106-b618-6c026291115d;12.06.2025 15:32:35;01.01.2025 00:00:00;2025;40200406;Flåthaug;4020;Midt-Telemark;35;19;16;Midt-Telemark;59,390932883000062;9,222172733000036;462,000000000000000
40200407;bc508d1c-0920-440b-bfd7-8a00af9fa111;12.06.2025 15:32:32;01.01.2025 00:00:00;2025;40200407;Nes;4020;Midt-Telemark;391;196;195;Midt-Telemark;59,384872267000048;9,193171971000027;463,000000000000000
40220101;2e5b5a53-a0dc-431b-b9e3-a237f5208d26;12.06.2025 15:32:33;01.01.2025 00:00:00;2025;40220101;Seljord sentrum-syd for riksveg;4022;Seljord;520;238;282;Seljord;59,481425443000035;8,633233168000061;464,000000000000000
40220102;890fe220-9982-43ea-8fd9-eac8397ec7d0;12.06.2025 15:32:33;01.01.2025 00:00:00;2025;40220102;Seljord sentrum-nord for riksveg;4022;Seljord;979;469;510;Seljord;59,485587056000043;8,616004061000069;465,000000000000000
40220103;1284434c-1f82-438c-8144-071540fb0f3a;12.06.2025 15:32:39;01.01.2025 00:00:00;2025;40220103;Bjørgesida-Manheim;4022;Seljord;126;62;64;Seljord;59,479158311000049;8,674018628000056;466,000000000000000
40220104;520062fc-fdcc-4bd6-825a-d1585d7dbf34;12.06.2025 15:32:38;01.01.2025 00:00:00;2025;40220104;Vefald-Brekke;4022;Seljord;100;50;50;Seljord;59,441464326000073;8,854208418000042;467,000000000000000
40220105;fdcf79dd-817e-49cd-adbd-0d872e3c7539;12.06.2025 15:32:32;01.01.2025 00:00:00;2025;40220105;Garvik;4022;Seljord;68;35;33;Seljord;59,429055169000037;8,730996048000065;468,000000000000000
40220106;841aef40-cc90-4c5b-9f17-f323b76d096a;12.06.2025 15:32:39;01.01.2025 00:00:00;2025;40220106;Dale-Napastå-Jamgrav;4022;Seljord;41;18;23;Seljord;59,420892253000034;8,677592066000045;469,000000000000000
40220107;4abd771f-7ef9-4a47-aa77-6280312e2e91;12.06.2025 15:32:37;01.01.2025 00:00:00;2025;40220107;Nordbygda;4022;Seljord;136;76;60;Seljord;59,463115098000060;8,573240528000042;470,000000000000000
40220108;09e156c0-3f9a-4e21-9ab8-cfbbde7bcec9;12.06.2025 15:32:37;01.01.2025 00:00:00;2025;40220108;Krokan;4022;Seljord;160;81;79;Seljord;59,501518522000083;8,644464376000030;471,000000000000000
40220201;bdf8b534-9142-4cfc-acce-7d0e317704a8;12.06.2025 15:32:32;01.01.2025 00:00:00;2025;40220201;Flatdal;4022;Seljord;485;261;224;Seljord;59,563430707000066;8,574291706000054;472,000000000000000
40220202;b620d38e-f28c-4f19-a6db-7570cbbcb8a0;12.06.2025 15:32:38;01.01.2025 00:00:00;2025;40220202;Svartdal;4022;Seljord;93;47;46;Seljord;59,596867622000048;8,537984510000058;473,000000000000000
40220203;e0c726d6-616d-4eb9-a61a-210652ba2745;12.06.2025 15:32:35;01.01.2025 00:00:00;2025;40220203;Mandal;4022;Seljord;29;12;17;Seljord;59,578894695000031;8,451400355000033;474,000000000000000
40220301;5b5a46c0-58ed-4d52-804f-9268269640c9;12.06.2025 15:32:36;01.01.2025 00:00:00;2025;40220301;Langlim;4022;Seljord;52;24;28;Seljord;59,590284472000064;8,353667297000072;475,000000000000000
40220302;ff0d6968-1f19-46fd-a101-c1fb2620e7f8;12.06.2025 15:32:36;01.01.2025 00:00:00;2025;40220302;Dyrlandsdalen;4022;Seljord;21;8;13;Seljord;59,604483027000072;8,443833625000025;476,000000000000000
40220303;f6c59e1c-8e6f-475d-be54-f05b8ff59205;12.06.2025 15:32:34;01.01.2025 00:00:00;2025;40220303;Kyrkjemoen;4022;Seljord;88;47;41;Seljord;59,629890178000039;8,401634888000046;477,000000000000000
40220304;a7473ca1-2335-475a-a78b-f47be6ddf4a4;12.06.2025 15:32:34;01.01.2025 00:00:00;2025;40220304;Skori;4022;Seljord;82;49;33;Seljord;59,650561017000030;8,353395058000046;478,000000000000000
40240101;828e01b2-01df-45a1-943d-dac566488c3f;12.06.2025 15:32:32;01.01.2025 00:00:00;2025;40240101;Hjartdal;4024;Hjartdal;282;139;143;Notodden;59,604002709000042;8,636995252000077;479,000000000000000
40240102;dd2f8e02-5864-479c-a1f4-83e5032a0bda;12.06.2025 15:32:32;01.01.2025 00:00:00;2025;40240102;Gvammen;4024;Hjartdal;233;116;117;Notodden;59,607177040000067;8,701521654000032;480,000000000000000
40240103;10e3799c-debf-4baf-86ee-c8a77150f971;12.06.2025 15:32:37;01.01.2025 00:00:00;2025;40240103;Lonar;4024;Hjartdal;140;78;62;Notodden;59,620588427000030;8,870789010000067;481,000000000000000
40240104;e5f3f5e3-f790-4c7a-877a-34ebb1666ccc;12.06.2025 15:32:35;01.01.2025 00:00:00;2025;40240104;Midtbygda Sauland;4024;Hjartdal;432;206;226;Notodden;59,619165913000074;8,940080092000073;482,000000000000000
40240105;562f29c0-fa32-4ba5-a6eb-111241fbebff;12.06.2025 15:32:38;01.01.2025 00:00:00;2025;40240105;Landsverk;4024;Hjartdal;230;118;112;Notodden;59,609352443000034;8,980729200000042;483,000000000000000
40240106;8f31c522-5366-451d-9e5e-48d65be309b8;12.06.2025 15:32:32;01.01.2025 00:00:00;2025;40240106;Hovde-Sønderland;4024;Hjartdal;164;90;74;Notodden;59,733382143000028;8,837603370000068;484,000000000000000
40240107;3821c6c5-c73a-4696-b5d4-987dd34f4fd6;12.06.2025 15:32:39;01.01.2025 00:00:00;2025;40240107;Tuddal-Bondal;4024;Hjartdal;165;86;79;Notodden;59,766668969000079;8,757602407000036;485,000000000000000
40260101;88caafa8-584d-44be-9614-2fc02add1dd8;12.06.2025 15:32:35;01.01.2025 00:00:00;2025;40260101;Øverbakke-Urdalen;4026;Tinn;81;44;37;Rjukan;59,852609005000033;9,016953487000023;486,000000000000000
40260102;e49cde9a-e9fb-4039-a173-13c8ab35208c;12.06.2025 15:32:33;01.01.2025 00:00:00;2025;40260102;Fosso;4026;Tinn;57;30;27;Rjukan;59,821971593000058;9,069224849000022;487,000000000000000
40260103;160a018d-e751-43cf-a5aa-3366475a2ec7;12.06.2025 15:32:39;01.01.2025 00:00:00;2025;40260103;Bergli;4026;Tinn;26;17;9;Rjukan;59,881686303000038;9,063164129000029;488,000000000000000
40260104;85d02c7a-1474-4e45-bb27-09bad895287e;12.06.2025 15:32:33;01.01.2025 00:00:00;2025;40260104;Oppbygdi;4026;Tinn;33;15;18;Rjukan;59,880851649000078;9,028616221000050;489,000000000000000
40260105;deb294da-3bcd-4a1a-8bc1-7d91e5074a70;12.06.2025 15:32:39;01.01.2025 00:00:00;2025;40260105;Heia;4026;Tinn;24;15;9;Rjukan;59,927707750000081;8,930983491000063;490,000000000000000
40260106;9381edb5-9214-41ce-a0af-2fa19dec6be1;12.06.2025 15:32:35;01.01.2025 00:00:00;2025;40260106;Austbygde;4026;Tinn;577;271;306;Rjukan;59,994623066000031;8,830347425000070;491,000000000000000
40260107;6f7d8bbb-963d-4a30-b645-cc64755c80a1;12.06.2025 15:32:34;01.01.2025 00:00:00;2025;40260107;Haukås;4026;Tinn;198;98;100;Rjukan;60,038874710000073;8,830576365000070;492,000000000000000
40260108;492542d6-9876-4136-bc40-0de92fb12214;12.06.2025 15:32:37;01.01.2025 00:00:00;2025;40260108;Lurås;4026;Tinn;95;55;40;Rjukan;60,064069213000039;8,793305290000035;493,000000000000000
40260109;5bf9322d-898c-404f-84c7-53295380118e;12.06.2025 15:32:33;01.01.2025 00:00:00;2025;40260109;Tessungdalen;4026;Tinn;119;64;55;Rjukan;60,122760645000028;8,697649724000030;494,000000000000000
40260110;3962823a-65d5-4d0b-a8cc-1c3ca366441a;12.06.2025 15:32:37;01.01.2025 00:00:00;2025;40260110;Sandsetdalen;4026;Tinn;3;;;Rjukan;60,126881628000035;8,489157223000063;495,000000000000000
40260201;e50c5889-4f41-4bda-a223-714a0cff814d;12.06.2025 15:32:36;01.01.2025 00:00:00;2025;40260201;Marum;4026;Tinn;220;120;100;Rjukan;59,996306615000037;8,743683644000043;496,000000000000000
40260202;18e46d37-4761-4a4a-8daa-e31a65738d7a;12.06.2025 15:32:36;01.01.2025 00:00:00;2025;40260202;Gauset;4026;Tinn;69;40;29;Rjukan;60,050677408000070;8,731471390000024;497,000000000000000
40260203;f1cbf404-f280-4ddf-9475-c822293c2533;12.06.2025 15:32:34;01.01.2025 00:00:00;2025;40260203;Gjøystdal;4026;Tinn;102;56;46;Rjukan;59,998152654000080;8,684116174000053;498,000000000000000
40260204;568396c5-5879-4303-a67c-0174e977e4bf;12.06.2025 15:32:33;01.01.2025 00:00:00;2025;40260204;Ullern;4026;Tinn;184;88;96;Rjukan;59,981258773000036;8,742372125000031;499,000000000000000
40260205;9a70e519-4d5e-4cfb-9bee-7a46bc1484f2;12.06.2025 15:32:36;01.01.2025 00:00:00;2025;40260205;Miland øst;4026;Tinn;332;171;161;Rjukan;59,927983678000032;8,758154424000054;500,000000000000000
40260206;df1995fd-405a-45cd-832a-0789655e8ca3;12.06.2025 15:32:37;01.01.2025 00:00:00;2025;40260206;Miland vest;4026;Tinn;106;59;47;Rjukan;59,920748306000064;8,734646778000069;501,000000000000000
40260207;655cb466-dc7b-406a-b000-4ac34af1ec3b;12.06.2025 15:32:39;01.01.2025 00:00:00;2025;40260207;Rollag;4026;Tinn;143;66;77;Rjukan;59,920999213000073;8,796058503000040;502,000000000000000
40260301;01f32aa8-3028-471e-bcf9-b4e49c1e1fe8;12.06.2025 15:32:35;01.01.2025 00:00:00;2025;40260301;Haddeland;4026;Tinn;66;36;30;Rjukan;59,894069029000036;8,699082210000029;503,000000000000000
40260302;31bac2ff-7722-431c-9558-02d65e85c900;12.06.2025 15:32:34;01.01.2025 00:00:00;2025;40260302;Dale;4026;Tinn;220;118;102;Rjukan;59,887874447000058;8,685871018000057;504,000000000000000
40260303;b2d55303-4e8c-493a-8895-2ac30fc62a28;12.06.2025 15:32:38;01.01.2025 00:00:00;2025;40260303;Tverrgrot;4026;Tinn;205;107;98;Rjukan;59,883246443000075;8,664899471000069;505,000000000000000
40260304;491e82b2-01e5-4879-b89c-c30999cdd843;12.06.2025 15:32:37;01.01.2025 00:00:00;2025;40260304;Bjørkhaug;4026;Tinn;325;157;168;Rjukan;59,880389901000058;8,642729633000044;506,000000000000000
40260305;e54b90e1-871e-4d4c-9e84-2e6897ace9a2;12.06.2025 15:32:39;01.01.2025 00:00:00;2025;40260305;Tveito;4026;Tinn;483;217;266;Rjukan;59,879938155000048;8,629142159000025;507,000000000000000
40260306;e1c5d779-5565-415f-8c6e-cf5bf9e513b6;12.06.2025 15:32:36;01.01.2025 00:00:00;2025;40260306;Ingolfsland;4026;Tinn;371;196;175;Rjukan;59,878856156000040;8,620751688000041;508,000000000000000
40260307;7ced491d-7df1-4bad-92af-e671e1b38de1;12.06.2025 15:32:34;01.01.2025 00:00:00;2025;40260307;Rjukan kirke;4026;Tinn;350;181;169;Rjukan;59,879960360000041;8,609363942000073;509,000000000000000
40260308;97786c6f-708c-47f1-9e89-2e841ad68704;12.06.2025 15:32:37;01.01.2025 00:00:00;2025;40260308;Bøen-nordre;4026;Tinn;279;134;145;Rjukan;59,879654852000044;8,590928750000046;510,000000000000000
40260309;f5c1ad28-c5b1-4210-bdac-fc42e9be901d;12.06.2025 15:32:33;01.01.2025 00:00:00;2025;40260309;Bøen-søndre;4026;Tinn;152;63;89;Rjukan;59,877453018000040;8,591953486000023;511,000000000000000
40260310;6d4e3095-9337-42fa-9919-8a83f524058c;12.06.2025 15:32:39;01.01.2025 00:00:00;2025;40260310;Sølvolden-Krosso;4026;Tinn;345;186;159;Rjukan;59,879650383000069;8,569700804000036;512,000000000000000
40260311;9f43cd23-1e27-4c59-b23b-14761d331b3c;12.06.2025 15:32:38;01.01.2025 00:00:00;2025;40260311;Svadde;4026;Tinn;107;50;57;Rjukan;59,879749289000074;8,654084277000038;513,000000000000000
40260312;78359b19-ff9c-47d1-9737-fcd54c9488c3;12.06.2025 15:32:39;01.01.2025 00:00:00;2025;40260312;Mæland-Såheim;4026;Tinn;125;57;68;Rjukan;59,878148902000078;8,587145245000045;514,000000000000000
40260313;1e86d18c-8afc-4191-b92d-26d01adced4f;12.06.2025 15:32:33;01.01.2025 00:00:00;2025;40260313;Veset;4026;Tinn;14;7;7;Rjukan;59,878796920000070;8,534095695000076;515,000000000000000
40260314;4f2902e3-1e2a-4f16-9433-b2bebbd2d5c5;12.06.2025 15:32:37;01.01.2025 00:00:00;2025;40260314;Våer;4026;Tinn;21;10;11;Rjukan;59,875663630000076;8,496736417000022;516,000000000000000
40260316;993d413b-5c62-4bf3-9d0d-9255d1d973bb;12.06.2025 15:32:37;01.01.2025 00:00:00;2025;40260316;Svineroi;4026;Tinn;51;29;22;Rjukan;59,879253476000031;8,727922517000025;517,000000000000000
40260318;1e943b47-7e60-4c1a-930f-aa5826e8927c;12.06.2025 15:32:33;01.01.2025 00:00:00;2025;40260318;Frøystul;4026;Tinn;3;3;0;Rjukan;59,812881740000080;8,306307961000073;518,000000000000000
40260319;02a27e4d-19ff-4349-b604-9cb068bd8fbe;12.06.2025 15:32:39;01.01.2025 00:00:00;2025;40260319;Hjerdalen;4026;Tinn;15;7;8;Rjukan;59,854791673000079;8,434268437000071;519,000000000000000
40280101;ad4b6383-6c2b-44b9-a150-8f55d24e4901;12.06.2025 15:32:32;01.01.2025 00:00:00;2025;40280101;Lislekaas;4028;Kviteseid;181;96;85;Seljord;59,312754303000077;8,504257741000060;520,000000000000000
40280102;8b3e01fe-bb5d-4206-af8a-48994397586d;12.06.2025 15:32:33;01.01.2025 00:00:00;2025;40280102;Straumsnes;4028;Kviteseid;233;120;113;Seljord;59,322190970000065;8,455322784000032;521,000000000000000
40280103;046a5c7f-9b7a-4f30-9771-9f2cc3d388ec;12.06.2025 15:32:39;01.01.2025 00:00:00;2025;40280103;Søndre Vråvatn;4028;Kviteseid;69;39;30;Seljord;59,354390432000059;8,192919951000022;522,000000000000000
40280104;e0cb2967-76ae-4c63-a2f7-d61e86a4ffaa;12.06.2025 15:32:33;01.01.2025 00:00:00;2025;40280104;Sinnes;4028;Kviteseid;32;17;15;Seljord;59,345629004000045;8,320383347000075;523,000000000000000
40280105;f2575174-3212-4e0f-b25e-42fc953a90e5;12.06.2025 15:32:35;01.01.2025 00:00:00;2025;40280105;Tveitgrend;4028;Kviteseid;76;39;37;Seljord;59,396515526000030;8,449539763000075;524,000000000000000
40280106;9918167f-4fb8-4a5a-9080-ddf98a306564;12.06.2025 15:32:38;01.01.2025 00:00:00;2025;40280106;Lundevall;4028;Kviteseid;93;55;38;Seljord;59,423787574000073;8,443779198000072;525,000000000000000
40280107;f45ab55a-fdf6-475f-9fd0-b8b828e80f05;12.06.2025 15:32:38;01.01.2025 00:00:00;2025;40280107;Dalane;4028;Kviteseid;61;35;26;Seljord;59,452584408000064;8,336818365000056;526,000000000000000
40280108;2f1a9c2d-fc8d-4584-b779-4769d341b6c4;12.06.2025 15:32:38;01.01.2025 00:00:00;2025;40280108;Ytre Morgedal;4028;Kviteseid;154;74;80;Seljord;59,469632154000067;8,427305544000035;527,000000000000000
40280109;61cfd719-8439-4692-a65d-4bd08cac8b8e;12.06.2025 15:32:37;01.01.2025 00:00:00;2025;40280109;Nordre Morgedal;4028;Kviteseid;86;42;44;Seljord;59,485915193000039;8,393790572000057;528,000000000000000
40280110;6c934a1a-528f-4316-b577-eca8060143de;12.06.2025 15:32:34;01.01.2025 00:00:00;2025;40280110;Ordal;4028;Kviteseid;82;43;39;Seljord;59,472399413000062;8,490166759000033;529,000000000000000
40280111;c162796e-55d3-4849-a192-d665e6821207;12.06.2025 15:32:37;01.01.2025 00:00:00;2025;40280111;Brunkeberg;4028;Kviteseid;145;77;68;Seljord;59,440556497000046;8,489581924000049;530,000000000000000
40280112;fb83541d-33c5-4055-9285-3ab7253765d3;12.06.2025 15:32:36;01.01.2025 00:00:00;2025;40280112;Kviteseid sentrum;4028;Kviteseid;755;368;387;Seljord;59,406111559000067;8,482497867000063;531,000000000000000
40280113;5046b3f0-be46-43c6-8273-0c35badbcb72;12.06.2025 15:32:35;01.01.2025 00:00:00;2025;40280113;Haukom;4028;Kviteseid;253;125;128;Seljord;59,393997037000076;8,507990201000041;532,000000000000000
40280114;8977ae6c-2df2-441a-977d-dc2f5e289fce;12.06.2025 15:32:38;01.01.2025 00:00:00;2025;40280114;Åsgrend;4028;Kviteseid;80;42;38;Seljord;59,444221493000043;8,577076896000051;533,000000000000000
40280115;5ed23a5f-7f28-4e61-862b-86b1ace4cb54;12.06.2025 15:32:34;01.01.2025 00:00:00;2025;40280115;Setfløt;4028;Kviteseid;98;52;46;Seljord;59,377016006000076;8,518834757000036;534,000000000000000
40280116;4bf9e3d1-e44f-4d36-8053-b4cb520666a3;12.06.2025 15:32:36;01.01.2025 00:00:00;2025;40280116;Fjågesund;4028;Kviteseid;54;31;23;Seljord;59,304889856000045;8,704231232000041;535,000000000000000
40280117;056a4bbd-05d7-47d0-9833-3e293bab5752;12.06.2025 15:32:33;01.01.2025 00:00:00;2025;40280117;Kilen;4028;Kviteseid;18;10;8;Seljord;59,334176208000031;8,799004631000059;536,000000000000000
40300101;cb3388a0-0cdf-4fa2-97a3-e34ef0bebb7d;12.06.2025 15:32:38;01.01.2025 00:00:00;2025;40300101;Nordre Nissedal;4030;Nissedal;107;60;47;Treungen;59,196852633000049;8,514421557000048;537,000000000000000
40300102;cc2e9799-3d24-4692-9455-e356cfb5522f;12.06.2025 15:32:37;01.01.2025 00:00:00;2025;40300102;Nissedal;4030;Nissedal;170;79;91;Treungen;59,159772726000028;8,510659128000043;538,000000000000000
40300103;362a93df-1dc5-4c28-b4b8-bb61219aa64d;12.06.2025 15:32:38;01.01.2025 00:00:00;2025;40300103;Fjone;4030;Nissedal;163;84;79;Treungen;59,144404306000069;8,451892018000024;539,000000000000000
40300104;e1a618a7-d94a-483d-bf2d-770cbdfb83ec;12.06.2025 15:32:35;01.01.2025 00:00:00;2025;40300104;Tveit;4030;Nissedal;693;336;357;Treungen;59,024098469000080;8,522492300000067;540,000000000000000
40300105;0462c1af-4c6d-4308-acb7-20968e226448;12.06.2025 15:32:35;01.01.2025 00:00:00;2025;40300105;Homme-Heimdal;4030;Nissedal;86;46;40;Treungen;59,008046661000037;8,583282871000051;541,000000000000000
40300106;d6f9ac79-f0cb-49e8-90f5-8ae5dffba96f;12.06.2025 15:32:35;01.01.2025 00:00:00;2025;40300106;Tjønnefoss;4030;Nissedal;23;12;11;Treungen;58,975092995000068;8,514437153000074;542,000000000000000
40300107;a8a2a5eb-25dc-4394-b00b-fa0a706532aa;12.06.2025 15:32:35;01.01.2025 00:00:00;2025;40300107;Haugsjåsund-Espestøl;4030;Nissedal;110;59;51;Treungen;58,950300952000077;8,497374218000061;543,000000000000000
40300108;d8878ed9-0aa4-4f43-8095-3d77a166eb8c;12.06.2025 15:32:37;01.01.2025 00:00:00;2025;40300108;Felle;4030;Nissedal;132;72;60;Treungen;58,905200706000073;8,749808226000027;544,000000000000000
40320101;a25aa17b-6d28-44fd-87e4-872a734cf11e;12.06.2025 15:32:38;01.01.2025 00:00:00;2025;40320101;Vik-Fardal;4032;Fyresdal;78;48;30;Fyresdal;59,150868771000034;8,029033322000032;545,000000000000000
40320102;ea7538ca-9dc1-4ba8-afd5-ed976a24fd5d;12.06.2025 15:32:38;01.01.2025 00:00:00;2025;40320102;Breivik-Birtedalen;4032;Fyresdal;54;28;26;Fyresdal;59,101734551000050;8,045854243000065;546,000000000000000
40320103;abe66163-a258-47df-b43e-80082a962f64;12.06.2025 15:32:35;01.01.2025 00:00:00;2025;40320103;Valebjørg-Kilegrend;4032;Fyresdal;61;32;29;Fyresdal;59,019338235000077;8,273220152000022;547,000000000000000
40320104;c4252c84-d248-4583-abe6-d94052d6f062;12.06.2025 15:32:35;01.01.2025 00:00:00;2025;40320104;Momrak;4032;Fyresdal;25;14;11;Fyresdal;59,133905176000042;8,120554832000039;548,000000000000000
40320105;6ca3cbfe-d418-4087-81a6-8247a8f6f463;12.06.2025 15:32:33;01.01.2025 00:00:00;2025;40320105;Sørbygda;4032;Fyresdal;173;85;88;Fyresdal;59,171730490000073;8,088483234000023;549,000000000000000
40320106;1e5f710a-d387-4992-80cc-5585927dbb14;12.06.2025 15:32:35;01.01.2025 00:00:00;2025;40320106;Sentrum;4032;Fyresdal;443;205;238;Fyresdal;59,189121878000037;8,092738756000074;550,000000000000000
40320107;60675914-b5c2-4728-945f-3d573d8e822b;12.06.2025 15:32:33;01.01.2025 00:00:00;2025;40320107;Hegglandsgrend;4032;Fyresdal;104;59;45;Fyresdal;59,232588109000062;8,092021207000073;551,000000000000000
40320108;3e667102-7cb3-4274-883f-9fef21b7823d;12.06.2025 15:32:34;01.01.2025 00:00:00;2025;40320108;Åsland-Kleivgrend;4032;Fyresdal;79;44;35;Fyresdal;59,241102018000049;8,006750818000057;552,000000000000000
40320109;e6dac4b0-f870-4ae1-8b61-e2ead647af3a;12.06.2025 15:32:33;01.01.2025 00:00:00;2025;40320109;Veum-Fjellgardane;4032;Fyresdal;149;86;63;Fyresdal;59,284540103000040;8,074600801000031;553,000000000000000
40320110;9dd091c2-671f-4ab8-97d5-17448ce51507;12.06.2025 15:32:35;01.01.2025 00:00:00;2025;40320110;Hauggrend;4032;Fyresdal;90;45;45;Fyresdal;59,320652233000033;8,140769825000064;554,000000000000000
40340101;3a50fb51-3806-4f4b-8d1f-36e35b7ae244;12.06.2025 15:32:32;01.01.2025 00:00:00;2025;40340101;Byrte;4034;Tokke;92;49;43;Vinje;59,562906404000046;7,810920380000027;555,000000000000000
40340102;cf02ef33-a81c-44c4-bd53-2fe356f6454f;12.06.2025 15:32:35;01.01.2025 00:00:00;2025;40340102;Mo;4034;Tokke;113;62;51;Vinje;59,469969462000051;7,842187665000040;556,000000000000000
40340103;d6c99d02-0d76-4b2b-9edc-1f479c2cfa10;12.06.2025 15:32:38;01.01.2025 00:00:00;2025;40340103;Midjås;4034;Tokke;62;33;29;Vinje;59,465015018000031;7,929951624000068;557,000000000000000
40340104;4ae0e8f8-1b98-4b21-a8cc-9ea15aeb1706;12.06.2025 15:32:37;01.01.2025 00:00:00;2025;40340104;Vistad;4034;Tokke;302;149;153;Vinje;59,445807777000027;7,979754797000055;558,000000000000000
40340105;1e7b9b86-5af3-4172-8041-28ad8d7327c9;12.06.2025 15:32:35;01.01.2025 00:00:00;2025;40340105;Dalen;4034;Tokke;557;269;288;Vinje;59,445660538000027;7,999553842000068;559,000000000000000
40340106;1e6434d8-44c4-42d2-852f-8311cad1f3ff;12.06.2025 15:32:37;01.01.2025 00:00:00;2025;40340106;Eidsborg-Gøytil-Omdal;4034;Tokke;107;54;53;Vinje;59,487008330000037;8,015919646000043;560,000000000000000
40340107;c9fca7d3-b565-4390-83ad-7d8eac36dfc6;12.06.2025 15:32:35;01.01.2025 00:00:00;2025;40340107;Ofte-Hovden;4034;Tokke;244;126;118;Vinje;59,505737986000042;8,189101808000032;561,000000000000000
40340108;63750330-6fee-4437-af19-5c26601bbb53;12.06.2025 15:32:37;01.01.2025 00:00:00;2025;40340108;Kvål-Fjellet;4034;Tokke;61;35;26;Vinje;59,495171448000065;8,266736882000032;562,000000000000000
40340109;631e2543-7c05-45f0-87f9-6314612670b2;12.06.2025 15:32:37;01.01.2025 00:00:00;2025;40340109;Smørklepp-Tveiten;4034;Tokke;48;24;24;Vinje;59,487243460000059;8,149150957000074;563,000000000000000
40340110;38996a36-9318-4a55-90d3-6ed8470567ef;12.06.2025 15:32:37;01.01.2025 00:00:00;2025;40340110;Håtveit;4034;Tokke;110;60;50;Vinje;59,446284994000052;8,165361030000042;564,000000000000000
40340111;1ae6dbb8-7c1d-40ec-ada0-a97d10c61de3;12.06.2025 15:32:34;01.01.2025 00:00:00;2025;40340111;Eik;4034;Tokke;114;58;56;Vinje;59,426802132000034;8,181979045000048;565,000000000000000
40340112;8298fa04-da1a-4c85-89fb-2cd07c8de63e;12.06.2025 15:32:36;01.01.2025 00:00:00;2025;40340112;Eikland;4034;Tokke;78;40;38;Vinje;59,386350000000050;8,154423876000067;566,000000000000000
40340113;f47dbb92-8839-421a-9474-07a15b847d7a;12.06.2025 15:32:34;01.01.2025 00:00:00;2025;40340113;Nordbygdi;4034;Tokke;75;40;35;Vinje;59,427138895000041;7,993468878000044;567,000000000000000
40340114;96bc1607-b2c8-4438-9804-d7912fc37e7c;12.06.2025 15:32:34;01.01.2025 00:00:00;2025;40340114;Kyrkjebø;4034;Tokke;115;56;59;Vinje;59,409529879000047;8,018430888000069;568,000000000000000
40340115;ed693b93-081b-4438-94d6-3b27a00b17e7;12.06.2025 15:32:39;01.01.2025 00:00:00;2025;40340115;Åmdalsverk;4034;Tokke;159;85;74;Vinje;59,376945525000053;8,039471591000051;569,000000000000000
40360101;8dfb8892-a48e-4d6d-be45-4b5a6daea72d;12.06.2025 15:32:37;01.01.2025 00:00:00;2025;40360101;Nesland nedre;4036;Vinje;61;37;24;Vinje;59,521042349000027;7,968767596000021;570,000000000000000
40360102;3d2f2a9e-f19c-4fa5-8784-acf51a8cd26a;12.06.2025 15:32:36;01.01.2025 00:00:00;2025;40360102;Mannås-Åbø;4036;Vinje;573;283;290;Vinje;59,573178124000037;7,986489327000072;571,000000000000000
40360103;830f0f5e-1137-470f-b602-b59ce9baf177;12.06.2025 15:32:36;01.01.2025 00:00:00;2025;40360103;Hylland;4036;Vinje;313;153;160;Vinje;59,575975376000031;8,001795540000046;572,000000000000000
40360104;57438ce3-ca21-4962-b01a-670fe0dfaa92;12.06.2025 15:32:33;01.01.2025 00:00:00;2025;40360104;Kostveit;4036;Vinje;107;52;55;Vinje;59,651692711000067;7,975854183000024;573,000000000000000
40360105;317b45dc-2694-4893-b63e-3600aeecc0fe;12.06.2025 15:32:38;01.01.2025 00:00:00;2025;40360105;Særensgrend;4036;Vinje;87;42;45;Vinje;59,580725133000044;7,939154026000040;574,000000000000000
40360106;803aaec3-fdf4-4173-9d89-ff73ef9c691d;12.06.2025 15:32:31;01.01.2025 00:00:00;2025;40360106;Bøgrend;4036;Vinje;192;100;92;Vinje;59,617939864000050;7,864199360000043;575,000000000000000
40360107;cb63f20f-162d-4fa6-91d9-5b28f71b0677;12.06.2025 15:32:33;01.01.2025 00:00:00;2025;40360107;Smørklepp;4036;Vinje;101;53;48;Vinje;59,647276428000055;7,802721892000022;576,000000000000000
40360108;b2ad8faa-8352-4ab7-b361-68e495527afe;12.06.2025 15:32:34;01.01.2025 00:00:00;2025;40360108;Grungedal;4036;Vinje;136;77;59;Vinje;59,706808408000029;7,769971839000050;577,000000000000000
40360109;f2e5a744-70b3-44a3-9bf0-bcb62a03ab3f;12.06.2025 15:32:35;01.01.2025 00:00:00;2025;40360109;Edland;4036;Vinje;204;112;92;Vinje;59,740014546000054;7,599219042000072;578,000000000000000
40360110;6db75116-cdf6-448c-8bee-f5f26f0225f2;12.06.2025 15:32:32;01.01.2025 00:00:00;2025;40360110;Haukelid;4036;Vinje;271;140;131;Vinje;59,739387948000058;7,566135888000076;579,000000000000000
40360112;3560100f-4736-4312-9a91-133c72d4b079;12.06.2025 15:32:33;01.01.2025 00:00:00;2025;40360112;Vågslid;4036;Vinje;54;27;27;Vinje;59,775106202000075;7,364772228000049;580,000000000000000
40360201;1cf74ebe-7cc8-40ed-aa70-e174cbcbe019;12.06.2025 15:32:34;01.01.2025 00:00:00;2025;40360201;Øyfjell;4036;Vinje;214;115;99;Vinje;59,576013115000080;8,176220167000054;581,000000000000000
40360202;a17250f6-d726-43cd-a6df-2d2b1d3a86b9;12.06.2025 15:32:35;01.01.2025 00:00:00;2025;40360202;Rorge;4036;Vinje;129;66;63;Vinje;59,622430635000057;8,210629795000045;582,000000000000000
40360203;111e4e87-650a-4f89-9ee2-9889a7ca85b1;12.06.2025 15:32:37;01.01.2025 00:00:00;2025;40360203;Austbø;4036;Vinje;239;122;117;Vinje;59,695049389000076;8,112807045000068;583,000000000000000
40360204;9e3e611c-4794-499e-8869-199b50e3176d;12.06.2025 15:32:36;01.01.2025 00:00:00;2025;40360204;Møsstrond;4036;Vinje;124;57;67;Vinje;59,824399241000037;8,138092575000030;584,000000000000000
40360205;b2bfc4ce-4586-4ec8-8ecc-8118357d7df5;12.06.2025 15:32:35;01.01.2025 00:00:00;2025;40360205;Nesland øvre;4036;Vinje;108;54;54;Vinje;59,678172747000076;8,038980017000029;585,000000000000000
40360206;b8142e8f-440e-4397-b2c4-12fb1e34717c;12.06.2025 15:32:38;01.01.2025 00:00:00;2025;40360206;Hadland;4036;Vinje;691;343;348;Vinje;59,697044353000081;8,050653321000027;586,000000000000000
40360207;86712ffa-aa40-4aa2-8320-79e4b8c02fba;12.06.2025 15:32:32;01.01.2025 00:00:00;2025;40360207;Raulandsgrend;4036;Vinje;161;82;79;Vinje;59,718032033000043;7,985708961000057;587,000000000000000
40360208;b5a2718f-28de-4c7a-b1d2-46a638c05ae3;12.06.2025 15:32:34;01.01.2025 00:00:00;2025;40360208;Arabygdi;4036;Vinje;90;54;36;Vinje;59,763408909000077;7,772860967000042;588,000000000000000
40010501;547efeef-87a2-4899-bc44-e59c25a9f919;12.06.2025 15:32:35;01.01.2025 00:00:00;2025;40010501;Herøya nord;4001;Porsgrunn;0;0;0;Porsgrunn;59,116558157000043;9,625176940000074;589,000000000000000
40010807;67dc975e-9867-4d00-83ed-525cd73858c9;12.06.2025 15:32:36;01.01.2025 00:00:00;2025;40010807;Jønholtdalen;4001;Porsgrunn;271;121;150;Porsgrunn;59,133049879000055;9,649649723000039;590,000000000000000
40030104;3f0b10bb-2bf7-40cf-b1fa-ef826ae7af77;12.06.2025 15:32:37;01.01.2025 00:00:00;2025;40030104;Mølla;4003;Skien;206;119;87;Skien;59,207360729000072;9,607244600000058;591,000000000000000
40030110;d43492ce-5584-453d-9e54-56efadd38771;12.06.2025 15:32:34;01.01.2025 00:00:00;2025;40030110;Vestre Brekkeby;4003;Skien;224;94;130;Skien;59,214311865000070;9,605132348000041;592,000000000000000
40030506;c0410cc9-2e9f-4ce2-bc4d-8018776a5f7c;12.06.2025 15:32:31;01.01.2025 00:00:00;2025;40030506;Gråtenmoen 2;4003;Skien;71;36;35;Skien;59,186507819000042;9,609196976000021;593,000000000000000
40030810;50b38dda-7a12-4e7f-a719-ab3d15d76da9;12.06.2025 15:32:31;01.01.2025 00:00:00;2025;40030810;Kongerød 2;4003;Skien;187;91;96;Skien;59,153498906000038;9,615841715000045;594,000000000000000
40030812;c76ea61c-fdca-4d6f-959e-42ad4e296eb8;12.06.2025 15:32:38;01.01.2025 00:00:00;2025;40030812;Klyve 4;4003;Skien;21;9;12;Skien;59,147755920000066;9,619498819000057;595,000000000000000
40030815;bc3d4700-516d-427c-aea9-5ce6cabd4ae6;12.06.2025 15:32:38;01.01.2025 00:00:00;2025;40030815;Klyve 2;4003;Skien;157;78;79;Skien;59,150317864000044;9,609255288000043;596,000000000000000
40031003;508b098d-febc-4d8d-a5f9-e83f81e8955d;12.06.2025 15:32:32;01.01.2025 00:00:00;2025;40031003;Børten;4003;Skien;0;0;0;Skien;59,155601340000032;9,442172995000021;597,000000000000000
40031410;12b2ebc9-602a-4ca2-a62a-9688555b697e;12.06.2025 15:32:36;01.01.2025 00:00:00;2025;40031410;Skotten;4003;Skien;314;150;164;Skien;59,220431667000071;9,564753017000044;598,000000000000000
40031418;a006bc3c-4170-411b-a562-b2987070c710;12.06.2025 15:32:38;01.01.2025 00:00:00;2025;40031418;Nedre Maihaugen;4003;Skien;290;125;165;Skien;59,222350483000071;9,565038350000066;599,000000000000000
40031601;5ef4ce41-0d7e-4283-ae4a-9f24c1977adb;12.06.2025 15:32:39;01.01.2025 00:00:00;2025;40031601;Geitebu;4003;Skien;0;0;0;Skien;59,264499566000040;9,442458284000054;600,000000000000000
40240108;066c8599-acfc-4dd0-9d1b-2a8c1784ab9f;12.06.2025 15:32:39;01.01.2025 00:00:00;2025;40240108;Kovedalen;4024;Hjartdal;0;0;0;Notodden;59,737044953000066;8,575885193000033;601,000000000000000
40240109;eed39d8c-7927-4f48-8771-c3f66db5defc;12.06.2025 15:32:32;01.01.2025 00:00:00;2025;40240109;Bjordøla;4024;Hjartdal;0;0;0;Notodden;59,688347688000079;8,530658777000042;602,000000000000000
40260208;cd3e357b-af78-4433-a8c1-cebeb961ee62;12.06.2025 15:32:32;01.01.2025 00:00:00;2025;40260208;Kalhovd;4026;Tinn;0;0;0;Rjukan;60,051269125000033;8,237843933000022;603,000000000000000
40260315;3f0c1256-39b2-433e-bbeb-1dfb904e168f;12.06.2025 15:32:39;01.01.2025 00:00:00;2025;40260315;Gvepseborg;4026;Tinn;24;10;14;Rjukan;59,894818020000059;8,543593630000032;604,000000000000000
40260317;aefa6afc-bdd5-4f64-aa0e-75883ab00ae6;12.06.2025 15:32:36;01.01.2025 00:00:00;2025;40260317;Gausdalen;4026;Tinn;0;0;0;Rjukan;59,855395855000040;8,617011670000068;605,000000000000000
40340116;64865a60-5475-4d8c-bc9d-bfa2114ca691;12.06.2025 15:32:35;01.01.2025 00:00:00;2025;40340116;Skafsåheia;4034;Tokke;0;0;0;Vinje;59,377820114000031;7,694819604000031;606,000000000000000
40340117;87ab0947-8d23-4718-9b53-6cd4578253d2;12.06.2025 15:32:34;01.01.2025 00:00:00;2025;40340117;Frolandsheiane - Byrteheiane;4034;Tokke;0;0;0;Vinje;59,508115841000063;7,664130696000029;607,000000000000000
40360111;4dd087ba-2a65-4788-b0a4-79189dd6a01a;12.06.2025 15:32:34;01.01.2025 00:00:00;2025;40360111;Vestheiane;4036;Vinje;0;0;0;Vinje;59,723009153000078;7,234061484000051;608,000000000000000
40360113;4300c3a6-36a5-4c1b-ad83-94b97e93a33b;12.06.2025 15:32:32;01.01.2025 00:00:00;2025;40360113;Songa vest;4036;Vinje;0;0;0;Vinje;59,884265293000055;7,312438008000072;609,000000000000000
40360209;3754c7b2-66bb-4208-bd8b-49e34b9bd1ba;12.06.2025 15:32:33;01.01.2025 00:00:00;2025;40360209;Songa aust;4036;Vinje;0;0;0;Vinje;59,908528623000052;7,528969192000034;610,000000000000000
40360210;51d8fc06-2c4e-421e-b6be-3d1f39690395;12.06.2025 15:32:33;01.01.2025 00:00:00;2025;40360210;Møsvatn vest;4036;Vinje;0;0;0;Vinje;59,973150141000076;7,659526964000065;611,000000000000000
40360211;74932e16-269d-457c-8f94-b500a961b038;12.06.2025 15:32:37;01.01.2025 00:00:00;2025;40360211;Møsvatn aust;4036;Vinje;0;0;0;Vinje;60,072416918000044;7,706619740000065;612,000000000000000
