Sektor,Utslipp (2022)
"Industri, olje og gass",2644629.683471253
Veitrafikk,292812.04895373137
Jordbruk,106551.19677868519
Annen mobil forbrenning,80254.64858738772
Sjøfart,65495.8720518481
Avfall og avløp,55090.03960239174
Annet utslipp,23329.41361515242
