Kommunenummer,Kommune,År,Statistikkvariabel,Antall
00,Hele landet,2000-01-01,Drepte,341
00,Hele landet,2001-01-01,Drepte,275
00,Hele landet,2002-01-01,Drepte,310
00,Hele landet,2003-01-01,Drepte,280
00,Hele landet,2004-01-01,Drepte,257
00,Hele landet,2005-01-01,Drepte,224
00,Hele landet,2006-01-01,Drepte,242
00,Hele landet,2007-01-01,Drepte,233
00,Hele landet,2008-01-01,Drepte,255
00,Hele landet,2009-01-01,Drepte,212
00,Hele landet,2010-01-01,Drepte,208
00,Hele landet,2011-01-01,Drepte,168
00,Hele landet,2012-01-01,Drepte,145
00,Hele landet,2013-01-01,Drepte,187
00,Hele landet,2014-01-01,Drepte,147
00,Hele landet,2015-01-01,Drepte,117
00,Hele landet,2016-01-01,Drepte,135
00,Hele landet,2017-01-01,Drepte,106
00,Hele landet,2018-01-01,Drepte,108
00,Hele landet,2019-01-01,Drepte,108
00,Hele landet,2020-01-01,Drepte,93
00,Hele landet,2021-01-01,Drepte,80
00,Hele landet,2022-01-01,Drepte,116
00,Hele landet,2023-01-01,Drepte,110
00,Hele landet,2024-01-01,Drepte,87
00,Hele landet,2025-01-01,Drepte,106
00,Hele landet,2000-01-01,Dødsulykker,302
00,Hele landet,2001-01-01,Dødsulykker,247
00,Hele landet,2002-01-01,Dødsulykker,272
00,Hele landet,2003-01-01,Dødsulykker,247
00,Hele landet,2004-01-01,Dødsulykker,227
00,Hele landet,2005-01-01,Dødsulykker,202
00,Hele landet,2006-01-01,Dødsulykker,226
00,Hele landet,2007-01-01,Dødsulykker,209
00,Hele landet,2008-01-01,Dødsulykker,237
00,Hele landet,2009-01-01,Dødsulykker,186
00,Hele landet,2010-01-01,Dødsulykker,190
00,Hele landet,2011-01-01,Dødsulykker,158
00,Hele landet,2012-01-01,Dødsulykker,139
00,Hele landet,2013-01-01,Dødsulykker,170
00,Hele landet,2014-01-01,Dødsulykker,135
00,Hele landet,2015-01-01,Dødsulykker,102
00,Hele landet,2016-01-01,Dødsulykker,128
00,Hele landet,2017-01-01,Dødsulykker,102
00,Hele landet,2018-01-01,Dødsulykker,100
00,Hele landet,2019-01-01,Dødsulykker,100
00,Hele landet,2020-01-01,Dødsulykker,89
00,Hele landet,2021-01-01,Dødsulykker,76
00,Hele landet,2022-01-01,Dødsulykker,105
00,Hele landet,2023-01-01,Dødsulykker,95
00,Hele landet,2024-01-01,Dødsulykker,82
00,Hele landet,2025-01-01,Dødsulykker,96
00,Hele landet,2000-01-01,Hardt skadde,1265
00,Hele landet,2001-01-01,Hardt skadde,1043
00,Hele landet,2002-01-01,Hardt skadde,1151
00,Hele landet,2003-01-01,Hardt skadde,994
00,Hele landet,2004-01-01,Hardt skadde,980
00,Hele landet,2005-01-01,Hardt skadde,977
00,Hele landet,2006-01-01,Hardt skadde,940
00,Hele landet,2007-01-01,Hardt skadde,879
00,Hele landet,2008-01-01,Hardt skadde,867
00,Hele landet,2009-01-01,Hardt skadde,751
00,Hele landet,2010-01-01,Hardt skadde,714
00,Hele landet,2011-01-01,Hardt skadde,679
00,Hele landet,2012-01-01,Hardt skadde,699
00,Hele landet,2013-01-01,Hardt skadde,703
00,Hele landet,2014-01-01,Hardt skadde,674
00,Hele landet,2015-01-01,Hardt skadde,693
00,Hele landet,2016-01-01,Hardt skadde,656
00,Hele landet,2017-01-01,Hardt skadde,665
00,Hele landet,2018-01-01,Hardt skadde,602
00,Hele landet,2019-01-01,Hardt skadde,565
00,Hele landet,2020-01-01,Hardt skadde,627
00,Hele landet,2021-01-01,Hardt skadde,569
00,Hele landet,2022-01-01,Hardt skadde,578
00,Hele landet,2023-01-01,Hardt skadde,568
00,Hele landet,2024-01-01,Hardt skadde,578
00,Hele landet,2025-01-01,Hardt skadde,645
00,Hele landet,2000-01-01,Lettere skadde,10397
00,Hele landet,2001-01-01,Lettere skadde,9046
00,Hele landet,2002-01-01,Lettere skadde,10274
00,Hele landet,2003-01-01,Lettere skadde,9402
00,Hele landet,2004-01-01,Lettere skadde,9489
00,Hele landet,2005-01-01,Lettere skadde,9455
00,Hele landet,2006-01-01,Lettere skadde,8866
00,Hele landet,2007-01-01,Lettere skadde,8843
00,Hele landet,2008-01-01,Lettere skadde,8806
00,Hele landet,2009-01-01,Lettere skadde,7790
00,Hele landet,2010-01-01,Lettere skadde,7319
00,Hele landet,2011-01-01,Lettere skadde,7009
00,Hele landet,2012-01-01,Lettere skadde,6713
00,Hele landet,2013-01-01,Lettere skadde,5753
00,Hele landet,2014-01-01,Lettere skadde,5397
00,Hele landet,2015-01-01,Lettere skadde,4831
00,Hele landet,2016-01-01,Lettere skadde,4613
00,Hele landet,2017-01-01,Lettere skadde,4245
00,Hele landet,2018-01-01,Lettere skadde,4078
00,Hele landet,2019-01-01,Lettere skadde,3589
00,Hele landet,2020-01-01,Lettere skadde,3686
00,Hele landet,2021-01-01,Lettere skadde,3889
00,Hele landet,2022-01-01,Lettere skadde,3830
00,Hele landet,2023-01-01,Lettere skadde,3549
00,Hele landet,2024-01-01,Lettere skadde,3257
00,Hele landet,2025-01-01,Lettere skadde,3761
00,Hele landet,2000-01-01,Skadde i alt,11662
00,Hele landet,2001-01-01,Skadde i alt,11522
00,Hele landet,2002-01-01,Skadde i alt,12395
00,Hele landet,2003-01-01,Skadde i alt,11851
00,Hele landet,2004-01-01,Skadde i alt,12121
00,Hele landet,2005-01-01,Skadde i alt,11214
00,Hele landet,2006-01-01,Skadde i alt,11126
00,Hele landet,2007-01-01,Skadde i alt,12082
00,Hele landet,2008-01-01,Skadde i alt,10868
00,Hele landet,2009-01-01,Skadde i alt,9844
00,Hele landet,2010-01-01,Skadde i alt,9130
00,Hele landet,2011-01-01,Skadde i alt,8363
00,Hele landet,2012-01-01,Skadde i alt,8195
00,Hele landet,2013-01-01,Skadde i alt,6842
00,Hele landet,2014-01-01,Skadde i alt,6291
00,Hele landet,2015-01-01,Skadde i alt,5687
00,Hele landet,2016-01-01,Skadde i alt,5539
00,Hele landet,2017-01-01,Skadde i alt,5262
00,Hele landet,2018-01-01,Skadde i alt,4941
00,Hele landet,2019-01-01,Skadde i alt,4358
00,Hele landet,2020-01-01,Skadde i alt,4436
00,Hele landet,2021-01-01,Skadde i alt,4565
00,Hele landet,2022-01-01,Skadde i alt,4485
00,Hele landet,2023-01-01,Skadde i alt,4256
00,Hele landet,2024-01-01,Skadde i alt,4061
00,Hele landet,2025-01-01,Skadde i alt,4503
00,Hele landet,2000-01-01,Ulykker,8440
00,Hele landet,2001-01-01,Ulykker,8244
00,Hele landet,2002-01-01,Ulykker,8724
00,Hele landet,2003-01-01,Ulykker,8266
00,Hele landet,2004-01-01,Ulykker,8425
00,Hele landet,2005-01-01,Ulykker,8078
00,Hele landet,2006-01-01,Ulykker,7925
00,Hele landet,2007-01-01,Ulykker,8182
00,Hele landet,2008-01-01,Ulykker,7726
00,Hele landet,2009-01-01,Ulykker,6922
00,Hele landet,2010-01-01,Ulykker,6434
00,Hele landet,2011-01-01,Ulykker,6079
00,Hele landet,2012-01-01,Ulykker,6154
00,Hele landet,2013-01-01,Ulykker,5241
00,Hele landet,2014-01-01,Ulykker,4972
00,Hele landet,2015-01-01,Ulykker,4563
00,Hele landet,2016-01-01,Ulykker,4374
00,Hele landet,2017-01-01,Ulykker,4086
00,Hele landet,2018-01-01,Ulykker,3898
00,Hele landet,2019-01-01,Ulykker,3579
00,Hele landet,2020-01-01,Ulykker,3585
00,Hele landet,2021-01-01,Ulykker,3719
00,Hele landet,2022-01-01,Ulykker,3527
00,Hele landet,2023-01-01,Ulykker,3359
00,Hele landet,2024-01-01,Ulykker,3166
00,Hele landet,2025-01-01,Ulykker,3644
00,Hele landet,2000-01-01,Uoppgitt skadegrad,0
00,Hele landet,2001-01-01,Uoppgitt skadegrad,1433
00,Hele landet,2002-01-01,Uoppgitt skadegrad,970
00,Hele landet,2003-01-01,Uoppgitt skadegrad,1455
00,Hele landet,2004-01-01,Uoppgitt skadegrad,1652
00,Hele landet,2005-01-01,Uoppgitt skadegrad,782
00,Hele landet,2006-01-01,Uoppgitt skadegrad,1320
00,Hele landet,2007-01-01,Uoppgitt skadegrad,2360
00,Hele landet,2008-01-01,Uoppgitt skadegrad,1195
00,Hele landet,2009-01-01,Uoppgitt skadegrad,1303
00,Hele landet,2010-01-01,Uoppgitt skadegrad,1097
00,Hele landet,2011-01-01,Uoppgitt skadegrad,675
00,Hele landet,2012-01-01,Uoppgitt skadegrad,783
00,Hele landet,2013-01-01,Uoppgitt skadegrad,386
00,Hele landet,2014-01-01,Uoppgitt skadegrad,220
00,Hele landet,2015-01-01,Uoppgitt skadegrad,163
00,Hele landet,2016-01-01,Uoppgitt skadegrad,270
00,Hele landet,2017-01-01,Uoppgitt skadegrad,352
00,Hele landet,2018-01-01,Uoppgitt skadegrad,261
00,Hele landet,2019-01-01,Uoppgitt skadegrad,204
00,Hele landet,2020-01-01,Uoppgitt skadegrad,123
00,Hele landet,2021-01-01,Uoppgitt skadegrad,107
00,Hele landet,2022-01-01,Uoppgitt skadegrad,77
00,Hele landet,2023-01-01,Uoppgitt skadegrad,139
00,Hele landet,2024-01-01,Uoppgitt skadegrad,226
00,Hele landet,2025-01-01,Uoppgitt skadegrad,97
40,Telemark,2000-01-01,Drepte,15
40,Telemark,2001-01-01,Drepte,20
40,Telemark,2002-01-01,Drepte,10
40,Telemark,2003-01-01,Drepte,11
40,Telemark,2004-01-01,Drepte,6
40,Telemark,2005-01-01,Drepte,15
40,Telemark,2006-01-01,Drepte,7
40,Telemark,2007-01-01,Drepte,7
40,Telemark,2008-01-01,Drepte,11
40,Telemark,2009-01-01,Drepte,8
40,Telemark,2010-01-01,Drepte,9
40,Telemark,2011-01-01,Drepte,6
40,Telemark,2012-01-01,Drepte,7
40,Telemark,2013-01-01,Drepte,8
40,Telemark,2014-01-01,Drepte,8
40,Telemark,2015-01-01,Drepte,4
40,Telemark,2016-01-01,Drepte,4
40,Telemark,2017-01-01,Drepte,3
40,Telemark,2018-01-01,Drepte,9
40,Telemark,2019-01-01,Drepte,4
40,Telemark,2020-01-01,Drepte,8
40,Telemark,2021-01-01,Drepte,2
40,Telemark,2022-01-01,Drepte,4
40,Telemark,2023-01-01,Drepte,3
40,Telemark,2024-01-01,Drepte,4
40,Telemark,2025-01-01,Drepte,5
40,Telemark,2000-01-01,Dødsulykker,15
40,Telemark,2001-01-01,Dødsulykker,16
40,Telemark,2002-01-01,Dødsulykker,8
40,Telemark,2003-01-01,Dødsulykker,10
40,Telemark,2004-01-01,Dødsulykker,6
40,Telemark,2005-01-01,Dødsulykker,12
40,Telemark,2006-01-01,Dødsulykker,7
40,Telemark,2007-01-01,Dødsulykker,6
40,Telemark,2008-01-01,Dødsulykker,10
40,Telemark,2009-01-01,Dødsulykker,5
40,Telemark,2010-01-01,Dødsulykker,9
40,Telemark,2011-01-01,Dødsulykker,6
40,Telemark,2012-01-01,Dødsulykker,7
40,Telemark,2013-01-01,Dødsulykker,8
40,Telemark,2014-01-01,Dødsulykker,8
40,Telemark,2015-01-01,Dødsulykker,4
40,Telemark,2016-01-01,Dødsulykker,4
40,Telemark,2017-01-01,Dødsulykker,3
40,Telemark,2018-01-01,Dødsulykker,5
40,Telemark,2019-01-01,Dødsulykker,4
40,Telemark,2020-01-01,Dødsulykker,8
40,Telemark,2021-01-01,Dødsulykker,2
40,Telemark,2022-01-01,Dødsulykker,4
40,Telemark,2023-01-01,Dødsulykker,3
40,Telemark,2024-01-01,Dødsulykker,4
40,Telemark,2025-01-01,Dødsulykker,5
40,Telemark,2000-01-01,Hardt skadde,61
40,Telemark,2001-01-01,Hardt skadde,42
40,Telemark,2002-01-01,Hardt skadde,47
40,Telemark,2003-01-01,Hardt skadde,57
40,Telemark,2004-01-01,Hardt skadde,35
40,Telemark,2005-01-01,Hardt skadde,47
40,Telemark,2006-01-01,Hardt skadde,47
40,Telemark,2007-01-01,Hardt skadde,42
40,Telemark,2008-01-01,Hardt skadde,53
40,Telemark,2009-01-01,Hardt skadde,25
40,Telemark,2010-01-01,Hardt skadde,26
40,Telemark,2011-01-01,Hardt skadde,29
40,Telemark,2012-01-01,Hardt skadde,23
40,Telemark,2013-01-01,Hardt skadde,20
40,Telemark,2014-01-01,Hardt skadde,22
40,Telemark,2015-01-01,Hardt skadde,30
40,Telemark,2016-01-01,Hardt skadde,22
40,Telemark,2017-01-01,Hardt skadde,20
40,Telemark,2018-01-01,Hardt skadde,40
40,Telemark,2019-01-01,Hardt skadde,26
40,Telemark,2020-01-01,Hardt skadde,27
40,Telemark,2021-01-01,Hardt skadde,32
40,Telemark,2022-01-01,Hardt skadde,33
40,Telemark,2023-01-01,Hardt skadde,24
40,Telemark,2024-01-01,Hardt skadde,24
40,Telemark,2025-01-01,Hardt skadde,26
40,Telemark,2000-01-01,Lettere skadde,473
40,Telemark,2001-01-01,Lettere skadde,469
40,Telemark,2002-01-01,Lettere skadde,468
40,Telemark,2003-01-01,Lettere skadde,509
40,Telemark,2004-01-01,Lettere skadde,530
40,Telemark,2005-01-01,Lettere skadde,481
40,Telemark,2006-01-01,Lettere skadde,478
40,Telemark,2007-01-01,Lettere skadde,512
40,Telemark,2008-01-01,Lettere skadde,531
40,Telemark,2009-01-01,Lettere skadde,423
40,Telemark,2010-01-01,Lettere skadde,433
40,Telemark,2011-01-01,Lettere skadde,383
40,Telemark,2012-01-01,Lettere skadde,369
40,Telemark,2013-01-01,Lettere skadde,390
40,Telemark,2014-01-01,Lettere skadde,306
40,Telemark,2015-01-01,Lettere skadde,321
40,Telemark,2016-01-01,Lettere skadde,305
40,Telemark,2017-01-01,Lettere skadde,271
40,Telemark,2018-01-01,Lettere skadde,251
40,Telemark,2019-01-01,Lettere skadde,199
40,Telemark,2020-01-01,Lettere skadde,215
40,Telemark,2021-01-01,Lettere skadde,201
40,Telemark,2022-01-01,Lettere skadde,240
40,Telemark,2023-01-01,Lettere skadde,211
40,Telemark,2024-01-01,Lettere skadde,181
40,Telemark,2025-01-01,Lettere skadde,186
40,Telemark,2000-01-01,Skadde i alt,534
40,Telemark,2001-01-01,Skadde i alt,544
40,Telemark,2002-01-01,Skadde i alt,548
40,Telemark,2003-01-01,Skadde i alt,655
40,Telemark,2004-01-01,Skadde i alt,680
40,Telemark,2005-01-01,Skadde i alt,605
40,Telemark,2006-01-01,Skadde i alt,555
40,Telemark,2007-01-01,Skadde i alt,615
40,Telemark,2008-01-01,Skadde i alt,612
40,Telemark,2009-01-01,Skadde i alt,486
40,Telemark,2010-01-01,Skadde i alt,497
40,Telemark,2011-01-01,Skadde i alt,418
40,Telemark,2012-01-01,Skadde i alt,396
40,Telemark,2013-01-01,Skadde i alt,420
40,Telemark,2014-01-01,Skadde i alt,328
40,Telemark,2015-01-01,Skadde i alt,352
40,Telemark,2016-01-01,Skadde i alt,332
40,Telemark,2017-01-01,Skadde i alt,296
40,Telemark,2018-01-01,Skadde i alt,294
40,Telemark,2019-01-01,Skadde i alt,231
40,Telemark,2020-01-01,Skadde i alt,249
40,Telemark,2021-01-01,Skadde i alt,233
40,Telemark,2022-01-01,Skadde i alt,273
40,Telemark,2023-01-01,Skadde i alt,236
40,Telemark,2024-01-01,Skadde i alt,206
40,Telemark,2025-01-01,Skadde i alt,212
40,Telemark,2000-01-01,Ulykker,379
40,Telemark,2001-01-01,Ulykker,396
40,Telemark,2002-01-01,Ulykker,390
40,Telemark,2003-01-01,Ulykker,452
40,Telemark,2004-01-01,Ulykker,458
40,Telemark,2005-01-01,Ulykker,426
40,Telemark,2006-01-01,Ulykker,402
40,Telemark,2007-01-01,Ulykker,447
40,Telemark,2008-01-01,Ulykker,419
40,Telemark,2009-01-01,Ulykker,324
40,Telemark,2010-01-01,Ulykker,334
40,Telemark,2011-01-01,Ulykker,286
40,Telemark,2012-01-01,Ulykker,295
40,Telemark,2013-01-01,Ulykker,292
40,Telemark,2014-01-01,Ulykker,243
40,Telemark,2015-01-01,Ulykker,274
40,Telemark,2016-01-01,Ulykker,229
40,Telemark,2017-01-01,Ulykker,227
40,Telemark,2018-01-01,Ulykker,218
40,Telemark,2019-01-01,Ulykker,182
40,Telemark,2020-01-01,Ulykker,194
40,Telemark,2021-01-01,Ulykker,182
40,Telemark,2022-01-01,Ulykker,195
40,Telemark,2023-01-01,Ulykker,180
40,Telemark,2024-01-01,Ulykker,166
40,Telemark,2025-01-01,Ulykker,178
40,Telemark,2000-01-01,Uoppgitt skadegrad,0
40,Telemark,2001-01-01,Uoppgitt skadegrad,33
40,Telemark,2002-01-01,Uoppgitt skadegrad,33
40,Telemark,2003-01-01,Uoppgitt skadegrad,89
40,Telemark,2004-01-01,Uoppgitt skadegrad,115
40,Telemark,2005-01-01,Uoppgitt skadegrad,77
40,Telemark,2006-01-01,Uoppgitt skadegrad,30
40,Telemark,2007-01-01,Uoppgitt skadegrad,61
40,Telemark,2008-01-01,Uoppgitt skadegrad,28
40,Telemark,2009-01-01,Uoppgitt skadegrad,38
40,Telemark,2010-01-01,Uoppgitt skadegrad,38
40,Telemark,2011-01-01,Uoppgitt skadegrad,6
40,Telemark,2012-01-01,Uoppgitt skadegrad,4
40,Telemark,2013-01-01,Uoppgitt skadegrad,10
40,Telemark,2014-01-01,Uoppgitt skadegrad,0
40,Telemark,2015-01-01,Uoppgitt skadegrad,1
40,Telemark,2016-01-01,Uoppgitt skadegrad,5
40,Telemark,2017-01-01,Uoppgitt skadegrad,5
40,Telemark,2018-01-01,Uoppgitt skadegrad,3
40,Telemark,2019-01-01,Uoppgitt skadegrad,6
40,Telemark,2020-01-01,Uoppgitt skadegrad,7
40,Telemark,2021-01-01,Uoppgitt skadegrad,0
40,Telemark,2022-01-01,Uoppgitt skadegrad,0
40,Telemark,2023-01-01,Uoppgitt skadegrad,1
40,Telemark,2024-01-01,Uoppgitt skadegrad,1
40,Telemark,2025-01-01,Uoppgitt skadegrad,0
4001,Porsgrunn,2000-01-01,Drepte,2
4001,Porsgrunn,2001-01-01,Drepte,5
4001,Porsgrunn,2002-01-01,Drepte,3
4001,Porsgrunn,2003-01-01,Drepte,2
4001,Porsgrunn,2004-01-01,Drepte,0
4001,Porsgrunn,2005-01-01,Drepte,0
4001,Porsgrunn,2006-01-01,Drepte,1
4001,Porsgrunn,2007-01-01,Drepte,1
4001,Porsgrunn,2008-01-01,Drepte,1
4001,Porsgrunn,2009-01-01,Drepte,1
4001,Porsgrunn,2010-01-01,Drepte,1
4001,Porsgrunn,2011-01-01,Drepte,1
4001,Porsgrunn,2012-01-01,Drepte,0
4001,Porsgrunn,2013-01-01,Drepte,1
4001,Porsgrunn,2014-01-01,Drepte,1
4001,Porsgrunn,2015-01-01,Drepte,1
4001,Porsgrunn,2016-01-01,Drepte,0
4001,Porsgrunn,2017-01-01,Drepte,0
4001,Porsgrunn,2018-01-01,Drepte,1
4001,Porsgrunn,2019-01-01,Drepte,0
4001,Porsgrunn,2020-01-01,Drepte,1
4001,Porsgrunn,2021-01-01,Drepte,0
4001,Porsgrunn,2022-01-01,Drepte,0
4001,Porsgrunn,2023-01-01,Drepte,2
4001,Porsgrunn,2024-01-01,Drepte,0
4001,Porsgrunn,2025-01-01,Drepte,2
4001,Porsgrunn,2000-01-01,Dødsulykker,2
4001,Porsgrunn,2001-01-01,Dødsulykker,3
4001,Porsgrunn,2002-01-01,Dødsulykker,3
4001,Porsgrunn,2003-01-01,Dødsulykker,2
4001,Porsgrunn,2004-01-01,Dødsulykker,0
4001,Porsgrunn,2005-01-01,Dødsulykker,0
4001,Porsgrunn,2006-01-01,Dødsulykker,1
4001,Porsgrunn,2007-01-01,Dødsulykker,1
4001,Porsgrunn,2008-01-01,Dødsulykker,1
4001,Porsgrunn,2009-01-01,Dødsulykker,1
4001,Porsgrunn,2010-01-01,Dødsulykker,1
4001,Porsgrunn,2011-01-01,Dødsulykker,1
4001,Porsgrunn,2012-01-01,Dødsulykker,0
4001,Porsgrunn,2013-01-01,Dødsulykker,1
4001,Porsgrunn,2014-01-01,Dødsulykker,1
4001,Porsgrunn,2015-01-01,Dødsulykker,1
4001,Porsgrunn,2016-01-01,Dødsulykker,0
4001,Porsgrunn,2017-01-01,Dødsulykker,0
4001,Porsgrunn,2018-01-01,Dødsulykker,1
4001,Porsgrunn,2019-01-01,Dødsulykker,0
4001,Porsgrunn,2020-01-01,Dødsulykker,1
4001,Porsgrunn,2021-01-01,Dødsulykker,0
4001,Porsgrunn,2022-01-01,Dødsulykker,0
4001,Porsgrunn,2023-01-01,Dødsulykker,2
4001,Porsgrunn,2024-01-01,Dødsulykker,0
4001,Porsgrunn,2025-01-01,Dødsulykker,2
4001,Porsgrunn,2000-01-01,Hardt skadde,16
4001,Porsgrunn,2001-01-01,Hardt skadde,3
4001,Porsgrunn,2002-01-01,Hardt skadde,4
4001,Porsgrunn,2003-01-01,Hardt skadde,7
4001,Porsgrunn,2004-01-01,Hardt skadde,3
4001,Porsgrunn,2005-01-01,Hardt skadde,5
4001,Porsgrunn,2006-01-01,Hardt skadde,6
4001,Porsgrunn,2007-01-01,Hardt skadde,8
4001,Porsgrunn,2008-01-01,Hardt skadde,9
4001,Porsgrunn,2009-01-01,Hardt skadde,1
4001,Porsgrunn,2010-01-01,Hardt skadde,3
4001,Porsgrunn,2011-01-01,Hardt skadde,2
4001,Porsgrunn,2012-01-01,Hardt skadde,3
4001,Porsgrunn,2013-01-01,Hardt skadde,1
4001,Porsgrunn,2014-01-01,Hardt skadde,3
4001,Porsgrunn,2015-01-01,Hardt skadde,5
4001,Porsgrunn,2016-01-01,Hardt skadde,2
4001,Porsgrunn,2017-01-01,Hardt skadde,2
4001,Porsgrunn,2018-01-01,Hardt skadde,7
4001,Porsgrunn,2019-01-01,Hardt skadde,4
4001,Porsgrunn,2020-01-01,Hardt skadde,2
4001,Porsgrunn,2021-01-01,Hardt skadde,5
4001,Porsgrunn,2022-01-01,Hardt skadde,5
4001,Porsgrunn,2023-01-01,Hardt skadde,3
4001,Porsgrunn,2024-01-01,Hardt skadde,2
4001,Porsgrunn,2025-01-01,Hardt skadde,2
4001,Porsgrunn,2000-01-01,Lettere skadde,138
4001,Porsgrunn,2001-01-01,Lettere skadde,83
4001,Porsgrunn,2002-01-01,Lettere skadde,96
4001,Porsgrunn,2003-01-01,Lettere skadde,84
4001,Porsgrunn,2004-01-01,Lettere skadde,120
4001,Porsgrunn,2005-01-01,Lettere skadde,94
4001,Porsgrunn,2006-01-01,Lettere skadde,84
4001,Porsgrunn,2007-01-01,Lettere skadde,109
4001,Porsgrunn,2008-01-01,Lettere skadde,98
4001,Porsgrunn,2009-01-01,Lettere skadde,70
4001,Porsgrunn,2010-01-01,Lettere skadde,84
4001,Porsgrunn,2011-01-01,Lettere skadde,80
4001,Porsgrunn,2012-01-01,Lettere skadde,67
4001,Porsgrunn,2013-01-01,Lettere skadde,48
4001,Porsgrunn,2014-01-01,Lettere skadde,52
4001,Porsgrunn,2015-01-01,Lettere skadde,71
4001,Porsgrunn,2016-01-01,Lettere skadde,66
4001,Porsgrunn,2017-01-01,Lettere skadde,46
4001,Porsgrunn,2018-01-01,Lettere skadde,47
4001,Porsgrunn,2019-01-01,Lettere skadde,29
4001,Porsgrunn,2020-01-01,Lettere skadde,39
4001,Porsgrunn,2021-01-01,Lettere skadde,29
4001,Porsgrunn,2022-01-01,Lettere skadde,40
4001,Porsgrunn,2023-01-01,Lettere skadde,33
4001,Porsgrunn,2024-01-01,Lettere skadde,35
4001,Porsgrunn,2025-01-01,Lettere skadde,23
4001,Porsgrunn,2000-01-01,Skadde i alt,154
4001,Porsgrunn,2001-01-01,Skadde i alt,109
4001,Porsgrunn,2002-01-01,Skadde i alt,119
4001,Porsgrunn,2003-01-01,Skadde i alt,102
4001,Porsgrunn,2004-01-01,Skadde i alt,151
4001,Porsgrunn,2005-01-01,Skadde i alt,108
4001,Porsgrunn,2006-01-01,Skadde i alt,102
4001,Porsgrunn,2007-01-01,Skadde i alt,129
4001,Porsgrunn,2008-01-01,Skadde i alt,110
4001,Porsgrunn,2009-01-01,Skadde i alt,76
4001,Porsgrunn,2010-01-01,Skadde i alt,94
4001,Porsgrunn,2011-01-01,Skadde i alt,82
4001,Porsgrunn,2012-01-01,Skadde i alt,70
4001,Porsgrunn,2013-01-01,Skadde i alt,49
4001,Porsgrunn,2014-01-01,Skadde i alt,55
4001,Porsgrunn,2015-01-01,Skadde i alt,76
4001,Porsgrunn,2016-01-01,Skadde i alt,69
4001,Porsgrunn,2017-01-01,Skadde i alt,48
4001,Porsgrunn,2018-01-01,Skadde i alt,54
4001,Porsgrunn,2019-01-01,Skadde i alt,34
4001,Porsgrunn,2020-01-01,Skadde i alt,41
4001,Porsgrunn,2021-01-01,Skadde i alt,34
4001,Porsgrunn,2022-01-01,Skadde i alt,45
4001,Porsgrunn,2023-01-01,Skadde i alt,37
4001,Porsgrunn,2024-01-01,Skadde i alt,37
4001,Porsgrunn,2025-01-01,Skadde i alt,25
4001,Porsgrunn,2000-01-01,Ulykker,103
4001,Porsgrunn,2001-01-01,Ulykker,84
4001,Porsgrunn,2002-01-01,Ulykker,82
4001,Porsgrunn,2003-01-01,Ulykker,79
4001,Porsgrunn,2004-01-01,Ulykker,101
4001,Porsgrunn,2005-01-01,Ulykker,77
4001,Porsgrunn,2006-01-01,Ulykker,80
4001,Porsgrunn,2007-01-01,Ulykker,90
4001,Porsgrunn,2008-01-01,Ulykker,71
4001,Porsgrunn,2009-01-01,Ulykker,51
4001,Porsgrunn,2010-01-01,Ulykker,69
4001,Porsgrunn,2011-01-01,Ulykker,53
4001,Porsgrunn,2012-01-01,Ulykker,47
4001,Porsgrunn,2013-01-01,Ulykker,36
4001,Porsgrunn,2014-01-01,Ulykker,38
4001,Porsgrunn,2015-01-01,Ulykker,54
4001,Porsgrunn,2016-01-01,Ulykker,45
4001,Porsgrunn,2017-01-01,Ulykker,37
4001,Porsgrunn,2018-01-01,Ulykker,37
4001,Porsgrunn,2019-01-01,Ulykker,31
4001,Porsgrunn,2020-01-01,Ulykker,33
4001,Porsgrunn,2021-01-01,Ulykker,30
4001,Porsgrunn,2022-01-01,Ulykker,26
4001,Porsgrunn,2023-01-01,Ulykker,31
4001,Porsgrunn,2024-01-01,Ulykker,29
4001,Porsgrunn,2025-01-01,Ulykker,23
4001,Porsgrunn,2000-01-01,Uoppgitt skadegrad,0
4001,Porsgrunn,2001-01-01,Uoppgitt skadegrad,23
4001,Porsgrunn,2002-01-01,Uoppgitt skadegrad,19
4001,Porsgrunn,2003-01-01,Uoppgitt skadegrad,11
4001,Porsgrunn,2004-01-01,Uoppgitt skadegrad,28
4001,Porsgrunn,2005-01-01,Uoppgitt skadegrad,9
4001,Porsgrunn,2006-01-01,Uoppgitt skadegrad,12
4001,Porsgrunn,2007-01-01,Uoppgitt skadegrad,12
4001,Porsgrunn,2008-01-01,Uoppgitt skadegrad,3
4001,Porsgrunn,2009-01-01,Uoppgitt skadegrad,5
4001,Porsgrunn,2010-01-01,Uoppgitt skadegrad,7
4001,Porsgrunn,2011-01-01,Uoppgitt skadegrad,0
4001,Porsgrunn,2012-01-01,Uoppgitt skadegrad,0
4001,Porsgrunn,2013-01-01,Uoppgitt skadegrad,0
4001,Porsgrunn,2014-01-01,Uoppgitt skadegrad,0
4001,Porsgrunn,2015-01-01,Uoppgitt skadegrad,0
4001,Porsgrunn,2016-01-01,Uoppgitt skadegrad,1
4001,Porsgrunn,2017-01-01,Uoppgitt skadegrad,0
4001,Porsgrunn,2018-01-01,Uoppgitt skadegrad,0
4001,Porsgrunn,2019-01-01,Uoppgitt skadegrad,1
4001,Porsgrunn,2020-01-01,Uoppgitt skadegrad,0
4001,Porsgrunn,2021-01-01,Uoppgitt skadegrad,0
4001,Porsgrunn,2022-01-01,Uoppgitt skadegrad,0
4001,Porsgrunn,2023-01-01,Uoppgitt skadegrad,1
4001,Porsgrunn,2024-01-01,Uoppgitt skadegrad,0
4001,Porsgrunn,2025-01-01,Uoppgitt skadegrad,0
4003,Skien,2000-01-01,Drepte,0
4003,Skien,2001-01-01,Drepte,2
4003,Skien,2002-01-01,Drepte,1
4003,Skien,2003-01-01,Drepte,1
4003,Skien,2004-01-01,Drepte,1
4003,Skien,2005-01-01,Drepte,3
4003,Skien,2006-01-01,Drepte,2
4003,Skien,2007-01-01,Drepte,0
4003,Skien,2008-01-01,Drepte,1
4003,Skien,2009-01-01,Drepte,3
4003,Skien,2010-01-01,Drepte,2
4003,Skien,2011-01-01,Drepte,0
4003,Skien,2012-01-01,Drepte,2
4003,Skien,2013-01-01,Drepte,1
4003,Skien,2014-01-01,Drepte,1
4003,Skien,2015-01-01,Drepte,0
4003,Skien,2016-01-01,Drepte,0
4003,Skien,2017-01-01,Drepte,0
4003,Skien,2018-01-01,Drepte,1
4003,Skien,2019-01-01,Drepte,1
4003,Skien,2020-01-01,Drepte,1
4003,Skien,2021-01-01,Drepte,0
4003,Skien,2022-01-01,Drepte,1
4003,Skien,2023-01-01,Drepte,0
4003,Skien,2024-01-01,Drepte,0
4003,Skien,2025-01-01,Drepte,0
4003,Skien,2000-01-01,Dødsulykker,0
4003,Skien,2001-01-01,Dødsulykker,2
4003,Skien,2002-01-01,Dødsulykker,1
4003,Skien,2003-01-01,Dødsulykker,1
4003,Skien,2004-01-01,Dødsulykker,1
4003,Skien,2005-01-01,Dødsulykker,3
4003,Skien,2006-01-01,Dødsulykker,2
4003,Skien,2007-01-01,Dødsulykker,0
4003,Skien,2008-01-01,Dødsulykker,1
4003,Skien,2009-01-01,Dødsulykker,2
4003,Skien,2010-01-01,Dødsulykker,2
4003,Skien,2011-01-01,Dødsulykker,0
4003,Skien,2012-01-01,Dødsulykker,2
4003,Skien,2013-01-01,Dødsulykker,1
4003,Skien,2014-01-01,Dødsulykker,1
4003,Skien,2015-01-01,Dødsulykker,0
4003,Skien,2016-01-01,Dødsulykker,0
4003,Skien,2017-01-01,Dødsulykker,0
4003,Skien,2018-01-01,Dødsulykker,1
4003,Skien,2019-01-01,Dødsulykker,1
4003,Skien,2020-01-01,Dødsulykker,1
4003,Skien,2021-01-01,Dødsulykker,0
4003,Skien,2022-01-01,Dødsulykker,1
4003,Skien,2023-01-01,Dødsulykker,0
4003,Skien,2024-01-01,Dødsulykker,0
4003,Skien,2025-01-01,Dødsulykker,0
4003,Skien,2000-01-01,Hardt skadde,9
4003,Skien,2001-01-01,Hardt skadde,9
4003,Skien,2002-01-01,Hardt skadde,4
4003,Skien,2003-01-01,Hardt skadde,9
4003,Skien,2004-01-01,Hardt skadde,4
4003,Skien,2005-01-01,Hardt skadde,7
4003,Skien,2006-01-01,Hardt skadde,8
4003,Skien,2007-01-01,Hardt skadde,7
4003,Skien,2008-01-01,Hardt skadde,7
4003,Skien,2009-01-01,Hardt skadde,6
4003,Skien,2010-01-01,Hardt skadde,2
4003,Skien,2011-01-01,Hardt skadde,6
4003,Skien,2012-01-01,Hardt skadde,6
4003,Skien,2013-01-01,Hardt skadde,6
4003,Skien,2014-01-01,Hardt skadde,6
4003,Skien,2015-01-01,Hardt skadde,9
4003,Skien,2016-01-01,Hardt skadde,5
4003,Skien,2017-01-01,Hardt skadde,8
4003,Skien,2018-01-01,Hardt skadde,5
4003,Skien,2019-01-01,Hardt skadde,6
4003,Skien,2020-01-01,Hardt skadde,9
4003,Skien,2021-01-01,Hardt skadde,9
4003,Skien,2022-01-01,Hardt skadde,6
4003,Skien,2023-01-01,Hardt skadde,5
4003,Skien,2024-01-01,Hardt skadde,6
4003,Skien,2025-01-01,Hardt skadde,6
4003,Skien,2000-01-01,Lettere skadde,97
4003,Skien,2001-01-01,Lettere skadde,115
4003,Skien,2002-01-01,Lettere skadde,147
4003,Skien,2003-01-01,Lettere skadde,165
4003,Skien,2004-01-01,Lettere skadde,159
4003,Skien,2005-01-01,Lettere skadde,133
4003,Skien,2006-01-01,Lettere skadde,149
4003,Skien,2007-01-01,Lettere skadde,143
4003,Skien,2008-01-01,Lettere skadde,157
4003,Skien,2009-01-01,Lettere skadde,131
4003,Skien,2010-01-01,Lettere skadde,120
4003,Skien,2011-01-01,Lettere skadde,99
4003,Skien,2012-01-01,Lettere skadde,108
4003,Skien,2013-01-01,Lettere skadde,128
4003,Skien,2014-01-01,Lettere skadde,75
4003,Skien,2015-01-01,Lettere skadde,83
4003,Skien,2016-01-01,Lettere skadde,75
4003,Skien,2017-01-01,Lettere skadde,74
4003,Skien,2018-01-01,Lettere skadde,52
4003,Skien,2019-01-01,Lettere skadde,42
4003,Skien,2020-01-01,Lettere skadde,50
4003,Skien,2021-01-01,Lettere skadde,51
4003,Skien,2022-01-01,Lettere skadde,66
4003,Skien,2023-01-01,Lettere skadde,53
4003,Skien,2024-01-01,Lettere skadde,66
4003,Skien,2025-01-01,Lettere skadde,52
4003,Skien,2000-01-01,Skadde i alt,106
4003,Skien,2001-01-01,Skadde i alt,124
4003,Skien,2002-01-01,Skadde i alt,154
4003,Skien,2003-01-01,Skadde i alt,206
4003,Skien,2004-01-01,Skadde i alt,199
4003,Skien,2005-01-01,Skadde i alt,151
4003,Skien,2006-01-01,Skadde i alt,165
4003,Skien,2007-01-01,Skadde i alt,167
4003,Skien,2008-01-01,Skadde i alt,170
4003,Skien,2009-01-01,Skadde i alt,148
4003,Skien,2010-01-01,Skadde i alt,131
4003,Skien,2011-01-01,Skadde i alt,106
4003,Skien,2012-01-01,Skadde i alt,116
4003,Skien,2013-01-01,Skadde i alt,135
4003,Skien,2014-01-01,Skadde i alt,81
4003,Skien,2015-01-01,Skadde i alt,92
4003,Skien,2016-01-01,Skadde i alt,80
4003,Skien,2017-01-01,Skadde i alt,82
4003,Skien,2018-01-01,Skadde i alt,59
4003,Skien,2019-01-01,Skadde i alt,49
4003,Skien,2020-01-01,Skadde i alt,60
4003,Skien,2021-01-01,Skadde i alt,60
4003,Skien,2022-01-01,Skadde i alt,72
4003,Skien,2023-01-01,Skadde i alt,58
4003,Skien,2024-01-01,Skadde i alt,72
4003,Skien,2025-01-01,Skadde i alt,58
4003,Skien,2000-01-01,Ulykker,79
4003,Skien,2001-01-01,Ulykker,92
4003,Skien,2002-01-01,Ulykker,115
4003,Skien,2003-01-01,Ulykker,150
4003,Skien,2004-01-01,Ulykker,142
4003,Skien,2005-01-01,Ulykker,116
4003,Skien,2006-01-01,Ulykker,123
4003,Skien,2007-01-01,Ulykker,128
4003,Skien,2008-01-01,Ulykker,122
4003,Skien,2009-01-01,Ulykker,104
4003,Skien,2010-01-01,Ulykker,82
4003,Skien,2011-01-01,Ulykker,79
4003,Skien,2012-01-01,Ulykker,90
4003,Skien,2013-01-01,Ulykker,92
4003,Skien,2014-01-01,Ulykker,65
4003,Skien,2015-01-01,Ulykker,70
4003,Skien,2016-01-01,Ulykker,63
4003,Skien,2017-01-01,Ulykker,67
4003,Skien,2018-01-01,Ulykker,51
4003,Skien,2019-01-01,Ulykker,46
4003,Skien,2020-01-01,Ulykker,50
4003,Skien,2021-01-01,Ulykker,56
4003,Skien,2022-01-01,Ulykker,52
4003,Skien,2023-01-01,Ulykker,46
4003,Skien,2024-01-01,Ulykker,55
4003,Skien,2025-01-01,Ulykker,49
4003,Skien,2000-01-01,Uoppgitt skadegrad,0
4003,Skien,2001-01-01,Uoppgitt skadegrad,0
4003,Skien,2002-01-01,Uoppgitt skadegrad,3
4003,Skien,2003-01-01,Uoppgitt skadegrad,32
4003,Skien,2004-01-01,Uoppgitt skadegrad,36
4003,Skien,2005-01-01,Uoppgitt skadegrad,11
4003,Skien,2006-01-01,Uoppgitt skadegrad,8
4003,Skien,2007-01-01,Uoppgitt skadegrad,17
4003,Skien,2008-01-01,Uoppgitt skadegrad,6
4003,Skien,2009-01-01,Uoppgitt skadegrad,11
4003,Skien,2010-01-01,Uoppgitt skadegrad,9
4003,Skien,2011-01-01,Uoppgitt skadegrad,1
4003,Skien,2012-01-01,Uoppgitt skadegrad,2
4003,Skien,2013-01-01,Uoppgitt skadegrad,1
4003,Skien,2014-01-01,Uoppgitt skadegrad,0
4003,Skien,2015-01-01,Uoppgitt skadegrad,0
4003,Skien,2016-01-01,Uoppgitt skadegrad,0
4003,Skien,2017-01-01,Uoppgitt skadegrad,0
4003,Skien,2018-01-01,Uoppgitt skadegrad,2
4003,Skien,2019-01-01,Uoppgitt skadegrad,1
4003,Skien,2020-01-01,Uoppgitt skadegrad,1
4003,Skien,2021-01-01,Uoppgitt skadegrad,0
4003,Skien,2022-01-01,Uoppgitt skadegrad,0
4003,Skien,2023-01-01,Uoppgitt skadegrad,0
4003,Skien,2024-01-01,Uoppgitt skadegrad,0
4003,Skien,2025-01-01,Uoppgitt skadegrad,0
4005,Notodden,2000-01-01,Drepte,4
4005,Notodden,2001-01-01,Drepte,3
4005,Notodden,2002-01-01,Drepte,0
4005,Notodden,2003-01-01,Drepte,2
4005,Notodden,2004-01-01,Drepte,1
4005,Notodden,2005-01-01,Drepte,0
4005,Notodden,2006-01-01,Drepte,1
4005,Notodden,2007-01-01,Drepte,2
4005,Notodden,2008-01-01,Drepte,1
4005,Notodden,2009-01-01,Drepte,0
4005,Notodden,2010-01-01,Drepte,1
4005,Notodden,2011-01-01,Drepte,0
4005,Notodden,2012-01-01,Drepte,1
4005,Notodden,2013-01-01,Drepte,1
4005,Notodden,2014-01-01,Drepte,1
4005,Notodden,2015-01-01,Drepte,1
4005,Notodden,2016-01-01,Drepte,1
4005,Notodden,2017-01-01,Drepte,0
4005,Notodden,2018-01-01,Drepte,0
4005,Notodden,2019-01-01,Drepte,1
4005,Notodden,2020-01-01,Drepte,2
4005,Notodden,2021-01-01,Drepte,1
4005,Notodden,2022-01-01,Drepte,0
4005,Notodden,2023-01-01,Drepte,0
4005,Notodden,2024-01-01,Drepte,1
4005,Notodden,2025-01-01,Drepte,0
4005,Notodden,2000-01-01,Dødsulykker,4
4005,Notodden,2001-01-01,Dødsulykker,2
4005,Notodden,2002-01-01,Dødsulykker,0
4005,Notodden,2003-01-01,Dødsulykker,1
4005,Notodden,2004-01-01,Dødsulykker,1
4005,Notodden,2005-01-01,Dødsulykker,0
4005,Notodden,2006-01-01,Dødsulykker,1
4005,Notodden,2007-01-01,Dødsulykker,2
4005,Notodden,2008-01-01,Dødsulykker,1
4005,Notodden,2009-01-01,Dødsulykker,0
4005,Notodden,2010-01-01,Dødsulykker,1
4005,Notodden,2011-01-01,Dødsulykker,0
4005,Notodden,2012-01-01,Dødsulykker,1
4005,Notodden,2013-01-01,Dødsulykker,1
4005,Notodden,2014-01-01,Dødsulykker,1
4005,Notodden,2015-01-01,Dødsulykker,1
4005,Notodden,2016-01-01,Dødsulykker,1
4005,Notodden,2017-01-01,Dødsulykker,0
4005,Notodden,2018-01-01,Dødsulykker,0
4005,Notodden,2019-01-01,Dødsulykker,1
4005,Notodden,2020-01-01,Dødsulykker,2
4005,Notodden,2021-01-01,Dødsulykker,1
4005,Notodden,2022-01-01,Dødsulykker,0
4005,Notodden,2023-01-01,Dødsulykker,0
4005,Notodden,2024-01-01,Dødsulykker,1
4005,Notodden,2025-01-01,Dødsulykker,0
4005,Notodden,2000-01-01,Hardt skadde,5
4005,Notodden,2001-01-01,Hardt skadde,3
4005,Notodden,2002-01-01,Hardt skadde,6
4005,Notodden,2003-01-01,Hardt skadde,5
4005,Notodden,2004-01-01,Hardt skadde,4
4005,Notodden,2005-01-01,Hardt skadde,2
4005,Notodden,2006-01-01,Hardt skadde,2
4005,Notodden,2007-01-01,Hardt skadde,1
4005,Notodden,2008-01-01,Hardt skadde,7
4005,Notodden,2009-01-01,Hardt skadde,3
4005,Notodden,2010-01-01,Hardt skadde,4
4005,Notodden,2011-01-01,Hardt skadde,2
4005,Notodden,2012-01-01,Hardt skadde,2
4005,Notodden,2013-01-01,Hardt skadde,6
4005,Notodden,2014-01-01,Hardt skadde,1
4005,Notodden,2015-01-01,Hardt skadde,3
4005,Notodden,2016-01-01,Hardt skadde,5
4005,Notodden,2017-01-01,Hardt skadde,1
4005,Notodden,2018-01-01,Hardt skadde,9
4005,Notodden,2019-01-01,Hardt skadde,3
4005,Notodden,2020-01-01,Hardt skadde,2
4005,Notodden,2021-01-01,Hardt skadde,6
4005,Notodden,2022-01-01,Hardt skadde,3
4005,Notodden,2023-01-01,Hardt skadde,5
4005,Notodden,2024-01-01,Hardt skadde,4
4005,Notodden,2025-01-01,Hardt skadde,2
4005,Notodden,2000-01-01,Lettere skadde,43
4005,Notodden,2001-01-01,Lettere skadde,73
4005,Notodden,2002-01-01,Lettere skadde,54
4005,Notodden,2003-01-01,Lettere skadde,45
4005,Notodden,2004-01-01,Lettere skadde,45
4005,Notodden,2005-01-01,Lettere skadde,33
4005,Notodden,2006-01-01,Lettere skadde,33
4005,Notodden,2007-01-01,Lettere skadde,52
4005,Notodden,2008-01-01,Lettere skadde,53
4005,Notodden,2009-01-01,Lettere skadde,23
4005,Notodden,2010-01-01,Lettere skadde,38
4005,Notodden,2011-01-01,Lettere skadde,43
4005,Notodden,2012-01-01,Lettere skadde,37
4005,Notodden,2013-01-01,Lettere skadde,38
4005,Notodden,2014-01-01,Lettere skadde,27
4005,Notodden,2015-01-01,Lettere skadde,21
4005,Notodden,2016-01-01,Lettere skadde,26
4005,Notodden,2017-01-01,Lettere skadde,23
4005,Notodden,2018-01-01,Lettere skadde,27
4005,Notodden,2019-01-01,Lettere skadde,24
4005,Notodden,2020-01-01,Lettere skadde,22
4005,Notodden,2021-01-01,Lettere skadde,16
4005,Notodden,2022-01-01,Lettere skadde,22
4005,Notodden,2023-01-01,Lettere skadde,17
4005,Notodden,2024-01-01,Lettere skadde,13
4005,Notodden,2025-01-01,Lettere skadde,21
4005,Notodden,2000-01-01,Skadde i alt,48
4005,Notodden,2001-01-01,Skadde i alt,76
4005,Notodden,2002-01-01,Skadde i alt,60
4005,Notodden,2003-01-01,Skadde i alt,59
4005,Notodden,2004-01-01,Skadde i alt,69
4005,Notodden,2005-01-01,Skadde i alt,50
4005,Notodden,2006-01-01,Skadde i alt,35
4005,Notodden,2007-01-01,Skadde i alt,59
4005,Notodden,2008-01-01,Skadde i alt,66
4005,Notodden,2009-01-01,Skadde i alt,28
4005,Notodden,2010-01-01,Skadde i alt,48
4005,Notodden,2011-01-01,Skadde i alt,48
4005,Notodden,2012-01-01,Skadde i alt,40
4005,Notodden,2013-01-01,Skadde i alt,44
4005,Notodden,2014-01-01,Skadde i alt,28
4005,Notodden,2015-01-01,Skadde i alt,24
4005,Notodden,2016-01-01,Skadde i alt,32
4005,Notodden,2017-01-01,Skadde i alt,24
4005,Notodden,2018-01-01,Skadde i alt,36
4005,Notodden,2019-01-01,Skadde i alt,27
4005,Notodden,2020-01-01,Skadde i alt,24
4005,Notodden,2021-01-01,Skadde i alt,22
4005,Notodden,2022-01-01,Skadde i alt,25
4005,Notodden,2023-01-01,Skadde i alt,22
4005,Notodden,2024-01-01,Skadde i alt,17
4005,Notodden,2025-01-01,Skadde i alt,23
4005,Notodden,2000-01-01,Ulykker,33
4005,Notodden,2001-01-01,Ulykker,53
4005,Notodden,2002-01-01,Ulykker,47
4005,Notodden,2003-01-01,Ulykker,42
4005,Notodden,2004-01-01,Ulykker,44
4005,Notodden,2005-01-01,Ulykker,39
4005,Notodden,2006-01-01,Ulykker,30
4005,Notodden,2007-01-01,Ulykker,46
4005,Notodden,2008-01-01,Ulykker,41
4005,Notodden,2009-01-01,Ulykker,19
4005,Notodden,2010-01-01,Ulykker,34
4005,Notodden,2011-01-01,Ulykker,32
4005,Notodden,2012-01-01,Ulykker,34
4005,Notodden,2013-01-01,Ulykker,31
4005,Notodden,2014-01-01,Ulykker,22
4005,Notodden,2015-01-01,Ulykker,22
4005,Notodden,2016-01-01,Ulykker,17
4005,Notodden,2017-01-01,Ulykker,17
4005,Notodden,2018-01-01,Ulykker,23
4005,Notodden,2019-01-01,Ulykker,19
4005,Notodden,2020-01-01,Ulykker,16
4005,Notodden,2021-01-01,Ulykker,15
4005,Notodden,2022-01-01,Ulykker,23
4005,Notodden,2023-01-01,Ulykker,20
4005,Notodden,2024-01-01,Ulykker,16
4005,Notodden,2025-01-01,Ulykker,20
4005,Notodden,2000-01-01,Uoppgitt skadegrad,0
4005,Notodden,2001-01-01,Uoppgitt skadegrad,0
4005,Notodden,2002-01-01,Uoppgitt skadegrad,0
4005,Notodden,2003-01-01,Uoppgitt skadegrad,9
4005,Notodden,2004-01-01,Uoppgitt skadegrad,20
4005,Notodden,2005-01-01,Uoppgitt skadegrad,15
4005,Notodden,2006-01-01,Uoppgitt skadegrad,0
4005,Notodden,2007-01-01,Uoppgitt skadegrad,6
4005,Notodden,2008-01-01,Uoppgitt skadegrad,6
4005,Notodden,2009-01-01,Uoppgitt skadegrad,2
4005,Notodden,2010-01-01,Uoppgitt skadegrad,6
4005,Notodden,2011-01-01,Uoppgitt skadegrad,3
4005,Notodden,2012-01-01,Uoppgitt skadegrad,1
4005,Notodden,2013-01-01,Uoppgitt skadegrad,0
4005,Notodden,2014-01-01,Uoppgitt skadegrad,0
4005,Notodden,2015-01-01,Uoppgitt skadegrad,0
4005,Notodden,2016-01-01,Uoppgitt skadegrad,1
4005,Notodden,2017-01-01,Uoppgitt skadegrad,0
4005,Notodden,2018-01-01,Uoppgitt skadegrad,0
4005,Notodden,2019-01-01,Uoppgitt skadegrad,0
4005,Notodden,2020-01-01,Uoppgitt skadegrad,0
4005,Notodden,2021-01-01,Uoppgitt skadegrad,0
4005,Notodden,2022-01-01,Uoppgitt skadegrad,0
4005,Notodden,2023-01-01,Uoppgitt skadegrad,0
4005,Notodden,2024-01-01,Uoppgitt skadegrad,0
4005,Notodden,2025-01-01,Uoppgitt skadegrad,0
4010,Siljan,2000-01-01,Drepte,0
4010,Siljan,2001-01-01,Drepte,0
4010,Siljan,2002-01-01,Drepte,0
4010,Siljan,2003-01-01,Drepte,0
4010,Siljan,2004-01-01,Drepte,0
4010,Siljan,2005-01-01,Drepte,0
4010,Siljan,2006-01-01,Drepte,0
4010,Siljan,2007-01-01,Drepte,0
4010,Siljan,2008-01-01,Drepte,0
4010,Siljan,2009-01-01,Drepte,0
4010,Siljan,2010-01-01,Drepte,0
4010,Siljan,2011-01-01,Drepte,0
4010,Siljan,2012-01-01,Drepte,0
4010,Siljan,2013-01-01,Drepte,0
4010,Siljan,2014-01-01,Drepte,0
4010,Siljan,2015-01-01,Drepte,0
4010,Siljan,2016-01-01,Drepte,0
4010,Siljan,2017-01-01,Drepte,0
4010,Siljan,2018-01-01,Drepte,0
4010,Siljan,2019-01-01,Drepte,0
4010,Siljan,2020-01-01,Drepte,0
4010,Siljan,2021-01-01,Drepte,0
4010,Siljan,2022-01-01,Drepte,1
4010,Siljan,2023-01-01,Drepte,0
4010,Siljan,2024-01-01,Drepte,0
4010,Siljan,2025-01-01,Drepte,0
4010,Siljan,2000-01-01,Dødsulykker,0
4010,Siljan,2001-01-01,Dødsulykker,0
4010,Siljan,2002-01-01,Dødsulykker,0
4010,Siljan,2003-01-01,Dødsulykker,0
4010,Siljan,2004-01-01,Dødsulykker,0
4010,Siljan,2005-01-01,Dødsulykker,0
4010,Siljan,2006-01-01,Dødsulykker,0
4010,Siljan,2007-01-01,Dødsulykker,0
4010,Siljan,2008-01-01,Dødsulykker,0
4010,Siljan,2009-01-01,Dødsulykker,0
4010,Siljan,2010-01-01,Dødsulykker,0
4010,Siljan,2011-01-01,Dødsulykker,0
4010,Siljan,2012-01-01,Dødsulykker,0
4010,Siljan,2013-01-01,Dødsulykker,0
4010,Siljan,2014-01-01,Dødsulykker,0
4010,Siljan,2015-01-01,Dødsulykker,0
4010,Siljan,2016-01-01,Dødsulykker,0
4010,Siljan,2017-01-01,Dødsulykker,0
4010,Siljan,2018-01-01,Dødsulykker,0
4010,Siljan,2019-01-01,Dødsulykker,0
4010,Siljan,2020-01-01,Dødsulykker,0
4010,Siljan,2021-01-01,Dødsulykker,0
4010,Siljan,2022-01-01,Dødsulykker,1
4010,Siljan,2023-01-01,Dødsulykker,0
4010,Siljan,2024-01-01,Dødsulykker,0
4010,Siljan,2025-01-01,Dødsulykker,0
4010,Siljan,2000-01-01,Hardt skadde,2
4010,Siljan,2001-01-01,Hardt skadde,2
4010,Siljan,2002-01-01,Hardt skadde,1
4010,Siljan,2003-01-01,Hardt skadde,0
4010,Siljan,2004-01-01,Hardt skadde,3
4010,Siljan,2005-01-01,Hardt skadde,0
4010,Siljan,2006-01-01,Hardt skadde,0
4010,Siljan,2007-01-01,Hardt skadde,1
4010,Siljan,2008-01-01,Hardt skadde,0
4010,Siljan,2009-01-01,Hardt skadde,0
4010,Siljan,2010-01-01,Hardt skadde,0
4010,Siljan,2011-01-01,Hardt skadde,2
4010,Siljan,2012-01-01,Hardt skadde,0
4010,Siljan,2013-01-01,Hardt skadde,0
4010,Siljan,2014-01-01,Hardt skadde,0
4010,Siljan,2015-01-01,Hardt skadde,0
4010,Siljan,2016-01-01,Hardt skadde,1
4010,Siljan,2017-01-01,Hardt skadde,1
4010,Siljan,2018-01-01,Hardt skadde,1
4010,Siljan,2019-01-01,Hardt skadde,0
4010,Siljan,2020-01-01,Hardt skadde,0
4010,Siljan,2021-01-01,Hardt skadde,1
4010,Siljan,2022-01-01,Hardt skadde,0
4010,Siljan,2023-01-01,Hardt skadde,1
4010,Siljan,2024-01-01,Hardt skadde,0
4010,Siljan,2025-01-01,Hardt skadde,3
4010,Siljan,2000-01-01,Lettere skadde,3
4010,Siljan,2001-01-01,Lettere skadde,4
4010,Siljan,2002-01-01,Lettere skadde,9
4010,Siljan,2003-01-01,Lettere skadde,9
4010,Siljan,2004-01-01,Lettere skadde,8
4010,Siljan,2005-01-01,Lettere skadde,5
4010,Siljan,2006-01-01,Lettere skadde,5
4010,Siljan,2007-01-01,Lettere skadde,12
4010,Siljan,2008-01-01,Lettere skadde,1
4010,Siljan,2009-01-01,Lettere skadde,6
4010,Siljan,2010-01-01,Lettere skadde,8
4010,Siljan,2011-01-01,Lettere skadde,6
4010,Siljan,2012-01-01,Lettere skadde,7
4010,Siljan,2013-01-01,Lettere skadde,8
4010,Siljan,2014-01-01,Lettere skadde,4
4010,Siljan,2015-01-01,Lettere skadde,8
4010,Siljan,2016-01-01,Lettere skadde,0
4010,Siljan,2017-01-01,Lettere skadde,9
4010,Siljan,2018-01-01,Lettere skadde,2
4010,Siljan,2019-01-01,Lettere skadde,8
4010,Siljan,2020-01-01,Lettere skadde,4
4010,Siljan,2021-01-01,Lettere skadde,1
4010,Siljan,2022-01-01,Lettere skadde,3
4010,Siljan,2023-01-01,Lettere skadde,5
4010,Siljan,2024-01-01,Lettere skadde,1
4010,Siljan,2025-01-01,Lettere skadde,2
4010,Siljan,2000-01-01,Skadde i alt,5
4010,Siljan,2001-01-01,Skadde i alt,6
4010,Siljan,2002-01-01,Skadde i alt,10
4010,Siljan,2003-01-01,Skadde i alt,9
4010,Siljan,2004-01-01,Skadde i alt,13
4010,Siljan,2005-01-01,Skadde i alt,5
4010,Siljan,2006-01-01,Skadde i alt,5
4010,Siljan,2007-01-01,Skadde i alt,13
4010,Siljan,2008-01-01,Skadde i alt,1
4010,Siljan,2009-01-01,Skadde i alt,6
4010,Siljan,2010-01-01,Skadde i alt,8
4010,Siljan,2011-01-01,Skadde i alt,8
4010,Siljan,2012-01-01,Skadde i alt,7
4010,Siljan,2013-01-01,Skadde i alt,10
4010,Siljan,2014-01-01,Skadde i alt,4
4010,Siljan,2015-01-01,Skadde i alt,8
4010,Siljan,2016-01-01,Skadde i alt,1
4010,Siljan,2017-01-01,Skadde i alt,10
4010,Siljan,2018-01-01,Skadde i alt,3
4010,Siljan,2019-01-01,Skadde i alt,8
4010,Siljan,2020-01-01,Skadde i alt,4
4010,Siljan,2021-01-01,Skadde i alt,2
4010,Siljan,2022-01-01,Skadde i alt,3
4010,Siljan,2023-01-01,Skadde i alt,6
4010,Siljan,2024-01-01,Skadde i alt,1
4010,Siljan,2025-01-01,Skadde i alt,5
4010,Siljan,2000-01-01,Ulykker,4
4010,Siljan,2001-01-01,Ulykker,5
4010,Siljan,2002-01-01,Ulykker,6
4010,Siljan,2003-01-01,Ulykker,4
4010,Siljan,2004-01-01,Ulykker,6
4010,Siljan,2005-01-01,Ulykker,5
4010,Siljan,2006-01-01,Ulykker,3
4010,Siljan,2007-01-01,Ulykker,8
4010,Siljan,2008-01-01,Ulykker,1
4010,Siljan,2009-01-01,Ulykker,4
4010,Siljan,2010-01-01,Ulykker,5
4010,Siljan,2011-01-01,Ulykker,7
4010,Siljan,2012-01-01,Ulykker,5
4010,Siljan,2013-01-01,Ulykker,5
4010,Siljan,2014-01-01,Ulykker,4
4010,Siljan,2015-01-01,Ulykker,5
4010,Siljan,2016-01-01,Ulykker,1
4010,Siljan,2017-01-01,Ulykker,7
4010,Siljan,2018-01-01,Ulykker,2
4010,Siljan,2019-01-01,Ulykker,5
4010,Siljan,2020-01-01,Ulykker,3
4010,Siljan,2021-01-01,Ulykker,2
4010,Siljan,2022-01-01,Ulykker,3
4010,Siljan,2023-01-01,Ulykker,5
4010,Siljan,2024-01-01,Ulykker,1
4010,Siljan,2025-01-01,Ulykker,4
4010,Siljan,2000-01-01,Uoppgitt skadegrad,0
4010,Siljan,2001-01-01,Uoppgitt skadegrad,0
4010,Siljan,2002-01-01,Uoppgitt skadegrad,0
4010,Siljan,2003-01-01,Uoppgitt skadegrad,0
4010,Siljan,2004-01-01,Uoppgitt skadegrad,2
4010,Siljan,2005-01-01,Uoppgitt skadegrad,0
4010,Siljan,2006-01-01,Uoppgitt skadegrad,0
4010,Siljan,2007-01-01,Uoppgitt skadegrad,0
4010,Siljan,2008-01-01,Uoppgitt skadegrad,0
4010,Siljan,2009-01-01,Uoppgitt skadegrad,0
4010,Siljan,2010-01-01,Uoppgitt skadegrad,0
4010,Siljan,2011-01-01,Uoppgitt skadegrad,0
4010,Siljan,2012-01-01,Uoppgitt skadegrad,0
4010,Siljan,2013-01-01,Uoppgitt skadegrad,2
4010,Siljan,2014-01-01,Uoppgitt skadegrad,0
4010,Siljan,2015-01-01,Uoppgitt skadegrad,0
4010,Siljan,2016-01-01,Uoppgitt skadegrad,0
4010,Siljan,2017-01-01,Uoppgitt skadegrad,0
4010,Siljan,2018-01-01,Uoppgitt skadegrad,0
4010,Siljan,2019-01-01,Uoppgitt skadegrad,0
4010,Siljan,2020-01-01,Uoppgitt skadegrad,0
4010,Siljan,2021-01-01,Uoppgitt skadegrad,0
4010,Siljan,2022-01-01,Uoppgitt skadegrad,0
4010,Siljan,2023-01-01,Uoppgitt skadegrad,0
4010,Siljan,2024-01-01,Uoppgitt skadegrad,0
4010,Siljan,2025-01-01,Uoppgitt skadegrad,0
4012,Bamble,2000-01-01,Drepte,2
4012,Bamble,2001-01-01,Drepte,2
4012,Bamble,2002-01-01,Drepte,0
4012,Bamble,2003-01-01,Drepte,0
4012,Bamble,2004-01-01,Drepte,0
4012,Bamble,2005-01-01,Drepte,3
4012,Bamble,2006-01-01,Drepte,0
4012,Bamble,2007-01-01,Drepte,0
4012,Bamble,2008-01-01,Drepte,4
4012,Bamble,2009-01-01,Drepte,3
4012,Bamble,2010-01-01,Drepte,1
4012,Bamble,2011-01-01,Drepte,1
4012,Bamble,2012-01-01,Drepte,3
4012,Bamble,2013-01-01,Drepte,1
4012,Bamble,2014-01-01,Drepte,0
4012,Bamble,2015-01-01,Drepte,0
4012,Bamble,2016-01-01,Drepte,1
4012,Bamble,2017-01-01,Drepte,0
4012,Bamble,2018-01-01,Drepte,0
4012,Bamble,2019-01-01,Drepte,0
4012,Bamble,2020-01-01,Drepte,1
4012,Bamble,2021-01-01,Drepte,1
4012,Bamble,2022-01-01,Drepte,0
4012,Bamble,2023-01-01,Drepte,0
4012,Bamble,2024-01-01,Drepte,0
4012,Bamble,2025-01-01,Drepte,0
4012,Bamble,2000-01-01,Dødsulykker,2
4012,Bamble,2001-01-01,Dødsulykker,1
4012,Bamble,2002-01-01,Dødsulykker,0
4012,Bamble,2003-01-01,Dødsulykker,0
4012,Bamble,2004-01-01,Dødsulykker,0
4012,Bamble,2005-01-01,Dødsulykker,2
4012,Bamble,2006-01-01,Dødsulykker,0
4012,Bamble,2007-01-01,Dødsulykker,0
4012,Bamble,2008-01-01,Dødsulykker,3
4012,Bamble,2009-01-01,Dødsulykker,1
4012,Bamble,2010-01-01,Dødsulykker,1
4012,Bamble,2011-01-01,Dødsulykker,1
4012,Bamble,2012-01-01,Dødsulykker,3
4012,Bamble,2013-01-01,Dødsulykker,1
4012,Bamble,2014-01-01,Dødsulykker,0
4012,Bamble,2015-01-01,Dødsulykker,0
4012,Bamble,2016-01-01,Dødsulykker,1
4012,Bamble,2017-01-01,Dødsulykker,0
4012,Bamble,2018-01-01,Dødsulykker,0
4012,Bamble,2019-01-01,Dødsulykker,0
4012,Bamble,2020-01-01,Dødsulykker,1
4012,Bamble,2021-01-01,Dødsulykker,1
4012,Bamble,2022-01-01,Dødsulykker,0
4012,Bamble,2023-01-01,Dødsulykker,0
4012,Bamble,2024-01-01,Dødsulykker,0
4012,Bamble,2025-01-01,Dødsulykker,0
4012,Bamble,2000-01-01,Hardt skadde,6
4012,Bamble,2001-01-01,Hardt skadde,5
4012,Bamble,2002-01-01,Hardt skadde,7
4012,Bamble,2003-01-01,Hardt skadde,12
4012,Bamble,2004-01-01,Hardt skadde,3
4012,Bamble,2005-01-01,Hardt skadde,8
4012,Bamble,2006-01-01,Hardt skadde,1
4012,Bamble,2007-01-01,Hardt skadde,2
4012,Bamble,2008-01-01,Hardt skadde,8
4012,Bamble,2009-01-01,Hardt skadde,1
4012,Bamble,2010-01-01,Hardt skadde,1
4012,Bamble,2011-01-01,Hardt skadde,1
4012,Bamble,2012-01-01,Hardt skadde,3
4012,Bamble,2013-01-01,Hardt skadde,2
4012,Bamble,2014-01-01,Hardt skadde,2
4012,Bamble,2015-01-01,Hardt skadde,2
4012,Bamble,2016-01-01,Hardt skadde,1
4012,Bamble,2017-01-01,Hardt skadde,1
4012,Bamble,2018-01-01,Hardt skadde,1
4012,Bamble,2019-01-01,Hardt skadde,0
4012,Bamble,2020-01-01,Hardt skadde,4
4012,Bamble,2021-01-01,Hardt skadde,4
4012,Bamble,2022-01-01,Hardt skadde,7
4012,Bamble,2023-01-01,Hardt skadde,1
4012,Bamble,2024-01-01,Hardt skadde,0
4012,Bamble,2025-01-01,Hardt skadde,1
4012,Bamble,2000-01-01,Lettere skadde,36
4012,Bamble,2001-01-01,Lettere skadde,52
4012,Bamble,2002-01-01,Lettere skadde,35
4012,Bamble,2003-01-01,Lettere skadde,51
4012,Bamble,2004-01-01,Lettere skadde,40
4012,Bamble,2005-01-01,Lettere skadde,51
4012,Bamble,2006-01-01,Lettere skadde,62
4012,Bamble,2007-01-01,Lettere skadde,36
4012,Bamble,2008-01-01,Lettere skadde,42
4012,Bamble,2009-01-01,Lettere skadde,47
4012,Bamble,2010-01-01,Lettere skadde,36
4012,Bamble,2011-01-01,Lettere skadde,42
4012,Bamble,2012-01-01,Lettere skadde,25
4012,Bamble,2013-01-01,Lettere skadde,26
4012,Bamble,2014-01-01,Lettere skadde,36
4012,Bamble,2015-01-01,Lettere skadde,21
4012,Bamble,2016-01-01,Lettere skadde,13
4012,Bamble,2017-01-01,Lettere skadde,14
4012,Bamble,2018-01-01,Lettere skadde,32
4012,Bamble,2019-01-01,Lettere skadde,14
4012,Bamble,2020-01-01,Lettere skadde,12
4012,Bamble,2021-01-01,Lettere skadde,26
4012,Bamble,2022-01-01,Lettere skadde,10
4012,Bamble,2023-01-01,Lettere skadde,12
4012,Bamble,2024-01-01,Lettere skadde,13
4012,Bamble,2025-01-01,Lettere skadde,14
4012,Bamble,2000-01-01,Skadde i alt,42
4012,Bamble,2001-01-01,Skadde i alt,61
4012,Bamble,2002-01-01,Skadde i alt,44
4012,Bamble,2003-01-01,Skadde i alt,77
4012,Bamble,2004-01-01,Skadde i alt,58
4012,Bamble,2005-01-01,Skadde i alt,78
4012,Bamble,2006-01-01,Skadde i alt,63
4012,Bamble,2007-01-01,Skadde i alt,47
4012,Bamble,2008-01-01,Skadde i alt,54
4012,Bamble,2009-01-01,Skadde i alt,54
4012,Bamble,2010-01-01,Skadde i alt,41
4012,Bamble,2011-01-01,Skadde i alt,44
4012,Bamble,2012-01-01,Skadde i alt,28
4012,Bamble,2013-01-01,Skadde i alt,30
4012,Bamble,2014-01-01,Skadde i alt,38
4012,Bamble,2015-01-01,Skadde i alt,23
4012,Bamble,2016-01-01,Skadde i alt,14
4012,Bamble,2017-01-01,Skadde i alt,16
4012,Bamble,2018-01-01,Skadde i alt,34
4012,Bamble,2019-01-01,Skadde i alt,14
4012,Bamble,2020-01-01,Skadde i alt,20
4012,Bamble,2021-01-01,Skadde i alt,30
4012,Bamble,2022-01-01,Skadde i alt,17
4012,Bamble,2023-01-01,Skadde i alt,13
4012,Bamble,2024-01-01,Skadde i alt,13
4012,Bamble,2025-01-01,Skadde i alt,15
4012,Bamble,2000-01-01,Ulykker,33
4012,Bamble,2001-01-01,Ulykker,38
4012,Bamble,2002-01-01,Ulykker,25
4012,Bamble,2003-01-01,Ulykker,44
4012,Bamble,2004-01-01,Ulykker,34
4012,Bamble,2005-01-01,Ulykker,41
4012,Bamble,2006-01-01,Ulykker,36
4012,Bamble,2007-01-01,Ulykker,31
4012,Bamble,2008-01-01,Ulykker,35
4012,Bamble,2009-01-01,Ulykker,32
4012,Bamble,2010-01-01,Ulykker,27
4012,Bamble,2011-01-01,Ulykker,24
4012,Bamble,2012-01-01,Ulykker,21
4012,Bamble,2013-01-01,Ulykker,18
4012,Bamble,2014-01-01,Ulykker,26
4012,Bamble,2015-01-01,Ulykker,17
4012,Bamble,2016-01-01,Ulykker,13
4012,Bamble,2017-01-01,Ulykker,14
4012,Bamble,2018-01-01,Ulykker,18
4012,Bamble,2019-01-01,Ulykker,12
4012,Bamble,2020-01-01,Ulykker,14
4012,Bamble,2021-01-01,Ulykker,21
4012,Bamble,2022-01-01,Ulykker,10
4012,Bamble,2023-01-01,Ulykker,9
4012,Bamble,2024-01-01,Ulykker,11
4012,Bamble,2025-01-01,Ulykker,11
4012,Bamble,2000-01-01,Uoppgitt skadegrad,0
4012,Bamble,2001-01-01,Uoppgitt skadegrad,4
4012,Bamble,2002-01-01,Uoppgitt skadegrad,2
4012,Bamble,2003-01-01,Uoppgitt skadegrad,14
4012,Bamble,2004-01-01,Uoppgitt skadegrad,15
4012,Bamble,2005-01-01,Uoppgitt skadegrad,19
4012,Bamble,2006-01-01,Uoppgitt skadegrad,0
4012,Bamble,2007-01-01,Uoppgitt skadegrad,9
4012,Bamble,2008-01-01,Uoppgitt skadegrad,4
4012,Bamble,2009-01-01,Uoppgitt skadegrad,6
4012,Bamble,2010-01-01,Uoppgitt skadegrad,4
4012,Bamble,2011-01-01,Uoppgitt skadegrad,1
4012,Bamble,2012-01-01,Uoppgitt skadegrad,0
4012,Bamble,2013-01-01,Uoppgitt skadegrad,2
4012,Bamble,2014-01-01,Uoppgitt skadegrad,0
4012,Bamble,2015-01-01,Uoppgitt skadegrad,0
4012,Bamble,2016-01-01,Uoppgitt skadegrad,0
4012,Bamble,2017-01-01,Uoppgitt skadegrad,1
4012,Bamble,2018-01-01,Uoppgitt skadegrad,1
4012,Bamble,2019-01-01,Uoppgitt skadegrad,0
4012,Bamble,2020-01-01,Uoppgitt skadegrad,4
4012,Bamble,2021-01-01,Uoppgitt skadegrad,0
4012,Bamble,2022-01-01,Uoppgitt skadegrad,0
4012,Bamble,2023-01-01,Uoppgitt skadegrad,0
4012,Bamble,2024-01-01,Uoppgitt skadegrad,0
4012,Bamble,2025-01-01,Uoppgitt skadegrad,0
4014,Kragerø,2000-01-01,Drepte,0
4014,Kragerø,2001-01-01,Drepte,0
4014,Kragerø,2002-01-01,Drepte,1
4014,Kragerø,2003-01-01,Drepte,2
4014,Kragerø,2004-01-01,Drepte,1
4014,Kragerø,2005-01-01,Drepte,0
4014,Kragerø,2006-01-01,Drepte,0
4014,Kragerø,2007-01-01,Drepte,1
4014,Kragerø,2008-01-01,Drepte,1
4014,Kragerø,2009-01-01,Drepte,0
4014,Kragerø,2010-01-01,Drepte,0
4014,Kragerø,2011-01-01,Drepte,1
4014,Kragerø,2012-01-01,Drepte,0
4014,Kragerø,2013-01-01,Drepte,1
4014,Kragerø,2014-01-01,Drepte,0
4014,Kragerø,2015-01-01,Drepte,0
4014,Kragerø,2016-01-01,Drepte,0
4014,Kragerø,2017-01-01,Drepte,0
4014,Kragerø,2018-01-01,Drepte,0
4014,Kragerø,2019-01-01,Drepte,0
4014,Kragerø,2020-01-01,Drepte,0
4014,Kragerø,2021-01-01,Drepte,0
4014,Kragerø,2022-01-01,Drepte,0
4014,Kragerø,2023-01-01,Drepte,0
4014,Kragerø,2024-01-01,Drepte,1
4014,Kragerø,2025-01-01,Drepte,1
4014,Kragerø,2000-01-01,Dødsulykker,0
4014,Kragerø,2001-01-01,Dødsulykker,0
4014,Kragerø,2002-01-01,Dødsulykker,1
4014,Kragerø,2003-01-01,Dødsulykker,2
4014,Kragerø,2004-01-01,Dødsulykker,1
4014,Kragerø,2005-01-01,Dødsulykker,0
4014,Kragerø,2006-01-01,Dødsulykker,0
4014,Kragerø,2007-01-01,Dødsulykker,1
4014,Kragerø,2008-01-01,Dødsulykker,1
4014,Kragerø,2009-01-01,Dødsulykker,0
4014,Kragerø,2010-01-01,Dødsulykker,0
4014,Kragerø,2011-01-01,Dødsulykker,1
4014,Kragerø,2012-01-01,Dødsulykker,0
4014,Kragerø,2013-01-01,Dødsulykker,1
4014,Kragerø,2014-01-01,Dødsulykker,0
4014,Kragerø,2015-01-01,Dødsulykker,0
4014,Kragerø,2016-01-01,Dødsulykker,0
4014,Kragerø,2017-01-01,Dødsulykker,0
4014,Kragerø,2018-01-01,Dødsulykker,0
4014,Kragerø,2019-01-01,Dødsulykker,0
4014,Kragerø,2020-01-01,Dødsulykker,0
4014,Kragerø,2021-01-01,Dødsulykker,0
4014,Kragerø,2022-01-01,Dødsulykker,0
4014,Kragerø,2023-01-01,Dødsulykker,0
4014,Kragerø,2024-01-01,Dødsulykker,1
4014,Kragerø,2025-01-01,Dødsulykker,1
4014,Kragerø,2000-01-01,Hardt skadde,2
4014,Kragerø,2001-01-01,Hardt skadde,3
4014,Kragerø,2002-01-01,Hardt skadde,5
4014,Kragerø,2003-01-01,Hardt skadde,4
4014,Kragerø,2004-01-01,Hardt skadde,0
4014,Kragerø,2005-01-01,Hardt skadde,0
4014,Kragerø,2006-01-01,Hardt skadde,8
4014,Kragerø,2007-01-01,Hardt skadde,7
4014,Kragerø,2008-01-01,Hardt skadde,3
4014,Kragerø,2009-01-01,Hardt skadde,0
4014,Kragerø,2010-01-01,Hardt skadde,1
4014,Kragerø,2011-01-01,Hardt skadde,2
4014,Kragerø,2012-01-01,Hardt skadde,0
4014,Kragerø,2013-01-01,Hardt skadde,0
4014,Kragerø,2014-01-01,Hardt skadde,2
4014,Kragerø,2015-01-01,Hardt skadde,0
4014,Kragerø,2016-01-01,Hardt skadde,1
4014,Kragerø,2017-01-01,Hardt skadde,0
4014,Kragerø,2018-01-01,Hardt skadde,1
4014,Kragerø,2019-01-01,Hardt skadde,1
4014,Kragerø,2020-01-01,Hardt skadde,0
4014,Kragerø,2021-01-01,Hardt skadde,1
4014,Kragerø,2022-01-01,Hardt skadde,0
4014,Kragerø,2023-01-01,Hardt skadde,1
4014,Kragerø,2024-01-01,Hardt skadde,1
4014,Kragerø,2025-01-01,Hardt skadde,1
4014,Kragerø,2000-01-01,Lettere skadde,27
4014,Kragerø,2001-01-01,Lettere skadde,15
4014,Kragerø,2002-01-01,Lettere skadde,24
4014,Kragerø,2003-01-01,Lettere skadde,16
4014,Kragerø,2004-01-01,Lettere skadde,20
4014,Kragerø,2005-01-01,Lettere skadde,30
4014,Kragerø,2006-01-01,Lettere skadde,17
4014,Kragerø,2007-01-01,Lettere skadde,23
4014,Kragerø,2008-01-01,Lettere skadde,19
4014,Kragerø,2009-01-01,Lettere skadde,16
4014,Kragerø,2010-01-01,Lettere skadde,19
4014,Kragerø,2011-01-01,Lettere skadde,12
4014,Kragerø,2012-01-01,Lettere skadde,20
4014,Kragerø,2013-01-01,Lettere skadde,26
4014,Kragerø,2014-01-01,Lettere skadde,9
4014,Kragerø,2015-01-01,Lettere skadde,15
4014,Kragerø,2016-01-01,Lettere skadde,21
4014,Kragerø,2017-01-01,Lettere skadde,19
4014,Kragerø,2018-01-01,Lettere skadde,8
4014,Kragerø,2019-01-01,Lettere skadde,8
4014,Kragerø,2020-01-01,Lettere skadde,11
4014,Kragerø,2021-01-01,Lettere skadde,12
4014,Kragerø,2022-01-01,Lettere skadde,7
4014,Kragerø,2023-01-01,Lettere skadde,13
4014,Kragerø,2024-01-01,Lettere skadde,7
4014,Kragerø,2025-01-01,Lettere skadde,16
4014,Kragerø,2000-01-01,Skadde i alt,29
4014,Kragerø,2001-01-01,Skadde i alt,19
4014,Kragerø,2002-01-01,Skadde i alt,29
4014,Kragerø,2003-01-01,Skadde i alt,26
4014,Kragerø,2004-01-01,Skadde i alt,22
4014,Kragerø,2005-01-01,Skadde i alt,35
4014,Kragerø,2006-01-01,Skadde i alt,29
4014,Kragerø,2007-01-01,Skadde i alt,37
4014,Kragerø,2008-01-01,Skadde i alt,24
4014,Kragerø,2009-01-01,Skadde i alt,17
4014,Kragerø,2010-01-01,Skadde i alt,23
4014,Kragerø,2011-01-01,Skadde i alt,14
4014,Kragerø,2012-01-01,Skadde i alt,20
4014,Kragerø,2013-01-01,Skadde i alt,26
4014,Kragerø,2014-01-01,Skadde i alt,11
4014,Kragerø,2015-01-01,Skadde i alt,16
4014,Kragerø,2016-01-01,Skadde i alt,22
4014,Kragerø,2017-01-01,Skadde i alt,20
4014,Kragerø,2018-01-01,Skadde i alt,9
4014,Kragerø,2019-01-01,Skadde i alt,11
4014,Kragerø,2020-01-01,Skadde i alt,11
4014,Kragerø,2021-01-01,Skadde i alt,13
4014,Kragerø,2022-01-01,Skadde i alt,7
4014,Kragerø,2023-01-01,Skadde i alt,14
4014,Kragerø,2024-01-01,Skadde i alt,8
4014,Kragerø,2025-01-01,Skadde i alt,17
4014,Kragerø,2000-01-01,Ulykker,18
4014,Kragerø,2001-01-01,Ulykker,13
4014,Kragerø,2002-01-01,Ulykker,22
4014,Kragerø,2003-01-01,Ulykker,21
4014,Kragerø,2004-01-01,Ulykker,19
4014,Kragerø,2005-01-01,Ulykker,22
4014,Kragerø,2006-01-01,Ulykker,15
4014,Kragerø,2007-01-01,Ulykker,22
4014,Kragerø,2008-01-01,Ulykker,21
4014,Kragerø,2009-01-01,Ulykker,10
4014,Kragerø,2010-01-01,Ulykker,18
4014,Kragerø,2011-01-01,Ulykker,7
4014,Kragerø,2012-01-01,Ulykker,12
4014,Kragerø,2013-01-01,Ulykker,18
4014,Kragerø,2014-01-01,Ulykker,10
4014,Kragerø,2015-01-01,Ulykker,15
4014,Kragerø,2016-01-01,Ulykker,15
4014,Kragerø,2017-01-01,Ulykker,14
4014,Kragerø,2018-01-01,Ulykker,6
4014,Kragerø,2019-01-01,Ulykker,5
4014,Kragerø,2020-01-01,Ulykker,11
4014,Kragerø,2021-01-01,Ulykker,9
4014,Kragerø,2022-01-01,Ulykker,6
4014,Kragerø,2023-01-01,Ulykker,10
4014,Kragerø,2024-01-01,Ulykker,6
4014,Kragerø,2025-01-01,Ulykker,13
4014,Kragerø,2000-01-01,Uoppgitt skadegrad,0
4014,Kragerø,2001-01-01,Uoppgitt skadegrad,1
4014,Kragerø,2002-01-01,Uoppgitt skadegrad,0
4014,Kragerø,2003-01-01,Uoppgitt skadegrad,6
4014,Kragerø,2004-01-01,Uoppgitt skadegrad,2
4014,Kragerø,2005-01-01,Uoppgitt skadegrad,5
4014,Kragerø,2006-01-01,Uoppgitt skadegrad,4
4014,Kragerø,2007-01-01,Uoppgitt skadegrad,7
4014,Kragerø,2008-01-01,Uoppgitt skadegrad,2
4014,Kragerø,2009-01-01,Uoppgitt skadegrad,1
4014,Kragerø,2010-01-01,Uoppgitt skadegrad,3
4014,Kragerø,2011-01-01,Uoppgitt skadegrad,0
4014,Kragerø,2012-01-01,Uoppgitt skadegrad,0
4014,Kragerø,2013-01-01,Uoppgitt skadegrad,0
4014,Kragerø,2014-01-01,Uoppgitt skadegrad,0
4014,Kragerø,2015-01-01,Uoppgitt skadegrad,1
4014,Kragerø,2016-01-01,Uoppgitt skadegrad,0
4014,Kragerø,2017-01-01,Uoppgitt skadegrad,1
4014,Kragerø,2018-01-01,Uoppgitt skadegrad,0
4014,Kragerø,2019-01-01,Uoppgitt skadegrad,2
4014,Kragerø,2020-01-01,Uoppgitt skadegrad,0
4014,Kragerø,2021-01-01,Uoppgitt skadegrad,0
4014,Kragerø,2022-01-01,Uoppgitt skadegrad,0
4014,Kragerø,2023-01-01,Uoppgitt skadegrad,0
4014,Kragerø,2024-01-01,Uoppgitt skadegrad,0
4014,Kragerø,2025-01-01,Uoppgitt skadegrad,0
4016,Drangedal,2000-01-01,Drepte,1
4016,Drangedal,2001-01-01,Drepte,1
4016,Drangedal,2002-01-01,Drepte,0
4016,Drangedal,2003-01-01,Drepte,0
4016,Drangedal,2004-01-01,Drepte,0
4016,Drangedal,2005-01-01,Drepte,0
4016,Drangedal,2006-01-01,Drepte,0
4016,Drangedal,2007-01-01,Drepte,0
4016,Drangedal,2008-01-01,Drepte,0
4016,Drangedal,2009-01-01,Drepte,0
4016,Drangedal,2010-01-01,Drepte,0
4016,Drangedal,2011-01-01,Drepte,0
4016,Drangedal,2012-01-01,Drepte,0
4016,Drangedal,2013-01-01,Drepte,0
4016,Drangedal,2014-01-01,Drepte,0
4016,Drangedal,2015-01-01,Drepte,0
4016,Drangedal,2016-01-01,Drepte,0
4016,Drangedal,2017-01-01,Drepte,1
4016,Drangedal,2018-01-01,Drepte,0
4016,Drangedal,2019-01-01,Drepte,1
4016,Drangedal,2020-01-01,Drepte,1
4016,Drangedal,2021-01-01,Drepte,0
4016,Drangedal,2022-01-01,Drepte,0
4016,Drangedal,2023-01-01,Drepte,1
4016,Drangedal,2024-01-01,Drepte,0
4016,Drangedal,2025-01-01,Drepte,0
4016,Drangedal,2000-01-01,Dødsulykker,1
4016,Drangedal,2001-01-01,Dødsulykker,1
4016,Drangedal,2002-01-01,Dødsulykker,0
4016,Drangedal,2003-01-01,Dødsulykker,0
4016,Drangedal,2004-01-01,Dødsulykker,0
4016,Drangedal,2005-01-01,Dødsulykker,0
4016,Drangedal,2006-01-01,Dødsulykker,0
4016,Drangedal,2007-01-01,Dødsulykker,0
4016,Drangedal,2008-01-01,Dødsulykker,0
4016,Drangedal,2009-01-01,Dødsulykker,0
4016,Drangedal,2010-01-01,Dødsulykker,0
4016,Drangedal,2011-01-01,Dødsulykker,0
4016,Drangedal,2012-01-01,Dødsulykker,0
4016,Drangedal,2013-01-01,Dødsulykker,0
4016,Drangedal,2014-01-01,Dødsulykker,0
4016,Drangedal,2015-01-01,Dødsulykker,0
4016,Drangedal,2016-01-01,Dødsulykker,0
4016,Drangedal,2017-01-01,Dødsulykker,1
4016,Drangedal,2018-01-01,Dødsulykker,0
4016,Drangedal,2019-01-01,Dødsulykker,1
4016,Drangedal,2020-01-01,Dødsulykker,1
4016,Drangedal,2021-01-01,Dødsulykker,0
4016,Drangedal,2022-01-01,Dødsulykker,0
4016,Drangedal,2023-01-01,Dødsulykker,1
4016,Drangedal,2024-01-01,Dødsulykker,0
4016,Drangedal,2025-01-01,Dødsulykker,0
4016,Drangedal,2000-01-01,Hardt skadde,5
4016,Drangedal,2001-01-01,Hardt skadde,2
4016,Drangedal,2002-01-01,Hardt skadde,4
4016,Drangedal,2003-01-01,Hardt skadde,2
4016,Drangedal,2004-01-01,Hardt skadde,1
4016,Drangedal,2005-01-01,Hardt skadde,2
4016,Drangedal,2006-01-01,Hardt skadde,2
4016,Drangedal,2007-01-01,Hardt skadde,4
4016,Drangedal,2008-01-01,Hardt skadde,5
4016,Drangedal,2009-01-01,Hardt skadde,3
4016,Drangedal,2010-01-01,Hardt skadde,0
4016,Drangedal,2011-01-01,Hardt skadde,1
4016,Drangedal,2012-01-01,Hardt skadde,0
4016,Drangedal,2013-01-01,Hardt skadde,1
4016,Drangedal,2014-01-01,Hardt skadde,0
4016,Drangedal,2015-01-01,Hardt skadde,0
4016,Drangedal,2016-01-01,Hardt skadde,0
4016,Drangedal,2017-01-01,Hardt skadde,2
4016,Drangedal,2018-01-01,Hardt skadde,0
4016,Drangedal,2019-01-01,Hardt skadde,3
4016,Drangedal,2020-01-01,Hardt skadde,1
4016,Drangedal,2021-01-01,Hardt skadde,2
4016,Drangedal,2022-01-01,Hardt skadde,0
4016,Drangedal,2023-01-01,Hardt skadde,2
4016,Drangedal,2024-01-01,Hardt skadde,1
4016,Drangedal,2025-01-01,Hardt skadde,1
4016,Drangedal,2000-01-01,Lettere skadde,8
4016,Drangedal,2001-01-01,Lettere skadde,12
4016,Drangedal,2002-01-01,Lettere skadde,17
4016,Drangedal,2003-01-01,Lettere skadde,16
4016,Drangedal,2004-01-01,Lettere skadde,10
4016,Drangedal,2005-01-01,Lettere skadde,11
4016,Drangedal,2006-01-01,Lettere skadde,6
4016,Drangedal,2007-01-01,Lettere skadde,14
4016,Drangedal,2008-01-01,Lettere skadde,9
4016,Drangedal,2009-01-01,Lettere skadde,16
4016,Drangedal,2010-01-01,Lettere skadde,6
4016,Drangedal,2011-01-01,Lettere skadde,10
4016,Drangedal,2012-01-01,Lettere skadde,15
4016,Drangedal,2013-01-01,Lettere skadde,8
4016,Drangedal,2014-01-01,Lettere skadde,6
4016,Drangedal,2015-01-01,Lettere skadde,20
4016,Drangedal,2016-01-01,Lettere skadde,14
4016,Drangedal,2017-01-01,Lettere skadde,13
4016,Drangedal,2018-01-01,Lettere skadde,18
4016,Drangedal,2019-01-01,Lettere skadde,4
4016,Drangedal,2020-01-01,Lettere skadde,19
4016,Drangedal,2021-01-01,Lettere skadde,10
4016,Drangedal,2022-01-01,Lettere skadde,17
4016,Drangedal,2023-01-01,Lettere skadde,13
4016,Drangedal,2024-01-01,Lettere skadde,5
4016,Drangedal,2025-01-01,Lettere skadde,13
4016,Drangedal,2000-01-01,Skadde i alt,13
4016,Drangedal,2001-01-01,Skadde i alt,14
4016,Drangedal,2002-01-01,Skadde i alt,22
4016,Drangedal,2003-01-01,Skadde i alt,19
4016,Drangedal,2004-01-01,Skadde i alt,11
4016,Drangedal,2005-01-01,Skadde i alt,18
4016,Drangedal,2006-01-01,Skadde i alt,8
4016,Drangedal,2007-01-01,Skadde i alt,20
4016,Drangedal,2008-01-01,Skadde i alt,14
4016,Drangedal,2009-01-01,Skadde i alt,19
4016,Drangedal,2010-01-01,Skadde i alt,7
4016,Drangedal,2011-01-01,Skadde i alt,11
4016,Drangedal,2012-01-01,Skadde i alt,15
4016,Drangedal,2013-01-01,Skadde i alt,9
4016,Drangedal,2014-01-01,Skadde i alt,6
4016,Drangedal,2015-01-01,Skadde i alt,20
4016,Drangedal,2016-01-01,Skadde i alt,14
4016,Drangedal,2017-01-01,Skadde i alt,15
4016,Drangedal,2018-01-01,Skadde i alt,18
4016,Drangedal,2019-01-01,Skadde i alt,7
4016,Drangedal,2020-01-01,Skadde i alt,20
4016,Drangedal,2021-01-01,Skadde i alt,12
4016,Drangedal,2022-01-01,Skadde i alt,17
4016,Drangedal,2023-01-01,Skadde i alt,15
4016,Drangedal,2024-01-01,Skadde i alt,6
4016,Drangedal,2025-01-01,Skadde i alt,14
4016,Drangedal,2000-01-01,Ulykker,10
4016,Drangedal,2001-01-01,Ulykker,14
4016,Drangedal,2002-01-01,Ulykker,13
4016,Drangedal,2003-01-01,Ulykker,12
4016,Drangedal,2004-01-01,Ulykker,6
4016,Drangedal,2005-01-01,Ulykker,9
4016,Drangedal,2006-01-01,Ulykker,5
4016,Drangedal,2007-01-01,Ulykker,13
4016,Drangedal,2008-01-01,Ulykker,10
4016,Drangedal,2009-01-01,Ulykker,12
4016,Drangedal,2010-01-01,Ulykker,6
4016,Drangedal,2011-01-01,Ulykker,9
4016,Drangedal,2012-01-01,Ulykker,11
4016,Drangedal,2013-01-01,Ulykker,5
4016,Drangedal,2014-01-01,Ulykker,5
4016,Drangedal,2015-01-01,Ulykker,15
4016,Drangedal,2016-01-01,Ulykker,8
4016,Drangedal,2017-01-01,Ulykker,10
4016,Drangedal,2018-01-01,Ulykker,15
4016,Drangedal,2019-01-01,Ulykker,7
4016,Drangedal,2020-01-01,Ulykker,14
4016,Drangedal,2021-01-01,Ulykker,8
4016,Drangedal,2022-01-01,Ulykker,7
4016,Drangedal,2023-01-01,Ulykker,8
4016,Drangedal,2024-01-01,Ulykker,5
4016,Drangedal,2025-01-01,Ulykker,12
4016,Drangedal,2000-01-01,Uoppgitt skadegrad,0
4016,Drangedal,2001-01-01,Uoppgitt skadegrad,0
4016,Drangedal,2002-01-01,Uoppgitt skadegrad,1
4016,Drangedal,2003-01-01,Uoppgitt skadegrad,1
4016,Drangedal,2004-01-01,Uoppgitt skadegrad,0
4016,Drangedal,2005-01-01,Uoppgitt skadegrad,5
4016,Drangedal,2006-01-01,Uoppgitt skadegrad,0
4016,Drangedal,2007-01-01,Uoppgitt skadegrad,2
4016,Drangedal,2008-01-01,Uoppgitt skadegrad,0
4016,Drangedal,2009-01-01,Uoppgitt skadegrad,0
4016,Drangedal,2010-01-01,Uoppgitt skadegrad,1
4016,Drangedal,2011-01-01,Uoppgitt skadegrad,0
4016,Drangedal,2012-01-01,Uoppgitt skadegrad,0
4016,Drangedal,2013-01-01,Uoppgitt skadegrad,0
4016,Drangedal,2014-01-01,Uoppgitt skadegrad,0
4016,Drangedal,2015-01-01,Uoppgitt skadegrad,0
4016,Drangedal,2016-01-01,Uoppgitt skadegrad,0
4016,Drangedal,2017-01-01,Uoppgitt skadegrad,0
4016,Drangedal,2018-01-01,Uoppgitt skadegrad,0
4016,Drangedal,2019-01-01,Uoppgitt skadegrad,0
4016,Drangedal,2020-01-01,Uoppgitt skadegrad,0
4016,Drangedal,2021-01-01,Uoppgitt skadegrad,0
4016,Drangedal,2022-01-01,Uoppgitt skadegrad,0
4016,Drangedal,2023-01-01,Uoppgitt skadegrad,0
4016,Drangedal,2024-01-01,Uoppgitt skadegrad,0
4016,Drangedal,2025-01-01,Uoppgitt skadegrad,0
4018,Nome,2000-01-01,Drepte,3
4018,Nome,2001-01-01,Drepte,2
4018,Nome,2002-01-01,Drepte,0
4018,Nome,2003-01-01,Drepte,0
4018,Nome,2004-01-01,Drepte,0
4018,Nome,2005-01-01,Drepte,0
4018,Nome,2006-01-01,Drepte,0
4018,Nome,2007-01-01,Drepte,0
4018,Nome,2008-01-01,Drepte,0
4018,Nome,2009-01-01,Drepte,0
4018,Nome,2010-01-01,Drepte,1
4018,Nome,2011-01-01,Drepte,1
4018,Nome,2012-01-01,Drepte,0
4018,Nome,2013-01-01,Drepte,0
4018,Nome,2014-01-01,Drepte,1
4018,Nome,2015-01-01,Drepte,0
4018,Nome,2016-01-01,Drepte,0
4018,Nome,2017-01-01,Drepte,0
4018,Nome,2018-01-01,Drepte,0
4018,Nome,2019-01-01,Drepte,0
4018,Nome,2020-01-01,Drepte,1
4018,Nome,2021-01-01,Drepte,0
4018,Nome,2022-01-01,Drepte,0
4018,Nome,2023-01-01,Drepte,0
4018,Nome,2024-01-01,Drepte,1
4018,Nome,2025-01-01,Drepte,0
4018,Nome,2000-01-01,Dødsulykker,3
4018,Nome,2001-01-01,Dødsulykker,2
4018,Nome,2002-01-01,Dødsulykker,0
4018,Nome,2003-01-01,Dødsulykker,0
4018,Nome,2004-01-01,Dødsulykker,0
4018,Nome,2005-01-01,Dødsulykker,0
4018,Nome,2006-01-01,Dødsulykker,0
4018,Nome,2007-01-01,Dødsulykker,0
4018,Nome,2008-01-01,Dødsulykker,0
4018,Nome,2009-01-01,Dødsulykker,0
4018,Nome,2010-01-01,Dødsulykker,1
4018,Nome,2011-01-01,Dødsulykker,1
4018,Nome,2012-01-01,Dødsulykker,0
4018,Nome,2013-01-01,Dødsulykker,0
4018,Nome,2014-01-01,Dødsulykker,1
4018,Nome,2015-01-01,Dødsulykker,0
4018,Nome,2016-01-01,Dødsulykker,0
4018,Nome,2017-01-01,Dødsulykker,0
4018,Nome,2018-01-01,Dødsulykker,0
4018,Nome,2019-01-01,Dødsulykker,0
4018,Nome,2020-01-01,Dødsulykker,1
4018,Nome,2021-01-01,Dødsulykker,0
4018,Nome,2022-01-01,Dødsulykker,0
4018,Nome,2023-01-01,Dødsulykker,0
4018,Nome,2024-01-01,Dødsulykker,1
4018,Nome,2025-01-01,Dødsulykker,0
4018,Nome,2000-01-01,Hardt skadde,2
4018,Nome,2001-01-01,Hardt skadde,1
4018,Nome,2002-01-01,Hardt skadde,1
4018,Nome,2003-01-01,Hardt skadde,4
4018,Nome,2004-01-01,Hardt skadde,1
4018,Nome,2005-01-01,Hardt skadde,2
4018,Nome,2006-01-01,Hardt skadde,1
4018,Nome,2007-01-01,Hardt skadde,0
4018,Nome,2008-01-01,Hardt skadde,0
4018,Nome,2009-01-01,Hardt skadde,4
4018,Nome,2010-01-01,Hardt skadde,1
4018,Nome,2011-01-01,Hardt skadde,1
4018,Nome,2012-01-01,Hardt skadde,0
4018,Nome,2013-01-01,Hardt skadde,1
4018,Nome,2014-01-01,Hardt skadde,1
4018,Nome,2015-01-01,Hardt skadde,4
4018,Nome,2016-01-01,Hardt skadde,1
4018,Nome,2017-01-01,Hardt skadde,3
4018,Nome,2018-01-01,Hardt skadde,1
4018,Nome,2019-01-01,Hardt skadde,0
4018,Nome,2020-01-01,Hardt skadde,1
4018,Nome,2021-01-01,Hardt skadde,2
4018,Nome,2022-01-01,Hardt skadde,3
4018,Nome,2023-01-01,Hardt skadde,1
4018,Nome,2024-01-01,Hardt skadde,0
4018,Nome,2025-01-01,Hardt skadde,4
4018,Nome,2000-01-01,Lettere skadde,11
4018,Nome,2001-01-01,Lettere skadde,11
4018,Nome,2002-01-01,Lettere skadde,12
4018,Nome,2003-01-01,Lettere skadde,20
4018,Nome,2004-01-01,Lettere skadde,17
4018,Nome,2005-01-01,Lettere skadde,14
4018,Nome,2006-01-01,Lettere skadde,25
4018,Nome,2007-01-01,Lettere skadde,16
4018,Nome,2008-01-01,Lettere skadde,18
4018,Nome,2009-01-01,Lettere skadde,26
4018,Nome,2010-01-01,Lettere skadde,17
4018,Nome,2011-01-01,Lettere skadde,9
4018,Nome,2012-01-01,Lettere skadde,18
4018,Nome,2013-01-01,Lettere skadde,19
4018,Nome,2014-01-01,Lettere skadde,8
4018,Nome,2015-01-01,Lettere skadde,14
4018,Nome,2016-01-01,Lettere skadde,10
4018,Nome,2017-01-01,Lettere skadde,9
4018,Nome,2018-01-01,Lettere skadde,12
4018,Nome,2019-01-01,Lettere skadde,14
4018,Nome,2020-01-01,Lettere skadde,19
4018,Nome,2021-01-01,Lettere skadde,22
4018,Nome,2022-01-01,Lettere skadde,16
4018,Nome,2023-01-01,Lettere skadde,11
4018,Nome,2024-01-01,Lettere skadde,11
4018,Nome,2025-01-01,Lettere skadde,8
4018,Nome,2000-01-01,Skadde i alt,13
4018,Nome,2001-01-01,Skadde i alt,12
4018,Nome,2002-01-01,Skadde i alt,13
4018,Nome,2003-01-01,Skadde i alt,27
4018,Nome,2004-01-01,Skadde i alt,19
4018,Nome,2005-01-01,Skadde i alt,16
4018,Nome,2006-01-01,Skadde i alt,26
4018,Nome,2007-01-01,Skadde i alt,16
4018,Nome,2008-01-01,Skadde i alt,22
4018,Nome,2009-01-01,Skadde i alt,33
4018,Nome,2010-01-01,Skadde i alt,18
4018,Nome,2011-01-01,Skadde i alt,11
4018,Nome,2012-01-01,Skadde i alt,18
4018,Nome,2013-01-01,Skadde i alt,21
4018,Nome,2014-01-01,Skadde i alt,9
4018,Nome,2015-01-01,Skadde i alt,18
4018,Nome,2016-01-01,Skadde i alt,11
4018,Nome,2017-01-01,Skadde i alt,13
4018,Nome,2018-01-01,Skadde i alt,13
4018,Nome,2019-01-01,Skadde i alt,14
4018,Nome,2020-01-01,Skadde i alt,21
4018,Nome,2021-01-01,Skadde i alt,24
4018,Nome,2022-01-01,Skadde i alt,19
4018,Nome,2023-01-01,Skadde i alt,12
4018,Nome,2024-01-01,Skadde i alt,11
4018,Nome,2025-01-01,Skadde i alt,12
4018,Nome,2000-01-01,Ulykker,13
4018,Nome,2001-01-01,Ulykker,11
4018,Nome,2002-01-01,Ulykker,12
4018,Nome,2003-01-01,Ulykker,16
4018,Nome,2004-01-01,Ulykker,15
4018,Nome,2005-01-01,Ulykker,13
4018,Nome,2006-01-01,Ulykker,12
4018,Nome,2007-01-01,Ulykker,12
4018,Nome,2008-01-01,Ulykker,15
4018,Nome,2009-01-01,Ulykker,17
4018,Nome,2010-01-01,Ulykker,13
4018,Nome,2011-01-01,Ulykker,11
4018,Nome,2012-01-01,Ulykker,11
4018,Nome,2013-01-01,Ulykker,14
4018,Nome,2014-01-01,Ulykker,4
4018,Nome,2015-01-01,Ulykker,13
4018,Nome,2016-01-01,Ulykker,9
4018,Nome,2017-01-01,Ulykker,9
4018,Nome,2018-01-01,Ulykker,9
4018,Nome,2019-01-01,Ulykker,10
4018,Nome,2020-01-01,Ulykker,12
4018,Nome,2021-01-01,Ulykker,16
4018,Nome,2022-01-01,Ulykker,13
4018,Nome,2023-01-01,Ulykker,10
4018,Nome,2024-01-01,Ulykker,9
4018,Nome,2025-01-01,Ulykker,10
4018,Nome,2000-01-01,Uoppgitt skadegrad,0
4018,Nome,2001-01-01,Uoppgitt skadegrad,0
4018,Nome,2002-01-01,Uoppgitt skadegrad,0
4018,Nome,2003-01-01,Uoppgitt skadegrad,3
4018,Nome,2004-01-01,Uoppgitt skadegrad,1
4018,Nome,2005-01-01,Uoppgitt skadegrad,0
4018,Nome,2006-01-01,Uoppgitt skadegrad,0
4018,Nome,2007-01-01,Uoppgitt skadegrad,0
4018,Nome,2008-01-01,Uoppgitt skadegrad,4
4018,Nome,2009-01-01,Uoppgitt skadegrad,3
4018,Nome,2010-01-01,Uoppgitt skadegrad,0
4018,Nome,2011-01-01,Uoppgitt skadegrad,1
4018,Nome,2012-01-01,Uoppgitt skadegrad,0
4018,Nome,2013-01-01,Uoppgitt skadegrad,1
4018,Nome,2014-01-01,Uoppgitt skadegrad,0
4018,Nome,2015-01-01,Uoppgitt skadegrad,0
4018,Nome,2016-01-01,Uoppgitt skadegrad,0
4018,Nome,2017-01-01,Uoppgitt skadegrad,1
4018,Nome,2018-01-01,Uoppgitt skadegrad,0
4018,Nome,2019-01-01,Uoppgitt skadegrad,0
4018,Nome,2020-01-01,Uoppgitt skadegrad,1
4018,Nome,2021-01-01,Uoppgitt skadegrad,0
4018,Nome,2022-01-01,Uoppgitt skadegrad,0
4018,Nome,2023-01-01,Uoppgitt skadegrad,0
4018,Nome,2024-01-01,Uoppgitt skadegrad,0
4018,Nome,2025-01-01,Uoppgitt skadegrad,0
4020,Midt-Telemark,2000-01-01,Drepte,2
4020,Midt-Telemark,2001-01-01,Drepte,1
4020,Midt-Telemark,2002-01-01,Drepte,1
4020,Midt-Telemark,2003-01-01,Drepte,0
4020,Midt-Telemark,2004-01-01,Drepte,0
4020,Midt-Telemark,2005-01-01,Drepte,4
4020,Midt-Telemark,2006-01-01,Drepte,0
4020,Midt-Telemark,2007-01-01,Drepte,1
4020,Midt-Telemark,2008-01-01,Drepte,0
4020,Midt-Telemark,2009-01-01,Drepte,0
4020,Midt-Telemark,2010-01-01,Drepte,0
4020,Midt-Telemark,2011-01-01,Drepte,0
4020,Midt-Telemark,2012-01-01,Drepte,1
4020,Midt-Telemark,2013-01-01,Drepte,1
4020,Midt-Telemark,2014-01-01,Drepte,1
4020,Midt-Telemark,2015-01-01,Drepte,1
4020,Midt-Telemark,2016-01-01,Drepte,0
4020,Midt-Telemark,2017-01-01,Drepte,1
4020,Midt-Telemark,2018-01-01,Drepte,0
4020,Midt-Telemark,2019-01-01,Drepte,0
4020,Midt-Telemark,2020-01-01,Drepte,0
4020,Midt-Telemark,2021-01-01,Drepte,0
4020,Midt-Telemark,2022-01-01,Drepte,1
4020,Midt-Telemark,2023-01-01,Drepte,0
4020,Midt-Telemark,2024-01-01,Drepte,0
4020,Midt-Telemark,2025-01-01,Drepte,0
4020,Midt-Telemark,2000-01-01,Dødsulykker,2
4020,Midt-Telemark,2001-01-01,Dødsulykker,1
4020,Midt-Telemark,2002-01-01,Dødsulykker,1
4020,Midt-Telemark,2003-01-01,Dødsulykker,0
4020,Midt-Telemark,2004-01-01,Dødsulykker,0
4020,Midt-Telemark,2005-01-01,Dødsulykker,2
4020,Midt-Telemark,2006-01-01,Dødsulykker,0
4020,Midt-Telemark,2007-01-01,Dødsulykker,1
4020,Midt-Telemark,2008-01-01,Dødsulykker,0
4020,Midt-Telemark,2009-01-01,Dødsulykker,0
4020,Midt-Telemark,2010-01-01,Dødsulykker,0
4020,Midt-Telemark,2011-01-01,Dødsulykker,0
4020,Midt-Telemark,2012-01-01,Dødsulykker,1
4020,Midt-Telemark,2013-01-01,Dødsulykker,1
4020,Midt-Telemark,2014-01-01,Dødsulykker,1
4020,Midt-Telemark,2015-01-01,Dødsulykker,1
4020,Midt-Telemark,2016-01-01,Dødsulykker,0
4020,Midt-Telemark,2017-01-01,Dødsulykker,1
4020,Midt-Telemark,2018-01-01,Dødsulykker,0
4020,Midt-Telemark,2019-01-01,Dødsulykker,0
4020,Midt-Telemark,2020-01-01,Dødsulykker,0
4020,Midt-Telemark,2021-01-01,Dødsulykker,0
4020,Midt-Telemark,2022-01-01,Dødsulykker,1
4020,Midt-Telemark,2023-01-01,Dødsulykker,0
4020,Midt-Telemark,2024-01-01,Dødsulykker,0
4020,Midt-Telemark,2025-01-01,Dødsulykker,0
4020,Midt-Telemark,2000-01-01,Hardt skadde,6
4020,Midt-Telemark,2001-01-01,Hardt skadde,5
4020,Midt-Telemark,2002-01-01,Hardt skadde,5
4020,Midt-Telemark,2003-01-01,Hardt skadde,4
4020,Midt-Telemark,2004-01-01,Hardt skadde,1
4020,Midt-Telemark,2005-01-01,Hardt skadde,4
4020,Midt-Telemark,2006-01-01,Hardt skadde,4
4020,Midt-Telemark,2007-01-01,Hardt skadde,2
4020,Midt-Telemark,2008-01-01,Hardt skadde,0
4020,Midt-Telemark,2009-01-01,Hardt skadde,3
4020,Midt-Telemark,2010-01-01,Hardt skadde,1
4020,Midt-Telemark,2011-01-01,Hardt skadde,0
4020,Midt-Telemark,2012-01-01,Hardt skadde,1
4020,Midt-Telemark,2013-01-01,Hardt skadde,0
4020,Midt-Telemark,2014-01-01,Hardt skadde,2
4020,Midt-Telemark,2015-01-01,Hardt skadde,1
4020,Midt-Telemark,2016-01-01,Hardt skadde,2
4020,Midt-Telemark,2017-01-01,Hardt skadde,0
4020,Midt-Telemark,2018-01-01,Hardt skadde,5
4020,Midt-Telemark,2019-01-01,Hardt skadde,1
4020,Midt-Telemark,2020-01-01,Hardt skadde,1
4020,Midt-Telemark,2021-01-01,Hardt skadde,1
4020,Midt-Telemark,2022-01-01,Hardt skadde,2
4020,Midt-Telemark,2023-01-01,Hardt skadde,0
4020,Midt-Telemark,2024-01-01,Hardt skadde,3
4020,Midt-Telemark,2025-01-01,Hardt skadde,1
4020,Midt-Telemark,2000-01-01,Lettere skadde,35
4020,Midt-Telemark,2001-01-01,Lettere skadde,31
4020,Midt-Telemark,2002-01-01,Lettere skadde,16
4020,Midt-Telemark,2003-01-01,Lettere skadde,16
4020,Midt-Telemark,2004-01-01,Lettere skadde,27
4020,Midt-Telemark,2005-01-01,Lettere skadde,27
4020,Midt-Telemark,2006-01-01,Lettere skadde,29
4020,Midt-Telemark,2007-01-01,Lettere skadde,28
4020,Midt-Telemark,2008-01-01,Lettere skadde,26
4020,Midt-Telemark,2009-01-01,Lettere skadde,23
4020,Midt-Telemark,2010-01-01,Lettere skadde,20
4020,Midt-Telemark,2011-01-01,Lettere skadde,18
4020,Midt-Telemark,2012-01-01,Lettere skadde,9
4020,Midt-Telemark,2013-01-01,Lettere skadde,19
4020,Midt-Telemark,2014-01-01,Lettere skadde,27
4020,Midt-Telemark,2015-01-01,Lettere skadde,23
4020,Midt-Telemark,2016-01-01,Lettere skadde,25
4020,Midt-Telemark,2017-01-01,Lettere skadde,10
4020,Midt-Telemark,2018-01-01,Lettere skadde,16
4020,Midt-Telemark,2019-01-01,Lettere skadde,15
4020,Midt-Telemark,2020-01-01,Lettere skadde,3
4020,Midt-Telemark,2021-01-01,Lettere skadde,8
4020,Midt-Telemark,2022-01-01,Lettere skadde,19
4020,Midt-Telemark,2023-01-01,Lettere skadde,7
4020,Midt-Telemark,2024-01-01,Lettere skadde,6
4020,Midt-Telemark,2025-01-01,Lettere skadde,9
4020,Midt-Telemark,2000-01-01,Skadde i alt,41
4020,Midt-Telemark,2001-01-01,Skadde i alt,36
4020,Midt-Telemark,2002-01-01,Skadde i alt,21
4020,Midt-Telemark,2003-01-01,Skadde i alt,26
4020,Midt-Telemark,2004-01-01,Skadde i alt,31
4020,Midt-Telemark,2005-01-01,Skadde i alt,37
4020,Midt-Telemark,2006-01-01,Skadde i alt,35
4020,Midt-Telemark,2007-01-01,Skadde i alt,36
4020,Midt-Telemark,2008-01-01,Skadde i alt,26
4020,Midt-Telemark,2009-01-01,Skadde i alt,32
4020,Midt-Telemark,2010-01-01,Skadde i alt,22
4020,Midt-Telemark,2011-01-01,Skadde i alt,18
4020,Midt-Telemark,2012-01-01,Skadde i alt,10
4020,Midt-Telemark,2013-01-01,Skadde i alt,19
4020,Midt-Telemark,2014-01-01,Skadde i alt,29
4020,Midt-Telemark,2015-01-01,Skadde i alt,24
4020,Midt-Telemark,2016-01-01,Skadde i alt,30
4020,Midt-Telemark,2017-01-01,Skadde i alt,10
4020,Midt-Telemark,2018-01-01,Skadde i alt,21
4020,Midt-Telemark,2019-01-01,Skadde i alt,18
4020,Midt-Telemark,2020-01-01,Skadde i alt,5
4020,Midt-Telemark,2021-01-01,Skadde i alt,9
4020,Midt-Telemark,2022-01-01,Skadde i alt,21
4020,Midt-Telemark,2023-01-01,Skadde i alt,7
4020,Midt-Telemark,2024-01-01,Skadde i alt,9
4020,Midt-Telemark,2025-01-01,Skadde i alt,10
4020,Midt-Telemark,2000-01-01,Ulykker,28
4020,Midt-Telemark,2001-01-01,Ulykker,25
4020,Midt-Telemark,2002-01-01,Ulykker,13
4020,Midt-Telemark,2003-01-01,Ulykker,17
4020,Midt-Telemark,2004-01-01,Ulykker,25
4020,Midt-Telemark,2005-01-01,Ulykker,25
4020,Midt-Telemark,2006-01-01,Ulykker,25
4020,Midt-Telemark,2007-01-01,Ulykker,31
4020,Midt-Telemark,2008-01-01,Ulykker,21
4020,Midt-Telemark,2009-01-01,Ulykker,19
4020,Midt-Telemark,2010-01-01,Ulykker,19
4020,Midt-Telemark,2011-01-01,Ulykker,12
4020,Midt-Telemark,2012-01-01,Ulykker,9
4020,Midt-Telemark,2013-01-01,Ulykker,17
4020,Midt-Telemark,2014-01-01,Ulykker,19
4020,Midt-Telemark,2015-01-01,Ulykker,19
4020,Midt-Telemark,2016-01-01,Ulykker,14
4020,Midt-Telemark,2017-01-01,Ulykker,11
4020,Midt-Telemark,2018-01-01,Ulykker,16
4020,Midt-Telemark,2019-01-01,Ulykker,13
4020,Midt-Telemark,2020-01-01,Ulykker,6
4020,Midt-Telemark,2021-01-01,Ulykker,6
4020,Midt-Telemark,2022-01-01,Ulykker,15
4020,Midt-Telemark,2023-01-01,Ulykker,7
4020,Midt-Telemark,2024-01-01,Ulykker,7
4020,Midt-Telemark,2025-01-01,Ulykker,9
4020,Midt-Telemark,2000-01-01,Uoppgitt skadegrad,0
4020,Midt-Telemark,2001-01-01,Uoppgitt skadegrad,0
4020,Midt-Telemark,2002-01-01,Uoppgitt skadegrad,0
4020,Midt-Telemark,2003-01-01,Uoppgitt skadegrad,6
4020,Midt-Telemark,2004-01-01,Uoppgitt skadegrad,3
4020,Midt-Telemark,2005-01-01,Uoppgitt skadegrad,6
4020,Midt-Telemark,2006-01-01,Uoppgitt skadegrad,2
4020,Midt-Telemark,2007-01-01,Uoppgitt skadegrad,6
4020,Midt-Telemark,2008-01-01,Uoppgitt skadegrad,0
4020,Midt-Telemark,2009-01-01,Uoppgitt skadegrad,6
4020,Midt-Telemark,2010-01-01,Uoppgitt skadegrad,1
4020,Midt-Telemark,2011-01-01,Uoppgitt skadegrad,0
4020,Midt-Telemark,2012-01-01,Uoppgitt skadegrad,0
4020,Midt-Telemark,2013-01-01,Uoppgitt skadegrad,0
4020,Midt-Telemark,2014-01-01,Uoppgitt skadegrad,0
4020,Midt-Telemark,2015-01-01,Uoppgitt skadegrad,0
4020,Midt-Telemark,2016-01-01,Uoppgitt skadegrad,3
4020,Midt-Telemark,2017-01-01,Uoppgitt skadegrad,0
4020,Midt-Telemark,2018-01-01,Uoppgitt skadegrad,0
4020,Midt-Telemark,2019-01-01,Uoppgitt skadegrad,2
4020,Midt-Telemark,2020-01-01,Uoppgitt skadegrad,1
4020,Midt-Telemark,2021-01-01,Uoppgitt skadegrad,0
4020,Midt-Telemark,2022-01-01,Uoppgitt skadegrad,0
4020,Midt-Telemark,2023-01-01,Uoppgitt skadegrad,0
4020,Midt-Telemark,2024-01-01,Uoppgitt skadegrad,0
4020,Midt-Telemark,2025-01-01,Uoppgitt skadegrad,0
4022,Seljord,2000-01-01,Drepte,0
4022,Seljord,2001-01-01,Drepte,0
4022,Seljord,2002-01-01,Drepte,0
4022,Seljord,2003-01-01,Drepte,1
4022,Seljord,2004-01-01,Drepte,0
4022,Seljord,2005-01-01,Drepte,0
4022,Seljord,2006-01-01,Drepte,1
4022,Seljord,2007-01-01,Drepte,0
4022,Seljord,2008-01-01,Drepte,0
4022,Seljord,2009-01-01,Drepte,0
4022,Seljord,2010-01-01,Drepte,2
4022,Seljord,2011-01-01,Drepte,0
4022,Seljord,2012-01-01,Drepte,0
4022,Seljord,2013-01-01,Drepte,1
4022,Seljord,2014-01-01,Drepte,1
4022,Seljord,2015-01-01,Drepte,0
4022,Seljord,2016-01-01,Drepte,0
4022,Seljord,2017-01-01,Drepte,0
4022,Seljord,2018-01-01,Drepte,0
4022,Seljord,2019-01-01,Drepte,0
4022,Seljord,2020-01-01,Drepte,0
4022,Seljord,2021-01-01,Drepte,0
4022,Seljord,2022-01-01,Drepte,1
4022,Seljord,2023-01-01,Drepte,0
4022,Seljord,2024-01-01,Drepte,0
4022,Seljord,2025-01-01,Drepte,0
4022,Seljord,2000-01-01,Dødsulykker,0
4022,Seljord,2001-01-01,Dødsulykker,0
4022,Seljord,2002-01-01,Dødsulykker,0
4022,Seljord,2003-01-01,Dødsulykker,1
4022,Seljord,2004-01-01,Dødsulykker,0
4022,Seljord,2005-01-01,Dødsulykker,0
4022,Seljord,2006-01-01,Dødsulykker,1
4022,Seljord,2007-01-01,Dødsulykker,0
4022,Seljord,2008-01-01,Dødsulykker,0
4022,Seljord,2009-01-01,Dødsulykker,0
4022,Seljord,2010-01-01,Dødsulykker,2
4022,Seljord,2011-01-01,Dødsulykker,0
4022,Seljord,2012-01-01,Dødsulykker,0
4022,Seljord,2013-01-01,Dødsulykker,1
4022,Seljord,2014-01-01,Dødsulykker,1
4022,Seljord,2015-01-01,Dødsulykker,0
4022,Seljord,2016-01-01,Dødsulykker,0
4022,Seljord,2017-01-01,Dødsulykker,0
4022,Seljord,2018-01-01,Dødsulykker,0
4022,Seljord,2019-01-01,Dødsulykker,0
4022,Seljord,2020-01-01,Dødsulykker,0
4022,Seljord,2021-01-01,Dødsulykker,0
4022,Seljord,2022-01-01,Dødsulykker,1
4022,Seljord,2023-01-01,Dødsulykker,0
4022,Seljord,2024-01-01,Dødsulykker,0
4022,Seljord,2025-01-01,Dødsulykker,0
4022,Seljord,2000-01-01,Hardt skadde,2
4022,Seljord,2001-01-01,Hardt skadde,1
4022,Seljord,2002-01-01,Hardt skadde,0
4022,Seljord,2003-01-01,Hardt skadde,0
4022,Seljord,2004-01-01,Hardt skadde,1
4022,Seljord,2005-01-01,Hardt skadde,2
4022,Seljord,2006-01-01,Hardt skadde,4
4022,Seljord,2007-01-01,Hardt skadde,1
4022,Seljord,2008-01-01,Hardt skadde,3
4022,Seljord,2009-01-01,Hardt skadde,0
4022,Seljord,2010-01-01,Hardt skadde,4
4022,Seljord,2011-01-01,Hardt skadde,1
4022,Seljord,2012-01-01,Hardt skadde,1
4022,Seljord,2013-01-01,Hardt skadde,0
4022,Seljord,2014-01-01,Hardt skadde,2
4022,Seljord,2015-01-01,Hardt skadde,1
4022,Seljord,2016-01-01,Hardt skadde,0
4022,Seljord,2017-01-01,Hardt skadde,0
4022,Seljord,2018-01-01,Hardt skadde,2
4022,Seljord,2019-01-01,Hardt skadde,0
4022,Seljord,2020-01-01,Hardt skadde,0
4022,Seljord,2021-01-01,Hardt skadde,0
4022,Seljord,2022-01-01,Hardt skadde,0
4022,Seljord,2023-01-01,Hardt skadde,0
4022,Seljord,2024-01-01,Hardt skadde,2
4022,Seljord,2025-01-01,Hardt skadde,0
4022,Seljord,2000-01-01,Lettere skadde,7
4022,Seljord,2001-01-01,Lettere skadde,8
4022,Seljord,2002-01-01,Lettere skadde,6
4022,Seljord,2003-01-01,Lettere skadde,24
4022,Seljord,2004-01-01,Lettere skadde,9
4022,Seljord,2005-01-01,Lettere skadde,16
4022,Seljord,2006-01-01,Lettere skadde,4
4022,Seljord,2007-01-01,Lettere skadde,12
4022,Seljord,2008-01-01,Lettere skadde,23
4022,Seljord,2009-01-01,Lettere skadde,9
4022,Seljord,2010-01-01,Lettere skadde,5
4022,Seljord,2011-01-01,Lettere skadde,14
4022,Seljord,2012-01-01,Lettere skadde,6
4022,Seljord,2013-01-01,Lettere skadde,10
4022,Seljord,2014-01-01,Lettere skadde,8
4022,Seljord,2015-01-01,Lettere skadde,4
4022,Seljord,2016-01-01,Lettere skadde,6
4022,Seljord,2017-01-01,Lettere skadde,6
4022,Seljord,2018-01-01,Lettere skadde,4
4022,Seljord,2019-01-01,Lettere skadde,0
4022,Seljord,2020-01-01,Lettere skadde,1
4022,Seljord,2021-01-01,Lettere skadde,13
4022,Seljord,2022-01-01,Lettere skadde,4
4022,Seljord,2023-01-01,Lettere skadde,6
4022,Seljord,2024-01-01,Lettere skadde,1
4022,Seljord,2025-01-01,Lettere skadde,0
4022,Seljord,2000-01-01,Skadde i alt,9
4022,Seljord,2001-01-01,Skadde i alt,9
4022,Seljord,2002-01-01,Skadde i alt,6
4022,Seljord,2003-01-01,Skadde i alt,27
4022,Seljord,2004-01-01,Skadde i alt,10
4022,Seljord,2005-01-01,Skadde i alt,20
4022,Seljord,2006-01-01,Skadde i alt,8
4022,Seljord,2007-01-01,Skadde i alt,13
4022,Seljord,2008-01-01,Skadde i alt,26
4022,Seljord,2009-01-01,Skadde i alt,10
4022,Seljord,2010-01-01,Skadde i alt,9
4022,Seljord,2011-01-01,Skadde i alt,15
4022,Seljord,2012-01-01,Skadde i alt,7
4022,Seljord,2013-01-01,Skadde i alt,10
4022,Seljord,2014-01-01,Skadde i alt,10
4022,Seljord,2015-01-01,Skadde i alt,5
4022,Seljord,2016-01-01,Skadde i alt,6
4022,Seljord,2017-01-01,Skadde i alt,6
4022,Seljord,2018-01-01,Skadde i alt,6
4022,Seljord,2019-01-01,Skadde i alt,0
4022,Seljord,2020-01-01,Skadde i alt,1
4022,Seljord,2021-01-01,Skadde i alt,13
4022,Seljord,2022-01-01,Skadde i alt,4
4022,Seljord,2023-01-01,Skadde i alt,6
4022,Seljord,2024-01-01,Skadde i alt,3
4022,Seljord,2025-01-01,Skadde i alt,0
4022,Seljord,2000-01-01,Ulykker,7
4022,Seljord,2001-01-01,Ulykker,6
4022,Seljord,2002-01-01,Ulykker,4
4022,Seljord,2003-01-01,Ulykker,15
4022,Seljord,2004-01-01,Ulykker,7
4022,Seljord,2005-01-01,Ulykker,11
4022,Seljord,2006-01-01,Ulykker,8
4022,Seljord,2007-01-01,Ulykker,11
4022,Seljord,2008-01-01,Ulykker,18
4022,Seljord,2009-01-01,Ulykker,7
4022,Seljord,2010-01-01,Ulykker,5
4022,Seljord,2011-01-01,Ulykker,10
4022,Seljord,2012-01-01,Ulykker,6
4022,Seljord,2013-01-01,Ulykker,7
4022,Seljord,2014-01-01,Ulykker,8
4022,Seljord,2015-01-01,Ulykker,4
4022,Seljord,2016-01-01,Ulykker,4
4022,Seljord,2017-01-01,Ulykker,5
4022,Seljord,2018-01-01,Ulykker,5
4022,Seljord,2019-01-01,Ulykker,0
4022,Seljord,2020-01-01,Ulykker,1
4022,Seljord,2021-01-01,Ulykker,6
4022,Seljord,2022-01-01,Ulykker,4
4022,Seljord,2023-01-01,Ulykker,2
4022,Seljord,2024-01-01,Ulykker,3
4022,Seljord,2025-01-01,Ulykker,0
4022,Seljord,2000-01-01,Uoppgitt skadegrad,0
4022,Seljord,2001-01-01,Uoppgitt skadegrad,0
4022,Seljord,2002-01-01,Uoppgitt skadegrad,0
4022,Seljord,2003-01-01,Uoppgitt skadegrad,3
4022,Seljord,2004-01-01,Uoppgitt skadegrad,0
4022,Seljord,2005-01-01,Uoppgitt skadegrad,2
4022,Seljord,2006-01-01,Uoppgitt skadegrad,0
4022,Seljord,2007-01-01,Uoppgitt skadegrad,0
4022,Seljord,2008-01-01,Uoppgitt skadegrad,0
4022,Seljord,2009-01-01,Uoppgitt skadegrad,1
4022,Seljord,2010-01-01,Uoppgitt skadegrad,0
4022,Seljord,2011-01-01,Uoppgitt skadegrad,0
4022,Seljord,2012-01-01,Uoppgitt skadegrad,0
4022,Seljord,2013-01-01,Uoppgitt skadegrad,0
4022,Seljord,2014-01-01,Uoppgitt skadegrad,0
4022,Seljord,2015-01-01,Uoppgitt skadegrad,0
4022,Seljord,2016-01-01,Uoppgitt skadegrad,0
4022,Seljord,2017-01-01,Uoppgitt skadegrad,0
4022,Seljord,2018-01-01,Uoppgitt skadegrad,0
4022,Seljord,2019-01-01,Uoppgitt skadegrad,0
4022,Seljord,2020-01-01,Uoppgitt skadegrad,0
4022,Seljord,2021-01-01,Uoppgitt skadegrad,0
4022,Seljord,2022-01-01,Uoppgitt skadegrad,0
4022,Seljord,2023-01-01,Uoppgitt skadegrad,0
4022,Seljord,2024-01-01,Uoppgitt skadegrad,0
4022,Seljord,2025-01-01,Uoppgitt skadegrad,0
4024,Hjartdal,2000-01-01,Drepte,0
4024,Hjartdal,2001-01-01,Drepte,0
4024,Hjartdal,2002-01-01,Drepte,0
4024,Hjartdal,2003-01-01,Drepte,0
4024,Hjartdal,2004-01-01,Drepte,0
4024,Hjartdal,2005-01-01,Drepte,0
4024,Hjartdal,2006-01-01,Drepte,0
4024,Hjartdal,2007-01-01,Drepte,0
4024,Hjartdal,2008-01-01,Drepte,1
4024,Hjartdal,2009-01-01,Drepte,0
4024,Hjartdal,2010-01-01,Drepte,0
4024,Hjartdal,2011-01-01,Drepte,0
4024,Hjartdal,2012-01-01,Drepte,0
4024,Hjartdal,2013-01-01,Drepte,0
4024,Hjartdal,2014-01-01,Drepte,0
4024,Hjartdal,2015-01-01,Drepte,0
4024,Hjartdal,2016-01-01,Drepte,0
4024,Hjartdal,2017-01-01,Drepte,0
4024,Hjartdal,2018-01-01,Drepte,0
4024,Hjartdal,2019-01-01,Drepte,0
4024,Hjartdal,2020-01-01,Drepte,0
4024,Hjartdal,2021-01-01,Drepte,0
4024,Hjartdal,2022-01-01,Drepte,0
4024,Hjartdal,2023-01-01,Drepte,0
4024,Hjartdal,2024-01-01,Drepte,0
4024,Hjartdal,2025-01-01,Drepte,1
4024,Hjartdal,2000-01-01,Dødsulykker,0
4024,Hjartdal,2001-01-01,Dødsulykker,0
4024,Hjartdal,2002-01-01,Dødsulykker,0
4024,Hjartdal,2003-01-01,Dødsulykker,0
4024,Hjartdal,2004-01-01,Dødsulykker,0
4024,Hjartdal,2005-01-01,Dødsulykker,0
4024,Hjartdal,2006-01-01,Dødsulykker,0
4024,Hjartdal,2007-01-01,Dødsulykker,0
4024,Hjartdal,2008-01-01,Dødsulykker,1
4024,Hjartdal,2009-01-01,Dødsulykker,0
4024,Hjartdal,2010-01-01,Dødsulykker,0
4024,Hjartdal,2011-01-01,Dødsulykker,0
4024,Hjartdal,2012-01-01,Dødsulykker,0
4024,Hjartdal,2013-01-01,Dødsulykker,0
4024,Hjartdal,2014-01-01,Dødsulykker,0
4024,Hjartdal,2015-01-01,Dødsulykker,0
4024,Hjartdal,2016-01-01,Dødsulykker,0
4024,Hjartdal,2017-01-01,Dødsulykker,0
4024,Hjartdal,2018-01-01,Dødsulykker,0
4024,Hjartdal,2019-01-01,Dødsulykker,0
4024,Hjartdal,2020-01-01,Dødsulykker,0
4024,Hjartdal,2021-01-01,Dødsulykker,0
4024,Hjartdal,2022-01-01,Dødsulykker,0
4024,Hjartdal,2023-01-01,Dødsulykker,0
4024,Hjartdal,2024-01-01,Dødsulykker,0
4024,Hjartdal,2025-01-01,Dødsulykker,1
4024,Hjartdal,2000-01-01,Hardt skadde,0
4024,Hjartdal,2001-01-01,Hardt skadde,0
4024,Hjartdal,2002-01-01,Hardt skadde,1
4024,Hjartdal,2003-01-01,Hardt skadde,2
4024,Hjartdal,2004-01-01,Hardt skadde,0
4024,Hjartdal,2005-01-01,Hardt skadde,0
4024,Hjartdal,2006-01-01,Hardt skadde,1
4024,Hjartdal,2007-01-01,Hardt skadde,1
4024,Hjartdal,2008-01-01,Hardt skadde,0
4024,Hjartdal,2009-01-01,Hardt skadde,1
4024,Hjartdal,2010-01-01,Hardt skadde,2
4024,Hjartdal,2011-01-01,Hardt skadde,1
4024,Hjartdal,2012-01-01,Hardt skadde,0
4024,Hjartdal,2013-01-01,Hardt skadde,0
4024,Hjartdal,2014-01-01,Hardt skadde,1
4024,Hjartdal,2015-01-01,Hardt skadde,1
4024,Hjartdal,2016-01-01,Hardt skadde,0
4024,Hjartdal,2017-01-01,Hardt skadde,0
4024,Hjartdal,2018-01-01,Hardt skadde,2
4024,Hjartdal,2019-01-01,Hardt skadde,3
4024,Hjartdal,2020-01-01,Hardt skadde,2
4024,Hjartdal,2021-01-01,Hardt skadde,1
4024,Hjartdal,2022-01-01,Hardt skadde,0
4024,Hjartdal,2023-01-01,Hardt skadde,1
4024,Hjartdal,2024-01-01,Hardt skadde,1
4024,Hjartdal,2025-01-01,Hardt skadde,1
4024,Hjartdal,2000-01-01,Lettere skadde,5
4024,Hjartdal,2001-01-01,Lettere skadde,6
4024,Hjartdal,2002-01-01,Lettere skadde,3
4024,Hjartdal,2003-01-01,Lettere skadde,11
4024,Hjartdal,2004-01-01,Lettere skadde,8
4024,Hjartdal,2005-01-01,Lettere skadde,7
4024,Hjartdal,2006-01-01,Lettere skadde,2
4024,Hjartdal,2007-01-01,Lettere skadde,9
4024,Hjartdal,2008-01-01,Lettere skadde,17
4024,Hjartdal,2009-01-01,Lettere skadde,8
4024,Hjartdal,2010-01-01,Lettere skadde,8
4024,Hjartdal,2011-01-01,Lettere skadde,3
4024,Hjartdal,2012-01-01,Lettere skadde,6
4024,Hjartdal,2013-01-01,Lettere skadde,6
4024,Hjartdal,2014-01-01,Lettere skadde,10
4024,Hjartdal,2015-01-01,Lettere skadde,4
4024,Hjartdal,2016-01-01,Lettere skadde,6
4024,Hjartdal,2017-01-01,Lettere skadde,10
4024,Hjartdal,2018-01-01,Lettere skadde,2
4024,Hjartdal,2019-01-01,Lettere skadde,10
4024,Hjartdal,2020-01-01,Lettere skadde,2
4024,Hjartdal,2021-01-01,Lettere skadde,2
4024,Hjartdal,2022-01-01,Lettere skadde,1
4024,Hjartdal,2023-01-01,Lettere skadde,3
4024,Hjartdal,2024-01-01,Lettere skadde,0
4024,Hjartdal,2025-01-01,Lettere skadde,5
4024,Hjartdal,2000-01-01,Skadde i alt,5
4024,Hjartdal,2001-01-01,Skadde i alt,6
4024,Hjartdal,2002-01-01,Skadde i alt,4
4024,Hjartdal,2003-01-01,Skadde i alt,14
4024,Hjartdal,2004-01-01,Skadde i alt,9
4024,Hjartdal,2005-01-01,Skadde i alt,7
4024,Hjartdal,2006-01-01,Skadde i alt,3
4024,Hjartdal,2007-01-01,Skadde i alt,11
4024,Hjartdal,2008-01-01,Skadde i alt,17
4024,Hjartdal,2009-01-01,Skadde i alt,9
4024,Hjartdal,2010-01-01,Skadde i alt,10
4024,Hjartdal,2011-01-01,Skadde i alt,4
4024,Hjartdal,2012-01-01,Skadde i alt,6
4024,Hjartdal,2013-01-01,Skadde i alt,6
4024,Hjartdal,2014-01-01,Skadde i alt,11
4024,Hjartdal,2015-01-01,Skadde i alt,5
4024,Hjartdal,2016-01-01,Skadde i alt,6
4024,Hjartdal,2017-01-01,Skadde i alt,10
4024,Hjartdal,2018-01-01,Skadde i alt,4
4024,Hjartdal,2019-01-01,Skadde i alt,13
4024,Hjartdal,2020-01-01,Skadde i alt,4
4024,Hjartdal,2021-01-01,Skadde i alt,3
4024,Hjartdal,2022-01-01,Skadde i alt,1
4024,Hjartdal,2023-01-01,Skadde i alt,4
4024,Hjartdal,2024-01-01,Skadde i alt,1
4024,Hjartdal,2025-01-01,Skadde i alt,6
4024,Hjartdal,2000-01-01,Ulykker,5
4024,Hjartdal,2001-01-01,Ulykker,3
4024,Hjartdal,2002-01-01,Ulykker,4
4024,Hjartdal,2003-01-01,Ulykker,9
4024,Hjartdal,2004-01-01,Ulykker,7
4024,Hjartdal,2005-01-01,Ulykker,6
4024,Hjartdal,2006-01-01,Ulykker,3
4024,Hjartdal,2007-01-01,Ulykker,7
4024,Hjartdal,2008-01-01,Ulykker,14
4024,Hjartdal,2009-01-01,Ulykker,7
4024,Hjartdal,2010-01-01,Ulykker,7
4024,Hjartdal,2011-01-01,Ulykker,4
4024,Hjartdal,2012-01-01,Ulykker,5
4024,Hjartdal,2013-01-01,Ulykker,5
4024,Hjartdal,2014-01-01,Ulykker,6
4024,Hjartdal,2015-01-01,Ulykker,4
4024,Hjartdal,2016-01-01,Ulykker,6
4024,Hjartdal,2017-01-01,Ulykker,7
4024,Hjartdal,2018-01-01,Ulykker,2
4024,Hjartdal,2019-01-01,Ulykker,4
4024,Hjartdal,2020-01-01,Ulykker,4
4024,Hjartdal,2021-01-01,Ulykker,4
4024,Hjartdal,2022-01-01,Ulykker,1
4024,Hjartdal,2023-01-01,Ulykker,3
4024,Hjartdal,2024-01-01,Ulykker,1
4024,Hjartdal,2025-01-01,Ulykker,5
4024,Hjartdal,2000-01-01,Uoppgitt skadegrad,0
4024,Hjartdal,2001-01-01,Uoppgitt skadegrad,0
4024,Hjartdal,2002-01-01,Uoppgitt skadegrad,0
4024,Hjartdal,2003-01-01,Uoppgitt skadegrad,1
4024,Hjartdal,2004-01-01,Uoppgitt skadegrad,1
4024,Hjartdal,2005-01-01,Uoppgitt skadegrad,0
4024,Hjartdal,2006-01-01,Uoppgitt skadegrad,0
4024,Hjartdal,2007-01-01,Uoppgitt skadegrad,1
4024,Hjartdal,2008-01-01,Uoppgitt skadegrad,0
4024,Hjartdal,2009-01-01,Uoppgitt skadegrad,0
4024,Hjartdal,2010-01-01,Uoppgitt skadegrad,0
4024,Hjartdal,2011-01-01,Uoppgitt skadegrad,0
4024,Hjartdal,2012-01-01,Uoppgitt skadegrad,0
4024,Hjartdal,2013-01-01,Uoppgitt skadegrad,0
4024,Hjartdal,2014-01-01,Uoppgitt skadegrad,0
4024,Hjartdal,2015-01-01,Uoppgitt skadegrad,0
4024,Hjartdal,2016-01-01,Uoppgitt skadegrad,0
4024,Hjartdal,2017-01-01,Uoppgitt skadegrad,0
4024,Hjartdal,2018-01-01,Uoppgitt skadegrad,0
4024,Hjartdal,2019-01-01,Uoppgitt skadegrad,0
4024,Hjartdal,2020-01-01,Uoppgitt skadegrad,0
4024,Hjartdal,2021-01-01,Uoppgitt skadegrad,0
4024,Hjartdal,2022-01-01,Uoppgitt skadegrad,0
4024,Hjartdal,2023-01-01,Uoppgitt skadegrad,0
4024,Hjartdal,2024-01-01,Uoppgitt skadegrad,0
4024,Hjartdal,2025-01-01,Uoppgitt skadegrad,0
4026,Tinn,2000-01-01,Drepte,0
4026,Tinn,2001-01-01,Drepte,2
4026,Tinn,2002-01-01,Drepte,0
4026,Tinn,2003-01-01,Drepte,1
4026,Tinn,2004-01-01,Drepte,0
4026,Tinn,2005-01-01,Drepte,1
4026,Tinn,2006-01-01,Drepte,0
4026,Tinn,2007-01-01,Drepte,0
4026,Tinn,2008-01-01,Drepte,0
4026,Tinn,2009-01-01,Drepte,1
4026,Tinn,2010-01-01,Drepte,0
4026,Tinn,2011-01-01,Drepte,1
4026,Tinn,2012-01-01,Drepte,0
4026,Tinn,2013-01-01,Drepte,0
4026,Tinn,2014-01-01,Drepte,0
4026,Tinn,2015-01-01,Drepte,0
4026,Tinn,2016-01-01,Drepte,0
4026,Tinn,2017-01-01,Drepte,0
4026,Tinn,2018-01-01,Drepte,5
4026,Tinn,2019-01-01,Drepte,0
4026,Tinn,2020-01-01,Drepte,0
4026,Tinn,2021-01-01,Drepte,0
4026,Tinn,2022-01-01,Drepte,0
4026,Tinn,2023-01-01,Drepte,0
4026,Tinn,2024-01-01,Drepte,0
4026,Tinn,2025-01-01,Drepte,1
4026,Tinn,2000-01-01,Dødsulykker,0
4026,Tinn,2001-01-01,Dødsulykker,2
4026,Tinn,2002-01-01,Dødsulykker,0
4026,Tinn,2003-01-01,Dødsulykker,1
4026,Tinn,2004-01-01,Dødsulykker,0
4026,Tinn,2005-01-01,Dødsulykker,1
4026,Tinn,2006-01-01,Dødsulykker,0
4026,Tinn,2007-01-01,Dødsulykker,0
4026,Tinn,2008-01-01,Dødsulykker,0
4026,Tinn,2009-01-01,Dødsulykker,1
4026,Tinn,2010-01-01,Dødsulykker,0
4026,Tinn,2011-01-01,Dødsulykker,1
4026,Tinn,2012-01-01,Dødsulykker,0
4026,Tinn,2013-01-01,Dødsulykker,0
4026,Tinn,2014-01-01,Dødsulykker,0
4026,Tinn,2015-01-01,Dødsulykker,0
4026,Tinn,2016-01-01,Dødsulykker,0
4026,Tinn,2017-01-01,Dødsulykker,0
4026,Tinn,2018-01-01,Dødsulykker,1
4026,Tinn,2019-01-01,Dødsulykker,0
4026,Tinn,2020-01-01,Dødsulykker,0
4026,Tinn,2021-01-01,Dødsulykker,0
4026,Tinn,2022-01-01,Dødsulykker,0
4026,Tinn,2023-01-01,Dødsulykker,0
4026,Tinn,2024-01-01,Dødsulykker,0
4026,Tinn,2025-01-01,Dødsulykker,1
4026,Tinn,2000-01-01,Hardt skadde,0
4026,Tinn,2001-01-01,Hardt skadde,2
4026,Tinn,2002-01-01,Hardt skadde,0
4026,Tinn,2003-01-01,Hardt skadde,2
4026,Tinn,2004-01-01,Hardt skadde,2
4026,Tinn,2005-01-01,Hardt skadde,1
4026,Tinn,2006-01-01,Hardt skadde,1
4026,Tinn,2007-01-01,Hardt skadde,2
4026,Tinn,2008-01-01,Hardt skadde,0
4026,Tinn,2009-01-01,Hardt skadde,1
4026,Tinn,2010-01-01,Hardt skadde,2
4026,Tinn,2011-01-01,Hardt skadde,1
4026,Tinn,2012-01-01,Hardt skadde,2
4026,Tinn,2013-01-01,Hardt skadde,2
4026,Tinn,2014-01-01,Hardt skadde,0
4026,Tinn,2015-01-01,Hardt skadde,1
4026,Tinn,2016-01-01,Hardt skadde,1
4026,Tinn,2017-01-01,Hardt skadde,0
4026,Tinn,2018-01-01,Hardt skadde,0
4026,Tinn,2019-01-01,Hardt skadde,3
4026,Tinn,2020-01-01,Hardt skadde,3
4026,Tinn,2021-01-01,Hardt skadde,0
4026,Tinn,2022-01-01,Hardt skadde,2
4026,Tinn,2023-01-01,Hardt skadde,1
4026,Tinn,2024-01-01,Hardt skadde,0
4026,Tinn,2025-01-01,Hardt skadde,0
4026,Tinn,2000-01-01,Lettere skadde,22
4026,Tinn,2001-01-01,Lettere skadde,5
4026,Tinn,2002-01-01,Lettere skadde,8
4026,Tinn,2003-01-01,Lettere skadde,9
4026,Tinn,2004-01-01,Lettere skadde,9
4026,Tinn,2005-01-01,Lettere skadde,12
4026,Tinn,2006-01-01,Lettere skadde,18
4026,Tinn,2007-01-01,Lettere skadde,9
4026,Tinn,2008-01-01,Lettere skadde,12
4026,Tinn,2009-01-01,Lettere skadde,9
4026,Tinn,2010-01-01,Lettere skadde,13
4026,Tinn,2011-01-01,Lettere skadde,4
4026,Tinn,2012-01-01,Lettere skadde,4
4026,Tinn,2013-01-01,Lettere skadde,10
4026,Tinn,2014-01-01,Lettere skadde,11
4026,Tinn,2015-01-01,Lettere skadde,7
4026,Tinn,2016-01-01,Lettere skadde,4
4026,Tinn,2017-01-01,Lettere skadde,3
4026,Tinn,2018-01-01,Lettere skadde,5
4026,Tinn,2019-01-01,Lettere skadde,9
4026,Tinn,2020-01-01,Lettere skadde,8
4026,Tinn,2021-01-01,Lettere skadde,4
4026,Tinn,2022-01-01,Lettere skadde,5
4026,Tinn,2023-01-01,Lettere skadde,4
4026,Tinn,2024-01-01,Lettere skadde,2
4026,Tinn,2025-01-01,Lettere skadde,8
4026,Tinn,2000-01-01,Skadde i alt,22
4026,Tinn,2001-01-01,Skadde i alt,8
4026,Tinn,2002-01-01,Skadde i alt,10
4026,Tinn,2003-01-01,Skadde i alt,11
4026,Tinn,2004-01-01,Skadde i alt,11
4026,Tinn,2005-01-01,Skadde i alt,13
4026,Tinn,2006-01-01,Skadde i alt,19
4026,Tinn,2007-01-01,Skadde i alt,11
4026,Tinn,2008-01-01,Skadde i alt,13
4026,Tinn,2009-01-01,Skadde i alt,10
4026,Tinn,2010-01-01,Skadde i alt,20
4026,Tinn,2011-01-01,Skadde i alt,5
4026,Tinn,2012-01-01,Skadde i alt,6
4026,Tinn,2013-01-01,Skadde i alt,14
4026,Tinn,2014-01-01,Skadde i alt,11
4026,Tinn,2015-01-01,Skadde i alt,8
4026,Tinn,2016-01-01,Skadde i alt,5
4026,Tinn,2017-01-01,Skadde i alt,3
4026,Tinn,2018-01-01,Skadde i alt,5
4026,Tinn,2019-01-01,Skadde i alt,12
4026,Tinn,2020-01-01,Skadde i alt,11
4026,Tinn,2021-01-01,Skadde i alt,4
4026,Tinn,2022-01-01,Skadde i alt,7
4026,Tinn,2023-01-01,Skadde i alt,5
4026,Tinn,2024-01-01,Skadde i alt,2
4026,Tinn,2025-01-01,Skadde i alt,8
4026,Tinn,2000-01-01,Ulykker,15
4026,Tinn,2001-01-01,Ulykker,8
4026,Tinn,2002-01-01,Ulykker,9
4026,Tinn,2003-01-01,Ulykker,10
4026,Tinn,2004-01-01,Ulykker,9
4026,Tinn,2005-01-01,Ulykker,9
4026,Tinn,2006-01-01,Ulykker,12
4026,Tinn,2007-01-01,Ulykker,8
4026,Tinn,2008-01-01,Ulykker,6
4026,Tinn,2009-01-01,Ulykker,9
4026,Tinn,2010-01-01,Ulykker,11
4026,Tinn,2011-01-01,Ulykker,6
4026,Tinn,2012-01-01,Ulykker,6
4026,Tinn,2013-01-01,Ulykker,7
4026,Tinn,2014-01-01,Ulykker,8
4026,Tinn,2015-01-01,Ulykker,7
4026,Tinn,2016-01-01,Ulykker,5
4026,Tinn,2017-01-01,Ulykker,3
4026,Tinn,2018-01-01,Ulykker,6
4026,Tinn,2019-01-01,Ulykker,9
4026,Tinn,2020-01-01,Ulykker,8
4026,Tinn,2021-01-01,Ulykker,4
4026,Tinn,2022-01-01,Ulykker,7
4026,Tinn,2023-01-01,Ulykker,3
4026,Tinn,2024-01-01,Ulykker,2
4026,Tinn,2025-01-01,Ulykker,6
4026,Tinn,2000-01-01,Uoppgitt skadegrad,0
4026,Tinn,2001-01-01,Uoppgitt skadegrad,1
4026,Tinn,2002-01-01,Uoppgitt skadegrad,2
4026,Tinn,2003-01-01,Uoppgitt skadegrad,0
4026,Tinn,2004-01-01,Uoppgitt skadegrad,0
4026,Tinn,2005-01-01,Uoppgitt skadegrad,0
4026,Tinn,2006-01-01,Uoppgitt skadegrad,0
4026,Tinn,2007-01-01,Uoppgitt skadegrad,0
4026,Tinn,2008-01-01,Uoppgitt skadegrad,1
4026,Tinn,2009-01-01,Uoppgitt skadegrad,0
4026,Tinn,2010-01-01,Uoppgitt skadegrad,5
4026,Tinn,2011-01-01,Uoppgitt skadegrad,0
4026,Tinn,2012-01-01,Uoppgitt skadegrad,0
4026,Tinn,2013-01-01,Uoppgitt skadegrad,2
4026,Tinn,2014-01-01,Uoppgitt skadegrad,0
4026,Tinn,2015-01-01,Uoppgitt skadegrad,0
4026,Tinn,2016-01-01,Uoppgitt skadegrad,0
4026,Tinn,2017-01-01,Uoppgitt skadegrad,0
4026,Tinn,2018-01-01,Uoppgitt skadegrad,0
4026,Tinn,2019-01-01,Uoppgitt skadegrad,0
4026,Tinn,2020-01-01,Uoppgitt skadegrad,0
4026,Tinn,2021-01-01,Uoppgitt skadegrad,0
4026,Tinn,2022-01-01,Uoppgitt skadegrad,0
4026,Tinn,2023-01-01,Uoppgitt skadegrad,0
4026,Tinn,2024-01-01,Uoppgitt skadegrad,0
4026,Tinn,2025-01-01,Uoppgitt skadegrad,0
4028,Kviteseid,2000-01-01,Drepte,0
4028,Kviteseid,2001-01-01,Drepte,0
4028,Kviteseid,2002-01-01,Drepte,0
4028,Kviteseid,2003-01-01,Drepte,2
4028,Kviteseid,2004-01-01,Drepte,0
4028,Kviteseid,2005-01-01,Drepte,1
4028,Kviteseid,2006-01-01,Drepte,0
4028,Kviteseid,2007-01-01,Drepte,2
4028,Kviteseid,2008-01-01,Drepte,0
4028,Kviteseid,2009-01-01,Drepte,0
4028,Kviteseid,2010-01-01,Drepte,0
4028,Kviteseid,2011-01-01,Drepte,0
4028,Kviteseid,2012-01-01,Drepte,0
4028,Kviteseid,2013-01-01,Drepte,0
4028,Kviteseid,2014-01-01,Drepte,0
4028,Kviteseid,2015-01-01,Drepte,0
4028,Kviteseid,2016-01-01,Drepte,0
4028,Kviteseid,2017-01-01,Drepte,0
4028,Kviteseid,2018-01-01,Drepte,0
4028,Kviteseid,2019-01-01,Drepte,0
4028,Kviteseid,2020-01-01,Drepte,0
4028,Kviteseid,2021-01-01,Drepte,0
4028,Kviteseid,2022-01-01,Drepte,0
4028,Kviteseid,2023-01-01,Drepte,0
4028,Kviteseid,2024-01-01,Drepte,0
4028,Kviteseid,2025-01-01,Drepte,0
4028,Kviteseid,2000-01-01,Dødsulykker,0
4028,Kviteseid,2001-01-01,Dødsulykker,0
4028,Kviteseid,2002-01-01,Dødsulykker,0
4028,Kviteseid,2003-01-01,Dødsulykker,2
4028,Kviteseid,2004-01-01,Dødsulykker,0
4028,Kviteseid,2005-01-01,Dødsulykker,1
4028,Kviteseid,2006-01-01,Dødsulykker,0
4028,Kviteseid,2007-01-01,Dødsulykker,1
4028,Kviteseid,2008-01-01,Dødsulykker,0
4028,Kviteseid,2009-01-01,Dødsulykker,0
4028,Kviteseid,2010-01-01,Dødsulykker,0
4028,Kviteseid,2011-01-01,Dødsulykker,0
4028,Kviteseid,2012-01-01,Dødsulykker,0
4028,Kviteseid,2013-01-01,Dødsulykker,0
4028,Kviteseid,2014-01-01,Dødsulykker,0
4028,Kviteseid,2015-01-01,Dødsulykker,0
4028,Kviteseid,2016-01-01,Dødsulykker,0
4028,Kviteseid,2017-01-01,Dødsulykker,0
4028,Kviteseid,2018-01-01,Dødsulykker,0
4028,Kviteseid,2019-01-01,Dødsulykker,0
4028,Kviteseid,2020-01-01,Dødsulykker,0
4028,Kviteseid,2021-01-01,Dødsulykker,0
4028,Kviteseid,2022-01-01,Dødsulykker,0
4028,Kviteseid,2023-01-01,Dødsulykker,0
4028,Kviteseid,2024-01-01,Dødsulykker,0
4028,Kviteseid,2025-01-01,Dødsulykker,0
4028,Kviteseid,2000-01-01,Hardt skadde,1
4028,Kviteseid,2001-01-01,Hardt skadde,0
4028,Kviteseid,2002-01-01,Hardt skadde,1
4028,Kviteseid,2003-01-01,Hardt skadde,1
4028,Kviteseid,2004-01-01,Hardt skadde,3
4028,Kviteseid,2005-01-01,Hardt skadde,0
4028,Kviteseid,2006-01-01,Hardt skadde,0
4028,Kviteseid,2007-01-01,Hardt skadde,0
4028,Kviteseid,2008-01-01,Hardt skadde,3
4028,Kviteseid,2009-01-01,Hardt skadde,1
4028,Kviteseid,2010-01-01,Hardt skadde,1
4028,Kviteseid,2011-01-01,Hardt skadde,0
4028,Kviteseid,2012-01-01,Hardt skadde,0
4028,Kviteseid,2013-01-01,Hardt skadde,0
4028,Kviteseid,2014-01-01,Hardt skadde,1
4028,Kviteseid,2015-01-01,Hardt skadde,0
4028,Kviteseid,2016-01-01,Hardt skadde,0
4028,Kviteseid,2017-01-01,Hardt skadde,0
4028,Kviteseid,2018-01-01,Hardt skadde,0
4028,Kviteseid,2019-01-01,Hardt skadde,0
4028,Kviteseid,2020-01-01,Hardt skadde,1
4028,Kviteseid,2021-01-01,Hardt skadde,0
4028,Kviteseid,2022-01-01,Hardt skadde,3
4028,Kviteseid,2023-01-01,Hardt skadde,0
4028,Kviteseid,2024-01-01,Hardt skadde,0
4028,Kviteseid,2025-01-01,Hardt skadde,1
4028,Kviteseid,2000-01-01,Lettere skadde,11
4028,Kviteseid,2001-01-01,Lettere skadde,9
4028,Kviteseid,2002-01-01,Lettere skadde,15
4028,Kviteseid,2003-01-01,Lettere skadde,6
4028,Kviteseid,2004-01-01,Lettere skadde,10
4028,Kviteseid,2005-01-01,Lettere skadde,14
4028,Kviteseid,2006-01-01,Lettere skadde,10
4028,Kviteseid,2007-01-01,Lettere skadde,3
4028,Kviteseid,2008-01-01,Lettere skadde,9
4028,Kviteseid,2009-01-01,Lettere skadde,8
4028,Kviteseid,2010-01-01,Lettere skadde,22
4028,Kviteseid,2011-01-01,Lettere skadde,14
4028,Kviteseid,2012-01-01,Lettere skadde,13
4028,Kviteseid,2013-01-01,Lettere skadde,9
4028,Kviteseid,2014-01-01,Lettere skadde,8
4028,Kviteseid,2015-01-01,Lettere skadde,9
4028,Kviteseid,2016-01-01,Lettere skadde,5
4028,Kviteseid,2017-01-01,Lettere skadde,6
4028,Kviteseid,2018-01-01,Lettere skadde,4
4028,Kviteseid,2019-01-01,Lettere skadde,4
4028,Kviteseid,2020-01-01,Lettere skadde,7
4028,Kviteseid,2021-01-01,Lettere skadde,1
4028,Kviteseid,2022-01-01,Lettere skadde,10
4028,Kviteseid,2023-01-01,Lettere skadde,8
4028,Kviteseid,2024-01-01,Lettere skadde,4
4028,Kviteseid,2025-01-01,Lettere skadde,2
4028,Kviteseid,2000-01-01,Skadde i alt,12
4028,Kviteseid,2001-01-01,Skadde i alt,10
4028,Kviteseid,2002-01-01,Skadde i alt,17
4028,Kviteseid,2003-01-01,Skadde i alt,8
4028,Kviteseid,2004-01-01,Skadde i alt,15
4028,Kviteseid,2005-01-01,Skadde i alt,17
4028,Kviteseid,2006-01-01,Skadde i alt,10
4028,Kviteseid,2007-01-01,Skadde i alt,3
4028,Kviteseid,2008-01-01,Skadde i alt,12
4028,Kviteseid,2009-01-01,Skadde i alt,10
4028,Kviteseid,2010-01-01,Skadde i alt,25
4028,Kviteseid,2011-01-01,Skadde i alt,14
4028,Kviteseid,2012-01-01,Skadde i alt,13
4028,Kviteseid,2013-01-01,Skadde i alt,9
4028,Kviteseid,2014-01-01,Skadde i alt,9
4028,Kviteseid,2015-01-01,Skadde i alt,9
4028,Kviteseid,2016-01-01,Skadde i alt,5
4028,Kviteseid,2017-01-01,Skadde i alt,6
4028,Kviteseid,2018-01-01,Skadde i alt,4
4028,Kviteseid,2019-01-01,Skadde i alt,4
4028,Kviteseid,2020-01-01,Skadde i alt,8
4028,Kviteseid,2021-01-01,Skadde i alt,1
4028,Kviteseid,2022-01-01,Skadde i alt,13
4028,Kviteseid,2023-01-01,Skadde i alt,8
4028,Kviteseid,2024-01-01,Skadde i alt,4
4028,Kviteseid,2025-01-01,Skadde i alt,3
4028,Kviteseid,2000-01-01,Ulykker,8
4028,Kviteseid,2001-01-01,Ulykker,8
4028,Kviteseid,2002-01-01,Ulykker,11
4028,Kviteseid,2003-01-01,Ulykker,6
4028,Kviteseid,2004-01-01,Ulykker,8
4028,Kviteseid,2005-01-01,Ulykker,12
4028,Kviteseid,2006-01-01,Ulykker,7
4028,Kviteseid,2007-01-01,Ulykker,4
4028,Kviteseid,2008-01-01,Ulykker,8
4028,Kviteseid,2009-01-01,Ulykker,7
4028,Kviteseid,2010-01-01,Ulykker,15
4028,Kviteseid,2011-01-01,Ulykker,7
4028,Kviteseid,2012-01-01,Ulykker,10
4028,Kviteseid,2013-01-01,Ulykker,7
4028,Kviteseid,2014-01-01,Ulykker,6
4028,Kviteseid,2015-01-01,Ulykker,7
4028,Kviteseid,2016-01-01,Ulykker,3
4028,Kviteseid,2017-01-01,Ulykker,6
4028,Kviteseid,2018-01-01,Ulykker,4
4028,Kviteseid,2019-01-01,Ulykker,3
4028,Kviteseid,2020-01-01,Ulykker,8
4028,Kviteseid,2021-01-01,Ulykker,1
4028,Kviteseid,2022-01-01,Ulykker,11
4028,Kviteseid,2023-01-01,Ulykker,7
4028,Kviteseid,2024-01-01,Ulykker,2
4028,Kviteseid,2025-01-01,Ulykker,3
4028,Kviteseid,2000-01-01,Uoppgitt skadegrad,0
4028,Kviteseid,2001-01-01,Uoppgitt skadegrad,1
4028,Kviteseid,2002-01-01,Uoppgitt skadegrad,1
4028,Kviteseid,2003-01-01,Uoppgitt skadegrad,1
4028,Kviteseid,2004-01-01,Uoppgitt skadegrad,2
4028,Kviteseid,2005-01-01,Uoppgitt skadegrad,3
4028,Kviteseid,2006-01-01,Uoppgitt skadegrad,0
4028,Kviteseid,2007-01-01,Uoppgitt skadegrad,0
4028,Kviteseid,2008-01-01,Uoppgitt skadegrad,0
4028,Kviteseid,2009-01-01,Uoppgitt skadegrad,1
4028,Kviteseid,2010-01-01,Uoppgitt skadegrad,2
4028,Kviteseid,2011-01-01,Uoppgitt skadegrad,0
4028,Kviteseid,2012-01-01,Uoppgitt skadegrad,0
4028,Kviteseid,2013-01-01,Uoppgitt skadegrad,0
4028,Kviteseid,2014-01-01,Uoppgitt skadegrad,0
4028,Kviteseid,2015-01-01,Uoppgitt skadegrad,0
4028,Kviteseid,2016-01-01,Uoppgitt skadegrad,0
4028,Kviteseid,2017-01-01,Uoppgitt skadegrad,0
4028,Kviteseid,2018-01-01,Uoppgitt skadegrad,0
4028,Kviteseid,2019-01-01,Uoppgitt skadegrad,0
4028,Kviteseid,2020-01-01,Uoppgitt skadegrad,0
4028,Kviteseid,2021-01-01,Uoppgitt skadegrad,0
4028,Kviteseid,2022-01-01,Uoppgitt skadegrad,0
4028,Kviteseid,2023-01-01,Uoppgitt skadegrad,0
4028,Kviteseid,2024-01-01,Uoppgitt skadegrad,0
4028,Kviteseid,2025-01-01,Uoppgitt skadegrad,0
4030,Nissedal,2000-01-01,Drepte,0
4030,Nissedal,2001-01-01,Drepte,0
4030,Nissedal,2002-01-01,Drepte,0
4030,Nissedal,2003-01-01,Drepte,0
4030,Nissedal,2004-01-01,Drepte,1
4030,Nissedal,2005-01-01,Drepte,0
4030,Nissedal,2006-01-01,Drepte,0
4030,Nissedal,2007-01-01,Drepte,0
4030,Nissedal,2008-01-01,Drepte,0
4030,Nissedal,2009-01-01,Drepte,0
4030,Nissedal,2010-01-01,Drepte,0
4030,Nissedal,2011-01-01,Drepte,0
4030,Nissedal,2012-01-01,Drepte,0
4030,Nissedal,2013-01-01,Drepte,0
4030,Nissedal,2014-01-01,Drepte,0
4030,Nissedal,2015-01-01,Drepte,1
4030,Nissedal,2016-01-01,Drepte,0
4030,Nissedal,2017-01-01,Drepte,1
4030,Nissedal,2018-01-01,Drepte,0
4030,Nissedal,2019-01-01,Drepte,0
4030,Nissedal,2020-01-01,Drepte,0
4030,Nissedal,2021-01-01,Drepte,0
4030,Nissedal,2022-01-01,Drepte,0
4030,Nissedal,2023-01-01,Drepte,0
4030,Nissedal,2024-01-01,Drepte,0
4030,Nissedal,2025-01-01,Drepte,0
4030,Nissedal,2000-01-01,Dødsulykker,0
4030,Nissedal,2001-01-01,Dødsulykker,0
4030,Nissedal,2002-01-01,Dødsulykker,0
4030,Nissedal,2003-01-01,Dødsulykker,0
4030,Nissedal,2004-01-01,Dødsulykker,1
4030,Nissedal,2005-01-01,Dødsulykker,0
4030,Nissedal,2006-01-01,Dødsulykker,0
4030,Nissedal,2007-01-01,Dødsulykker,0
4030,Nissedal,2008-01-01,Dødsulykker,0
4030,Nissedal,2009-01-01,Dødsulykker,0
4030,Nissedal,2010-01-01,Dødsulykker,0
4030,Nissedal,2011-01-01,Dødsulykker,0
4030,Nissedal,2012-01-01,Dødsulykker,0
4030,Nissedal,2013-01-01,Dødsulykker,0
4030,Nissedal,2014-01-01,Dødsulykker,0
4030,Nissedal,2015-01-01,Dødsulykker,1
4030,Nissedal,2016-01-01,Dødsulykker,0
4030,Nissedal,2017-01-01,Dødsulykker,1
4030,Nissedal,2018-01-01,Dødsulykker,0
4030,Nissedal,2019-01-01,Dødsulykker,0
4030,Nissedal,2020-01-01,Dødsulykker,0
4030,Nissedal,2021-01-01,Dødsulykker,0
4030,Nissedal,2022-01-01,Dødsulykker,0
4030,Nissedal,2023-01-01,Dødsulykker,0
4030,Nissedal,2024-01-01,Dødsulykker,0
4030,Nissedal,2025-01-01,Dødsulykker,0
4030,Nissedal,2000-01-01,Hardt skadde,0
4030,Nissedal,2001-01-01,Hardt skadde,1
4030,Nissedal,2002-01-01,Hardt skadde,0
4030,Nissedal,2003-01-01,Hardt skadde,0
4030,Nissedal,2004-01-01,Hardt skadde,1
4030,Nissedal,2005-01-01,Hardt skadde,3
4030,Nissedal,2006-01-01,Hardt skadde,2
4030,Nissedal,2007-01-01,Hardt skadde,1
4030,Nissedal,2008-01-01,Hardt skadde,3
4030,Nissedal,2009-01-01,Hardt skadde,0
4030,Nissedal,2010-01-01,Hardt skadde,0
4030,Nissedal,2011-01-01,Hardt skadde,0
4030,Nissedal,2012-01-01,Hardt skadde,0
4030,Nissedal,2013-01-01,Hardt skadde,0
4030,Nissedal,2014-01-01,Hardt skadde,0
4030,Nissedal,2015-01-01,Hardt skadde,0
4030,Nissedal,2016-01-01,Hardt skadde,2
4030,Nissedal,2017-01-01,Hardt skadde,2
4030,Nissedal,2018-01-01,Hardt skadde,0
4030,Nissedal,2019-01-01,Hardt skadde,0
4030,Nissedal,2020-01-01,Hardt skadde,0
4030,Nissedal,2021-01-01,Hardt skadde,0
4030,Nissedal,2022-01-01,Hardt skadde,0
4030,Nissedal,2023-01-01,Hardt skadde,1
4030,Nissedal,2024-01-01,Hardt skadde,0
4030,Nissedal,2025-01-01,Hardt skadde,0
4030,Nissedal,2000-01-01,Lettere skadde,1
4030,Nissedal,2001-01-01,Lettere skadde,6
4030,Nissedal,2002-01-01,Lettere skadde,2
4030,Nissedal,2003-01-01,Lettere skadde,4
4030,Nissedal,2004-01-01,Lettere skadde,5
4030,Nissedal,2005-01-01,Lettere skadde,5
4030,Nissedal,2006-01-01,Lettere skadde,6
4030,Nissedal,2007-01-01,Lettere skadde,6
4030,Nissedal,2008-01-01,Lettere skadde,10
4030,Nissedal,2009-01-01,Lettere skadde,4
4030,Nissedal,2010-01-01,Lettere skadde,4
4030,Nissedal,2011-01-01,Lettere skadde,2
4030,Nissedal,2012-01-01,Lettere skadde,7
4030,Nissedal,2013-01-01,Lettere skadde,7
4030,Nissedal,2014-01-01,Lettere skadde,1
4030,Nissedal,2015-01-01,Lettere skadde,4
4030,Nissedal,2016-01-01,Lettere skadde,3
4030,Nissedal,2017-01-01,Lettere skadde,5
4030,Nissedal,2018-01-01,Lettere skadde,0
4030,Nissedal,2019-01-01,Lettere skadde,4
4030,Nissedal,2020-01-01,Lettere skadde,5
4030,Nissedal,2021-01-01,Lettere skadde,0
4030,Nissedal,2022-01-01,Lettere skadde,0
4030,Nissedal,2023-01-01,Lettere skadde,10
4030,Nissedal,2024-01-01,Lettere skadde,3
4030,Nissedal,2025-01-01,Lettere skadde,0
4030,Nissedal,2000-01-01,Skadde i alt,1
4030,Nissedal,2001-01-01,Skadde i alt,9
4030,Nissedal,2002-01-01,Skadde i alt,3
4030,Nissedal,2003-01-01,Skadde i alt,4
4030,Nissedal,2004-01-01,Skadde i alt,7
4030,Nissedal,2005-01-01,Skadde i alt,8
4030,Nissedal,2006-01-01,Skadde i alt,11
4030,Nissedal,2007-01-01,Skadde i alt,7
4030,Nissedal,2008-01-01,Skadde i alt,13
4030,Nissedal,2009-01-01,Skadde i alt,5
4030,Nissedal,2010-01-01,Skadde i alt,4
4030,Nissedal,2011-01-01,Skadde i alt,2
4030,Nissedal,2012-01-01,Skadde i alt,7
4030,Nissedal,2013-01-01,Skadde i alt,7
4030,Nissedal,2014-01-01,Skadde i alt,1
4030,Nissedal,2015-01-01,Skadde i alt,4
4030,Nissedal,2016-01-01,Skadde i alt,5
4030,Nissedal,2017-01-01,Skadde i alt,9
4030,Nissedal,2018-01-01,Skadde i alt,0
4030,Nissedal,2019-01-01,Skadde i alt,4
4030,Nissedal,2020-01-01,Skadde i alt,5
4030,Nissedal,2021-01-01,Skadde i alt,0
4030,Nissedal,2022-01-01,Skadde i alt,0
4030,Nissedal,2023-01-01,Skadde i alt,11
4030,Nissedal,2024-01-01,Skadde i alt,3
4030,Nissedal,2025-01-01,Skadde i alt,0
4030,Nissedal,2000-01-01,Ulykker,1
4030,Nissedal,2001-01-01,Ulykker,5
4030,Nissedal,2002-01-01,Ulykker,3
4030,Nissedal,2003-01-01,Ulykker,4
4030,Nissedal,2004-01-01,Ulykker,3
4030,Nissedal,2005-01-01,Ulykker,7
4030,Nissedal,2006-01-01,Ulykker,9
4030,Nissedal,2007-01-01,Ulykker,5
4030,Nissedal,2008-01-01,Ulykker,7
4030,Nissedal,2009-01-01,Ulykker,2
4030,Nissedal,2010-01-01,Ulykker,2
4030,Nissedal,2011-01-01,Ulykker,1
4030,Nissedal,2012-01-01,Ulykker,6
4030,Nissedal,2013-01-01,Ulykker,5
4030,Nissedal,2014-01-01,Ulykker,1
4030,Nissedal,2015-01-01,Ulykker,5
4030,Nissedal,2016-01-01,Ulykker,6
4030,Nissedal,2017-01-01,Ulykker,7
4030,Nissedal,2018-01-01,Ulykker,0
4030,Nissedal,2019-01-01,Ulykker,4
4030,Nissedal,2020-01-01,Ulykker,3
4030,Nissedal,2021-01-01,Ulykker,0
4030,Nissedal,2022-01-01,Ulykker,0
4030,Nissedal,2023-01-01,Ulykker,5
4030,Nissedal,2024-01-01,Ulykker,4
4030,Nissedal,2025-01-01,Ulykker,0
4030,Nissedal,2000-01-01,Uoppgitt skadegrad,0
4030,Nissedal,2001-01-01,Uoppgitt skadegrad,2
4030,Nissedal,2002-01-01,Uoppgitt skadegrad,1
4030,Nissedal,2003-01-01,Uoppgitt skadegrad,0
4030,Nissedal,2004-01-01,Uoppgitt skadegrad,1
4030,Nissedal,2005-01-01,Uoppgitt skadegrad,0
4030,Nissedal,2006-01-01,Uoppgitt skadegrad,3
4030,Nissedal,2007-01-01,Uoppgitt skadegrad,0
4030,Nissedal,2008-01-01,Uoppgitt skadegrad,0
4030,Nissedal,2009-01-01,Uoppgitt skadegrad,1
4030,Nissedal,2010-01-01,Uoppgitt skadegrad,0
4030,Nissedal,2011-01-01,Uoppgitt skadegrad,0
4030,Nissedal,2012-01-01,Uoppgitt skadegrad,0
4030,Nissedal,2013-01-01,Uoppgitt skadegrad,0
4030,Nissedal,2014-01-01,Uoppgitt skadegrad,0
4030,Nissedal,2015-01-01,Uoppgitt skadegrad,0
4030,Nissedal,2016-01-01,Uoppgitt skadegrad,0
4030,Nissedal,2017-01-01,Uoppgitt skadegrad,2
4030,Nissedal,2018-01-01,Uoppgitt skadegrad,0
4030,Nissedal,2019-01-01,Uoppgitt skadegrad,0
4030,Nissedal,2020-01-01,Uoppgitt skadegrad,0
4030,Nissedal,2021-01-01,Uoppgitt skadegrad,0
4030,Nissedal,2022-01-01,Uoppgitt skadegrad,0
4030,Nissedal,2023-01-01,Uoppgitt skadegrad,0
4030,Nissedal,2024-01-01,Uoppgitt skadegrad,0
4030,Nissedal,2025-01-01,Uoppgitt skadegrad,0
4032,Fyresdal,2000-01-01,Drepte,0
4032,Fyresdal,2001-01-01,Drepte,0
4032,Fyresdal,2002-01-01,Drepte,0
4032,Fyresdal,2003-01-01,Drepte,0
4032,Fyresdal,2004-01-01,Drepte,0
4032,Fyresdal,2005-01-01,Drepte,0
4032,Fyresdal,2006-01-01,Drepte,0
4032,Fyresdal,2007-01-01,Drepte,0
4032,Fyresdal,2008-01-01,Drepte,1
4032,Fyresdal,2009-01-01,Drepte,0
4032,Fyresdal,2010-01-01,Drepte,0
4032,Fyresdal,2011-01-01,Drepte,0
4032,Fyresdal,2012-01-01,Drepte,0
4032,Fyresdal,2013-01-01,Drepte,0
4032,Fyresdal,2014-01-01,Drepte,1
4032,Fyresdal,2015-01-01,Drepte,0
4032,Fyresdal,2016-01-01,Drepte,0
4032,Fyresdal,2017-01-01,Drepte,0
4032,Fyresdal,2018-01-01,Drepte,1
4032,Fyresdal,2019-01-01,Drepte,0
4032,Fyresdal,2020-01-01,Drepte,0
4032,Fyresdal,2021-01-01,Drepte,0
4032,Fyresdal,2022-01-01,Drepte,0
4032,Fyresdal,2023-01-01,Drepte,0
4032,Fyresdal,2024-01-01,Drepte,0
4032,Fyresdal,2025-01-01,Drepte,0
4032,Fyresdal,2000-01-01,Dødsulykker,0
4032,Fyresdal,2001-01-01,Dødsulykker,0
4032,Fyresdal,2002-01-01,Dødsulykker,0
4032,Fyresdal,2003-01-01,Dødsulykker,0
4032,Fyresdal,2004-01-01,Dødsulykker,0
4032,Fyresdal,2005-01-01,Dødsulykker,0
4032,Fyresdal,2006-01-01,Dødsulykker,0
4032,Fyresdal,2007-01-01,Dødsulykker,0
4032,Fyresdal,2008-01-01,Dødsulykker,1
4032,Fyresdal,2009-01-01,Dødsulykker,0
4032,Fyresdal,2010-01-01,Dødsulykker,0
4032,Fyresdal,2011-01-01,Dødsulykker,0
4032,Fyresdal,2012-01-01,Dødsulykker,0
4032,Fyresdal,2013-01-01,Dødsulykker,0
4032,Fyresdal,2014-01-01,Dødsulykker,1
4032,Fyresdal,2015-01-01,Dødsulykker,0
4032,Fyresdal,2016-01-01,Dødsulykker,0
4032,Fyresdal,2017-01-01,Dødsulykker,0
4032,Fyresdal,2018-01-01,Dødsulykker,1
4032,Fyresdal,2019-01-01,Dødsulykker,0
4032,Fyresdal,2020-01-01,Dødsulykker,0
4032,Fyresdal,2021-01-01,Dødsulykker,0
4032,Fyresdal,2022-01-01,Dødsulykker,0
4032,Fyresdal,2023-01-01,Dødsulykker,0
4032,Fyresdal,2024-01-01,Dødsulykker,0
4032,Fyresdal,2025-01-01,Dødsulykker,0
4032,Fyresdal,2000-01-01,Hardt skadde,0
4032,Fyresdal,2001-01-01,Hardt skadde,0
4032,Fyresdal,2002-01-01,Hardt skadde,0
4032,Fyresdal,2003-01-01,Hardt skadde,0
4032,Fyresdal,2004-01-01,Hardt skadde,0
4032,Fyresdal,2005-01-01,Hardt skadde,0
4032,Fyresdal,2006-01-01,Hardt skadde,1
4032,Fyresdal,2007-01-01,Hardt skadde,0
4032,Fyresdal,2008-01-01,Hardt skadde,0
4032,Fyresdal,2009-01-01,Hardt skadde,0
4032,Fyresdal,2010-01-01,Hardt skadde,0
4032,Fyresdal,2011-01-01,Hardt skadde,1
4032,Fyresdal,2012-01-01,Hardt skadde,0
4032,Fyresdal,2013-01-01,Hardt skadde,0
4032,Fyresdal,2014-01-01,Hardt skadde,1
4032,Fyresdal,2015-01-01,Hardt skadde,0
4032,Fyresdal,2016-01-01,Hardt skadde,0
4032,Fyresdal,2017-01-01,Hardt skadde,0
4032,Fyresdal,2018-01-01,Hardt skadde,1
4032,Fyresdal,2019-01-01,Hardt skadde,0
4032,Fyresdal,2020-01-01,Hardt skadde,0
4032,Fyresdal,2021-01-01,Hardt skadde,0
4032,Fyresdal,2022-01-01,Hardt skadde,0
4032,Fyresdal,2023-01-01,Hardt skadde,1
4032,Fyresdal,2024-01-01,Hardt skadde,0
4032,Fyresdal,2025-01-01,Hardt skadde,0
4032,Fyresdal,2000-01-01,Lettere skadde,2
4032,Fyresdal,2001-01-01,Lettere skadde,0
4032,Fyresdal,2002-01-01,Lettere skadde,0
4032,Fyresdal,2003-01-01,Lettere skadde,1
4032,Fyresdal,2004-01-01,Lettere skadde,0
4032,Fyresdal,2005-01-01,Lettere skadde,1
4032,Fyresdal,2006-01-01,Lettere skadde,0
4032,Fyresdal,2007-01-01,Lettere skadde,1
4032,Fyresdal,2008-01-01,Lettere skadde,4
4032,Fyresdal,2009-01-01,Lettere skadde,1
4032,Fyresdal,2010-01-01,Lettere skadde,0
4032,Fyresdal,2011-01-01,Lettere skadde,2
4032,Fyresdal,2012-01-01,Lettere skadde,0
4032,Fyresdal,2013-01-01,Lettere skadde,3
4032,Fyresdal,2014-01-01,Lettere skadde,8
4032,Fyresdal,2015-01-01,Lettere skadde,1
4032,Fyresdal,2016-01-01,Lettere skadde,1
4032,Fyresdal,2017-01-01,Lettere skadde,0
4032,Fyresdal,2018-01-01,Lettere skadde,2
4032,Fyresdal,2019-01-01,Lettere skadde,1
4032,Fyresdal,2020-01-01,Lettere skadde,1
4032,Fyresdal,2021-01-01,Lettere skadde,1
4032,Fyresdal,2022-01-01,Lettere skadde,1
4032,Fyresdal,2023-01-01,Lettere skadde,1
4032,Fyresdal,2024-01-01,Lettere skadde,2
4032,Fyresdal,2025-01-01,Lettere skadde,0
4032,Fyresdal,2000-01-01,Skadde i alt,2
4032,Fyresdal,2001-01-01,Skadde i alt,0
4032,Fyresdal,2002-01-01,Skadde i alt,0
4032,Fyresdal,2003-01-01,Skadde i alt,1
4032,Fyresdal,2004-01-01,Skadde i alt,0
4032,Fyresdal,2005-01-01,Skadde i alt,1
4032,Fyresdal,2006-01-01,Skadde i alt,1
4032,Fyresdal,2007-01-01,Skadde i alt,1
4032,Fyresdal,2008-01-01,Skadde i alt,4
4032,Fyresdal,2009-01-01,Skadde i alt,1
4032,Fyresdal,2010-01-01,Skadde i alt,0
4032,Fyresdal,2011-01-01,Skadde i alt,3
4032,Fyresdal,2012-01-01,Skadde i alt,0
4032,Fyresdal,2013-01-01,Skadde i alt,3
4032,Fyresdal,2014-01-01,Skadde i alt,9
4032,Fyresdal,2015-01-01,Skadde i alt,1
4032,Fyresdal,2016-01-01,Skadde i alt,1
4032,Fyresdal,2017-01-01,Skadde i alt,0
4032,Fyresdal,2018-01-01,Skadde i alt,3
4032,Fyresdal,2019-01-01,Skadde i alt,1
4032,Fyresdal,2020-01-01,Skadde i alt,1
4032,Fyresdal,2021-01-01,Skadde i alt,1
4032,Fyresdal,2022-01-01,Skadde i alt,1
4032,Fyresdal,2023-01-01,Skadde i alt,2
4032,Fyresdal,2024-01-01,Skadde i alt,2
4032,Fyresdal,2025-01-01,Skadde i alt,0
4032,Fyresdal,2000-01-01,Ulykker,2
4032,Fyresdal,2001-01-01,Ulykker,0
4032,Fyresdal,2002-01-01,Ulykker,0
4032,Fyresdal,2003-01-01,Ulykker,1
4032,Fyresdal,2004-01-01,Ulykker,0
4032,Fyresdal,2005-01-01,Ulykker,1
4032,Fyresdal,2006-01-01,Ulykker,1
4032,Fyresdal,2007-01-01,Ulykker,1
4032,Fyresdal,2008-01-01,Ulykker,3
4032,Fyresdal,2009-01-01,Ulykker,1
4032,Fyresdal,2010-01-01,Ulykker,0
4032,Fyresdal,2011-01-01,Ulykker,3
4032,Fyresdal,2012-01-01,Ulykker,0
4032,Fyresdal,2013-01-01,Ulykker,1
4032,Fyresdal,2014-01-01,Ulykker,5
4032,Fyresdal,2015-01-01,Ulykker,1
4032,Fyresdal,2016-01-01,Ulykker,1
4032,Fyresdal,2017-01-01,Ulykker,0
4032,Fyresdal,2018-01-01,Ulykker,4
4032,Fyresdal,2019-01-01,Ulykker,1
4032,Fyresdal,2020-01-01,Ulykker,1
4032,Fyresdal,2021-01-01,Ulykker,1
4032,Fyresdal,2022-01-01,Ulykker,1
4032,Fyresdal,2023-01-01,Ulykker,2
4032,Fyresdal,2024-01-01,Ulykker,2
4032,Fyresdal,2025-01-01,Ulykker,0
4032,Fyresdal,2000-01-01,Uoppgitt skadegrad,0
4032,Fyresdal,2001-01-01,Uoppgitt skadegrad,0
4032,Fyresdal,2002-01-01,Uoppgitt skadegrad,0
4032,Fyresdal,2003-01-01,Uoppgitt skadegrad,0
4032,Fyresdal,2004-01-01,Uoppgitt skadegrad,0
4032,Fyresdal,2005-01-01,Uoppgitt skadegrad,0
4032,Fyresdal,2006-01-01,Uoppgitt skadegrad,0
4032,Fyresdal,2007-01-01,Uoppgitt skadegrad,0
4032,Fyresdal,2008-01-01,Uoppgitt skadegrad,0
4032,Fyresdal,2009-01-01,Uoppgitt skadegrad,0
4032,Fyresdal,2010-01-01,Uoppgitt skadegrad,0
4032,Fyresdal,2011-01-01,Uoppgitt skadegrad,0
4032,Fyresdal,2012-01-01,Uoppgitt skadegrad,0
4032,Fyresdal,2013-01-01,Uoppgitt skadegrad,0
4032,Fyresdal,2014-01-01,Uoppgitt skadegrad,0
4032,Fyresdal,2015-01-01,Uoppgitt skadegrad,0
4032,Fyresdal,2016-01-01,Uoppgitt skadegrad,0
4032,Fyresdal,2017-01-01,Uoppgitt skadegrad,0
4032,Fyresdal,2018-01-01,Uoppgitt skadegrad,0
4032,Fyresdal,2019-01-01,Uoppgitt skadegrad,0
4032,Fyresdal,2020-01-01,Uoppgitt skadegrad,0
4032,Fyresdal,2021-01-01,Uoppgitt skadegrad,0
4032,Fyresdal,2022-01-01,Uoppgitt skadegrad,0
4032,Fyresdal,2023-01-01,Uoppgitt skadegrad,0
4032,Fyresdal,2024-01-01,Uoppgitt skadegrad,0
4032,Fyresdal,2025-01-01,Uoppgitt skadegrad,0
4034,Tokke,2000-01-01,Drepte,0
4034,Tokke,2001-01-01,Drepte,0
4034,Tokke,2002-01-01,Drepte,0
4034,Tokke,2003-01-01,Drepte,0
4034,Tokke,2004-01-01,Drepte,1
4034,Tokke,2005-01-01,Drepte,0
4034,Tokke,2006-01-01,Drepte,0
4034,Tokke,2007-01-01,Drepte,0
4034,Tokke,2008-01-01,Drepte,0
4034,Tokke,2009-01-01,Drepte,0
4034,Tokke,2010-01-01,Drepte,1
4034,Tokke,2011-01-01,Drepte,0
4034,Tokke,2012-01-01,Drepte,0
4034,Tokke,2013-01-01,Drepte,1
4034,Tokke,2014-01-01,Drepte,0
4034,Tokke,2015-01-01,Drepte,0
4034,Tokke,2016-01-01,Drepte,0
4034,Tokke,2017-01-01,Drepte,0
4034,Tokke,2018-01-01,Drepte,0
4034,Tokke,2019-01-01,Drepte,0
4034,Tokke,2020-01-01,Drepte,1
4034,Tokke,2021-01-01,Drepte,0
4034,Tokke,2022-01-01,Drepte,0
4034,Tokke,2023-01-01,Drepte,0
4034,Tokke,2024-01-01,Drepte,0
4034,Tokke,2025-01-01,Drepte,0
4034,Tokke,2000-01-01,Dødsulykker,0
4034,Tokke,2001-01-01,Dødsulykker,0
4034,Tokke,2002-01-01,Dødsulykker,0
4034,Tokke,2003-01-01,Dødsulykker,0
4034,Tokke,2004-01-01,Dødsulykker,1
4034,Tokke,2005-01-01,Dødsulykker,0
4034,Tokke,2006-01-01,Dødsulykker,0
4034,Tokke,2007-01-01,Dødsulykker,0
4034,Tokke,2008-01-01,Dødsulykker,0
4034,Tokke,2009-01-01,Dødsulykker,0
4034,Tokke,2010-01-01,Dødsulykker,1
4034,Tokke,2011-01-01,Dødsulykker,0
4034,Tokke,2012-01-01,Dødsulykker,0
4034,Tokke,2013-01-01,Dødsulykker,1
4034,Tokke,2014-01-01,Dødsulykker,0
4034,Tokke,2015-01-01,Dødsulykker,0
4034,Tokke,2016-01-01,Dødsulykker,0
4034,Tokke,2017-01-01,Dødsulykker,0
4034,Tokke,2018-01-01,Dødsulykker,0
4034,Tokke,2019-01-01,Dødsulykker,0
4034,Tokke,2020-01-01,Dødsulykker,1
4034,Tokke,2021-01-01,Dødsulykker,0
4034,Tokke,2022-01-01,Dødsulykker,0
4034,Tokke,2023-01-01,Dødsulykker,0
4034,Tokke,2024-01-01,Dødsulykker,0
4034,Tokke,2025-01-01,Dødsulykker,0
4034,Tokke,2000-01-01,Hardt skadde,1
4034,Tokke,2001-01-01,Hardt skadde,1
4034,Tokke,2002-01-01,Hardt skadde,1
4034,Tokke,2003-01-01,Hardt skadde,1
4034,Tokke,2004-01-01,Hardt skadde,1
4034,Tokke,2005-01-01,Hardt skadde,1
4034,Tokke,2006-01-01,Hardt skadde,0
4034,Tokke,2007-01-01,Hardt skadde,1
4034,Tokke,2008-01-01,Hardt skadde,0
4034,Tokke,2009-01-01,Hardt skadde,0
4034,Tokke,2010-01-01,Hardt skadde,0
4034,Tokke,2011-01-01,Hardt skadde,1
4034,Tokke,2012-01-01,Hardt skadde,2
4034,Tokke,2013-01-01,Hardt skadde,1
4034,Tokke,2014-01-01,Hardt skadde,0
4034,Tokke,2015-01-01,Hardt skadde,0
4034,Tokke,2016-01-01,Hardt skadde,0
4034,Tokke,2017-01-01,Hardt skadde,0
4034,Tokke,2018-01-01,Hardt skadde,0
4034,Tokke,2019-01-01,Hardt skadde,2
4034,Tokke,2020-01-01,Hardt skadde,1
4034,Tokke,2021-01-01,Hardt skadde,0
4034,Tokke,2022-01-01,Hardt skadde,2
4034,Tokke,2023-01-01,Hardt skadde,1
4034,Tokke,2024-01-01,Hardt skadde,0
4034,Tokke,2025-01-01,Hardt skadde,0
4034,Tokke,2000-01-01,Lettere skadde,5
4034,Tokke,2001-01-01,Lettere skadde,15
4034,Tokke,2002-01-01,Lettere skadde,11
4034,Tokke,2003-01-01,Lettere skadde,6
4034,Tokke,2004-01-01,Lettere skadde,12
4034,Tokke,2005-01-01,Lettere skadde,6
4034,Tokke,2006-01-01,Lettere skadde,8
4034,Tokke,2007-01-01,Lettere skadde,4
4034,Tokke,2008-01-01,Lettere skadde,4
4034,Tokke,2009-01-01,Lettere skadde,12
4034,Tokke,2010-01-01,Lettere skadde,10
4034,Tokke,2011-01-01,Lettere skadde,6
4034,Tokke,2012-01-01,Lettere skadde,14
4034,Tokke,2013-01-01,Lettere skadde,7
4034,Tokke,2014-01-01,Lettere skadde,8
4034,Tokke,2015-01-01,Lettere skadde,7
4034,Tokke,2016-01-01,Lettere skadde,13
4034,Tokke,2017-01-01,Lettere skadde,5
4034,Tokke,2018-01-01,Lettere skadde,7
4034,Tokke,2019-01-01,Lettere skadde,9
4034,Tokke,2020-01-01,Lettere skadde,4
4034,Tokke,2021-01-01,Lettere skadde,4
4034,Tokke,2022-01-01,Lettere skadde,6
4034,Tokke,2023-01-01,Lettere skadde,4
4034,Tokke,2024-01-01,Lettere skadde,5
4034,Tokke,2025-01-01,Lettere skadde,3
4034,Tokke,2000-01-01,Skadde i alt,6
4034,Tokke,2001-01-01,Skadde i alt,16
4034,Tokke,2002-01-01,Skadde i alt,16
4034,Tokke,2003-01-01,Skadde i alt,7
4034,Tokke,2004-01-01,Skadde i alt,15
4034,Tokke,2005-01-01,Skadde i alt,8
4034,Tokke,2006-01-01,Skadde i alt,8
4034,Tokke,2007-01-01,Skadde i alt,6
4034,Tokke,2008-01-01,Skadde i alt,5
4034,Tokke,2009-01-01,Skadde i alt,12
4034,Tokke,2010-01-01,Skadde i alt,10
4034,Tokke,2011-01-01,Skadde i alt,7
4034,Tokke,2012-01-01,Skadde i alt,16
4034,Tokke,2013-01-01,Skadde i alt,9
4034,Tokke,2014-01-01,Skadde i alt,8
4034,Tokke,2015-01-01,Skadde i alt,7
4034,Tokke,2016-01-01,Skadde i alt,13
4034,Tokke,2017-01-01,Skadde i alt,5
4034,Tokke,2018-01-01,Skadde i alt,7
4034,Tokke,2019-01-01,Skadde i alt,11
4034,Tokke,2020-01-01,Skadde i alt,5
4034,Tokke,2021-01-01,Skadde i alt,4
4034,Tokke,2022-01-01,Skadde i alt,8
4034,Tokke,2023-01-01,Skadde i alt,5
4034,Tokke,2024-01-01,Skadde i alt,5
4034,Tokke,2025-01-01,Skadde i alt,3
4034,Tokke,2000-01-01,Ulykker,4
4034,Tokke,2001-01-01,Ulykker,11
4034,Tokke,2002-01-01,Ulykker,8
4034,Tokke,2003-01-01,Ulykker,5
4034,Tokke,2004-01-01,Ulykker,10
4034,Tokke,2005-01-01,Ulykker,8
4034,Tokke,2006-01-01,Ulykker,8
4034,Tokke,2007-01-01,Ulykker,5
4034,Tokke,2008-01-01,Ulykker,5
4034,Tokke,2009-01-01,Ulykker,10
4034,Tokke,2010-01-01,Ulykker,7
4034,Tokke,2011-01-01,Ulykker,5
4034,Tokke,2012-01-01,Ulykker,9
4034,Tokke,2013-01-01,Ulykker,10
4034,Tokke,2014-01-01,Ulykker,6
4034,Tokke,2015-01-01,Ulykker,6
4034,Tokke,2016-01-01,Ulykker,6
4034,Tokke,2017-01-01,Ulykker,5
4034,Tokke,2018-01-01,Ulykker,5
4034,Tokke,2019-01-01,Ulykker,8
4034,Tokke,2020-01-01,Ulykker,3
4034,Tokke,2021-01-01,Ulykker,2
4034,Tokke,2022-01-01,Ulykker,6
4034,Tokke,2023-01-01,Ulykker,4
4034,Tokke,2024-01-01,Ulykker,3
4034,Tokke,2025-01-01,Ulykker,3
4034,Tokke,2000-01-01,Uoppgitt skadegrad,0
4034,Tokke,2001-01-01,Uoppgitt skadegrad,0
4034,Tokke,2002-01-01,Uoppgitt skadegrad,4
4034,Tokke,2003-01-01,Uoppgitt skadegrad,0
4034,Tokke,2004-01-01,Uoppgitt skadegrad,2
4034,Tokke,2005-01-01,Uoppgitt skadegrad,1
4034,Tokke,2006-01-01,Uoppgitt skadegrad,0
4034,Tokke,2007-01-01,Uoppgitt skadegrad,1
4034,Tokke,2008-01-01,Uoppgitt skadegrad,1
4034,Tokke,2009-01-01,Uoppgitt skadegrad,0
4034,Tokke,2010-01-01,Uoppgitt skadegrad,0
4034,Tokke,2011-01-01,Uoppgitt skadegrad,0
4034,Tokke,2012-01-01,Uoppgitt skadegrad,0
4034,Tokke,2013-01-01,Uoppgitt skadegrad,1
4034,Tokke,2014-01-01,Uoppgitt skadegrad,0
4034,Tokke,2015-01-01,Uoppgitt skadegrad,0
4034,Tokke,2016-01-01,Uoppgitt skadegrad,0
4034,Tokke,2017-01-01,Uoppgitt skadegrad,0
4034,Tokke,2018-01-01,Uoppgitt skadegrad,0
4034,Tokke,2019-01-01,Uoppgitt skadegrad,0
4034,Tokke,2020-01-01,Uoppgitt skadegrad,0
4034,Tokke,2021-01-01,Uoppgitt skadegrad,0
4034,Tokke,2022-01-01,Uoppgitt skadegrad,0
4034,Tokke,2023-01-01,Uoppgitt skadegrad,0
4034,Tokke,2024-01-01,Uoppgitt skadegrad,0
4034,Tokke,2025-01-01,Uoppgitt skadegrad,0
4036,Vinje,2000-01-01,Drepte,1
4036,Vinje,2001-01-01,Drepte,2
4036,Vinje,2002-01-01,Drepte,4
4036,Vinje,2003-01-01,Drepte,0
4036,Vinje,2004-01-01,Drepte,1
4036,Vinje,2005-01-01,Drepte,3
4036,Vinje,2006-01-01,Drepte,2
4036,Vinje,2007-01-01,Drepte,0
4036,Vinje,2008-01-01,Drepte,1
4036,Vinje,2009-01-01,Drepte,0
4036,Vinje,2010-01-01,Drepte,0
4036,Vinje,2011-01-01,Drepte,1
4036,Vinje,2012-01-01,Drepte,0
4036,Vinje,2013-01-01,Drepte,0
4036,Vinje,2014-01-01,Drepte,1
4036,Vinje,2015-01-01,Drepte,0
4036,Vinje,2016-01-01,Drepte,2
4036,Vinje,2017-01-01,Drepte,0
4036,Vinje,2018-01-01,Drepte,1
4036,Vinje,2019-01-01,Drepte,1
4036,Vinje,2020-01-01,Drepte,0
4036,Vinje,2021-01-01,Drepte,0
4036,Vinje,2022-01-01,Drepte,0
4036,Vinje,2023-01-01,Drepte,0
4036,Vinje,2024-01-01,Drepte,1
4036,Vinje,2025-01-01,Drepte,0
4036,Vinje,2000-01-01,Dødsulykker,1
4036,Vinje,2001-01-01,Dødsulykker,2
4036,Vinje,2002-01-01,Dødsulykker,2
4036,Vinje,2003-01-01,Dødsulykker,0
4036,Vinje,2004-01-01,Dødsulykker,1
4036,Vinje,2005-01-01,Dødsulykker,3
4036,Vinje,2006-01-01,Dødsulykker,2
4036,Vinje,2007-01-01,Dødsulykker,0
4036,Vinje,2008-01-01,Dødsulykker,1
4036,Vinje,2009-01-01,Dødsulykker,0
4036,Vinje,2010-01-01,Dødsulykker,0
4036,Vinje,2011-01-01,Dødsulykker,1
4036,Vinje,2012-01-01,Dødsulykker,0
4036,Vinje,2013-01-01,Dødsulykker,0
4036,Vinje,2014-01-01,Dødsulykker,1
4036,Vinje,2015-01-01,Dødsulykker,0
4036,Vinje,2016-01-01,Dødsulykker,2
4036,Vinje,2017-01-01,Dødsulykker,0
4036,Vinje,2018-01-01,Dødsulykker,1
4036,Vinje,2019-01-01,Dødsulykker,1
4036,Vinje,2020-01-01,Dødsulykker,0
4036,Vinje,2021-01-01,Dødsulykker,0
4036,Vinje,2022-01-01,Dødsulykker,0
4036,Vinje,2023-01-01,Dødsulykker,0
4036,Vinje,2024-01-01,Dødsulykker,1
4036,Vinje,2025-01-01,Dødsulykker,0
4036,Vinje,2000-01-01,Hardt skadde,4
4036,Vinje,2001-01-01,Hardt skadde,4
4036,Vinje,2002-01-01,Hardt skadde,7
4036,Vinje,2003-01-01,Hardt skadde,4
4036,Vinje,2004-01-01,Hardt skadde,7
4036,Vinje,2005-01-01,Hardt skadde,10
4036,Vinje,2006-01-01,Hardt skadde,6
4036,Vinje,2007-01-01,Hardt skadde,4
4036,Vinje,2008-01-01,Hardt skadde,5
4036,Vinje,2009-01-01,Hardt skadde,1
4036,Vinje,2010-01-01,Hardt skadde,4
4036,Vinje,2011-01-01,Hardt skadde,7
4036,Vinje,2012-01-01,Hardt skadde,3
4036,Vinje,2013-01-01,Hardt skadde,0
4036,Vinje,2014-01-01,Hardt skadde,0
4036,Vinje,2015-01-01,Hardt skadde,3
4036,Vinje,2016-01-01,Hardt skadde,1
4036,Vinje,2017-01-01,Hardt skadde,0
4036,Vinje,2018-01-01,Hardt skadde,5
4036,Vinje,2019-01-01,Hardt skadde,0
4036,Vinje,2020-01-01,Hardt skadde,0
4036,Vinje,2021-01-01,Hardt skadde,0
4036,Vinje,2022-01-01,Hardt skadde,0
4036,Vinje,2023-01-01,Hardt skadde,0
4036,Vinje,2024-01-01,Hardt skadde,4
4036,Vinje,2025-01-01,Hardt skadde,3
4036,Vinje,2000-01-01,Lettere skadde,22
4036,Vinje,2001-01-01,Lettere skadde,24
4036,Vinje,2002-01-01,Lettere skadde,13
4036,Vinje,2003-01-01,Lettere skadde,26
4036,Vinje,2004-01-01,Lettere skadde,31
4036,Vinje,2005-01-01,Lettere skadde,22
4036,Vinje,2006-01-01,Lettere skadde,20
4036,Vinje,2007-01-01,Lettere skadde,35
4036,Vinje,2008-01-01,Lettere skadde,29
4036,Vinje,2009-01-01,Lettere skadde,14
4036,Vinje,2010-01-01,Lettere skadde,23
4036,Vinje,2011-01-01,Lettere skadde,19
4036,Vinje,2012-01-01,Lettere skadde,13
4036,Vinje,2013-01-01,Lettere skadde,18
4036,Vinje,2014-01-01,Lettere skadde,8
4036,Vinje,2015-01-01,Lettere skadde,9
4036,Vinje,2016-01-01,Lettere skadde,17
4036,Vinje,2017-01-01,Lettere skadde,19
4036,Vinje,2018-01-01,Lettere skadde,13
4036,Vinje,2019-01-01,Lettere skadde,4
4036,Vinje,2020-01-01,Lettere skadde,8
4036,Vinje,2021-01-01,Lettere skadde,1
4036,Vinje,2022-01-01,Lettere skadde,13
4036,Vinje,2023-01-01,Lettere skadde,11
4036,Vinje,2024-01-01,Lettere skadde,7
4036,Vinje,2025-01-01,Lettere skadde,10
4036,Vinje,2000-01-01,Skadde i alt,26
4036,Vinje,2001-01-01,Skadde i alt,29
4036,Vinje,2002-01-01,Skadde i alt,20
4036,Vinje,2003-01-01,Skadde i alt,32
4036,Vinje,2004-01-01,Skadde i alt,40
4036,Vinje,2005-01-01,Skadde i alt,33
4036,Vinje,2006-01-01,Skadde i alt,27
4036,Vinje,2007-01-01,Skadde i alt,39
4036,Vinje,2008-01-01,Skadde i alt,35
4036,Vinje,2009-01-01,Skadde i alt,16
4036,Vinje,2010-01-01,Skadde i alt,27
4036,Vinje,2011-01-01,Skadde i alt,26
4036,Vinje,2012-01-01,Skadde i alt,17
4036,Vinje,2013-01-01,Skadde i alt,19
4036,Vinje,2014-01-01,Skadde i alt,8
4036,Vinje,2015-01-01,Skadde i alt,12
4036,Vinje,2016-01-01,Skadde i alt,18
4036,Vinje,2017-01-01,Skadde i alt,19
4036,Vinje,2018-01-01,Skadde i alt,18
4036,Vinje,2019-01-01,Skadde i alt,4
4036,Vinje,2020-01-01,Skadde i alt,8
4036,Vinje,2021-01-01,Skadde i alt,1
4036,Vinje,2022-01-01,Skadde i alt,13
4036,Vinje,2023-01-01,Skadde i alt,11
4036,Vinje,2024-01-01,Skadde i alt,12
4036,Vinje,2025-01-01,Skadde i alt,13
4036,Vinje,2000-01-01,Ulykker,16
4036,Vinje,2001-01-01,Ulykker,20
4036,Vinje,2002-01-01,Ulykker,16
4036,Vinje,2003-01-01,Ulykker,17
4036,Vinje,2004-01-01,Ulykker,22
4036,Vinje,2005-01-01,Ulykker,25
4036,Vinje,2006-01-01,Ulykker,25
4036,Vinje,2007-01-01,Ulykker,25
4036,Vinje,2008-01-01,Ulykker,21
4036,Vinje,2009-01-01,Ulykker,13
4036,Vinje,2010-01-01,Ulykker,14
4036,Vinje,2011-01-01,Ulykker,16
4036,Vinje,2012-01-01,Ulykker,13
4036,Vinje,2013-01-01,Ulykker,14
4036,Vinje,2014-01-01,Ulykker,10
4036,Vinje,2015-01-01,Ulykker,10
4036,Vinje,2016-01-01,Ulykker,13
4036,Vinje,2017-01-01,Ulykker,8
4036,Vinje,2018-01-01,Ulykker,15
4036,Vinje,2019-01-01,Ulykker,5
4036,Vinje,2020-01-01,Ulykker,7
4036,Vinje,2021-01-01,Ulykker,1
4036,Vinje,2022-01-01,Ulykker,10
4036,Vinje,2023-01-01,Ulykker,8
4036,Vinje,2024-01-01,Ulykker,10
4036,Vinje,2025-01-01,Ulykker,10
4036,Vinje,2000-01-01,Uoppgitt skadegrad,0
4036,Vinje,2001-01-01,Uoppgitt skadegrad,1
4036,Vinje,2002-01-01,Uoppgitt skadegrad,0
4036,Vinje,2003-01-01,Uoppgitt skadegrad,2
4036,Vinje,2004-01-01,Uoppgitt skadegrad,2
4036,Vinje,2005-01-01,Uoppgitt skadegrad,1
4036,Vinje,2006-01-01,Uoppgitt skadegrad,1
4036,Vinje,2007-01-01,Uoppgitt skadegrad,0
4036,Vinje,2008-01-01,Uoppgitt skadegrad,1
4036,Vinje,2009-01-01,Uoppgitt skadegrad,1
4036,Vinje,2010-01-01,Uoppgitt skadegrad,0
4036,Vinje,2011-01-01,Uoppgitt skadegrad,0
4036,Vinje,2012-01-01,Uoppgitt skadegrad,1
4036,Vinje,2013-01-01,Uoppgitt skadegrad,1
4036,Vinje,2014-01-01,Uoppgitt skadegrad,0
4036,Vinje,2015-01-01,Uoppgitt skadegrad,0
4036,Vinje,2016-01-01,Uoppgitt skadegrad,0
4036,Vinje,2017-01-01,Uoppgitt skadegrad,0
4036,Vinje,2018-01-01,Uoppgitt skadegrad,0
4036,Vinje,2019-01-01,Uoppgitt skadegrad,0
4036,Vinje,2020-01-01,Uoppgitt skadegrad,0
4036,Vinje,2021-01-01,Uoppgitt skadegrad,0
4036,Vinje,2022-01-01,Uoppgitt skadegrad,0
4036,Vinje,2023-01-01,Uoppgitt skadegrad,0
4036,Vinje,2024-01-01,Uoppgitt skadegrad,1
4036,Vinje,2025-01-01,Uoppgitt skadegrad,0
